907,143,5.0,4.79199743270874
371,210,4.0,4.070713043212891
218,42,4.0,3.5018060207366943
829,170,4.0,4.000823020935059
733,277,1.0,3.0987164974212646
363,1512,1.0,2.8215255737304688
193,487,5.0,3.840968608856201
808,313,5.0,4.7605485916137695
557,682,2.0,3.1579484939575195
774,196,3.0,2.31990122795105
638,118,3.0,2.973457098007202
632,81,5.0,3.608928680419922
417,200,4.0,3.660853862762451
580,471,3.0,3.656956911087036
640,91,4.0,4.33735466003418
450,328,4.0,3.845595121383667
596,13,2.0,3.5340044498443604
586,467,4.0,3.6127054691314697
653,502,2.0,2.8271007537841797
378,517,3.0,3.841377019882202
405,65,1.0,2.0880022048950195
279,399,4.0,3.2792136669158936
327,293,3.0,3.3765344619750977
346,276,1.0,3.492504358291626
59,928,4.0,3.3698158264160156
514,22,4.0,4.344710350036621
807,402,5.0,3.907370090484619
473,327,3.0,3.7351198196411133
342,324,1.0,3.033106565475464
269,136,4.0,3.5004825592041016
654,1,4.0,3.872936964035034
250,28,4.0,4.185847282409668
282,689,2.0,3.2120561599731445
534,619,4.0,4.1855244636535645
194,481,3.0,3.2930521965026855
184,118,2.0,3.2197794914245605
291,739,3.0,3.6876909732818604
293,31,2.0,3.2106735706329346
943,1028,2.0,3.133335828781128
65,69,3.0,3.9223015308380127
562,135,5.0,3.8075525760650635
466,62,3.0,2.9657084941864014
847,317,3.0,3.365410566329956
650,521,3.0,3.4100754261016846
656,326,1.0,2.516031265258789
366,53,5.0,3.538318634033203
15,280,3.0,2.7461936473846436
474,322,4.0,3.3038227558135986
90,905,4.0,3.8708362579345703
503,19,5.0,4.243468761444092
334,1524,4.0,3.315355062484741
90,632,5.0,4.353419780731201
406,1118,3.0,3.1285343170166016
899,515,3.0,4.191940784454346
13,339,3.0,3.0183963775634766
430,19,5.0,3.794494390487671
24,729,5.0,3.9093031883239746
634,225,3.0,2.9609487056732178
727,89,5.0,3.9334523677825928
429,596,3.0,3.2163870334625244
62,127,4.0,3.9332070350646973
771,241,1.0,3.457566738128662
733,762,4.0,2.9979400634765625
139,222,3.0,3.8382558822631836
916,721,4.0,3.245912551879883
402,204,5.0,4.163175106048584
553,136,4.0,4.322226047515869
62,1073,4.0,3.5970396995544434
521,271,3.0,2.799842357635498
488,358,3.0,2.3892273902893066
7,231,3.0,3.059558391571045
346,727,1.0,3.169743537902832
423,823,3.0,2.91863751411438
405,575,5.0,1.5074293613433838
385,1158,5.0,2.2849297523498535
630,125,3.0,3.413978099822998
551,125,4.0,3.93879771232605
727,183,3.0,3.7556047439575195
660,810,3.0,2.2360594272613525
552,323,2.0,2.917414426803589
13,604,5.0,3.742952823638916
642,812,4.0,3.2331793308258057
240,269,5.0,4.491189002990723
321,191,3.0,3.9372291564941406
85,921,3.0,3.725278615951538
671,161,5.0,3.550687551498413
253,97,4.0,3.861358165740967
605,187,5.0,4.258553981781006
472,625,4.0,4.197603702545166
56,449,5.0,3.2350172996520996
881,141,3.0,3.3287086486816406
391,318,4.0,4.437796115875244
601,387,3.0,2.9226768016815186
497,475,4.0,3.825793504714966
327,921,4.0,3.4626498222351074
200,1033,2.0,2.9006779193878174
605,64,5.0,4.510504722595215
796,879,4.0,3.379720687866211
214,216,4.0,3.960136651992798
566,161,4.0,3.2043001651763916
653,423,2.0,2.901397228240967
344,216,4.0,3.967864751815796
151,664,5.0,4.195164680480957
64,751,2.0,3.3630526065826416
554,87,4.0,4.013059616088867
384,327,4.0,4.025137901306152
798,1032,3.0,2.8935368061065674
622,90,4.0,3.141080617904663
719,735,5.0,3.3141348361968994
424,740,5.0,3.040609836578369
294,358,2.0,2.8716232776641846
21,396,2.0,2.7289960384368896
690,197,4.0,3.706787586212158
360,471,4.0,3.640883445739746
734,603,4.0,4.041364669799805
521,174,4.0,3.6579415798187256
484,300,4.0,4.150447368621826
128,50,4.0,4.413596153259277
633,921,3.0,3.5774178504943848
854,466,3.0,3.2079217433929443
493,751,5.0,3.531115770339966
504,392,5.0,3.6956005096435547
655,318,4.0,3.643402099609375
650,157,3.0,3.193465232849121
104,273,3.0,2.725703239440918
872,117,4.0,3.872828245162964
276,1170,4.0,3.230074167251587
146,258,4.0,4.012505054473877
222,1066,1.0,2.8079607486724854
380,199,3.0,3.5580968856811523
618,195,3.0,3.6154797077178955
358,1266,4.0,3.204961061477661
871,813,3.0,3.947342872619629
234,174,3.0,3.6419944763183594
912,15,4.0,3.5767667293548584
75,237,2.0,3.8083314895629883
713,270,2.0,3.010118007659912
251,33,3.0,3.55381178855896
275,199,4.0,3.6468024253845215
766,91,5.0,3.3646745681762695
22,204,5.0,4.054692268371582
487,591,2.0,3.859339714050293
827,316,3.0,3.867719888687134
919,22,5.0,4.147695064544678
637,274,5.0,2.5583930015563965
666,856,5.0,3.7935009002685547
349,458,4.0,3.011428117752075
880,1197,3.0,3.9207582473754883
30,892,4.0,2.8864972591400146
716,213,5.0,4.133024215698242
235,70,5.0,3.6755762100219727
291,1042,4.0,3.556697368621826
655,311,3.0,3.1941077709198
387,642,4.0,3.3033013343811035
109,31,4.0,3.6594245433807373
484,69,5.0,4.3341803550720215
393,7,4.0,3.8275680541992188
314,53,1.0,3.3386526107788086
845,1394,4.0,2.0166172981262207
532,311,2.0,4.746593952178955
195,558,3.0,3.6925852298736572
89,151,5.0,3.9679713249206543
824,243,1.0,2.1505959033966064
632,11,4.0,3.8489813804626465
393,412,3.0,2.3303613662719727
887,121,5.0,3.973599672317505
682,412,1.0,2.113387107849121
406,210,5.0,3.689972400665283
795,552,2.0,2.6520137786865234
774,546,1.0,1.898198127746582
47,304,3.0,3.67205810546875
514,15,4.0,3.8263401985168457
804,175,4.0,4.145270824432373
804,1056,4.0,3.0357744693756104
21,243,2.0,2.259718894958496
618,778,3.0,3.2707955837249756
151,222,5.0,3.9694809913635254
224,583,1.0,2.7571206092834473
283,709,5.0,4.839576721191406
504,185,5.0,4.26518440246582
553,135,4.0,4.1638875007629395
846,203,5.0,4.093322277069092
773,52,3.0,3.5389232635498047
385,384,1.0,2.5619733333587646
346,720,2.0,2.793243169784546
373,366,4.0,3.497725486755371
881,474,3.0,4.0545783042907715
537,845,2.0,2.741391658782959
474,50,5.0,4.715317726135254
293,77,2.0,2.953646421432495
542,435,4.0,3.85919189453125
262,111,4.0,3.2392842769622803
109,1210,3.0,2.9111926555633545
181,1164,3.0,1.12766695022583
847,96,4.0,3.401247978210449
625,640,3.0,2.7970640659332275
246,178,5.0,3.8660149574279785
425,24,2.0,2.9802603721618652
749,712,3.0,3.3359625339508057
586,227,2.0,3.1765573024749756
410,754,3.0,2.904420852661133
332,9,4.0,4.7753119468688965
185,47,4.0,3.6578526496887207
582,826,3.0,2.4570353031158447
130,217,3.0,3.8368000984191895
537,426,1.0,2.4613945484161377
295,380,4.0,3.966662645339966
756,151,4.0,3.3054070472717285
749,826,3.0,2.595428705215454
405,657,1.0,2.4743659496307373
622,1407,1.0,2.4115865230560303
425,825,2.0,2.6108999252319336
372,56,4.0,5.197046756744385
338,1124,4.0,3.4880495071411133
795,568,3.0,3.293505907058716
99,694,1.0,4.3079705238342285
717,980,4.0,3.602149724960327
470,952,3.0,3.084590196609497
268,153,5.0,3.3764290809631348
425,853,4.0,2.9759581089019775
457,566,4.0,4.115135669708252
73,433,4.0,3.6091434955596924
397,665,3.0,2.9663405418395996
466,357,4.0,3.9840850830078125
389,1114,2.0,3.4368906021118164
328,903,3.0,3.2012531757354736
378,742,4.0,3.54438853263855
65,211,4.0,4.03219747543335
333,98,4.0,4.357477188110352
886,240,3.0,2.6998777389526367
897,673,5.0,3.8830761909484863
224,720,4.0,2.5660853385925293
934,526,2.0,3.9526278972625732
181,931,1.0,1.1696391105651855
839,50,5.0,4.131832122802734
782,322,4.0,2.8250694274902344
181,263,1.0,1.1606416702270508
880,40,2.0,3.2295281887054443
505,588,5.0,3.4410324096679688
207,433,3.0,3.4213082790374756
500,619,3.0,3.153797149658203
181,360,1.0,1.5316991806030273
922,62,3.0,3.0530943870544434
815,735,5.0,3.8591179847717285
782,937,1.0,3.263909101486206
894,638,3.0,3.973731756210327
551,698,4.0,2.8443431854248047
246,1101,5.0,3.3674097061157227
131,275,2.0,4.193910121917725
606,248,5.0,3.9675583839416504
854,191,4.0,3.753751039505005
889,3,4.0,2.8949408531188965
547,294,1.0,3.229543685913086
211,303,3.0,3.1634914875030518
883,707,3.0,4.1540446281433105
823,228,3.0,4.095122337341309
889,173,5.0,3.9156346321105957
293,117,3.0,3.262899160385132
723,164,4.0,2.9735779762268066
313,720,2.0,2.8898205757141113
87,8,5.0,4.522805690765381
305,215,2.0,3.379728317260742
588,1411,1.0,2.85292649269104
83,50,3.0,4.665595054626465
81,432,2.0,3.5072028636932373
372,77,5.0,4.252989768981934
409,1512,5.0,3.0955400466918945
194,125,2.0,2.9586007595062256
745,510,3.0,3.042546272277832
749,191,4.0,4.340826511383057
821,117,3.0,4.374457836151123
552,926,2.0,2.6289844512939453
541,659,5.0,4.324859142303467
682,735,4.0,3.5005531311035156
424,127,4.0,3.671459436416626
854,264,1.0,2.4740142822265625
389,492,5.0,3.9055886268615723
354,208,4.0,3.871379852294922
527,127,5.0,4.2078375816345215
378,302,5.0,4.213706970214844
903,1009,4.0,3.5659430027008057
484,15,5.0,4.20996618270874
62,7,4.0,3.5129404067993164
387,692,1.0,3.3722803592681885
641,270,3.0,3.8416309356689453
164,9,4.0,4.681053161621094
608,204,4.0,3.729069709777832
459,472,5.0,3.0284454822540283
566,122,2.0,2.2442054748535156
398,4,2.0,3.51393723487854
407,274,3.0,3.28271222114563
144,273,4.0,3.510875701904297
523,582,4.0,4.3322858810424805
613,607,4.0,4.375020980834961
416,690,5.0,3.918498992919922
610,317,3.0,3.94610857963562
758,91,4.0,3.9558005332946777
308,58,3.0,3.7098617553710938
334,620,2.0,2.9610400199890137
833,506,2.0,3.4076123237609863
70,231,3.0,2.665877103805542
399,1035,3.0,2.7484121322631836
13,64,5.0,4.147543907165527
534,93,1.0,4.600755214691162
843,708,2.0,2.568450450897217
639,714,2.0,2.696065902709961
663,321,5.0,3.217500686645508
189,1402,4.0,1.9055089950561523
457,172,5.0,5.00297212600708
640,580,5.0,3.877012252807617
94,356,4.0,3.487455129623413
504,187,3.0,4.372250556945801
436,288,4.0,3.7256360054016113
541,1030,3.0,2.221543788909912
551,168,5.0,4.512052059173584
703,15,5.0,3.824812889099121
521,228,4.0,3.2492198944091797
510,325,1.0,2.5283994674682617
463,689,2.0,2.6543149948120117
312,499,4.0,4.6116132736206055
533,357,3.0,3.9600772857666016
393,794,4.0,3.598982334136963
642,748,5.0,3.508509635925293
851,1291,2.0,2.936384916305542
128,507,4.0,3.9370317459106445
568,653,4.0,3.3588011264801025
325,1,2.0,3.520792245864868
345,161,3.0,3.5761377811431885
741,280,3.0,3.1802470684051514
545,222,4.0,3.6401143074035645
778,144,4.0,3.025305986404419
874,137,4.0,3.8643198013305664
897,1254,2.0,1.6782023906707764
385,1143,4.0,3.438819646835327
487,43,3.0,2.996135711669922
425,269,4.0,3.5055758953094482
758,412,5.0,2.4040098190307617
313,191,5.0,4.176496505737305
11,414,3.0,3.5521655082702637
225,1443,4.0,2.9677181243896484
849,676,5.0,4.089685440063477
616,339,3.0,3.2630865573883057
109,131,1.0,3.9423820972442627
548,164,5.0,3.7063369750976562
455,1034,2.0,2.367337226867676
289,849,4.0,2.3186731338500977
896,148,2.0,2.839458703994751
38,294,5.0,3.715348958969116
194,385,2.0,2.9972410202026367
385,235,5.0,2.6407899856567383
553,131,5.0,4.128006935119629
896,184,3.0,3.011137008666992
940,315,4.0,3.82102632522583
178,144,4.0,4.0312299728393555
482,311,4.0,3.767137050628662
327,663,4.0,3.5053272247314453
601,173,5.0,3.5729336738586426
345,150,5.0,4.025650501251221
761,1014,1.0,2.835876703262329
790,1119,4.0,3.3243954181671143
489,989,3.0,3.4695873260498047
38,318,3.0,5.234206676483154
279,1496,3.0,2.4020824432373047
923,591,5.0,4.536925792694092
323,215,5.0,3.845916509628296
376,181,4.0,3.9244508743286133
927,541,5.0,3.149293899536133
416,1286,5.0,3.537654161453247
268,655,4.0,3.430572271347046
64,196,4.0,3.769239902496338
271,427,5.0,4.25365686416626
122,511,5.0,4.555943489074707
167,404,3.0,3.6885933876037598
580,281,2.0,3.314276695251465
95,510,4.0,3.9412972927093506
615,237,4.0,3.786681652069092
663,25,4.0,3.438076972961426
883,517,4.0,4.050015926361084
189,30,4.0,4.231419086456299
735,333,4.0,3.2830116748809814
711,272,5.0,4.572166442871094
874,124,4.0,4.051519870758057
796,525,4.0,4.2268781661987305
668,596,3.0,3.3095955848693848
533,9,4.0,3.570796012878418
851,248,4.0,3.9439947605133057
360,14,5.0,4.1224565505981445
62,181,4.0,3.703472852706909
579,514,3.0,3.637633800506592
158,745,4.0,3.9771265983581543
119,1052,4.0,2.3722989559173584
275,162,3.0,3.1353952884674072
503,277,4.0,3.730656385421753
710,496,4.0,3.97149395942688
660,550,2.0,2.595609188079834
42,151,4.0,3.8295862674713135
479,147,3.0,3.3557610511779785
574,887,4.0,3.563765525817871
13,655,5.0,3.5969133377075195
593,220,3.0,3.4416067600250244
524,526,3.0,3.7067785263061523
244,721,5.0,3.6751697063446045
774,567,1.0,1.743743896484375
848,132,5.0,4.492708683013916
851,435,4.0,4.318179130554199
198,58,3.0,3.2276384830474854
286,210,5.0,4.30047607421875
608,753,5.0,3.6080541610717773
303,379,4.0,3.1459133625030518
271,221,3.0,3.7512218952178955
492,650,2.0,3.1528384685516357
782,1278,4.0,3.171121835708618
864,609,3.0,3.887869119644165
763,357,4.0,4.339416980743408
894,45,4.0,4.074316024780273
272,201,3.0,3.7863786220550537
264,275,5.0,4.595865249633789
286,278,5.0,3.486854076385498
190,508,3.0,3.567984104156494
80,194,3.0,4.099860191345215
916,222,3.0,3.4010510444641113
532,495,4.0,4.5072245597839355
929,136,3.0,3.882084369659424
178,731,4.0,3.2705180644989014
327,537,4.0,3.356602191925049
591,172,3.0,4.214785099029541
679,268,4.0,3.659884452819824
795,429,3.0,3.545042037963867
234,321,2.0,2.8104076385498047
698,275,4.0,2.978997230529785
385,503,3.0,3.1813840866088867
268,746,3.0,3.344670534133911
682,774,4.0,2.8719217777252197
244,287,3.0,3.866976737976074
387,175,5.0,3.7182846069335938
707,194,4.0,3.9415829181671143
216,189,3.0,4.283751487731934
524,523,4.0,3.822587728500366
486,288,4.0,3.2139229774475098
395,252,3.0,3.2247753143310547
620,78,4.0,2.860813617706299
892,64,4.0,4.984363555908203
345,241,4.0,3.6627070903778076
593,597,2.0,3.2545974254608154
895,1,4.0,4.024925231933594
18,237,3.0,3.7349281311035156
60,151,5.0,3.8396761417388916
417,39,3.0,3.208789825439453
823,721,4.0,3.75101375579834
286,231,3.0,3.046477794647217
389,47,4.0,3.643169403076172
298,1142,4.0,4.2670817375183105
216,200,5.0,3.9199604988098145
236,204,3.0,3.5548908710479736
393,808,4.0,2.9352993965148926
704,354,4.0,3.447791814804077
416,1189,5.0,2.946661949157715
349,696,3.0,3.014974355697632
90,174,5.0,4.724937438964844
828,1466,4.0,2.4153223037719727
286,1239,3.0,2.667701244354248
279,275,3.0,3.954681396484375
451,322,4.0,2.6874730587005615
405,959,1.0,2.1218628883361816
718,815,4.0,3.376908540725708
321,116,3.0,3.590634346008301
334,134,5.0,4.048451900482178
522,12,5.0,4.6205620765686035
889,469,4.0,3.60031795501709
930,282,4.0,2.9112558364868164
215,210,4.0,3.9000182151794434
716,603,5.0,4.4587578773498535
326,568,4.0,3.2161290645599365
919,287,4.0,3.5736770629882812
344,25,4.0,3.431790828704834
862,650,4.0,4.232541084289551
153,357,5.0,3.228217601776123
627,521,2.0,3.662088632583618
901,1120,4.0,3.1938719749450684
868,470,1.0,3.0818729400634766
267,47,5.0,3.976508855819702
361,166,4.0,3.9021968841552734
417,217,4.0,3.106619358062744
459,546,1.0,3.043403387069702
152,22,5.0,5.416988849639893
625,188,4.0,3.339226722717285
401,294,1.0,2.6852400302886963
160,79,4.0,4.264780521392822
910,100,4.0,3.481238603591919
179,905,4.0,3.193030834197998
379,502,5.0,4.10131311416626
796,371,5.0,3.2771809101104736
653,163,4.0,2.741654634475708
746,208,4.0,3.949618339538574
45,284,4.0,3.4579715728759766
766,526,2.0,3.5871665477752686
303,578,2.0,3.3664307594299316
898,309,5.0,2.8677616119384766
593,866,5.0,3.3531506061553955
643,144,4.0,3.944847583770752
270,747,5.0,4.297043800354004
474,23,4.0,4.441205978393555
121,237,5.0,3.530017614364624
479,474,5.0,4.082365989685059
532,771,3.0,3.1112635135650635
121,313,5.0,4.210172653198242
912,268,2.0,3.609833002090454
764,673,4.0,3.834702968597412
387,1537,4.0,2.3000426292419434
34,288,2.0,3.8244893550872803
344,118,3.0,3.2320473194122314
482,127,4.0,4.157220363616943
456,697,4.0,3.264270782470703
260,748,4.0,3.540954113006592
305,135,3.0,3.591994285583496
457,114,5.0,5.140792369842529
339,161,3.0,3.7907774448394775
18,702,3.0,3.1828994750976562
918,190,5.0,3.698589324951172
614,14,3.0,3.731267213821411
470,7,3.0,3.6808714866638184
93,934,3.0,2.767425775527954
407,151,4.0,3.4726152420043945
466,173,3.0,3.9027695655822754
279,824,4.0,2.817281484603882
401,185,4.0,3.369752883911133
779,118,5.0,3.469904899597168
184,629,3.0,3.329758882522583
102,118,3.0,2.483252763748169
313,636,4.0,3.2869656085968018
232,166,4.0,3.980015277862549
370,427,5.0,4.180627346038818
320,22,5.0,4.8380255699157715
299,1021,3.0,3.705404281616211
786,230,4.0,3.6139509677886963
867,222,4.0,3.9952564239501953
472,386,5.0,3.4362592697143555
826,313,5.0,4.890595436096191
893,412,3.0,2.2893502712249756
757,570,3.0,2.973280906677246
709,431,5.0,3.7059226036071777
705,423,2.0,3.9869728088378906
425,187,3.0,3.640110969543457
268,325,3.0,2.453712224960327
215,474,4.0,4.278653621673584
9,340,4.0,3.8606643676757812
770,742,4.0,4.5299811363220215
762,749,1.0,2.524955987930298
437,248,2.0,3.6180760860443115
13,88,4.0,3.2275965213775635
373,196,5.0,4.025219440460205
429,45,3.0,3.8342578411102295
560,7,3.0,3.6385393142700195
123,127,5.0,4.47681999206543
405,226,2.0,1.9568161964416504
756,742,3.0,3.2681057453155518
276,665,3.0,3.0196220874786377
63,25,4.0,3.067255735397339
884,198,5.0,3.8734889030456543
653,50,5.0,3.3254449367523193
677,288,5.0,3.531404495239258
561,513,3.0,3.7131364345550537
213,294,3.0,3.5468626022338867
188,288,4.0,3.430718421936035
634,866,3.0,3.2583069801330566
896,655,4.0,3.3743736743927
653,223,3.0,3.2160675525665283
817,327,4.0,3.447193145751953
585,855,3.0,4.020918369293213
782,908,3.0,2.387984275817871
758,234,4.0,4.066243648529053
295,1459,5.0,3.557501792907715
655,262,5.0,3.164513349533081
709,227,2.0,3.4417779445648193
64,64,4.0,4.345747947692871
201,289,2.0,2.763075828552246
291,79,5.0,4.607637405395508
452,94,1.0,2.8641016483306885
474,651,5.0,4.413187503814697
234,1172,3.0,3.081871509552002
458,275,5.0,3.959216594696045
927,552,4.0,3.2977688312530518
321,1050,3.0,3.348712682723999
113,303,5.0,4.1184797286987305
706,323,4.0,2.838057041168213
92,527,3.0,4.002125263214111
83,233,4.0,3.4503414630889893
747,419,5.0,4.099885940551758
234,172,3.0,3.63020658493042
868,568,1.0,3.18076753616333
372,443,4.0,4.873008728027344
95,716,3.0,3.157935857772827
97,1,4.0,4.158954620361328
758,1052,5.0,2.2682456970214844
897,443,5.0,4.138501167297363
320,1011,3.0,3.681979179382324
279,169,5.0,4.418724536895752
291,1012,4.0,4.050971031188965
49,10,3.0,3.1535260677337646
738,89,5.0,4.090249061584473
711,403,4.0,3.6126296520233154
524,508,5.0,3.4970154762268066
521,651,3.0,3.5051848888397217
633,581,3.0,2.9544973373413086
574,213,4.0,3.8719019889831543
878,269,4.0,3.5475142002105713
727,38,1.0,2.752493381500244
610,318,5.0,4.475719928741455
592,461,4.0,3.905022144317627
562,684,4.0,3.5335631370544434
407,8,5.0,3.8461391925811768
938,756,3.0,2.8078277111053467
671,327,1.0,3.589533567428589
731,487,4.0,3.623728036880493
933,227,1.0,2.6923346519470215
805,475,5.0,3.930454969406128
592,345,4.0,3.7741878032684326
389,503,3.0,3.6823019981384277
487,92,4.0,3.753065586090088
932,235,2.0,3.1185147762298584
580,1028,3.0,3.1895954608917236
761,1277,1.0,3.0418927669525146
386,181,3.0,4.287515640258789
145,155,2.0,3.1246819496154785
181,148,2.0,1.5357182025909424
618,68,3.0,3.14957857131958
18,474,4.0,4.377874851226807
672,1190,2.0,2.7529900074005127
399,622,4.0,2.8137154579162598
446,302,4.0,3.489359140396118
848,511,4.0,4.799530029296875
144,262,3.0,3.736074447631836
660,99,2.0,2.810756206512451
892,1091,2.0,3.075422763824463
303,164,4.0,3.6974313259124756
417,1210,2.0,2.813614845275879
421,234,5.0,3.613619089126587
524,382,3.0,3.4688222408294678
290,1091,2.0,2.634768009185791
18,8,5.0,4.121469974517822
311,785,3.0,3.4403433799743652
727,202,4.0,3.51578426361084
804,615,5.0,4.218164920806885
579,186,3.0,3.6483795642852783
303,1044,3.0,3.4549291133880615
161,204,2.0,2.5830419063568115
320,24,3.0,3.8765652179718018
562,806,1.0,3.3785922527313232
10,558,4.0,4.062538146972656
881,49,5.0,3.1529171466827393
738,174,5.0,4.1917572021484375
786,684,4.0,3.7952635288238525
23,283,4.0,3.5775341987609863
545,393,4.0,3.4081954956054688
608,690,4.0,3.3761091232299805
608,333,4.0,3.519598960876465
194,79,3.0,3.3148889541625977
339,53,4.0,3.1692004203796387
162,179,3.0,4.067007064819336
650,117,4.0,3.2405593395233154
442,226,3.0,2.983116865158081
867,28,5.0,4.2564005851745605
435,125,3.0,3.4530599117279053
334,19,4.0,3.8373138904571533
804,210,5.0,4.072412490844727
849,421,5.0,4.537766456604004
543,9,4.0,3.700354814529419
181,620,2.0,1.4715254306793213
889,11,5.0,3.581392526626587
313,231,2.0,2.70759654045105
801,752,4.0,4.021214008331299
59,433,5.0,4.000842571258545
563,172,5.0,4.620858669281006
712,462,3.0,4.0825042724609375
159,126,5.0,4.144876003265381
508,70,4.0,3.66241192817688
653,492,4.0,2.877563953399658
407,588,4.0,3.628859281539917
293,240,2.0,2.459021806716919
210,243,2.0,2.678407669067383
765,507,5.0,4.121140956878662
102,1240,2.0,2.834972620010376
655,286,3.0,3.0901970863342285
618,276,3.0,3.3330271244049072
916,474,4.0,3.988903045654297
943,581,4.0,3.2771799564361572
930,100,3.0,3.327474594116211
271,509,4.0,3.792304039001465
301,771,2.0,2.550145149230957
7,652,3.0,4.282212734222412
561,642,3.0,2.979935646057129
84,322,3.0,3.3722102642059326
116,270,3.0,3.18019700050354
334,164,3.0,3.4050798416137695
764,77,4.0,3.5763421058654785
737,173,4.0,4.099977970123291
907,173,4.0,5.432853698730469
805,1033,3.0,2.4367053508758545
141,237,4.0,3.7513391971588135
145,1288,4.0,2.5129716396331787
901,560,3.0,2.9318346977233887
588,172,5.0,4.494608402252197
62,288,2.0,3.136631965637207
62,228,3.0,3.473264455795288
444,751,4.0,3.5078091621398926
450,82,3.0,4.185675621032715
389,386,3.0,2.818866729736328
567,673,3.0,3.6081156730651855
670,232,3.0,3.286348342895508
756,1074,4.0,2.6836941242218018
387,1011,3.0,3.0460317134857178
447,629,3.0,3.394277811050415
704,519,3.0,4.032227993011475
653,517,1.0,2.9388575553894043
198,381,3.0,3.165473461151123
899,423,4.0,3.702141761779785
927,257,5.0,4.198938846588135
91,326,3.0,3.4831972122192383
244,156,4.0,4.1977925300598145
943,56,5.0,4.153366565704346
880,186,4.0,4.179957389831543
843,392,2.0,2.6371541023254395
339,97,4.0,4.033127784729004
199,14,4.0,3.467886447906494
447,926,3.0,2.7767603397369385
629,234,4.0,4.171019077301025
694,528,3.0,4.467967987060547
314,15,5.0,4.278772354125977
524,116,4.0,3.636230230331421
432,295,3.0,3.6774590015411377
655,340,3.0,3.0532755851745605
334,311,4.0,3.700737953186035
747,408,5.0,5.074302673339844
506,660,3.0,3.864413022994995
244,710,3.0,3.852426767349243
276,157,5.0,3.854766607284546
327,88,2.0,3.070504903793335
702,258,5.0,2.8087081909179688
309,324,3.0,2.9363651275634766
37,62,5.0,3.306338310241699
148,172,5.0,4.356252193450928
417,545,1.0,1.8768396377563477
650,301,2.0,2.917015314102173
94,97,4.0,3.9459288120269775
332,12,5.0,5.467637538909912
536,209,2.0,4.205611705780029
698,220,3.0,2.5267374515533447
151,100,3.0,4.529036045074463
70,496,4.0,4.021695613861084
268,21,3.0,2.5183279514312744
14,70,1.0,3.833631753921509
690,239,2.0,3.2231528759002686
458,589,4.0,4.098511219024658
7,523,4.0,4.5090179443359375
378,793,3.0,2.9240307807922363
297,27,1.0,2.972468137741089
59,208,5.0,4.244318962097168
18,116,5.0,3.9462594985961914
495,1118,5.0,3.7770798206329346
396,245,3.0,3.296414375305176
837,277,2.0,3.51037859916687
297,102,1.0,3.0891242027282715
846,55,5.0,4.0265116691589355
368,441,3.0,2.5486364364624023
643,428,4.0,4.016830921173096
62,245,2.0,2.8853378295898438
383,180,5.0,4.488028049468994
804,1291,3.0,2.8629488945007324
116,300,3.0,3.194662094116211
632,176,3.0,4.0217156410217285
76,264,3.0,2.716491222381592
704,432,5.0,3.6375484466552734
773,268,4.0,3.452568531036377
413,222,4.0,3.6284828186035156
374,69,5.0,3.8217175006866455
201,210,2.0,3.4175472259521484
8,172,5.0,4.682672500610352
327,1012,2.0,3.134878396987915
326,44,1.0,2.9568710327148438
496,156,3.0,3.291166305541992
296,111,3.0,3.9635732173919678
80,260,1.0,2.6148595809936523
682,809,2.0,2.8869917392730713
700,98,3.0,3.933370351791382
293,79,3.0,3.5395259857177734
130,761,3.0,3.4743940830230713
524,490,3.0,3.8424899578094482
699,762,3.0,3.0623438358306885
730,685,2.0,2.9848897457122803
833,144,4.0,3.331000804901123
777,286,2.0,3.770005464553833
311,498,4.0,4.385461330413818
314,158,3.0,2.920348644256592
375,302,5.0,4.30787992477417
60,498,5.0,4.4819135665893555
579,4,2.0,3.2649810314178467
537,22,2.0,3.334348201751709
377,200,5.0,4.015594482421875
828,921,4.0,3.3423454761505127
497,139,3.0,2.7543654441833496
591,516,3.0,4.004857063293457
908,194,3.0,3.637691020965576
198,153,4.0,3.3545422554016113
290,683,2.0,2.379678726196289
815,87,5.0,4.159093856811523
59,237,3.0,3.8949546813964844
422,590,2.0,1.9984583854675293
308,71,4.0,3.8855652809143066
394,98,5.0,4.92197322845459
62,98,4.0,3.970344305038452
829,410,3.0,3.013343334197998
544,343,2.0,2.624882459640503
617,868,4.0,2.1382415294647217
56,71,4.0,4.067699909210205
429,514,3.0,3.762075901031494
339,1110,4.0,3.173959970474243
617,669,1.0,1.4547737836837769
549,1047,3.0,3.0863938331604004
647,255,4.0,3.43875789642334
222,1206,2.0,2.6002423763275146
363,739,3.0,2.8857338428497314
291,184,4.0,3.9459798336029053
301,271,4.0,3.2072131633758545
118,188,5.0,4.589273929595947
757,1188,3.0,2.6742143630981445
891,280,3.0,3.8330421447753906
565,165,4.0,4.946110248565674
308,81,5.0,3.6262707710266113
530,470,3.0,3.5992891788482666
243,93,2.0,3.6987075805664062
59,371,4.0,3.4443392753601074
664,1098,3.0,3.7137365341186523
26,760,1.0,2.5028867721557617
830,211,4.0,4.0339579582214355
900,9,2.0,2.72930908203125
864,2,4.0,3.5215377807617188
597,242,4.0,4.445750713348389
22,792,4.0,3.8932082653045654
165,270,4.0,3.847623348236084
483,462,3.0,3.2626967430114746
593,144,4.0,3.9677045345306396
299,461,3.0,3.347893714904785
280,237,3.0,3.7797789573669434
327,176,4.0,3.520768404006958
200,196,4.0,4.579736709594727
264,672,3.0,3.052698850631714
405,48,1.0,2.35758638381958
429,961,3.0,3.585834264755249
215,164,3.0,3.5592775344848633
569,340,4.0,3.5433435440063477
621,804,4.0,2.8882906436920166
188,22,5.0,4.288968563079834
360,144,2.0,3.962869167327881
293,132,4.0,3.554380416870117
399,343,2.0,2.8084585666656494
456,86,2.0,3.7176175117492676
407,157,2.0,3.4939332008361816
707,100,5.0,3.9404475688934326
328,750,4.0,3.853635787963867
488,173,4.0,3.6256604194641113
868,229,3.0,2.6422669887542725
151,531,3.0,4.27618408203125
848,523,5.0,4.487717151641846
454,95,2.0,2.994764804840088
368,7,4.0,3.583087682723999
807,526,5.0,4.307675361633301
708,15,3.0,3.6383581161499023
845,904,3.0,2.8535521030426025
658,471,4.0,3.4526782035827637
328,194,3.0,4.037819862365723
663,473,3.0,3.104466199874878
537,523,3.0,3.198563814163208
323,1012,4.0,3.6253206729888916
92,834,1.0,2.123156785964966
161,582,1.0,2.4647719860076904
198,568,3.0,3.2441277503967285
650,429,4.0,3.4538896083831787
776,708,5.0,3.4068257808685303
617,320,5.0,2.45949125289917
843,121,3.0,2.568990707397461
196,173,2.0,4.1904520988464355
37,273,3.0,3.750249147415161
402,410,1.0,3.3935892581939697
487,1,5.0,4.0746378898620605
133,750,4.0,3.5060877799987793
123,23,4.0,4.300997734069824
788,1248,3.0,2.9479572772979736
606,1280,2.0,3.0625321865081787
151,181,5.0,4.395816802978516
305,338,3.0,2.498382329940796
889,297,3.0,3.764887809753418
253,294,4.0,3.3151485919952393
553,191,4.0,4.42056941986084
409,1541,4.0,1.9082190990447998
285,150,5.0,3.8230843544006348
77,268,5.0,3.5063374042510986
455,1137,3.0,3.9680211544036865
483,313,2.0,3.719651222229004
84,15,4.0,4.1425347328186035
709,739,3.0,3.3260581493377686
579,7,3.0,3.5349833965301514
327,709,4.0,3.69680118560791
805,405,3.0,3.229405403137207
786,86,4.0,4.056814193725586
334,301,2.0,3.1735219955444336
388,773,3.0,3.2720396518707275
222,1419,1.0,2.086503744125366
151,433,3.0,4.087392807006836
556,187,5.0,4.5871148109436035
850,490,5.0,4.596003532409668
291,41,4.0,3.550112724304199
846,739,4.0,3.419187545776367
332,97,5.0,4.632049083709717
388,307,4.0,4.131058692932129
776,134,4.0,4.164097309112549
642,955,3.0,3.8808040618896484
622,402,3.0,3.5768914222717285
890,436,3.0,3.759282350540161
269,640,5.0,2.637293577194214
6,32,4.0,3.6431140899658203
313,155,2.0,3.0341055393218994
417,452,2.0,2.657588481903076
685,299,2.0,1.7406260967254639
469,64,5.0,5.0188422203063965
806,455,3.0,3.2345690727233887
370,64,4.0,4.263103008270264
313,582,2.0,3.6038668155670166
303,873,3.0,3.1277079582214355
363,39,4.0,2.9579622745513916
882,756,3.0,3.1260664463043213
466,909,5.0,3.4500813484191895
59,25,4.0,3.6545042991638184
186,588,4.0,3.895292282104492
735,288,4.0,3.082671880722046
52,288,3.0,3.873852491378784
624,255,3.0,3.475132465362549
868,378,2.0,3.280820846557617
847,367,3.0,2.9731345176696777
675,347,4.0,3.4343795776367188
210,97,5.0,4.108888149261475
929,654,3.0,3.954072952270508
631,307,4.0,3.3477790355682373
72,382,4.0,3.655341148376465
276,77,3.0,3.525508165359497
459,286,4.0,3.676318645477295
727,421,5.0,3.4207284450531006
75,137,4.0,4.127670764923096
486,327,3.0,3.3201377391815186
882,432,5.0,4.165445327758789
919,1284,3.0,2.8710849285125732
149,310,2.0,3.048764944076538
5,454,1.0,2.6981964111328125
548,466,5.0,3.7471978664398193
546,977,5.0,3.113171339035034
87,196,5.0,4.357241630554199
847,1,3.0,3.26873779296875
579,88,4.0,3.19931960105896
345,956,4.0,3.815139055252075
327,715,4.0,2.940232276916504
234,1221,4.0,3.0293469429016113
854,479,4.0,3.7092790603637695
807,566,4.0,3.874863624572754
396,472,5.0,3.1951956748962402
719,79,4.0,3.5527660846710205
312,740,4.0,3.9428539276123047
436,785,2.0,3.6427342891693115
592,881,1.0,3.2251503467559814
624,886,4.0,3.2798702716827393
916,2,3.0,3.0050692558288574
95,71,5.0,3.800615072250366
262,567,1.0,2.541782855987549
606,168,5.0,4.46819543838501
398,235,2.0,2.8832738399505615
321,215,3.0,3.4968461990356445
686,2,3.0,3.7267186641693115
619,879,4.0,3.2827653884887695
932,659,5.0,4.333468437194824
308,275,4.0,4.031954765319824
782,1241,2.0,2.4635255336761475
351,751,4.0,4.0995073318481445
269,661,4.0,3.5107696056365967
93,118,3.0,3.0671498775482178
425,823,3.0,2.5718703269958496
524,310,4.0,3.506409168243408
618,371,3.0,2.920677900314331
268,182,4.0,3.5219454765319824
324,538,4.0,4.5216569900512695
899,740,5.0,3.384413242340088
87,80,4.0,3.125397205352783
825,925,4.0,3.5487372875213623
378,272,4.0,4.27548885345459
774,135,3.0,2.414811849594116
930,238,4.0,3.1285319328308105
704,604,5.0,3.9661731719970703
854,509,4.0,3.472259521484375
704,185,4.0,4.055627346038818
497,1407,3.0,2.3018739223480225
429,166,5.0,3.859543561935425
255,597,4.0,2.59855318069458
406,136,4.0,3.910719633102417
16,182,5.0,4.530882835388184
715,546,4.0,2.957223892211914
465,151,3.0,3.128824472427368
846,705,3.0,4.249537467956543
23,780,1.0,2.951399326324463
336,785,1.0,3.206909656524658
214,196,4.0,3.8870506286621094
669,56,2.0,3.613126516342163
846,135,4.0,4.23972225189209
181,1198,1.0,1.3985276222229004
896,392,3.0,3.1110498905181885
22,687,1.0,2.1076083183288574
396,288,3.0,3.580278158187866
709,230,2.0,3.634147882461548
379,433,4.0,4.077491760253906
664,57,4.0,4.109704494476318
805,636,4.0,3.261535167694092
195,46,3.0,3.571589946746826
442,738,3.0,2.5747523307800293
893,172,5.0,4.370875835418701
682,209,3.0,3.6796610355377197
234,626,4.0,1.3378069400787354
118,7,5.0,4.741238594055176
756,195,3.0,3.6113855838775635
354,661,4.0,4.054291248321533
766,606,3.0,3.818298816680908
838,191,5.0,4.452397346496582
839,319,1.0,3.193553924560547
456,1009,5.0,3.266472101211548
640,226,5.0,3.888021230697632
274,88,4.0,3.988537073135376
85,631,4.0,3.543290615081787
774,22,2.0,2.5273265838623047
67,121,4.0,3.962561845779419
493,1013,1.0,2.2834715843200684
339,133,4.0,4.161226749420166
621,871,3.0,2.7123894691467285
450,702,4.0,3.4085423946380615
648,742,5.0,3.396979570388794
294,928,3.0,3.383168935775757
727,271,4.0,3.079613208770752
699,269,4.0,3.6021573543548584
387,76,3.0,3.2369086742401123
424,25,4.0,2.964426040649414
269,708,4.0,2.9570677280426025
911,197,4.0,4.134374618530273
738,429,3.0,3.890753746032715
901,568,5.0,4.041476249694824
566,707,4.0,3.662149429321289
881,417,2.0,3.031663417816162
450,969,4.0,4.194853782653809
47,321,4.0,3.257874011993408
44,71,3.0,3.805536985397339
487,111,3.0,3.7523891925811768
234,530,4.0,3.540348529815674
795,319,4.0,3.037466526031494
443,260,1.0,2.6510355472564697
405,1566,1.0,0.7117602229118347
201,979,2.0,3.0159859657287598
853,678,4.0,2.4586775302886963
151,190,4.0,4.6661906242370605
347,411,5.0,2.8783349990844727
489,243,4.0,2.8734450340270996
414,288,5.0,3.7264373302459717
378,392,3.0,3.5138211250305176
409,223,4.0,4.181311130523682
234,385,2.0,3.1373770236968994
450,221,4.0,4.228224754333496
95,591,5.0,3.6061697006225586
42,371,4.0,3.3943428993225098
466,260,4.0,2.518894672393799
552,1,3.0,3.6770193576812744
94,160,4.0,3.6054611206054688
584,230,4.0,3.370415210723877
109,452,2.0,2.7517201900482178
655,789,3.0,3.0363564491271973
561,201,3.0,2.9409778118133545
406,123,4.0,2.998265027999878
455,385,3.0,3.4831459522247314
144,124,4.0,4.0724310874938965
435,1061,3.0,2.903172731399536
727,1034,2.0,2.3301541805267334
602,880,4.0,3.4718315601348877
296,238,4.0,4.377086639404297
590,6,5.0,3.5635690689086914
916,256,3.0,3.5123488903045654
262,447,3.0,3.2038309574127197
661,647,4.0,4.445232391357422
56,930,3.0,2.8801121711730957
117,156,4.0,4.512755393981934
804,511,4.0,4.493472099304199
591,435,4.0,3.9569640159606934
650,501,3.0,3.0579094886779785
343,531,5.0,4.247471332550049
189,459,4.0,4.123629570007324
302,333,3.0,2.5346426963806152
666,866,2.0,3.165987730026245
308,755,3.0,3.359558343887329
854,1028,2.0,2.75549578666687
458,127,5.0,4.254766464233398
394,22,5.0,4.837209224700928
436,381,4.0,3.95204496383667
495,232,5.0,3.8343982696533203
457,371,4.0,3.756416082382202
417,963,4.0,4.128727436065674
145,358,4.0,2.7510459423065186
417,561,3.0,3.008570909500122
916,1217,1.0,2.7749228477478027
238,756,3.0,2.783618927001953
88,261,5.0,2.3492159843444824
334,1133,4.0,2.9404122829437256
622,418,3.0,3.63603138923645
643,150,5.0,4.013427257537842
454,134,3.0,3.2838985919952393
6,480,4.0,4.084047794342041
738,659,4.0,3.9691224098205566
458,134,5.0,4.225291728973389
252,149,5.0,3.598207950592041
236,532,2.0,3.1647448539733887
84,597,3.0,3.475599527359009
92,200,3.0,3.7065138816833496
848,1101,5.0,4.2125678062438965
708,476,3.0,2.974978446960449
503,197,5.0,4.338515758514404
70,229,3.0,2.9554049968719482
561,133,3.0,3.2230284214019775
13,868,5.0,2.508535861968994
561,304,3.0,3.05532169342041
151,549,4.0,3.9199941158294678
938,405,3.0,3.3112611770629883
236,172,3.0,3.9066877365112305
795,550,3.0,3.0381996631622314
393,1221,3.0,3.5172269344329834
942,261,4.0,2.647777557373047
7,676,3.0,3.673269033432007
307,163,3.0,3.7455949783325195
450,735,4.0,4.116781711578369
92,31,4.0,3.5753204822540283
620,1,5.0,4.338470935821533
429,1119,3.0,3.4101932048797607
537,190,4.0,3.354463815689087
593,845,3.0,3.5539462566375732
479,181,5.0,3.846184015274048
159,451,5.0,3.5056512355804443
495,228,5.0,4.324295520782471
13,127,5.0,3.98785138130188
747,178,5.0,4.83707332611084
886,11,5.0,3.6708805561065674
623,234,4.0,3.640371322631836
886,419,3.0,3.572509765625
655,44,2.0,2.861442804336548
938,1012,5.0,3.5503172874450684
167,615,5.0,4.048681259155273
135,227,3.0,3.187626600265503
472,758,1.0,2.2769978046417236
823,156,5.0,4.292579174041748
538,174,4.0,3.993773937225342
334,71,3.0,3.6667795181274414
870,22,4.0,3.9420526027679443
495,68,5.0,3.98222017288208
262,423,4.0,3.498018980026245
383,663,5.0,4.349924564361572
380,86,4.0,3.261305570602417
671,23,4.0,4.181063652038574
234,478,3.0,3.565122365951538
201,1069,2.0,2.908503293991089
559,4,4.0,3.331305503845215
181,758,1.0,1.0045772790908813
56,794,3.0,3.7985148429870605
780,187,5.0,4.072187900543213
497,1042,3.0,2.9756293296813965
505,182,1.0,3.590473175048828
870,810,3.0,2.7166481018066406
303,1153,3.0,3.84775447845459
868,1098,5.0,3.1939821243286133
303,186,4.0,4.116739273071289
201,47,4.0,3.117316484451294
416,184,4.0,3.8871312141418457
246,219,5.0,2.938444137573242
909,224,5.0,4.407716274261475
407,173,5.0,3.986908435821533
137,300,5.0,4.439759254455566
43,17,3.0,3.367264986038208
318,237,5.0,3.813030958175659
885,1,5.0,3.511887311935425
758,384,5.0,3.032132863998413
10,275,4.0,4.316795825958252
499,486,3.0,3.8340811729431152
933,163,2.0,2.9105923175811768
305,204,2.0,3.47025203704834
370,608,4.0,3.725255012512207
405,451,5.0,1.898555040359497
940,316,4.0,3.850187063217163
372,200,5.0,4.8028388023376465
128,15,4.0,3.7730796337127686
18,199,3.0,4.422349452972412
109,202,5.0,3.7288339138031006
837,1047,1.0,2.820775032043457
387,744,3.0,3.307152271270752
655,291,3.0,2.8320038318634033
758,177,5.0,4.142645835876465
94,153,5.0,4.040506362915039
840,566,5.0,3.752406597137451
608,956,3.0,3.603029727935791
130,109,3.0,4.131204128265381
686,204,4.0,4.503810882568359
329,483,4.0,4.105846881866455
378,1134,4.0,3.405705451965332
900,121,2.0,2.4656176567077637
594,237,3.0,3.1587564945220947
843,1135,3.0,2.2584969997406006
389,490,3.0,4.195725440979004
655,1245,3.0,2.793774127960205
234,699,3.0,3.1925432682037354
92,173,3.0,4.08242654800415
519,299,5.0,3.762916088104248
301,111,1.0,3.4973578453063965
435,22,4.0,4.077284812927246
815,527,5.0,4.219173431396484
806,1059,3.0,2.6529204845428467
435,1291,1.0,2.6324503421783447
207,475,2.0,3.6710550785064697
617,653,4.0,3.072664976119995
812,288,4.0,3.3601648807525635
321,510,5.0,3.7116262912750244
406,203,4.0,3.6446595191955566
880,376,3.0,2.988680839538574
497,62,4.0,3.001614570617676
904,300,4.0,3.865457057952881
899,229,2.0,2.9286372661590576
26,508,3.0,3.2495574951171875
854,1197,3.0,3.2894821166992188
741,234,4.0,3.726231336593628
308,123,3.0,3.2307040691375732
435,778,4.0,3.469275712966919
299,94,1.0,2.9389119148254395
343,191,5.0,4.600442886352539
14,920,4.0,2.344724655151367
85,132,5.0,3.8442893028259277
694,496,4.0,4.40757942199707
553,611,5.0,4.352052211761475
382,177,4.0,3.370781183242798
532,898,4.0,3.897702693939209
480,190,5.0,3.906616687774658
487,501,4.0,3.6819233894348145
389,923,5.0,4.497593402862549
189,274,4.0,3.639841079711914
396,1399,3.0,2.336890935897827
467,288,4.0,3.455273151397705
209,333,2.0,3.2155673503875732
286,16,3.0,3.667586326599121
716,58,5.0,3.7415716648101807
331,1194,3.0,3.9113566875457764
533,77,4.0,3.1369755268096924
682,276,3.0,3.43493914604187
342,169,5.0,4.320587635040283
796,607,4.0,4.040544033050537
468,71,5.0,4.058305263519287
38,717,1.0,3.2537808418273926
72,654,4.0,4.214476108551025
399,28,2.0,3.324225902557373
60,234,4.0,3.997512102127075
701,285,5.0,4.732659339904785
424,538,5.0,3.145806074142456
296,632,5.0,4.415404319763184
932,1149,4.0,4.316335678100586
721,264,1.0,2.849024772644043
694,1221,3.0,3.72273325920105
623,66,4.0,3.3624584674835205
56,210,5.0,4.127327919006348
158,431,5.0,3.8190107345581055
268,402,1.0,3.148036479949951
738,169,5.0,4.42030668258667
603,22,4.0,4.362428188323975
305,144,2.0,3.4617919921875
573,162,4.0,3.4513590335845947
881,4,3.0,3.3515424728393555
561,11,4.0,3.207414150238037
389,142,3.0,3.092198610305786
392,298,1.0,4.07761287689209
128,132,3.0,4.077903747558594
694,836,4.0,3.7794222831726074
622,227,3.0,3.3688905239105225
363,116,4.0,3.426961898803711
388,117,5.0,4.312545299530029
233,223,4.0,4.812270164489746
472,417,4.0,4.024272918701172
41,238,5.0,3.7224698066711426
553,1451,4.0,3.717717170715332
269,188,2.0,3.139003038406372
663,1011,3.0,3.255753517150879
682,147,1.0,3.28922438621521
834,342,2.0,2.992021322250366
383,286,5.0,4.024998188018799
292,665,3.0,3.1926589012145996
590,1061,2.0,2.9602015018463135
655,270,4.0,3.0996181964874268
671,144,4.0,3.9094016551971436
660,24,3.0,2.623079299926758
654,111,4.0,3.5662245750427246
503,443,5.0,4.043071269989014
552,591,3.0,3.4827325344085693
405,728,4.0,1.7813594341278076
296,282,4.0,4.036914348602295
551,1135,5.0,3.2702841758728027
497,222,3.0,3.465582847595215
327,718,4.0,3.1282453536987305
861,292,4.0,3.9922358989715576
630,412,1.0,2.1646320819854736
181,1034,1.0,1.2651379108428955
106,526,4.0,3.8872694969177246
184,88,3.0,3.4604907035827637
244,553,5.0,3.379481077194214
749,94,5.0,3.1880764961242676
374,97,5.0,3.6844899654388428
585,113,3.0,3.4395787715911865
912,474,3.0,4.083254814147949
500,93,4.0,3.456178903579712
536,283,3.0,3.9654219150543213
311,62,3.0,3.2705907821655273
276,1239,1.0,2.4836273193359375
825,1015,2.0,3.2881126403808594
151,203,3.0,4.212234973907471
554,121,4.0,3.4300811290740967
432,871,2.0,2.6550326347351074
862,222,5.0,4.314298629760742
267,55,4.0,4.2722015380859375
334,606,5.0,3.9871437549591064
469,607,5.0,4.472105026245117
694,491,3.0,4.0612311363220215
780,427,3.0,4.222451210021973
461,121,2.0,2.9408228397369385
381,100,4.0,4.442892551422119
748,83,3.0,3.8256144523620605
600,62,4.0,3.336714506149292
795,209,5.0,3.5255987644195557
234,523,4.0,3.4774227142333984
49,652,5.0,3.0716142654418945
127,229,5.0,3.053995132446289
230,673,3.0,3.7439403533935547
757,350,3.0,3.237257480621338
854,144,3.0,3.4209091663360596
276,73,3.0,3.5863497257232666
714,291,3.0,3.462522506713867
529,269,3.0,4.405224323272705
393,369,3.0,2.7071990966796875
668,333,3.0,3.574594497680664
605,302,4.0,4.307501316070557
437,47,4.0,3.5109477043151855
796,1049,4.0,2.5036511421203613
567,50,1.0,4.37843656539917
730,322,1.0,2.7496819496154785
83,322,3.0,3.2554244995117188
474,170,4.0,4.548031806945801
552,873,3.0,2.914463758468628
593,98,5.0,4.45704984664917
886,174,5.0,4.113420486450195
378,255,4.0,3.2957892417907715
783,881,4.0,3.3142945766448975
682,291,1.0,3.110609531402588
747,154,3.0,4.213927745819092
361,218,3.0,3.364523410797119
502,683,3.0,2.4925408363342285
566,137,5.0,3.6301279067993164
128,172,3.0,4.284070014953613
285,269,4.0,3.9519600868225098
830,2,3.0,3.264054775238037
268,176,5.0,3.531621217727661
78,301,5.0,2.8637752532958984
586,17,5.0,3.0966756343841553
102,208,4.0,2.998114585876465
114,646,4.0,3.7198660373687744
561,526,3.0,3.3017289638519287
59,448,4.0,3.6393821239471436
233,249,5.0,3.6616299152374268
210,523,4.0,4.483212471008301
35,264,2.0,2.6558125019073486
682,157,4.0,3.4202444553375244
201,238,3.0,3.427625894546509
655,51,2.0,2.940410614013672
373,1006,2.0,3.2743849754333496
42,135,4.0,4.202360153198242
864,94,4.0,3.4016377925872803
334,155,2.0,2.957442283630371
15,924,3.0,2.8780300617218018
756,739,4.0,2.944868803024292
60,128,3.0,3.731316089630127
311,479,5.0,4.32017707824707
823,97,5.0,4.023594379425049
601,1540,2.0,2.4015660285949707
610,607,5.0,3.9474964141845703
648,89,4.0,3.9338948726654053
707,602,4.0,3.563431978225708
907,619,2.0,4.330294609069824
119,274,4.0,3.8825020790100098
880,22,4.0,4.487436294555664
524,928,4.0,2.9924044609069824
207,82,3.0,3.486414909362793
118,559,4.0,4.002017021179199
302,266,2.0,1.9239892959594727
84,284,3.0,3.5136499404907227
195,59,3.0,3.9491419792175293
601,127,4.0,3.6772053241729736
130,33,5.0,4.108992099761963
269,208,2.0,3.361104965209961
363,849,2.0,2.4424917697906494
671,742,5.0,3.6522297859191895
235,523,5.0,4.103738307952881
87,157,3.0,4.12188720703125
660,100,3.0,3.1737396717071533
537,1451,3.0,2.834033727645874
94,546,3.0,3.222508192062378
347,432,4.0,3.7004506587982178
121,172,5.0,4.111446380615234
734,465,4.0,3.311554431915283
718,597,5.0,3.364419937133789
712,794,4.0,3.8592562675476074
154,919,4.0,3.854576587677002
143,328,4.0,3.5188374519348145
382,252,2.0,2.637470245361328
554,576,4.0,3.0614266395568848
695,302,4.0,4.0070343017578125
393,672,3.0,2.7356367111206055
234,617,3.0,3.2329206466674805
234,95,3.0,3.3098506927490234
311,527,4.0,4.237242698669434
603,449,4.0,3.1369314193725586
183,380,4.0,3.0406529903411865
690,554,3.0,2.57255482673645
796,217,4.0,3.254366159439087
334,238,4.0,3.7319369316101074
882,1,5.0,4.352521896362305
268,333,4.0,3.2284047603607178
177,276,5.0,3.5676846504211426
262,50,2.0,3.9912667274475098
524,815,3.0,3.0167627334594727
1,143,1.0,3.8555426597595215
815,240,2.0,2.862255573272705
276,313,5.0,4.581700801849365
115,9,5.0,4.028505802154541
666,172,3.0,4.1179399490356445
616,347,4.0,3.5755975246429443
449,9,4.0,4.002290725708008
624,1120,4.0,3.024169445037842
416,658,5.0,3.9431722164154053
863,340,3.0,3.539079189300537
234,735,3.0,3.2299304008483887
450,58,3.0,4.008129119873047
437,182,2.0,3.931903839111328
932,478,4.0,4.470650672912598
505,96,4.0,3.6426663398742676
357,280,5.0,4.101902484893799
833,655,2.0,3.3412489891052246
450,546,4.0,3.3477654457092285
327,327,3.0,3.139742136001587
793,148,4.0,3.3411202430725098
70,99,4.0,3.5650925636291504
799,319,4.0,3.4395527839660645
593,237,4.0,3.7616331577301025
409,168,5.0,4.013889789581299
297,257,3.0,3.48860502243042
374,620,3.0,3.069153308868408
150,14,4.0,4.232910633087158
828,288,3.0,2.9334604740142822
247,259,3.0,2.8448474407196045
727,380,3.0,3.1879279613494873
83,527,4.0,4.364299297332764
103,96,4.0,3.8608009815216064
506,203,4.0,3.971559762954712
450,89,5.0,4.562747955322266
62,875,4.0,2.542630910873413
401,553,5.0,2.6484928131103516
269,505,3.0,3.3549325466156006
13,508,3.0,3.440915107727051
388,53,5.0,3.3825600147247314
666,489,4.0,4.018503189086914
373,259,5.0,2.8625967502593994
403,123,3.0,3.301665782928467
89,216,5.0,4.323299407958984
790,108,3.0,2.988619089126587
393,932,3.0,3.018385171890259
624,534,3.0,3.3948895931243896
216,122,5.0,2.46468186378479
11,738,3.0,2.778146743774414
416,369,2.0,2.9554286003112793
328,1139,1.0,2.699206829071045
870,50,3.0,4.07224702835083
454,371,3.0,2.5376720428466797
325,134,4.0,3.8730783462524414
305,79,3.0,3.6161534786224365
145,750,4.0,4.034768581390381
727,820,2.0,2.654230833053589
279,61,4.0,3.901500940322876
738,141,3.0,3.4422121047973633
695,305,3.0,3.582798480987549
707,504,1.0,3.773197889328003
894,312,3.0,3.31339693069458
656,689,2.0,2.335178852081299
890,98,4.0,4.432702541351318
466,684,4.0,3.474581241607666
389,58,4.0,3.7617404460906982
291,825,4.0,3.3790462017059326
748,50,5.0,4.097603797912598
721,260,3.0,2.750950336456299
180,83,5.0,4.389453411102295
444,50,5.0,4.446495056152344
870,52,2.0,3.599283456802368
265,472,3.0,3.045598268508911
707,1251,4.0,3.23712420463562
477,237,4.0,4.809311866760254
327,431,3.0,3.1856045722961426
373,732,3.0,3.7559962272644043
829,116,4.0,3.6610517501831055
299,213,5.0,3.780468463897705
405,561,1.0,1.8425354957580566
846,87,4.0,4.274840354919434
82,208,3.0,3.5394773483276367
846,91,4.0,3.902780771255493
276,125,4.0,3.766411781311035
405,1518,2.0,1.6820814609527588
929,419,4.0,3.4811348915100098
85,1166,4.0,2.8901491165161133
862,930,5.0,3.2134006023406982
868,211,3.0,3.413970470428467
416,915,5.0,4.016366481781006
332,568,4.0,4.5868730545043945
221,1017,4.0,3.424194574356079
798,270,4.0,3.63504695892334
457,708,4.0,4.062745094299316
432,181,5.0,4.251292705535889
751,917,2.0,2.8083577156066895
774,1028,2.0,1.8943212032318115
210,210,5.0,4.3159098625183105
749,117,4.0,3.8095645904541016
293,632,3.0,3.4520821571350098
892,615,5.0,4.5045857429504395
813,538,3.0,3.2697224617004395
905,294,3.0,3.010765790939331
308,848,4.0,3.170372724533081
162,358,3.0,2.7668304443359375
650,7,4.0,3.342081069946289
875,23,5.0,4.348006248474121
343,387,4.0,3.694021463394165
175,183,4.0,3.8759937286376953
655,629,3.0,2.830434560775757
865,111,1.0,2.59712553024292
256,1033,4.0,2.969421863555908
276,931,2.0,2.283582925796509
626,270,2.0,2.4315919876098633
506,945,4.0,4.113441467285156
865,685,3.0,2.453827381134033
840,474,5.0,4.557456970214844
389,38,2.0,2.991955280303955
889,881,3.0,2.8070461750030518
573,480,4.0,4.066341876983643
128,427,5.0,4.406045913696289
659,482,4.0,4.078277111053467
463,242,2.0,3.540454387664795
886,12,5.0,4.208345890045166
451,324,4.0,2.729736089706421
114,89,5.0,3.753201723098755
843,152,2.0,2.6706671714782715
144,313,5.0,4.270240783691406
535,612,4.0,4.031802177429199
453,871,1.0,2.3885161876678467
721,1065,5.0,3.7225043773651123
826,294,4.0,3.5950756072998047
592,1097,4.0,3.937160015106201
495,135,3.0,4.565654754638672
472,193,5.0,5.034309387207031
296,48,5.0,4.578273296356201
325,530,4.0,3.7661921977996826
917,535,4.0,3.2702486515045166
391,148,3.0,3.17830228805542
606,127,4.0,4.666865348815918
387,746,1.0,3.529453754425049
593,293,1.0,3.9404284954071045
334,655,4.0,3.6889395713806152
98,523,5.0,3.7424936294555664
763,609,4.0,3.615590810775757
479,131,3.0,3.7687385082244873
490,93,4.0,2.841693878173828
846,602,4.0,3.958789348602295
703,864,2.0,3.257812023162842
234,91,5.0,3.1753885746002197
889,144,4.0,3.616697072982788
710,330,3.0,3.0154480934143066
13,433,4.0,3.48846173286438
693,520,2.0,3.516360282897949
593,274,3.0,3.5429327487945557
59,595,3.0,3.1599788665771484
254,219,1.0,2.951859474182129
577,281,3.0,3.4359359741210938
200,1049,3.0,2.882575750350952
405,418,5.0,2.116077184677124
504,705,4.0,4.142599105834961
634,595,4.0,2.9616246223449707
328,433,2.0,3.6483490467071533
835,287,4.0,4.010832786560059
712,42,1.0,4.080218315124512
524,275,3.0,3.7609848976135254
639,286,4.0,2.946988105773926
897,871,3.0,2.7124381065368652
311,161,4.0,3.619666337966919
780,515,3.0,4.194278717041016
416,103,3.0,2.458791732788086
82,151,2.0,3.24192476272583
450,633,5.0,4.3591718673706055
419,705,5.0,4.183584213256836
20,323,4.0,2.556213617324829
456,1198,4.0,2.694960117340088
378,1221,3.0,3.459967851638794
436,400,3.0,2.539903402328491
447,1046,3.0,3.1545004844665527
757,426,3.0,2.9523706436157227
484,186,4.0,4.4429931640625
174,871,1.0,2.781890630722046
249,191,4.0,4.665276050567627
315,12,5.0,4.625856876373291
1,88,4.0,3.6107749938964844
676,962,4.0,3.354947566986084
56,405,4.0,3.489452600479126
437,11,1.0,3.7807884216308594
271,506,4.0,3.8345093727111816
908,185,4.0,3.6068174839019775
936,1023,2.0,2.780886650085449
618,723,3.0,2.9684181213378906
650,1039,3.0,3.5225210189819336
579,111,4.0,3.2789430618286133
223,173,5.0,3.928447723388672
535,566,3.0,3.5539307594299316
334,1073,4.0,3.741730213165283
860,4,4.0,3.2479372024536133
838,143,5.0,3.883322238922119
889,250,4.0,3.2411997318267822
107,259,2.0,2.33620285987854
222,186,5.0,3.6577696800231934
399,127,2.0,3.656343460083008
85,70,4.0,3.457043409347534
437,955,4.0,3.468552589416504
299,606,4.0,3.917360305786133
416,734,3.0,2.9672210216522217
332,284,5.0,3.9550650119781494
372,441,4.0,3.380981206893921
393,805,2.0,3.7654566764831543
313,183,5.0,3.9266252517700195
275,169,3.0,3.7900798320770264
543,147,4.0,3.4042840003967285
257,113,4.0,3.5916635990142822
275,825,2.0,2.5367801189422607
37,161,5.0,3.6715571880340576
501,124,4.0,4.550097942352295
480,249,1.0,3.0042715072631836
766,436,4.0,3.3582353591918945
130,305,4.0,4.554871559143066
830,424,1.0,1.3892567157745361
896,128,4.0,3.085869073867798
708,405,4.0,3.2048964500427246
241,270,3.0,3.387755870819092
303,50,5.0,4.576898574829102
889,39,2.0,3.1212620735168457
130,472,4.0,3.630328893661499
663,7,4.0,3.8323607444763184
795,655,3.0,3.4535603523254395
515,687,3.0,1.8447530269622803
484,1016,4.0,3.884960651397705
526,243,1.0,2.2300775051116943
518,696,5.0,3.3355789184570312
334,1172,3.0,3.403965473175049
389,8,4.0,4.143667221069336
167,83,5.0,4.086802959442139
801,343,4.0,3.881610870361328
666,182,4.0,3.852299690246582
747,3,2.0,3.371346950531006
451,288,5.0,2.9720213413238525
878,111,4.0,3.109576940536499
807,94,2.0,3.4201183319091797
49,413,1.0,2.133025646209717
828,381,3.0,3.071087121963501
546,313,2.0,5.140385627746582
704,607,4.0,3.9254822731018066
468,117,2.0,3.915853500366211
306,756,3.0,2.8751578330993652
588,1091,4.0,2.9627747535705566
393,73,4.0,3.441845417022705
328,157,5.0,3.567112445831299
475,316,5.0,3.7885584831237793
145,761,4.0,2.951148271560669
763,83,3.0,4.1737284660339355
631,323,2.0,2.8604557514190674
299,26,4.0,3.2525675296783447
778,204,4.0,3.0257363319396973
840,185,5.0,4.386520862579346
480,603,4.0,3.980973720550537
489,898,3.0,3.7468061447143555
716,64,5.0,4.577807903289795
838,70,4.0,3.807680368423462
409,965,2.0,3.6193604469299316
738,496,4.0,4.066317558288574
271,242,4.0,4.064427852630615
601,483,4.0,3.8680715560913086
61,690,2.0,2.973971366882324
101,282,3.0,3.3020122051239014
172,177,4.0,3.2294580936431885
161,174,2.0,2.8359458446502686
435,254,3.0,2.3891477584838867
471,172,4.0,3.6991331577301025
870,124,4.0,3.850269079208374
890,121,2.0,3.5161983966827393
32,222,3.0,3.369798183441162
374,7,1.0,3.7980740070343018
862,831,3.0,2.821803092956543
201,1153,2.0,3.2568726539611816
60,405,4.0,3.4858975410461426
344,251,5.0,4.261165142059326
574,310,4.0,3.561166286468506
582,932,2.0,2.8775243759155273
338,479,5.0,4.058518409729004
731,378,1.0,3.404785633087158
804,1222,3.0,2.970409393310547
561,675,3.0,3.09932279586792
795,201,4.0,3.131650924682617
913,203,4.0,3.5086119174957275
90,300,3.0,4.086978435516357
42,88,5.0,3.6531403064727783
666,646,3.0,4.010025978088379
642,585,5.0,2.866710901260376
667,1101,3.0,3.8575806617736816
458,21,2.0,2.818779468536377
682,708,3.0,3.2416152954101562
13,463,5.0,3.5914266109466553
181,458,3.0,1.5197269916534424
347,240,5.0,2.800434112548828
62,232,3.0,3.0702762603759766
113,246,5.0,4.385159969329834
586,470,4.0,3.3688371181488037
937,515,5.0,4.05611515045166
398,414,3.0,3.6357007026672363
41,209,4.0,3.7603235244750977
889,514,1.0,3.6945695877075195
279,1411,3.0,2.775153398513794
423,299,3.0,2.9669411182403564
532,335,3.0,3.4667470455169678
932,576,2.0,3.296980857849121
907,685,5.0,4.3303303718566895
242,111,4.0,4.177790641784668
441,683,2.0,2.5475311279296875
640,204,5.0,4.5692949295043945
15,283,4.0,3.138049364089966
655,1445,3.0,2.1680593490600586
660,826,3.0,1.9811174869537354
251,248,4.0,3.7803549766540527
66,877,1.0,2.5412704944610596
699,1010,3.0,3.1095666885375977
145,281,4.0,3.2622060775756836
640,47,4.0,4.179184436798096
445,221,1.0,2.2421109676361084
29,332,4.0,3.5351614952087402
554,294,3.0,3.196455717086792
60,433,4.0,3.9566659927368164
717,271,2.0,3.4965317249298096
562,231,1.0,2.6242973804473877
711,660,5.0,3.9513137340545654
5,1,4.0,3.4816629886627197
842,886,4.0,3.244797945022583
504,258,5.0,3.95215106010437
564,597,4.0,2.979093551635742
308,1169,5.0,3.6351404190063477
79,100,5.0,4.366778373718262
883,856,5.0,4.0674848556518555
305,257,2.0,3.3711230754852295
215,234,4.0,3.778433084487915
363,68,2.0,3.096543312072754
629,4,3.0,3.8890764713287354
57,240,2.0,2.9211697578430176
484,202,5.0,4.193924427032471
237,357,4.0,4.355891227722168
828,170,3.0,3.5792324542999268
579,83,5.0,3.7796971797943115
259,294,3.0,3.3830668926239014
330,419,5.0,4.597456455230713
318,105,1.0,2.5922701358795166
315,93,5.0,3.88185977935791
843,217,4.0,2.403534173965454
896,562,2.0,2.8038272857666016
500,1135,3.0,2.8288183212280273
922,174,5.0,4.129323959350586
222,1041,3.0,2.902447462081909
82,482,4.0,3.6574013233184814
782,752,4.0,2.997741460800171
238,151,2.0,3.6017630100250244
767,478,4.0,4.694645404815674
42,210,5.0,4.114963054656982
429,218,3.0,3.3346197605133057
20,405,3.0,2.767319917678833
337,106,2.0,3.080427408218384
666,248,3.0,3.540595769882202
478,975,4.0,2.9054861068725586
868,405,1.0,2.8653042316436768
189,255,2.0,3.5298733711242676
499,207,5.0,3.7355620861053467
885,418,4.0,3.2864644527435303
95,176,3.0,3.941129207611084
535,435,5.0,4.014158248901367
222,231,2.0,2.5274546146392822
292,855,5.0,4.331361293792725
655,1644,1.0,1.7786839008331299
69,475,3.0,4.1947431564331055
385,661,4.0,3.642772674560547
618,433,2.0,3.4009506702423096
490,987,3.0,1.3570857048034668
792,24,3.0,3.253178358078003
68,237,5.0,3.0814616680145264
690,294,3.0,2.9211924076080322
846,673,4.0,3.8200998306274414
90,223,4.0,4.7298760414123535
922,249,3.0,3.1615936756134033
642,49,4.0,3.709990978240967
244,232,4.0,3.549058437347412
528,213,4.0,4.028896331787109
16,204,5.0,4.40952730178833
788,670,3.0,2.8804335594177246
650,232,3.0,2.9284300804138184
62,174,4.0,3.9186840057373047
334,640,4.0,2.9535980224609375
269,642,3.0,3.0018868446350098
837,717,1.0,2.7660818099975586
295,67,4.0,3.4715800285339355
638,121,4.0,3.17462158203125
588,8,5.0,4.254088878631592
311,436,3.0,3.805067539215088
407,388,2.0,2.3660519123077393
296,281,2.0,3.5679354667663574
290,588,4.0,3.5457053184509277
5,433,5.0,3.3864400386810303
592,324,4.0,3.4174644947052
707,902,5.0,3.701169967651367
453,401,3.0,2.565855026245117
653,153,2.0,2.8791301250457764
711,710,4.0,3.8279058933258057
796,77,5.0,3.417734146118164
387,408,4.0,4.26788854598999
459,300,4.0,3.7027716636657715
917,471,4.0,3.5745115280151367
7,502,5.0,4.187540054321289
406,451,2.0,3.0876810550689697
141,118,5.0,3.3206255435943604
385,455,4.0,2.9400551319122314
445,1598,1.0,1.5804057121276855
87,514,4.0,4.418655872344971
140,880,4.0,3.115842819213867
804,632,3.0,4.0920796394348145
192,1160,4.0,3.383875608444214
38,252,5.0,3.4633781909942627
178,288,5.0,3.55243182182312
311,443,3.0,3.974855899810791
749,755,4.0,3.3807952404022217
43,699,4.0,3.8262715339660645
654,181,3.0,4.0503010749816895
201,57,4.0,3.5617165565490723
716,141,4.0,3.5913634300231934
943,526,4.0,3.983463764190674
181,1368,1.0,1.522822618484497
718,282,5.0,3.8568637371063232
216,93,4.0,3.7988662719726562
378,323,3.0,3.017184257507324
178,117,4.0,3.8906521797180176
661,573,3.0,3.253767967224121
293,657,4.0,3.7885303497314453
94,572,3.0,3.077300548553467
359,313,5.0,4.7322587966918945
880,755,3.0,3.4941463470458984
819,862,2.0,2.2894530296325684
87,273,3.0,3.9996402263641357
6,514,5.0,3.692979097366333
480,298,2.0,3.4461796283721924
347,943,4.0,3.509352445602417
618,210,3.0,3.5430917739868164
940,151,3.0,3.3030929565429688
682,1305,3.0,2.370938301086426
399,235,4.0,2.5716440677642822
493,59,5.0,4.108259201049805
402,100,5.0,4.471574783325195
559,233,3.0,3.0604777336120605
757,53,3.0,2.7942020893096924
313,479,5.0,4.123157501220703
194,540,1.0,2.186713457107544
378,756,3.0,2.7760117053985596
342,320,5.0,3.0250775814056396
7,404,5.0,4.101458549499512
7,640,3.0,3.425447940826416
782,879,3.0,3.0133416652679443
924,1400,4.0,2.823845386505127
56,181,5.0,4.262099742889404
710,134,5.0,4.076804161071777
393,250,4.0,3.4524357318878174
301,384,5.0,2.7868287563323975
9,286,5.0,3.9422643184661865
887,655,1.0,4.45121431350708
490,224,2.0,2.997626304626465
881,216,4.0,3.7384655475616455
812,261,1.0,2.4113893508911133
804,972,3.0,3.550044536590576
7,446,2.0,2.774001121520996
239,483,5.0,4.919239521026611
627,649,4.0,3.203115701675415
279,652,4.0,3.8295702934265137
43,283,2.0,3.8430016040802
52,1085,4.0,3.0895373821258545
534,276,5.0,4.590840816497803
749,100,3.0,4.252075672149658
293,156,4.0,3.4827325344085693
659,647,3.0,4.269839286804199
236,79,4.0,3.7023653984069824
312,588,5.0,4.268935680389404
844,294,2.0,3.0204241275787354
192,277,3.0,3.4608469009399414
592,236,3.0,4.032403469085693
360,405,3.0,3.38592267036438
393,342,5.0,2.9316747188568115
498,9,2.0,3.3491179943084717
184,161,2.0,3.485898733139038
201,137,4.0,3.461643695831299
683,346,4.0,3.3430843353271484
374,1049,1.0,2.4462532997131348
49,462,2.0,3.047605037689209
867,286,5.0,4.050703048706055
342,974,2.0,2.8199241161346436
343,88,4.0,3.745826244354248
358,59,4.0,3.744723320007324
450,650,4.0,3.9028372764587402
100,892,2.0,2.406022548675537
305,183,4.0,3.574876308441162
405,174,5.0,2.461937665939331
631,877,2.0,2.4203734397888184
660,196,4.0,2.9524919986724854
158,684,3.0,3.9248831272125244
620,225,3.0,3.331738233566284
267,62,3.0,3.519408941268921
207,205,4.0,3.680482864379883
806,504,4.0,3.929965019226074
923,248,4.0,4.530965328216553
208,194,5.0,4.030418395996094
931,111,3.0,3.575667142868042
181,1026,1.0,1.151639699935913
815,496,5.0,4.270102024078369
454,144,4.0,2.9961459636688232
879,111,4.0,3.549868583679199
577,237,4.0,3.9046730995178223
567,168,5.0,4.102530479431152
234,268,2.0,3.256201982498169
456,72,1.0,3.0155930519104004
843,95,2.0,2.8139710426330566
796,775,2.0,2.794609308242798
276,541,3.0,2.931344747543335
345,289,3.0,3.1679346561431885
244,471,1.0,3.750680923461914
56,183,5.0,4.202610492706299
119,1086,4.0,3.785287380218506
655,111,2.0,2.9864983558654785
13,875,1.0,2.5895729064941406
889,482,4.0,3.83703875541687
868,1076,1.0,2.156134843826294
313,63,4.0,3.0232629776000977
621,2,3.0,3.4785783290863037
128,966,4.0,3.9995923042297363
943,97,2.0,3.765113592147827
160,59,4.0,4.258920192718506
642,82,5.0,4.23585319519043
303,748,2.0,3.244924545288086
125,709,3.0,4.24219274520874
116,872,3.0,2.6867480278015137
537,79,3.0,3.1767196655273438
788,1478,3.0,2.6587812900543213
686,28,4.0,4.5091047286987305
244,31,4.0,3.8768622875213623
807,265,5.0,4.265188694000244
256,276,3.0,4.454978942871094
181,926,1.0,1.3406918048858643
8,457,1.0,1.963228702545166
417,255,3.0,3.2353758811950684
601,98,3.0,3.7088623046875
454,118,4.0,2.5484845638275146
327,182,4.0,3.5073294639587402
532,1162,2.0,1.228238582611084
867,651,5.0,4.50713586807251
13,893,3.0,2.2520010471343994
378,1439,3.0,2.748539447784424
486,595,2.0,2.808915376663208
416,150,5.0,4.4270195960998535
83,1165,2.0,2.1261801719665527
540,1016,4.0,3.6066951751708984
533,480,4.0,4.051153182983398
334,502,3.0,3.5870370864868164
1,131,1.0,4.134965419769287
382,1534,4.0,1.6650819778442383
815,28,4.0,3.984565496444702
303,328,3.0,3.6290533542633057
102,396,2.0,2.2905967235565186
305,56,1.0,3.6801066398620605
580,250,5.0,3.5418717861175537
152,255,5.0,4.216058254241943
23,512,5.0,3.977133274078369
210,88,4.0,3.823232650756836
207,273,4.0,3.266664981842041
436,1468,5.0,3.0154852867126465
559,527,4.0,3.8600852489471436
870,288,4.0,3.179422378540039
472,27,4.0,3.987818956375122
650,160,3.0,2.98012375831604
629,271,4.0,3.5629005432128906
140,334,2.0,3.3533740043640137
642,1039,5.0,4.485023498535156
95,31,4.0,3.6169142723083496
705,28,4.0,4.0201592445373535
671,583,3.0,3.2199299335479736
524,22,3.0,3.991579532623291
782,515,3.0,3.809868574142456
877,98,5.0,4.421132564544678
77,833,1.0,2.9104347229003906
911,1203,4.0,3.9834651947021484
547,340,4.0,3.642374038696289
456,188,4.0,3.485415458679199
275,1066,3.0,2.603101968765259
115,22,3.0,4.4669599533081055
167,288,3.0,3.4160614013671875
303,183,5.0,4.141819000244141
709,747,2.0,3.5451345443725586
551,1314,2.0,2.6367030143737793
24,662,5.0,3.876070737838745
468,742,3.0,3.783886432647705
868,651,5.0,3.5311672687530518
334,678,3.0,2.701603412628174
793,597,3.0,3.255138635635376
178,176,4.0,4.173140525817871
7,670,5.0,3.346372127532959
459,255,4.0,3.327620506286621
378,68,2.0,3.430570363998413
316,435,2.0,3.274284601211548
298,132,5.0,4.322309970855713
882,199,5.0,4.908361434936523
576,259,2.0,2.753241777420044
940,56,5.0,3.720144510269165
854,9,5.0,3.417564868927002
621,128,4.0,3.829416036605835
160,276,5.0,3.890305757522583
496,1060,1.0,2.5766565799713135
889,95,4.0,3.6188952922821045
660,67,1.0,2.298119068145752
33,292,4.0,3.972896099090576
389,474,5.0,4.404829502105713
207,316,5.0,3.8465495109558105
560,197,4.0,3.9019088745117188
234,601,3.0,3.362927198410034
13,14,4.0,3.7197537422180176
130,798,1.0,2.8157296180725098
421,183,5.0,3.7881827354431152
659,616,4.0,3.6146161556243896
606,647,3.0,4.676877975463867
7,569,4.0,3.1406819820404053
807,271,3.0,3.568027973175049
595,411,3.0,2.830625295639038
900,871,1.0,1.8565852642059326
834,762,4.0,3.5648794174194336
840,504,3.0,4.229373931884766
796,794,4.0,3.641648769378662
536,435,3.0,4.2520599365234375
305,275,2.0,3.5864715576171875
450,70,4.0,3.9770724773406982
303,825,3.0,3.0560920238494873
405,1560,1.0,1.6151585578918457
698,707,2.0,2.973926305770874
837,763,1.0,3.351527690887451
230,8,5.0,4.188298225402832
301,403,4.0,3.381726026535034
477,369,4.0,3.435260534286499
674,1,4.0,3.958062171936035
410,289,1.0,2.7116506099700928
83,566,4.0,3.7550933361053467
308,675,4.0,3.7225587368011475
327,682,3.0,2.6975083351135254
569,276,4.0,3.5957155227661133
896,1267,2.0,2.6873393058776855
570,340,3.0,2.7188026905059814
364,990,4.0,3.3284494876861572
313,449,3.0,3.0206027030944824
49,80,1.0,2.268266201019287
151,836,4.0,3.880551338195801
141,407,2.0,2.511564016342163
880,930,2.0,2.890294313430786
934,199,4.0,4.347883224487305
42,234,4.0,3.982602834701538
416,1264,4.0,3.072606086730957
868,1035,1.0,2.731412887573242
675,900,4.0,3.9211854934692383
637,93,3.0,2.727407693862915
922,95,3.0,3.7316315174102783
452,479,5.0,3.8187081813812256
426,848,4.0,3.056919574737549
59,1048,4.0,3.156125545501709
187,134,3.0,4.399949073791504
295,965,4.0,4.353050231933594
168,259,2.0,2.757213830947876
407,179,3.0,3.782686471939087
109,227,5.0,3.3567628860473633
354,20,5.0,3.3330934047698975
823,134,5.0,4.627840518951416
244,153,4.0,4.028141975402832
873,292,5.0,2.830976963043213
842,288,3.0,3.495168685913086
7,470,3.0,3.9715733528137207
276,33,4.0,3.6003453731536865
378,577,2.0,2.201866626739502
620,151,4.0,4.092807292938232
683,354,3.0,3.1853229999542236
749,77,3.0,3.4458603858947754
106,77,4.0,3.331544876098633
345,268,4.0,3.8660666942596436
269,192,4.0,3.566714286804199
194,712,3.0,2.697075843811035
916,198,4.0,3.778386354446411
704,514,4.0,3.878740072250366
178,546,3.0,3.179281711578369
868,1188,1.0,2.429790496826172
450,56,4.0,4.479059219360352
186,299,3.0,3.0478663444519043
339,402,3.0,3.8558478355407715
381,514,5.0,4.222411632537842
472,940,4.0,2.927388906478882
279,33,4.0,3.4516525268554688
463,473,4.0,2.629223108291626
379,28,4.0,4.216670989990234
38,71,5.0,4.4560065269470215
342,216,5.0,3.7957847118377686
465,475,3.0,3.4657435417175293
795,118,2.0,2.9018285274505615
642,1033,3.0,2.7861204147338867
587,886,2.0,2.8476004600524902
280,452,2.0,2.8609888553619385
561,2,3.0,2.71844482421875
887,419,2.0,4.277089595794678
450,865,4.0,3.620331048965454
694,663,4.0,4.225308418273926
666,7,4.0,3.712400436401367
930,106,4.0,2.333831548690796
303,568,4.0,3.821873188018799
373,633,4.0,4.135175704956055
676,483,4.0,4.603356838226318
389,520,3.0,4.365412712097168
894,591,4.0,3.7137856483459473
199,9,5.0,3.327547073364258
653,54,3.0,2.4290249347686768
16,661,4.0,4.761783599853516
663,180,4.0,4.103374004364014
308,148,3.0,3.2996671199798584
653,686,2.0,2.7732346057891846
882,409,4.0,3.497692108154297
468,143,5.0,3.900022029876709
44,591,4.0,3.6086673736572266
95,392,3.0,3.52101731300354
168,845,4.0,3.454545021057129
433,273,3.0,3.3837485313415527
932,494,4.0,4.371186256408691
327,1170,4.0,2.7558281421661377
497,176,4.0,3.781507968902588
89,283,4.0,4.0707597732543945
586,249,2.0,3.092994213104248
757,423,3.0,3.6701910495758057
458,144,4.0,3.8227460384368896
374,823,1.0,2.9014198780059814
669,183,3.0,3.503328800201416
429,227,2.0,3.198983669281006
588,716,5.0,3.3828001022338867
758,238,5.0,4.204797744750977
268,228,4.0,3.360959529876709
235,213,4.0,4.0936360359191895
655,1426,2.0,2.577622890472412
796,1217,3.0,3.0061287879943848
579,523,3.0,3.7387335300445557
666,518,4.0,3.730029582977295
766,234,4.0,3.4599907398223877
399,564,3.0,1.791501760482788
790,268,4.0,3.5142486095428467
360,100,5.0,4.275848865509033
663,956,4.0,3.7291738986968994
456,12,3.0,4.099832057952881
327,222,2.0,3.2265095710754395
8,177,4.0,4.23012638092041
591,709,4.0,4.156787872314453
201,269,3.0,3.546092987060547
747,288,4.0,3.7509098052978516
159,742,2.0,3.8409571647644043
504,245,4.0,3.2710490226745605
417,402,4.0,3.4335334300994873
940,629,3.0,3.020275354385376
449,251,3.0,4.429872989654541
311,318,5.0,4.673468589782715
435,924,3.0,3.2740955352783203
130,1215,2.0,2.244668960571289
53,250,2.0,3.577672004699707
13,360,4.0,3.017540454864502
532,407,2.0,2.9305970668792725
393,685,3.0,3.3702499866485596
650,200,4.0,3.3124613761901855
399,176,3.0,3.401301622390747
648,323,5.0,2.9012184143066406
295,735,5.0,4.432497501373291
487,399,5.0,3.416917562484741
692,249,3.0,3.033313274383545
197,347,4.0,3.397289276123047
246,576,1.0,2.716245412826538
848,433,3.0,4.145745754241943
8,651,5.0,4.505038261413574
537,663,3.0,3.1252474784851074
773,924,1.0,3.1196248531341553
34,242,5.0,4.727910995483398
297,474,4.0,3.988109588623047
186,742,3.0,3.685983180999756
305,971,4.0,3.357882499694824
626,330,3.0,2.0886547565460205
934,13,5.0,3.4728291034698486
389,395,2.0,2.5031981468200684
417,382,2.0,3.5368199348449707
279,762,3.0,3.4305484294891357
850,173,5.0,4.707249641418457
708,289,4.0,3.0123884677886963
932,1184,3.0,2.52694034576416
327,865,5.0,2.949371099472046
472,254,4.0,3.0978546142578125
867,431,4.0,3.952084541320801
565,86,5.0,4.617521286010742
282,325,1.0,2.8383471965789795
385,528,4.0,3.687554359436035
537,212,3.0,2.6455376148223877
694,378,3.0,4.038681983947754
894,121,3.0,3.512803077697754
906,117,4.0,3.8658852577209473
936,108,4.0,3.5246636867523193
880,421,2.0,3.8503410816192627
195,1413,2.0,2.6597678661346436
474,549,5.0,3.871001720428467
842,1105,2.0,3.0556678771972656
328,162,4.0,3.605062961578369
524,304,4.0,3.4231460094451904
401,276,4.0,3.031524658203125
58,950,1.0,3.211618185043335
21,619,2.0,3.0891616344451904
727,50,4.0,4.130850791931152
416,938,3.0,3.0656089782714844
919,293,4.0,3.736571788787842
178,591,5.0,3.8224291801452637
110,294,3.0,2.9998035430908203
597,15,5.0,3.971705913543701
106,582,4.0,3.61421537399292
21,981,2.0,1.6726765632629395
758,125,2.0,3.861175298690796
625,265,3.0,3.513742208480835
271,356,4.0,3.1911685466766357
125,520,5.0,4.29032564163208
417,395,4.0,2.396907329559326
292,194,4.0,4.638208389282227
708,934,4.0,2.817481279373169
400,259,3.0,2.8743765354156494
458,619,2.0,3.324364185333252
42,281,3.0,3.385654926300049
251,100,4.0,4.309887409210205
28,258,5.0,3.934959888458252
327,11,4.0,3.3698630332946777
290,229,3.0,2.8603272438049316
535,181,4.0,4.056005001068115
84,245,4.0,3.441011667251587
286,186,5.0,4.351109981536865
416,1051,3.0,3.6847145557403564
791,331,1.0,3.8091630935668945
373,81,2.0,3.711721897125244
517,222,4.0,3.389829158782959
493,404,4.0,3.768559694290161
670,611,5.0,4.0942769050598145
825,9,3.0,4.171187877655029
854,274,3.0,3.0639145374298096
653,232,2.0,2.5367214679718018
44,419,4.0,3.672914981842041
223,929,3.0,2.5032575130462646
370,514,4.0,3.7591824531555176
271,15,3.0,3.631720781326294
533,196,4.0,3.609267473220825
527,169,4.0,4.410727500915527
795,640,4.0,2.7687933444976807
57,411,4.0,3.003709077835083
393,1440,3.0,2.741105556488037
13,855,4.0,3.6056458950042725
424,990,5.0,2.9331247806549072
41,276,2.0,3.4953906536102295
763,955,2.0,3.5658466815948486
246,567,5.0,2.45070481300354
339,516,4.0,4.39393424987793
15,285,4.0,3.6556389331817627
207,576,3.0,2.8297476768493652
825,515,4.0,4.73372745513916
180,121,5.0,3.6741836071014404
503,427,5.0,4.614208698272705
59,404,3.0,3.935260534286499
823,230,3.0,3.8170218467712402
322,150,4.0,4.106883525848389
312,543,5.0,4.0576558113098145
385,462,2.0,3.3680105209350586
893,298,4.0,3.8591411113739014
320,278,3.0,3.5746731758117676
489,1025,5.0,3.3140981197357178
291,117,5.0,4.24485445022583
927,422,4.0,2.9308719635009766
253,588,5.0,3.9504053592681885
28,96,5.0,4.159757137298584
271,135,4.0,3.882309913635254
397,286,4.0,3.830379009246826
920,346,4.0,3.2001559734344482
476,202,4.0,3.727847099304199
901,161,5.0,3.8383350372314453
764,356,4.0,3.492616891860962
396,597,4.0,3.3250160217285156
188,237,3.0,3.685291290283203
6,272,4.0,4.064275741577148
221,250,5.0,3.534806489944458
474,475,4.0,4.33467960357666
523,194,5.0,4.9352521896362305
666,179,5.0,3.8424489498138428
545,450,2.0,2.493812084197998
659,489,4.0,4.132874488830566
254,112,2.0,2.253941774368286
871,1345,3.0,1.5497467517852783
222,246,4.0,3.711247682571411
642,392,4.0,3.9549906253814697
407,455,3.0,3.133878707885742
297,265,3.0,3.621783494949341
922,159,3.0,3.1056151390075684
763,196,4.0,3.950083017349243
22,208,5.0,4.175027370452881
908,423,4.0,3.3695313930511475
184,522,3.0,3.90779185295105
881,524,4.0,3.836731433868408
514,25,4.0,3.4995837211608887
207,286,2.0,3.374211072921753
489,321,3.0,3.738247871398926
164,689,5.0,3.7882602214813232
903,147,3.0,3.6419484615325928
30,69,5.0,4.118743419647217
51,655,3.0,3.5897018909454346
194,570,3.0,2.5749380588531494
90,650,5.0,3.940016746520996
454,435,2.0,3.098361015319824
335,347,5.0,3.2465288639068604
805,9,3.0,3.747154951095581
318,712,4.0,3.402958869934082
327,184,3.0,3.0596015453338623
441,313,4.0,4.382391929626465
875,772,5.0,3.182004928588867
804,226,4.0,3.455061674118042
706,628,4.0,3.268911600112915
313,770,4.0,3.324591875076294
417,185,3.0,3.969787836074829
601,185,4.0,3.526719093322754
875,496,4.0,4.374444961547852
416,864,3.0,3.586610794067383
308,147,3.0,3.5760345458984375
527,208,4.0,3.8975558280944824
458,844,4.0,3.3872504234313965
82,140,3.0,2.81691312789917
850,480,5.0,4.9163408279418945
452,73,3.0,3.141674280166626
844,95,4.0,3.612882137298584
896,67,2.0,2.604952335357666
455,52,3.0,3.7037932872772217
266,285,4.0,4.0072245597839355
292,193,4.0,4.467678546905518
328,483,5.0,4.392323017120361
295,461,5.0,4.2116522789001465
313,164,3.0,3.5172770023345947
332,833,5.0,3.8798348903656006
292,276,5.0,4.085045337677002
353,328,2.0,3.320159435272217
808,325,1.0,3.0088908672332764
826,91,4.0,4.140667915344238
747,320,5.0,3.446289539337158
627,92,4.0,3.326711654663086
474,238,4.0,4.214540004730225
194,1044,2.0,2.7588727474212646
127,62,5.0,3.1552793979644775
587,301,3.0,2.9970450401306152
391,168,4.0,4.0237135887146
674,678,3.0,2.86607027053833
136,9,5.0,4.203917503356934
615,192,5.0,4.392460346221924
830,231,2.0,2.7776546478271484
234,589,3.0,3.5398170948028564
194,1028,2.0,2.553309440612793
436,200,3.0,4.155569076538086
15,289,3.0,2.6381301879882812
407,508,4.0,3.5287981033325195
439,14,5.0,4.1203413009643555
303,226,4.0,3.4168782234191895
299,286,4.0,3.46779727935791
643,202,3.0,3.8184778690338135
537,60,3.0,3.1974222660064697
443,269,3.0,4.024325370788574
849,15,5.0,4.653083324432373
687,300,4.0,3.6908376216888428
26,597,2.0,2.7965846061706543
782,271,2.0,2.95815110206604
672,815,4.0,2.8272671699523926
234,552,2.0,2.5826404094696045
363,82,3.0,3.4027976989746094
286,257,3.0,4.123798847198486
539,170,5.0,4.363559246063232
92,1214,2.0,2.1696701049804688
280,742,4.0,3.7235233783721924
592,258,5.0,4.1685285568237305
183,216,4.0,3.5356099605560303
450,401,3.0,2.9905197620391846
690,238,5.0,3.526948928833008
383,660,4.0,4.098910808563232
585,60,4.0,4.207576751708984
389,1204,4.0,3.645817756652832
82,25,2.0,3.0471765995025635
943,570,1.0,3.152355432510376
648,679,3.0,2.9038021564483643
313,414,3.0,3.605168581008911
416,151,3.0,4.094282627105713
521,156,4.0,3.3976340293884277
273,900,3.0,4.061919689178467
854,96,3.0,3.575418472290039
197,431,3.0,3.4497463703155518
540,1014,4.0,3.3128905296325684
26,150,3.0,3.445864200592041
301,252,3.0,2.9479777812957764
698,199,2.0,3.212311029434204
453,125,3.0,3.4221060276031494
303,276,4.0,3.8145716190338135
467,24,4.0,3.4680917263031006
382,56,5.0,3.5820109844207764
249,273,4.0,3.907494068145752
377,168,5.0,4.356568813323975
84,523,4.0,4.487362861633301
72,204,4.0,3.8530397415161133
92,231,3.0,2.6846678256988525
846,651,3.0,4.344174385070801
561,473,3.0,2.6285805702209473
895,742,4.0,3.7454841136932373
544,327,2.0,2.8800480365753174
399,727,4.0,2.88822340965271
303,302,4.0,4.456684589385986
191,269,3.0,3.9432356357574463
270,566,5.0,4.402539253234863
566,153,2.0,3.491013765335083
802,260,4.0,2.729771375656128
27,742,3.0,3.22228741645813
338,427,4.0,4.255617618560791
374,741,3.0,3.532909870147705
295,357,4.0,5.033967971801758
494,845,4.0,3.515380620956421
773,170,5.0,3.8371825218200684
896,1045,3.0,2.8508682250976562
48,183,5.0,3.9362096786499023
115,673,3.0,3.7844882011413574
130,254,2.0,2.962120532989502
373,70,4.0,3.761991262435913
130,144,5.0,4.606523513793945
393,186,3.0,3.943214178085327
605,245,3.0,3.1480588912963867
887,1029,5.0,2.0752599239349365
933,229,1.0,2.440516233444214
60,423,4.0,4.057983875274658
543,187,4.0,4.065613746643066
43,26,5.0,3.5650267601013184
234,521,3.0,3.36372447013855
712,215,3.0,4.029532432556152
332,235,3.0,3.6008963584899902
450,1222,3.0,3.116259813308716
308,633,4.0,4.028860569000244
202,318,1.0,3.3365378379821777
542,864,3.0,3.1032063961029053
128,282,3.0,3.6443488597869873
18,425,3.0,4.001316547393799
316,98,5.0,3.5392704010009766
378,930,2.0,2.696298360824585
712,63,4.0,3.31040096282959
924,300,2.0,3.5491204261779785
417,228,3.0,3.6558146476745605
417,95,5.0,3.723618507385254
943,24,4.0,3.4605042934417725
655,249,3.0,2.7896108627319336
788,132,5.0,3.855536460876465
650,158,2.0,2.2718443870544434
293,748,2.0,2.774918556213379
291,706,3.0,3.0699188709259033
417,176,5.0,3.8411080837249756
62,294,1.0,2.960261106491089
288,180,5.0,4.052374362945557
99,258,5.0,3.948239803314209
851,11,5.0,4.125066757202148
640,66,4.0,4.1154375076293945
921,257,3.0,3.482682466506958
495,1110,4.0,3.338078737258911
268,101,2.0,3.0297155380249023
25,968,4.0,3.7360429763793945
638,265,5.0,3.5683765411376953
435,33,3.0,3.306072473526001
498,228,2.0,3.3052523136138916
413,333,2.0,3.612910747528076
379,219,3.0,3.5968244075775146
90,836,5.0,3.933790683746338
894,14,4.0,4.058247089385986
634,117,4.0,3.7171928882598877
240,343,3.0,3.5541434288024902
267,515,5.0,4.899332046508789
292,408,4.0,5.132913112640381
892,210,4.0,4.3321027755737305
343,367,4.0,3.793024778366089
87,181,5.0,4.522333145141602
716,241,3.0,3.657456398010254
647,490,4.0,4.21380090713501
768,235,2.0,2.6609508991241455
374,581,4.0,3.214675188064575
2,301,4.0,3.3987038135528564
320,56,5.0,4.653104305267334
380,845,4.0,2.860808849334717
393,399,4.0,3.273216724395752
625,584,3.0,3.19128680229187
708,352,1.0,2.235666036605835
894,26,4.0,3.5208332538604736
471,878,4.0,2.2192511558532715
666,294,3.0,3.128415584564209
270,335,3.0,3.550898551940918
886,42,5.0,3.663731098175049
601,8,3.0,3.4505743980407715
251,258,3.0,3.950221538543701
6,506,4.0,3.696317672729492
216,64,5.0,4.6418256759643555
913,530,2.0,3.753875970840454
342,236,3.0,3.544961929321289
316,678,1.0,2.3448941707611084
889,762,3.0,3.2185192108154297
368,320,5.0,2.9499030113220215
844,90,3.0,2.9304234981536865
847,8,4.0,3.4005918502807617
380,168,4.0,3.385361909866333
922,411,1.0,2.798588275909424
841,288,3.0,3.694171190261841
435,520,4.0,4.071061611175537
267,114,5.0,4.922390460968018
495,431,5.0,4.1212849617004395
533,191,4.0,3.932136297225952
343,334,5.0,3.5944223403930664
782,260,2.0,2.4916417598724365
545,77,3.0,3.365082263946533
449,1005,5.0,3.8092432022094727
88,1191,5.0,2.4543497562408447
453,318,4.0,4.321287155151367
435,1401,4.0,3.099928379058838
484,293,5.0,4.30534029006958
684,158,3.0,2.5417258739471436
472,68,5.0,4.365785598754883
663,597,3.0,3.173523426055908
406,124,4.0,3.912135124206543
13,515,2.0,4.038175106048584
582,235,3.0,2.8202528953552246
429,82,4.0,3.646054267883301
417,32,2.0,3.7454373836517334
710,269,3.0,3.8819196224212646
276,50,5.0,4.613011360168457
704,528,3.0,4.1372599601745605
875,173,5.0,4.408294677734375
234,273,3.0,3.0842490196228027
429,502,3.0,3.587798595428467
399,568,2.0,3.166779041290283
913,466,3.0,3.2792530059814453
639,198,2.0,3.205645799636841
878,154,3.0,3.325850486755371
646,678,3.0,2.464582920074463
422,248,3.0,3.651888608932495
751,56,4.0,3.953233480453491
301,43,5.0,2.8164219856262207
423,304,4.0,3.6256613731384277
128,79,4.0,4.048749923706055
659,521,5.0,3.906053304672241
449,1142,4.0,4.183176517486572
447,175,3.0,4.0623369216918945
888,69,4.0,4.165441513061523
389,579,1.0,2.8670966625213623
708,21,1.0,2.751913547515869
417,449,3.0,2.976874828338623
200,132,5.0,4.787320613861084
193,25,4.0,3.250169277191162
500,780,3.0,2.8934054374694824
25,131,4.0,4.138992786407471
137,266,5.0,3.215726137161255
600,511,5.0,4.615506172180176
378,326,3.0,3.353703022003174
731,1087,1.0,1.637263298034668
503,79,5.0,4.231966018676758
454,182,3.0,3.0868701934814453
437,658,4.0,3.469761371612549
541,423,3.0,4.10251522064209
90,692,4.0,3.9790549278259277
899,66,4.0,3.362781047821045
152,794,5.0,4.554510116577148
305,168,4.0,3.6844425201416016
589,336,1.0,2.784670114517212
653,739,3.0,2.451052665710449
916,511,5.0,4.026594161987305
892,239,4.0,3.9549622535705566
887,368,5.0,2.0113863945007324
363,802,2.0,2.4781336784362793
83,575,4.0,2.5894577503204346
346,186,3.0,3.7528905868530273
18,382,3.0,3.7510311603546143
346,300,5.0,3.528316020965576
700,73,3.0,3.124378204345703
874,289,4.0,3.0223822593688965
332,452,4.0,3.36799955368042
606,1039,4.0,4.426034927368164
500,358,4.0,2.5729682445526123
693,483,3.0,3.742727041244507
548,1025,4.0,2.955456256866455
350,483,5.0,4.825900554656982
524,212,5.0,3.1633565425872803
916,229,3.0,2.854792356491089
758,33,4.0,3.693671226501465
815,732,5.0,3.721003770828247
312,648,5.0,4.699499607086182
727,68,4.0,3.2746033668518066
158,665,2.0,3.050957441329956
429,77,3.0,3.211221933364868
268,452,1.0,2.4183201789855957
279,490,3.0,4.028902530670166
918,1099,4.0,2.8973119258880615
892,526,4.0,4.3656229972839355
911,638,4.0,3.930429220199585
177,1218,4.0,3.3644824028015137
921,323,4.0,2.8424782752990723
60,59,5.0,4.236168384552002
943,31,4.0,3.709404945373535
484,135,4.0,4.488053321838379
405,1405,1.0,1.735353946685791
797,781,5.0,2.731358528137207
41,265,3.0,3.7017338275909424
339,150,4.0,4.257289886474609
773,12,3.0,3.977243661880493
347,204,4.0,3.876695394515991
458,25,1.0,3.397827386856079
13,212,5.0,3.1033174991607666
73,179,5.0,3.816981554031372
179,751,1.0,3.1607396602630615
109,12,4.0,4.3526530265808105
235,1,4.0,3.909317970275879
455,161,4.0,3.3382699489593506
315,168,4.0,4.340089797973633
99,121,3.0,3.5734915733337402
57,264,2.0,2.859546184539795
531,300,4.0,3.951970100402832
391,646,4.0,4.0571818351745605
677,740,1.0,3.6325602531433105
527,285,5.0,4.267059803009033
297,154,5.0,3.549452781677246
263,520,3.0,4.54550838470459
883,956,4.0,3.877737283706665
582,547,4.0,3.256359577178955
561,65,3.0,3.0101914405822754
616,355,4.0,2.9709632396698
480,165,5.0,3.862199068069458
178,566,4.0,3.69162917137146
94,1222,3.0,2.994133710861206
655,282,3.0,3.0309996604919434
90,177,5.0,4.256958961486816
59,425,4.0,4.177889347076416
354,171,4.0,3.8585093021392822
532,7,5.0,4.663238048553467
385,100,4.0,3.6532578468322754
332,763,5.0,4.212734699249268
44,95,4.0,3.8226399421691895
374,280,3.0,3.221768856048584
459,651,3.0,4.070778846740723
201,1267,3.0,2.725712299346924
281,331,3.0,3.5808982849121094
795,123,4.0,2.848020553588867
474,378,4.0,4.095341205596924
85,281,3.0,3.058047294616699
453,117,4.0,3.5400023460388184
887,240,5.0,3.230179786682129
170,876,3.0,2.9511404037475586
838,96,4.0,4.226841926574707
301,51,4.0,3.4299283027648926
854,98,4.0,3.844745635986328
338,170,5.0,4.095409870147705
806,1018,4.0,3.316301107406616
537,697,2.0,2.7461812496185303
908,479,4.0,3.65671443939209
454,686,2.0,2.8651809692382812
749,204,4.0,3.9662106037139893
13,179,2.0,3.6845598220825195
650,4,3.0,3.090566396713257
887,1279,3.0,3.1775941848754883
763,190,4.0,4.350685119628906
487,686,4.0,3.8860390186309814
423,620,4.0,3.0926430225372314
766,672,3.0,2.4614927768707275
330,559,3.0,3.9913136959075928
902,754,3.0,3.0103797912597656
654,313,5.0,4.370822429656982
474,77,5.0,3.6239283084869385
618,203,3.0,3.4983105659484863
43,8,4.0,4.163660049438477
646,880,3.0,2.703679323196411
100,289,3.0,2.7523462772369385
592,508,5.0,4.042942523956299
168,288,1.0,3.397066593170166
602,118,3.0,3.623094320297241
303,1258,2.0,2.593076229095459
782,873,4.0,2.798412561416626
382,531,4.0,3.4246511459350586
747,1375,4.0,3.962054967880249
934,1449,5.0,3.666802406311035
763,132,3.0,4.122297763824463
550,300,4.0,4.041395664215088
135,603,4.0,4.1594977378845215
535,608,4.0,3.930044651031494
542,509,4.0,3.7799177169799805
13,270,4.0,3.444368362426758
882,294,4.0,3.5898642539978027
655,815,2.0,2.7378439903259277
234,144,3.0,3.310173988342285
493,176,5.0,4.0783491134643555
887,180,4.0,4.722218990325928
699,288,3.0,3.069725751876831
234,77,3.0,2.9175496101379395
760,723,2.0,3.042802333831787
426,432,3.0,3.6258935928344727
87,578,3.0,3.6570911407470703
899,195,4.0,3.8317463397979736
103,471,4.0,3.406710624694824
207,143,4.0,3.3816983699798584
537,1404,2.0,2.6169426441192627
495,796,4.0,3.4440672397613525
385,346,3.0,3.269622564315796
312,503,5.0,4.02214241027832
585,1005,4.0,3.7845215797424316
788,1459,2.0,2.911996841430664
659,89,4.0,4.15339469909668
640,941,5.0,3.5975067615509033
246,585,1.0,2.2532105445861816
511,292,5.0,4.001916885375977
655,88,2.0,2.922883987426758
634,283,2.0,3.723188877105713
327,9,5.0,3.401136636734009
286,251,5.0,4.665876865386963
843,153,3.0,2.7946860790252686
18,516,5.0,4.135196685791016
398,132,5.0,4.02724027633667
699,532,3.0,3.0690767765045166
906,1011,4.0,3.3784468173980713
94,144,3.0,4.090692520141602
152,121,5.0,4.367875099182129
308,97,1.0,3.764566421508789
936,818,4.0,3.1716816425323486
285,357,5.0,4.159793853759766
919,423,5.0,3.7588095664978027
397,12,4.0,4.562381744384766
325,511,4.0,3.9391417503356934
862,252,3.0,3.5242295265197754
437,301,3.0,3.2799251079559326
774,986,1.0,1.6961688995361328
246,413,4.0,2.3026719093322754
387,1097,3.0,3.3628013134002686
145,122,1.0,2.4557483196258545
457,215,4.0,4.3974995613098145
56,94,4.0,3.2888474464416504
399,31,3.0,3.1474218368530273
285,222,4.0,3.552868366241455
457,94,3.0,3.6114988327026367
429,467,4.0,3.658871650695801
435,12,5.0,4.198364734649658
661,304,2.0,3.727288246154785
363,426,2.0,2.759550094604492
390,181,4.0,4.294003009796143
206,683,1.0,1.8678014278411865
72,198,5.0,4.050102710723877
588,1053,3.0,3.3961989879608154
812,678,4.0,2.7806239128112793
130,342,3.0,3.448701858520508
276,1220,4.0,3.5488855838775635
145,202,4.0,3.7953333854675293
378,98,5.0,4.265284538269043
72,237,3.0,3.6403682231903076
669,310,4.0,3.275590419769287
540,270,4.0,3.8532111644744873
43,102,4.0,3.4177439212799072
542,585,2.0,2.484158754348755
788,521,4.0,3.7346837520599365
871,271,5.0,3.190840244293213
109,183,5.0,3.9713473320007324
43,54,3.0,3.294252634048462
57,473,3.0,3.2296695709228516
749,125,5.0,3.6835083961486816
749,951,4.0,2.65521240234375
184,410,3.0,3.1708624362945557
7,616,4.0,4.033989906311035
773,13,4.0,3.1633195877075195
854,482,3.0,3.638629674911499
378,531,4.0,3.8588576316833496
234,500,3.0,3.2363080978393555
14,492,4.0,4.0182085037231445
214,346,3.0,3.6894614696502686
566,235,3.0,2.690416097640991
401,429,3.0,3.2528369426727295
606,194,4.0,4.522049903869629
141,288,3.0,3.494580030441284
780,300,3.0,3.5736770629882812
846,142,3.0,3.1894001960754395
97,192,1.0,4.558050632476807
758,1001,5.0,2.1814374923706055
653,265,4.0,2.9389736652374268
747,479,5.0,4.626749515533447
234,132,4.0,3.4594101905822754
1,15,5.0,3.9052462577819824
186,38,5.0,3.005031108856201
500,325,3.0,2.6230204105377197
586,76,5.0,3.2652580738067627
881,663,5.0,3.7691891193389893
692,100,4.0,3.843580484390259
747,664,2.0,4.25051736831665
454,58,4.0,2.8562209606170654
316,50,1.0,3.5920844078063965
622,135,4.0,4.022824764251709
873,879,2.0,2.559311628341675
840,606,4.0,4.458646774291992
790,202,3.0,3.470250129699707
843,127,2.0,3.1277575492858887
125,66,5.0,3.5333900451660156
716,498,5.0,4.345456123352051
886,388,1.0,2.3792755603790283
472,385,5.0,4.586783409118652
275,118,3.0,2.7512001991271973
778,246,2.0,3.152427911758423
64,447,4.0,3.4154279232025146
876,523,5.0,4.216794967651367
387,98,4.0,4.042597770690918
230,140,3.0,3.287933111190796
890,185,5.0,4.222630977630615
339,286,5.0,4.004269599914551
587,937,4.0,3.2749695777893066
46,286,5.0,4.021395206451416
417,871,2.0,2.471395492553711
494,199,4.0,4.40794038772583
18,213,5.0,4.132388591766357
606,591,3.0,3.9706766605377197
429,631,4.0,3.5549254417419434
92,386,3.0,2.6865458488464355
930,763,3.0,2.7324814796447754
385,79,3.0,3.542846441268921
908,963,4.0,3.751343011856079
537,670,2.0,2.411389112472534
268,449,2.0,2.7234127521514893
180,423,4.0,4.114839553833008
766,382,3.0,3.350090503692627
892,465,4.0,3.9491844177246094
280,934,2.0,3.0306382179260254
309,1025,5.0,2.6602413654327393
141,823,3.0,2.9893479347229004
148,474,5.0,4.381088733673096
144,281,3.0,3.164313316345215
122,1045,4.0,3.416773557662964
387,588,3.0,3.5534746646881104
629,467,5.0,4.225762844085693
59,479,5.0,4.463491916656494
498,64,4.0,3.8733363151550293
28,11,4.0,3.943311929702759
655,27,3.0,2.7479634284973145
864,577,3.0,2.3934028148651123
233,89,3.0,4.681519031524658
279,805,3.0,3.752908945083618
682,111,3.0,3.3209455013275146
935,181,4.0,4.388031005859375
104,9,2.0,2.9157841205596924
768,1061,1.0,2.750122308731079
886,941,2.0,2.938257932662964
222,475,4.0,3.7267186641693115
472,760,5.0,3.549988269805908
650,1419,3.0,2.03547739982605
764,191,3.0,4.520268440246582
461,285,4.0,3.6901538372039795
470,874,3.0,3.2341012954711914
106,191,5.0,4.187876224517822
48,185,4.0,4.081801891326904
92,455,2.0,3.207913398742676
11,213,4.0,3.915782928466797
913,423,3.0,3.4942069053649902
881,441,2.0,2.5613982677459717
256,127,4.0,5.213744163513184
148,114,5.0,4.471470832824707
130,800,4.0,3.651073694229126
201,148,1.0,2.865694999694824
707,212,4.0,3.18776798248291
559,261,3.0,2.300722360610962
416,625,5.0,3.7632808685302734
480,183,4.0,3.6392135620117188
269,959,5.0,3.067857503890991
259,271,3.0,3.4243407249450684
474,671,3.0,4.05244779586792
71,248,3.0,3.583606719970703
291,50,5.0,5.018871307373047
141,7,5.0,3.9281463623046875
474,481,4.0,4.321154594421387
21,563,2.0,2.297694683074951
665,496,3.0,3.974484920501709
472,78,1.0,3.1668894290924072
13,315,5.0,3.9100794792175293
215,99,4.0,3.6653542518615723
682,300,2.0,3.470881462097168
396,678,3.0,2.9506654739379883
256,487,5.0,4.935623645782471
234,921,4.0,3.3648722171783447
566,219,1.0,3.0544912815093994
303,325,1.0,2.8307313919067383
405,1101,3.0,2.2072503566741943
606,841,3.0,3.0025506019592285
389,161,2.0,3.5879034996032715
76,385,2.0,3.599729299545288
593,501,2.0,3.598721981048584
593,393,4.0,3.5073673725128174
391,648,5.0,4.101076602935791
833,24,4.0,2.9684247970581055
727,831,3.0,2.2845613956451416
301,232,4.0,3.2951793670654297
769,831,1.0,2.326901435852051
463,302,5.0,3.6134846210479736
882,203,4.0,4.362026214599609
639,990,1.0,2.7092976570129395
339,504,5.0,4.317718982696533
13,341,2.0,2.840914249420166
332,1016,5.0,4.311522006988525
405,712,1.0,1.9419631958007812
64,154,4.0,3.703413963317871
807,543,2.0,3.970076322555542
718,284,4.0,3.394951820373535
22,161,4.0,3.6505417823791504
303,1021,4.0,4.119527339935303
757,27,4.0,3.0443942546844482
342,297,3.0,3.865870475769043
877,176,5.0,4.076630115509033
193,412,3.0,2.129818916320801
647,73,5.0,3.528308629989624
727,810,2.0,2.7484099864959717
1,239,4.0,3.720987558364868
14,628,5.0,3.7018632888793945
537,1025,1.0,2.2843129634857178
239,45,5.0,4.36309289932251
642,56,4.0,4.510625839233398
246,50,5.0,3.890390396118164
198,191,4.0,3.7231409549713135
690,763,4.0,3.066988945007324
846,748,3.0,3.344550132751465
222,810,2.0,2.684983730316162
458,178,4.0,4.333507537841797
357,687,3.0,2.539968490600586
365,894,1.0,2.0425193309783936
276,200,5.0,3.9868125915527344
880,327,3.0,3.743029832839966
492,86,3.0,3.4921188354492188
665,535,4.0,3.1234607696533203
94,347,5.0,3.763930082321167
592,333,5.0,3.9705190658569336
537,966,2.0,3.1361329555511475
504,163,4.0,3.766801357269287
846,357,4.0,4.529006004333496
617,519,3.0,3.1255106925964355
864,184,4.0,3.7853119373321533
911,199,3.0,4.342214107513428
444,245,4.0,3.1751601696014404
622,184,5.0,3.4721105098724365
240,358,2.0,2.985084295272827
288,269,5.0,4.004605770111084
711,222,3.0,3.8304591178894043
779,195,5.0,4.277591228485107
366,413,4.0,3.143430233001709
69,12,5.0,4.550801753997803
94,823,3.0,3.0853326320648193
129,307,2.0,2.770230770111084
193,689,2.0,2.961118459701538
620,740,5.0,3.95121431350708
498,522,3.0,3.4110867977142334
537,378,2.0,2.9983949661254883
528,484,3.0,4.2096662521362305
573,836,3.0,3.324118137359619
756,473,3.0,2.822153091430664
425,690,1.0,3.048630475997925
393,365,3.0,3.387711524963379
657,327,1.0,3.1664247512817383
394,250,4.0,3.893051862716675
180,367,1.0,3.74568772315979
749,986,3.0,2.7408225536346436
711,48,4.0,4.2980570793151855
145,216,5.0,4.015614032745361
334,945,4.0,3.8024814128875732
339,663,5.0,4.318187713623047
588,12,5.0,4.613553047180176
699,1187,4.0,3.0265092849731445
343,660,3.0,4.068395137786865
311,170,5.0,4.3596673011779785
389,82,4.0,3.929182529449463
497,810,3.0,2.7770190238952637
586,69,4.0,3.631345272064209
268,1228,1.0,2.2296974658966064
758,889,3.0,3.6782140731811523
896,133,2.0,3.3429572582244873
215,144,4.0,3.847301483154297
125,508,1.0,3.7365684509277344
66,248,4.0,3.6347665786743164
181,1085,1.0,1.365837812423706
21,184,4.0,3.1864116191864014
815,79,4.0,4.135961055755615
42,679,2.0,3.2129597663879395
940,474,3.0,3.883589029312134
338,708,5.0,3.37666654586792
543,568,3.0,3.5521092414855957
307,403,3.0,3.5441298484802246
409,1070,4.0,3.7205379009246826
42,423,5.0,4.046128273010254
421,164,4.0,3.404688596725464
153,265,4.0,2.957984447479248
541,732,3.0,3.8610146045684814
373,735,5.0,3.8940069675445557
535,185,4.0,4.1440839767456055
71,98,4.0,4.244204998016357
790,153,3.0,3.536651849746704
13,872,3.0,2.8920376300811768
244,763,4.0,3.5871036052703857
452,526,4.0,3.5966575145721436
59,527,5.0,4.375115871429443
253,82,3.0,3.978377342224121
430,42,3.0,3.5891318321228027
726,832,5.0,1.9921250343322754
44,240,4.0,2.759878635406494
618,724,3.0,3.1800169944763184
654,588,4.0,3.8182740211486816
788,317,4.0,3.7922892570495605
871,289,3.0,3.0525050163269043
270,703,4.0,4.39518404006958
73,202,2.0,3.590735912322998
693,568,4.0,3.0721070766448975
117,475,5.0,4.584136486053467
57,405,4.0,3.451260805130005
508,238,4.0,3.9475297927856445
695,307,4.0,3.354551315307617
412,427,4.0,4.353065013885498
807,1483,4.0,3.648588180541992
42,559,2.0,3.4082624912261963
921,252,4.0,2.7867825031280518
916,219,3.0,3.109172821044922
934,664,4.0,3.870035409927368
144,4,4.0,3.480100631713867
862,177,4.0,4.57547664642334
244,13,4.0,3.651399850845337
392,127,5.0,4.660613059997559
436,411,4.0,3.1482973098754883
624,831,3.0,2.4928462505340576
169,705,5.0,3.928764820098877
181,236,1.0,1.6987099647521973
184,238,4.0,3.8993873596191406
823,187,5.0,4.585639953613281
15,9,4.0,3.2414939403533936
824,304,3.0,3.085211753845215
325,82,3.0,3.4853382110595703
872,237,4.0,3.810227394104004
867,655,4.0,4.253047466278076
458,742,4.0,3.5656180381774902
276,88,3.0,3.6310384273529053
442,2,3.0,2.9001002311706543
683,187,5.0,3.821500301361084
627,549,3.0,3.355576515197754
894,324,3.0,3.207091808319092
889,204,4.0,3.625947952270508
700,144,4.0,3.504513740539551
374,164,4.0,3.5380020141601562
751,269,5.0,3.9096078872680664
330,432,4.0,4.567448139190674
398,144,5.0,3.826720714569092
932,86,4.0,4.230742454528809
271,224,4.0,3.7816591262817383
711,905,3.0,3.6813836097717285
452,501,3.0,3.2028651237487793
291,773,3.0,3.2165393829345703
747,357,5.0,4.720228672027588
280,392,5.0,3.6898655891418457
301,451,4.0,3.224802255630493
117,405,5.0,3.740535259246826
271,482,5.0,3.978976249694824
409,205,3.0,3.9596126079559326
457,356,4.0,3.8342185020446777
293,152,4.0,3.1720290184020996
234,747,3.0,2.9940836429595947
346,237,4.0,3.4688467979431152
463,283,5.0,3.155856132507324
699,3,3.0,2.7696120738983154
13,91,2.0,3.4252445697784424
295,420,4.0,4.112264633178711
351,1024,4.0,4.152869701385498
882,265,5.0,4.394611358642578
94,190,5.0,4.544177055358887
354,882,4.0,3.5880565643310547
660,90,2.0,2.4036455154418945
514,97,5.0,3.796262741088867
375,566,4.0,3.5642940998077393
255,1034,1.0,2.057058572769165
414,300,4.0,4.061601161956787
752,539,4.0,2.3924505710601807
813,892,1.0,2.4566776752471924
592,427,5.0,4.822486877441406
575,531,1.0,3.1087231636047363
532,26,3.0,4.209566116333008
454,528,4.0,3.252058506011963
38,257,1.0,4.334884166717529
417,1215,2.0,1.8595211505889893
807,1050,5.0,3.948171854019165
320,202,4.0,4.241196155548096
327,589,3.0,3.64458966255188
634,248,4.0,3.651118040084839
98,47,4.0,3.2768681049346924
121,174,3.0,4.130339622497559
102,363,2.0,2.177276372909546
271,602,3.0,3.6271512508392334
510,876,2.0,2.4056448936462402
360,423,4.0,3.957195997238159
774,64,3.0,2.6400561332702637
92,40,3.0,2.975344657897949
583,655,5.0,4.23217248916626
458,194,2.0,4.122183799743652
726,255,2.0,2.6967074871063232
917,50,3.0,4.411914348602295
378,97,5.0,3.662320375442505
733,1115,3.0,3.0734848976135254
62,72,3.0,2.9167683124542236
57,477,4.0,3.3993124961853027
524,52,4.0,3.6568987369537354
113,273,4.0,3.888613700866699
177,238,3.0,3.7972817420959473
452,615,3.0,3.7088263034820557
524,818,3.0,2.758251190185547
313,193,4.0,3.9517135620117188
28,441,2.0,2.776963472366333
537,457,1.0,1.5456256866455078
119,616,2.0,4.0880513191223145
326,230,3.0,3.09303879737854
868,156,3.0,3.4236397743225098
381,1115,4.0,3.760087728500366
334,179,4.0,3.775942325592041
774,101,2.0,2.082855463027954
168,1278,3.0,3.528784990310669
892,484,5.0,4.695980548858643
676,265,5.0,3.942037582397461
863,900,3.0,3.9580001831054688
442,26,3.0,3.1244945526123047
919,58,5.0,3.583932876586914
71,52,4.0,3.8074569702148438
911,216,4.0,3.9671528339385986
226,513,3.0,4.460022449493408
774,117,2.0,2.249431610107422
236,216,5.0,3.6303768157958984
425,751,2.0,3.017930030822754
880,379,4.0,3.2370479106903076
593,723,4.0,3.371312141418457
801,245,3.0,3.776714563369751
125,813,1.0,4.1096510887146
13,271,1.0,3.032381057739258
303,655,5.0,4.028049468994141
332,122,5.0,2.951046943664551
201,15,3.0,3.2783172130584717
932,617,4.0,4.010740756988525
200,103,2.0,2.596515417098999
863,242,4.0,4.082852363586426
450,1303,4.0,2.355273723602295
897,528,3.0,4.532633304595947
378,411,3.0,2.847792625427246
37,930,3.0,2.855865955352783
497,1047,3.0,2.7320103645324707
262,11,4.0,3.4753451347351074
712,724,3.0,3.7760536670684814
601,840,2.0,2.470550537109375
768,16,3.0,3.0261240005493164
133,243,3.0,2.2183218002319336
592,95,4.0,4.247438430786133
618,1058,3.0,2.853233575820923
634,269,4.0,4.0516791343688965
939,326,5.0,4.431130886077881
14,313,2.0,4.597016334533691
141,120,4.0,2.2920498847961426
896,546,2.0,2.6725804805755615
92,401,3.0,2.6561384201049805
659,483,4.0,4.498652458190918
276,384,3.0,2.9424703121185303
704,381,3.0,3.5408222675323486
399,975,2.0,2.7284793853759766
922,834,1.0,2.119283437728882
883,421,5.0,3.7899951934814453
234,358,1.0,2.403780698776245
592,246,5.0,4.415215015411377
665,248,4.0,3.5096206665039062
562,194,5.0,3.9565887451171875
95,648,3.0,4.136120319366455
87,382,3.0,4.106436252593994
834,288,5.0,3.5406646728515625
435,84,2.0,2.740518093109131
498,212,3.0,2.9111969470977783
775,344,5.0,3.695254325866699
884,179,5.0,3.7807564735412598
574,288,4.0,3.276444673538208
330,554,3.0,3.491131544113159
910,117,4.0,3.1070187091827393
235,346,4.0,3.7259676456451416
318,289,3.0,3.23474383354187
92,476,2.0,2.9941458702087402
275,418,3.0,3.061763048171997
370,172,4.0,4.057690143585205
660,755,2.0,2.5391416549682617
321,224,3.0,3.6305670738220215
224,678,3.0,2.46561336517334
757,574,3.0,2.1189491748809814
342,531,3.0,3.7632718086242676
399,265,3.0,3.328923225402832
451,989,1.0,2.5849409103393555
557,1244,2.0,3.1597564220428467
144,223,4.0,4.198947429656982
222,403,3.0,3.1752147674560547
465,511,4.0,3.710268497467041
924,285,4.0,4.166563034057617
457,98,5.0,5.078349590301514
527,153,5.0,3.733469009399414
122,11,1.0,4.014595031738281
537,337,3.0,2.7424256801605225
499,181,3.0,3.945458173751831
378,450,3.0,2.460285186767578
311,431,4.0,3.730961799621582
367,288,5.0,4.2287468910217285
342,220,1.0,3.223719358444214
20,176,2.0,3.2938177585601807
270,265,4.0,4.872076034545898
416,795,2.0,2.6629390716552734
201,230,3.0,3.109016180038452
634,477,3.0,3.2574210166931152
198,241,3.0,3.1547887325286865
595,293,4.0,3.7690017223358154
910,182,4.0,3.318547248840332
894,166,4.0,4.102175712585449
406,99,5.0,3.470684051513672
464,176,4.0,4.528855323791504
790,583,2.0,2.9544529914855957
412,150,4.0,3.9023826122283936
699,222,3.0,3.258391857147217
702,230,4.0,2.59458065032959
344,322,2.0,3.075666904449463
5,427,3.0,3.9488632678985596
13,813,1.0,3.779102087020874
67,1093,5.0,3.5885696411132812
489,259,2.0,3.225327253341675
811,895,5.0,3.6950843334198
276,734,1.0,2.75604248046875
370,425,3.0,3.72806453704834
543,586,3.0,2.561307191848755
711,217,4.0,3.3642332553863525
548,696,4.0,3.3215932846069336
271,1411,2.0,2.605772018432617
840,1214,1.0,2.348919630050659
165,15,5.0,3.8970658779144287
761,289,2.0,2.7705018520355225
454,70,4.0,2.842477560043335
693,572,2.0,2.4688048362731934
654,109,3.0,3.472508430480957
654,196,5.0,3.8964650630950928
429,999,2.0,2.7538576126098633
374,1014,1.0,3.1631360054016113
360,744,4.0,3.6292076110839844
882,176,4.0,4.504464626312256
378,22,5.0,4.1839776039123535
5,404,2.0,3.327120542526245
370,100,4.0,3.9627037048339844
443,271,4.0,3.2390334606170654
174,823,4.0,3.231611967086792
94,154,5.0,4.050817966461182
308,226,3.0,3.3620197772979736
622,217,4.0,3.2249209880828857
280,215,3.0,3.886812210083008
184,527,4.0,4.090356826782227
600,174,4.0,4.560307502746582
415,322,4.0,3.3002727031707764
792,591,2.0,3.4773447513580322
239,530,5.0,4.48225736618042
472,1034,3.0,3.0706698894500732
216,416,3.0,3.53804087638855
931,286,5.0,3.71311616897583
751,172,5.0,4.106356620788574
60,272,4.0,4.581521511077881
189,526,4.0,4.1604695320129395
888,792,5.0,4.021541595458984
296,242,4.0,4.698956489562988
397,474,5.0,4.467738628387451
503,546,4.0,3.193150281906128
239,133,3.0,4.158802032470703
613,478,5.0,4.584321975708008
326,493,5.0,3.6898534297943115
833,654,5.0,3.6317577362060547
198,474,5.0,3.7675528526306152
158,116,5.0,4.090041160583496
303,200,4.0,3.9449191093444824
1,99,3.0,3.827393054962158
13,786,3.0,2.665336847305298
315,466,1.0,3.8044753074645996
782,288,4.0,3.0949525833129883
151,224,5.0,4.254393577575684
528,239,5.0,3.5562798976898193
738,423,4.0,3.7678332328796387
710,1101,4.0,3.642794609069824
264,856,3.0,4.505287170410156
92,778,4.0,3.5248372554779053
627,58,5.0,3.4165382385253906
373,24,4.0,3.5399715900421143
293,206,4.0,3.115171194076538
783,260,4.0,2.94564151763916
394,179,5.0,4.494098663330078
831,479,4.0,4.078869819641113
846,423,4.0,4.074220657348633
342,746,4.0,3.6267037391662598
615,179,4.0,4.112700939178467
293,845,2.0,3.033590793609619
648,559,2.0,3.072740077972412
105,286,4.0,3.363603353500366
593,685,3.0,3.4457929134368896
939,1023,4.0,3.251589059829712
881,21,3.0,2.6960062980651855
344,22,3.0,4.269595623016357
269,65,4.0,3.0366291999816895
887,496,4.0,4.773777008056641
82,191,4.0,3.7766849994659424
490,993,1.0,2.742903470993042
897,521,5.0,4.227610111236572
456,655,3.0,3.6376030445098877
280,233,4.0,3.373900890350342
541,755,5.0,3.509448289871216
129,311,3.0,2.987515449523926
884,463,5.0,3.686499834060669
58,923,5.0,4.434257984161377
870,549,2.0,3.343432903289795
159,1132,5.0,2.981292486190796
502,680,3.0,2.607646942138672
92,15,3.0,3.6563572883605957
104,302,5.0,3.236886978149414
385,1154,5.0,2.5017499923706055
399,291,3.0,2.8895316123962402
875,135,4.0,4.212368965148926
210,301,4.0,3.6317169666290283
629,322,3.0,3.3561015129089355
587,315,4.0,3.752234935760498
798,845,5.0,3.4084479808807373
303,1157,2.0,3.096067428588867
771,408,5.0,4.4139885902404785
786,404,4.0,3.776658535003662
627,76,3.0,3.228167772293091
804,159,4.0,3.3481483459472656
405,1549,1.0,1.1567715406417847
835,673,4.0,3.9528846740722656
402,32,3.0,4.189986228942871
346,470,3.0,3.3900227546691895
495,218,4.0,3.996994733810425
456,568,2.0,3.472323417663574
331,653,3.0,3.7667484283447266
66,21,1.0,2.8214664459228516
262,125,3.0,3.2767672538757324
715,685,3.0,3.2552993297576904
409,499,3.0,4.009242057800293
6,538,2.0,3.4161243438720703
708,294,3.0,3.1198041439056396
409,518,1.0,3.7626333236694336
665,186,4.0,3.7957491874694824
413,14,5.0,3.990746021270752
401,316,5.0,3.464824914932251
455,343,4.0,3.07433819770813
23,597,3.0,3.0454094409942627
591,285,5.0,4.314274787902832
545,395,4.0,2.4657959938049316
378,441,3.0,2.6766841411590576
594,222,4.0,3.1568679809570312
66,237,4.0,3.6376025676727295
442,188,3.0,3.331177234649658
489,908,5.0,2.954284906387329
387,477,1.0,3.0530107021331787
913,169,4.0,4.085266590118408
532,168,5.0,5.01286506652832
714,1014,3.0,3.306912660598755
495,392,5.0,4.071987152099609
7,593,5.0,3.34658145904541
210,98,5.0,4.788966655731201
246,250,4.0,3.045991897583008
935,300,4.0,4.027857303619385
222,1438,4.0,1.632574439048767
345,660,5.0,3.844921350479126
499,347,4.0,3.463639259338379
393,419,4.0,3.7142956256866455
665,293,4.0,3.6695001125335693
65,77,5.0,3.421431064605713
896,422,3.0,2.314422130584717
382,168,4.0,3.583216428756714
648,1092,1.0,2.3394782543182373
262,1013,2.0,2.0782065391540527
775,269,4.0,3.869661808013916
522,200,4.0,3.996321201324463
94,159,3.0,3.3923606872558594
62,171,4.0,3.630376100540161
756,99,3.0,3.334559917449951
881,742,4.0,3.4105842113494873
451,328,5.0,3.045941114425659
320,95,3.0,4.400179386138916
916,451,3.0,3.0500528812408447
535,338,3.0,2.7649576663970947
425,174,3.0,3.6728129386901855
49,50,1.0,3.4923529624938965
237,83,4.0,4.183250904083252
643,410,4.0,3.250971794128418
59,951,3.0,2.777834892272949
780,423,5.0,3.702990770339966
412,634,5.0,3.515590190887451
790,208,3.0,3.686710834503174
91,338,4.0,2.80808687210083
648,231,2.0,2.617753028869629
601,928,1.0,2.700748920440674
405,735,5.0,2.1829705238342285
880,4,4.0,3.73844313621521
442,150,4.0,3.528876543045044
504,240,1.0,2.936251640319824
561,98,4.0,3.6303372383117676
435,627,3.0,3.11068058013916
826,385,5.0,4.104974746704102
682,211,4.0,3.689812660217285
880,217,4.0,3.395585536956787
268,384,3.0,2.5048749446868896
664,631,4.0,3.7505693435668945
274,71,4.0,4.44443416595459
567,96,4.0,4.020256996154785
279,1321,4.0,1.6924962997436523
269,723,1.0,2.796297073364258
840,196,4.0,4.12947416305542
85,647,4.0,4.071749210357666
883,224,4.0,4.051436901092529
222,96,5.0,3.729083776473999
434,815,4.0,3.5370261669158936
826,11,4.0,4.2943501472473145
569,405,3.0,3.2282533645629883
114,56,3.0,3.6866395473480225
435,1103,4.0,3.6420047283172607
299,1103,4.0,3.556199312210083
733,1129,4.0,3.389317035675049
736,253,5.0,2.897310733795166
52,463,5.0,4.430013656616211
911,435,5.0,4.008573055267334
363,47,5.0,3.1543078422546387
494,528,3.0,4.286089897155762
889,96,4.0,3.777212142944336
146,262,4.0,4.006605625152588
637,150,1.0,2.890460729598999
835,281,4.0,3.5129504203796387
829,276,4.0,3.4899630546569824
810,342,5.0,3.5860767364501953
919,596,3.0,3.3024115562438965
768,288,4.0,3.1166250705718994
409,136,4.0,4.050135612487793
199,1354,1.0,1.3533599376678467
429,628,3.0,3.346337080001831
303,294,4.0,3.3066444396972656
622,1207,2.0,2.2943570613861084
690,223,4.0,3.8504388332366943
770,15,5.0,4.73767614364624
170,328,3.0,3.9596192836761475
158,511,5.0,4.598825931549072
664,431,2.0,3.6209230422973633
87,228,5.0,4.243325233459473
537,506,3.0,3.1069438457489014
148,529,5.0,4.008408546447754
112,325,1.0,2.8861703872680664
303,559,4.0,3.344388484954834
373,727,4.0,3.459651470184326
101,284,4.0,2.908646583557129
693,130,1.0,1.98209547996521
707,719,3.0,2.4615864753723145
523,168,4.0,4.876138210296631
13,86,1.0,3.677131175994873
536,679,4.0,3.239328145980835
59,559,5.0,3.459893226623535
804,208,5.0,4.142478942871094
276,100,5.0,4.363663673400879
254,629,2.0,2.956791639328003
543,1073,3.0,3.780674934387207
94,1011,4.0,3.4401421546936035
22,167,3.0,3.1906447410583496
573,134,4.0,3.969193696975708
655,1045,3.0,2.8038296699523926
136,15,4.0,4.106683254241943
293,122,3.0,2.125439405441284
561,1210,1.0,2.4623985290527344
757,17,3.0,3.122100353240967
429,1016,4.0,3.300656318664551
887,288,4.0,3.9132511615753174
721,872,3.0,3.194072723388672
212,427,4.0,4.243353843688965
189,294,5.0,3.391784429550171
45,276,5.0,3.9906749725341797
59,243,1.0,2.6339221000671387
102,993,2.0,2.702639579772949
450,611,5.0,4.561561107635498
185,181,4.0,4.168001651763916
187,792,5.0,3.8302135467529297
865,763,1.0,2.48404598236084
699,283,4.0,3.3170101642608643
174,384,1.0,3.120436429977417
83,127,4.0,4.566967010498047
716,260,1.0,2.696793556213379
517,823,2.0,2.725586414337158
308,520,4.0,4.280812740325928
263,99,3.0,3.9268178939819336
563,220,4.0,3.6124470233917236
672,25,5.0,3.045687675476074
308,141,3.0,3.5642075538635254
286,142,4.0,3.338780641555786
466,679,3.0,2.8805618286132812
351,258,5.0,4.5141119956970215
239,382,3.0,3.9722964763641357
509,294,2.0,2.490345001220703
640,1016,3.0,4.077084064483643
187,651,5.0,4.229680061340332
184,1014,2.0,3.1788887977600098
699,16,3.0,2.9783647060394287
815,485,4.0,3.9829978942871094
665,1,4.0,3.706528663635254
937,508,1.0,3.4462127685546875
290,625,4.0,3.1326873302459717
315,211,4.0,4.180731296539307
797,300,2.0,3.03450083732605
368,11,4.0,3.570958375930786
159,756,4.0,2.998866081237793
536,432,4.0,3.9323151111602783
887,443,4.0,4.419867038726807
60,673,4.0,3.8086557388305664
232,357,4.0,4.194042682647705
871,50,5.0,4.249210834503174
5,457,1.0,1.6981072425842285
363,571,1.0,2.272294759750366
360,187,4.0,4.354452133178711
636,118,5.0,3.59232759475708
823,87,5.0,4.3921003341674805
757,333,4.0,3.471637725830078
600,181,4.0,4.290040969848633
366,853,5.0,4.141715049743652
405,8,4.0,2.329735279083252
118,79,5.0,4.9917192459106445
880,38,3.0,3.0924363136291504
781,232,3.0,3.2968783378601074
234,506,4.0,3.380737543106079
293,183,4.0,3.498591899871826
806,82,4.0,3.777423858642578
87,182,4.0,4.454394817352295
639,153,3.0,3.0226516723632812
234,99,5.0,3.170076847076416
290,22,5.0,3.954716205596924
928,173,4.0,4.925607681274414
632,168,4.0,4.144562721252441
654,408,5.0,4.602381706237793
328,182,2.0,3.865478038787842
593,159,4.0,3.2985682487487793
922,431,4.0,3.4848546981811523
561,1024,3.0,2.9696261882781982
624,126,4.0,4.045466899871826
752,322,1.0,2.864868640899658
682,1178,1.0,2.4672775268554688
398,173,4.0,4.1543192863464355
198,237,2.0,3.216758966445923
293,15,3.0,3.286923885345459
738,357,4.0,4.181636810302734
354,473,3.0,3.028986930847168
74,121,4.0,3.423933744430542
345,238,5.0,4.006624698638916
889,385,3.0,3.4242124557495117
543,188,4.0,3.562433958053589
253,895,4.0,3.3497025966644287
727,33,3.0,3.2394306659698486
456,845,3.0,3.2657740116119385
574,258,5.0,3.6604018211364746
249,271,4.0,3.5433712005615234
416,431,4.0,4.057754993438721
378,11,3.0,3.763212203979492
381,1407,3.0,2.560431718826294
330,393,4.0,4.206287860870361
329,512,4.0,3.759469509124756
274,69,5.0,4.442556858062744
711,345,4.0,3.6352200508117676
339,343,3.0,3.4836955070495605
87,651,4.0,4.5963521003723145
145,559,2.0,3.2981531620025635
881,15,3.0,3.550384521484375
125,98,5.0,4.37645959854126
704,134,5.0,4.189766883850098
364,269,4.0,3.969665288925171
790,405,3.0,3.0850722789764404
234,284,3.0,2.777186393737793
405,1193,1.0,2.2710797786712646
478,710,5.0,3.3836636543273926
693,281,3.0,2.6983747482299805
339,139,3.0,3.125230550765991
755,259,3.0,2.5324413776397705
747,429,4.0,4.391967296600342
470,824,4.0,2.6465156078338623
21,322,3.0,2.8350839614868164
620,7,4.0,4.305478572845459
412,211,4.0,3.932270050048828
562,190,4.0,4.06671142578125
269,497,3.0,3.4021949768066406
715,50,5.0,4.280210494995117
303,250,4.0,3.563370943069458
398,1020,3.0,3.8588101863861084
896,481,4.0,3.4923219680786133
490,1386,4.0,1.9640617370605469
44,257,4.0,3.7007997035980225
838,313,5.0,4.5653557777404785
17,245,2.0,2.653555154800415
210,300,4.0,4.081090927124023
301,105,3.0,2.460516929626465
903,127,5.0,4.44243860244751
153,325,2.0,2.1670680046081543
92,159,4.0,3.130006790161133
637,282,3.0,2.6773581504821777
376,357,4.0,4.1506500244140625
779,235,4.0,3.1320643424987793
880,720,2.0,3.1079039573669434
393,1179,4.0,1.9978103637695312
229,313,2.0,3.338881731033325
87,433,3.0,4.202103137969971
224,555,3.0,1.7175309658050537
942,95,5.0,4.28318452835083
280,699,4.0,3.831970453262329
716,549,4.0,3.673525810241699
468,647,5.0,4.542023658752441
889,615,3.0,3.8033287525177
537,1009,2.0,2.738617420196533
283,71,4.0,4.430260181427002
191,343,3.0,3.1254565715789795
669,511,5.0,3.812650680541992
437,842,4.0,3.0619800090789795
239,589,3.0,4.48176383972168
705,286,3.0,3.829885244369507
458,189,4.0,4.10657262802124
200,82,5.0,4.512152671813965
387,559,3.0,3.037134885787964
809,299,4.0,2.914102554321289
537,323,1.0,2.4462783336639404
308,495,3.0,3.742323875427246
66,742,5.0,3.5755839347839355
7,385,5.0,4.0619330406188965
99,79,4.0,4.16391658782959
255,984,1.0,2.341489553451538
535,162,3.0,3.7258124351501465
464,709,5.0,4.774966239929199
393,81,2.0,3.578587293624878
524,133,5.0,3.6199851036071777
295,1050,5.0,4.235461711883545
339,88,4.0,3.75826358795166
168,222,5.0,3.644289016723633
72,566,4.0,3.5197765827178955
42,73,4.0,3.6038219928741455
82,518,4.0,3.425138235092163
276,586,3.0,2.739713191986084
889,1069,1.0,3.0931246280670166
896,705,5.0,3.492737054824829
458,64,4.0,4.4351277351379395
577,727,5.0,3.570655584335327
886,55,4.0,3.6542131900787354
932,399,4.0,3.470608949661255
786,588,5.0,3.8972504138946533
489,895,4.0,3.7804038524627686
448,1022,5.0,3.2822792530059814
486,689,2.0,2.9457552433013916
833,22,3.0,3.660094738006592
416,272,5.0,4.9013190269470215
75,820,3.0,2.9243600368499756
30,688,3.0,2.1157491207122803
423,282,4.0,3.626129388809204
682,217,4.0,2.9952590465545654
494,121,4.0,3.511995792388916
572,1171,3.0,2.904644012451172
87,321,2.0,3.5912070274353027
524,135,3.0,3.771418571472168
435,760,1.0,2.729891538619995
313,195,5.0,3.9329092502593994
291,175,2.0,4.563020706176758
346,38,3.0,2.7747764587402344
291,89,3.0,4.785037040710449
847,144,4.0,3.253652572631836
30,135,5.0,4.265635013580322
308,452,2.0,2.803739547729492
295,227,4.0,3.9337141513824463
486,475,4.0,3.7731499671936035
388,569,5.0,3.2585930824279785
642,1287,2.0,1.627213716506958
276,373,2.0,3.0045130252838135
881,27,3.0,3.019896984100342
11,652,4.0,3.733994245529175
413,326,3.0,3.368901252746582
542,168,4.0,3.969820022583008
628,305,5.0,4.568107604980469
105,268,4.0,3.4366979598999023
145,265,5.0,3.9600348472595215
454,707,3.0,3.096626043319702
58,45,5.0,4.074726581573486
195,508,3.0,3.641601085662842
585,863,5.0,4.038573741912842
174,31,4.0,4.1107497215271
587,272,5.0,3.867043972015381
301,233,4.0,3.1955103874206543
586,117,4.0,3.510120391845703
818,286,4.0,3.3255505561828613
405,1230,1.0,1.2725164890289307
870,188,5.0,3.4354496002197266
660,298,2.0,2.8698081970214844
535,179,4.0,3.983643054962158
94,88,3.0,3.6731784343719482
943,1011,2.0,3.290074110031128
892,403,3.0,3.801530599594116
844,690,3.0,3.270928382873535
886,819,4.0,2.5274431705474854
160,282,4.0,3.8277933597564697
496,1133,3.0,2.572450637817383
449,15,4.0,3.9067063331604004
916,713,3.0,3.472900629043579
783,331,3.0,4.020024299621582
144,91,2.0,3.6143622398376465
642,1311,3.0,2.876706600189209
23,28,3.0,3.7186810970306396
478,12,5.0,4.059919357299805
606,161,4.0,3.8009116649627686
178,173,5.0,4.377638816833496
117,109,4.0,3.9273109436035156
698,28,2.0,2.901214599609375
84,529,5.0,4.339861869812012
699,322,3.0,2.7880992889404297
303,430,4.0,4.26469612121582
621,176,3.0,4.322278022766113
316,530,2.0,3.3844094276428223
394,72,4.0,3.601320505142212
456,216,4.0,3.7109737396240234
22,405,1.0,3.4323601722717285
595,763,3.0,3.341557025909424
74,126,3.0,3.8477931022644043
301,393,3.0,3.3566455841064453
469,286,5.0,4.121912002563477
782,887,4.0,3.3157317638397217
566,82,4.0,3.5085883140563965
137,257,5.0,4.496281623840332
843,271,5.0,2.4527647495269775
932,238,3.0,4.181385517120361
907,278,5.0,4.063950061798096
118,433,5.0,4.646627902984619
525,237,4.0,3.503469944000244
553,487,5.0,4.228756904602051
638,174,5.0,3.917485475540161
244,278,3.0,3.338540554046631
504,186,3.0,4.095752716064453
427,258,4.0,5.067159652709961
474,523,5.0,4.367416858673096
92,780,3.0,2.9949684143066406
397,492,4.0,3.9499335289001465
442,90,3.0,2.8232271671295166
677,322,4.0,3.1854488849639893
76,1158,4.0,2.453381299972534
733,471,3.0,3.105970859527588
880,179,4.0,4.1825151443481445
537,271,2.0,2.596066474914551
739,22,5.0,3.713676929473877
832,873,2.0,2.6354477405548096
599,111,5.0,4.324235439300537
894,343,2.0,3.276082992553711
561,1009,4.0,2.9107041358947754
379,637,2.0,3.2747578620910645
500,471,4.0,3.333523750305176
422,129,4.0,3.9047255516052246
374,443,5.0,3.808459758758545
841,748,4.0,3.4119529724121094
102,29,1.0,2.1307640075683594
94,471,4.0,3.7560372352600098
297,471,3.0,3.3075056076049805
655,448,4.0,2.9149177074432373
416,143,5.0,4.1706695556640625
293,297,4.0,3.5312893390655518
405,795,2.0,1.477510690689087
533,190,2.0,3.9630331993103027
8,187,4.0,4.64915132522583
764,151,4.0,3.868056535720825
487,572,1.0,3.0576744079589844
344,288,4.0,3.4116690158843994
626,748,2.0,2.1162965297698975
476,343,4.0,3.204977512359619
174,9,5.0,4.308706283569336
472,365,4.0,4.2286858558654785
932,528,5.0,4.497045040130615
536,80,2.0,2.9459311962127686
506,77,3.0,3.4596266746520996
721,938,3.0,2.840433120727539
796,761,3.0,2.9605343341827393
815,95,3.0,3.97812819480896
535,707,4.0,4.01921272277832
733,922,3.0,3.5307397842407227
254,449,5.0,2.7391655445098877
244,1209,3.0,2.5652265548706055
64,748,1.0,3.063661575317383
489,322,5.0,3.580639123916626
916,82,4.0,3.5652599334716797
297,271,2.0,3.0303986072540283
637,985,2.0,2.345820188522339
203,294,2.0,3.3092257976531982
788,879,4.0,3.185816526412964
872,892,3.0,2.818103075027466
566,100,5.0,3.806117534637451
334,521,4.0,3.734806537628174
659,490,4.0,4.057888031005859
407,402,2.0,3.387782096862793
920,313,5.0,3.7752788066864014
823,474,5.0,4.652773380279541
222,739,4.0,2.9836950302124023
682,294,3.0,3.0132527351379395
344,9,5.0,3.849592924118042
229,269,4.0,3.118492841720581
658,724,3.0,3.419093370437622
827,358,2.0,2.497727155685425
110,64,4.0,4.109795093536377
5,446,4.0,2.277662515640259
251,210,4.0,4.04754638671875
650,747,3.0,3.017568349838257
398,708,3.0,3.453404188156128
570,286,4.0,2.7599849700927734
848,215,5.0,4.156187534332275
326,564,3.0,1.733219861984253
229,311,5.0,2.973135471343994
425,83,2.0,3.5295848846435547
18,194,3.0,4.247201919555664
216,3,4.0,3.1539254188537598
500,662,2.0,3.247105360031128
320,895,4.0,3.672154188156128
717,343,4.0,3.4623806476593018
604,670,5.0,2.7545056343078613
727,260,1.0,2.518573522567749
12,15,5.0,4.155055999755859
537,588,1.0,2.9987359046936035
493,546,5.0,3.1051025390625
301,82,5.0,3.757071018218994
246,294,2.0,2.8505258560180664
609,259,1.0,2.198896646499634
181,1028,2.0,1.467512607574463
544,332,3.0,2.830608606338501
201,654,3.0,3.66726016998291
145,1210,1.0,2.939781904220581
883,896,5.0,4.135308265686035
796,1163,3.0,2.973933458328247
453,85,3.0,2.935920238494873
442,184,2.0,3.111121654510498
303,1230,1.0,1.9446940422058105
10,194,4.0,4.499650001525879
620,112,4.0,2.8319690227508545
687,678,4.0,2.7864434719085693
379,93,3.0,4.001212120056152
361,517,5.0,3.7595105171203613
93,235,4.0,2.7775702476501465
303,215,5.0,3.905677318572998
807,1039,4.0,4.460741996765137
175,12,4.0,4.268027305603027
318,404,3.0,3.8500986099243164
682,393,4.0,3.1886706352233887
788,445,4.0,3.5945632457733154
392,347,4.0,3.8331758975982666
580,249,5.0,3.3625125885009766
902,87,4.0,3.6239354610443115
553,1200,3.0,3.212435483932495
116,180,5.0,3.5171713829040527
894,255,3.0,3.4011969566345215
406,130,3.0,2.1929826736450195
102,235,3.0,2.2653229236602783
361,197,5.0,3.9736275672912598
85,14,4.0,3.801011323928833
387,176,3.0,3.720585823059082
553,648,4.0,4.362822532653809
94,182,5.0,4.225401401519775
307,472,3.0,3.1242282390594482
682,802,2.0,2.585754632949829
303,948,2.0,2.2086093425750732
405,698,1.0,1.6147176027297974
87,202,5.0,4.186275482177734
328,665,2.0,2.8276078701019287
265,125,4.0,3.59647274017334
145,257,5.0,3.810844659805298
918,606,4.0,3.6297476291656494
543,1014,4.0,3.0788424015045166
85,237,3.0,3.472639560699463
13,657,4.0,4.007668972015381
254,624,2.0,2.8332784175872803
521,268,5.0,3.245328426361084
233,499,3.0,4.610031604766846
42,96,5.0,4.242183685302734
782,1283,2.0,2.5392017364501953
848,478,5.0,4.633309841156006
453,578,3.0,3.0919158458709717
842,752,4.0,3.4135732650756836
543,324,3.0,3.040661573410034
232,194,4.0,4.0866827964782715
58,175,5.0,4.036948204040527
851,331,3.0,3.8840672969818115
941,124,5.0,4.402454853057861
84,31,4.0,4.0450921058654785
474,923,4.0,4.712242603302002
544,258,3.0,3.107487201690674
450,722,5.0,3.0753445625305176
907,1016,5.0,4.4854655265808105
518,276,5.0,3.8304800987243652
731,66,4.0,3.133179187774658
21,995,2.0,3.007809638977051
536,378,5.0,4.051126003265381
37,82,1.0,4.020523548126221
160,455,4.0,3.467040777206421
748,451,1.0,3.0523765087127686
595,298,4.0,3.7030844688415527
293,121,3.0,3.030190944671631
308,502,5.0,3.80556058883667
191,313,5.0,4.231378078460693
675,86,4.0,3.82127046585083
179,691,3.0,3.16267728805542
881,7,4.0,3.6349635124206543
533,109,2.0,3.2158567905426025
129,313,3.0,3.355786085128784
638,410,4.0,2.9275007247924805
450,663,4.0,4.351947784423828
450,521,4.0,4.292915344238281
292,249,3.0,3.620612144470215
698,283,2.0,2.7825796604156494
276,204,5.0,4.0636372566223145
862,180,5.0,4.876021862030029
622,94,2.0,3.133650779724121
642,1,5.0,4.271234512329102
49,301,3.0,2.6863973140716553
892,385,3.0,4.042599678039551
828,1646,4.0,1.6931560039520264
504,559,5.0,3.3726742267608643
222,144,5.0,3.5600993633270264
524,661,3.0,3.9129719734191895
236,88,2.0,3.201918840408325
406,596,3.0,3.1844682693481445
200,409,2.0,3.675234317779541
804,259,4.0,2.92110013961792
506,490,3.0,4.199526309967041
416,161,4.0,3.9370181560516357
840,659,5.0,4.309332847595215
519,264,2.0,3.4717681407928467
416,405,5.0,3.71244740486145
627,28,3.0,3.619422197341919
486,282,2.0,3.395207643508911
214,56,5.0,4.1014227867126465
94,61,5.0,4.180792808532715
97,135,5.0,4.307420253753662
724,1176,1.0,2.582974672317505
13,441,1.0,2.526127815246582
653,136,1.0,3.1215052604675293
261,342,3.0,3.398005485534668
796,418,4.0,3.6622161865234375
881,186,3.0,3.750356435775757
94,1223,4.0,2.506915330886841
459,926,4.0,2.736955404281616
8,511,5.0,4.764586448669434
715,125,3.0,3.497272253036499
194,471,3.0,2.925640821456909
920,682,3.0,2.640859365463257
829,190,4.0,4.05317497253418
264,559,5.0,3.7127151489257812
556,127,5.0,4.650428295135498
276,1245,3.0,3.395789384841919
521,99,3.0,3.1504359245300293
273,272,4.0,4.348501205444336
782,1670,3.0,1.1090844869613647
464,289,4.0,3.4995718002319336
316,318,5.0,3.692115306854248
39,294,4.0,3.1191439628601074
13,833,2.0,2.9201810359954834
878,286,4.0,3.2293331623077393
857,325,1.0,2.7981395721435547
786,357,5.0,4.38090705871582
442,29,3.0,2.470618724822998
123,275,4.0,4.164828300476074
780,275,4.0,3.843630790710449
94,183,5.0,4.226588249206543
345,291,3.0,3.4076342582702637
826,550,3.0,3.8103549480438232
195,809,3.0,3.0497217178344727
289,254,1.0,2.1159920692443848
42,720,4.0,3.0873310565948486
624,628,4.0,3.6543774604797363
707,533,5.0,3.3774213790893555
370,181,4.0,3.8476178646087646
472,234,4.0,4.7499308586120605
299,1073,4.0,3.6764464378356934
608,262,3.0,3.680013418197632
145,943,3.0,3.5638678073883057
363,174,4.0,3.7899694442749023
23,463,4.0,3.707428455352783
774,453,2.0,1.343377947807312
119,405,4.0,3.7226316928863525
633,5,3.0,2.971109390258789
627,227,3.0,3.132617473602295
579,216,5.0,3.6464953422546387
95,328,5.0,3.471264123916626
942,300,5.0,4.09446907043457
875,358,3.0,2.8377459049224854
293,47,3.0,3.1101982593536377
776,1219,3.0,2.8143699169158936
299,208,4.0,3.7208991050720215
924,174,5.0,4.088857173919678
716,662,3.0,3.525709390640259
457,385,4.0,4.27074670791626
883,239,3.0,3.7212703227996826
290,28,5.0,3.6150662899017334
429,265,4.0,3.7090179920196533
270,282,3.0,4.520480632781982
195,234,5.0,3.7317116260528564
867,7,5.0,4.19872522354126
145,275,2.0,4.057120323181152
15,13,1.0,2.92565655708313
586,356,4.0,3.121084690093994
6,174,4.0,3.9989914894104004
357,748,5.0,3.9507484436035156
327,33,3.0,3.0470423698425293
518,742,5.0,3.7487924098968506
524,492,3.0,3.5915465354919434
407,559,3.0,3.094827651977539
171,313,4.0,4.04033899307251
121,740,3.0,3.3986377716064453
42,367,2.0,3.6935534477233887
582,328,3.0,3.3894522190093994
533,443,3.0,3.5659384727478027
298,946,3.0,3.286541223526001
551,156,5.0,4.350453853607178
226,23,3.0,4.114581108093262
716,1269,4.0,3.5772817134857178
875,50,5.0,4.621466636657715
870,55,3.0,3.5301589965820312
393,84,3.0,2.891695022583008
857,328,3.0,3.5485503673553467
648,576,4.0,2.9210331439971924
288,528,4.0,4.1538472175598145
200,393,4.0,4.016366958618164
542,871,2.0,2.4658236503601074
617,674,3.0,2.3916399478912354
621,257,5.0,4.053879737854004
297,277,3.0,3.3059017658233643
144,1285,3.0,3.153153896331787
650,243,2.0,2.2127163410186768
802,259,2.0,2.8501083850860596
323,475,3.0,4.130954742431641
205,300,3.0,3.045536756515503
634,919,2.0,3.7536232471466064
130,272,5.0,5.187682151794434
664,89,5.0,4.198853492736816
671,56,1.0,4.15551233291626
835,179,5.0,4.342591762542725
788,43,3.0,2.734602689743042
533,19,3.0,3.7442450523376465
331,132,3.0,3.7855615615844727
74,302,4.0,4.240204811096191
621,250,4.0,3.7255475521087646
92,322,3.0,3.0068047046661377
59,28,5.0,4.136653423309326
871,97,3.0,3.618391752243042
401,196,5.0,3.1786766052246094
250,270,4.0,3.9882514476776123
453,628,3.0,3.3376219272613525
546,322,4.0,3.606088638305664
236,191,4.0,3.8855316638946533
387,81,3.0,3.3456027507781982
116,297,3.0,3.436391830444336
514,116,4.0,3.940272092819214
49,1074,2.0,2.3867197036743164
927,227,2.0,3.748119831085205
405,178,3.0,2.506093740463257
143,325,5.0,2.7746591567993164
627,182,4.0,3.712939739227295
64,100,4.0,4.034803867340088
295,174,4.0,5.0521392822265625
551,176,4.0,4.37708854675293
43,950,3.0,3.259594202041626
866,344,2.0,2.714609146118164
251,748,2.0,3.244558572769165
860,315,3.0,3.8566014766693115
895,885,2.0,2.530702829360962
305,664,2.0,3.4604318141937256
579,238,3.0,3.6081132888793945
326,205,4.0,3.5346808433532715
365,309,1.0,2.858605146408081
426,527,3.0,4.021167755126953
450,724,5.0,3.8423099517822266
588,131,5.0,4.174091339111328
393,290,3.0,3.153782606124878
848,509,4.0,4.328897953033447
405,1247,1.0,1.288941502571106
246,1039,4.0,3.5950889587402344
405,202,4.0,2.184760808944702
435,174,5.0,4.10617733001709
506,168,5.0,4.228487968444824
863,990,1.0,3.311204671859741
276,128,4.0,3.705946922302246
901,430,3.0,4.47966194152832
887,432,5.0,4.250259876251221
280,9,5.0,3.965001106262207
373,435,4.0,4.139579772949219
303,546,2.0,3.133136510848999
588,1061,5.0,3.186403274536133
345,988,2.0,2.4297478199005127
95,378,4.0,3.757694721221924
630,240,3.0,2.6765365600585938
654,302,5.0,4.2915940284729
894,311,4.0,3.9406957626342773
311,258,4.0,3.9512453079223633
939,591,5.0,4.7874250411987305
216,234,4.0,3.910452365875244
815,313,5.0,4.47744607925415
387,581,4.0,3.03056263923645
181,111,3.0,1.6520001888275146
188,1213,2.0,2.012216806411743
194,692,2.0,2.9625799655914307
253,966,5.0,4.1359076499938965
104,508,2.0,2.8113491535186768
532,235,3.0,3.5324084758758545
851,930,3.0,2.93463134765625
916,569,2.0,2.646841049194336
716,385,1.0,3.727147340774536
445,433,2.0,2.2030248641967773
622,276,4.0,3.699401378631592
864,969,4.0,4.210678577423096
75,322,1.0,3.1957004070281982
214,131,3.0,3.9613561630249023
327,333,2.0,3.2275748252868652
450,38,4.0,3.207296848297119
279,1435,3.0,2.32682466506958
764,15,4.0,3.986618995666504
256,11,5.0,4.640561580657959
15,308,5.0,2.81571626663208
179,353,1.0,2.1627275943756104
257,381,5.0,3.930239677429199
911,151,5.0,3.6512832641601562
458,529,3.0,3.8910446166992188
355,882,4.0,4.503134727478027
249,135,5.0,4.385746955871582
249,317,5.0,4.388311862945557
271,692,4.0,3.4934394359588623
94,157,5.0,3.8966312408447266
774,585,1.0,1.623544692993164
474,485,4.0,4.168790340423584
497,720,2.0,2.7955822944641113
506,148,3.0,3.333218574523926
227,411,4.0,2.7976534366607666
527,201,3.0,3.42651104927063
216,763,4.0,3.4951462745666504
373,195,4.0,4.126022815704346
778,197,4.0,3.2259817123413086
807,1066,5.0,3.349590301513672
314,66,5.0,3.9936115741729736
151,405,3.0,3.590876817703247
276,223,5.0,4.506585121154785
100,905,3.0,3.0883610248565674
536,546,2.0,3.2336742877960205
592,409,1.0,3.3946285247802734
312,8,5.0,4.527257919311523
416,794,5.0,4.042725563049316
630,237,5.0,3.470165729522705
410,312,2.0,2.836177110671997
648,477,3.0,3.0849287509918213
13,191,3.0,3.9308807849884033
632,275,3.0,4.024701118469238
799,479,5.0,4.271946430206299
608,79,5.0,3.885958433151245
618,8,3.0,3.6523847579956055
880,476,3.0,3.2434933185577393
788,754,4.0,3.1934523582458496
718,742,5.0,3.82785964012146
335,340,5.0,3.316166639328003
378,91,3.0,3.6329283714294434
184,170,5.0,4.208250999450684
894,1005,5.0,3.7111167907714844
933,934,1.0,2.325770854949951
721,125,3.0,3.695465326309204
500,97,4.0,3.4810845851898193
618,12,4.0,3.9667625427246094
495,191,3.0,4.860996246337891
626,294,3.0,2.1653459072113037
670,482,5.0,4.026968479156494
758,514,5.0,4.237512588500977
314,1016,4.0,3.959562063217163
835,180,5.0,4.508878707885742
101,118,3.0,2.9518721103668213
416,246,4.0,4.537102222442627
125,94,5.0,3.152674436569214
927,560,2.0,2.9790828227996826
818,271,4.0,2.9290218353271484
236,282,5.0,3.3375906944274902
181,1245,1.0,1.5527691841125488
551,286,4.0,4.042160987854004
399,746,5.0,3.2347044944763184
708,1023,3.0,2.4434754848480225
385,673,2.0,3.193469524383545
213,2,4.0,3.567525625228882
452,187,3.0,3.8643999099731445
192,813,4.0,3.962955951690674
141,300,5.0,3.809584617614746
919,321,2.0,3.150073528289795
659,603,5.0,4.333272933959961
293,94,2.0,2.739757537841797
906,475,3.0,4.198261737823486
22,175,4.0,4.177591800689697
854,56,5.0,3.6428840160369873
459,291,4.0,3.3221569061279297
246,94,2.0,2.7593328952789307
804,625,3.0,3.4972872734069824
682,235,1.0,2.7304270267486572
78,1160,5.0,2.9751882553100586
880,1277,4.0,3.6153087615966797
235,303,4.0,3.825138568878174
769,824,2.0,2.642226219177246
321,48,4.0,3.7948594093322754
654,250,1.0,3.4552161693573
452,462,4.0,3.4871020317077637
715,64,5.0,4.3657612800598145
773,238,4.0,3.5668692588806152
123,22,4.0,4.438704490661621
221,259,4.0,2.8575656414031982
90,208,3.0,4.393542766571045
784,271,3.0,3.4719088077545166
100,689,3.0,2.7647242546081543
498,14,4.0,3.480081558227539
934,172,5.0,4.277735710144043
344,715,4.0,3.308185577392578
135,77,4.0,3.20316219329834
836,496,4.0,4.252700328826904
445,689,1.0,1.8817076683044434
503,736,4.0,4.140375137329102
435,393,2.0,3.2820472717285156
896,739,2.0,2.825829267501831
326,183,5.0,3.470066547393799
592,60,4.0,4.472344398498535
541,1412,1.0,1.6696934700012207
883,752,4.0,3.468670129776001
11,90,2.0,3.041158676147461
201,1163,1.0,2.6065056324005127
318,66,4.0,3.6481146812438965
503,127,5.0,4.514025688171387
75,108,4.0,3.335562229156494
109,239,4.0,3.570486307144165
222,162,2.0,3.4180948734283447
313,420,5.0,3.448516607284546
846,50,5.0,4.646944999694824
488,207,3.0,3.3213999271392822
279,1059,4.0,2.768124580383301
401,1011,3.0,2.688235282897949
177,307,4.0,3.4661426544189453
537,855,3.0,3.0556859970092773
223,1014,4.0,2.999615430831909
234,610,4.0,3.244004011154175
741,94,3.0,3.048931837081909
456,218,4.0,3.303666353225708
805,319,2.0,3.3119540214538574
181,104,1.0,0.9215080738067627
458,307,4.0,3.5408003330230713
707,723,3.0,3.1439428329467773
13,241,3.0,3.3307607173919678
474,380,4.0,3.633023738861084
299,1132,1.0,2.639256238937378
422,257,4.0,3.7422125339508057
934,492,4.0,3.824390411376953
474,414,4.0,3.9373700618743896
641,198,5.0,4.226971626281738
804,550,4.0,3.541489839553833
150,181,5.0,4.2646894454956055
807,968,4.0,3.924119472503662
308,614,3.0,3.821319580078125
292,491,4.0,4.266909122467041
710,268,4.0,3.6137285232543945
650,447,3.0,3.0720717906951904
383,205,4.0,4.420289039611816
201,385,2.0,3.1956682205200195
272,238,5.0,4.235032081604004
806,655,3.0,3.822887897491455
301,100,5.0,4.07495641708374
382,481,5.0,3.5064496994018555
721,284,4.0,3.2874257564544678
378,143,4.0,3.6504571437835693
296,1142,5.0,4.490116119384766
481,66,3.0,3.6113741397857666
807,199,5.0,4.7398247718811035
588,566,2.0,3.7318007946014404
64,347,3.0,3.4455530643463135
708,118,5.0,3.132190704345703
933,476,2.0,2.465493679046631
643,419,4.0,3.8025197982788086
665,255,4.0,3.218867301940918
233,216,5.0,4.442680358886719
263,416,5.0,3.665947675704956
587,261,3.0,2.2256462574005127
379,300,3.0,4.01930046081543
346,932,2.0,2.8306384086608887
346,89,4.0,3.9607560634613037
790,209,1.0,3.662886381149292
848,1063,5.0,3.9610681533813477
453,1145,2.0,2.5657904148101807
605,237,3.0,3.6785354614257812
532,510,5.0,4.872921466827393
231,255,3.0,3.4503302574157715
699,685,3.0,3.0066936016082764
738,151,4.0,3.5649726390838623
921,202,4.0,3.4666354656219482
848,520,5.0,4.705592632293701
74,333,4.0,3.6093642711639404
160,461,5.0,3.7823028564453125
332,975,3.0,3.8716626167297363
653,1620,2.0,2.3507680892944336
246,932,1.0,2.631398916244507
301,173,4.0,4.099979877471924
709,781,3.0,3.4558606147766113
450,1435,4.0,2.4365158081054688
291,563,3.0,2.843045949935913
396,406,2.0,2.768303155899048
327,659,4.0,3.571402072906494
357,274,4.0,4.371328353881836
130,100,3.0,4.951412677764893
650,1215,3.0,1.7125556468963623
655,12,3.0,3.5401737689971924
911,659,3.0,4.066648960113525
194,371,3.0,2.66082501411438
625,732,3.0,3.275761365890503
432,313,4.0,4.581508159637451
758,656,5.0,4.540267467498779
846,789,4.0,3.859328508377075
663,546,3.0,3.0606377124786377
351,286,5.0,4.382796287536621
667,223,5.0,4.344779014587402
309,879,4.0,3.1055755615234375
276,1028,3.0,3.231584072113037
331,414,4.0,3.432769775390625
453,272,5.0,4.1462249755859375
401,203,4.0,3.164250612258911
796,815,4.0,3.223952054977417
843,515,3.0,3.1404809951782227
314,996,4.0,2.391134738922119
896,458,1.0,2.794311285018921
85,702,2.0,2.9617679119110107
40,268,4.0,2.9634361267089844
342,57,3.0,3.923710346221924
109,520,5.0,4.222454071044922
538,168,3.0,3.837622880935669
410,303,3.0,3.2709174156188965
884,116,4.0,3.6819956302642822
774,185,2.0,2.465862274169922
525,125,3.0,3.4473915100097656
165,332,4.0,3.615891456604004
1,255,2.0,3.4685587882995605
305,83,3.0,3.676962375640869
943,227,1.0,3.391624689102173
560,476,2.0,2.919708013534546
46,333,5.0,3.9558401107788086
244,54,2.0,3.388451099395752
327,24,2.0,3.0306484699249268
379,345,3.0,3.7512588500976562
495,54,5.0,3.6545636653900146
897,409,4.0,3.358750820159912
401,188,1.0,3.0358424186706543
896,132,3.0,3.5290322303771973
177,47,3.0,3.4393136501312256
690,705,1.0,3.6131694316864014
119,392,4.0,4.019225597381592
59,622,4.0,3.454578399658203
595,108,2.0,3.1586945056915283
177,1,3.0,3.744633913040161
537,486,3.0,3.097139358520508
635,886,4.0,2.882051944732666
899,121,5.0,3.317415952682495
170,881,3.0,3.3525664806365967
538,568,3.0,3.4324913024902344
863,876,2.0,2.576190233230591
263,183,4.0,4.249244213104248
917,282,4.0,3.6440584659576416
763,87,2.0,4.113777160644531
92,39,3.0,3.2403404712677
677,1240,5.0,3.8424196243286133
72,644,4.0,3.8527278900146484
145,405,3.0,3.3621933460235596
615,736,5.0,4.085004806518555
358,1159,5.0,2.8661727905273438
660,675,3.0,2.8154993057250977
312,528,5.0,4.724884510040283
707,345,5.0,3.31669282913208
334,153,4.0,3.63382625579834
498,527,3.0,3.5645148754119873
698,144,2.0,2.8760805130004883
48,423,4.0,3.806652545928955
716,163,4.0,3.712813377380371
168,280,4.0,3.239119529724121
796,500,4.0,3.8039169311523438
595,815,3.0,3.129498243331909
267,222,4.0,4.078292369842529
566,170,5.0,3.8549273014068604
272,32,4.0,4.214541912078857
40,286,2.0,2.902184009552002
144,68,2.0,3.4201226234436035
409,6,4.0,3.546782970428467
81,42,4.0,3.612809181213379
265,1197,2.0,3.7061262130737305
37,176,4.0,4.191982269287109
648,218,3.0,3.30525541305542
198,455,3.0,2.8948657512664795
77,176,4.0,3.6980032920837402
314,132,4.0,4.633663654327393
487,470,5.0,3.7658023834228516
349,126,2.0,3.644989490509033
412,939,4.0,3.5733139514923096
417,943,3.0,3.3888299465179443
151,260,1.0,2.871300220489502
105,258,5.0,3.473855495452881
887,1012,1.0,4.084092617034912
676,902,4.0,3.9475042819976807
919,183,3.0,3.891164779663086
268,286,5.0,3.2774996757507324
883,228,4.0,3.938196897506714
463,284,3.0,2.70766019821167
750,300,3.0,3.637382745742798
450,506,5.0,4.325153350830078
699,477,3.0,2.925616502761841
201,581,3.0,2.8547563552856445
550,252,1.0,3.248710870742798
880,316,5.0,4.477461338043213
95,855,3.0,3.831193447113037
542,399,2.0,3.149409055709839
360,248,4.0,3.751559257507324
655,1529,2.0,2.253544330596924
435,91,4.0,3.5389699935913086
605,276,4.0,3.700505256652832
648,222,5.0,3.4473276138305664
727,385,3.0,3.4356374740600586
541,625,4.0,3.5576510429382324
374,274,4.0,3.4178736209869385
270,943,5.0,4.380284309387207
908,216,3.0,3.4601821899414062
332,118,5.0,4.004925727844238
943,419,2.0,3.764178514480591
318,187,4.0,4.40958833694458
515,1399,4.0,1.9321699142456055
123,182,4.0,4.145163536071777
354,508,3.0,3.606743335723877
892,435,4.0,4.431644916534424
598,312,5.0,3.3545284271240234
201,596,4.0,2.9725468158721924
669,749,3.0,2.915195941925049
679,111,3.0,3.4413084983825684
138,137,5.0,4.237364768981934
943,485,5.0,3.921607494354248
749,385,3.0,3.737379550933838
315,209,5.0,4.167916297912598
766,77,2.0,3.076748847961426
588,25,4.0,3.615969181060791
606,178,5.0,4.754335880279541
56,98,4.0,4.572671890258789
94,944,1.0,3.1618804931640625
837,276,1.0,3.639843463897705
447,153,4.0,3.8832790851593018
903,281,4.0,3.309387683868408
283,291,2.0,3.833690881729126
727,258,2.0,3.604398250579834
889,1589,5.0,1.9518401622772217
234,451,3.0,2.83589506149292
870,1090,2.0,2.429939031600952
293,455,2.0,2.8867201805114746
399,228,2.0,3.2590932846069336
854,475,4.0,3.585249423980713
268,121,2.0,3.0566470623016357
807,969,4.0,4.206614017486572
145,53,2.0,2.978864908218384
207,1046,4.0,2.8544933795928955
788,531,4.0,3.7314186096191406
554,678,3.0,2.7913401126861572
249,333,4.0,3.979363203048706
643,732,3.0,3.702677011489868
514,631,4.0,3.8059840202331543
919,237,4.0,3.570561170578003
262,790,3.0,2.6461195945739746
267,50,5.0,4.924313545227051
42,173,5.0,4.401066303253174
288,345,5.0,3.4210927486419678
484,879,4.0,3.7286109924316406
508,52,4.0,3.9152965545654297
795,120,3.0,2.0240378379821777
845,311,4.0,3.1051857471466064
199,408,5.0,3.9521446228027344
713,310,4.0,3.020970344543457
639,179,1.0,3.1455931663513184
57,56,3.0,4.286642551422119
201,737,2.0,2.7003817558288574
782,254,2.0,2.325260639190674
452,971,4.0,3.4114372730255127
402,10,2.0,4.254891395568848
274,276,4.0,4.224454879760742
890,1039,4.0,4.165352821350098
577,452,3.0,2.9229447841644287
116,1244,2.0,2.5983636379241943
391,479,4.0,4.0969672203063965
782,1243,3.0,3.051828384399414
184,676,4.0,3.3023016452789307
276,474,5.0,4.511837005615234
83,235,1.0,3.094902515411377
459,455,2.0,3.2718942165374756
361,319,5.0,3.253513813018799
82,1078,3.0,2.561769962310791
374,231,2.0,2.736659288406372
401,604,4.0,3.2952044010162354
707,900,4.0,3.8536221981048584
457,168,5.0,4.819357872009277
71,429,4.0,3.8951416015625
904,709,3.0,4.38634729385376
454,1003,2.0,1.8110427856445312
796,230,5.0,3.582899332046509
805,108,3.0,3.1338467597961426
635,262,5.0,3.4630608558654785
795,386,3.0,2.481924533843994
653,135,5.0,3.027272939682007
664,449,2.0,3.0699410438537598
815,559,3.0,3.3171021938323975
625,588,4.0,3.4330832958221436
646,294,2.0,2.8129968643188477
468,1168,2.0,3.6121907234191895
541,826,3.0,2.682156562805176
646,272,4.0,3.7405333518981934
334,887,5.0,3.543840169906616
587,691,4.0,3.115966320037842
639,580,2.0,2.6416964530944824
148,50,5.0,4.485873222351074
694,489,4.0,4.41477632522583
878,22,2.0,3.708141803741455
934,550,4.0,3.4114906787872314
268,1035,2.0,2.793029546737671
261,1025,5.0,3.3473682403564453
189,209,1.0,4.1778645515441895
642,220,4.0,3.7125325202941895
202,258,4.0,2.8571460247039795
758,414,4.0,3.929600477218628
807,63,5.0,3.375542640686035
119,655,5.0,4.3642802238464355
885,420,4.0,3.1841177940368652
328,405,4.0,3.2232565879821777
545,95,4.0,3.852699041366577
593,117,4.0,3.827120780944824
618,496,4.0,3.758867025375366
435,1,5.0,3.7069666385650635
459,22,5.0,4.219118118286133
267,202,5.0,4.186710357666016
486,476,3.0,2.902846097946167
913,346,3.0,3.3484416007995605
64,381,4.0,3.496180534362793
43,411,3.0,2.9656214714050293
276,1131,3.0,4.077147006988525
618,697,3.0,3.1275837421417236
356,286,3.0,3.6611945629119873
416,1041,3.0,3.5322797298431396
49,542,2.0,2.2084689140319824
514,87,5.0,4.125112533569336
280,550,2.0,3.514953136444092
881,575,2.0,2.3193037509918213
210,435,4.0,4.4176177978515625
622,403,4.0,3.4619126319885254
642,1152,5.0,3.7040791511535645
109,367,3.0,3.5097062587738037
452,135,3.0,3.6578001976013184
488,705,4.0,3.4819955825805664
497,382,4.0,3.4814260005950928
707,527,5.0,3.8931286334991455
59,132,5.0,4.329410076141357
233,261,5.0,2.6931614875793457
861,14,4.0,4.333396911621094
633,252,3.0,2.73874568939209
797,298,3.0,3.0480360984802246
758,554,3.0,3.052720785140991
151,1113,4.0,3.594862937927246
421,12,5.0,4.165350914001465
889,12,5.0,4.094997882843018
595,928,3.0,3.104107141494751
843,205,4.0,2.9625635147094727
682,339,2.0,3.0203161239624023
270,123,5.0,3.948572874069214
334,419,3.0,3.544807195663452
387,1538,3.0,2.232269048690796
511,271,5.0,3.524961471557617
405,586,4.0,1.606770634651184
329,655,4.0,3.506500244140625
305,14,4.0,3.595233917236328
144,1286,4.0,3.109832525253296
271,1117,3.0,2.8609695434570312
131,286,5.0,3.876472234725952
484,449,4.0,3.413270950317383
64,218,1.0,3.3947181701660156
537,633,3.0,3.1432554721832275
692,411,4.0,2.679659605026245
280,161,4.0,3.618865966796875
69,42,5.0,3.9605634212493896
395,210,5.0,4.23336935043335
363,531,4.0,3.479553699493408
533,48,4.0,3.789752721786499
643,432,5.0,3.7853949069976807
42,265,3.0,4.094616889953613
62,96,4.0,3.692072629928589
215,239,3.0,3.5632402896881104
724,338,3.0,1.9220237731933594
92,947,4.0,3.288001537322998
585,736,4.0,4.068914413452148
393,456,3.0,2.3904969692230225
654,14,2.0,4.019322872161865
365,151,4.0,3.625782012939453
239,47,2.0,3.8462209701538086
23,202,3.0,3.5859482288360596
84,1,2.0,4.265183448791504
145,134,4.0,4.334954261779785
928,134,5.0,5.026072978973389
370,923,4.0,4.171196937561035
234,505,4.0,3.4003257751464844
301,871,4.0,2.506547212600708
239,605,4.0,3.614537000656128
327,285,4.0,3.83100962638855
276,746,4.0,3.963085412979126
524,284,3.0,3.0300393104553223
893,24,4.0,3.5056943893432617
592,273,5.0,3.9024481773376465
551,1267,4.0,3.3557732105255127
405,233,1.0,1.921807050704956
671,257,5.0,3.8019208908081055
606,713,4.0,4.057457447052002
18,111,3.0,3.6365959644317627
398,183,4.0,3.9487314224243164
193,1258,3.0,2.417741298675537
387,33,3.0,3.216398239135742
67,1095,4.0,2.6689453125
919,93,5.0,3.6003055572509766
145,933,1.0,2.7180230617523193
85,476,3.0,2.9245686531066895
867,276,1.0,4.028807163238525
303,25,4.0,3.5447678565979004
327,186,2.0,3.4895918369293213
865,456,1.0,1.7198355197906494
457,401,3.0,3.1285207271575928
367,258,4.0,4.746537685394287
659,507,5.0,3.8964593410491943
514,344,3.0,3.948821544647217
503,463,1.0,4.066932678222656
833,806,4.0,3.067892551422119
747,517,5.0,4.310773849487305
660,207,4.0,2.9062774181365967
320,188,4.0,4.203159809112549
492,291,4.0,2.952918291091919
639,83,4.0,3.236088514328003
109,317,2.0,3.9724018573760986
587,875,1.0,2.52083158493042
162,230,2.0,3.6296074390411377
409,538,3.0,3.5699217319488525
151,529,5.0,4.2747392654418945
634,744,5.0,3.5322132110595703
838,455,4.0,3.4376490116119385
663,330,4.0,3.158017158508301
43,1,5.0,3.9831862449645996
880,1014,4.0,3.369741678237915
184,855,4.0,3.868886947631836
648,181,5.0,3.8082380294799805
436,21,3.0,3.1034059524536133
805,216,2.0,3.8478691577911377
96,187,5.0,4.5178704261779785
865,222,2.0,2.671402931213379
98,88,3.0,3.2068772315979004
249,174,4.0,4.705117702484131
815,871,1.0,2.5726726055145264
676,288,1.0,3.442534923553467
381,525,5.0,4.4765777587890625
921,419,5.0,3.454479455947876
576,471,4.0,3.525348424911499
870,813,4.0,3.7762882709503174
799,307,3.0,3.633387804031372
299,175,5.0,3.7299187183380127
117,96,5.0,4.58359432220459
322,197,5.0,4.31209135055542
831,749,2.0,3.209510564804077
222,1239,2.0,2.2052361965179443
656,312,1.0,2.428948402404785
316,97,5.0,3.046998977661133
894,107,3.0,3.7210443019866943
77,246,5.0,3.7271785736083984
369,919,5.0,4.066934108734131
828,1462,3.0,2.8622772693634033
500,301,2.0,3.1259546279907227
806,522,3.0,3.8705520629882812
293,195,3.0,3.502703905105591
429,134,5.0,4.061309337615967
653,7,2.0,2.9086592197418213
65,178,5.0,4.453083038330078
895,748,3.0,3.278127670288086
207,458,3.0,2.9369053840637207
354,733,3.0,3.3438303470611572
835,591,4.0,4.002801895141602
907,1157,5.0,3.873889684677124
763,629,5.0,3.399247884750366
56,636,4.0,3.5218372344970703
18,60,4.0,4.157144069671631
830,661,4.0,4.250361919403076
690,4,3.0,3.1989848613739014
659,448,4.0,3.4075069427490234
669,902,2.0,3.4302728176116943
370,22,4.0,4.050409317016602
189,405,2.0,3.4933342933654785
527,87,3.0,3.9555790424346924
314,405,4.0,3.7737467288970947
537,770,3.0,2.6841468811035156
795,797,3.0,2.8386197090148926
327,428,4.0,3.468191146850586
542,15,2.0,3.6217427253723145
234,950,2.0,2.761824131011963
110,1250,3.0,1.2337303161621094
13,810,5.0,2.7185258865356445
234,1400,3.0,2.5945889949798584
882,82,5.0,4.320138931274414
551,343,4.0,3.50856351852417
349,847,4.0,3.658342123031616
385,156,4.0,3.492398738861084
354,50,4.0,4.265290260314941
534,240,5.0,3.4977307319641113
332,156,4.0,4.943227767944336
942,258,4.0,4.21181058883667
642,364,5.0,3.1192893981933594
883,750,3.0,4.118165969848633
336,845,1.0,3.33500075340271
385,4,2.0,3.1347522735595703
402,510,5.0,4.296741485595703
322,489,3.0,4.348403453826904
616,316,4.0,4.276075839996338
195,753,3.0,3.6791915893554688
265,100,5.0,4.147995471954346
93,15,5.0,3.54795241355896
378,277,4.0,3.5001306533813477
360,124,5.0,4.274728298187256
888,137,4.0,4.2852582931518555
295,99,4.0,4.32667875289917
711,463,5.0,4.067199230194092
807,496,5.0,4.547082424163818
342,223,4.0,4.110203266143799
621,769,3.0,2.8094654083251953
504,122,1.0,2.541013240814209
897,646,5.0,4.463363170623779
768,742,3.0,3.2823705673217773
592,854,5.0,3.630746603012085
711,1119,4.0,3.763723611831665
87,1072,3.0,2.5657286643981934
222,72,4.0,2.9337854385375977
838,235,2.0,3.0529673099517822
250,969,5.0,4.1451239585876465
625,393,4.0,3.081979274749756
920,328,2.0,3.059918165206909
334,462,4.0,3.6364517211914062
450,239,5.0,3.9096407890319824
524,895,4.0,3.0824811458587646
897,826,4.0,2.7300329208374023
452,404,4.0,3.3749685287475586
807,239,4.0,3.923419713973999
588,31,3.0,3.8687872886657715
6,504,3.0,3.7267119884490967
576,100,4.0,4.120877742767334
479,471,4.0,3.376304864883423
788,1518,3.0,2.662513256072998
569,19,5.0,3.9417929649353027
890,205,5.0,4.144733905792236
472,682,4.0,3.7566230297088623
109,1157,4.0,3.017127275466919
308,367,4.0,3.5635862350463867
524,435,4.0,3.762235403060913
435,31,5.0,3.517955780029297
851,544,4.0,3.4743802547454834
207,8,3.0,3.662342071533203
346,571,3.0,2.396393060684204
833,346,5.0,3.1942801475524902
207,1242,5.0,1.9153163433074951
874,357,5.0,4.163837909698486
629,144,5.0,4.248183250427246
90,197,5.0,4.550417900085449
806,419,5.0,3.6682775020599365
248,64,5.0,4.048975944519043
458,143,4.0,3.670217990875244
409,289,1.0,3.054173231124878
301,550,3.0,3.335517406463623
778,42,5.0,2.99892520904541
537,676,4.0,2.633883237838745
727,783,3.0,2.6165964603424072
82,174,5.0,3.80952787399292
200,660,3.0,4.428952693939209
766,22,3.0,3.8719332218170166
141,244,5.0,3.2000832557678223
567,847,4.0,3.8903167247772217
499,511,5.0,4.229367733001709
854,979,4.0,3.048729658126831
199,117,3.0,3.211989164352417
865,472,1.0,2.2383627891540527
271,511,5.0,4.203989505767822
256,117,5.0,4.5147318840026855
495,444,3.0,3.16907000541687
447,5,3.0,3.3122262954711914
916,118,2.0,3.0176596641540527
916,58,5.0,3.4144442081451416
398,735,4.0,3.7297427654266357
357,118,5.0,4.087087154388428
822,408,5.0,3.902141571044922
249,237,5.0,4.006453037261963
845,286,5.0,2.9797449111938477
747,183,5.0,4.389854907989502
896,203,5.0,3.3673949241638184
12,28,5.0,4.29734468460083
291,928,2.0,3.5996434688568115
380,428,3.0,3.2398195266723633
618,651,5.0,3.711664915084839
806,421,4.0,3.591322183609009
843,191,3.0,3.0588016510009766
104,181,5.0,3.063730239868164
57,318,5.0,4.7374396324157715
409,321,2.0,3.1532063484191895
648,2,4.0,3.047013998031616
233,193,4.0,4.493801116943359
223,216,5.0,3.714188575744629
42,781,4.0,3.53960919380188
450,597,4.0,3.4714267253875732
497,172,5.0,4.039369106292725
698,25,2.0,2.575514554977417
95,22,4.0,4.203179836273193
544,302,5.0,3.469312906265259
795,226,3.0,2.966815233230591
568,59,1.0,3.351149082183838
220,995,3.0,3.384612560272217
181,874,1.0,1.6072559356689453
636,15,5.0,4.17872953414917
868,1031,1.0,2.0094268321990967
542,433,3.0,3.628786325454712
162,181,4.0,4.148483753204346
779,71,4.0,4.126218795776367
892,125,4.0,3.975076913833618
453,56,5.0,3.906100273132324
399,426,3.0,2.691673755645752
435,825,3.0,2.863025426864624
244,1017,4.0,3.5323405265808105
50,475,5.0,3.8483242988586426
124,172,3.0,3.566708564758301
928,878,5.0,2.8741672039031982
481,153,5.0,3.9366607666015625
342,433,5.0,3.6064059734344482
898,242,4.0,4.187875747680664
48,71,3.0,3.8066632747650146
497,545,3.0,1.828481912612915
303,801,1.0,2.8876612186431885
249,1039,5.0,4.479404926300049
906,740,4.0,3.662025213241577
648,50,5.0,4.131401538848877
569,291,4.0,3.2559690475463867
659,496,5.0,4.125121593475342
58,652,5.0,3.9030404090881348
307,509,3.0,4.029659748077393
243,713,3.0,3.749505043029785
201,37,2.0,1.99399733543396
1,134,4.0,4.455399036407471
622,542,2.0,2.708684206008911
416,468,5.0,3.697155714035034
117,1095,3.0,2.6205170154571533
551,1253,2.0,2.6392481327056885
606,209,4.0,4.2949018478393555
126,310,2.0,3.7215182781219482
499,527,5.0,4.00777006149292
790,83,3.0,3.7999212741851807
354,724,2.0,3.428393602371216
562,56,1.0,3.9020419120788574
207,18,2.0,2.6890957355499268
839,100,3.0,3.9161698818206787
911,134,4.0,4.2724385261535645
8,510,4.0,4.38716459274292
416,1053,4.0,3.611325979232788
235,69,4.0,3.9011189937591553
763,11,4.0,3.8851537704467773
184,86,5.0,3.9475436210632324
434,147,3.0,3.944124221801758
305,474,5.0,3.8341987133026123
92,758,1.0,1.7867956161499023
301,693,5.0,3.5908775329589844
804,402,3.0,3.707488536834717
395,172,5.0,4.619289398193359
679,100,3.0,4.027363300323486
313,161,4.0,3.4423229694366455
802,670,4.0,3.077500820159912
243,813,4.0,4.085221767425537
374,467,4.0,3.803445339202881
85,502,4.0,3.5747199058532715
605,357,5.0,4.3019819259643555
568,462,4.0,3.193754196166992
702,289,2.0,2.3133676052093506
919,937,4.0,3.571558713912964
363,1157,2.0,2.695768356323242
881,420,3.0,3.31614351272583
758,471,3.0,3.807393789291382
737,89,4.0,4.095556735992432
927,738,3.0,3.1847026348114014
536,405,2.0,3.508669853210449
617,242,3.0,3.190929889678955
748,528,3.0,3.92636775970459
321,704,3.0,2.920846462249756
195,921,3.0,3.8666465282440186
207,367,3.0,3.211937189102173
682,304,1.0,3.373116970062256
524,1204,3.0,3.3602967262268066
851,405,5.0,3.562063455581665
488,732,4.0,3.155634641647339
378,703,4.0,3.4761781692504883
758,447,4.0,3.7752256393432617
868,447,2.0,3.0374109745025635
296,61,3.0,4.4149980545043945
144,1016,3.0,3.4029645919799805
825,685,4.0,3.6488001346588135
405,519,2.0,2.3730289936065674
384,989,4.0,3.3819422721862793
787,300,4.0,3.5571815967559814
720,304,4.0,3.8491578102111816
232,474,5.0,4.211506366729736
886,96,3.0,3.8722169399261475
447,252,3.0,3.0320119857788086
56,196,2.0,4.104168891906738
234,193,4.0,3.430278778076172
286,640,5.0,3.4037156105041504
128,506,4.0,3.971341371536255
378,1,4.0,3.803675413131714
181,1356,1.0,1.2857420444488525
682,423,5.0,3.585078477859497
327,190,4.0,3.7605249881744385
24,367,2.0,3.9415948390960693
581,1097,4.0,3.6444265842437744
818,887,4.0,3.3407750129699707
773,780,4.0,2.822859525680542
394,89,5.0,4.742489337921143
320,300,4.0,4.201646327972412
773,258,5.0,3.4923794269561768
222,1087,1.0,1.6416957378387451
271,241,3.0,3.4702627658843994
924,429,4.0,3.802460193634033
258,300,5.0,3.7273612022399902
295,210,4.0,4.602452278137207
274,1060,4.0,3.508165121078491
788,748,3.0,3.019637107849121
633,183,4.0,3.6201233863830566
660,235,3.0,2.2566490173339844
624,302,4.0,4.451126575469971
405,530,1.0,2.3963356018066406
275,50,4.0,3.7100534439086914
83,254,2.0,2.621683120727539
868,1,4.0,3.333693742752075
625,202,3.0,3.378587245941162
716,468,3.0,3.363508939743042
717,322,5.0,3.303724765777588
459,79,3.0,3.998802900314331
496,1074,2.0,2.47420334815979
207,302,4.0,3.8830838203430176
144,20,4.0,3.3522207736968994
43,486,4.0,4.04733419418335
241,307,4.0,3.2682623863220215
483,318,3.0,3.8522353172302246
922,739,3.0,3.1317317485809326
599,245,3.0,3.780881643295288
144,823,3.0,2.871335744857788
553,481,3.0,4.184901714324951
551,268,4.0,4.138872146606445
339,218,3.0,3.7893099784851074
842,340,5.0,3.717737913131714
95,573,1.0,3.1213035583496094
617,136,3.0,3.1534183025360107
916,475,4.0,3.7598366737365723
788,755,3.0,3.1556739807128906
731,494,3.0,3.6547176837921143
401,520,3.0,3.4595577716827393
177,358,2.0,2.630363941192627
501,1081,3.0,3.2430315017700195
83,35,1.0,2.5045576095581055
770,288,4.0,4.271031856536865
790,186,3.0,3.6717634201049805
181,1165,1.0,1.0928510427474976
62,436,3.0,3.3705456256866455
757,248,4.0,3.48512601852417
709,860,3.0,2.451144218444824
843,265,3.0,2.849057674407959
438,866,5.0,3.727957010269165
456,179,5.0,3.7270209789276123
248,257,3.0,3.402618646621704
429,207,4.0,3.64351224899292
194,227,1.0,2.7713494300842285
468,91,5.0,3.874305009841919
843,162,2.0,2.722149610519409
214,195,4.0,3.9907288551330566
253,328,4.0,3.626725196838379
851,353,3.0,2.501185417175293
268,546,4.0,2.7012696266174316
500,479,5.0,3.906963348388672
373,82,1.0,3.9645652770996094
727,184,3.0,3.251197576522827
106,12,4.0,4.324671268463135
484,143,4.0,4.158950328826904
655,607,4.0,3.2785587310791016
645,239,3.0,3.626432418823242
524,23,5.0,3.8789162635803223
591,202,3.0,3.69709849357605
553,603,5.0,4.5463433265686035
303,1286,4.0,3.250065565109253
43,289,4.0,3.1906681060791016
1,210,4.0,4.070195198059082
412,208,4.0,3.9496288299560547
564,245,4.0,2.9550373554229736
881,204,4.0,3.6649837493896484
578,325,1.0,2.251265287399292
205,333,4.0,2.978611946105957
205,304,3.0,2.964448928833008
854,1134,3.0,3.0714995861053467
133,245,3.0,2.800128698348999
456,710,3.0,3.430711269378662
764,321,1.0,3.4004197120666504
817,405,3.0,3.2193801403045654
31,498,4.0,4.327035427093506
655,867,4.0,2.5255720615386963
130,1039,4.0,4.86436653137207
401,143,4.0,3.047902822494507
314,423,4.0,4.390020370483398
795,402,2.0,3.1794893741607666
484,692,5.0,4.050546646118164
130,95,5.0,4.6285481452941895
434,1,4.0,4.303976058959961
144,747,5.0,3.391134738922119
259,772,4.0,3.1942455768585205
311,781,2.0,3.4812443256378174
613,1157,2.0,3.281662940979004
351,678,4.0,3.305696487426758
188,742,5.0,3.624077081680298
408,300,3.0,3.8386034965515137
618,1212,2.0,2.287881851196289
602,257,4.0,4.199966907501221
81,282,5.0,3.434391498565674
233,191,4.0,4.76481294631958
211,890,2.0,1.8255081176757812
859,1315,4.0,3.764833450317383
385,221,5.0,3.404752731323242
862,416,3.0,4.072590351104736
776,496,3.0,4.058452606201172
90,136,5.0,4.578053951263428
713,347,4.0,2.895301342010498
377,272,5.0,4.611598491668701
615,319,4.0,3.4887704849243164
12,174,5.0,4.753894329071045
327,72,2.0,2.8251266479492188
942,607,5.0,4.426313877105713
455,504,4.0,3.796701431274414
52,333,4.0,4.152575492858887
447,209,4.0,4.027848243713379
454,651,4.0,3.1746103763580322
276,751,4.0,3.6248011589050293
777,273,4.0,3.6397526264190674
145,219,5.0,3.377393960952759
655,574,2.0,2.093646287918091
805,559,3.0,3.1757516860961914
515,344,2.0,3.266566514968872
283,194,4.0,4.790993690490723
236,443,4.0,3.53665828704834
385,58,4.0,3.2401440143585205
110,38,3.0,2.720069169998169
766,265,3.0,3.550067901611328
200,43,3.0,3.35003924369812
339,515,5.0,4.72647762298584
557,198,5.0,4.267724990844727
221,32,4.0,3.985751152038574
566,134,5.0,3.895484209060669
234,238,3.0,3.3590688705444336
417,708,2.0,3.3598105907440186
201,436,3.0,3.2319226264953613
383,19,4.0,4.405020713806152
396,117,4.0,3.9058005809783936
198,98,4.0,3.8167953491210938
10,703,5.0,3.806601047515869
551,720,2.0,3.200260877609253
892,216,5.0,4.391056537628174
795,367,3.0,3.1460647583007812
405,1207,1.0,1.440159797668457
487,56,4.0,4.32187557220459
790,449,2.0,2.869882583618164
796,403,4.0,3.484504461288452
503,286,3.0,3.8844122886657715
417,78,2.0,2.4727585315704346
478,42,5.0,3.539018154144287
386,50,4.0,4.657989501953125
844,1039,4.0,3.802075147628784
157,410,4.0,3.5023598670959473
709,540,3.0,2.6982479095458984
536,582,2.0,3.8887271881103516
327,411,3.0,2.560689926147461
363,652,4.0,3.4223814010620117
621,890,1.0,2.2434005737304688
294,678,2.0,2.9819648265838623
782,1608,3.0,1.916670560836792
124,166,5.0,3.392678737640381
468,662,4.0,3.628676414489746
938,105,1.0,2.4815540313720703
267,403,4.0,3.8473238945007324
495,674,3.0,3.483459234237671
334,183,4.0,3.7886061668395996
852,930,3.0,2.954984188079834
916,523,3.0,3.7817468643188477
840,1018,3.0,3.574859380722046
226,25,4.0,3.4211909770965576
883,1404,3.0,3.4301488399505615
154,475,4.0,4.140427112579346
417,461,3.0,3.445125102996826
151,318,5.0,4.940212249755859
284,332,3.0,3.408827543258667
219,4,4.0,3.602473735809326
595,109,2.0,3.407971143722534
932,230,4.0,3.77541184425354
934,1065,2.0,3.643592596054077
151,663,4.0,4.340585231781006
38,95,5.0,4.482508182525635
319,259,2.0,2.7819695472717285
568,638,3.0,3.2760961055755615
262,736,3.0,3.5771899223327637
299,433,5.0,3.517923593521118
916,234,4.0,3.5365030765533447
805,346,4.0,3.5984954833984375
506,715,2.0,3.391049385070801
301,772,3.0,2.9852514266967773
503,205,4.0,4.261085510253906
308,109,3.0,3.514134168624878
771,173,4.0,4.029581546783447
210,692,4.0,3.9772403240203857
896,274,2.0,3.0068655014038086
907,813,5.0,5.2868242263793945
921,422,3.0,2.462756395339966
486,332,3.0,3.2662250995635986
853,877,2.0,2.25917387008667
646,682,3.0,2.6398606300354004
458,330,3.0,3.1252455711364746
487,419,3.0,3.9226770401000977
385,794,2.0,3.1881918907165527
474,259,1.0,2.9753787517547607
373,132,3.0,4.20042085647583
5,369,1.0,2.392909526824951
283,95,5.0,4.457917213439941
907,277,5.0,4.596092224121094
567,1012,3.0,3.5447888374328613
406,393,4.0,3.2197561264038086
668,355,2.0,2.8945369720458984
837,284,1.0,3.147186517715454
457,931,2.0,2.515889883041382
551,144,5.0,4.225706100463867
526,750,4.0,3.5847063064575195
181,334,1.0,1.5672898292541504
449,212,5.0,3.471839666366577
186,303,3.0,3.8656890392303467
87,323,3.0,3.4061522483825684
164,472,5.0,3.6841323375701904
268,233,3.0,2.8736588954925537
601,154,5.0,3.2632927894592285
60,842,4.0,3.259777784347534
738,470,4.0,3.4964284896850586
352,96,4.0,3.9567067623138428
148,8,4.0,4.126104354858398
273,304,3.0,3.6195850372314453
18,64,5.0,4.565512180328369
879,304,4.0,3.6065807342529297
468,89,4.0,4.404101371765137
22,546,3.0,3.1535630226135254
276,108,3.0,3.349154472351074
401,97,4.0,3.051548719406128
378,1063,4.0,3.537458658218384
117,307,5.0,4.044571399688721
110,326,4.0,3.151721239089966
297,301,4.0,3.0900840759277344
234,176,3.0,3.4187355041503906
650,630,5.0,2.857882022857666
227,137,5.0,3.855487585067749
763,464,3.0,3.7734665870666504
214,482,4.0,4.106113433837891
552,284,3.0,3.048619270324707
293,135,5.0,3.515798568725586
808,300,4.0,4.0476531982421875
294,405,4.0,3.5405826568603516
504,678,4.0,2.9378702640533447
201,685,3.0,2.9535763263702393
83,118,3.0,3.433298349380493
655,1082,3.0,2.3514740467071533
125,914,1.0,2.2887942790985107
262,955,2.0,3.188939332962036
653,187,4.0,3.1927859783172607
870,641,4.0,3.9800949096679688
833,443,3.0,3.3251428604125977
308,665,4.0,2.964240312576294
276,159,3.0,3.349301815032959
864,531,5.0,4.307568073272705
603,748,5.0,3.2217342853546143
756,230,3.0,3.2092466354370117
7,677,3.0,0.9929873943328857
292,659,5.0,4.522963047027588
906,276,5.0,3.826812744140625
13,448,1.0,3.180069923400879
230,951,5.0,2.6834537982940674
747,94,4.0,3.4224276542663574
363,100,5.0,3.690389394760132
311,79,4.0,4.162658214569092
690,218,5.0,3.151664972305298
621,1228,3.0,2.70137357711792
288,900,5.0,4.005956172943115
747,508,5.0,4.076217174530029
429,63,2.0,2.923621654510498
241,887,4.0,3.401230573654175
410,316,4.0,3.6596086025238037
159,72,3.0,3.400636672973633
332,472,3.0,3.75974440574646
761,245,5.0,2.800915241241455
458,527,2.0,4.07063627243042
841,322,4.0,3.3311402797698975
892,1454,3.0,3.1866986751556396
405,1570,1.0,0.7071111798286438
262,755,3.0,3.0163822174072266
653,967,2.0,2.357107162475586
575,181,2.0,3.211338758468628
380,750,4.0,3.2708640098571777
101,756,3.0,2.573559522628784
465,286,4.0,3.1801462173461914
603,747,3.0,3.538635492324829
840,216,4.0,4.205893039703369
160,32,5.0,4.127740383148193
301,514,3.0,3.8675382137298584
551,780,5.0,3.350311040878296
847,98,4.0,3.6511573791503906
870,949,3.0,3.1844794750213623
294,334,4.0,3.558143377304077
805,476,1.0,2.9951047897338867
655,210,3.0,3.227254867553711
551,226,5.0,3.6148200035095215
466,27,3.0,3.003594398498535
130,125,5.0,4.294857501983643
738,603,5.0,4.271720886230469
752,332,4.0,3.2105143070220947
60,82,3.0,4.036128520965576
336,367,3.0,3.3864541053771973
735,813,4.0,3.664402484893799
280,975,4.0,3.250941038131714
738,230,4.0,3.4596354961395264
85,250,3.0,3.278033971786499
337,471,5.0,3.8136279582977295
555,762,4.0,3.75528621673584
570,327,4.0,2.648287296295166
685,269,3.0,2.2912685871124268
447,290,4.0,3.170527219772339
23,219,1.0,3.1922543048858643
334,93,4.0,3.5125038623809814
155,331,3.0,2.7001466751098633
493,357,5.0,4.369504451751709
820,315,3.0,3.633392572402954
698,478,4.0,3.091266632080078
618,507,4.0,3.547243356704712
435,185,4.0,3.9599661827087402
821,435,4.0,4.714763164520264
634,933,3.0,2.6807310581207275
49,657,5.0,3.417153835296631
476,173,5.0,4.177903652191162
86,328,2.0,3.5276267528533936
429,587,3.0,3.4126040935516357
452,153,4.0,3.4834113121032715
712,501,3.0,3.7566397190093994
290,323,3.0,2.8539183139801025
378,1181,2.0,2.589195966720581
693,176,2.0,3.314572334289551
17,151,4.0,3.061386823654175
354,953,3.0,3.292827606201172
10,340,4.0,3.9109480381011963
181,13,2.0,1.6335902214050293
177,7,4.0,3.716792106628418
293,11,3.0,3.3518459796905518
5,385,4.0,3.2883119583129883
712,1040,4.0,2.792592763900757
326,554,3.0,2.4997940063476562
474,1063,5.0,3.8570916652679443
14,302,5.0,4.511566162109375
198,200,4.0,3.3422608375549316
787,906,1.0,3.3118627071380615
49,625,3.0,2.6908187866210938
766,209,3.0,3.6037118434906006
642,622,4.0,3.602241039276123
152,354,3.0,4.446590423583984
880,70,4.0,3.8386659622192383
487,689,1.0,3.2794015407562256
787,258,5.0,3.6566522121429443
144,58,3.0,3.600543975830078
530,319,3.0,3.4032821655273438
696,285,4.0,4.7546162605285645
523,533,4.0,4.1829681396484375
301,203,4.0,3.7911665439605713
890,167,2.0,3.1284971237182617
808,262,5.0,4.1674909591674805
943,226,4.0,3.347524642944336
44,274,4.0,3.3975443840026855
193,690,4.0,3.3062474727630615
516,474,5.0,4.42793607711792
332,928,5.0,3.926940441131592
286,747,4.0,3.805203437805176
249,69,5.0,4.226203918457031
13,430,5.0,3.791916608810425
654,3,3.0,3.077444553375244
293,65,3.0,3.14052414894104
892,88,4.0,3.8346126079559326
486,280,2.0,3.057981014251709
890,496,5.0,4.246576309204102
109,322,2.0,3.085233449935913
780,705,5.0,3.8643362522125244
846,768,4.0,3.187124252319336
145,894,1.0,2.063257932662964
437,393,3.0,3.376258134841919
267,550,4.0,3.7943880558013916
880,310,3.0,3.92583966255188
405,1487,1.0,1.318049669265747
280,409,3.0,3.249741554260254
641,528,4.0,4.377704620361328
281,288,4.0,3.393498420715332
207,38,3.0,2.6952080726623535
899,69,3.0,3.7082440853118896
123,480,3.0,4.55840539932251
208,88,5.0,3.378051996231079
650,230,4.0,3.0900070667266846
910,50,5.0,3.6746320724487305
162,174,4.0,4.397511959075928
323,886,3.0,3.2184524536132812
298,474,4.0,4.568671703338623
882,79,5.0,4.545039176940918
128,54,2.0,3.2184693813323975
1,264,2.0,2.8328778743743896
840,707,5.0,4.257843494415283
566,202,4.0,3.4219114780426025
500,210,3.0,3.6583852767944336
125,163,5.0,3.6745502948760986
653,719,3.0,1.9506990909576416
141,591,4.0,3.74849271774292
406,39,4.0,3.1367764472961426
862,484,4.0,5.017653942108154
96,173,3.0,4.465473175048828
361,435,5.0,3.85141658782959
330,121,4.0,4.254814147949219
303,318,5.0,4.733393669128418
8,336,3.0,2.9472055435180664
334,130,4.0,2.243168592453003
627,576,3.0,2.878019332885742
24,69,5.0,4.339380264282227
120,9,4.0,3.8140478134155273
887,932,2.0,3.4271695613861084
334,38,2.0,2.8030266761779785
908,631,4.0,3.266345977783203
846,202,5.0,3.9525644779205322
501,922,4.0,4.448930263519287
115,922,3.0,4.266702175140381
94,51,3.0,3.698899507522583
7,607,3.0,4.440917491912842
548,275,3.0,4.14671516418457
429,651,4.0,3.906653881072998
303,53,3.0,3.0050430297851562
746,168,3.0,4.080081462860107
62,1134,2.0,3.1661930084228516
26,864,2.0,2.822793483734131
498,657,3.0,3.7415239810943604
83,932,4.0,3.156135082244873
255,665,3.0,2.384166717529297
864,665,3.0,3.1556644439697266
87,519,4.0,4.5926079750061035
249,302,4.0,4.686580657958984
486,255,3.0,3.1466307640075684
586,735,3.0,3.5354630947113037
922,69,3.0,3.7264184951782227
478,604,3.0,3.744804620742798
216,368,2.0,1.750253438949585
288,211,5.0,3.9058947563171387
782,1615,3.0,2.529083013534546
329,258,3.0,3.462796688079834
94,381,4.0,3.8229737281799316
627,176,5.0,3.725294828414917
535,1039,4.0,4.086027145385742
342,26,2.0,3.331935167312622
91,735,4.0,3.8580641746520996
727,358,2.0,2.560899496078491
316,1039,5.0,3.3204426765441895
862,173,5.0,4.9665679931640625
445,504,3.0,2.303579092025757
277,24,4.0,3.2846617698669434
197,288,3.0,3.267909049987793
757,323,3.0,2.90573787689209
450,488,4.0,4.690505027770996
796,357,4.0,4.313632965087891
303,746,4.0,3.9211857318878174
450,35,2.0,2.6105618476867676
436,435,4.0,4.380321979522705
727,109,2.0,3.2578928470611572
332,257,4.0,4.65678071975708
551,470,5.0,3.913649559020996
200,1073,3.0,4.639679431915283
97,526,3.0,4.242895126342773
231,252,4.0,3.08769154548645
479,629,3.0,3.1686131954193115
205,875,2.0,2.2876129150390625
405,579,1.0,1.6863951683044434
788,284,3.0,3.0468952655792236
245,717,4.0,2.5947787761688232
85,222,2.0,3.467106342315674
609,294,2.0,2.5383832454681396
694,188,5.0,3.924978256225586
1,227,4.0,3.476950168609619
144,105,2.0,2.453758478164673
144,32,4.0,3.8154456615448
901,1047,3.0,3.151761770248413
13,514,5.0,3.665482521057129
883,30,4.0,4.14909029006958
847,66,3.0,2.9628896713256836
613,303,4.0,4.1366286277771
271,471,3.0,3.4355649948120117
543,936,4.0,3.8169922828674316
938,225,4.0,2.958033800125122
394,77,3.0,3.8079075813293457
823,164,3.0,3.8573639392852783
671,250,5.0,3.499708890914917
757,751,3.0,3.3029589653015137
426,504,4.0,3.8991549015045166
210,134,5.0,4.723018646240234
700,48,4.0,3.7103002071380615
472,313,5.0,5.453679084777832
758,887,5.0,3.987966775894165
716,418,4.0,3.6907949447631836
64,568,4.0,3.5758655071258545
919,253,3.0,3.3909144401550293
327,250,2.0,3.056870698928833
201,61,2.0,3.440279960632324
861,301,4.0,3.5704948902130127
922,250,2.0,3.332512617111206
286,792,3.0,4.096188068389893
574,333,3.0,3.4936015605926514
18,59,4.0,4.104899883270264
682,201,4.0,3.262392282485962
668,311,4.0,3.8210363388061523
630,409,3.0,2.9756922721862793
374,1277,3.0,3.3933324813842773
932,527,4.0,4.385044097900391
588,638,4.0,4.129420757293701
766,577,3.0,2.050530195236206
805,322,2.0,3.0278468132019043
798,196,3.0,3.798264741897583
121,631,4.0,3.6009819507598877
130,949,3.0,4.085445880889893
177,260,2.0,2.578397750854492
130,1013,4.0,2.699915647506714
541,1315,1.0,3.56748628616333
145,123,4.0,3.221850872039795
420,14,5.0,4.141236782073975
624,298,4.0,3.9218835830688477
798,734,3.0,2.6676721572875977
640,12,5.0,5.169583797454834
95,186,5.0,3.9079678058624268
750,881,2.0,2.911600112915039
532,506,5.0,4.825246810913086
214,509,4.0,3.9168174266815186
727,235,3.0,2.756855010986328
184,582,4.0,3.648193359375
417,260,3.0,2.5889575481414795
308,402,4.0,3.603551149368286
545,1228,3.0,2.525834321975708
193,1406,4.0,2.782501697540283
749,434,4.0,3.998325824737549
630,295,4.0,3.3159267902374268
676,845,5.0,3.493053913116455
474,650,4.0,3.839726448059082
552,258,4.0,3.6433093547821045
453,476,3.0,2.9083333015441895
897,609,5.0,3.8185431957244873
226,182,1.0,3.966627597808838
18,402,3.0,3.638496160507202
306,1251,5.0,3.4650442600250244
499,525,4.0,4.082439422607422
272,474,5.0,4.645994186401367
555,118,4.0,3.5382559299468994
750,323,3.0,2.978858709335327
145,343,5.0,3.271024465560913
360,170,5.0,4.3503217697143555
528,505,4.0,3.9517509937286377
580,123,4.0,3.2704310417175293
334,47,4.0,3.3862831592559814
348,1028,4.0,3.7901222705841064
896,258,5.0,3.342019557952881
200,172,5.0,5.024306774139404
151,660,4.0,4.0961761474609375
246,721,4.0,3.07424259185791
582,181,4.0,3.9062790870666504
279,167,3.0,3.1054463386535645
421,89,5.0,3.9747214317321777
815,99,4.0,3.7734546661376953
582,50,5.0,4.244048118591309
551,415,4.0,2.9688541889190674
231,15,4.0,3.8682286739349365
345,285,5.0,4.469044208526611
867,180,5.0,4.5123796463012695
677,742,4.0,3.713416814804077
94,176,4.0,4.236974239349365
879,117,4.0,3.706472396850586
62,83,5.0,3.7540783882141113
218,164,3.0,3.2771170139312744
95,15,4.0,3.7020013332366943
896,658,4.0,3.0565574169158936
429,729,2.0,3.3214545249938965
174,98,5.0,4.878720760345459
294,257,3.0,4.016372203826904
61,304,4.0,3.0782620906829834
264,202,5.0,4.292657852172852
119,995,4.0,3.673698902130127
538,210,3.0,3.645277976989746
11,58,3.0,3.5551040172576904
234,433,2.0,3.2320022583007812
332,31,4.0,4.564761638641357
109,223,4.0,4.259610652923584
338,462,4.0,3.7018227577209473
489,359,5.0,4.122369766235352
399,769,3.0,2.3267791271209717
426,661,4.0,4.084481239318848
16,100,5.0,4.731263637542725
406,22,3.0,4.0081610679626465
305,792,4.0,3.353668212890625
752,751,4.0,3.1967058181762695
425,398,1.0,1.9876129627227783
505,172,3.0,3.840986967086792
85,596,3.0,3.211430549621582
815,176,4.0,4.099992752075195
933,157,4.0,2.930645704269409
393,1215,3.0,1.9808969497680664
568,423,4.0,3.2126426696777344
102,288,2.0,2.642002820968628
854,235,2.0,2.610064744949341
934,961,4.0,3.7798972129821777
216,1101,4.0,3.9312891960144043
7,609,3.0,3.947179079055786
775,333,4.0,3.4793314933776855
542,401,3.0,2.646519899368286
493,191,4.0,4.339508056640625
546,569,4.0,3.3150691986083984
920,333,4.0,3.166219711303711
344,97,3.0,3.7251062393188477
222,28,5.0,3.5854740142822266
766,193,3.0,3.652573585510254
406,32,5.0,3.6688079833984375
16,479,5.0,4.774277210235596
177,223,4.0,4.153311729431152
118,132,4.0,5.050572872161865
537,1070,3.0,3.003542184829712
406,240,4.0,2.6621479988098145
629,15,5.0,4.12315034866333
262,185,3.0,3.747119903564453
262,762,2.0,3.121149778366089
327,180,4.0,3.625675678253174
798,1544,3.0,1.0488876104354858
542,87,3.0,3.8960142135620117
7,600,4.0,1.9448912143707275
798,29,4.0,2.7358615398406982
323,289,2.0,3.164717674255371
283,70,4.0,4.175747871398926
110,63,3.0,2.8526062965393066
930,8,3.0,3.2191226482391357
246,919,4.0,3.3220646381378174
938,1016,3.0,3.468284845352173
472,831,5.0,3.0002965927124023
517,748,4.0,2.9425885677337646
127,450,5.0,2.510849714279175
160,969,1.0,4.066101551055908
343,1211,4.0,3.620359420776367
757,69,3.0,3.678210735321045
328,31,4.0,3.5607240200042725
326,226,5.0,2.898209810256958
527,86,4.0,3.8740391731262207
427,938,5.0,3.617879629135132
208,435,5.0,3.876378297805786
727,159,2.0,3.0204176902770996
916,708,4.0,3.251156806945801
60,50,5.0,4.621400356292725
694,197,5.0,4.374808311462402
382,546,2.0,2.694607973098755
600,566,3.0,3.745363712310791
83,38,5.0,3.095940589904785
639,285,1.0,3.4335849285125732
897,478,3.0,4.501583099365234
773,386,3.0,2.5471465587615967
296,521,4.0,4.391208648681641
503,237,4.0,3.8403117656707764
170,294,3.0,3.614201545715332
181,288,4.0,1.6616778373718262
454,81,1.0,2.7835888862609863
545,550,3.0,3.3865063190460205
535,156,2.0,3.9827091693878174
13,485,1.0,3.5972559452056885
654,282,3.0,3.630598545074463
29,326,2.0,3.454228162765503
579,748,3.0,2.9063451290130615
405,401,1.0,1.6665141582489014
184,250,4.0,3.435307025909424
223,225,3.0,2.790844678878784
26,456,1.0,2.047419548034668
523,163,5.0,4.315280437469482
267,545,2.0,2.0778908729553223
682,24,4.0,3.1942298412323
811,258,5.0,4.349443435668945
524,117,3.0,3.5047249794006348
454,199,3.0,3.3414270877838135
727,71,3.0,3.612079620361328
62,118,2.0,2.963020086288452
699,225,3.0,2.682803153991699
59,199,4.0,4.62075662612915
117,288,3.0,3.855811595916748
417,156,3.0,3.8201560974121094
846,134,4.0,4.5169219970703125
385,340,4.0,3.226594924926758
144,815,1.0,3.12337589263916
313,683,3.0,2.476733684539795
342,95,4.0,3.7129504680633545
405,435,1.0,2.313277006149292
291,756,3.0,3.17618727684021
637,833,1.0,2.3488354682922363
484,597,3.0,3.5312576293945312
63,328,2.0,3.1352713108062744
254,176,3.0,3.5215327739715576
840,50,4.0,4.659839153289795
389,501,5.0,3.5918235778808594
661,204,5.0,3.9955406188964844
504,5,4.0,3.3736207485198975
363,429,5.0,3.5278818607330322
85,71,4.0,3.6524581909179688
338,792,4.0,3.611668586730957
628,984,5.0,3.378004789352417
774,68,3.0,2.106915235519409
699,308,4.0,2.983643054962158
246,1222,3.0,2.5027661323547363
276,1031,2.0,2.364006757736206
116,603,3.0,3.7112631797790527
401,519,4.0,3.3516693115234375
715,179,4.0,3.861945867538452
676,546,3.0,3.068934440612793
424,989,2.0,2.5977563858032227
276,854,4.0,3.4797468185424805
637,257,2.0,2.7732207775115967
59,727,2.0,3.5644307136535645
279,1498,4.0,1.110062837600708
435,424,1.0,1.385960578918457
492,153,4.0,3.3683722019195557
280,750,5.0,4.087417125701904
254,50,5.0,3.8800199031829834
847,645,3.0,3.3312339782714844
222,56,5.0,3.7857697010040283
493,317,3.0,4.080597877502441
690,284,4.0,2.88234543800354
885,588,4.0,3.4603490829467773
189,268,4.0,3.9973065853118896
23,479,5.0,4.006960391998291
67,472,4.0,3.482616901397705
22,878,1.0,2.54343843460083
484,150,4.0,4.420279502868652
334,58,4.0,3.4988558292388916
918,1195,4.0,2.749225616455078
145,635,4.0,2.8263473510742188
215,380,3.0,3.366185188293457
570,358,2.0,2.061091184616089
56,1057,3.0,2.500342845916748
933,25,2.0,2.750995397567749
272,514,5.0,4.272468090057373
606,151,5.0,3.9548466205596924
276,1044,3.0,3.4980387687683105
566,64,5.0,4.086634159088135
501,741,5.0,3.897813320159912
453,385,3.0,3.4720444679260254
830,925,4.0,3.3036670684814453
217,27,1.0,2.8411409854888916
299,144,4.0,3.611126661300659
308,1286,3.0,3.226039409637451
448,338,1.0,2.516064405441284
541,596,4.0,3.57890248298645
192,515,4.0,4.232210636138916
583,519,5.0,4.488197326660156
290,139,2.0,2.712785482406616
256,778,4.0,4.378906726837158
178,124,4.0,4.344567775726318
316,22,4.0,3.4667608737945557
833,428,2.0,3.3911385536193848
660,159,1.0,2.468001365661621
938,328,2.0,3.518303632736206
919,332,4.0,3.405294418334961
682,710,3.0,3.394122362136841
670,945,4.0,3.926259994506836
335,323,4.0,2.7993180751800537
94,738,2.0,3.0097413063049316
211,205,5.0,3.3837454319000244
186,177,4.0,3.946593999862671
206,1394,1.0,1.7879087924957275
193,276,4.0,3.4877026081085205
805,742,3.0,3.502031087875366
96,445,4.0,4.019199371337891
158,583,3.0,3.3426904678344727
863,350,1.0,3.3153371810913086
524,107,3.0,3.4533557891845703
741,1090,1.0,2.5297164916992188
425,562,1.0,2.804525375366211
354,480,4.0,4.243209362030029
389,77,2.0,3.45648455619812
314,743,1.0,2.3041937351226807
280,286,4.0,3.8190712928771973
770,50,3.0,5.55783748626709
379,522,5.0,4.264382362365723
858,754,4.0,3.2403109073638916
799,1545,4.0,2.168635129928589
378,69,3.0,3.7977395057678223
932,447,3.0,3.761089324951172
128,387,2.0,3.4369471073150635
450,1091,4.0,3.0789554119110107
505,77,3.0,3.059351921081543
727,465,2.0,3.3526549339294434
83,828,3.0,2.771820068359375
922,1035,3.0,3.0584628582000732
301,756,4.0,2.7789430618286133
293,433,3.0,3.296372175216675
59,764,4.0,3.0567715167999268
360,933,3.0,2.7420003414154053
358,114,5.0,4.0594868659973145
125,926,3.0,2.7681386470794678
45,21,3.0,3.0723094940185547
276,248,4.0,3.8270037174224854
880,732,4.0,3.831125497817993
181,285,2.0,1.9389097690582275
744,603,5.0,4.102232456207275
695,682,1.0,2.849346876144409
286,14,4.0,4.405706405639648
815,1299,3.0,2.9757888317108154
863,319,2.0,3.2982988357543945
901,174,5.0,4.6957573890686035
779,447,4.0,3.7699358463287354
267,1035,4.0,3.520660400390625
49,299,2.0,2.4017493724823
889,540,2.0,2.496196746826172
564,313,4.0,4.062382698059082
204,304,3.0,3.443168878555298
682,85,3.0,2.8957552909851074
927,568,5.0,4.131484031677246
621,222,4.0,3.9486684799194336
295,158,4.0,2.984884023666382
322,513,4.0,4.677940368652344
312,659,5.0,4.551041126251221
85,357,4.0,4.047453880310059
126,678,3.0,2.8278346061706543
856,678,3.0,2.6629931926727295
934,432,5.0,3.723214626312256
521,290,3.0,2.6894853115081787
163,56,4.0,3.4992029666900635
92,737,4.0,2.9707953929901123
303,845,4.0,3.573843240737915
804,328,4.0,3.6686954498291016
130,158,5.0,3.0535964965820312
77,121,2.0,3.1987221240997314
338,490,5.0,3.963829755783081
669,114,5.0,3.8412106037139893
234,404,4.0,3.1775407791137695
880,546,3.0,3.229395627975464
642,53,2.0,3.271061420440674
805,433,4.0,3.6620395183563232
578,300,4.0,2.9836177825927734
130,183,5.0,4.751479148864746
521,967,3.0,2.6618118286132812
186,754,2.0,3.4304466247558594
38,423,5.0,4.452951431274414
788,289,4.0,2.972984790802002
251,144,5.0,3.994550943374634
18,775,3.0,2.81626296043396
308,486,4.0,3.9675285816192627
751,734,1.0,2.5535953044891357
402,124,4.0,4.475916385650635
179,750,1.0,3.604492425918579
492,242,5.0,3.6986093521118164
397,56,5.0,4.2638068199157715
807,358,3.0,2.974792003631592
551,471,5.0,3.885265588760376
322,194,5.0,4.3485798835754395
425,12,5.0,3.7612955570220947
250,475,4.0,4.356292724609375
271,134,3.0,4.134560585021973
58,69,1.0,3.9027702808380127
156,11,2.0,3.4922142028808594
268,82,3.0,3.3905677795410156
3,320,5.0,2.5962705612182617
405,1591,1.0,1.856105089187622
95,450,2.0,2.4449617862701416
872,332,3.0,3.614997148513794
561,772,4.0,2.579644203186035
151,322,2.0,3.3376104831695557
137,243,4.0,2.9231624603271484
184,262,5.0,3.797088146209717
497,225,3.0,2.8212807178497314
121,298,2.0,3.6324689388275146
7,52,4.0,4.315725326538086
472,117,3.0,4.660891532897949
229,328,1.0,2.727504014968872
791,300,5.0,3.9240529537200928
932,198,4.0,4.345885753631592
65,365,3.0,3.4294989109039307
864,951,3.0,2.8266983032226562
877,59,5.0,4.105649471282959
374,229,5.0,3.0308189392089844
299,785,2.0,3.123450756072998
931,100,4.0,4.178360939025879
655,205,3.0,3.325641393661499
416,218,3.0,3.93511700630188
325,114,5.0,3.969141721725464
495,441,3.0,3.076436996459961
327,10,4.0,3.494174003601074
268,50,5.0,3.896138906478882
235,647,4.0,4.353500843048096
416,765,4.0,3.1521408557891846
642,441,1.0,3.0291433334350586
169,331,5.0,3.5269172191619873
795,1555,3.0,2.043447256088257
805,420,4.0,3.417633533477783
758,536,2.0,3.4916751384735107
256,203,4.0,4.691515922546387
248,210,3.0,3.544790744781494
330,102,4.0,4.0933942794799805
625,546,2.0,2.773310422897339
536,427,5.0,4.667496204376221
735,275,4.0,3.597327709197998
43,501,4.0,3.602132558822632
665,194,3.0,3.9788012504577637
738,210,5.0,3.826794147491455
894,137,5.0,4.016700267791748
601,91,5.0,3.154156446456909
181,302,2.0,1.9614100456237793
453,356,2.0,3.1277403831481934
250,64,5.0,4.848827838897705
588,159,1.0,3.385486125946045
65,1142,4.0,4.080964088439941
413,628,4.0,3.4850943088531494
633,1132,2.0,2.562490463256836
640,14,4.0,4.723234176635742
62,1074,4.0,2.698643207550049
405,175,1.0,2.32488751411438
880,230,3.0,3.737518548965454
404,1238,3.0,2.9834156036376953
718,756,5.0,2.984787940979004
796,685,4.0,3.3973822593688965
293,230,2.0,3.1026675701141357
488,9,4.0,3.344727039337158
70,181,4.0,3.915083169937134
234,558,4.0,3.229875087738037
829,198,4.0,3.8549375534057617
765,151,4.0,3.8308017253875732
514,172,4.0,4.352205753326416
343,324,5.0,3.3885035514831543
733,13,3.0,3.0287935733795166
352,228,3.0,3.719653606414795
60,616,3.0,3.8293092250823975
621,301,4.0,3.573220729827881
839,742,3.0,3.3885855674743652
21,320,3.0,2.891693115234375
344,45,5.0,4.033605575561523
588,313,5.0,4.5946173667907715
766,434,5.0,3.5582773685455322
481,210,4.0,4.034712791442871
537,83,4.0,3.2235515117645264
715,24,3.0,3.3232970237731934
435,45,5.0,3.852565288543701
922,80,3.0,2.7058496475219727
734,162,3.0,3.43894624710083
81,1,4.0,3.66213321685791
7,151,4.0,4.044344902038574
499,588,4.0,3.7154030799865723
634,276,5.0,3.676968574523926
733,1085,4.0,2.4298558235168457
33,288,4.0,3.662724494934082
148,228,4.0,3.8728837966918945
271,12,4.0,4.247713565826416
214,960,2.0,3.494408369064331
800,257,4.0,3.8118362426757812
858,292,3.0,3.571434736251831
456,479,5.0,3.9210712909698486
416,1014,3.0,3.5743420124053955
588,71,4.0,4.05463171005249
347,1059,3.0,2.6895833015441895
246,158,1.0,2.257922649383545
693,1248,3.0,2.596287965774536
655,273,4.0,3.0029261112213135
881,112,2.0,2.384939193725586
222,1439,3.0,2.5579140186309814
592,132,5.0,4.456328392028809
798,720,5.0,2.9292969703674316
290,162,3.0,3.454310178756714
588,660,4.0,3.9664642810821533
406,612,5.0,3.785332679748535
153,322,3.0,2.4003398418426514
456,91,2.0,3.4728915691375732
379,56,5.0,4.460319995880127
798,584,3.0,3.468735456466675
124,157,2.0,3.079091787338257
189,639,4.0,3.9618754386901855
850,969,5.0,4.3167948722839355
94,273,4.0,3.7803475856781006
635,1025,2.0,2.602724313735962
521,117,4.0,3.1897318363189697
613,1,4.0,4.224226474761963
130,993,5.0,4.228719711303711
551,315,5.0,4.6148200035095215
710,504,4.0,3.8046555519104004
727,17,1.0,3.0826425552368164
474,136,4.0,4.46435022354126
479,604,3.0,3.840630054473877
711,476,4.0,3.211115598678589
870,469,4.0,3.566462278366089
707,770,3.0,3.230034112930298
331,269,5.0,3.7978932857513428
498,109,3.0,3.0203776359558105
254,504,3.0,3.517176389694214
122,660,3.0,3.9505443572998047
279,1017,3.0,3.359766721725464
354,186,4.0,3.847127914428711
381,1018,4.0,3.598647117614746
209,269,2.0,3.5867393016815186
518,934,3.0,3.03188419342041
832,328,3.0,3.0217480659484863
711,958,5.0,3.960465431213379
393,922,4.0,4.031251430511475
804,655,4.0,4.025722503662109
606,202,4.0,4.0597453117370605
377,288,5.0,3.5962471961975098
896,1622,2.0,1.7210290431976318
644,597,4.0,3.714376211166382
773,14,5.0,3.6464972496032715
109,178,3.0,4.3405914306640625
181,109,1.0,1.6135532855987549
406,942,4.0,3.331021308898926
504,127,5.0,4.43991756439209
299,742,4.0,3.377379894256592
522,128,4.0,3.7237274646759033
234,20,4.0,2.9580490589141846
256,657,5.0,5.263775825500488
405,449,1.0,1.867964506149292
781,327,4.0,3.481642484664917
269,639,4.0,3.1700267791748047
393,725,2.0,2.760199785232544
308,705,5.0,4.048666477203369
385,37,4.0,2.0336434841156006
378,276,4.0,3.6238508224487305
10,245,4.0,3.3768951892852783
787,938,3.0,2.6421689987182617
128,715,4.0,3.3216657638549805
903,120,2.0,2.27187180519104
537,528,3.0,3.306091070175171
870,1210,1.0,2.701087713241577
109,762,3.0,3.4207658767700195
367,876,3.0,3.2309341430664062
222,849,4.0,2.5017738342285156
60,138,2.0,2.543842077255249
280,1063,3.0,3.7107419967651367
62,204,3.0,3.541236400604248
394,416,5.0,3.888948917388916
454,527,4.0,3.180579900741577
177,87,4.0,3.913351535797119
151,478,5.0,4.563940525054932
510,259,2.0,2.5424439907073975
159,456,3.0,2.4588375091552734
313,485,3.0,3.8135128021240234
318,210,4.0,4.078177452087402
659,610,3.0,3.7505481243133545
843,432,2.0,2.7363333702087402
913,419,5.0,3.3777382373809814
286,83,5.0,4.508316516876221
934,190,4.0,4.2910051345825195
16,237,5.0,4.153727054595947
452,211,2.0,3.6171302795410156
239,171,5.0,4.300660610198975
492,83,4.0,3.616023540496826
815,435,4.0,4.107481956481934
940,285,4.0,3.9536819458007812
627,660,4.0,3.5080180168151855
254,679,2.0,2.7264201641082764
437,566,3.0,3.502039909362793
478,143,5.0,3.4386377334594727
225,245,2.0,3.534797430038452
727,121,4.0,3.253927707672119
532,834,4.0,2.58833384513855
299,100,3.0,3.890821933746338
886,512,1.0,3.9896087646484375
384,328,4.0,3.985708236694336
286,20,4.0,3.766624927520752
246,201,5.0,3.0903425216674805
712,1037,4.0,1.9246723651885986
23,90,2.0,3.0049633979797363
313,142,3.0,2.968294858932495
505,66,4.0,3.172821521759033
792,840,2.0,2.744011878967285
923,257,5.0,4.6411662101745605
691,304,3.0,4.026507377624512
416,281,5.0,3.6166749000549316
253,510,5.0,4.154356956481934
682,719,2.0,2.3728277683258057
70,538,2.0,3.536590814590454
712,177,2.0,4.1309895515441895
347,203,5.0,3.8687241077423096
489,325,5.0,3.2170333862304688
558,269,4.0,4.394209384918213
74,237,4.0,3.624760866165161
509,260,2.0,2.0693399906158447
817,147,3.0,3.443387269973755
15,476,4.0,2.613691806793213
843,210,3.0,2.867647886276245
248,806,3.0,3.2176952362060547
846,490,4.0,4.322971343994141
502,333,4.0,3.5802929401397705
586,273,5.0,3.3752472400665283
888,535,4.0,3.513043165206909
758,746,4.0,4.058041095733643
114,210,3.0,3.513495922088623
201,774,1.0,2.730327606201172
244,738,4.0,3.0177202224731445
677,243,3.0,2.5675864219665527
500,402,3.0,3.3373160362243652
347,806,3.0,3.5480539798736572
749,472,4.0,3.1101861000061035
932,1121,5.0,3.8698062896728516
174,721,2.0,3.889129400253296
659,345,4.0,3.4546024799346924
889,1073,5.0,3.678441047668457
18,195,3.0,4.071382522583008
587,902,2.0,3.476093053817749
648,200,2.0,3.5829014778137207
301,265,4.0,3.8180737495422363
338,212,4.0,3.2289812564849854
654,114,5.0,4.385833740234375
174,155,4.0,3.43212628364563
606,38,4.0,3.164158821105957
454,451,4.0,2.5583508014678955
561,163,3.0,3.053349494934082
402,151,5.0,3.9039552211761475
311,22,4.0,4.394962787628174
650,1135,2.0,2.6359848976135254
875,514,5.0,4.154654026031494
1,202,5.0,3.896228313446045
823,89,5.0,4.5264363288879395
13,797,5.0,2.9439499378204346
805,678,4.0,2.77116322517395
246,652,5.0,3.408845901489258
466,385,4.0,3.415242910385132
283,845,4.0,3.967466354370117
823,96,4.0,4.364523410797119
151,522,5.0,4.271881103515625
184,368,1.0,1.759993314743042
326,174,4.0,3.71677303314209
83,468,4.0,3.4975409507751465
854,156,3.0,3.52292799949646
545,648,3.0,4.162387371063232
545,234,3.0,3.7775697708129883
671,810,2.0,2.9711949825286865
757,328,3.0,3.3484036922454834
209,351,2.0,2.6125216484069824
815,154,5.0,3.91854190826416
368,50,4.0,4.097370624542236
417,163,4.0,3.5079331398010254
716,614,4.0,3.8579812049865723
188,554,2.0,2.859945058822632
1,59,5.0,4.194063186645508
73,28,3.0,3.727097749710083
283,294,4.0,3.6716463565826416
643,200,3.0,3.8835830688476562
92,421,4.0,3.550724744796753
666,195,3.0,3.8620331287384033
301,7,4.0,3.7657082080841064
195,99,3.0,3.6211743354797363
339,737,3.0,3.2989659309387207
923,181,5.0,5.013167858123779
305,289,4.0,2.815422773361206
62,365,2.0,3.0919933319091797
655,698,4.0,2.377638339996338
355,306,4.0,4.936507225036621
496,825,3.0,2.492393970489502
280,364,3.0,2.911180019378662
1,17,3.0,3.400813102722168
561,515,3.0,3.631082057952881
249,195,4.0,4.3677778244018555
64,436,5.0,3.575375556945801
314,628,5.0,4.005908966064453
543,576,4.0,2.9788472652435303
498,558,4.0,3.268503427505493
349,288,3.0,3.214695692062378
339,182,5.0,4.315552234649658
102,405,2.0,2.543229341506958
267,393,3.0,3.8128607273101807
325,105,3.0,2.283341884613037
943,569,2.0,2.8544604778289795
222,58,3.0,3.3837358951568604
773,23,5.0,3.7490737438201904
880,976,2.0,2.1905360221862793
763,819,2.0,2.680117130279541
274,815,3.0,3.6241531372070312
707,297,3.0,3.8199682235717773
753,653,4.0,3.5851566791534424
128,190,4.0,4.300379753112793
848,485,5.0,4.290814399719238
840,257,3.0,3.978900671005249
632,227,3.0,3.3698391914367676
200,89,5.0,4.916650295257568
432,546,3.0,3.203603982925415
416,652,4.0,4.339693546295166
184,1148,3.0,3.1894760131835938
35,876,2.0,2.5385444164276123
702,895,1.0,2.408952236175537
334,675,4.0,3.5086686611175537
85,221,2.0,3.6719272136688232
92,82,2.0,3.7344393730163574
699,475,4.0,3.582343816757202
254,94,3.0,2.783184051513672
894,847,4.0,3.9480276107788086
301,132,4.0,3.9767098426818848
731,140,2.0,2.847255229949951
450,336,3.0,2.9861369132995605
245,597,4.0,2.909518003463745
698,481,3.0,2.9824938774108887
58,475,5.0,4.085131645202637
87,1182,3.0,2.4763689041137695
308,1028,2.0,3.1549220085144043
402,529,4.0,4.214815139770508
308,856,4.0,3.9592103958129883
216,1218,3.0,3.571176528930664
721,8,4.0,4.132633686065674
605,1,4.0,3.88482403755188
427,292,2.0,4.918489933013916
372,448,4.0,4.292730331420898
72,792,3.0,3.709573984146118
620,699,5.0,4.1729888916015625
875,654,4.0,4.4578375816345215
846,484,5.0,4.47728967666626
357,820,4.0,3.532625436782837
847,200,3.0,3.2096567153930664
150,151,4.0,3.845982789993286
246,410,1.0,2.8066601753234863
295,216,5.0,4.66265344619751
201,268,4.0,3.3159501552581787
727,206,3.0,3.3357608318328857
892,56,4.0,4.550102233886719
393,815,4.0,3.2078657150268555
308,135,5.0,4.045875072479248
500,1012,4.0,3.3298301696777344
683,607,5.0,3.613342046737671
864,96,5.0,4.423669815063477
864,642,3.0,3.87426495552063
908,127,4.0,3.7575066089630127
428,268,4.0,4.330434322357178
878,462,4.0,3.3326869010925293
389,629,2.0,3.4275217056274414
877,371,5.0,3.3030591011047363
833,58,2.0,3.168022394180298
717,290,3.0,3.363091468811035
506,449,2.0,3.1421871185302734
832,326,4.0,2.918757200241089
916,12,4.0,4.074460029602051
383,657,5.0,4.722968101501465
70,96,4.0,3.90921688079834
314,283,4.0,4.255743980407715
189,132,5.0,4.2913899421691895
846,849,3.0,2.875199794769287
782,1226,2.0,3.1031665802001953
621,107,4.0,3.968982696533203
454,742,3.0,2.8182687759399414
838,275,5.0,4.188566207885742
323,172,5.0,4.36519718170166
533,371,3.0,3.0112600326538086
407,123,3.0,3.0248520374298096
373,286,3.0,3.825915813446045
715,231,3.0,2.659883975982666
303,1090,1.0,2.6498398780822754
316,286,5.0,3.0427894592285156
933,265,4.0,3.1232521533966064
69,151,5.0,3.7849295139312744
432,222,4.0,3.838557720184326
160,302,5.0,4.529726982116699
416,662,4.0,3.8821723461151123
279,1007,4.0,4.066927909851074
590,1017,4.0,3.281985282897949
459,866,5.0,3.2453343868255615
697,595,4.0,3.3313169479370117
640,56,5.0,4.832834720611572
650,191,4.0,3.6690196990966797
653,4,3.0,2.6837313175201416
829,151,4.0,3.4552934169769287
780,186,4.0,3.807220935821533
312,481,5.0,4.510535717010498
354,216,3.0,3.8511903285980225
498,176,2.0,3.465937614440918
695,903,4.0,3.0997207164764404
934,419,4.0,3.7363781929016113
286,315,5.0,4.622028827667236
48,654,5.0,4.18163537979126
71,135,4.0,3.918628692626953
277,258,4.0,3.6689679622650146
355,271,3.0,3.959177255630493
402,235,3.0,3.1044700145721436
7,562,5.0,3.5797476768493652
177,197,4.0,3.9998650550842285
880,928,2.0,3.3500943183898926
933,433,1.0,3.0148842334747314
805,1008,4.0,3.490804433822632
308,671,4.0,3.8110876083374023
116,303,3.0,3.2368781566619873
10,488,5.0,4.65233039855957
882,227,4.0,3.7577359676361084
499,357,5.0,4.168549537658691
59,418,2.0,3.8527042865753174
828,246,2.0,3.421971559524536
456,210,3.0,3.6773853302001953
311,754,3.0,3.467944622039795
747,23,5.0,4.56117057800293
94,390,5.0,2.946747303009033
357,932,4.0,3.7452073097229004
11,549,4.0,3.491024971008301
474,479,5.0,4.503935813903809
655,371,3.0,2.7573812007904053
216,184,4.0,3.5583012104034424
452,88,2.0,3.1758077144622803
498,1426,3.0,2.57763934135437
843,91,3.0,2.71549916267395
790,665,3.0,2.710808753967285
727,367,3.0,3.3073997497558594
292,28,4.0,4.318015098571777
457,175,5.0,4.666487216949463
481,4,3.0,3.6569101810455322
62,4,4.0,3.2428271770477295
747,279,4.0,3.655039072036743
284,345,4.0,3.394893169403076
697,975,1.0,3.522503614425659
144,880,5.0,3.0454390048980713
796,488,2.0,4.336726665496826
449,1367,4.0,3.311354160308838
183,144,3.0,3.449617385864258
621,876,2.0,2.8228204250335693
16,531,5.0,4.470323085784912
390,742,4.0,3.8251116275787354
214,327,5.0,3.54594349861145
197,518,1.0,3.68446946144104
38,70,5.0,4.205502510070801
894,534,4.0,3.326287269592285
72,100,5.0,4.144259452819824
548,255,4.0,3.4692158699035645
293,605,3.0,2.926439046859741
407,565,3.0,2.550096035003662
197,550,3.0,3.2458245754241943
198,824,2.0,2.424633502960205
392,650,5.0,3.8695898056030273
741,215,4.0,3.693941831588745
59,127,5.0,4.577974319458008
398,732,4.0,3.601858377456665
417,419,4.0,3.587909460067749
643,1149,3.0,4.128095626831055
429,96,4.0,3.8396568298339844
102,597,3.0,2.4470839500427246
118,551,5.0,2.9141886234283447
334,905,1.0,3.3456501960754395
6,259,1.0,2.613978624343872
456,772,4.0,2.8833580017089844
741,118,1.0,3.164324998855591
829,129,4.0,3.707303524017334
339,45,5.0,4.364168167114258
864,628,4.0,3.842059373855591
292,125,2.0,3.995522975921631
424,15,4.0,3.2225592136383057
521,659,4.0,3.464012622833252
504,94,4.0,3.2500758171081543
49,813,3.0,3.233024835586548
537,265,3.0,3.0665805339813232
458,654,5.0,4.187674522399902
397,172,5.0,4.437061786651611
69,50,5.0,4.556988716125488
524,461,3.0,3.3764190673828125
87,1187,2.0,3.770195960998535
492,64,4.0,3.93638277053833
120,546,2.0,3.02599835395813
165,174,4.0,4.45294713973999
784,678,4.0,2.9931375980377197
497,1615,3.0,2.5919106006622314
642,231,3.0,3.0846381187438965
291,760,2.0,3.2179152965545654
886,164,4.0,3.427997589111328
380,614,3.0,3.115351676940918
450,936,5.0,4.332760810852051
943,122,1.0,2.4443576335906982
676,117,4.0,3.759972095489502
115,181,4.0,4.233549118041992
405,141,2.0,2.06137752532959
405,580,1.0,1.9598476886749268
895,275,5.0,4.161603927612305
436,159,4.0,3.508305072784424
246,809,2.0,2.7293434143066406
633,28,4.0,3.5336248874664307
568,604,4.0,3.3643367290496826
561,99,3.0,3.0939602851867676
128,568,4.0,3.703667640686035
776,483,5.0,4.427596092224121
806,483,4.0,4.481229305267334
150,246,5.0,4.250796318054199
479,324,1.0,2.9869117736816406
437,1262,3.0,3.055135488510132
310,116,5.0,4.005366325378418
210,99,4.0,4.056056976318359
880,188,4.0,3.9145021438598633
398,174,5.0,4.256791591644287
940,508,5.0,3.356527805328369
734,662,3.0,3.210655450820923
677,101,5.0,3.5326390266418457
2,280,3.0,3.3305628299713135
658,235,2.0,2.8370814323425293
846,376,2.0,2.9805305004119873
886,1435,3.0,2.125943183898926
312,480,5.0,4.8973822593688965
68,245,3.0,2.6663289070129395
935,546,4.0,3.31620192527771
862,429,5.0,4.716547966003418
653,70,2.0,2.757521629333496
224,326,4.0,2.95501446723938
795,62,4.0,2.8282415866851807
765,222,2.0,3.8380684852600098
574,344,5.0,3.7145962715148926
565,52,5.0,4.533908367156982
660,167,2.0,2.3552746772766113
880,405,4.0,3.4987871646881104
429,662,3.0,3.293959140777588
406,1194,4.0,3.9456262588500977
115,284,2.0,3.337425470352173
693,488,4.0,3.554117441177368
405,425,2.0,2.2692370414733887
436,423,4.0,4.219527721405029
574,1022,2.0,3.471926689147949
435,54,4.0,3.079285144805908
905,137,3.0,3.7025599479675293
416,980,4.0,3.7458455562591553
766,380,2.0,3.0950119495391846
405,639,1.0,2.1735680103302
100,990,3.0,2.990068197250366
862,64,5.0,5.323367595672607
727,147,3.0,3.320254325866699
445,1011,1.0,1.936136245727539
870,238,4.0,3.636746644973755
672,874,4.0,2.9914798736572266
621,180,4.0,4.461899757385254
852,926,3.0,2.9717485904693604
326,521,2.0,3.417907476425171
494,50,5.0,4.46552038192749
328,232,3.0,3.265995502471924
85,180,4.0,3.903580904006958
622,161,3.0,3.5157148838043213
671,66,5.0,3.5515048503875732
374,12,4.0,4.33034086227417
655,462,3.0,3.1673221588134766
416,742,4.0,4.042612552642822
786,174,4.0,4.394139289855957
642,90,4.0,3.4847140312194824
264,602,4.0,4.305538654327393
43,49,4.0,3.4359095096588135
368,201,5.0,3.274799108505249
198,480,4.0,3.8444957733154297
561,474,5.0,3.58339786529541
22,791,1.0,2.654280424118042
44,245,4.0,3.0945632457733154
387,324,4.0,2.9494469165802
805,357,5.0,4.154556751251221
295,151,4.0,4.279922008514404
524,484,4.0,3.971867799758911
365,137,3.0,3.944654941558838
825,740,2.0,3.8214614391326904
345,303,4.0,3.865849733352661
158,502,4.0,3.9917101860046387
868,739,2.0,2.797335624694824
187,710,4.0,3.749920129776001
393,71,3.0,3.8312630653381348
736,515,5.0,3.5995192527770996
428,269,5.0,4.644143581390381
102,239,3.0,2.711289167404175
444,906,4.0,3.498446464538574
796,1032,3.0,2.9434945583343506
23,73,3.0,3.2925729751586914
432,411,3.0,3.0274946689605713
654,367,4.0,3.522191047668457
766,443,3.0,3.5076560974121094
757,405,4.0,3.154165744781494
436,174,3.0,4.700051307678223
6,165,5.0,3.9519412517547607
521,755,3.0,2.839224100112915
243,708,3.0,3.499070882797241
71,100,4.0,4.07584810256958
95,506,3.0,3.903026580810547
428,879,4.0,3.8235254287719727
181,1394,1.0,1.2589292526245117
561,4,3.0,2.9767086505889893
634,237,5.0,3.6544346809387207
5,395,2.0,2.229398250579834
525,255,1.0,3.203610420227051
387,564,1.0,1.834648609161377
606,477,4.0,3.5362184047698975
639,483,5.0,3.5555577278137207
496,150,2.0,3.2589807510375977
454,736,3.0,3.0547969341278076
223,259,3.0,2.620049476623535
933,840,3.0,2.3020410537719727
880,678,3.0,2.978060007095337
799,50,4.0,4.47907829284668
38,127,2.0,4.9645771980285645
179,914,5.0,2.107677459716797
191,345,4.0,3.3693294525146484
509,754,1.0,2.553593635559082
58,1102,1.0,2.9778990745544434
653,1087,2.0,1.4161944389343262
184,65,4.0,3.5727953910827637
244,946,4.0,3.28121280670166
413,100,4.0,4.141030788421631
16,467,5.0,4.36541748046875
749,431,5.0,3.6882922649383545
453,214,3.0,3.183938503265381
750,286,4.0,3.6210837364196777
13,720,4.0,2.7399420738220215
748,181,4.0,3.7684404850006104
334,190,4.0,4.0614776611328125
401,527,4.0,3.356943130493164
399,710,2.0,3.1342389583587646
59,519,4.0,4.373986721038818
345,315,5.0,4.308827877044678
682,756,2.0,2.6340014934539795
394,577,2.0,2.4605047702789307
342,1012,4.0,3.4082791805267334
696,310,4.0,4.037323951721191
221,824,3.0,2.828187942504883
256,1,5.0,4.685418605804443
296,923,5.0,4.916398525238037
659,559,1.0,3.237287998199463
5,144,3.0,3.472817897796631
286,746,4.0,4.15922212600708
1,203,4.0,4.030815124511719
668,286,4.0,3.63224196434021
632,609,3.0,3.575615882873535
584,227,4.0,3.1976418495178223
256,473,5.0,3.7453243732452393
275,69,3.0,3.261244297027588
796,869,4.0,3.0729305744171143
83,685,4.0,3.559572458267212
894,595,3.0,3.0270438194274902
445,208,2.0,2.2947545051574707
257,14,5.0,4.368566989898682
437,412,3.0,2.2293148040771484
826,511,3.0,4.870561122894287
290,174,5.0,3.9764645099639893
548,305,1.0,3.964303970336914
676,539,4.0,2.556281328201294
332,159,5.0,3.972184658050537
654,275,5.0,4.0055718421936035
870,96,4.0,3.7372968196868896
403,1047,2.0,2.9786338806152344
197,226,4.0,3.1669363975524902
450,495,4.0,4.047165393829346
405,669,1.0,1.141417145729065
486,713,3.0,3.4982597827911377
122,582,5.0,3.8443057537078857
286,298,4.0,4.142281532287598
650,1050,3.0,3.140195369720459
239,836,5.0,3.8630666732788086
566,575,1.0,2.261813163757324
200,570,4.0,3.6669576168060303
313,845,3.0,3.402249813079834
522,135,5.0,4.212894916534424
732,304,5.0,3.6731948852539062
435,1044,4.0,3.213277816772461
916,7,4.0,3.5724587440490723
693,378,2.0,3.165715217590332
64,173,5.0,4.0617523193359375
543,161,4.0,3.3708200454711914
168,744,5.0,3.533170223236084
194,526,4.0,3.2323176860809326
363,1014,1.0,2.846405267715454
863,321,4.0,3.136409282684326
286,280,4.0,3.579444408416748
148,521,1.0,4.01231575012207
505,526,5.0,3.557149887084961
31,32,5.0,3.9639363288879395
914,313,3.0,3.987704277038574
379,63,2.0,3.3237433433532715
312,521,5.0,4.405154705047607
184,836,4.0,3.554997682571411
721,22,5.0,4.351936340332031
514,380,4.0,3.449801445007324
919,301,3.0,3.249845027923584
845,272,3.0,3.462336540222168
75,294,3.0,3.341027021408081
474,174,5.0,4.609341621398926
642,1054,3.0,2.7077198028564453
234,492,3.0,3.270226001739502
110,790,4.0,2.7002358436584473
896,1303,4.0,1.876535415649414
644,546,4.0,3.578085422515869
160,209,4.0,4.186954498291016
415,258,4.0,4.101349353790283
608,506,4.0,3.8108208179473877
457,699,4.0,4.338318347930908
883,312,3.0,3.401870012283325
107,286,2.0,3.051722764968872
875,603,4.0,4.5989603996276855
627,693,2.0,3.414365768432617
1,9,5.0,4.000641345977783
361,203,5.0,3.720844268798828
79,313,2.0,4.57425594329834
709,29,3.0,2.7874667644500732
932,675,4.0,3.9285356998443604
201,1010,3.0,3.0612096786499023
125,1204,3.0,3.5887293815612793
524,277,3.0,3.3560068607330322
378,780,2.0,3.0294206142425537
130,385,5.0,4.36638069152832
659,96,4.0,4.00825834274292
845,690,5.0,2.8279292583465576
890,480,5.0,4.472305774688721
144,319,3.0,3.3175415992736816
848,23,2.0,4.564370155334473
909,289,3.0,3.4905333518981934
65,25,4.0,3.480376720428467
62,402,3.0,3.257584810256958
693,117,4.0,3.10422945022583
660,485,3.0,2.944185972213745
374,1513,2.0,2.028264284133911
749,823,3.0,2.9781711101531982
13,917,4.0,2.72884464263916
814,413,2.0,2.3129024505615234
206,1429,1.0,1.9419167041778564
852,7,3.0,4.179468631744385
334,510,4.0,3.7976715564727783
276,340,5.0,3.795039415359497
271,300,2.0,3.604430675506592
391,59,5.0,3.9364447593688965
346,77,4.0,3.199413537979126
271,97,5.0,3.604719877243042
479,54,3.0,3.038875102996826
648,227,3.0,3.175122022628784
884,921,5.0,3.744560956954956
533,15,4.0,3.489065170288086
851,159,3.0,3.458885669708252
718,982,4.0,2.755479097366333
22,121,3.0,3.5921096801757812
222,723,3.0,3.0186285972595215
661,615,4.0,4.19127893447876
660,315,4.0,3.211320161819458
474,182,5.0,4.280556678771973
675,1007,4.0,3.977456569671631
696,347,1.0,3.8517136573791504
758,550,4.0,3.643462896347046
3,325,1.0,2.305739164352417
95,182,2.0,3.930175304412842
450,427,5.0,4.781616687774658
919,236,5.0,3.6034321784973145
608,70,4.0,3.5123798847198486
621,1029,2.0,1.9097721576690674
268,52,3.0,3.4332852363586426
13,565,1.0,2.497791290283203
339,235,3.0,3.16239070892334
314,934,4.0,3.320032835006714
314,785,3.0,3.796689987182617
432,7,2.0,4.032619953155518
69,1016,3.0,3.603717565536499
649,147,4.0,3.5952959060668945
234,1458,4.0,0.9352770447731018
249,628,3.0,3.837702512741089
293,264,3.0,2.4232115745544434
244,451,4.0,3.466116428375244
5,90,3.0,2.8239753246307373
367,53,4.0,3.622105121612549
815,131,2.0,4.068929672241211
58,1106,4.0,2.3129401206970215
726,845,3.0,2.7809267044067383
178,204,4.0,4.051299095153809
201,597,2.0,2.8079917430877686
473,319,3.0,3.5632286071777344
864,70,4.0,3.98020601272583
452,1089,1.0,2.0751564502716064
69,628,3.0,3.6484203338623047
606,98,5.0,4.708216190338135
374,1215,1.0,1.8895330429077148
189,990,3.0,3.5848007202148438
303,785,3.0,3.4344916343688965
429,768,3.0,2.8734734058380127
178,846,3.0,3.0346462726593018
907,1,5.0,4.995681285858154
781,483,5.0,4.479994773864746
729,690,2.0,2.9624416828155518
320,42,4.0,4.3238067626953125
634,9,5.0,3.837432622909546
666,206,4.0,3.439232110977173
479,148,2.0,3.0860514640808105
463,20,5.0,2.8936378955841064
320,79,4.0,4.569717884063721
709,28,5.0,3.9908251762390137
571,174,4.0,3.6946351528167725
930,64,4.0,3.5599887371063232
7,496,5.0,4.611198425292969
145,1087,1.0,1.8051621913909912
869,287,2.0,3.0250754356384277
344,431,3.0,3.6124911308288574
712,568,5.0,3.9501101970672607
899,710,3.0,3.5023319721221924
41,195,4.0,3.7897140979766846
891,934,3.0,3.4219963550567627
793,685,3.0,3.4476585388183594
298,127,5.0,4.572895050048828
214,20,4.0,3.4225831031799316
424,243,4.0,2.1926636695861816
768,9,5.0,3.504937171936035
527,93,4.0,3.606945037841797
892,233,5.0,3.584719181060791
313,182,4.0,3.9218525886535645
929,31,2.0,3.425225019454956
26,313,5.0,3.8231043815612793
642,1473,4.0,3.389249324798584
804,55,4.0,3.9585022926330566
655,1378,3.0,1.9804017543792725
484,550,4.0,3.800891399383545
823,144,5.0,4.1726202964782715
517,405,4.0,3.0785295963287354
498,136,3.0,3.597720146179199
378,254,1.0,2.450957775115967
223,1088,4.0,1.7986252307891846
943,184,5.0,3.4967072010040283
870,763,4.0,3.1533732414245605
123,64,3.0,4.67328405380249
507,328,5.0,4.722047805786133
99,4,5.0,3.6624808311462402
72,582,4.0,3.646969795227051
468,55,5.0,4.010636806488037
13,137,5.0,3.681550979614258
935,471,4.0,3.8589394092559814
250,629,4.0,3.596297025680542
394,31,3.0,4.151550769805908
645,175,5.0,4.045873641967773
13,558,1.0,3.4892032146453857
399,320,3.0,2.7423951625823975
82,826,3.0,2.247288465499878
883,277,4.0,3.6977572441101074
710,483,5.0,4.336295127868652
417,428,3.0,3.7857227325439453
145,983,1.0,2.363581418991089
311,12,4.0,4.520870208740234
207,53,1.0,2.7042770385742188
429,1224,2.0,2.672285556793213
297,1073,3.0,3.65803861618042
435,219,5.0,3.1976778507232666
758,230,4.0,3.7991480827331543
262,235,2.0,2.67437744140625
28,323,3.0,3.131363868713379
264,558,5.0,4.322890758514404
457,831,2.0,2.75046968460083
561,109,1.0,2.919647216796875
672,515,5.0,3.843663454055786
102,792,3.0,2.833519458770752
280,155,5.0,3.2097034454345703
215,8,2.0,4.0280303955078125
256,761,4.0,3.51338267326355
536,50,5.0,4.6708855628967285
77,215,2.0,3.483834981918335
354,494,4.0,3.97786021232605
474,244,4.0,3.3522233963012695
72,70,4.0,3.620412826538086
533,1086,3.0,3.1307122707366943
290,121,4.0,3.2352805137634277
62,357,4.0,3.9116697311401367
504,1415,3.0,2.2254347801208496
539,306,4.0,4.1679840087890625
535,1098,5.0,3.718714714050293
325,616,4.0,3.3120157718658447
710,127,5.0,4.104526042938232
508,234,4.0,3.82031512260437
506,482,5.0,4.219637393951416
640,210,5.0,4.607204914093018
933,471,3.0,2.8479559421539307
551,127,5.0,4.714595317840576
83,1060,3.0,3.263211965560913
5,405,3.0,2.987306594848633
291,423,4.0,4.403153419494629
674,323,3.0,3.1108312606811523
268,7,4.0,3.3968911170959473
121,137,5.0,3.8259871006011963
716,238,4.0,3.9987027645111084
308,1046,4.0,3.1618480682373047
49,238,4.0,3.1214487552642822
499,173,5.0,4.084061145782471
178,763,4.0,3.542275905609131
890,1,4.0,3.9442405700683594
787,294,3.0,3.0873565673828125
878,275,4.0,3.487478733062744
379,1,4.0,4.195373058319092
933,732,3.0,2.906590461730957
49,13,3.0,2.7749593257904053
18,972,3.0,3.4942898750305176
675,874,4.0,3.2655534744262695
196,286,5.0,3.7034695148468018
251,866,2.0,3.3679006099700928
679,168,5.0,3.9823544025421143
877,531,5.0,4.008203983306885
178,183,4.0,4.159060955047607
130,1019,4.0,4.808528423309326
661,480,5.0,4.517001152038574
916,196,4.0,3.612527847290039
937,294,1.0,3.007939338684082
715,117,3.0,3.617598295211792
60,194,4.0,4.384085655212402
91,193,3.0,4.1134114265441895
251,151,5.0,3.7679505348205566
453,456,3.0,2.1682446002960205
683,269,3.0,3.6754872798919678
519,339,3.0,4.112478733062744
283,435,5.0,4.600903034210205
682,299,4.0,2.7682106494903564
936,927,4.0,3.2333414554595947
727,366,3.0,3.1831274032592773
639,604,4.0,3.1930062770843506
425,5,1.0,2.836230754852295
450,1297,4.0,2.714264154434204
445,840,1.0,1.74458909034729
638,210,4.0,3.588827610015869
886,655,4.0,3.719500780105591
537,405,2.0,2.629523992538452
429,464,3.0,3.5313522815704346
867,172,5.0,4.68165397644043
293,497,4.0,3.5332322120666504
128,371,1.0,3.253253221511841
94,89,3.0,4.43806791305542
381,403,3.0,3.676581382751465
416,472,4.0,3.409231662750244
846,90,2.0,3.307870388031006
393,80,3.0,2.8368847370147705
13,442,1.0,1.01687490940094
382,59,5.0,3.510861873626709
500,70,4.0,3.413360595703125
429,217,3.0,3.0599350929260254
878,70,3.0,3.1738295555114746
391,322,3.0,3.0110998153686523
833,675,4.0,3.1847400665283203
300,1012,4.0,3.972620725631714
457,44,4.0,3.932527542114258
660,483,4.0,3.4274535179138184
807,231,4.0,3.0292487144470215
457,403,4.0,4.009360313415527
43,235,3.0,2.9986867904663086
13,559,1.0,3.018538475036621
620,758,2.0,2.0754003524780273
658,772,3.0,2.9457199573516846
399,66,3.0,3.0195319652557373
181,256,1.0,1.7430956363677979
445,644,3.0,2.260873556137085
601,131,4.0,3.3857760429382324
622,88,3.0,3.489556312561035
334,449,3.0,2.9448118209838867
653,214,3.0,2.542328357696533
551,331,5.0,3.935939073562622
324,250,4.0,4.265576362609863
66,597,3.0,3.1449246406555176
927,404,4.0,4.138035774230957
615,187,5.0,4.394497394561768
10,144,4.0,4.167438983917236
686,527,3.0,4.7787628173828125
919,787,3.0,3.208509922027588
141,410,4.0,3.2558753490448
625,255,2.0,3.028141975402832
837,596,3.0,3.330217123031616
465,408,5.0,3.917215347290039
797,327,2.0,2.883436441421509
790,364,2.0,2.614899158477783
404,288,3.0,3.318387269973755
45,108,4.0,3.478682279586792
840,1639,4.0,2.7050631046295166
865,455,4.0,2.4133141040802
159,127,5.0,4.581654071807861
13,400,4.0,2.191124439239502
716,142,3.0,3.074395179748535
231,181,4.0,4.159151554107666
804,576,4.0,3.222537040710449
537,385,2.0,2.8740525245666504
335,307,5.0,3.2646799087524414
363,239,3.0,3.178934097290039
417,1095,3.0,2.291879177093506
338,1,3.0,3.7436611652374268
463,121,3.0,2.9328575134277344
500,77,3.0,3.1675524711608887
886,117,2.0,3.572831630706787
370,433,3.0,3.575014352798462
60,131,4.0,4.1785054206848145
712,174,5.0,4.575371742248535
493,925,3.0,3.321298122406006
368,100,4.0,3.8836004734039307
363,449,3.0,2.7529473304748535
301,685,3.0,3.2954883575439453
761,402,3.0,3.15958833694458
407,844,2.0,3.257120370864868
655,1062,3.0,3.139336585998535
378,148,4.0,3.2032525539398193
319,346,3.0,3.6870615482330322
194,228,1.0,3.120840549468994
293,765,3.0,2.47110915184021
83,121,4.0,3.670865297317505
800,292,5.0,3.7570550441741943
815,423,5.0,3.9545962810516357
79,262,5.0,4.001527786254883
279,869,1.0,3.066910743713379
606,204,4.0,4.2112812995910645
560,222,4.0,3.4658355712890625
343,715,5.0,3.56894588470459
327,215,4.0,3.3199281692504883
878,116,2.0,3.3733296394348145
500,836,5.0,3.3454763889312744
4,357,4.0,5.072192192077637
675,318,5.0,4.3578290939331055
527,64,3.0,4.384115695953369
290,125,3.0,3.3643951416015625
605,133,5.0,3.8617775440216064
622,1419,2.0,2.2727572917938232
439,273,2.0,3.6706676483154297
535,238,4.0,3.9365406036376953
399,203,4.0,3.3013713359832764
663,652,4.0,3.8497631549835205
535,639,4.0,3.764575481414795
297,211,4.0,3.6857593059539795
541,419,5.0,3.9577524662017822
758,23,4.0,4.429714202880859
354,610,4.0,3.672137498855591
181,1336,1.0,1.0187866687774658
251,111,3.0,3.680138111114502
761,9,2.0,3.414602518081665
749,98,5.0,4.435456275939941
7,530,5.0,4.591869831085205
69,742,3.0,3.7396061420440674
890,194,5.0,4.254262447357178
368,53,2.0,2.7579123973846436
892,648,4.0,4.655792236328125
457,623,3.0,3.4193942546844482
25,258,5.0,3.9817512035369873
524,318,4.0,4.245123863220215
455,57,4.0,3.900090217590332
18,968,3.0,3.660787582397461
840,732,3.0,3.853374481201172
823,90,4.0,3.3607356548309326
514,183,3.0,4.065503120422363
437,244,3.0,3.094856023788452
699,1284,3.0,2.640200138092041
875,42,4.0,4.009979248046875
935,125,4.0,3.9151155948638916
910,1,4.0,3.2300121784210205
566,98,4.0,3.9672887325286865
392,538,2.0,3.949538230895996
749,389,3.0,3.546384334564209
837,274,4.0,3.401308059692383
497,432,3.0,3.5167484283447266
327,550,2.0,3.003457546234131
160,1223,4.0,2.4980621337890625
500,1014,2.0,3.0036611557006836
534,756,4.0,3.491823673248291
815,1157,2.0,3.0799057483673096
498,656,3.0,3.6656546592712402
588,713,3.0,3.9324300289154053
664,192,4.0,4.249670505523682
69,1142,4.0,4.170529365539551
489,333,4.0,4.244191646575928
632,7,3.0,3.860898494720459
271,847,4.0,3.7711379528045654
230,588,5.0,3.9482014179229736
60,494,4.0,4.311192989349365
828,902,4.0,3.318201780319214
151,114,5.0,4.771651744842529
645,963,4.0,4.368941783905029
577,407,4.0,2.616030693054199
95,443,3.0,3.794827461242676
484,468,5.0,3.6849448680877686
790,781,4.0,3.126983880996704
359,455,4.0,3.5601232051849365
786,281,4.0,3.276334285736084
925,788,3.0,1.1212902069091797
894,323,2.0,3.110067129135132
11,239,4.0,3.466270923614502
916,121,3.0,3.218657970428467
628,288,5.0,4.064365863800049
345,1221,3.0,3.589707612991333
94,99,3.0,3.9000816345214844
91,333,5.0,3.7343320846557617
809,313,4.0,4.280518054962158
585,212,5.0,3.4621522426605225
836,216,4.0,4.047872066497803
405,623,1.0,1.7444415092468262
401,121,3.0,2.8519632816314697
303,1007,5.0,4.297919750213623
548,659,4.0,4.208226203918457
87,709,3.0,4.70418643951416
854,111,3.0,3.160245180130005
277,284,4.0,3.066582441329956
215,215,3.0,3.7507777214050293
65,88,4.0,3.527921199798584
862,143,5.0,4.387781143188477
151,1047,2.0,3.1121585369110107
819,302,5.0,4.735196113586426
372,100,3.0,5.26021146774292
223,619,2.0,3.1556777954101562
85,782,2.0,2.6463873386383057
910,748,3.0,2.647963762283325
681,259,2.0,2.5370936393737793
334,306,4.0,3.8450446128845215
747,423,5.0,4.250155448913574
7,269,3.0,4.499919414520264
551,1376,1.0,2.567060708999634
782,1589,3.0,1.9949092864990234
493,134,3.0,4.362724304199219
145,237,5.0,3.7092392444610596
457,239,5.0,4.173985958099365
932,144,3.0,4.117494106292725
85,521,3.0,3.723252773284912
930,24,1.0,2.752288341522217
629,632,3.0,4.347233772277832
884,1073,4.0,3.745903968811035
499,497,2.0,3.934007406234741
622,4,4.0,3.560112237930298
254,575,3.0,2.1999497413635254
335,333,4.0,3.3279948234558105
45,282,4.0,3.9318923950195312
426,143,3.0,3.6285319328308105
635,323,3.0,2.780935287475586
297,114,5.0,4.065122604370117
478,403,2.0,3.1936964988708496
223,369,1.0,2.497328996658325
694,52,4.0,4.1214213371276855
442,834,2.0,1.9837989807128906
617,563,1.0,1.9990415573120117
821,106,2.0,3.3467915058135986
405,774,1.0,1.8344109058380127
429,425,3.0,3.73075532913208
234,48,2.0,3.4914841651916504
754,282,4.0,3.42864727973938
303,815,3.0,3.2677133083343506
606,175,4.0,4.328879356384277
833,449,2.0,2.678253173828125
497,257,4.0,3.5599582195281982
321,515,5.0,4.043600559234619
456,57,4.0,3.8340604305267334
716,622,3.0,3.3054847717285156
296,256,5.0,4.199401378631592
156,157,4.0,3.351848602294922
825,325,5.0,3.008610725402832
16,448,5.0,3.8636746406555176
389,182,5.0,4.085691452026367
548,218,4.0,3.633957624435425
825,1051,4.0,3.570866107940674
330,100,4.0,5.1399993896484375
58,1101,5.0,3.8602919578552246
117,195,5.0,4.535560607910156
400,332,2.0,3.6078455448150635
77,134,4.0,3.9475769996643066
239,671,5.0,4.080207347869873
269,514,4.0,3.3383939266204834
459,1016,4.0,3.4477460384368896
297,1007,4.0,3.836512804031372
130,289,5.0,3.7045726776123047
519,340,5.0,4.590344429016113
942,662,4.0,3.815221071243286
503,509,5.0,4.116105556488037
629,81,3.0,3.943054676055908
724,678,2.0,1.9596331119537354
135,234,4.0,3.6112849712371826
13,144,4.0,3.580806016921997
7,658,3.0,3.900059700012207
747,69,5.0,4.253236293792725
277,15,4.0,3.604729652404785
6,197,5.0,3.858647108078003
665,301,4.0,3.192729949951172
751,274,4.0,3.3143792152404785
12,159,4.0,3.548725128173828
262,628,2.0,3.196991443634033
802,443,4.0,3.9144644737243652
49,473,3.0,2.5005459785461426
293,521,3.0,3.4431772232055664
426,492,5.0,3.729720115661621
883,49,3.0,3.4824750423431396
181,879,2.0,1.569441318511963
435,1047,3.0,2.761819362640381
892,837,5.0,4.341803073883057
290,429,4.0,3.696561336517334
159,546,4.0,3.252230644226074
216,143,2.0,3.824126720428467
435,1240,4.0,3.5729823112487793
328,294,3.0,3.142106771469116
95,843,4.0,2.9591195583343506
664,427,4.0,4.411234378814697
442,810,2.0,2.63323712348938
934,663,5.0,3.9988977909088135
592,1079,1.0,2.4101507663726807
436,226,4.0,3.6204373836517334
406,509,3.0,3.6893680095672607
13,273,3.0,3.3241124153137207
118,324,4.0,3.8734495639801025
748,96,5.0,3.7565126419067383
303,842,2.0,3.1798672676086426
790,792,2.0,3.4620866775512695
224,162,4.0,3.2141919136047363
44,228,5.0,3.7442312240600586
551,774,5.0,3.3561244010925293
312,614,4.0,4.239692687988281
815,159,3.0,3.2844772338867188
203,181,5.0,4.166139602661133
551,72,5.0,3.4835355281829834
50,124,1.0,3.955956220626831
608,695,5.0,2.7242770195007324
796,1511,3.0,2.803165912628174
397,221,4.0,4.0225830078125
524,204,3.0,3.6401171684265137
684,94,3.0,3.091397523880005
485,302,5.0,3.624741315841675
851,681,1.0,3.040062427520752
394,158,3.0,2.8591983318328857
620,15,5.0,4.2125468254089355
691,1172,5.0,3.9733681678771973
110,586,3.0,2.475191593170166
626,324,4.0,2.086740732192993
387,549,5.0,3.3613388538360596
334,82,4.0,3.6452417373657227
399,452,3.0,2.420861005783081
13,205,2.0,3.7643120288848877
943,274,3.0,3.4860517978668213
308,481,4.0,4.050478458404541
617,569,1.0,2.226208209991455
551,393,5.0,3.733010768890381
824,319,2.0,2.893237829208374
870,496,5.0,3.8492164611816406
213,24,5.0,3.7887885570526123
213,515,4.0,4.854061126708984
617,313,1.0,3.3283753395080566
930,405,3.0,2.6720943450927734
303,1209,2.0,2.455716133117676
107,323,1.0,2.54592227935791
648,566,4.0,3.343196153640747
59,1047,2.0,3.056495189666748
13,58,4.0,3.408212661743164
313,423,4.0,3.789888381958008
450,196,5.0,4.245455265045166
854,195,3.0,3.54032301902771
388,680,5.0,3.0412986278533936
326,657,5.0,3.7548155784606934
679,318,5.0,4.392961502075195
618,966,4.0,3.6029860973358154
429,462,4.0,3.6370930671691895
300,100,3.0,4.652194023132324
72,241,4.0,3.568930149078369
186,117,5.0,3.810121536254883
175,136,4.0,4.046667575836182
363,128,5.0,3.148693084716797
772,326,4.0,3.852947473526001
900,294,4.0,2.3350515365600586
181,1348,1.0,0.6963146924972534
553,524,5.0,4.224364280700684
327,508,2.0,3.2735137939453125
14,430,5.0,4.320800304412842
517,1,3.0,3.584416389465332
339,204,3.0,4.1967997550964355
642,1413,3.0,3.013003349304199
315,461,4.0,3.7671642303466797
460,146,4.0,2.3555805683135986
405,1548,1.0,0.7184321880340576
723,433,3.0,3.1283624172210693
232,919,3.0,3.6881284713745117
11,504,3.0,3.8557589054107666
648,410,2.0,3.0091397762298584
881,229,4.0,2.8915774822235107
397,338,4.0,2.803321361541748
899,250,2.0,3.3086471557617188
112,891,3.0,2.5916647911071777
167,675,1.0,3.6786892414093018
789,100,5.0,4.023676872253418
748,328,4.0,3.277420997619629
49,1021,5.0,3.149770498275757
399,172,3.0,3.619610071182251
6,135,5.0,3.74633526802063
334,125,3.0,3.431586503982544
621,25,4.0,3.708465576171875
601,257,2.0,3.2072014808654785
373,401,4.0,2.81189227104187
244,118,2.0,3.418459177017212
892,27,4.0,3.5096566677093506
38,405,5.0,3.8302483558654785
527,492,3.0,3.7282791137695312
854,3,1.0,2.7365031242370605
128,684,4.0,3.7305338382720947
718,820,2.0,2.9879183769226074
75,240,1.0,2.9140892028808594
805,148,2.0,3.1704182624816895
81,169,4.0,4.263834476470947
511,333,4.0,3.94393253326416
655,25,3.0,2.9021806716918945
561,319,2.0,2.8761916160583496
7,238,5.0,4.35526704788208
655,451,3.0,2.771146297454834
334,98,4.0,4.116581439971924
665,483,4.0,4.325547695159912
109,566,4.0,3.534245729446411
867,31,5.0,4.015465259552002
373,1079,4.0,2.3323867321014404
299,24,3.0,3.2130937576293945
316,58,3.0,3.0118658542633057
601,455,4.0,2.821580171585083
86,872,3.0,3.1173229217529297
608,218,4.0,3.380082368850708
368,234,3.0,3.5480422973632812
727,1165,2.0,1.9067418575286865
535,168,5.0,4.126191139221191
109,69,4.0,3.8492467403411865
301,42,4.0,3.7398877143859863
881,103,1.0,2.1045095920562744
422,295,3.0,3.4919450283050537
474,423,5.0,4.1410441398620605
507,313,5.0,5.888301849365234
22,430,4.0,4.293425559997559
291,7,5.0,4.376002311706543
804,1488,3.0,2.176055908203125
82,411,3.0,2.5437285900115967
7,47,5.0,3.9491076469421387
87,384,4.0,3.1666364669799805
23,56,4.0,3.9288578033447266
472,370,4.0,3.4504432678222656
185,15,3.0,3.866666555404663
757,685,3.0,3.197120189666748
527,190,4.0,4.186264991760254
457,368,1.0,1.951648235321045
38,445,2.0,4.359238624572754
124,144,4.0,3.2395975589752197
332,120,4.0,2.7176766395568848
327,811,4.0,3.47243070602417
312,143,4.0,4.149927616119385
132,154,4.0,3.6663308143615723
279,502,5.0,3.7366509437561035
62,117,4.0,3.40791392326355
26,7,3.0,3.366318941116333
474,607,4.0,4.301689624786377
82,237,3.0,3.247797966003418
189,83,4.0,4.3378400802612305
527,193,3.0,3.923454999923706
459,323,3.0,3.0437378883361816
2,291,3.0,3.42785382270813
684,781,3.0,3.335339307785034
758,597,2.0,3.397766590118408
684,692,4.0,3.575011730194092
385,160,4.0,3.037297248840332
807,151,4.0,3.992730140686035
931,304,4.0,3.6335813999176025
345,568,4.0,3.7655768394470215
201,51,2.0,3.0684258937835693
421,156,5.0,3.7774107456207275
53,15,5.0,3.896498441696167
414,748,3.0,3.4374818801879883
144,293,4.0,3.7578253746032715
343,234,1.0,4.097867012023926
44,678,3.0,2.7651615142822266
174,160,5.0,3.7959580421447754
429,88,3.0,3.3076491355895996
159,1190,5.0,3.2999112606048584
566,23,4.0,3.7759735584259033
494,86,3.0,4.02494478225708
495,154,4.0,4.362292766571045
303,386,4.0,2.8106350898742676
874,276,4.0,3.585864305496216
901,78,4.0,2.7818081378936768
506,1244,2.0,3.0843253135681152
937,126,4.0,3.6197032928466797
634,597,4.0,3.1677417755126953
45,472,3.0,3.29508900642395
450,568,4.0,4.034467697143555
224,962,2.0,2.9021859169006348
600,96,5.0,4.281740188598633
125,50,5.0,4.432610511779785
456,208,4.0,3.7346386909484863
541,756,4.0,2.9671764373779297
741,367,2.0,3.4474003314971924
833,205,4.0,3.5000569820404053
606,825,5.0,3.226597547531128
886,188,4.0,3.556433916091919
608,287,3.0,3.5295522212982178
387,414,4.0,3.4192583560943604
471,596,1.0,2.965329170227051
794,238,5.0,4.435667991638184
417,202,4.0,3.602532148361206
269,482,3.0,3.4629383087158203
743,294,2.0,3.2467293739318848
151,154,4.0,4.158664226531982
327,249,2.0,2.905177593231201
543,134,5.0,4.0951080322265625
608,265,3.0,3.7569308280944824
650,1060,3.0,2.700896739959717
144,15,4.0,3.68117618560791
722,25,4.0,3.667724847793579
474,530,5.0,4.449692249298096
128,73,3.0,3.446082353591919
863,294,4.0,3.1404330730438232
399,96,3.0,3.445401430130005
615,678,1.0,2.8815338611602783
828,512,5.0,3.528803586959839
650,658,3.0,3.058262825012207
874,302,5.0,4.166359901428223
289,363,3.0,2.393148422241211
280,100,3.0,4.276546001434326
622,665,2.0,2.907526969909668
406,638,4.0,3.6970527172088623
451,887,1.0,3.2032740116119385
312,587,3.0,4.0046491622924805
129,268,1.0,2.918666362762451
648,930,3.0,2.5975875854492188
230,742,5.0,3.7306535243988037
387,496,3.0,3.8709259033203125
195,265,4.0,3.8292322158813477
456,1267,4.0,2.9207136631011963
551,508,4.0,4.050741195678711
524,1126,1.0,3.2625861167907715
497,77,3.0,3.201173782348633
487,226,3.0,3.48569917678833
766,238,4.0,3.571152687072754
257,237,2.0,3.9782042503356934
655,855,3.0,3.195645570755005
313,82,3.0,3.7703351974487305
851,264,2.0,2.951953172683716
790,10,1.0,3.6722471714019775
845,306,2.0,3.232715129852295
70,15,3.0,3.629689931869507
653,367,3.0,2.662038803100586
875,171,5.0,4.17769193649292
90,178,5.0,4.825957775115967
398,283,3.0,3.7050278186798096
807,1016,4.0,3.802278518676758
561,578,3.0,2.754737138748169
715,250,2.0,3.3469998836517334
361,707,4.0,3.8598387241363525
311,433,3.0,3.8790905475616455
860,312,4.0,2.995547294616699
656,327,2.0,2.6236236095428467
736,50,3.0,3.64420485496521
659,173,4.0,4.157835006713867
886,196,3.0,3.7299435138702393
81,79,5.0,3.8139052391052246
49,581,3.0,2.593599796295166
308,181,4.0,4.079684257507324
727,234,2.0,3.569516181945801
525,332,4.0,3.3279433250427246
64,420,3.0,3.3931467533111572
727,808,2.0,2.7237284183502197
303,150,5.0,4.086127758026123
559,521,2.0,3.6912119388580322
308,151,4.0,3.690206527709961
896,379,2.0,2.6701295375823975
770,295,4.0,4.406357288360596
230,7,3.0,3.9730093479156494
622,144,5.0,3.8781092166900635
344,290,2.0,3.1208925247192383
244,468,1.0,3.4873881340026855
498,554,3.0,2.4964611530303955
642,141,4.0,3.896965980529785
255,452,3.0,2.2532784938812256
339,213,4.0,4.387080669403076
307,746,4.0,3.890807867050171
727,55,3.0,3.576352119445801
483,380,3.0,2.9012503623962402
13,235,2.0,2.7230939865112305
328,1217,3.0,2.890392780303955
276,168,5.0,4.320690155029297
468,144,5.0,4.060987949371338
588,51,4.0,3.687163829803467
276,840,3.0,2.9932539463043213
447,133,4.0,3.911100387573242
391,1101,4.0,3.7289857864379883
293,426,1.0,2.7104263305664062
927,780,1.0,3.4366440773010254
833,647,4.0,3.6950440406799316
14,922,4.0,4.294496059417725
859,762,5.0,3.8409788608551025
495,578,3.0,3.725027561187744
223,409,3.0,2.9433627128601074
267,195,4.0,4.472011566162109
264,4,4.0,4.06087064743042
758,61,3.0,4.233469009399414
302,680,2.0,1.8892195224761963
627,39,4.0,3.098802089691162
390,275,5.0,4.252331256866455
184,70,4.0,3.624483108520508
144,591,3.0,3.5903327465057373
293,162,3.0,3.2518744468688965
7,681,1.0,3.1363275051116943
429,124,4.0,3.9584147930145264
59,193,4.0,4.27631139755249
202,516,4.0,2.984316825866699
106,699,4.0,3.666520595550537
683,895,2.0,2.953976631164551
653,1035,2.0,2.3936126232147217
52,427,5.0,5.031650543212891
643,49,3.0,3.4106507301330566
347,280,4.0,3.2400269508361816
68,111,3.0,3.0008606910705566
378,568,4.0,3.6299519538879395
332,470,5.0,4.449134826660156
420,275,5.0,4.127008438110352
38,590,1.0,2.2710323333740234
224,149,1.0,2.795469284057617
618,790,3.0,2.619368076324463
554,11,4.0,3.798813581466675
303,90,4.0,3.2189087867736816
846,498,4.0,4.501891136169434
474,411,2.0,3.0955395698547363
864,216,4.0,4.344693183898926
249,24,4.0,3.7409827709198
605,949,5.0,3.4413695335388184
214,257,3.0,3.7511563301086426
540,9,5.0,4.001574993133545
758,657,5.0,4.642070770263672
192,252,1.0,2.9227023124694824
801,681,1.0,3.407519817352295
542,732,3.0,3.506890058517456
889,737,3.0,2.8690450191497803
664,845,2.0,3.469285249710083
870,475,5.0,3.7453854084014893
490,293,2.0,2.9367117881774902
201,216,4.0,3.4450674057006836
85,310,3.0,3.5321497917175293
90,900,4.0,4.479885101318359
453,204,4.0,3.685786724090576
547,319,4.0,3.3941569328308105
7,556,3.0,2.9180424213409424
114,640,2.0,2.783108949661255
406,1147,4.0,3.5044491291046143
776,661,5.0,4.077145576477051
887,168,4.0,4.723087310791016
328,561,3.0,3.028261184692383
433,435,4.0,3.788398027420044
804,160,4.0,3.5439724922180176
457,226,3.0,3.848788261413574
22,403,5.0,3.5850443840026855
268,735,3.0,3.3256895542144775
885,50,3.0,3.989046573638916
250,480,5.0,4.726359844207764
349,596,2.0,3.172121524810791
230,91,3.0,3.816326141357422
168,181,4.0,4.034239292144775
840,82,3.0,4.068491458892822
382,98,3.0,3.780158758163452
290,550,3.0,3.171510696411133
592,79,4.0,4.415599822998047
901,405,4.0,3.6284167766571045
198,184,3.0,3.0377695560455322
660,1178,1.0,2.047274112701416
11,110,3.0,2.589496374130249
474,514,4.0,4.246690273284912
858,293,3.0,3.6971757411956787
326,237,2.0,3.191955804824829
848,432,2.0,4.085193634033203
833,378,3.0,3.2838006019592285
406,20,3.0,3.2191243171691895
619,1231,2.0,2.5125391483306885
261,875,5.0,3.2570745944976807
846,650,5.0,3.7720887660980225
670,515,2.0,4.274726867675781
345,620,2.0,3.1520020961761475
671,204,5.0,3.9246857166290283
97,482,5.0,4.428866386413574
823,100,5.0,4.5026631355285645
870,202,3.0,3.469912052154541
339,240,4.0,3.037503242492676
907,326,5.0,4.382182598114014
636,258,5.0,4.24060583114624
401,528,5.0,3.4350640773773193
178,405,3.0,3.449631690979004
863,326,5.0,3.3128104209899902
489,539,4.0,2.9667887687683105
869,50,4.0,3.6319448947906494
387,984,1.0,2.668945074081421
84,276,4.0,4.058656692504883
409,199,4.0,4.22786283493042
864,161,4.0,3.8321056365966797
271,479,4.0,4.0583977699279785
457,769,2.0,3.0049450397491455
387,22,5.0,3.9658043384552
472,101,5.0,4.284745216369629
21,53,4.0,2.6931774616241455
243,26,3.0,3.482523202896118
897,120,3.0,2.382889747619629
42,143,4.0,3.901801347732544
395,300,3.0,4.007419586181641
870,945,4.0,3.706284523010254
940,173,4.0,3.788771629333496
886,202,3.0,3.5897574424743652
768,332,4.0,3.16804838180542
256,387,4.0,4.145271301269531
87,49,5.0,3.745486259460449
405,77,1.0,1.982996940612793
500,161,2.0,3.28175950050354
807,135,5.0,4.376332759857178
701,275,5.0,4.327304840087891
894,125,3.0,3.6545464992523193
405,231,3.0,1.6563644409179688
293,233,2.0,2.8471407890319824
597,111,3.0,3.7672526836395264
588,286,4.0,3.900557041168213
798,28,4.0,3.798109292984009
537,53,2.0,2.3480515480041504
423,333,3.0,3.6471450328826904
491,19,4.0,3.9328975677490234
654,172,4.0,4.273951530456543
698,513,2.0,3.292567014694214
130,343,4.0,3.840240955352783
385,523,4.0,3.5723824501037598
648,143,4.0,3.4993863105773926
591,66,2.0,3.458700656890869
311,134,5.0,4.399304389953613
279,364,4.0,2.858384609222412
493,173,4.0,4.279139995574951
322,192,5.0,4.419737815856934
99,369,4.0,2.730659246444702
405,182,1.0,2.3136801719665527
190,898,2.0,3.107039451599121
659,720,3.0,2.9384007453918457
369,114,5.0,4.7380757331848145
122,427,3.0,4.611021995544434
197,323,3.0,2.917370319366455
403,476,4.0,3.187103271484375
368,670,3.0,2.8331849575042725
269,13,4.0,2.9410557746887207
497,725,3.0,2.583189010620117
167,1305,1.0,2.5538742542266846
639,323,1.0,2.4575862884521484
58,773,4.0,2.871485471725464
627,191,4.0,3.9506711959838867
181,266,1.0,1.3289310932159424
303,251,4.0,4.428047180175781
835,200,4.0,4.157765865325928
804,624,2.0,3.3196568489074707
560,249,5.0,3.1045446395874023
279,1488,4.0,2.183905601501465
642,58,3.0,4.055238246917725
727,249,2.0,3.075044631958008
297,596,3.0,3.142413854598999
921,274,4.0,3.2037322521209717
97,603,4.0,4.707624912261963
566,327,3.0,3.254091501235962
313,624,4.0,3.131917715072632
897,201,5.0,3.7649102210998535
682,77,3.0,3.142573595046997
114,191,3.0,3.8034043312072754
919,755,3.0,3.2387611865997314
521,96,4.0,3.4543955326080322
317,683,2.0,2.6268858909606934
201,211,3.0,3.455778121948242
764,50,3.0,4.673472881317139
49,129,2.0,3.1144533157348633
742,546,1.0,2.934892416000366
311,966,4.0,4.109838485717773
311,921,4.0,4.060320854187012
334,569,2.0,2.719512462615967
756,404,3.0,3.3472237586975098
130,1028,4.0,3.704342842102051
863,910,2.0,1.838332176208496
833,233,2.0,2.8210182189941406
928,48,5.0,4.8095383644104
545,194,3.0,4.138121128082275
897,40,3.0,3.2782773971557617
95,195,5.0,3.938567638397217
332,22,5.0,5.318930149078369
367,670,4.0,3.733853340148926
262,929,3.0,2.4345691204071045
721,292,3.0,3.794545888900757
630,280,2.0,3.0896317958831787
311,1232,4.0,2.5592763423919678
768,535,3.0,2.9588451385498047
707,517,3.0,3.705087900161743
650,62,3.0,2.765075445175171
268,1231,2.0,2.2671058177948
263,98,4.0,4.628732204437256
621,233,3.0,3.5140380859375
655,1108,3.0,2.0523264408111572
455,234,4.0,3.6167516708374023
82,596,3.0,2.9940185546875
488,258,4.0,3.334228992462158
53,156,4.0,4.11969518661499
275,62,3.0,2.6818220615386963
1,39,4.0,3.4530136585235596
524,289,4.0,2.9624111652374268
269,778,3.0,3.0652847290039062
913,227,1.0,3.0517821311950684
691,98,4.0,4.839148044586182
930,137,2.0,3.1624462604522705
712,699,5.0,3.9776909351348877
23,211,4.0,3.7967031002044678
222,193,4.0,3.6990318298339844
215,451,3.0,3.2689404487609863
553,199,4.0,4.514183521270752
303,872,3.0,3.1876707077026367
363,322,2.0,2.763037919998169
579,69,2.0,3.555227756500244
408,302,5.0,4.426823616027832
251,249,5.0,3.375824451446533
766,72,2.0,2.9120445251464844
882,143,4.0,4.174773216247559
618,197,3.0,3.73188853263855
363,431,2.0,3.2057108879089355
189,618,2.0,3.7189650535583496
308,566,4.0,3.585688829421997
416,934,2.0,3.2569501399993896
394,979,5.0,3.869089365005493
457,54,4.0,3.7213592529296875
460,847,3.0,3.5944135189056396
815,484,4.0,4.34696626663208
385,705,3.0,3.5242011547088623
899,147,2.0,3.3959267139434814
344,1165,1.0,2.0033557415008545
704,492,5.0,3.738077163696289
882,378,5.0,4.294640064239502
798,785,3.0,3.280656337738037
756,225,1.0,2.700103998184204
32,249,4.0,3.014418363571167
919,328,2.0,3.4395008087158203
774,44,1.0,2.0538647174835205
915,302,4.0,3.606597423553467
184,382,5.0,3.657999038696289
650,195,4.0,3.4727790355682373
102,226,2.0,2.529250383377075
381,501,4.0,3.7403178215026855
880,1225,2.0,2.756669759750366
606,187,4.0,4.600144386291504
489,299,2.0,3.4576289653778076
572,9,5.0,3.292802333831787
777,212,5.0,3.3990955352783203
416,203,3.0,4.350459098815918
158,226,3.0,3.4967234134674072
290,1028,3.0,2.901865005493164
567,1204,5.0,3.5522971153259277
479,82,4.0,3.642728328704834
222,1336,2.0,1.5791959762573242
786,237,5.0,3.741866111755371
883,559,3.0,3.3896236419677734
587,330,3.0,2.844757080078125
279,227,4.0,3.380823850631714
405,1471,1.0,1.5333185195922852
56,410,4.0,3.3542044162750244
712,97,5.0,3.983346462249756
763,144,3.0,3.921393394470215
299,152,4.0,3.3919780254364014
305,921,5.0,3.5251355171203613
844,549,3.0,3.3660340309143066
837,19,4.0,3.997525930404663
312,414,3.0,4.106773376464844
768,173,5.0,3.810299873352051
561,24,3.0,2.885314702987671
693,1522,3.0,2.1186583042144775
294,743,2.0,2.1226863861083984
592,55,4.0,4.1718950271606445
363,505,3.0,3.519502639770508
486,1137,5.0,3.8824238777160645
449,971,4.0,3.8919265270233154
144,126,4.0,3.808053970336914
748,174,5.0,3.9890058040618896
427,322,3.0,4.057124614715576
417,101,3.0,3.3019161224365234
342,165,3.0,4.0579400062561035
624,127,4.0,4.479915618896484
402,475,3.0,4.3357319831848145
128,660,2.0,3.7792317867279053
653,96,4.0,3.05053448677063
7,443,5.0,4.274030685424805
542,273,3.0,3.4559600353240967
450,123,2.0,3.4793529510498047
846,495,4.0,3.914827823638916
378,319,3.0,3.3359718322753906
321,499,3.0,3.8143935203552246
790,41,3.0,2.917755365371704
615,528,4.0,4.376280784606934
222,972,2.0,3.1423511505126953
370,494,3.0,3.8952040672302246
144,847,4.0,3.8214681148529053
470,19,4.0,3.875370502471924
223,111,4.0,3.347923994064331
126,302,4.0,4.27203369140625
210,657,4.0,4.790652275085449
416,815,4.0,3.5580761432647705
521,191,4.0,3.619058847427368
299,115,3.0,3.5100207328796387
826,1,4.0,4.335174560546875
312,14,5.0,4.494369983673096
417,1209,3.0,2.3685457706451416
912,517,4.0,3.721863269805908
807,28,4.0,4.251229286193848
455,191,5.0,4.042394638061523
655,959,3.0,3.0264368057250977
405,101,1.0,2.016556739807129
498,1495,3.0,2.4934921264648438
850,71,5.0,4.328612804412842
532,419,5.0,4.528582572937012
822,189,4.0,3.534712076187134
334,684,4.0,3.539555788040161
14,792,5.0,3.929058313369751
930,143,2.0,2.977025032043457
835,176,4.0,4.372617244720459
789,50,5.0,4.247689247131348
221,29,3.0,2.8052139282226562
864,128,4.0,3.87457275390625
919,1137,4.0,4.056634902954102
267,239,4.0,4.002050399780273
303,176,5.0,4.149748802185059
345,879,2.0,3.4040720462799072
405,397,4.0,1.5466785430908203
749,181,5.0,4.1378655433654785
270,237,1.0,4.565596580505371
882,284,3.0,3.5754685401916504
422,250,5.0,3.447082281112671
761,924,4.0,3.029308795928955
145,1292,1.0,0.973798394203186
21,987,3.0,1.4692063331604004
43,482,4.0,4.231237888336182
876,48,5.0,4.251540660858154
466,518,4.0,3.6017520427703857
479,356,3.0,3.130535364151001
267,56,5.0,4.602555751800537
130,411,5.0,3.4519636631011963
308,172,4.0,4.29689884185791
58,98,4.0,4.3870038986206055
682,94,3.0,2.9178366661071777
31,1019,5.0,4.101170063018799
870,433,3.0,3.485452890396118
478,237,5.0,3.3980042934417725
762,256,3.0,2.855666399002075
878,136,4.0,3.615877389907837
495,217,5.0,3.6610374450683594
393,4,4.0,3.5466363430023193
21,674,2.0,2.8123695850372314
194,98,4.0,3.561950206756592
716,185,5.0,4.216789722442627
630,282,3.0,3.435415029525757
711,286,4.0,3.8849494457244873
747,509,5.0,4.321201324462891
551,1118,5.0,3.615792989730835
495,208,5.0,4.559353828430176
216,129,4.0,4.041635990142822
297,508,4.0,3.4450669288635254
748,180,4.0,3.8382437229156494
681,294,5.0,2.9249749183654785
629,331,3.0,3.9553089141845703
753,195,1.0,3.54651141166687
516,523,3.0,4.185301780700684
352,194,3.0,4.0818657875061035
87,802,4.0,3.102369785308838
827,331,3.0,3.2990880012512207
343,235,4.0,3.1360487937927246
387,113,4.0,3.106020927429199
880,411,4.0,3.057530403137207
5,234,2.0,3.420405864715576
543,22,3.0,4.087638854980469
125,202,5.0,3.7751903533935547
894,750,4.0,4.018256664276123
764,118,3.0,3.4257314205169678
83,79,5.0,4.281335830688477
257,269,3.0,4.417967796325684
802,333,4.0,3.7145252227783203
13,239,4.0,3.3210973739624023
830,98,5.0,4.414037704467773
195,242,4.0,4.1219377517700195
246,196,3.0,3.4309215545654297
795,108,3.0,2.873764753341675
244,673,3.0,3.8175835609436035
234,82,3.0,3.288020610809326
234,531,3.0,3.3550124168395996
145,273,5.0,3.62739634513855
184,15,3.0,3.7360825538635254
487,1220,4.0,3.572310447692871
424,690,3.0,3.0233635902404785
354,42,2.0,3.7131476402282715
450,170,5.0,4.613754749298096
297,50,5.0,4.087926864624023
7,433,5.0,4.1685404777526855
870,504,5.0,3.6903650760650635
313,428,3.0,3.873457193374634
504,409,4.0,3.2483134269714355
59,1113,4.0,3.5273215770721436
843,569,1.0,2.1474368572235107
532,452,5.0,3.303797483444214
500,255,3.0,3.1503419876098633
833,182,5.0,3.435929775238037
297,485,3.0,3.6075563430786133
796,1228,4.0,2.562365770339966
854,11,5.0,3.3922338485717773
455,22,4.0,4.057634353637695
308,526,3.0,3.9774861335754395
743,308,2.0,3.3691697120666504
934,1425,1.0,2.6570119857788086
622,86,4.0,3.9800939559936523
478,81,4.0,3.324150562286377
486,236,3.0,3.4606497287750244
923,174,5.0,5.3432769775390625
910,24,3.0,2.8628005981445312
805,25,4.0,3.3425650596618652
514,268,4.0,3.8587958812713623
618,95,3.0,3.498016357421875
570,321,1.0,2.419965982437134
276,710,4.0,3.81530499458313
236,483,5.0,4.143308639526367
833,79,3.0,3.479229211807251
907,697,5.0,4.450455665588379
679,721,3.0,3.361801862716675
601,508,4.0,3.1699485778808594
848,462,5.0,4.21428108215332
918,289,2.0,2.7413628101348877
406,601,3.0,3.694370746612549
854,528,4.0,3.7316150665283203
553,434,3.0,4.064655780792236
611,311,4.0,4.132078170776367
363,550,4.0,3.0225162506103516
264,746,3.0,4.344742774963379
462,237,5.0,4.08949089050293
79,900,4.0,4.267017364501953
204,170,5.0,4.004992485046387
921,1279,2.0,2.5838358402252197
215,77,3.0,3.3579812049865723
43,82,4.0,3.9489998817443848
405,666,1.0,1.518099308013916
416,144,5.0,4.34353494644165
60,515,5.0,4.591974258422852
85,508,2.0,3.516575336456299
471,768,3.0,2.6674349308013916
942,31,5.0,4.051146507263184
551,9,5.0,4.206066608428955
323,121,3.0,3.5248348712921143
655,650,3.0,2.9739582538604736
864,209,3.0,4.336741924285889
750,325,1.0,2.7024011611938477
854,619,2.0,2.98416805267334
256,120,1.0,2.6699447631835938
515,342,3.0,2.467322587966919
76,1154,5.0,2.720658779144287
833,649,3.0,2.970163106918335
269,531,5.0,3.3108654022216797
495,229,3.0,3.4768166542053223
320,974,3.0,3.293131113052368
524,515,4.0,4.08442497253418
489,681,3.0,3.288696765899658
881,678,2.0,2.6671600341796875
92,707,4.0,3.9032163619995117
80,423,3.0,3.79459810256958
292,100,5.0,4.62858772277832
377,100,3.0,4.402314186096191
303,576,3.0,3.1747612953186035
916,106,3.0,2.693934917449951
445,895,2.0,1.9573745727539062
333,435,4.0,4.031655311584473
746,181,5.0,4.009970664978027
886,919,4.0,3.610706329345703
234,221,2.0,3.317655324935913
566,273,5.0,3.2748360633850098
751,849,2.0,2.61767578125
73,272,4.0,4.1869940757751465
864,629,3.0,3.6538054943084717
91,423,5.0,3.949941635131836
374,23,3.0,4.081929683685303
721,748,3.0,3.2512009143829346
181,934,3.0,1.4179054498672485
646,1237,3.0,2.7079665660858154
385,435,3.0,3.507831335067749
500,196,4.0,3.6332309246063232
342,475,5.0,3.874885082244873
782,1598,2.0,2.365581512451172
121,100,4.0,4.016616344451904
666,300,3.0,3.6041979789733887
821,118,3.0,3.7819020748138428
537,382,3.0,2.9026854038238525
303,80,4.0,2.8514156341552734
835,127,4.0,4.708037853240967
690,276,3.0,3.3234710693359375
276,147,4.0,3.6991376876831055
577,866,5.0,3.4843385219573975
450,191,5.0,4.629352569580078
450,657,4.0,4.721742630004883
57,117,4.0,3.8913211822509766
648,47,2.0,3.3491008281707764
798,173,5.0,4.074285507202148
311,97,4.0,3.8457581996917725
323,332,3.0,3.544207811355591
354,900,4.0,3.952615737915039
422,267,4.0,3.1273632049560547
804,528,4.0,4.366844177246094
818,328,4.0,3.164112091064453
881,1411,2.0,2.5567383766174316
753,673,1.0,3.218230724334717
206,889,2.0,2.4915995597839355
248,282,2.0,3.286381244659424
684,121,3.0,3.427381992340088
864,972,2.0,3.737281084060669
836,89,4.0,4.275074481964111
389,497,4.0,4.1413445472717285
388,294,4.0,3.7048702239990234
405,1297,1.0,1.5358495712280273
758,1142,5.0,4.298620700836182
749,448,2.0,3.4884653091430664
707,603,3.0,4.122317790985107
16,655,5.0,4.410069942474365
805,71,3.0,3.7451975345611572
735,9,4.0,3.464250087738037
455,275,4.0,3.8095054626464844
456,550,2.0,3.2052791118621826
880,147,4.0,3.7347793579101562
214,705,4.0,4.01616096496582
539,340,2.0,3.7380263805389404
894,905,3.0,3.5618388652801514
653,746,5.0,2.849936008453369
661,117,4.0,3.8341314792633057
234,647,3.0,3.6629137992858887
617,452,1.0,2.1605801582336426
26,15,4.0,3.2915589809417725
569,7,4.0,3.744741439819336
881,176,4.0,3.7746453285217285
487,88,4.0,3.6628293991088867
83,568,4.0,3.9199929237365723
276,915,4.0,3.7427260875701904
601,591,3.0,3.1265077590942383
694,183,5.0,4.217887878417969
184,604,4.0,4.02261209487915
758,291,4.0,3.5810585021972656
437,436,4.0,3.640739679336548
234,511,5.0,3.6916728019714355
791,322,4.0,3.250487804412842
59,273,2.0,3.8086655139923096
825,456,3.0,2.525467872619629
796,215,5.0,3.8099560737609863
201,421,2.0,3.1808054447174072
168,930,3.0,2.723979949951172
823,56,5.0,4.438741207122803
899,172,4.0,4.096644401550293
98,194,5.0,3.8356034755706787
916,91,4.0,3.4399936199188232
635,328,3.0,3.1993324756622314
313,837,4.0,3.8524203300476074
202,173,2.0,3.082397937774658
11,659,5.0,3.9261345863342285
601,921,5.0,3.3555760383605957
543,207,5.0,3.68359375
851,680,3.0,2.832529067993164
345,98,5.0,4.435362339019775
520,311,3.0,3.870612144470215
512,527,5.0,4.390599250793457
54,685,3.0,3.662965774536133
147,339,5.0,3.442685604095459
125,585,4.0,2.574561357498169
840,499,4.0,4.364799976348877
559,398,3.0,2.0933220386505127
466,92,4.0,3.340298652648926
401,588,2.0,3.1189723014831543
291,90,5.0,3.5566811561584473
881,217,3.0,3.0430686473846436
514,511,3.0,4.4218597412109375
271,77,4.0,3.261732339859009
387,91,4.0,3.442336082458496
250,89,4.0,4.51454496383667
270,226,4.0,4.122383117675781
567,273,5.0,3.56927227973938
643,820,3.0,2.877305746078491
542,150,2.0,3.794520854949951
679,531,4.0,3.796377182006836
292,748,3.0,3.473477840423584
708,271,1.0,3.1496150493621826
782,1383,3.0,1.9147868156433105
293,300,2.0,3.2661783695220947
798,281,4.0,3.190497398376465
6,302,4.0,4.008307933807373
887,284,4.0,3.6720874309539795
648,79,5.0,3.7946150302886963
913,19,5.0,3.659529209136963
13,492,5.0,3.537916660308838
59,321,4.0,3.4238109588623047
557,150,3.0,4.124752998352051
145,412,4.0,2.2783091068267822
301,193,3.0,3.9303433895111084
661,603,3.0,4.511189937591553
393,982,3.0,2.6588268280029297
303,1016,3.0,3.585675001144409
868,145,1.0,2.252394199371338
704,214,2.0,3.293117046356201
561,79,3.0,3.3816776275634766
474,131,4.0,4.263444423675537
87,575,3.0,2.747540235519409
342,581,3.0,3.1158645153045654
397,475,4.0,4.192105293273926
505,705,3.0,3.6253788471221924
667,461,4.0,3.614006996154785
128,151,3.0,3.663395643234253
773,172,5.0,3.8698742389678955
894,16,3.0,3.3845932483673096
267,147,3.0,3.9537863731384277
262,735,4.0,3.419163227081299
932,30,4.0,4.272715091705322
892,180,5.0,4.5643463134765625
321,432,5.0,3.4442269802093506
52,237,4.0,4.1859211921691895
290,181,5.0,3.7672646045684814
476,33,4.0,3.428321123123169
588,720,4.0,3.1044650077819824
345,234,4.0,3.874563455581665
790,572,3.0,2.7311582565307617
194,175,3.0,3.2779083251953125
796,636,2.0,3.381072759628296
621,588,3.0,4.123727798461914
758,790,4.0,3.1143786907196045
479,172,4.0,4.059826850891113
894,237,4.0,3.7123849391937256
524,1152,3.0,3.1630587577819824
751,347,4.0,3.4188432693481445
326,523,4.0,3.536548376083374
109,826,3.0,2.5684845447540283
821,357,5.0,5.0446858406066895
254,62,3.0,2.7998087406158447
595,1142,5.0,3.9500532150268555
279,1025,2.0,2.9094667434692383
393,332,4.0,3.482746124267578
305,246,3.0,3.6097300052642822
405,1177,1.0,1.2178220748901367
222,26,3.0,3.193415403366089
598,260,3.0,2.7195770740509033
939,424,3.0,1.7343547344207764
59,142,1.0,3.2204787731170654
269,739,1.0,2.7548470497131348
846,558,4.0,3.975911855697632
655,417,2.0,2.731050968170166
301,182,5.0,3.9027175903320312
236,69,5.0,3.545933961868286
198,131,3.0,3.4802699089050293
416,235,2.0,3.270368814468384
642,1136,4.0,3.7502593994140625
476,738,3.0,2.837596893310547
194,519,4.0,3.366854190826416
347,177,5.0,3.8606455326080322
318,157,5.0,3.83085036277771
712,790,4.0,3.132128953933716
175,96,3.0,3.929255247116089
927,91,4.0,4.125738620758057
435,752,3.0,3.191326141357422
854,135,4.0,3.5545599460601807
854,484,3.0,3.7467939853668213
922,219,1.0,3.216620922088623
592,181,3.0,4.423745155334473
916,206,3.0,3.3084263801574707
293,186,2.0,3.473513603210449
793,250,4.0,3.5417017936706543
819,1537,5.0,2.66874098777771
318,517,3.0,4.068447589874268
30,780,4.0,3.276022434234619
509,301,2.0,2.5536155700683594
940,610,1.0,3.4184017181396484
715,405,3.0,3.2116267681121826
795,186,3.0,3.5324859619140625
930,300,4.0,2.998110294342041
764,275,4.0,4.250810623168945
395,98,5.0,4.69166898727417
301,127,4.0,4.2109694480896
140,302,4.0,4.294518947601318
92,712,3.0,3.1874823570251465
660,191,4.0,3.210344076156616
109,1013,3.0,2.28373384475708
425,178,3.0,3.7494046688079834
542,508,3.0,3.580672264099121
788,183,5.0,3.7911643981933594
271,338,1.0,2.653489112854004
145,731,3.0,3.1854259967803955
610,11,4.0,3.767885684967041
758,301,3.0,3.5515336990356445
881,430,4.0,3.868133306503296
758,213,5.0,4.3436431884765625
535,71,4.0,3.868265390396118
788,665,2.0,2.7715208530426025
25,520,3.0,4.440866470336914
577,133,4.0,4.097352027893066
190,302,5.0,4.113826274871826
201,188,4.0,3.243678569793701
912,611,3.0,3.9798014163970947
796,283,3.0,3.7705750465393066
312,484,5.0,4.742454528808594
363,699,2.0,3.297612428665161
59,756,2.0,2.992969036102295
296,89,5.0,4.675721168518066
784,315,4.0,4.4896721839904785
484,578,3.0,3.6499855518341064
527,23,5.0,4.037540435791016
145,393,5.0,3.4680094718933105
627,947,3.0,3.1495020389556885
299,950,2.0,2.9832143783569336
656,270,3.0,2.7359049320220947
195,276,4.0,3.621216297149658
505,7,3.0,3.4670817852020264
726,833,5.0,2.5390748977661133
753,199,5.0,3.8513875007629395
479,566,3.0,3.363741397857666
435,895,3.0,3.1286203861236572
42,866,4.0,3.4267101287841797
507,294,5.0,4.2965779304504395
408,242,4.0,4.34023904800415
840,357,5.0,4.539386749267578
200,118,4.0,3.8051326274871826
399,386,3.0,2.437833070755005
417,475,4.0,3.8848445415496826
394,405,3.0,3.7293701171875
268,63,1.0,2.713822364807129
405,47,5.0,2.0770301818847656
114,204,3.0,3.474738836288452
269,198,4.0,3.427525281906128
210,654,5.0,4.68970251083374
794,100,5.0,4.707602024078369
13,157,3.0,3.4063222408294678
380,170,4.0,3.460165023803711
457,841,4.0,3.197131633758545
293,7,3.0,3.366224765777588
862,496,5.0,4.926930904388428
243,111,4.0,3.5728228092193604
482,289,3.0,3.0255517959594727
6,513,4.0,4.1693291664123535
344,14,5.0,4.015251636505127
428,343,2.0,3.676525831222534
145,51,3.0,3.5465312004089355
751,494,4.0,3.9381778240203857
279,68,4.0,3.4853131771087646
15,322,3.0,2.6228983402252197
13,334,1.0,3.1034982204437256
561,186,3.0,3.3207108974456787
628,1025,5.0,3.390214443206787
630,687,3.0,2.0251595973968506
324,288,5.0,4.207808971405029
230,95,5.0,4.0162739753723145
897,864,4.0,3.4397401809692383
785,69,4.0,3.783660650253296
130,888,3.0,4.262186050415039
279,1072,4.0,2.3962604999542236
275,230,3.0,3.0004420280456543
647,136,5.0,4.277818202972412
778,11,5.0,2.997213125228882
707,507,5.0,3.7206451892852783
437,156,2.0,3.92240047454834
442,231,3.0,2.4897375106811523
896,768,2.0,2.6355292797088623
393,893,3.0,2.4763104915618896
500,768,2.0,2.8496110439300537
399,506,3.0,3.3686695098876953
497,240,4.0,2.68036150932312
296,194,5.0,4.661762714385986
291,356,4.0,3.756319761276245
533,1173,4.0,2.231151580810547
770,282,5.0,4.568000316619873
387,102,3.0,3.107633113861084
528,258,4.0,3.7980220317840576
936,405,2.0,3.621713399887085
453,164,3.0,3.3927338123321533
627,568,2.0,3.4349539279937744
68,596,2.0,2.8469488620758057
307,197,4.0,4.245136737823486
292,250,3.0,3.821410894393921
639,528,4.0,3.3202006816864014
753,50,4.0,3.9104819297790527
218,12,5.0,4.01914644241333
445,1081,1.0,1.8214185237884521
99,107,3.0,3.792245388031006
300,456,4.0,2.58189058303833
504,419,3.0,3.8477890491485596
863,302,4.0,4.163851737976074
413,258,4.0,3.791221857070923
189,855,3.0,4.1085124015808105
474,663,4.0,4.284809589385986
747,70,4.0,4.007757663726807
213,164,5.0,3.959683656692505
5,105,3.0,2.250300884246826
778,82,3.0,3.0060253143310547
878,168,4.0,3.5838828086853027
226,191,4.0,4.232604026794434
389,25,3.0,3.5169215202331543
846,388,3.0,2.611008644104004
200,54,4.0,3.7723467350006104
833,100,4.0,3.5909318923950195
773,792,4.0,3.4066696166992188
251,172,5.0,4.418159484863281
392,463,3.0,4.198501110076904
359,748,3.0,3.405202865600586
600,79,4.0,4.281928062438965
291,551,2.0,2.6989426612854004
506,731,4.0,3.2166478633880615
642,65,4.0,3.967275619506836
224,300,4.0,3.238412857055664
465,357,4.0,3.6566321849823
293,69,3.0,3.385892629623413
609,319,1.0,2.653536319732666
161,56,3.0,2.748382091522217
846,204,3.0,4.100433826446533
451,681,1.0,2.4505460262298584
504,402,4.0,3.683830499649048
13,566,5.0,3.28745698928833
504,1030,3.0,2.2362616062164307
280,200,5.0,3.920182704925537
807,133,5.0,4.203660011291504
794,751,3.0,3.904843807220459
784,333,4.0,3.884101390838623
868,385,2.0,3.146791696548462
63,286,4.0,3.3048195838928223
450,44,3.0,3.697784900665283
181,1081,1.0,1.4634226560592651
399,84,2.0,2.5125482082366943
25,969,3.0,4.009497165679932
314,1178,2.0,3.0066826343536377
916,9,5.0,3.5856804847717285
655,942,4.0,2.9516661167144775
256,265,4.0,4.7255072593688965
537,150,3.0,3.0908427238464355
892,100,5.0,4.608279228210449
373,497,3.0,4.175793170928955
782,326,5.0,3.0618669986724854
627,729,1.0,3.2548141479492188
298,511,4.0,4.617053508758545
932,855,5.0,4.151157855987549
417,1023,4.0,2.461427688598633
864,151,5.0,3.987029790878296
429,71,3.0,3.66756534576416
659,467,3.0,3.8215813636779785
328,344,4.0,3.7649548053741455
648,83,4.0,3.8592734336853027
345,1117,4.0,3.0173535346984863
32,628,4.0,3.240232467651367
197,127,5.0,4.112527370452881
419,191,4.0,4.426322937011719
840,473,5.0,3.2905185222625732
13,150,5.0,3.649415969848633
804,841,4.0,2.908757448196411
877,14,5.0,4.095218181610107
236,174,3.0,3.922945499420166
49,151,5.0,2.915923595428467
347,172,5.0,4.271872520446777
622,109,5.0,3.4782328605651855
756,622,3.0,2.9467649459838867
335,748,2.0,2.9002976417541504
600,182,4.0,4.230660438537598
271,707,4.0,3.880723476409912
503,732,3.0,3.812107563018799
445,12,2.0,2.5225400924682617
883,50,4.0,4.541697025299072
387,99,5.0,3.4370312690734863
342,58,5.0,3.522979497909546
595,1047,2.0,2.8225250244140625
712,399,5.0,3.4948525428771973
708,274,4.0,3.3395164012908936
62,451,3.0,2.9982941150665283
268,1118,3.0,2.929995059967041
373,214,4.0,3.4737179279327393
712,234,2.0,4.0576090812683105
390,302,5.0,4.543073654174805
98,321,3.0,2.9802589416503906
431,332,3.0,3.353544235229492
727,100,2.0,3.9091007709503174
433,246,4.0,3.814940929412842
158,174,5.0,4.54743766784668
526,333,3.0,3.2870326042175293
622,178,4.0,4.398192405700684
512,286,5.0,3.94873309135437
483,68,1.0,2.9738762378692627
684,38,3.0,2.8955507278442383
896,235,1.0,2.5565807819366455
71,177,2.0,3.7791409492492676
244,215,4.0,3.978220224380493
344,1142,5.0,4.019378185272217
128,393,4.0,3.432020902633667
430,168,4.0,3.8634440898895264
405,356,5.0,1.9530127048492432
323,467,5.0,3.929236888885498
394,773,4.0,3.182375907897949
835,526,3.0,4.311362266540527
91,357,5.0,4.38516902923584
261,687,5.0,2.435405731201172
343,606,5.0,4.547801971435547
637,685,3.0,2.490907907485962
181,873,1.0,1.5044668912887573
221,218,4.0,3.588411808013916
321,607,4.0,3.7138426303863525
362,689,5.0,3.0543675422668457
883,531,3.0,4.072930335998535
911,478,5.0,4.189545154571533
535,727,4.0,3.3603954315185547
851,174,5.0,4.6312456130981445
458,56,5.0,4.065321445465088
622,404,3.0,3.7112109661102295
110,67,3.0,2.7721986770629883
766,483,3.0,4.12241792678833
345,1247,2.0,2.0315332412719727
197,340,2.0,3.4717020988464355
393,5,3.0,3.271198272705078
533,988,2.0,2.2440669536590576
533,289,2.0,2.896343946456909
788,380,3.0,3.2270233631134033
252,276,5.0,4.140743732452393
825,258,4.0,4.149044990539551
562,727,5.0,3.1805169582366943
883,89,5.0,4.33054256439209
862,657,5.0,5.13676643371582
707,64,3.0,4.22731351852417
846,1066,3.0,3.2234110832214355
189,157,4.0,3.8850860595703125
97,133,1.0,4.134909629821777
87,570,3.0,3.4925026893615723
901,929,4.0,2.913365125656128
800,864,4.0,3.2537336349487305
288,132,3.0,3.9971771240234375
234,464,4.0,3.1852009296417236
391,15,4.0,3.668712854385376
605,176,4.0,4.020407199859619
30,231,2.0,2.932141065597534
870,477,4.0,3.032625675201416
764,323,3.0,3.221113681793213
630,153,3.0,3.607156991958618
751,302,4.0,4.126729965209961
806,1012,4.0,3.4966182708740234
851,818,2.0,3.1039576530456543
454,56,3.0,3.1819498538970947
579,173,5.0,3.8560733795166016
383,137,5.0,4.327608108520508
847,153,4.0,3.219733238220215
311,651,4.0,4.2384490966796875
532,242,4.0,5.111485004425049
249,708,4.0,3.815701723098755
85,192,4.0,4.005627155303955
58,311,4.0,3.9427380561828613
891,742,4.0,4.26023530960083
384,258,4.0,4.337285995483398
299,55,2.0,3.5629465579986572
293,510,3.0,3.5011587142944336
427,331,4.0,4.788101673126221
903,324,4.0,3.2363975048065186
178,619,3.0,3.5000126361846924
118,180,5.0,5.104089260101318
73,135,5.0,3.8489387035369873
427,319,3.0,4.4730119705200195
262,252,3.0,2.7336697578430176
56,993,3.0,3.7432022094726562
207,11,3.0,3.4773764610290527
758,386,3.0,2.9493906497955322
804,72,4.0,3.3320157527923584
339,160,5.0,3.683574676513672
712,776,4.0,3.167187452316284
501,544,4.0,3.519813060760498
249,741,4.0,3.9013118743896484
271,414,4.0,3.548401117324829
298,205,5.0,4.313713073730469
773,568,1.0,3.3696815967559814
342,98,3.0,4.157505989074707
941,300,4.0,3.9185304641723633
868,164,2.0,3.0814149379730225
433,919,5.0,3.560171604156494
847,507,3.0,3.310016393661499
786,187,4.0,4.332754135131836
648,82,5.0,3.6111931800842285
897,523,5.0,4.370571613311768
24,655,5.0,4.364892959594727
721,325,3.0,2.8604981899261475
314,1221,3.0,4.012149810791016
334,290,3.0,2.990734338760376
500,204,3.0,3.619856595993042
493,435,5.0,4.0851054191589355
13,292,5.0,3.4372057914733887
826,241,4.0,4.022867202758789
645,203,4.0,3.9237701892852783
378,436,4.0,3.6297831535339355
465,114,4.0,3.7379467487335205
557,50,4.0,4.597465991973877
642,801,3.0,3.150005340576172
49,231,3.0,2.233431339263916
1,55,5.0,3.971543550491333
346,616,1.0,3.442086935043335
311,495,4.0,3.823298692703247
640,926,3.0,3.20487380027771
48,650,3.0,3.5286409854888916
817,289,2.0,3.030672073364258
115,642,5.0,3.70755672454834
595,1094,3.0,2.3380000591278076
647,588,4.0,3.9229249954223633
852,274,3.0,3.750831365585327
114,505,3.0,3.5670359134674072
158,50,4.0,4.651119709014893
169,443,4.0,3.762063980102539
664,663,4.0,4.001425266265869
135,802,2.0,2.6184308528900146
201,62,1.0,2.7894105911254883
592,1070,5.0,4.165576457977295
416,67,4.0,3.3234543800354004
757,203,5.0,3.685483694076538
516,181,4.0,4.1642913818359375
825,323,4.0,3.3174588680267334
645,709,3.0,4.265615940093994
128,118,5.0,3.251115322113037
889,657,4.0,4.039348602294922
347,1047,1.0,2.8630237579345703
201,448,3.0,3.0213613510131836
661,178,4.0,4.522667407989502
49,406,2.0,2.140030860900879
497,71,4.0,3.6467742919921875
437,381,5.0,3.564779281616211
408,358,4.0,2.7985565662384033
264,645,4.0,4.538015842437744
740,242,4.0,3.8285109996795654
833,288,2.0,2.9826579093933105
907,79,5.0,5.214189529418945
254,231,3.0,2.454610586166382
561,480,4.0,3.6479833126068115
748,135,4.0,3.732750654220581
439,475,3.0,4.1488423347473145
780,294,3.0,3.0939137935638428
679,56,4.0,3.974022626876831
660,748,3.0,2.4482483863830566
882,122,2.0,2.6687235832214355
232,215,3.0,3.68888783454895
666,616,3.0,3.5227468013763428
445,748,1.0,1.931852102279663
848,481,3.0,4.447779178619385
830,193,5.0,4.079670429229736
588,370,5.0,2.922978401184082
291,232,4.0,3.8272294998168945
328,4,3.0,3.4461612701416016
305,582,4.0,3.2944366931915283
85,610,3.0,3.577568292617798
423,258,5.0,3.825644016265869
63,480,3.0,3.89724063873291
394,568,5.0,4.173407554626465
318,143,5.0,3.865427255630493
81,318,5.0,4.281666278839111
374,5,4.0,3.229290008544922
297,209,4.0,3.6757454872131348
753,134,4.0,3.7896409034729004
915,286,4.0,3.126769542694092
480,527,4.0,3.7567808628082275
393,8,3.0,4.0069780349731445
305,45,5.0,3.6063032150268555
916,597,2.0,2.9645698070526123
233,588,5.0,4.269571304321289
194,628,3.0,2.89219069480896
804,1028,3.0,3.2389235496520996
426,1064,4.0,2.5406947135925293
392,260,1.0,2.8379459381103516
178,196,4.0,4.063991546630859
5,226,3.0,2.985153913497925
181,1390,1.0,1.0802528858184814
271,317,3.0,3.8679027557373047
763,59,5.0,4.091895580291748
893,771,3.0,2.6386401653289795
582,124,4.0,4.01870584487915
161,100,4.0,2.7918508052825928
308,637,3.0,3.0859620571136475
490,292,3.0,2.8532931804656982
497,151,3.0,3.459674835205078
878,707,2.0,3.49013614654541
255,564,1.0,1.6302648782730103
655,1636,4.0,1.2072007656097412
222,1,4.0,3.570646286010742
769,1322,2.0,2.3934502601623535
135,642,4.0,3.3655240535736084
674,866,5.0,3.340461015701294
870,255,2.0,3.1100988388061523
619,245,4.0,3.090733766555786
542,235,3.0,2.8352975845336914
850,228,5.0,4.253046989440918
825,930,5.0,2.975296974182129
887,756,5.0,3.235462188720703
387,25,2.0,3.208857536315918
116,145,2.0,2.257222890853882
843,214,3.0,2.4909868240356445
497,194,3.0,3.940185070037842
938,595,2.0,2.9595606327056885
556,513,4.0,4.860713481903076
145,763,4.0,3.441685438156128
249,298,4.0,4.126691818237305
201,751,3.0,3.0555107593536377
504,1444,3.0,2.588117837905884
851,95,4.0,4.182667255401611
318,326,4.0,3.54119873046875
653,202,3.0,2.82470440864563
633,498,2.0,3.856294631958008
59,583,5.0,3.376485586166382
387,1187,4.0,3.1617836952209473
653,708,2.0,2.62461519241333
64,70,5.0,3.530278444290161
318,501,4.0,3.6480677127838135
834,294,3.0,3.33432936668396
633,148,1.0,2.9714338779449463
322,272,4.0,4.545246601104736
763,111,2.0,3.6150975227355957
393,223,4.0,4.240877151489258
301,1,4.0,3.7937681674957275
2,316,5.0,4.372241973876953
405,854,1.0,1.986361026763916
453,826,1.0,2.4007210731506348
381,682,2.0,3.208275318145752
592,1264,4.0,2.9635281562805176
398,56,4.0,4.07334566116333
268,16,3.0,2.938072919845581
297,300,3.0,3.462334394454956
198,31,3.0,3.2202370166778564
892,542,1.0,2.9518487453460693
151,51,4.0,3.801074743270874
374,829,2.0,2.7485270500183105
552,7,3.0,3.6509244441986084
642,118,3.0,3.6075265407562256
320,368,3.0,1.9504601955413818
234,959,2.0,3.119062662124634
676,168,5.0,4.166741371154785
878,921,4.0,3.426712989807129
295,232,3.0,3.945908546447754
314,73,4.0,3.9077694416046143
355,288,5.0,4.143044471740723
929,515,5.0,4.07465124130249
453,22,5.0,4.056752681732178
213,475,4.0,4.478612422943115
659,712,3.0,3.2589476108551025
184,208,4.0,3.961921215057373
682,1135,2.0,2.801055669784546
922,227,4.0,3.246217727661133
346,365,1.0,3.2059311866760254
731,215,5.0,3.364532470703125
429,1028,3.0,2.955083131790161
748,227,3.0,3.1270995140075684
886,132,3.0,3.8973889350891113
551,62,5.0,3.4487497806549072
623,275,5.0,3.838179111480713
303,501,4.0,3.6240901947021484
648,17,2.0,3.0975589752197266
677,845,3.0,3.5700268745422363
897,660,4.0,4.045520305633545
144,286,4.0,3.6268975734710693
543,748,3.0,3.051591634750366
435,69,4.0,3.7027976512908936
870,503,4.0,3.336357831954956
693,99,3.0,3.0690383911132812
188,443,4.0,3.8727869987487793
339,1135,2.0,3.2454662322998047
682,431,4.0,3.362732410430908
363,169,5.0,3.984254837036133
406,180,5.0,3.8862996101379395
215,180,3.0,4.103334426879883
804,32,3.0,4.041031360626221
883,886,3.0,3.3010051250457764
506,489,4.0,4.276322364807129
643,127,5.0,4.393043041229248
279,184,5.0,3.4610531330108643
308,198,3.0,4.100513458251953
846,86,5.0,4.189669609069824
590,1014,3.0,3.127366781234741
397,65,2.0,3.713322639465332
399,455,4.0,2.8607115745544434
416,269,4.0,4.561837673187256
301,496,5.0,4.070147514343262
405,1338,1.0,1.6064841747283936
487,586,2.0,2.767216205596924
614,9,4.0,3.5837044715881348
541,993,4.0,3.7678472995758057
816,258,3.0,4.549472332000732
269,246,5.0,3.3959503173828125
514,430,4.0,4.173521518707275
326,176,2.0,3.4783191680908203
267,22,4.0,4.784756183624268
339,134,5.0,4.624520778656006
110,22,4.0,3.910937786102295
464,328,3.0,3.9599623680114746
365,271,4.0,3.238105297088623
293,679,2.0,2.682307004928589
881,98,5.0,4.105550765991211
346,29,4.0,2.591306686401367
553,132,4.0,4.226139545440674
383,193,4.0,4.370763778686523
634,272,5.0,4.338565349578857
215,98,5.0,4.3247480392456055
773,531,5.0,3.569070339202881
335,313,3.0,3.967773914337158
560,11,4.0,3.6226820945739746
428,877,5.0,2.9130635261535645
400,304,4.0,3.7543187141418457
698,22,1.0,3.1541037559509277
276,1090,1.0,2.699223041534424
764,100,4.0,4.4241509437561035
642,462,4.0,4.205633640289307
540,741,3.0,3.7100796699523926
255,443,1.0,3.1221165657043457
551,217,1.0,3.504995584487915
871,752,3.0,3.2499942779541016
385,215,2.0,3.320209264755249
907,202,5.0,4.837785720825195
245,21,3.0,2.617999315261841
907,869,5.0,3.890768051147461
94,127,5.0,4.56223726272583
316,521,5.0,3.2084524631500244
551,340,4.0,3.960129737854004
51,184,3.0,3.208120584487915
26,476,3.0,2.7129714488983154
138,662,4.0,3.68682599067688
23,432,4.0,3.5505199432373047
846,505,5.0,4.199419021606445
505,71,4.0,3.485081672668457
313,778,2.0,3.5554864406585693
24,582,4.0,4.111659526824951
851,1676,2.0,0.9431667327880859
659,97,5.0,3.7019152641296387
152,204,4.0,4.92285680770874
793,1,4.0,3.9752330780029297
943,808,4.0,2.9291632175445557
151,686,3.0,4.013267993927002
1,251,4.0,4.442107677459717
148,418,3.0,3.6961779594421387
292,343,2.0,3.5558383464813232
246,409,2.0,2.7575037479400635
314,983,4.0,2.662564277648926
470,295,3.0,3.360652208328247
504,504,4.0,4.113472938537598
123,132,3.0,4.228902339935303
815,88,4.0,3.560244560241699
308,396,4.0,3.0279202461242676
777,521,5.0,4.001098155975342
381,742,4.0,3.836559295654297
918,170,4.0,3.6513097286224365
456,414,3.0,3.449012279510498
896,23,2.0,3.5898687839508057
790,1074,3.0,2.7548983097076416
389,612,4.0,4.1203813552856445
312,515,5.0,4.891691207885742
110,2,3.0,2.9831602573394775
331,268,5.0,3.542184591293335
518,222,5.0,3.8024673461914062
466,55,4.0,3.55704402923584
320,27,3.0,3.6077990531921387
299,480,4.0,4.08034086227417
119,222,5.0,4.108150482177734
110,333,4.0,3.36970591545105
123,482,4.0,4.2839035987854
12,157,5.0,4.071234226226807
100,691,4.0,3.0602362155914307
592,1226,4.0,3.7716403007507324
320,685,4.0,3.7990548610687256
863,895,5.0,3.1676580905914307
880,603,5.0,4.60075044631958
405,1579,1.0,0.7005872130393982
537,639,2.0,2.954061985015869
670,245,4.0,3.0756137371063232
487,746,4.0,3.9887750148773193
556,321,4.0,3.4536900520324707
184,285,5.0,4.3375563621521
2,282,4.0,3.7270071506500244
514,189,5.0,4.227176189422607
280,678,2.0,2.9383928775787354
476,999,2.0,2.8707163333892822
907,815,5.0,4.0852952003479
5,227,4.0,3.030494451522827
620,91,2.0,4.142884731292725
382,334,5.0,2.9346392154693604
343,199,5.0,4.698985576629639
43,291,3.0,3.4336349964141846
280,7,4.0,3.9578261375427246
738,91,4.0,3.604325532913208
889,1134,4.0,3.2458131313323975
455,241,4.0,3.4205925464630127
90,156,4.0,4.374350070953369
176,258,4.0,3.9307358264923096
871,511,2.0,4.191579818725586
107,268,4.0,3.1143267154693604
270,581,5.0,4.042683124542236
321,7,4.0,3.56404185295105
298,294,3.0,3.4040687084198
298,178,5.0,4.660211086273193
774,550,2.0,2.0623300075531006
112,689,4.0,3.270083427429199
703,127,5.0,4.377544403076172
897,69,5.0,4.156672954559326
340,186,4.0,4.21205997467041
899,89,4.0,4.016874313354492
668,347,4.0,3.483250379562378
429,496,4.0,3.954939365386963
13,475,3.0,3.7481789588928223
293,89,5.0,3.669707775115967
221,475,4.0,4.129480361938477
474,208,3.0,4.28403377532959
311,233,4.0,3.366010904312134
738,209,4.0,3.8669445514678955
883,251,5.0,4.398056507110596
500,170,5.0,3.941987991333008
846,1267,3.0,3.2453765869140625
891,459,5.0,4.637970924377441
890,214,4.0,3.420576810836792
429,546,3.0,2.9121651649475098
128,237,4.0,3.680377721786499
524,607,3.0,3.76202392578125
848,164,5.0,3.943629503250122
409,153,4.0,3.7261834144592285
541,418,5.0,3.8441619873046875
363,1,2.0,3.436967372894287
435,818,2.0,2.775688886642456
318,40,4.0,3.181079864501953
346,842,1.0,2.9337728023529053
288,435,4.0,3.945166826248169
249,124,5.0,4.568501949310303
392,321,5.0,3.4615135192871094
405,1035,1.0,1.8696446418762207
109,234,4.0,3.7781198024749756
58,137,5.0,4.014778137207031
782,1534,2.0,1.8204867839813232
883,867,5.0,2.9800407886505127
429,89,4.0,3.9832711219787598
291,456,3.0,2.5967319011688232
234,557,1.0,3.01690411567688
269,122,1.0,2.1114068031311035
43,127,4.0,4.428639888763428
795,234,4.0,3.3883936405181885
267,230,4.0,3.954347610473633
291,404,4.0,4.215520858764648
884,529,5.0,3.73997163772583
457,934,3.0,3.357762336730957
619,295,4.0,3.4362406730651855
554,735,3.0,3.7365353107452393
896,651,4.0,3.572777271270752
612,926,2.0,2.629099130630493
269,148,1.0,2.7668309211730957
178,180,3.0,4.298635959625244
705,546,3.0,3.173379898071289
472,609,5.0,4.450024604797363
648,177,5.0,3.634523391723633
389,559,3.0,3.3265345096588135
342,654,4.0,4.053728103637695
655,514,5.0,3.243990898132324
274,211,5.0,4.574443817138672
158,550,3.0,3.585526704788208
886,1,4.0,3.712158441543579
435,1225,3.0,2.508401870727539
405,241,1.0,2.1005699634552
94,334,3.0,3.5276308059692383
532,879,3.0,4.050439357757568
67,871,3.0,2.8835949897766113
464,482,5.0,4.663145542144775
151,89,5.0,4.55194091796875
315,271,3.0,3.418283700942993
661,144,5.0,3.97843337059021
796,234,2.0,3.8331053256988525
645,185,5.0,4.191435813903809
216,466,4.0,3.721043825149536
198,369,1.0,2.3343851566314697
774,293,1.0,2.2907562255859375
875,921,5.0,4.1440582275390625
222,729,4.0,3.210149049758911
532,345,4.0,4.1990485191345215
793,117,4.0,3.8285701274871826
50,327,3.0,3.382063865661621
886,288,4.0,3.285539388656616
276,458,4.0,3.342334508895874
379,194,5.0,4.529355049133301
174,763,1.0,3.796217679977417
308,219,3.0,3.3812389373779297
178,125,4.0,3.7610392570495605
894,558,5.0,3.8099606037139893
73,197,5.0,3.9691526889801025
854,358,2.0,2.4293575286865234
236,135,2.0,3.676917791366577
16,178,5.0,4.991244792938232
481,163,4.0,3.7571516036987305
49,148,1.0,2.611783027648926
568,301,1.0,2.801547050476074
561,1039,3.0,3.396864414215088
198,249,2.0,2.877392292022705
192,258,5.0,3.722532272338867
274,274,4.0,3.947133779525757
337,1016,4.0,3.723745584487915
270,145,3.0,3.1986734867095947
757,969,3.0,3.656465768814087
916,77,3.0,3.143612861633301
715,155,4.0,2.9922945499420166
744,657,5.0,4.065186977386475
753,316,4.0,3.775540590286255
554,1284,3.0,2.901792526245117
643,482,4.0,4.193040370941162
84,98,4.0,4.794896125793457
255,976,1.0,1.741727590560913
109,425,2.0,3.9011316299438477
405,214,4.0,1.9790799617767334
13,161,5.0,3.250593423843384
545,174,4.0,4.262139797210693
306,287,4.0,3.760087251663208
711,313,4.0,4.578267574310303
249,188,4.0,4.056980609893799
416,86,1.0,4.4584431648254395
114,171,4.0,3.5641894340515137
907,144,5.0,4.99733304977417
936,221,4.0,4.2400288581848145
429,97,4.0,3.5470452308654785
259,200,4.0,4.008884429931641
452,684,4.0,3.3944146633148193
940,521,4.0,3.5572590827941895
919,310,3.0,3.630721092224121
551,49,3.0,3.6520931720733643
25,208,4.0,4.158727645874023
425,831,3.0,2.1662254333496094
781,172,5.0,4.206504821777344
559,566,5.0,3.3297669887542725
591,70,4.0,3.594200611114502
176,250,4.0,3.549433469772339
381,259,2.0,2.9485881328582764
450,467,4.0,4.196541786193848
407,712,2.0,3.1153767108917236
492,187,5.0,3.7276201248168945
320,238,4.0,4.445446491241455
327,651,4.0,3.6092569828033447
878,497,2.0,3.510315418243408
279,751,4.0,3.479332447052002
487,385,4.0,3.8497672080993652
618,588,4.0,3.4477672576904297
796,134,3.0,4.301612377166748
217,566,4.0,3.140110969543457
42,64,5.0,4.7158308029174805
216,655,5.0,4.000899314880371
854,756,3.0,2.511038064956665
780,498,5.0,4.0903825759887695
670,949,2.0,3.357414960861206
44,553,3.0,3.156635284423828
479,62,3.0,2.9950387477874756
280,3,2.0,3.190976858139038
650,780,2.0,2.6943516731262207
70,542,2.0,2.6182100772857666
642,409,5.0,3.485743522644043
354,483,4.0,4.401247978210449
416,311,3.0,4.384243965148926
499,153,4.0,3.722412586212158
398,485,5.0,3.8502092361450195
924,50,5.0,4.197916030883789
410,689,2.0,2.720306634902954
313,175,4.0,3.930431842803955
455,39,2.0,3.169363021850586
120,127,4.0,4.262144088745117
393,1092,3.0,2.518308162689209
659,423,4.0,3.8292312622070312
691,603,5.0,4.8812761306762695
450,179,5.0,4.3340229988098145
90,647,5.0,4.745521545410156
119,382,5.0,4.132664680480957
479,283,4.0,3.545557737350464
643,68,3.0,3.5586960315704346
308,4,5.0,3.587790012359619
711,317,4.0,4.20181941986084
466,7,4.0,3.5853893756866455
85,658,3.0,3.332723617553711
721,243,3.0,2.5685994625091553
846,205,5.0,4.293986797332764
299,93,2.0,3.454005718231201
161,22,2.0,2.8240444660186768
478,11,4.0,3.5424604415893555
618,633,3.0,3.611788272857666
406,466,4.0,3.406198740005493
342,288,5.0,3.2876389026641846
846,98,4.0,4.592731475830078
934,502,4.0,3.782316207885742
116,346,4.0,3.1630747318267822
608,487,4.0,3.914640188217163
317,260,4.0,2.7737069129943848
921,1,3.0,3.5876336097717285
13,706,1.0,2.5399649143218994
324,268,4.0,4.692635536193848
5,364,1.0,2.5275166034698486
399,722,2.0,2.4640047550201416
880,570,3.0,3.2987074851989746
425,338,1.0,2.438838005065918
719,50,2.0,3.8722212314605713
363,222,5.0,3.2514381408691406
442,22,2.0,3.8186869621276855
370,50,4.0,4.1839189529418945
329,286,4.0,3.352030038833618
846,289,4.0,3.2847940921783447
530,181,3.0,4.065248012542725
292,7,3.0,4.261098384857178
849,121,5.0,4.276341438293457
432,845,4.0,3.6378376483917236
790,17,2.0,3.0505928993225098
722,291,4.0,3.5702531337738037
717,260,1.0,2.8360042572021484
575,98,4.0,3.433474540710449
286,1504,4.0,2.7185914516448975
932,436,3.0,3.9321417808532715
796,1415,3.0,2.1649012565612793
115,1073,5.0,4.127239227294922
409,318,4.0,4.416335582733154
251,742,5.0,3.7195732593536377
622,101,5.0,3.434906005859375
682,1079,3.0,2.1143689155578613
42,591,4.0,3.8435516357421875
868,843,1.0,2.6009273529052734
826,226,4.0,3.7150230407714844
217,1034,3.0,2.233712911605835
648,118,4.0,3.064286708831787
475,306,5.0,3.612778902053833
222,173,5.0,3.8651795387268066
693,504,5.0,3.3067917823791504
280,1297,4.0,2.595062732696533
652,538,4.0,3.336106061935425
316,276,2.0,3.0291941165924072
715,145,2.0,2.5010359287261963
576,237,4.0,3.628260850906372
314,1063,5.0,4.086520195007324
807,743,3.0,2.2378323078155518
451,749,3.0,2.857637405395508
324,292,3.0,4.577438831329346
435,834,5.0,2.105031728744507
567,1,3.0,3.85689377784729
757,22,4.0,4.056214809417725
786,692,4.0,3.6893322467803955
95,465,3.0,3.5203351974487305
193,476,2.0,2.9113783836364746
128,265,5.0,3.914571762084961
591,921,4.0,3.8876500129699707
13,351,1.0,2.746088981628418
415,641,3.0,4.63580322265625
377,164,4.0,3.7749669551849365
417,1135,4.0,2.905191421508789
655,382,3.0,3.0649688243865967
452,945,4.0,3.650193691253662
885,65,2.0,3.2532198429107666
472,196,4.0,4.879114151000977
345,148,3.0,3.3172285556793213
76,56,5.0,4.0430989265441895
305,655,4.0,3.474663734436035
450,1135,4.0,3.286430835723877
659,636,3.0,3.326826333999634
437,168,3.0,4.062579154968262
618,23,5.0,3.735518217086792
925,245,3.0,3.0085296630859375
5,176,3.0,3.5952231884002686
398,94,2.0,3.083926200866699
416,240,1.0,3.142853260040283
398,133,3.0,3.8098232746124268
569,111,3.0,3.477686882019043
452,924,5.0,3.117166042327881
930,1315,3.0,2.7136850357055664
617,413,1.0,2.079859972000122
271,582,3.0,3.5500357151031494
82,194,4.0,3.7083323001861572
863,691,3.0,3.386883020401001
293,658,1.0,3.074204444885254
252,7,4.0,4.315614700317383
497,550,4.0,3.2231996059417725
750,294,4.0,3.1463165283203125
445,762,1.0,2.0184974670410156
708,926,3.0,2.6520285606384277
401,322,2.0,2.569281816482544
280,496,5.0,4.273200988769531
291,376,3.0,3.2002153396606445
174,143,5.0,4.152939796447754
746,423,3.0,3.8186984062194824
416,125,5.0,4.04734468460083
215,227,5.0,3.338195562362671
678,14,3.0,3.7207772731781006
936,476,4.0,3.366353988647461
763,730,5.0,3.7149863243103027
913,318,4.0,4.107551574707031
199,221,4.0,3.3462533950805664
678,50,4.0,4.073062896728516
663,129,3.0,3.9102864265441895
346,578,2.0,3.0956335067749023
477,66,5.0,4.596271514892578
481,198,4.0,4.203342914581299
603,62,2.0,3.2291195392608643
807,374,3.0,2.4393701553344727
7,213,3.0,4.494064807891846
486,248,4.0,3.4273107051849365
43,385,5.0,3.762856960296631
299,118,2.0,3.0421693325042725
527,134,5.0,4.168793201446533
269,1103,5.0,3.222728967666626
536,561,3.0,3.296969413757324
711,269,5.0,4.264461994171143
804,566,4.0,3.688629627227783
184,1398,5.0,1.963550329208374
456,23,4.0,3.870393991470337
600,1004,4.0,3.2543954849243164
308,213,4.0,4.083457946777344
405,1027,1.0,1.4716976881027222
694,385,4.0,3.870784282684326
111,304,4.0,3.420201301574707
364,262,3.0,3.7306487560272217
435,763,5.0,3.260678768157959
690,1210,3.0,2.626070976257324
883,386,3.0,2.893416404724121
788,554,3.0,2.717913866043091
305,793,5.0,2.6905384063720703
603,227,3.0,3.4318792819976807
616,299,3.0,2.983506679534912
49,1071,3.0,2.413768768310547
660,63,2.0,2.3576462268829346
313,218,2.0,3.4467856884002686
334,275,4.0,3.8014612197875977
592,56,5.0,4.496384620666504
290,527,4.0,3.8180325031280518
445,458,2.0,1.9093763828277588
886,101,4.0,3.284048080444336
476,80,3.0,2.7715024948120117
292,320,5.0,3.46378755569458
393,380,2.0,3.397188663482666
7,99,5.0,4.086105823516846
405,996,1.0,1.3308277130126953
494,507,4.0,3.982520341873169
614,476,3.0,2.8820486068725586
409,343,3.0,3.1557133197784424
463,149,2.0,2.7250149250030518
169,174,4.0,4.184435844421387
181,1382,1.0,1.0804462432861328
654,66,4.0,3.508615732192993
887,559,4.0,3.7312371730804443
693,180,3.0,3.4234960079193115
236,200,3.0,3.4942946434020996
374,1001,1.0,2.04354190826416
831,877,2.0,2.4738903045654297
710,64,4.0,4.280580043792725
460,258,3.0,3.530890464782715
514,582,4.0,3.733213186264038
303,366,3.0,3.4933197498321533
577,1531,4.0,3.2014987468719482
184,218,3.0,3.4890668392181396
366,448,5.0,4.134132385253906
551,68,2.0,3.812957763671875
235,269,4.0,4.10614538192749
503,430,5.0,4.300908088684082
374,289,1.0,3.0880119800567627
268,114,5.0,3.866426706314087
648,527,4.0,3.8607735633850098
7,418,4.0,4.0149827003479
707,694,4.0,3.9424829483032227
486,25,4.0,3.228388547897339
345,202,3.0,3.824086904525757
650,550,3.0,2.9652466773986816
648,121,5.0,3.26651668548584
241,302,3.0,3.9081761837005615
815,526,4.0,4.0441670417785645
292,174,5.0,4.785749435424805
343,747,4.0,3.722426414489746
6,477,1.0,3.0543787479400635
707,1174,5.0,3.005894899368286
886,709,3.0,4.035685062408447
841,333,4.0,3.949880361557007
882,205,5.0,4.577145576477051
364,1048,5.0,2.916621446609497
496,204,3.0,3.206157922744751
430,152,4.0,3.4050605297088623
450,492,5.0,4.158875465393066
679,95,3.0,3.743825912475586
1,213,2.0,4.219423294067383
835,354,3.0,3.838984251022339
715,237,4.0,3.556234121322632
314,1139,5.0,3.1540489196777344
727,802,2.0,2.6013267040252686
7,637,4.0,3.365400552749634
416,41,3.0,3.497974157333374
731,1269,3.0,3.1482858657836914
383,513,5.0,4.886155128479004
782,1096,2.0,1.931797742843628
321,736,4.0,3.6596055030822754
899,385,3.0,3.506394863128662
654,153,4.0,3.824608325958252
678,1129,1.0,3.620760679244995
92,665,3.0,2.828087329864502
830,88,4.0,3.525324821472168
160,328,3.0,3.7044742107391357
286,993,2.0,3.9042794704437256
620,393,5.0,3.83542537689209
409,608,4.0,3.821847438812256
305,326,2.0,3.0643398761749268
587,259,4.0,2.533799171447754
269,179,4.0,3.361970901489258
534,288,4.0,4.240120887756348
690,546,4.0,2.7631664276123047
201,157,4.0,3.208596706390381
897,127,5.0,4.629558086395264
922,380,4.0,3.2728147506713867
59,1118,2.0,3.5331246852874756
244,707,4.0,4.23453950881958
267,364,2.0,3.090343475341797
932,274,5.0,3.6783089637756348
655,1214,2.0,2.1064465045928955
504,399,4.0,3.3756275177001953
405,372,1.0,2.0909903049468994
354,1017,3.0,3.259601593017578
162,147,4.0,3.629730224609375
222,167,3.0,2.8212430477142334
85,270,3.0,3.5201714038848877
491,408,5.0,4.472945213317871
25,143,3.0,3.8702809810638428
887,393,4.0,3.9249215126037598
174,88,5.0,3.889150857925415
454,660,3.0,2.9239842891693115
280,50,3.0,4.510099411010742
655,215,2.0,3.1284425258636475
887,13,1.0,3.971824884414673
538,238,5.0,3.653794050216675
554,405,4.0,3.2875311374664307
659,1044,4.0,3.3370583057403564
836,163,5.0,3.7145087718963623
404,300,4.0,3.6083531379699707
643,70,3.0,3.7171053886413574
514,109,3.0,3.5308303833007812
482,288,3.0,3.3213274478912354
343,89,3.0,4.524920463562012
478,300,3.0,3.4541022777557373
457,959,4.0,4.213076591491699
454,317,4.0,3.085510492324829
183,202,4.0,3.3491978645324707
160,137,4.0,4.202737331390381
567,299,4.0,2.966174602508545
802,565,3.0,2.734123468399048
889,210,4.0,3.6657910346984863
479,295,1.0,3.320019483566284
271,487,4.0,3.9363160133361816
650,602,4.0,3.2536098957061768
59,147,5.0,3.7637882232666016
446,879,3.0,2.739853620529175
605,521,5.0,3.9509639739990234
659,505,4.0,3.944819450378418
7,578,3.0,3.6255877017974854
345,278,3.0,3.2241334915161133
767,222,5.0,4.075766086578369
523,1041,4.0,3.7289066314697266
292,248,4.0,4.059731960296631
654,926,4.0,2.7452616691589355
904,778,3.0,3.768012046813965
877,949,3.0,3.496617078781128
643,959,3.0,3.6925697326660156
407,177,4.0,3.6770896911621094
478,79,4.0,3.737494468688965
60,496,4.0,4.376450061798096
474,357,5.0,4.595008850097656
10,175,3.0,4.310924053192139
425,576,3.0,2.694949150085449
215,692,3.0,3.599687337875366
880,394,3.0,3.5349526405334473
419,100,5.0,4.329023361206055
194,25,2.0,2.82834529876709
554,179,3.0,3.943763256072998
484,71,2.0,4.3289008140563965
843,71,2.0,2.8089101314544678
189,121,2.0,3.6469407081604004
622,125,3.0,3.6179633140563965
642,393,5.0,3.79487943649292
664,12,5.0,4.404243469238281
749,11,5.0,3.910581588745117
669,508,3.0,3.2608799934387207
474,79,5.0,4.331989288330078
378,1220,3.0,3.3473904132843018
537,972,3.0,2.7071495056152344
330,570,4.0,3.835066795349121
552,249,3.0,3.118004322052002
313,482,5.0,4.042862892150879
82,304,3.0,3.221388101577759
382,474,5.0,3.732469081878662
351,748,4.0,3.709912061691284
648,172,5.0,4.0085320472717285
839,813,4.0,3.8345718383789062
923,148,4.0,4.012845993041992
932,498,5.0,4.544139385223389
184,708,4.0,3.4730441570281982
303,160,4.0,3.515105962753296
694,300,4.0,3.931828260421753
489,351,5.0,3.4364876747131348
343,116,5.0,4.18003511428833
23,116,5.0,3.702472448348999
385,486,2.0,3.456611156463623
523,186,3.0,4.68906307220459
210,176,4.0,4.410308837890625
172,430,3.0,3.412774085998535
464,984,2.0,3.1871047019958496
654,591,5.0,3.6652331352233887
297,47,2.0,3.3012022972106934
536,49,3.0,3.546800136566162
487,229,3.0,3.206450939178467
267,198,5.0,4.572731971740723
463,224,3.0,3.2980425357818604
591,357,5.0,4.226347923278809
488,429,4.0,3.4499711990356445
95,274,4.0,3.4007160663604736
207,15,4.0,3.420382499694824
496,727,5.0,2.7831077575683594
886,4,3.0,3.4000635147094727
189,134,5.0,4.510131359100342
458,86,5.0,3.9256772994995117
911,99,3.0,3.6875476837158203
711,316,4.0,4.461157321929932
204,269,4.0,3.858149766921997
429,293,4.0,3.6470980644226074
682,570,2.0,2.909238815307617
373,211,4.0,4.102781772613525
269,120,1.0,1.9364378452301025
899,660,4.0,3.615687131881714
825,742,4.0,3.9136204719543457
716,651,5.0,4.191138744354248
798,105,3.0,2.5156283378601074
675,305,4.0,3.688455104827881
608,1101,4.0,3.6774044036865234
154,286,4.0,3.793426513671875
669,79,2.0,3.548757791519165
184,451,4.0,3.273113250732422
379,175,5.0,4.334014892578125
617,174,1.0,3.2384049892425537
796,546,4.0,3.1040351390838623
60,237,4.0,3.8513920307159424
207,192,3.0,3.8276453018188477
400,313,5.0,4.520090579986572
856,316,5.0,4.019130229949951
879,121,4.0,3.4434659481048584
671,255,5.0,3.394833564758301
933,96,2.0,3.2392027378082275
401,144,5.0,3.1592350006103516
429,176,3.0,3.801705837249756
429,1217,2.0,2.824528932571411
291,735,4.0,4.304290294647217
416,29,2.0,3.0396060943603516
773,462,5.0,3.484436511993408
567,79,2.0,4.020654201507568
805,716,4.0,3.1328840255737305
619,566,4.0,3.4803354740142822
378,106,2.0,2.841930627822876
181,277,1.0,1.6277580261230469
566,157,5.0,3.3598060607910156
312,69,4.0,4.324326992034912
286,629,5.0,3.6853132247924805
522,521,5.0,4.1390299797058105
828,900,2.0,3.4605259895324707
449,274,2.0,3.587329626083374
313,186,3.0,3.8999674320220947
918,656,4.0,3.6603586673736572
488,292,3.0,3.2185919284820557
805,1232,3.0,2.4323930740356445
702,313,5.0,3.169182062149048
331,160,5.0,3.1977689266204834
109,597,2.0,3.176973581314087
497,260,4.0,2.5429160594940186
417,1057,2.0,2.3205032348632812
694,132,5.0,4.304262161254883
502,751,3.0,3.4036850929260254
660,1133,2.0,2.3626458644866943
894,61,4.0,3.9936587810516357
294,249,5.0,3.492389440536499
537,694,4.0,3.264627456665039
417,444,4.0,2.7078120708465576
606,91,5.0,4.0009613037109375
821,125,4.0,4.229267120361328
216,651,5.0,4.243969440460205
314,8,4.0,4.604728698730469
363,218,2.0,3.1150453090667725
815,433,3.0,3.8521621227264404
629,876,3.0,2.8508877754211426
275,186,3.0,3.3473827838897705
291,1505,4.0,0.9580400586128235
495,421,1.0,4.170657157897949
721,319,3.0,3.475926399230957
911,174,4.0,4.292759418487549
407,859,3.0,2.6994004249572754
321,863,3.0,3.6312220096588135
748,237,4.0,3.408153772354126
456,588,3.0,3.580359697341919
292,111,4.0,3.951808214187622
605,523,5.0,4.082489967346191
2,13,4.0,3.554609775543213
561,117,3.0,3.1222259998321533
420,116,4.0,3.994487762451172
131,302,5.0,4.48377799987793
90,659,4.0,4.4775495529174805
846,674,4.0,3.230708360671997
299,88,3.0,3.257972002029419
932,524,5.0,4.334930419921875
375,773,3.0,2.8668932914733887
380,81,3.0,2.955110788345337
239,509,5.0,4.240422248840332
325,554,1.0,2.6047544479370117
833,47,5.0,3.0707643032073975
924,701,4.0,3.1964001655578613
106,495,4.0,3.6541709899902344
127,300,5.0,3.6978952884674072
645,483,5.0,4.605766773223877
343,631,4.0,4.041111946105957
568,213,4.0,3.3711318969726562
116,323,3.0,2.646193504333496
567,12,4.0,4.367661476135254
735,300,4.0,3.354201078414917
82,357,4.0,3.8055355548858643
478,282,3.0,3.3616416454315186
422,436,3.0,3.680967330932617
623,504,3.0,3.819950580596924
913,92,4.0,3.2377655506134033
13,329,2.0,3.1022183895111084
361,705,5.0,3.866487979888916
14,507,4.0,4.13597297668457
1,27,2.0,3.307807683944702
7,638,4.0,4.3508687019348145
585,1021,3.0,4.089908123016357
279,1113,3.0,3.3211944103240967
498,464,4.0,3.2209975719451904
287,252,1.0,3.324944496154785
318,193,3.0,4.177290916442871
90,212,4.0,3.676530599594116
458,423,2.0,3.8162877559661865
88,898,4.0,3.104994058609009
735,50,5.0,3.949275255203247
620,465,4.0,4.015954494476318
251,418,4.0,3.7379167079925537
862,1050,5.0,4.263477325439453
191,86,5.0,3.846792459487915
402,257,4.0,4.016391277313232
516,199,3.0,4.47177791595459
90,367,4.0,3.8743703365325928
831,690,4.0,3.3929874897003174
693,449,2.0,2.5955569744110107
303,734,1.0,2.7086856365203857
331,198,4.0,3.799119234085083
933,95,3.0,3.0962178707122803
671,55,3.0,3.8588833808898926
874,116,4.0,3.7659621238708496
374,566,3.0,3.506678819656372
123,13,3.0,3.5952212810516357
880,150,4.0,4.147641181945801
444,286,2.0,3.748345375061035
880,176,5.0,4.21168851852417
379,636,3.0,3.614640712738037
422,15,3.0,3.741589307785034
676,50,5.0,4.451204299926758
409,497,3.0,3.936896324157715
123,288,3.0,3.5406932830810547
262,217,3.0,2.928048610687256
802,194,4.0,4.226526260375977
174,458,4.0,3.5633797645568848
756,566,4.0,3.2122156620025635
87,64,5.0,5.021289348602295
13,281,3.0,2.9916253089904785
466,273,4.0,3.346071481704712
42,222,4.0,3.8378653526306152
630,123,4.0,3.0225918292999268
693,181,3.0,3.365833044052124
190,310,4.0,3.5800483226776123
574,750,3.0,3.8025660514831543
301,515,3.0,4.267585754394531
1,137,5.0,4.136040210723877
327,156,4.0,3.496121883392334
26,50,4.0,3.8501453399658203
896,201,3.0,3.0487401485443115
534,1059,4.0,3.3497116565704346
87,318,4.0,5.066810131072998
654,963,4.0,4.315867900848389
788,144,4.0,3.6723644733428955
919,11,4.0,3.7335338592529297
537,236,3.0,2.917789936065674
6,133,4.0,3.5917069911956787
160,488,5.0,4.558182716369629
377,682,3.0,3.1692206859588623
804,282,4.0,3.773909568786621
398,49,3.0,3.3080668449401855
82,87,3.0,3.595594882965088
625,200,3.0,3.4309067726135254
749,498,4.0,4.350389003753662
862,432,5.0,4.377936840057373
92,631,4.0,3.6388118267059326
721,995,3.0,3.3598532676696777
551,89,4.0,4.584718704223633
870,313,4.0,4.043222427368164
498,1404,3.0,2.8754703998565674
125,996,3.0,2.1165332794189453
846,1107,4.0,3.3378801345825195
287,111,3.0,3.9794106483459473
437,588,3.0,3.76513409614563
291,418,4.0,4.125574588775635
640,761,5.0,3.409768581390381
72,161,5.0,3.4833219051361084
291,293,5.0,4.375335693359375
932,530,4.0,4.418249607086182
10,692,4.0,3.8929436206817627
372,595,4.0,3.7118778228759766
503,134,5.0,4.487743377685547
681,894,1.0,1.9038488864898682
163,318,4.0,3.8567371368408203
683,311,3.0,3.5172581672668457
276,154,4.0,4.007042407989502
593,660,5.0,3.8686044216156006
299,318,4.0,4.226180076599121
288,173,3.0,4.123320579528809
468,1016,3.0,3.642073631286621
41,28,4.0,3.6880533695220947
923,405,4.0,4.082489967346191
363,588,2.0,3.38394832611084
198,188,5.0,3.255681276321411
729,333,4.0,3.0820484161376953
370,603,5.0,4.156121253967285
758,253,5.0,3.714365243911743
126,258,4.0,3.8229379653930664
892,1285,4.0,3.5257418155670166
303,289,2.0,3.197507858276367
618,50,5.0,3.9828600883483887
428,303,3.0,4.331506252288818
798,432,4.0,3.6332809925079346
125,175,2.0,4.022952556610107
343,333,3.0,3.932225227355957
471,8,5.0,3.507934093475342
430,748,3.0,2.9715380668640137
191,751,3.0,3.364773988723755
14,813,2.0,4.307214260101318
938,929,2.0,2.6458609104156494
381,887,3.0,3.971834659576416
296,7,5.0,4.275232315063477
363,1101,3.0,3.3786582946777344
19,288,3.0,3.2230288982391357
932,1449,5.0,3.8939993381500244
450,1197,3.0,4.057013511657715
931,258,3.0,3.8366806507110596
109,409,2.0,3.1343250274658203
405,1224,1.0,1.704777717590332
537,664,3.0,3.0406644344329834
588,154,4.0,4.028096675872803
168,866,5.0,3.2565667629241943
342,143,5.0,3.5600385665893555
796,486,5.0,3.971046209335327
338,215,3.0,3.6467647552490234
660,182,2.0,3.0273098945617676
533,66,4.0,3.2559542655944824
493,1088,2.0,1.9089634418487549
612,15,4.0,3.5832347869873047
933,585,1.0,2.045964479446411
75,476,1.0,3.1880571842193604
887,105,3.0,2.871504068374634
24,402,4.0,4.0035624504089355
435,121,3.0,3.3204591274261475
841,270,4.0,4.012707233428955
593,196,5.0,3.998978853225708
843,616,3.0,2.676347017288208
25,633,4.0,4.172239780426025
130,392,4.0,4.261150360107422
848,172,5.0,4.715393543243408
389,510,3.0,4.101627349853516
98,116,5.0,3.566668748855591
749,393,5.0,3.4906005859375
251,1,4.0,3.9997925758361816
648,288,4.0,3.2375776767730713
347,742,5.0,3.6001951694488525
643,186,4.0,4.049041748046875
242,361,5.0,3.763777732849121
398,519,4.0,4.079115390777588
796,248,3.0,3.697791814804077
195,258,4.0,3.7580621242523193
610,79,3.0,3.976151466369629
716,497,3.0,4.122259616851807
655,410,2.0,2.730337142944336
524,94,2.0,2.9664249420166016
880,24,3.0,3.6146557331085205
647,174,4.0,4.41757345199585
210,127,5.0,4.74904727935791
343,11,5.0,4.133306980133057
374,526,4.0,3.8949499130249023
445,291,2.0,1.968834400177002
670,659,5.0,3.9782423973083496
18,729,3.0,3.564417839050293
276,728,2.0,3.1177706718444824
479,121,4.0,3.283456325531006
416,347,4.0,3.9852216243743896
592,338,2.0,2.9489428997039795
466,4,3.0,3.317044258117676
293,248,3.0,3.2051942348480225
272,1101,5.0,4.120993137359619
236,194,3.0,3.816286325454712
657,628,3.0,3.14136004447937
43,95,4.0,3.9897797107696533
308,121,3.0,3.501692533493042
500,569,4.0,2.6711950302124023
605,70,3.0,3.6556246280670166
450,704,3.0,3.4311463832855225
279,109,5.0,3.4697365760803223
940,628,4.0,3.181723117828369
506,425,4.0,4.026051998138428
864,356,4.0,3.6039671897888184
942,969,4.0,4.250198841094971
700,169,3.0,4.090182304382324
249,467,4.0,4.210125923156738
352,385,4.0,3.5811221599578857
860,294,2.0,2.9645841121673584
846,751,5.0,3.667567491531372
269,665,1.0,2.489046812057495
654,210,5.0,3.922830104827881
523,202,4.0,4.430105686187744
43,705,4.0,4.137056350708008
721,145,4.0,2.683272123336792
18,1,5.0,3.9448940753936768
880,412,3.0,2.3834176063537598
360,45,4.0,4.139762878417969
457,179,4.0,4.635523796081543
286,476,4.0,3.3872673511505127
186,470,5.0,3.6598215103149414
262,191,4.0,3.844388008117676
219,132,5.0,4.124444961547852
724,683,1.0,1.7901310920715332
279,284,1.0,3.2241885662078857
378,47,4.0,3.499709129333496
577,226,4.0,3.5360591411590576
276,1240,4.0,3.8999857902526855
916,203,4.0,3.601522445678711
743,301,4.0,3.348627805709839
486,1609,3.0,0.9875601530075073
911,530,4.0,4.145359516143799
863,750,4.0,3.863900661468506
60,430,5.0,4.3111724853515625
798,378,4.0,3.724371910095215
334,313,4.0,4.139542102813721
308,143,4.0,3.751535177230835
204,748,1.0,3.0091843605041504
632,134,5.0,4.299036979675293
664,215,4.0,3.774993896484375
416,127,5.0,4.838567733764648
429,42,5.0,3.636932611465454
823,53,5.0,3.1367127895355225
488,70,3.0,3.1671581268310547
393,546,2.0,3.0925886631011963
795,25,5.0,3.074863910675049
28,380,4.0,3.4831044673919678
22,209,4.0,4.1426873207092285
313,127,5.0,4.234450817108154
341,358,1.0,3.218139410018921
641,511,5.0,4.506039619445801
551,587,4.0,3.9064888954162598
896,1437,1.0,2.016309976577759
883,270,4.0,3.8514068126678467
385,208,3.0,3.4939804077148438
834,292,5.0,3.842134952545166
18,204,3.0,3.9516260623931885
412,276,5.0,3.6494035720825195
645,319,3.0,3.4235334396362305
543,97,3.0,3.5814168453216553
852,827,2.0,2.9471845626831055
181,116,1.0,1.7417244911193848
385,46,5.0,3.2102553844451904
447,17,3.0,3.3298912048339844
218,47,4.0,3.251096725463867
472,216,4.0,4.9662089347839355
776,135,4.0,3.9104580879211426
298,276,2.0,3.909743547439575
372,1212,4.0,3.1369917392730713
327,338,1.0,2.4617056846618652
409,1558,5.0,2.9357998371124268
900,129,4.0,2.761728048324585
903,56,5.0,4.2381415367126465
222,97,4.0,3.4309158325195312
22,29,1.0,2.798405170440674
13,116,5.0,3.5864856243133545
132,806,3.0,3.413452386856079
437,95,4.0,3.825619697570801
606,483,5.0,4.93468713760376
934,529,5.0,3.9405431747436523
624,1017,3.0,3.4716618061065674
278,603,5.0,4.601686477661133
201,1421,3.0,2.675175666809082
537,1010,2.0,2.755765676498413
524,7,2.0,3.6138927936553955
412,508,4.0,3.67116641998291
201,25,3.0,3.0178284645080566
706,24,3.0,3.1844801902770996
620,294,5.0,3.6108219623565674
342,293,4.0,3.6746411323547363
128,603,5.0,4.385269641876221
380,582,4.0,3.0256235599517822
585,190,4.0,4.409195899963379
654,1048,3.0,2.9683279991149902
368,17,5.0,3.06913423538208
835,458,4.0,3.491215229034424
928,749,5.0,3.8598480224609375
64,174,5.0,4.155455112457275
486,882,2.0,3.4518463611602783
116,349,2.0,2.648555278778076
236,614,5.0,3.4750518798828125
839,244,3.0,2.9506537914276123
339,461,5.0,3.8739237785339355
11,332,5.0,3.3765511512756348
843,385,3.0,2.6808664798736572
796,873,3.0,3.087259292602539
642,422,3.0,2.950125217437744
116,730,4.0,3.1180925369262695
126,346,3.0,3.6912190914154053
233,462,5.0,4.272643089294434
5,432,4.0,3.3416736125946045
450,78,2.0,2.7934858798980713
716,609,3.0,3.625575065612793
181,7,4.0,1.7724676132202148
372,148,5.0,4.084951400756836
66,7,3.0,3.8079376220703125
882,969,5.0,4.332923412322998
354,83,4.0,3.9899301528930664
24,127,5.0,4.840238094329834
189,179,5.0,4.1928229331970215
228,427,4.0,3.5493836402893066
223,866,4.0,3.0708224773406982
279,1133,2.0,3.1037304401397705
291,573,4.0,3.597015857696533
62,273,4.0,3.273515224456787
198,156,3.0,3.490903377532959
561,346,5.0,3.1129913330078125
303,800,3.0,3.1415364742279053
210,44,3.0,3.7189242839813232
119,182,4.0,4.484724998474121
697,235,4.0,3.281555652618408
254,678,3.0,2.513673782348633
346,216,3.0,3.749645471572876
291,1078,4.0,3.2754616737365723
301,702,4.0,3.060349702835083
907,271,5.0,4.184210300445557
344,213,4.0,4.056055068969727
614,458,4.0,2.9936604499816895
64,160,4.0,3.3035974502563477
352,234,4.0,3.7195370197296143
886,380,3.0,3.248042106628418
454,323,2.0,2.4214019775390625
943,182,5.0,4.029528617858887
490,137,3.0,3.0365653038024902
280,180,4.0,4.23554801940918
701,289,4.0,3.3443422317504883
154,414,4.0,3.7548482418060303
497,739,4.0,3.075373888015747
761,458,1.0,2.845785617828369
308,506,4.0,3.9960296154022217
347,173,2.0,4.190141201019287
194,435,4.0,3.282111644744873
181,1392,1.0,1.1130516529083252
646,683,3.0,2.229905366897583
236,294,2.0,2.992626428604126
354,847,3.0,3.7904067039489746
161,1266,2.0,2.3405654430389404
405,770,1.0,2.005035400390625
178,64,5.0,4.693761348724365
425,232,3.0,2.9150590896606445
378,636,3.0,3.2897629737854004
450,794,5.0,3.9322142601013184
910,307,2.0,2.9887442588806152
919,5,4.0,3.186091899871826
347,385,4.0,3.65291428565979
385,896,5.0,3.5099618434906006
29,245,3.0,3.191328287124634
6,216,5.0,3.699308395385742
145,66,4.0,3.55147123336792
933,144,4.0,3.0935778617858887
177,302,4.0,4.1524248123168945
474,28,4.0,4.171638488769531
234,418,3.0,3.115786552429199
453,763,4.0,3.222780227661133
459,111,3.0,3.542111396789551
871,127,5.0,4.159103870391846
659,670,2.0,3.012329578399658
804,139,3.0,3.02742600440979
419,275,5.0,4.158852577209473
942,313,3.0,4.819760322570801
722,845,5.0,3.6985459327697754
710,23,5.0,3.9439752101898193
727,827,3.0,2.5658211708068848
224,751,3.0,3.0142264366149902
713,302,4.0,3.4621026515960693
488,707,2.0,3.4730448722839355
854,273,4.0,3.178091287612915
444,1483,2.0,3.3727688789367676
886,715,1.0,3.1816790103912354
883,387,5.0,3.5643727779388428
848,419,5.0,4.109326362609863
447,260,2.0,2.681513547897339
271,493,4.0,4.115825176239014
135,324,3.0,2.992985725402832
774,468,2.0,2.0162487030029297
710,300,3.0,3.549866199493408
498,538,1.0,3.180208921432495
294,472,3.0,3.2454042434692383
196,153,5.0,3.821309804916382
393,689,3.0,3.1529932022094727
601,82,1.0,3.270810127258301
909,1121,5.0,4.084332466125488
862,568,3.0,4.3681488037109375
425,1,2.0,3.33974552154541
868,426,4.0,2.676832675933838
387,558,4.0,3.506387233734131
541,254,3.0,2.6089320182800293
230,174,5.0,4.444241046905518
883,20,4.0,3.5587661266326904
142,333,5.0,3.6541008949279785
147,937,3.0,3.8839173316955566
749,501,4.0,3.5776262283325195
256,831,4.0,2.8873188495635986
498,156,5.0,3.449708938598633
378,179,2.0,3.9060521125793457
489,270,4.0,4.3098249435424805
925,567,3.0,2.657956123352051
237,423,4.0,3.9264204502105713
262,546,2.0,2.792473316192627
715,157,4.0,3.568999767303467
896,429,5.0,3.4626755714416504
654,54,3.0,3.208801746368408
558,283,3.0,4.042576313018799
83,768,4.0,3.1994874477386475
751,100,4.0,4.004469394683838
267,1185,2.0,2.592503786087036
405,1231,1.0,1.58970046043396
773,181,5.0,3.682436466217041
757,229,3.0,2.9108927249908447
416,274,4.0,3.8725876808166504
227,823,2.0,2.8364081382751465
385,1097,5.0,3.1828367710113525
533,148,3.0,3.029109477996826
458,302,5.0,4.2413482666015625
324,410,5.0,3.929450035095215
22,510,5.0,4.193325996398926
95,787,2.0,3.230881929397583
606,93,4.0,3.997957944869995
621,722,4.0,3.0244405269622803
151,971,5.0,4.066226005554199
900,237,4.0,2.593292236328125
495,655,5.0,4.4277825355529785
321,513,4.0,4.144779205322266
250,44,4.0,3.6358494758605957
532,277,5.0,4.3239006996154785
354,423,4.0,3.746248483657837
642,998,3.0,2.7984206676483154
238,252,3.0,2.9556198120117188
56,568,4.0,3.891418695449829
921,284,4.0,2.970262289047241
459,1013,3.0,2.261794328689575
511,880,5.0,3.3512184619903564
527,543,4.0,3.5509066581726074
765,242,5.0,4.415273666381836
295,7,5.0,4.501634120941162
90,923,5.0,4.830325603485107
371,55,4.0,3.965029001235962
271,476,1.0,2.9649887084960938
682,942,2.0,3.2911312580108643
868,133,2.0,3.3085453510284424
848,151,4.0,4.021020889282227
311,484,4.0,4.36261510848999
727,154,3.0,3.591414451599121
42,50,5.0,4.613598346710205
937,874,3.0,3.13954758644104
331,514,3.0,3.6920416355133057
442,1218,2.0,3.1287424564361572
54,313,4.0,4.775208473205566
487,841,2.0,2.912177801132202
761,263,1.0,1.8639435768127441
805,735,4.0,3.665576934814453
472,172,5.0,5.35268497467041
545,80,3.0,2.792639970779419
788,174,2.0,4.069553852081299
591,47,3.0,3.5099501609802246
391,47,4.0,3.4709553718566895
896,489,5.0,3.621265411376953
878,50,4.0,3.8349063396453857
498,185,4.0,3.5834007263183594
144,300,3.0,3.6473400592803955
683,22,4.0,3.839421272277832
450,717,4.0,3.0873446464538574
495,413,5.0,2.9634602069854736
561,426,1.0,2.6138923168182373
65,514,4.0,4.0154523849487305
776,174,5.0,4.180992126464844
125,475,1.0,4.072265625
918,196,3.0,3.3701603412628174
700,423,4.0,3.4991419315338135
542,321,4.0,3.116107940673828
554,67,3.0,2.9485199451446533
144,89,3.0,4.094701290130615
279,411,3.0,2.95261812210083
415,1524,5.0,3.7227768898010254
450,1282,3.0,3.3712987899780273
250,98,5.0,4.683656692504883
782,339,3.0,2.9332780838012695
392,1007,5.0,4.482480525970459
608,735,4.0,3.6299397945404053
543,64,4.0,4.296011447906494
381,313,2.0,4.6541852951049805
286,689,5.0,3.452310800552368
721,288,3.0,3.5122227668762207
747,174,5.0,4.731155872344971
406,23,4.0,3.8910272121429443
319,261,3.0,2.4307851791381836
109,294,4.0,3.227423906326294
829,255,3.0,3.1713762283325195
456,1019,4.0,3.7836923599243164
42,953,2.0,3.5424091815948486
128,487,5.0,4.079852104187012
786,504,4.0,4.077162265777588
121,192,4.0,4.079500198364258
158,250,4.0,3.6434993743896484
294,100,4.0,4.462414741516113
604,185,2.0,3.739819049835205
843,77,2.0,2.498631715774536
805,455,4.0,3.216013193130493
788,553,3.0,3.0539228916168213
435,169,5.0,4.315046310424805
346,879,5.0,3.165376663208008
670,195,4.0,3.9083144664764404
313,163,2.0,3.583420515060425
390,989,5.0,3.166961193084717
880,248,4.0,3.8614909648895264
5,135,4.0,3.6108851432800293
552,127,4.0,4.079523086547852
696,178,4.0,4.773504734039307
665,748,4.0,3.0457763671875
622,62,4.0,3.1693942546844482
786,211,4.0,4.061225891113281
119,349,3.0,3.432854413986206
554,284,3.0,3.168076753616333
522,530,4.0,4.360090255737305
318,182,4.0,4.146556854248047
588,204,5.0,4.0846967697143555
438,269,4.0,4.644590854644775
512,186,5.0,4.223361492156982
745,96,4.0,3.0854074954986572
59,654,4.0,4.50961446762085
178,62,4.0,3.2898197174072266
385,526,3.0,3.4649126529693604
357,407,3.0,3.02018666267395
412,172,5.0,4.229750156402588
344,319,1.0,3.3809895515441895
393,40,1.0,3.082620620727539
457,755,4.0,3.844958543777466
523,1472,5.0,2.0729596614837646
394,97,4.0,4.216593265533447
305,50,5.0,3.9382286071777344
738,183,5.0,3.896383285522461
890,163,3.0,3.7153632640838623
210,419,4.0,4.101495742797852
694,665,4.0,3.058915138244629
535,381,3.0,3.6244702339172363
138,222,4.0,3.893179416656494
385,175,4.0,3.5120363235473633
623,692,3.0,3.4666318893432617
574,347,3.0,3.4065864086151123
314,869,4.0,3.4513471126556396
632,215,4.0,3.7893152236938477
379,47,5.0,3.8514859676361084
111,272,3.0,4.098151206970215
514,729,4.0,3.5532102584838867
450,776,4.0,3.216377019882202
533,111,4.0,3.312589168548584
11,740,4.0,3.416266441345215
5,216,1.0,3.5619444847106934
230,504,3.0,4.126065254211426
62,132,5.0,3.7092409133911133
506,554,3.0,2.9126572608947754
788,429,3.0,3.7819643020629883
654,147,3.0,3.5413665771484375
833,645,3.0,3.408182144165039
537,230,2.0,2.800659656524658
555,274,4.0,3.7729969024658203
42,603,4.0,4.587408542633057
703,300,4.0,3.7817394733428955
467,93,4.0,3.7390875816345215
79,19,5.0,4.23993444442749
844,258,4.0,3.573897361755371
85,1065,3.0,3.443580150604248
298,503,4.0,3.8167595863342285
50,324,5.0,3.0124268531799316
933,578,1.0,2.6078288555145264
404,689,2.0,3.0348336696624756
293,571,2.0,2.210961103439331
11,660,3.0,3.6436681747436523
455,258,5.0,3.6481850147247314
94,686,4.0,3.9055798053741455
458,317,5.0,3.9555869102478027
880,948,4.0,2.330960988998413
354,638,4.0,3.8162906169891357
630,12,4.0,4.127314567565918
250,195,2.0,4.30504846572876
524,898,4.0,3.062152862548828
90,1204,4.0,3.92250394821167
314,28,5.0,4.425694942474365
416,865,3.0,3.708178997039795
311,39,4.0,3.4364237785339355
106,313,4.0,4.302506923675537
561,733,3.0,2.9015116691589355
450,318,5.0,4.9370269775390625
398,276,4.0,3.650237798690796
712,1503,4.0,3.122476577758789
864,382,3.0,4.0203776359558105
708,1061,3.0,2.921808958053589
655,59,4.0,3.2900707721710205
913,235,1.0,2.661287784576416
268,768,3.0,2.669424057006836
365,1017,4.0,3.326061964035034
417,792,4.0,3.592266082763672
8,518,4.0,4.219630718231201
846,435,5.0,4.224277496337891
916,190,4.0,3.974738836288452
630,465,1.0,3.377902030944824
379,577,4.0,2.37078857421875
286,1047,1.0,3.1731557846069336
940,751,3.0,3.1419363021850586
85,8,4.0,3.827066421508789
538,276,1.0,3.431057929992676
85,298,4.0,3.5722694396972656
686,23,5.0,4.808757305145264
505,271,4.0,2.956897735595703
334,1048,4.0,2.840388536453247
298,485,3.0,4.126986026763916
269,393,1.0,2.8992443084716797
197,328,4.0,3.3605599403381348
474,610,3.0,4.052561283111572
807,428,4.0,4.310683250427246
833,289,1.0,2.711606025695801
1,180,3.0,4.288084983825684
785,195,4.0,3.9105193614959717
837,225,3.0,2.9093334674835205
506,135,5.0,4.111851215362549
43,202,5.0,3.8513283729553223
181,1,3.0,1.7777116298675537
495,185,5.0,4.7226433753967285
777,42,5.0,3.8825860023498535
910,300,4.0,3.114201068878174
388,895,4.0,3.7502386569976807
774,238,5.0,2.3581185340881348
303,24,3.0,3.535465717315674
123,289,1.0,3.2292816638946533
417,552,2.0,2.860919713973999
6,473,2.0,2.907628059387207
897,95,3.0,4.167200565338135
642,153,3.0,4.211748123168945
285,300,4.0,3.616652727127075
639,204,3.0,3.056631565093994
398,73,3.0,3.3966853618621826
592,685,2.0,3.6522655487060547
207,290,2.0,2.874972105026245
223,329,2.0,3.1373796463012695
13,612,4.0,3.727025032043457
743,302,5.0,4.327030181884766
905,879,3.0,3.1128249168395996
144,96,5.0,3.9563794136047363
267,715,4.0,3.692685127258301
763,173,4.0,4.251034259796143
562,318,3.0,4.306207656860352
669,514,3.0,3.4763448238372803
387,1078,1.0,2.713287353515625
7,680,4.0,2.9336025714874268
350,1039,4.0,4.329333782196045
232,191,4.0,4.165354251861572
151,133,5.0,4.181454658508301
878,274,3.0,3.011413812637329
463,741,1.0,3.0186262130737305
686,172,4.0,4.966983318328857
920,299,2.0,2.587973117828369
365,275,4.0,3.97727632522583
864,8,5.0,4.434420108795166
654,265,5.0,3.9072039127349854
721,172,5.0,4.358109474182129
495,168,5.0,4.702187538146973
474,14,5.0,4.30961275100708
457,134,5.0,5.00716495513916
456,125,4.0,3.3922810554504395
901,451,4.0,3.602975606918335
514,42,5.0,3.8900487422943115
407,313,4.0,4.15888786315918
269,346,2.0,3.1326615810394287
484,222,5.0,4.089478969573975
79,1,4.0,4.057029724121094
916,727,4.0,3.115859270095825
454,649,2.0,2.681462049484253
44,90,2.0,3.08311128616333
629,880,4.0,3.379978895187378
825,137,2.0,4.310802459716797
591,923,4.0,4.33468770980835
523,634,5.0,4.187334060668945
684,371,2.0,3.206141471862793
587,539,3.0,2.3337173461914062
196,70,3.0,3.641423463821411
804,152,4.0,3.7621676921844482
347,117,5.0,3.7249858379364014
881,143,5.0,3.5143368244171143
805,552,3.0,2.8919901847839355
397,334,3.0,3.442552328109741
349,20,5.0,3.213000774383545
144,302,3.0,4.188504695892334
339,23,5.0,4.475108623504639
92,725,3.0,2.6407470703125
867,216,3.0,4.348348140716553
749,56,2.0,4.193131923675537
276,426,3.0,3.222799777984619
527,508,3.0,3.6266279220581055
336,1051,2.0,3.161757707595825
859,293,4.0,4.301405429840088
405,1200,1.0,1.8607792854309082
634,50,4.0,4.380867004394531
6,238,5.0,3.6657207012176514
797,328,2.0,2.8709676265716553
795,154,3.0,3.408416748046875
661,172,5.0,4.402559280395508
550,258,5.0,4.156057834625244
363,283,2.0,3.3137617111206055
343,69,5.0,4.1711626052856445
411,449,3.0,3.0449318885803223
881,1215,1.0,1.7880775928497314
465,56,4.0,3.517185926437378
788,151,1.0,3.4719417095184326
640,170,5.0,4.999112606048584
343,86,5.0,4.291227340698242
332,271,4.0,4.025490760803223
244,716,3.0,3.3885338306427
823,77,4.0,3.6350207328796387
727,53,1.0,2.7690823078155518
770,302,2.0,5.409789085388184
497,405,3.0,3.1483876705169678
919,419,5.0,3.6345951557159424
935,846,4.0,3.1728227138519287
445,246,1.0,2.325918674468994
339,250,5.0,3.730926275253296
181,1284,1.0,1.3813855648040771
387,294,2.0,3.0219244956970215
5,424,1.0,1.3042093515396118
608,1204,2.0,3.433877468109131
126,905,2.0,3.5165328979492188
772,259,2.0,3.112346649169922
162,208,3.0,4.086142063140869
658,276,4.0,3.5758821964263916
328,627,3.0,3.155905246734619
62,225,3.0,2.715113639831543
655,276,4.0,3.0785861015319824
49,324,4.0,2.540004014968872
793,928,3.0,3.2462918758392334
379,514,3.0,4.296044826507568
368,98,3.0,4.046317100524902
69,289,4.0,3.2290592193603516
623,50,5.0,4.2177910804748535
332,367,4.0,4.366079330444336
808,312,3.0,3.5598244667053223
292,118,3.0,3.577306032180786
85,923,4.0,4.145471096038818
387,447,4.0,3.2888834476470947
495,582,4.0,4.181058406829834
551,692,4.0,3.9523839950561523
49,325,3.0,2.26149320602417
642,234,1.0,4.184334754943848
283,209,4.0,4.5512542724609375
796,178,3.0,4.410120487213135
328,1021,3.0,3.8455400466918945
446,888,1.0,2.9325547218322754
881,528,5.0,3.98171067237854
474,221,4.0,4.16679573059082
264,1118,4.0,3.794287919998169
354,1007,4.0,4.008777141571045
622,679,3.0,3.0718791484832764
637,286,5.0,2.741482973098755
143,331,5.0,3.6059064865112305
1,207,5.0,3.9948394298553467
624,121,3.0,3.5956568717956543
457,193,5.0,4.695955276489258
201,789,3.0,3.191784143447876
835,196,5.0,4.260007381439209
527,283,4.0,3.6502726078033447
936,1315,3.0,3.687211036682129
370,153,2.0,3.629544496536255
865,99,1.0,2.683767795562744
62,238,5.0,3.5860064029693604
793,237,3.0,3.7642791271209717
606,662,4.0,3.7506051063537598
622,364,1.0,2.7986905574798584
338,79,4.0,3.906038761138916
870,527,5.0,3.8076486587524414
527,962,3.0,3.2599635124206543
635,246,5.0,3.653211832046509
177,508,4.0,3.590177059173584
908,694,4.0,3.6355812549591064
712,1220,5.0,3.6448960304260254
217,96,4.0,3.5603790283203125
497,655,4.0,3.6719577312469482
308,490,4.0,4.117476463317871
732,937,4.0,3.7064359188079834
378,728,3.0,2.952972888946533
173,292,5.0,4.586479663848877
655,153,2.0,3.1579818725585938
458,98,3.0,4.295896053314209
405,1544,1.0,0.7107942700386047
527,191,5.0,4.152167320251465
919,111,4.0,3.4777655601501465
171,269,4.0,3.76338529586792
660,122,1.0,1.899712324142456
751,28,5.0,3.739072322845459
425,455,2.0,2.8729491233825684
339,447,4.0,3.8164992332458496
297,419,3.0,3.4617185592651367
721,358,1.0,2.8037304878234863
22,377,1.0,2.432586669921875
28,89,4.0,4.31374979019165
119,28,5.0,4.37221097946167
597,151,4.0,3.852611541748047
655,271,3.0,2.8063082695007324
178,83,4.0,4.290287017822266
873,294,4.0,2.498624801635742
10,116,4.0,4.173330307006836
325,305,2.0,3.4834463596343994
243,196,4.0,3.8971564769744873
450,1402,2.0,1.9968066215515137
378,709,4.0,4.133660316467285
92,148,2.0,3.169241189956665
334,475,4.0,3.840503454208374
450,821,2.0,3.480907678604126
181,477,1.0,1.5344460010528564
815,239,5.0,3.666745901107788
665,631,2.0,3.5739078521728516
194,7,3.0,3.1566219329833984
901,66,5.0,3.8381733894348145
458,484,5.0,4.187170505523682
932,497,5.0,4.309048175811768
246,231,1.0,2.4253652095794678
63,283,4.0,3.333081007003784
201,325,5.0,2.4857819080352783
919,322,3.0,3.0247457027435303
280,204,3.0,3.9938743114471436
586,780,4.0,2.9160242080688477
872,284,3.0,3.3225085735321045
185,286,4.0,3.8083627223968506
437,433,3.0,3.712707281112671
747,461,5.0,3.943756580352783
401,13,2.0,2.8539950847625732
267,480,4.0,4.913424015045166
269,1133,1.0,2.6227996349334717
85,325,2.0,2.6464200019836426
429,843,1.0,2.8614161014556885
314,1297,4.0,2.8121209144592285
593,164,4.0,3.6705455780029297
198,501,4.0,3.0774407386779785
846,99,4.0,3.893674373626709
463,892,2.0,2.3091039657592773
145,628,2.0,3.5634469985961914
768,255,4.0,3.048407554626465
145,44,5.0,3.4257402420043945
380,182,3.0,3.278052806854248
449,118,1.0,3.36259388923645
102,443,3.0,2.911167621612549
38,1031,5.0,2.646242618560791
844,144,3.0,3.605294704437256
804,747,3.0,3.597113847732544
160,628,3.0,3.705646514892578
638,144,5.0,3.537050485610962
548,282,4.0,3.759838104248047
207,23,4.0,3.7396607398986816
449,60,5.0,4.245970249176025
916,642,3.0,3.300585985183716
359,295,3.0,3.8002400398254395
450,430,4.0,4.4682698249816895
788,135,3.0,3.8072094917297363
393,147,5.0,3.5410070419311523
369,752,4.0,3.5948522090911865
194,199,4.0,3.5523931980133057
303,1023,2.0,2.5649356842041016
682,568,3.0,3.4366581439971924
330,67,4.0,3.6367406845092773
814,288,4.0,2.9933927059173584
101,979,2.0,3.1240007877349854
3,303,3.0,3.0854926109313965
320,340,2.0,4.101756572723389
303,452,2.0,2.7943687438964844
360,303,3.0,3.883274793624878
303,172,5.0,4.445005893707275
280,660,5.0,3.881930351257324
385,483,4.0,3.946721076965332
707,367,4.0,3.3548190593719482
95,1188,2.0,2.7596070766448975
409,303,4.0,3.696796178817749
32,118,3.0,2.9866254329681396
942,272,5.0,4.8170695304870605
875,258,4.0,4.011045455932617
870,127,5.0,3.983992338180542
870,513,4.0,4.1320648193359375
655,292,2.0,3.0925676822662354
901,391,5.0,3.0452752113342285
486,813,5.0,3.8041727542877197
124,11,5.0,3.2095110416412354
324,846,5.0,3.5993762016296387
809,678,2.0,2.7631866931915283
326,550,5.0,2.9678215980529785
224,287,3.0,3.1680963039398193
130,554,4.0,3.3988192081451416
919,70,4.0,3.556983470916748
385,425,3.0,3.4472835063934326
932,77,2.0,3.6014602184295654
768,845,2.0,3.154144048690796
398,393,5.0,3.3768951892852783
640,126,4.0,4.572983264923096
601,276,4.0,3.1559131145477295
75,273,5.0,3.7158353328704834
301,50,5.0,4.301537036895752
894,676,3.0,3.3676717281341553
328,258,5.0,3.7142040729522705
502,682,5.0,2.9763083457946777
92,4,4.0,3.455202341079712
363,979,1.0,3.0524747371673584
380,177,3.0,3.1810312271118164
198,411,1.0,2.535060405731201
5,168,3.0,3.70334792137146
83,240,1.0,2.9716286659240723
90,639,5.0,4.136148929595947
559,73,4.0,3.230959177017212
327,396,3.0,2.6495521068573
470,50,5.0,4.214545249938965
175,98,5.0,4.223047733306885
851,690,4.0,3.7595393657684326
665,117,4.0,3.5727317333221436
94,62,3.0,3.339691638946533
178,333,3.0,3.7979114055633545
640,55,5.0,4.489443778991699
349,118,2.0,3.044529438018799
527,203,4.0,3.7841923236846924
407,134,5.0,4.06204080581665
153,50,1.0,3.3339433670043945
865,501,1.0,2.5523853302001953
276,123,4.0,3.3133022785186768
346,168,4.0,3.8962326049804688
356,288,4.0,3.3763861656188965
577,200,3.0,4.051352024078369
133,304,3.0,3.212200164794922
535,686,5.0,3.701105833053589
402,13,3.0,3.6969516277313232
184,143,3.0,3.6874823570251465
398,502,3.0,3.7417707443237305
62,582,4.0,3.3515613079071045
222,364,1.0,2.5703461170196533
486,460,4.0,2.8941683769226074
28,174,5.0,4.42600154876709
411,603,5.0,4.331133842468262
316,988,1.0,2.0158700942993164
160,604,4.0,4.276331424713135
522,168,5.0,4.334130764007568
73,152,3.0,3.47520112991333
808,346,5.0,4.026476860046387
650,174,4.0,3.705348014831543
109,531,4.0,3.9087438583374023
14,181,5.0,4.262972831726074
254,286,1.0,3.276904344558716
455,463,4.0,3.6902787685394287
300,288,4.0,3.809288263320923
64,238,4.0,3.8028454780578613
661,168,5.0,4.245481014251709
323,15,3.0,3.835585832595825
839,713,2.0,3.5176892280578613
705,22,5.0,4.403451442718506
721,984,3.0,2.934377431869507
745,230,2.0,2.719498872756958
2,14,4.0,4.1313371658325195
504,69,4.0,3.992947816848755
244,214,5.0,3.550485134124756
277,111,4.0,3.4194705486297607
18,529,5.0,4.009503364562988
314,288,5.0,3.8820784091949463
409,631,3.0,3.651014566421509
533,292,4.0,3.431189775466919
643,82,3.0,3.91342830657959
715,4,4.0,3.4426164627075195
327,1017,2.0,2.9644227027893066
773,840,1.0,2.6543314456939697
871,1197,3.0,3.607698917388916
354,507,3.0,3.8126301765441895
3,264,2.0,2.3064992427825928
299,209,3.0,3.6966981887817383
556,64,5.0,4.862296104431152
514,153,4.0,3.891221761703491
279,41,2.0,3.1564810276031494
548,991,1.0,2.457965612411499
541,405,3.0,3.5044238567352295
622,685,2.0,3.3686652183532715
518,288,3.0,3.546640157699585
150,123,4.0,3.3570029735565186
437,94,4.0,3.091273069381714
432,257,5.0,3.9411771297454834
533,25,4.0,3.197557210922241
880,1052,1.0,2.2519748210906982
352,92,3.0,3.4948244094848633
772,327,4.0,4.0147624015808105
719,468,3.0,2.912954330444336
125,283,5.0,3.764535665512085
848,973,5.0,0.9264304041862488
782,293,2.0,3.393467903137207
722,294,2.0,3.4309725761413574
721,582,3.0,3.7560956478118896
201,98,4.0,3.774822950363159
773,286,3.0,3.3799004554748535
694,172,5.0,4.5199737548828125
620,98,4.0,4.8608479499816895
883,151,5.0,3.7896645069122314
639,648,3.0,3.3000638484954834
748,58,4.0,3.4190149307250977
160,273,5.0,3.774359941482544
854,1,3.0,3.431121826171875
293,182,5.0,3.490943431854248
495,790,3.0,3.304783344268799
521,732,3.0,3.10296368598938
334,52,4.0,3.694241523742676
89,86,5.0,4.32231330871582
224,243,2.0,2.184095859527588
160,202,4.0,3.953883647918701
498,673,3.0,3.140491485595703
151,488,4.0,4.689850330352783
894,1658,4.0,2.312872886657715
811,286,5.0,4.2219390869140625
894,1080,4.0,2.0542006492614746
612,259,3.0,2.662703514099121
387,431,3.0,3.3683810234069824
144,316,5.0,4.155438423156738
630,717,3.0,2.689757823944092
796,172,4.0,4.305186748504639
255,748,1.0,2.6047232151031494
85,1169,4.0,3.414273262023926
539,242,5.0,4.327388763427734
621,71,3.0,4.1719746589660645
650,199,4.0,3.752837657928467
154,479,4.0,4.298556804656982
109,245,3.0,3.1472833156585693
844,403,3.0,3.2178313732147217
791,269,4.0,4.291029453277588
846,1118,5.0,3.5019404888153076
225,482,5.0,4.654472827911377
883,694,5.0,4.3139729499816895
342,378,4.0,3.655259609222412
627,273,4.0,3.330674171447754
486,235,2.0,2.766101360321045
268,298,3.0,3.3312039375305176
840,664,3.0,4.090599060058594
181,307,1.0,1.6963303089141846
294,1254,3.0,1.6376965045928955
498,607,3.0,3.4713923931121826
252,1,5.0,4.349521160125732
298,502,5.0,4.012099266052246
583,276,4.0,4.013400554656982
804,378,4.0,3.957402229309082
397,243,1.0,2.5077686309814453
7,614,5.0,4.19984769821167
123,483,4.0,4.735142707824707
808,327,5.0,3.86578631401062
303,252,3.0,3.0633413791656494
271,199,4.0,4.204881191253662
363,582,2.0,3.2557950019836426
354,136,5.0,4.032323360443115
120,744,4.0,3.5129876136779785
806,96,5.0,3.976969003677368
268,433,4.0,3.3272993564605713
193,286,4.0,3.501741886138916
283,216,4.0,4.556546688079834
215,202,4.0,3.7289676666259766
290,205,3.0,3.7710022926330566
280,715,2.0,3.433553695678711
896,426,2.0,2.6983652114868164
378,317,5.0,3.9270272254943848
379,161,2.0,3.7992024421691895
253,689,5.0,3.224735736846924
49,403,3.0,2.761777877807617
39,313,4.0,4.194253921508789
172,514,3.0,3.304161548614502
586,257,3.0,3.535691499710083
299,182,3.0,3.7219128608703613
207,70,3.0,3.319732666015625
863,902,5.0,3.7942018508911133
607,100,4.0,4.043388843536377
328,271,3.0,3.1749348640441895
269,1438,3.0,1.5873916149139404
102,840,2.0,2.226733446121216
91,322,4.0,3.1532108783721924
330,66,5.0,4.319240093231201
801,302,4.0,5.1786088943481445
499,202,4.0,3.6500191688537598
286,703,2.0,3.8873603343963623
648,90,3.0,2.965522527694702
845,900,3.0,3.250218152999878
383,166,4.0,4.424177169799805
95,542,2.0,2.6633524894714355
456,214,4.0,3.170973300933838
899,96,4.0,3.876028299331665
804,588,4.0,3.9663918018341064
919,333,4.0,3.5638346672058105
276,627,3.0,3.3872838020324707
407,569,3.0,2.6923441886901855
94,448,5.0,3.616469621658325
833,526,4.0,3.3998618125915527
194,580,4.0,2.725273847579956
407,4,4.0,3.372189521789551
409,58,4.0,3.586376428604126
650,290,2.0,2.7448902130126953
119,1101,5.0,4.2926764488220215
85,483,5.0,4.288881778717041
506,608,4.0,4.018449306488037
212,197,5.0,3.99237322807312
629,292,4.0,4.058152675628662
247,251,4.0,4.397224426269531
650,50,5.0,3.8128814697265625
417,1183,4.0,2.3962786197662354
524,482,5.0,3.859445810317993
327,475,4.0,3.563994884490967
125,692,3.0,3.6479873657226562
94,302,4.0,4.544379234313965
308,615,3.0,4.1013593673706055
512,1459,4.0,3.2402682304382324
500,289,4.0,2.9365792274475098
880,627,3.0,3.4277586936950684
724,538,2.0,2.4803404808044434
606,96,5.0,4.382043361663818
614,1142,3.0,3.7373948097229004
758,425,5.0,4.206467151641846
642,148,5.0,3.6171646118164062
295,143,4.0,4.3527445793151855
277,628,4.0,3.3707141876220703
311,231,4.0,2.8538930416107178
399,155,2.0,2.6958072185516357
246,145,1.0,2.282540798187256
457,47,4.0,4.144254684448242
425,912,2.0,2.718928337097168
63,1028,3.0,2.764824390411377
921,173,5.0,3.8775148391723633
121,479,5.0,4.040667533874512
450,490,5.0,4.459777355194092
592,255,4.0,3.6336398124694824
233,64,5.0,5.031087398529053
916,578,1.0,3.048175811767578
287,117,5.0,4.1581315994262695
897,77,4.0,3.6245436668395996
727,585,2.0,2.407010793685913
323,327,4.0,3.609612226486206
798,172,4.0,4.148838520050049
930,176,3.0,3.1890053749084473
833,262,2.0,3.2980425357818604
268,116,4.0,3.4165799617767334
130,363,3.0,3.3660569190979004
186,243,2.0,2.554594039916992
119,813,4.0,4.5932416915893555
54,258,4.0,4.174443244934082
374,122,2.0,2.4175362586975098
313,531,3.0,3.8604159355163574
537,284,3.0,2.536738872528076
665,196,4.0,3.7214293479919434
930,14,4.0,3.2022862434387207
707,81,2.0,3.412688732147217
200,720,4.0,3.454878807067871
189,1099,5.0,3.4877448081970215
708,864,3.0,3.101167678833008
186,31,4.0,3.7516651153564453
262,40,4.0,2.785778045654297
927,217,1.0,3.5864381790161133
169,480,4.0,4.2726850509643555
21,443,4.0,3.554898262023926
155,990,3.0,2.5303149223327637
116,322,2.0,2.6734488010406494
592,686,5.0,4.033846855163574
407,189,4.0,3.9457712173461914
230,99,3.0,3.8123555183410645
374,106,3.0,2.858994960784912
500,370,3.0,2.6230862140655518
234,209,4.0,3.386530876159668
795,152,4.0,3.2346208095550537
863,270,3.0,3.6076982021331787
188,76,4.0,3.4867217540740967
500,393,3.0,3.2049264907836914
429,44,3.0,3.219154119491577
542,73,3.0,3.319268226623535
293,572,2.0,2.563032627105713
118,17,3.0,4.047127723693848
100,347,4.0,3.131169080734253
597,118,3.0,3.416468381881714
457,31,4.0,4.283453941345215
683,328,2.0,3.193464756011963
721,228,5.0,3.885951280593872
435,709,4.0,4.0250563621521
5,419,3.0,3.351155996322632
18,778,2.0,3.694279193878174
165,304,3.0,3.7615649700164795
393,790,4.0,2.9394261837005615
10,686,4.0,3.9804210662841797
389,674,2.0,3.134669303894043
78,880,5.0,2.676750659942627
494,322,2.0,3.1192450523376465
174,1139,2.0,3.0569121837615967
380,570,3.0,2.594874620437622
405,1069,1.0,1.9582579135894775
308,537,4.0,3.8478493690490723
403,1199,2.0,3.0457284450531006
177,527,4.0,3.9803731441497803
489,1612,5.0,3.0103039741516113
223,476,3.0,2.8947439193725586
605,318,5.0,4.5654144287109375
5,208,4.0,3.582592010498047
722,333,5.0,3.89570689201355
234,782,3.0,2.4539217948913574
92,732,3.0,3.5360946655273438
130,284,2.0,3.814594268798828
429,654,4.0,4.02750301361084
856,749,3.0,3.131080150604248
226,98,5.0,4.322599411010742
940,657,4.0,3.916058301925659
339,428,5.0,4.264736652374268
44,507,3.0,3.8705437183380127
497,433,3.0,3.563558578491211
788,11,2.0,3.6381375789642334
59,664,4.0,4.107127666473389
417,404,3.0,3.559278964996338
311,203,5.0,3.9931070804595947
254,548,2.0,2.0028789043426514
851,833,3.0,3.378770351409912
315,98,4.0,4.576186656951904
7,667,5.0,2.397402286529541
255,234,5.0,3.0854032039642334
568,661,4.0,3.4654462337493896
673,311,4.0,4.046764850616455
360,181,4.0,4.149632453918457
881,294,3.0,3.0605432987213135
614,405,2.0,3.096731662750244
60,799,4.0,2.297468662261963
450,211,5.0,4.3286895751953125
8,82,5.0,4.19968843460083
378,732,4.0,3.5715653896331787
224,736,3.0,3.4070403575897217
690,722,3.0,2.537365198135376
385,23,5.0,3.6221513748168945
407,657,4.0,4.118775367736816
642,398,2.0,2.502774715423584
863,268,5.0,3.6845827102661133
109,508,4.0,3.6961793899536133
666,210,2.0,3.7855162620544434
660,1139,2.0,2.129784107208252
749,1188,3.0,2.856757879257202
174,70,5.0,4.067447662353516
883,64,4.0,4.633054256439209
153,174,1.0,3.225762367248535
313,162,3.0,3.650190830230713
541,941,4.0,3.247415065765381
178,508,3.0,3.8640356063842773
795,70,3.0,3.2515151500701904
658,100,4.0,4.039318084716797
561,1074,3.0,2.5046374797821045
406,624,5.0,3.0083751678466797
94,72,3.0,3.3735413551330566
64,98,4.0,4.2079010009765625
330,237,4.0,4.51691198348999
92,577,3.0,2.1668314933776855
704,461,3.0,3.5106005668640137
305,249,3.0,2.9509763717651367
13,362,4.0,2.8234164714813232
7,197,4.0,4.579979419708252
234,183,4.0,3.415639877319336
417,238,4.0,3.771925449371338
506,182,5.0,4.091095447540283
655,939,3.0,3.0128092765808105
497,951,2.0,2.4918735027313232
649,815,3.0,3.2337982654571533
21,321,3.0,2.958965301513672
627,541,4.0,2.6286184787750244
94,464,5.0,3.928687334060669
249,203,5.0,4.241954803466797
653,575,1.0,1.8804714679718018
286,537,4.0,4.178920745849609
747,608,4.0,4.317207336425781
492,523,4.0,3.581735134124756
117,121,4.0,3.9125068187713623
82,582,4.0,3.2557265758514404
472,403,5.0,4.318218231201172
528,526,4.0,3.9191648960113525
883,727,3.0,3.4871761798858643
734,15,4.0,3.4820168018341064
504,742,4.0,3.727979898452759
617,670,1.0,2.3642430305480957
294,299,3.0,3.1591384410858154
57,323,3.0,3.1734611988067627
653,38,3.0,2.2244393825531006
416,1516,5.0,2.5741400718688965
532,660,4.0,4.5808610916137695
653,161,4.0,2.6406848430633545
269,255,1.0,2.8477673530578613
665,369,4.0,2.5610358715057373
885,274,5.0,3.1368420124053955
716,673,4.0,3.6842246055603027
579,268,3.0,3.487027645111084
514,175,4.0,4.067295074462891
467,117,2.0,3.7737276554107666
125,269,1.0,4.095214366912842
561,483,4.0,3.7749202251434326
444,258,3.0,3.8653008937835693
95,207,5.0,3.775970935821533
735,327,3.0,3.1909663677215576
276,254,2.0,2.567925214767456
329,282,3.0,3.2806224822998047
320,771,3.0,2.913654327392578
647,748,4.0,3.2352678775787354
298,196,4.0,4.137619495391846
291,49,4.0,3.8083696365356445
889,31,3.0,3.4376111030578613
903,30,5.0,4.129755020141602
721,299,3.0,3.0620155334472656
329,81,2.0,3.2443487644195557
11,603,4.0,4.21848201751709
271,605,4.0,3.2299726009368896
659,185,4.0,4.104557514190674
932,429,5.0,4.247527122497559
234,501,4.0,3.0238447189331055
128,378,5.0,3.8312883377075195
325,32,3.0,3.5407416820526123
221,1073,4.0,4.02560567855835
106,161,3.0,3.456965923309326
798,1035,4.0,3.128784418106079
256,210,4.0,4.74793004989624
1,196,5.0,4.054932117462158
326,491,4.0,3.3357691764831543
551,505,5.0,4.349215030670166
110,385,3.0,3.3725123405456543
922,258,4.0,3.6923117637634277
396,25,3.0,3.603726387023926
497,743,3.0,1.9418652057647705
43,140,4.0,3.265451192855835
711,1053,4.0,3.380756378173828
360,748,2.0,3.223944902420044
92,367,3.0,3.427961587905884
663,978,4.0,2.5497052669525146
308,558,4.0,3.7991092205047607
901,402,4.0,3.9074268341064453
781,324,4.0,3.09480881690979
210,49,3.0,3.6776180267333984
474,70,4.0,3.9084298610687256
217,797,4.0,2.8171708583831787
7,68,4.0,3.8730762004852295
524,530,4.0,3.889521837234497
327,66,3.0,3.096189022064209
533,23,3.0,3.8215866088867188
803,321,4.0,3.098667621612549
115,847,4.0,4.083286762237549
380,498,4.0,3.4825892448425293
896,11,2.0,3.32963228225708
393,28,4.0,3.8672688007354736
90,97,5.0,4.101935386657715
921,215,4.0,3.493086814880371
795,1101,4.0,3.4015140533447266
752,678,3.0,2.6289217472076416
180,785,4.0,3.550543785095215
389,482,5.0,4.216592311859131
862,1117,4.0,3.4866385459899902
336,407,1.0,2.3588759899139404
256,742,5.0,4.360877513885498
524,95,3.0,3.6408329010009766
863,303,1.0,3.685739517211914
543,403,4.0,3.318776845932007
833,28,3.0,3.3533270359039307
648,103,1.0,2.129924774169922
379,143,4.0,4.023345947265625
727,588,4.0,3.582801342010498
120,121,4.0,3.4297258853912354
56,295,3.0,3.6880481243133545
378,304,4.0,3.5659756660461426
777,509,4.0,3.987023115158081
602,508,3.0,4.149238109588623
877,553,4.0,3.272670269012451
472,720,5.0,3.6791598796844482
339,67,3.0,3.2108051776885986
312,489,5.0,4.667365074157715
514,732,5.0,3.700812816619873
331,1141,3.0,2.8001081943511963
630,477,4.0,3.099928140640259
94,674,3.0,3.233579158782959
13,685,5.0,3.1187970638275146
330,1028,4.0,3.812727928161621
450,705,4.0,4.383764266967773
929,100,4.0,3.8941709995269775
655,1070,4.0,3.152601480484009
563,237,5.0,3.9563896656036377
115,96,3.0,4.222064018249512
823,631,4.0,4.035632133483887
747,393,2.0,3.749476909637451
804,22,5.0,4.417360782623291
318,629,4.0,3.4784536361694336
772,264,4.0,3.088026523590088
603,271,2.0,3.327615737915039
207,293,2.0,3.48594069480896
666,513,4.0,4.307061195373535
374,322,4.0,3.0611326694488525
562,118,3.0,3.08044171333313
615,509,4.0,4.060290813446045
6,529,4.0,3.6727960109710693
896,760,2.0,2.4803996086120605
416,106,3.0,3.215378999710083
5,228,5.0,3.417923927307129
213,778,5.0,4.0075812339782715
697,815,3.0,3.576504707336426
703,410,4.0,3.2339465618133545
897,193,3.0,4.316222190856934
826,678,4.0,3.1443512439727783
453,421,4.0,3.4618587493896484
499,307,4.0,3.4822683334350586
476,579,2.0,2.7828001976013184
615,211,5.0,4.113343238830566
46,294,2.0,3.4778244495391846
279,625,3.0,3.3714563846588135
276,58,4.0,3.838893413543701
270,672,5.0,3.315955638885498
630,1023,4.0,2.4228172302246094
199,269,5.0,3.516538619995117
200,378,5.0,4.484536170959473
299,185,3.0,3.8579468727111816
230,963,5.0,4.464202404022217
786,451,2.0,3.3508667945861816
92,71,5.0,3.752925157546997
899,238,2.0,3.7657535076141357
650,644,3.0,3.362675428390503
276,420,4.0,3.665076732635498
436,187,5.0,4.636756420135498
543,111,4.0,3.4274203777313232
851,160,5.0,3.6642274856567383
682,143,3.0,3.457221269607544
201,582,5.0,3.2123425006866455
262,727,3.0,3.0420587062835693
854,512,3.0,3.682980537414551
848,165,5.0,4.689486980438232
128,702,3.0,3.1236884593963623
54,597,2.0,3.455315113067627
327,962,3.0,2.964824676513672
551,1518,4.0,3.0206186771392822
693,471,3.0,2.968716621398926
315,180,4.0,4.341338634490967
770,275,5.0,5.058696269989014
59,550,5.0,3.619377374649048
427,341,5.0,4.036645412445068
877,203,4.0,3.9484970569610596
60,211,4.0,4.177595138549805
194,735,4.0,3.0895795822143555
907,125,4.0,4.6560258865356445
568,30,4.0,3.331024408340454
222,816,1.0,2.3847410678863525
328,82,4.0,3.7210817337036133
104,405,3.0,2.532193422317505
830,226,5.0,3.3571994304656982
529,875,4.0,2.998293399810791
262,1147,4.0,3.379786252975464
270,200,5.0,4.741445064544678
326,565,3.0,2.3654963970184326
184,231,3.0,2.7513325214385986
749,1228,4.0,2.5632662773132324
246,1044,1.0,2.9565913677215576
783,880,4.0,3.448390245437622
689,121,5.0,3.5773870944976807
880,879,3.0,3.5315165519714355
515,292,3.0,3.1242117881774902
545,524,4.0,4.032998085021973
780,467,3.0,3.695392608642578
391,180,5.0,4.023527145385742
318,1063,3.0,3.7423460483551025
655,694,3.0,3.372070074081421
376,197,4.0,4.009340286254883
679,322,3.0,2.977224111557007
445,831,1.0,1.533334732055664
773,895,2.0,2.9827747344970703
450,274,4.0,3.7705256938934326
405,1580,1.0,0.7198312878608704
405,643,1.0,1.7283062934875488
889,433,4.0,3.521059036254883
271,461,5.0,3.46176815032959
483,101,2.0,2.92874813079834
396,106,4.0,3.0208606719970703
199,322,2.0,2.6787161827087402
145,331,3.0,3.6664416790008545
768,682,3.0,2.7512707710266113
82,414,4.0,3.2572174072265625
83,717,4.0,2.9816672801971436
297,17,3.0,3.0479767322540283
327,1100,4.0,2.3487422466278076
299,503,4.0,3.3681771755218506
299,1068,3.0,3.152686595916748
405,806,1.0,2.067707061767578
927,204,4.0,4.349486351013184
927,38,5.0,3.261472225189209
287,346,5.0,4.116603374481201
94,684,4.0,3.9325852394104004
156,48,4.0,3.7344419956207275
916,561,3.0,2.9081077575683594
483,1,4.0,3.3036701679229736
727,63,2.0,2.8927321434020996
137,748,4.0,3.753559112548828
883,347,4.0,3.697901487350464
878,515,4.0,3.7956347465515137
671,864,3.0,3.2546541690826416
474,736,3.0,4.235006809234619
272,98,4.0,4.688986778259277
892,845,4.0,3.813962936401367
450,388,3.0,2.7198688983917236
713,272,4.0,3.5034518241882324
531,751,4.0,3.690685987472534
254,238,3.0,3.4642770290374756
57,194,4.0,4.3508782386779785
314,1291,1.0,3.113992691040039
533,328,4.0,3.2693936824798584
698,435,3.0,2.9746885299682617
639,660,2.0,2.981442928314209
305,527,5.0,3.6839890480041504
379,186,5.0,4.301159858703613
487,978,1.0,2.655745029449463
373,651,4.0,4.247430324554443
334,483,5.0,4.301728248596191
42,28,5.0,4.082106590270996
393,930,3.0,2.78403902053833
13,226,4.0,3.0774216651916504
566,1437,2.0,2.126112222671509
524,443,4.0,3.627326011657715
64,77,3.0,3.2689385414123535
177,156,5.0,3.849079132080078
567,640,4.0,3.082500457763672
254,622,4.0,2.8774805068969727
908,322,2.0,2.719294548034668
165,260,3.0,2.763404130935669
7,9,5.0,4.26715087890625
389,475,5.0,4.140204906463623
269,940,1.0,2.0382988452911377
877,748,4.0,3.210975408554077
553,134,4.0,4.442753791809082
382,276,3.0,3.230184316635132
279,71,3.0,3.8160853385925293
284,315,5.0,4.1270012855529785
839,825,4.0,2.8110110759735107
110,68,2.0,3.222738742828369
94,41,3.0,3.302172899246216
320,3,4.0,3.475740432739258
75,408,4.0,4.783108234405518
232,98,4.0,4.253498554229736
863,344,4.0,3.774174690246582
145,69,5.0,3.9215853214263916
401,275,4.0,3.272212505340576
15,931,1.0,1.9029414653778076
371,237,5.0,3.804875612258911
862,174,5.0,5.092134475708008
198,203,3.0,3.4002645015716553
72,233,4.0,3.2385201454162598
734,483,4.0,4.198155879974365
864,231,3.0,2.9964585304260254
925,185,4.0,3.9172275066375732
101,840,3.0,2.62428879737854
537,4,2.0,2.801659107208252
697,682,2.0,3.3800694942474365
30,678,2.0,2.984567165374756
866,889,2.0,2.4457144737243652
529,288,4.0,3.702378749847412
346,358,4.0,2.5753676891326904
162,403,3.0,3.5261409282684326
776,5,4.0,3.1869559288024902
416,418,4.0,4.068953514099121
653,210,4.0,2.9612350463867188
393,9,4.0,3.827939510345459
200,188,4.0,4.360035419464111
314,12,4.0,4.991174697875977
726,535,3.0,2.6205320358276367
158,659,5.0,4.300434589385986
748,183,4.0,3.7113137245178223
497,29,4.0,2.6021814346313477
437,812,3.0,2.869770050048828
234,1020,4.0,3.334591865539551
214,462,4.0,3.8178420066833496
938,275,4.0,4.002333164215088
300,948,4.0,2.4527735710144043
104,313,4.0,3.2984464168548584
782,349,3.0,2.7982699871063232
593,211,4.0,4.077176094055176
766,179,4.0,3.6186447143554688
308,679,4.0,3.123981475830078
561,428,4.0,3.2967934608459473
56,386,3.0,2.902798891067505
239,923,5.0,4.747019290924072
93,125,1.0,3.407501697540283
707,1381,3.0,3.060560703277588
703,323,2.0,3.0907697677612305
59,232,3.0,3.577117919921875
409,339,2.0,3.1752443313598633
567,513,4.0,4.455235004425049
346,134,5.0,4.037467002868652
405,1408,1.0,0.8305709958076477
489,245,3.0,3.6527657508850098
637,690,5.0,2.6031436920166016
641,209,4.0,4.104922771453857
344,530,4.0,4.147584438323975
194,22,5.0,3.4867849349975586
438,118,4.0,3.6912922859191895
234,2,2.0,2.795978546142578
184,496,5.0,4.1338982582092285
429,679,4.0,2.9177169799804688
914,692,3.0,3.316070795059204
16,197,5.0,4.702700138092041
94,216,3.0,4.197817325592041
709,219,4.0,3.411099672317505
841,331,5.0,3.907071828842163
506,194,5.0,4.276881217956543
256,728,4.0,3.61639666557312
243,69,3.0,3.8702352046966553
234,515,5.0,3.7084500789642334
708,319,5.0,3.2766408920288086
758,236,4.0,3.954941749572754
590,864,1.0,3.143792152404785
253,806,4.0,3.6850013732910156
217,405,3.0,2.944145917892456
774,233,2.0,1.98234224319458
158,514,3.0,4.183972358703613
299,965,4.0,3.467538356781006
618,531,4.0,3.5474853515625
2,307,3.0,3.661923408508301
336,1249,3.0,2.7833099365234375
517,1047,2.0,2.681474447250366
48,690,4.0,3.4543919563293457
694,15,4.0,3.9764063358306885
92,28,3.0,3.7870988845825195
777,202,5.0,3.8076038360595703
361,53,2.0,2.812685966491699
694,448,3.0,3.611797332763672
50,823,3.0,2.800502300262451
250,196,4.0,4.1980414390563965
798,1337,3.0,2.0491228103637695
497,603,3.0,4.129700183868408
746,720,3.0,2.902538537979126
60,1060,4.0,3.241241216659546
682,175,3.0,3.7158632278442383
457,232,4.0,3.9081454277038574
365,124,4.0,4.134838581085205
1,101,2.0,3.5524842739105225
496,147,3.0,2.9381353855133057
567,199,4.0,4.322670936584473
409,708,4.0,3.411855459213257
500,43,3.0,2.7032458782196045
666,566,3.0,3.429720401763916
59,926,1.0,2.9215896129608154
56,7,5.0,4.045988082885742
181,476,4.0,1.5048493146896362
834,316,5.0,4.421517848968506
1,28,4.0,4.04351806640625
308,17,4.0,3.328735828399658
870,395,3.0,2.295166015625
436,1119,4.0,3.9219372272491455
323,873,3.0,3.094115734100342
312,513,5.0,5.0208587646484375
253,132,5.0,4.216549873352051
939,890,2.0,2.678626298904419
504,476,5.0,3.186685562133789
315,164,4.0,3.7622628211975098
767,141,4.0,3.9335358142852783
101,1,3.0,3.526531934738159
782,298,4.0,3.3462166786193848
244,66,4.0,3.6986846923828125
190,696,3.0,3.0896854400634766
207,79,4.0,3.6614372730255127
91,64,4.0,4.5968146324157715
427,263,5.0,2.6515746116638184
101,846,3.0,2.6586179733276367
655,895,3.0,2.795610189437866
234,874,1.0,2.9300153255462646
889,177,4.0,3.61531925201416
551,17,5.0,3.5758562088012695
409,171,4.0,3.875990390777588
334,268,4.0,3.601828098297119
932,7,4.0,4.089723587036133
90,705,5.0,4.431751251220703
405,708,1.0,2.0328190326690674
150,13,4.0,3.6522533893585205
406,663,5.0,3.7534258365631104
916,211,4.0,3.6860103607177734
213,181,4.0,4.487725734710693
30,181,4.0,4.311564922332764
533,322,4.0,2.868006944656372
739,359,5.0,3.099238872528076
456,582,5.0,3.4508256912231445
761,243,3.0,2.2134828567504883
178,96,4.0,4.215151309967041
27,123,5.0,2.847689390182495
254,313,5.0,3.852081775665283
659,492,3.0,3.7881312370300293
295,559,4.0,3.8092870712280273
210,121,4.0,3.796445846557617
450,96,4.0,4.401224613189697
378,620,3.0,3.0511324405670166
429,222,4.0,3.478121757507324
136,257,3.0,4.097882270812988
389,72,3.0,3.267803192138672
457,169,5.0,5.313342571258545
280,845,3.0,3.5806500911712646
345,1096,3.0,1.9767639636993408
653,294,2.0,2.480778455734253
665,96,3.0,3.8619399070739746
851,338,3.0,2.9432597160339355
49,70,2.0,2.913419723510742
807,140,3.0,3.489703416824341
871,237,3.0,3.561880350112915
653,1139,3.0,2.10451078414917
498,985,1.0,2.739769458770752
563,70,4.0,3.9310684204101562
84,4,3.0,3.9062750339508057
59,710,3.0,3.8810863494873047
385,606,4.0,3.6686174869537354
131,100,5.0,4.362172603607178
278,315,4.0,4.433061599731445
158,1098,4.0,3.915602684020996
846,570,4.0,3.296464443206787
886,475,5.0,3.878761053085327
648,122,1.0,2.3174211978912354
392,180,5.0,4.465399265289307
56,38,2.0,3.082520008087158
457,559,4.0,3.769181251525879
558,286,4.0,3.999584197998047
92,1207,3.0,2.2380030155181885
525,762,4.0,3.2814674377441406
405,1210,1.0,1.7424702644348145
653,1023,3.0,1.937041997909546
684,181,4.0,4.000578880310059
680,9,4.0,4.044693470001221
59,241,4.0,3.8211541175842285
336,276,4.0,3.5502898693084717
206,362,1.0,2.195342540740967
164,748,5.0,3.810481071472168
499,98,4.0,4.230530738830566
215,238,2.0,3.9051949977874756
1,123,4.0,3.290253162384033
3,343,3.0,2.6556451320648193
716,470,4.0,3.649097204208374
119,9,4.0,4.323180675506592
831,245,2.0,3.0451810359954834
295,951,5.0,3.041163444519043
920,301,2.0,2.8954010009765625
97,357,5.0,4.605258941650391
313,588,4.0,3.7502236366271973
82,275,2.0,3.5575475692749023
504,384,2.0,2.9485342502593994
181,763,1.0,1.5923480987548828
28,12,4.0,4.524901390075684
635,300,3.0,3.38132905960083
416,433,4.0,4.22017765045166
488,69,4.0,3.3539464473724365
92,402,3.0,3.4703030586242676
225,64,4.0,5.079156398773193
230,420,5.0,3.622844934463501
829,408,4.0,4.345013618469238
862,205,4.0,4.803077220916748
346,132,4.0,3.8429722785949707
35,258,2.0,3.6528046131134033
11,383,2.0,2.084993362426758
216,210,4.0,4.041905879974365
6,257,2.0,3.5066630840301514
298,208,5.0,4.2392473220825195
116,324,2.0,2.720017194747925
332,245,4.0,3.869276285171509
896,1217,2.0,2.5944368839263916
497,195,4.0,3.7860190868377686
18,88,3.0,3.547353744506836
95,385,4.0,3.6046149730682373
745,203,3.0,2.9555928707122803
878,15,4.0,3.275707721710205
843,228,4.0,2.7948451042175293
299,692,4.0,3.3812339305877686
192,1061,4.0,2.9517927169799805
178,458,3.0,3.332692861557007
49,346,4.0,2.950155019760132
475,313,2.0,3.892740249633789
91,172,4.0,4.373868465423584
315,504,3.0,4.201686859130859
714,410,3.0,3.295198678970337
619,188,4.0,3.641721248626709
125,999,4.0,2.910109758377075
112,331,4.0,3.77374267578125
453,427,3.0,4.181929111480713
539,275,4.0,4.122555732727051
554,717,3.0,2.790539503097534
518,829,3.0,2.8839869499206543
817,597,2.0,3.086343765258789
299,1050,4.0,3.3765666484832764
627,175,1.0,3.7235982418060303
405,719,1.0,1.5690326690673828
592,305,4.0,4.177206039428711
232,170,5.0,4.153116703033447
413,284,4.0,3.1641407012939453
307,1,5.0,3.9768943786621094
650,443,5.0,3.3480844497680664
75,742,1.0,3.7455990314483643
234,588,3.0,3.2683820724487305
318,64,4.0,4.673624038696289
484,161,4.0,3.9252610206604004
234,428,4.0,3.3729259967803955
617,582,4.0,2.81630277633667
32,271,3.0,3.0010526180267334
546,7,5.0,4.520660877227783
268,721,3.0,3.0820059776306152
214,302,4.0,4.276373386383057
161,181,2.0,2.716874361038208
745,531,3.0,2.9930129051208496
151,657,5.0,4.7187981605529785
167,1308,1.0,1.4592339992523193
400,690,3.0,3.6236531734466553
425,294,2.0,2.8310182094573975
815,179,2.0,4.072091102600098
705,797,4.0,3.283959150314331
157,289,4.0,3.4184484481811523
95,62,4.0,3.1121246814727783
787,748,4.0,3.0271811485290527
577,996,3.0,2.246497631072998
49,1075,2.0,2.5726537704467773
452,164,4.0,3.265634775161743
592,178,5.0,4.811244964599609
642,378,3.0,4.208456993103027
587,289,3.0,2.815290927886963
178,984,2.0,2.952768087387085
437,496,4.0,4.105976104736328
831,237,4.0,3.561868190765381
334,86,4.0,3.7677581310272217
293,272,4.0,3.8152589797973633
586,295,3.0,3.296358346939087
280,5,4.0,3.3757312297821045
428,751,5.0,3.9609429836273193
218,209,5.0,3.6252567768096924
397,1001,1.0,2.048738718032837
495,403,5.0,3.9252209663391113
707,1281,4.0,2.9287562370300293
16,11,5.0,4.3489789962768555
840,134,3.0,4.531365394592285
752,750,2.0,3.628927707672119
567,127,5.0,4.284358978271484
189,197,5.0,4.363094806671143
395,240,1.0,3.024723529815674
322,64,5.0,4.684099197387695
135,653,4.0,3.837956190109253
559,191,5.0,3.980426788330078
445,272,3.0,2.509819746017456
913,222,3.0,3.3174986839294434
15,754,5.0,2.825927972793579
495,577,1.0,2.5099029541015625
293,425,4.0,3.433124542236328
452,172,4.0,3.8884212970733643
445,121,1.0,2.0514495372772217
401,511,2.0,3.5294599533081055
234,516,3.0,3.4597082138061523
434,237,5.0,4.07722806930542
201,1423,3.0,1.3308844566345215
846,195,4.0,4.229628562927246
85,589,3.0,3.9219038486480713
244,1132,4.0,2.956103801727295
137,1028,5.0,3.7124369144439697
60,229,4.0,3.217832088470459
475,302,3.0,3.8257956504821777
331,486,3.0,3.674124002456665
666,23,4.0,3.98970627784729
548,291,5.0,3.4669604301452637
436,132,1.0,4.449312686920166
591,523,4.0,4.015879154205322
790,72,2.0,2.967794895172119
804,128,5.0,3.6850950717926025
566,133,4.0,3.515378713607788
472,419,4.0,4.6641082763671875
87,153,5.0,4.270092010498047
308,100,5.0,4.19240140914917
386,982,3.0,2.7526941299438477
463,1067,2.0,3.1390106678009033
126,323,3.0,3.061241865158081
327,1141,3.0,2.6512012481689453
91,183,5.0,4.08342170715332
332,64,5.0,5.609555721282959
416,157,4.0,4.141801357269287
303,3,3.0,3.155642509460449
516,212,4.0,3.440584421157837
916,558,3.0,3.500183582305908
566,755,2.0,3.038158416748047
798,996,3.0,2.1517958641052246
815,217,3.0,3.2819457054138184
389,283,5.0,3.8270304203033447
276,210,4.0,4.106724739074707
188,159,3.0,3.231905937194824
849,133,5.0,4.770052433013916
627,597,3.0,2.957489252090454
276,1109,3.0,3.556645631790161
484,172,5.0,4.797062873840332
913,164,2.0,3.24141263961792
587,271,4.0,2.937551975250244
889,493,3.0,3.963613271713257
698,132,4.0,3.00461483001709
150,325,1.0,2.917330026626587
921,760,2.0,2.645545721054077
537,226,2.0,2.6251473426818848
450,727,4.0,3.661466598510742
218,654,4.0,3.8784537315368652
398,284,2.0,3.1599926948547363
293,474,5.0,3.7629284858703613
260,270,5.0,4.1744914054870605
940,1167,4.0,3.010396718978882
805,135,4.0,3.901310682296753
728,1355,4.0,2.4258530139923096
95,1227,2.0,2.3751444816589355
708,742,1.0,3.4901559352874756
577,71,5.0,4.112029552459717
109,550,5.0,3.3930513858795166
151,66,4.0,3.8069212436676025
537,192,4.0,3.317847728729248
62,483,4.0,4.147310733795166
276,76,4.0,3.621631383895874
49,1069,3.0,2.651531934738159
280,172,3.0,4.383154392242432
561,1267,3.0,2.6069958209991455
20,423,2.0,3.1793317794799805
378,222,3.0,3.5931801795959473
12,195,4.0,4.412698268890381
157,405,3.0,3.640533447265625
632,131,4.0,3.992027759552002
894,1592,4.0,2.5979273319244385
892,265,4.0,4.3180742263793945
717,748,3.0,3.381960868835449
768,597,2.0,2.893003463745117
642,155,3.0,3.4408884048461914
346,210,4.0,3.710674285888672
592,121,4.0,3.761478900909424
581,844,5.0,3.4614853858947754
94,1012,4.0,3.7599499225616455
7,583,2.0,3.516339063644409
488,510,4.0,3.4615590572357178
4,362,5.0,3.576396942138672
421,197,3.0,3.9260411262512207
222,409,3.0,2.882917881011963
18,191,4.0,4.330492973327637
437,710,4.0,3.6046738624572754
456,403,2.0,3.2523343563079834
592,1039,4.0,4.474738597869873
936,312,3.0,3.571357488632202
269,22,1.0,3.5855467319488525
276,276,4.0,3.850555896759033
927,82,2.0,4.299145698547363
506,66,4.0,3.591593027114868
79,311,4.0,4.089943885803223
781,286,1.0,3.6441447734832764
690,186,4.0,3.5689315795898438
776,192,5.0,4.1301727294921875
112,289,5.0,3.248810052871704
87,121,5.0,3.874316930770874
425,293,4.0,3.302014112472534
499,430,3.0,3.990058422088623
274,234,5.0,4.356091499328613
350,1,4.0,4.0960211753845215
806,254,3.0,2.426757574081421
782,1511,2.0,2.558978796005249
933,1028,2.0,2.473193407058716
181,871,2.0,1.3101872205734253
713,344,5.0,3.144284725189209
193,294,1.0,3.049811601638794
290,216,4.0,3.6809215545654297
805,94,1.0,3.0549819469451904
429,473,3.0,2.953669786453247
298,98,4.0,4.612988471984863
853,748,2.0,2.753789186477661
221,407,2.0,2.525045394897461
7,23,3.0,4.585286617279053
1,13,5.0,3.5916266441345215
892,739,4.0,3.5704920291900635
410,690,4.0,3.0327515602111816
442,569,2.0,2.555347204208374
682,395,3.0,2.303431987762451
835,257,3.0,4.097130298614502
664,318,5.0,4.554837226867676
268,679,4.0,2.7092807292938232
630,568,4.0,3.490053653717041
798,748,5.0,3.1378493309020996
265,237,5.0,3.653071641921997
624,15,4.0,3.9074900150299072
650,162,3.0,3.2263550758361816
426,435,3.0,3.9177377223968506
25,527,4.0,4.289743900299072
200,99,5.0,4.32869291305542
125,734,3.0,2.6768791675567627
64,476,1.0,2.975313901901245
328,56,4.0,3.9837021827697754
399,432,3.0,3.186727523803711
828,328,3.0,3.013277053833008
648,70,2.0,3.434343099594116
867,186,5.0,4.340519905090332
391,480,4.0,4.27683162689209
417,725,4.0,2.635244369506836
58,514,5.0,3.999474287033081
210,173,4.0,4.627015113830566
787,347,4.0,3.3998968601226807
70,1035,3.0,3.0594289302825928
880,1041,4.0,3.3338613510131836
174,126,5.0,4.367704391479492
216,221,4.0,3.9992687702178955
85,588,3.0,3.6135878562927246
567,9,4.0,3.837455987930298
286,329,4.0,3.673823833465576
394,795,2.0,2.664658308029175
486,1047,2.0,2.71970534324646
690,208,5.0,3.583205223083496
916,69,4.0,3.5898213386535645
436,1489,2.0,2.2332510948181152
189,498,5.0,4.4991655349731445
378,722,3.0,2.7666680812835693
499,191,5.0,4.139724254608154
790,977,1.0,2.488002061843872
80,64,5.0,4.408221244812012
389,181,4.0,4.144728660583496
195,386,2.0,2.716923475265503
64,333,3.0,3.536839723587036
264,656,4.0,4.879795551300049
200,373,4.0,3.389819860458374
262,1048,2.0,2.708407163619995
650,823,3.0,2.577561140060425
726,274,4.0,2.7689247131347656
199,285,4.0,3.763723373413086
780,97,5.0,3.577145576477051
154,137,3.0,4.069119930267334
361,26,3.0,3.3343350887298584
131,1281,4.0,3.1899187564849854
152,451,5.0,4.166903495788574
85,79,3.0,3.8230769634246826
330,117,5.0,4.593238353729248
92,558,3.0,3.6630852222442627
899,291,4.0,3.2027242183685303
918,487,4.0,3.5163464546203613
292,173,5.0,4.667941093444824
472,581,4.0,4.068178176879883
624,690,4.0,3.6292061805725098
119,407,3.0,2.7412095069885254
548,762,4.0,3.558882236480713
437,82,3.0,3.791478157043457
613,64,5.0,4.912482261657715
280,673,4.0,3.7321505546569824
374,117,5.0,3.6852738857269287
823,770,4.0,3.6350491046905518
210,864,3.0,3.509206533432007
496,532,5.0,2.8617043495178223
311,177,5.0,3.988262891769409
506,274,4.0,3.5366039276123047
378,496,3.0,4.084041595458984
760,185,2.0,3.7933144569396973
661,174,5.0,4.428226947784424
109,88,4.0,3.471281051635742
279,172,2.0,4.209641456604004
343,744,4.0,3.818962812423706
92,196,4.0,3.789518356323242
94,50,5.0,4.657830238342285
591,72,3.0,3.148012399673462
450,51,4.0,3.8214175701141357
226,480,4.0,4.359004974365234
268,455,3.0,2.9130842685699463
864,230,2.0,3.8717246055603027
804,1411,3.0,2.829272985458374
806,923,3.0,4.3248724937438965
336,1011,2.0,3.1342966556549072
13,90,3.0,2.9126434326171875
216,97,4.0,3.8407232761383057
650,357,4.0,3.7027759552001953
312,713,5.0,4.193163871765137
263,1020,3.0,4.1503143310546875
130,721,3.0,4.1464457511901855
43,215,5.0,3.876782178878784
268,188,4.0,3.2774734497070312
13,860,1.0,2.2435712814331055
882,147,4.0,3.9769461154937744
769,473,3.0,2.970397472381592
343,260,1.0,2.8388547897338867
92,53,3.0,2.863525390625
201,919,3.0,3.290405035018921
553,485,3.0,4.0388503074646
889,160,4.0,3.199580430984497
853,333,4.0,3.144955635070801
718,405,5.0,3.51566481590271
605,269,4.0,4.08588981628418
303,255,4.0,3.4461545944213867
416,401,2.0,3.0362133979797363
715,233,3.0,3.1545495986938477
42,63,4.0,3.228435516357422
727,1437,2.0,2.17012357711792
44,175,4.0,3.9398066997528076
621,383,2.0,2.2654690742492676
586,186,2.0,3.7219412326812744
181,413,2.0,1.3063576221466064
896,86,1.0,3.445706367492676
402,19,4.0,4.342087268829346
59,489,4.0,4.431910037994385
796,447,3.0,3.5601377487182617
519,874,5.0,4.260017395019531
883,724,4.0,3.6601436138153076
807,172,5.0,4.661177158355713
727,90,3.0,2.9484410285949707
682,772,4.0,2.8314714431762695
645,195,4.0,4.045498847961426
336,202,1.0,3.6054506301879883
492,69,3.0,3.4068424701690674
311,83,5.0,4.239627361297607
875,176,4.0,4.2042741775512695
279,44,1.0,3.389462471008301
72,972,4.0,3.4065489768981934
504,72,4.0,3.3111846446990967
468,248,4.0,3.842665672302246
932,611,5.0,4.464907169342041
802,444,4.0,2.8524484634399414
59,428,5.0,4.193015098571777
495,1079,5.0,2.5592286586761475
716,484,4.0,4.31866455078125
404,307,4.0,3.4659736156463623
342,179,5.0,3.8108115196228027
442,144,4.0,3.4681806564331055
251,535,3.0,3.3584017753601074
63,277,4.0,3.1689603328704834
255,324,5.0,2.5832228660583496
263,294,2.0,3.4171533584594727
48,209,5.0,3.9077107906341553
796,326,4.0,3.4418904781341553
655,1022,3.0,3.0374436378479004
466,117,5.0,3.4774742126464844
416,591,5.0,4.113248825073242
693,196,2.0,3.2249808311462402
104,271,1.0,2.4828152656555176
189,15,2.0,3.9614806175231934
201,855,4.0,3.3889400959014893
255,872,4.0,2.551652193069458
690,1,4.0,3.486266851425171
660,328,3.0,2.7055907249450684
177,210,4.0,3.7909321784973145
221,568,4.0,3.775268077850342
472,29,5.0,3.398451805114746
354,694,5.0,4.0470662117004395
501,181,4.0,4.416327953338623
109,742,5.0,3.595829725265503
339,81,5.0,3.8830840587615967
308,480,4.0,4.400829792022705
655,129,3.0,3.222166061401367
318,121,1.0,3.602034568786621
923,1028,4.0,3.8302600383758545
379,52,4.0,4.228220462799072
721,327,2.0,3.635721445083618
833,379,2.0,2.6573774814605713
363,940,2.0,2.1188549995422363
637,1060,2.0,2.302737236022949
851,455,3.0,3.5369367599487305
903,994,3.0,2.604027032852173
5,214,3.0,3.0262398719787598
406,216,3.0,3.7242612838745117
453,158,2.0,2.4144723415374756
416,1011,4.0,3.650491714477539
130,174,5.0,5.120077133178711
487,720,4.0,3.0863394737243652
223,185,2.0,3.875087022781372
638,554,3.0,2.6193835735321045
815,1133,3.0,3.1337389945983887
84,546,3.0,3.3446731567382812
747,672,4.0,2.9454104900360107
758,298,4.0,4.040411472320557
339,241,4.0,3.8817951679229736
412,70,4.0,3.6055452823638916
802,197,3.0,4.189807891845703
896,343,1.0,2.8142948150634766
456,485,4.0,3.6362695693969727
262,22,4.0,3.8594412803649902
200,229,5.0,3.5901143550872803
694,237,4.0,3.8751118183135986
704,193,5.0,3.938786029815674
416,202,4.0,4.203397750854492
773,72,3.0,2.9234890937805176
92,66,3.0,3.412688970565796
892,367,4.0,3.8813095092773438
345,200,4.0,3.8794631958007812
215,179,4.0,3.9537570476531982
648,498,3.0,3.9897713661193848
1,268,5.0,3.93815279006958
698,588,4.0,2.8398194313049316
181,1376,1.0,1.2466187477111816
145,1102,1.0,2.9776859283447266
875,131,4.0,4.172900676727295
934,462,4.0,3.833308219909668
933,70,2.0,2.9185523986816406
575,357,5.0,3.376903533935547
311,211,3.0,4.094027042388916
524,66,3.0,3.3069472312927246
127,227,4.0,3.347611665725708
243,86,5.0,3.9716506004333496
652,288,2.0,3.1324737071990967
653,1444,3.0,1.902909517288208
339,80,3.0,3.0149052143096924
18,142,4.0,3.0901827812194824
88,886,5.0,3.044769763946533
551,827,5.0,2.9568777084350586
595,289,4.0,3.062134027481079
339,121,3.0,3.7384843826293945
358,1529,3.0,2.306748628616333
97,429,4.0,4.2857890129089355
262,195,2.0,3.626286029815674
22,648,4.0,4.403323650360107
671,779,3.0,2.6263279914855957
821,281,3.0,3.766542434692383
630,732,4.0,3.4342305660247803
85,42,3.0,3.6206579208374023
537,654,3.0,3.3078136444091797
593,234,2.0,3.8978734016418457
405,1575,1.0,0.7172142267227173
620,678,3.0,3.162554979324341
333,748,4.0,3.169748306274414
833,657,4.0,3.7149698734283447
145,592,3.0,3.08076810836792
495,843,3.0,3.41689395904541
468,39,3.0,3.485416889190674
342,1008,3.0,3.439836025238037
778,168,5.0,3.21830153465271
747,519,5.0,4.535784721374512
902,181,3.0,3.629234552383423
169,683,3.0,2.4590394496917725
764,22,4.0,4.534262180328369
416,339,5.0,3.6308701038360596
373,166,5.0,4.198291301727295
246,226,2.0,2.922640800476074
913,180,3.0,3.7352821826934814
796,553,4.0,3.245255470275879
936,14,4.0,4.387605667114258
605,132,5.0,4.083130359649658
550,50,5.0,4.785151958465576
454,603,4.0,3.36090087890625
1,106,4.0,2.9675498008728027
548,9,1.0,3.9852774143218994
601,71,1.0,3.2914059162139893
92,452,2.0,2.670839786529541
710,318,4.0,4.333773612976074
373,843,3.0,3.1062333583831787
936,281,4.0,3.5337066650390625
27,925,3.0,2.9212138652801514
476,715,4.0,3.294935703277588
280,499,4.0,4.224301338195801
760,71,4.0,3.5501441955566406
828,547,2.0,2.882587194442749
109,940,3.0,2.3705713748931885
452,186,1.0,3.616955518722534
59,959,4.0,3.850794553756714
56,73,4.0,3.618898391723633
331,277,4.0,3.3315021991729736
534,151,4.0,4.548834800720215
691,50,4.0,4.89768648147583
880,845,3.0,3.652381420135498
873,342,4.0,2.2295923233032227
239,187,5.0,4.584262371063232
126,266,5.0,2.7220723628997803
321,275,4.0,3.713444232940674
391,491,3.0,3.7468948364257812
194,792,4.0,3.069364070892334
289,742,4.0,3.0373589992523193
525,248,4.0,3.4996166229248047
767,242,4.0,4.7013702392578125
592,173,5.0,4.594564437866211
496,483,4.0,3.7351717948913574
361,129,4.0,3.769367218017578
442,31,3.0,3.2961032390594482
814,565,3.0,2.3698062896728516
733,1023,1.0,2.241945743560791
938,476,4.0,3.067197799682617
128,955,5.0,3.524228096008301
829,222,4.0,3.4619064331054688
121,282,1.0,3.492363452911377
536,699,3.0,3.949385404586792
805,121,3.0,3.358882427215576
61,333,3.0,3.095473527908325
206,690,2.0,2.5282840728759766
532,982,3.0,3.1268961429595947
401,173,3.0,3.412609100341797
363,1010,4.0,3.0974419116973877
92,116,3.0,3.7637276649475098
363,227,4.0,2.9948956966400146
784,328,3.0,3.739405870437622
119,154,5.0,4.302423477172852
141,245,3.0,3.2163846492767334
176,508,3.0,3.809847354888916
682,581,2.0,3.0202207565307617
179,271,1.0,2.9747941493988037
193,182,4.0,3.7639641761779785
932,64,2.0,4.7813873291015625
332,370,2.0,3.399129629135132
395,750,5.0,4.2951979637146
303,427,4.0,4.579904079437256
889,294,3.0,3.042592763900757
435,265,3.0,3.736907720565796
446,326,2.0,2.790724992752075
48,680,3.0,2.6111111640930176
524,199,4.0,4.066788673400879
843,183,5.0,2.9245643615722656
871,1024,3.0,3.4297075271606445
557,271,4.0,3.4106109142303467
43,931,1.0,2.2612061500549316
627,518,4.0,3.5925958156585693
186,226,5.0,3.3955538272857666
416,737,3.0,3.414228677749634
188,1263,3.0,2.7503223419189453
514,49,2.0,3.40356183052063
848,209,5.0,4.370379447937012
829,70,4.0,3.4442412853240967
17,1,4.0,3.2429323196411133
836,56,4.0,4.19735860824585
604,200,1.0,3.4484548568725586
760,98,3.0,3.983006238937378
887,100,2.0,4.767124176025391
561,204,3.0,3.235591411590576
151,28,4.0,4.224029064178467
851,302,5.0,4.6115217208862305
72,2,3.0,3.2052247524261475
198,187,4.0,3.7221524715423584
808,872,5.0,3.3796238899230957
181,989,1.0,1.4349524974822998
219,303,4.0,3.8456311225891113
51,173,5.0,3.8705458641052246
534,282,5.0,4.52713680267334
316,463,5.0,3.16884446144104
405,1567,1.0,0.6907171607017517
269,154,3.0,3.231682777404785
233,495,4.0,4.148409366607666
413,275,5.0,3.9750328063964844
647,147,4.0,3.6409506797790527
923,1001,1.0,2.4491171836853027
487,566,4.0,3.7245030403137207
484,226,4.0,3.7027692794799805
7,367,5.0,3.9025020599365234
294,751,4.0,3.703295946121216
577,5,4.0,3.480647325515747
280,90,4.0,3.251349925994873
621,94,2.0,3.362987518310547
406,715,4.0,3.1299750804901123
778,738,1.0,2.262695550918579
305,70,4.0,3.2755842208862305
449,273,4.0,3.721287727355957
790,144,4.0,3.574738025665283
130,477,4.0,3.8926916122436523
358,558,4.0,3.5063741207122803
450,277,3.0,3.885960102081299
363,444,4.0,2.5009260177612305
250,151,4.0,3.92533016204834
139,460,3.0,3.22218656539917
194,165,4.0,3.4647042751312256
524,466,4.0,3.416465997695923
372,218,5.0,4.422492980957031
271,507,2.0,3.7955777645111084
279,922,3.0,4.020630836486816
551,825,5.0,3.2409439086914062
311,56,5.0,4.23597526550293
771,542,4.0,2.6204347610473633
328,23,3.0,4.003098487854004
727,191,4.0,3.9815104007720947
711,496,5.0,4.3668341636657715
666,181,2.0,3.907240867614746
871,313,5.0,4.220478057861328
561,559,1.0,2.750889301300049
321,61,5.0,3.6658010482788086
823,1,4.0,4.177212238311768
328,685,4.0,3.2627663612365723
397,345,4.0,3.580073118209839
488,28,4.0,3.3754138946533203
234,125,3.0,3.1003098487854004
709,172,5.0,4.384671211242676
95,190,4.0,4.226800441741943
655,125,2.0,3.0083632469177246
276,215,4.0,3.9457509517669678
933,172,2.0,3.42039155960083
263,879,2.0,3.556438684463501
116,888,2.0,3.071354627609253
629,416,4.0,3.7759578227996826
896,237,5.0,3.1877315044403076
825,406,2.0,2.871368885040283
872,323,2.0,3.1622188091278076
286,402,3.0,3.924588680267334
251,281,4.0,3.3211445808410645
94,1065,4.0,3.845449924468994
463,1383,2.0,1.6852562427520752
103,487,4.0,3.8888514041900635
592,24,4.0,3.7287654876708984
378,59,4.0,3.9544363021850586
864,404,4.0,4.044994354248047
29,182,4.0,4.046865463256836
254,386,2.0,2.459956407546997
12,4,5.0,3.9216537475585938
336,410,3.0,3.061995029449463
145,22,5.0,4.326718330383301
357,291,4.0,4.236052513122559
919,272,5.0,4.2355732917785645
130,58,2.0,4.377458095550537
330,549,5.0,4.45016622543335
711,941,3.0,3.2172200679779053
308,186,4.0,4.003416538238525
682,125,4.0,3.356325626373291
440,512,3.0,4.91628885269165
246,559,3.0,2.8636558055877686
374,483,3.0,4.479440689086914
76,769,1.0,2.581181764602661
437,213,4.0,3.9984960556030273
823,210,4.0,4.2306413650512695
332,38,2.0,3.607914924621582
707,499,4.0,3.887885332107544
749,167,2.0,3.1337735652923584
157,515,5.0,4.823696613311768
487,181,4.0,4.263567924499512
744,28,3.0,3.651545524597168
740,294,4.0,2.9576351642608643
110,578,3.0,3.02292537689209
129,300,3.0,2.8856678009033203
409,429,5.0,3.8861069679260254
476,66,3.0,3.489060640335083
799,292,4.0,3.765904188156128
222,1042,4.0,2.879342794418335
338,488,5.0,4.167037487030029
198,101,5.0,3.0100440979003906
676,688,1.0,1.982184886932373
294,1245,3.0,3.472925901412964
506,684,5.0,3.809225082397461
620,416,4.0,3.8650596141815186
234,686,3.0,3.1698436737060547
57,1071,3.0,3.090865135192871
508,1135,3.0,3.012362480163574
44,194,5.0,4.114350318908691
361,659,5.0,3.905330181121826
7,662,3.0,3.841379404067993
405,463,1.0,2.2428767681121826
181,460,1.0,1.465264081954956
922,391,3.0,2.694242477416992
90,644,5.0,4.261167049407959
892,118,4.0,3.5600247383117676
178,194,4.0,4.35235595703125
223,977,2.0,2.4979162216186523
292,197,5.0,4.60193395614624
881,94,2.0,2.961967945098877
554,9,4.0,3.819356918334961
606,201,4.0,3.804055690765381
151,195,3.0,4.341101169586182
642,1023,3.0,2.8414835929870605
426,430,3.0,4.002938747406006
919,297,4.0,3.928205966949463
693,423,3.0,3.200892448425293
230,511,2.0,4.497856140136719
655,192,3.0,3.433844566345215
95,28,4.0,3.83064341545105
702,683,1.0,1.9309687614440918
146,347,3.0,3.7259318828582764
56,280,4.0,3.4246461391448975
405,510,1.0,2.296138048171997
206,260,3.0,1.9545269012451172
158,210,4.0,4.143063068389893
21,567,2.0,2.549957513809204
79,740,4.0,3.6938793659210205
177,135,5.0,3.880854368209839
189,9,3.0,4.058906555175781
892,82,3.0,4.245168685913086
405,80,1.0,1.697838544845581
378,1037,2.0,1.7448055744171143
526,181,4.0,3.651806354522705
308,448,3.0,3.47566556930542
637,475,1.0,2.9798552989959717
193,301,4.0,3.139784336090088
886,783,1.0,2.6638660430908203
405,1072,1.0,1.4390373229980469
880,144,5.0,4.0692877769470215
710,192,5.0,4.040703296661377
671,4,5.0,3.5914347171783447
533,676,5.0,3.082477569580078
870,13,4.0,3.2135884761810303
795,3,2.0,2.756732940673828
416,451,5.0,3.6889536380767822
262,660,4.0,3.418975830078125
405,673,5.0,2.1099445819854736
709,92,4.0,3.6630845069885254
664,22,2.0,4.276369571685791
391,69,4.0,3.7723402976989746
170,687,3.0,2.3305094242095947
286,3,2.0,3.3881895542144775
746,8,4.0,4.007765293121338
230,447,1.0,3.6417198181152344
532,692,5.0,4.396599292755127
526,475,5.0,3.6510376930236816
618,150,2.0,3.5537383556365967
717,291,4.0,3.6023919582366943
268,288,4.0,3.0309717655181885
174,902,3.0,4.383697509765625
458,509,4.0,3.8796496391296387
871,515,4.0,4.21121072769165
215,28,4.0,3.86983323097229
655,512,3.0,3.389869451522827
37,7,4.0,4.022447109222412
934,483,3.0,4.547290802001953
262,15,3.0,3.4129786491394043
848,476,3.0,3.371715545654297
751,1,3.0,3.7213845252990723
271,218,3.0,3.390789031982422
280,86,4.0,4.078338146209717
715,158,2.0,2.4693806171417236
203,477,4.0,3.3608179092407227
809,331,2.0,3.543062210083008
893,1245,2.0,3.3344101905822754
43,123,1.0,3.2656147480010986
82,475,1.0,3.5976717472076416
632,508,2.0,3.7249526977539062
63,106,2.0,2.5711700916290283
308,254,2.0,2.546116590499878
369,346,4.0,3.9836642742156982
318,12,4.0,4.566123008728027
745,169,4.0,3.423145294189453
456,69,4.0,3.627614974975586
472,51,5.0,4.378694534301758
82,919,3.0,3.343419075012207
862,196,5.0,4.610278606414795
929,188,4.0,3.4644291400909424
890,186,2.0,4.040945529937744
491,493,4.0,4.137433052062988
886,64,5.0,4.299598693847656
790,283,2.0,3.463330030441284
653,973,2.0,0.7433927059173584
494,143,5.0,3.7697653770446777
141,323,4.0,3.1199657917022705
864,755,4.0,3.6149697303771973
13,799,4.0,2.054089307785034
751,90,3.0,3.0087411403656006
880,467,4.0,4.052587509155273
553,1,3.0,4.02018404006958
635,688,2.0,1.855764627456665
299,289,3.0,2.930011749267578
889,513,4.0,4.162155628204346
303,93,5.0,3.8219172954559326
881,97,3.0,3.5190043449401855
85,157,3.0,3.4816150665283203
297,984,1.0,2.6457302570343018
121,736,5.0,3.8008973598480225
256,829,4.0,3.341134786605835
661,665,3.0,2.9676449298858643
608,126,1.0,3.7411060333251953
519,1280,5.0,3.5861339569091797
879,292,4.0,3.680328607559204
496,554,2.0,2.3851139545440674
81,756,1.0,2.678995132446289
308,591,3.0,3.699087381362915
236,117,3.0,3.427396059036255
393,15,3.0,3.7443909645080566
308,802,3.0,2.8219034671783447
59,56,5.0,4.373414039611816
606,729,4.0,3.7802679538726807
836,1065,4.0,3.7042691707611084
246,173,5.0,3.6984729766845703
48,433,3.0,3.7124850749969482
407,153,4.0,3.6324596405029297
13,82,2.0,3.5559186935424805
634,1011,4.0,3.250699043273926
361,216,5.0,3.811004400253296
101,820,3.0,2.5663235187530518
112,346,5.0,3.8591175079345703
705,526,3.0,4.07393741607666
535,632,4.0,3.956085443496704
189,99,5.0,3.8874893188476562
394,383,2.0,2.3511383533477783
201,31,1.0,3.2067182064056396
373,423,2.0,3.9876434803009033
337,228,5.0,4.06680154800415
918,499,4.0,3.5555663108825684
164,678,4.0,3.390317440032959
763,28,3.0,3.9438226222991943
666,1474,3.0,2.3741393089294434
763,418,4.0,3.676024913787842
59,616,5.0,3.8729965686798096
94,81,4.0,3.798813819885254
727,199,4.0,4.073366165161133
109,250,2.0,3.4423742294311523
500,281,3.0,3.030855178833008
450,878,2.0,2.725325584411621
504,181,3.0,4.176902770996094
868,233,2.0,2.8095040321350098
188,678,3.0,2.8211798667907715
660,97,3.0,2.831320285797119
871,937,3.0,3.5551531314849854
361,655,3.0,3.7280819416046143
733,14,5.0,3.485401153564453
488,478,3.0,3.6165692806243896
266,874,2.0,3.0974183082580566
815,228,5.0,3.889429807662964
13,194,5.0,3.861738681793213
323,772,3.0,3.0884451866149902
78,411,4.0,2.4939751625061035
440,751,3.0,4.080727577209473
200,195,5.0,4.6951165199279785
29,678,3.0,2.85280179977417
201,651,4.0,3.570329427719116
429,23,4.0,3.93196964263916
932,863,4.0,4.171433448791504
301,269,5.0,3.978654623031616
815,135,2.0,4.10939884185791
234,604,5.0,3.4550650119781494
159,881,1.0,3.168060779571533
896,685,3.0,2.926480293273926
185,514,5.0,4.070938587188721
506,494,5.0,4.2056708335876465
601,204,2.0,3.3027820587158203
921,728,3.0,2.7854220867156982
3,300,2.0,3.058595657348633
864,226,3.0,3.6195991039276123
326,170,2.0,3.6686196327209473
322,656,5.0,4.426327228546143
32,245,2.0,2.898967742919922
378,96,4.0,3.9664623737335205
630,323,4.0,2.9005143642425537
907,1051,5.0,4.240546226501465
405,480,4.0,2.5192177295684814
90,31,4.0,4.041275978088379
43,751,2.0,3.563251256942749
671,159,5.0,3.2593235969543457
533,651,4.0,3.807126522064209
569,321,4.0,3.136699676513672
27,515,4.0,3.881239652633667
110,550,3.0,3.141981840133667
830,241,4.0,3.6404497623443604
578,346,3.0,2.945253372192383
504,1084,4.0,4.051362991333008
456,608,4.0,3.6770617961883545
7,619,3.0,3.720730781555176
405,439,1.0,0.8258923292160034
151,10,5.0,4.3129048347473145
223,423,3.0,3.6144819259643555
889,81,4.0,3.358644485473633
727,405,3.0,3.122826337814331
711,168,4.0,4.320987224578857
223,295,3.0,3.28676438331604
594,515,5.0,3.74344539642334
807,298,4.0,4.126532077789307
689,300,5.0,3.849015951156616
21,103,1.0,2.0269861221313477
543,660,3.0,3.62028169631958
790,1132,2.0,2.619018793106079
294,286,5.0,3.955669403076172
503,321,2.0,3.3677005767822266
215,300,3.0,3.700289011001587
407,405,3.0,3.151278257369995
399,175,3.0,3.406620502471924
551,79,5.0,4.4171366691589355
881,1046,3.0,2.940185308456421
531,908,1.0,2.701949119567871
802,183,5.0,4.053834915161133
560,235,2.0,2.7801876068115234
693,298,3.0,3.1345787048339844
275,627,3.0,2.74717378616333
790,771,4.0,2.4263265132904053
669,172,3.0,3.7471938133239746
929,318,4.0,4.239656448364258
870,272,4.0,4.027839183807373
201,402,2.0,3.117722988128662
391,134,4.0,4.175029277801514
478,182,5.0,3.6896700859069824
650,432,4.0,3.2335736751556396
54,240,4.0,3.0599308013916016
221,566,3.0,3.6250813007354736
900,618,4.0,2.4997613430023193
887,1079,1.0,2.601646900177002
86,327,4.0,3.551919937133789
49,347,3.0,2.8520758152008057
378,213,5.0,3.980130195617676
629,732,5.0,3.9912877082824707
886,128,4.0,3.3985259532928467
561,239,3.0,3.00115966796875
335,355,3.0,2.713956356048584
660,347,3.0,2.72763991355896
446,880,2.0,2.563145399093628
840,1451,5.0,3.7933743000030518
867,68,4.0,3.815718650817871
83,56,1.0,4.356241226196289
575,322,3.0,2.4859066009521484
270,93,5.0,4.596862316131592
328,117,4.0,3.6167449951171875
113,424,1.0,1.5323246717453003
675,750,4.0,3.8268871307373047
283,56,5.0,4.7186970710754395
790,451,3.0,3.0485451221466064
749,50,5.0,4.493661403656006
158,221,2.0,4.102853775024414
141,597,4.0,3.2507667541503906
221,150,5.0,4.0194783210754395
151,83,5.0,4.473827838897705
665,125,4.0,3.455475330352783
74,285,3.0,4.326220512390137
619,403,5.0,3.3847496509552
95,89,3.0,4.124763011932373
356,258,5.0,3.7717978954315186
392,316,5.0,4.606276512145996
850,705,5.0,4.5164713859558105
660,89,3.0,3.1798183917999268
934,414,5.0,3.679429769515991
864,186,4.0,4.341716766357422
320,82,3.0,4.347508430480957
5,435,4.0,3.6000161170959473
303,97,5.0,3.8646225929260254
308,216,3.0,3.9904539585113525
188,151,3.0,3.6682357788085938
94,824,4.0,2.90041446685791
435,200,5.0,3.648113250732422
796,559,3.0,3.288130283355713
383,14,5.0,4.3732075691223145
527,513,4.0,4.367950916290283
847,173,5.0,3.5188279151916504
621,746,4.0,4.095059871673584
758,968,5.0,3.8418617248535156
286,1118,1.0,3.651477336883545
13,857,3.0,0.8679839968681335
781,1500,5.0,1.9588305950164795
780,497,2.0,3.879054546356201
435,572,2.0,2.809138298034668
83,739,5.0,3.438638210296631
926,321,3.0,2.9304161071777344
579,676,3.0,3.048158645629883
694,133,5.0,4.069872856140137
642,1146,1.0,2.613960027694702
478,866,1.0,3.0309395790100098
296,187,5.0,4.737850666046143
933,234,3.0,3.044532537460327
715,81,4.0,3.482867479324341
922,181,5.0,3.901080846786499
658,518,4.0,3.738295316696167
504,973,4.0,0.9770570993423462
90,1206,2.0,3.111882448196411
181,147,1.0,1.6254708766937256
98,435,5.0,3.690847158432007
755,269,5.0,3.679633855819702
751,50,5.0,4.232349395751953
842,344,1.0,3.9750871658325195
608,4,3.0,3.417576313018799
436,95,4.0,4.242895603179932
495,186,5.0,4.518711090087891
716,507,5.0,3.999690055847168
864,693,4.0,4.013186454772949
264,345,4.0,3.964738130569458
188,300,4.0,3.7412991523742676
660,474,2.0,3.2504467964172363
276,794,2.0,3.7671923637390137
207,423,4.0,3.500668525695801
648,216,4.0,3.7212488651275635
158,79,4.0,4.271614074707031
85,520,3.0,4.024391174316406
145,316,5.0,4.313534259796143
654,117,4.0,3.726409435272217
854,100,5.0,3.6946539878845215
2,304,4.0,3.72151780128479
466,510,2.0,3.7296552658081055
770,255,4.0,4.190698146820068
291,85,2.0,3.5205390453338623
525,123,3.0,3.043654441833496
669,187,5.0,3.7206082344055176
470,919,3.0,3.611297130584717
151,516,5.0,4.416908264160156
234,316,4.0,3.6221272945404053
399,735,3.0,3.217426300048828
286,655,3.0,4.260921955108643
590,298,2.0,3.69828462600708
537,185,4.0,3.243727684020996
889,24,4.0,3.2174909114837646
186,770,2.0,3.4631927013397217
773,769,1.0,2.4272208213806152
868,232,1.0,2.8949670791625977
343,118,2.0,3.4766108989715576
373,506,4.0,4.092555046081543
810,294,5.0,3.9784328937530518
932,180,4.0,4.392258644104004
698,482,2.0,3.044492483139038
891,409,4.0,3.6923351287841797
334,425,4.0,3.726951837539673
263,210,3.0,4.175225257873535
646,310,3.0,3.2173924446105957
770,258,5.0,4.803202152252197
85,161,4.0,3.3225975036621094
684,553,4.0,3.174701690673828
622,434,4.0,3.9275050163269043
320,97,5.0,4.2262444496154785
493,171,5.0,4.0545735359191895
200,1060,3.0,3.6174206733703613
246,235,3.0,2.5786945819854736
772,302,5.0,4.8691325187683105
564,289,4.0,2.9236178398132324
189,517,4.0,4.125931262969971
332,409,3.0,3.870810031890869
551,527,5.0,4.500718116760254
552,280,3.0,3.099057912826538
626,272,5.0,2.811833381652832
497,42,4.0,3.618551731109619
897,484,3.0,4.549657821655273
786,195,4.0,4.081572532653809
610,699,2.0,3.6599574089050293
450,837,4.0,4.27686071395874
44,174,5.0,4.233277797698975
627,732,3.0,3.380730152130127
501,696,4.0,3.495162010192871
552,117,3.0,3.5472724437713623
498,83,3.0,3.5582022666931152
862,151,5.0,4.310520172119141
575,50,2.0,3.485079288482666
757,11,4.0,3.641706943511963
184,57,5.0,4.072786331176758
817,24,4.0,3.330705165863037
298,546,3.0,3.2343428134918213
661,280,3.0,3.3382091522216797
244,458,3.0,3.3838279247283936
506,215,5.0,3.8680388927459717
64,419,2.0,3.609006404876709
868,209,4.0,3.406480312347412
276,1407,1.0,2.488759756088257
711,283,4.0,3.922271490097046
750,688,1.0,1.949512004852295
606,176,5.0,4.3358378410339355
627,423,3.0,3.590277671813965
292,124,4.0,4.633956432342529
95,728,3.0,2.9493167400360107
394,222,4.0,4.1249308586120605
232,64,4.0,4.395819664001465
922,222,4.0,3.5273184776306152
814,559,3.0,2.8398382663726807
244,744,3.0,3.738344430923462
301,229,3.0,3.0044116973876953
222,9,5.0,3.5469014644622803
318,167,4.0,3.2014875411987305
868,506,4.0,3.403113603591919
734,282,4.0,3.3612778186798096
157,258,3.0,4.205053329467773
119,562,4.0,3.632305145263672
335,260,3.0,2.450723171234131
167,1126,5.0,3.447857141494751
98,629,5.0,3.0857994556427
815,9,4.0,3.9432144165039062
509,258,4.0,2.920788288116455
221,53,4.0,3.0153863430023193
321,709,4.0,3.9024507999420166
394,780,2.0,3.4566447734832764
650,100,4.0,3.6139283180236816
497,174,4.0,4.055420398712158
535,9,5.0,3.860447883605957
474,92,4.0,3.8329055309295654
293,436,3.0,3.231309413909912
458,126,4.0,3.8454155921936035
843,590,3.0,1.6173744201660156
230,378,5.0,3.951115608215332
8,385,1.0,3.999739646911621
347,928,3.0,3.1562817096710205
429,441,3.0,2.580167770385742
495,631,2.0,4.2664079666137695
880,44,4.0,3.5679337978363037
399,383,2.0,1.944270133972168
212,179,1.0,3.8399083614349365
500,83,4.0,3.8312675952911377
311,465,4.0,3.69028902053833
524,649,4.0,3.2546749114990234
393,569,4.0,2.8695499897003174
222,294,3.0,2.978464126586914
161,315,5.0,2.823427438735962
904,274,5.0,3.591095447540283
269,654,4.0,3.5576109886169434
459,275,4.0,3.9656143188476562
590,126,5.0,3.814603805541992
213,234,4.0,4.205806255340576
58,222,4.0,3.6912646293640137
417,121,3.0,3.3384134769439697
655,367,3.0,2.957115888595581
548,316,4.0,4.400583744049072
325,137,5.0,3.607590675354004
405,1359,1.0,1.0459517240524292
22,118,4.0,3.3516764640808105
254,768,3.0,2.685866117477417
650,809,3.0,2.7096307277679443
716,740,4.0,3.591120481491089
238,181,3.0,3.994310140609741
894,300,4.0,3.7714555263519287
672,15,3.0,3.3207619190216064
301,1012,4.0,3.4852230548858643
478,64,5.0,4.147220134735107
56,523,4.0,4.285386562347412
665,238,4.0,3.7507734298706055
693,192,2.0,3.5028457641601562
429,183,4.0,3.7964935302734375
500,1385,4.0,2.37573504447937
417,674,2.0,2.9638636112213135
943,139,1.0,2.9193389415740967
339,183,4.0,4.313232421875
526,270,3.0,3.3453402519226074
610,751,4.0,3.4114437103271484
454,1190,3.0,2.4457602500915527
137,250,5.0,4.132420539855957
145,636,4.0,3.3914966583251953
334,300,3.0,3.544557571411133
271,504,3.0,3.860351800918579
10,357,5.0,4.6223835945129395
2,313,5.0,4.488192558288574
416,727,5.0,3.755800724029541
697,118,3.0,3.644507884979248
216,790,3.0,2.9736509323120117
250,676,5.0,3.5589075088500977
535,953,5.0,3.3932533264160156
776,675,3.0,3.5953378677368164
862,238,4.0,4.64380407333374
803,339,3.0,3.121953248977661
90,185,5.0,4.554297924041748
782,344,3.0,3.4433813095092773
754,293,4.0,3.621445417404175
682,1303,2.0,2.0016045570373535
407,186,4.0,3.7734627723693848
567,223,4.0,4.275778770446777
795,4,4.0,3.1685631275177
401,663,1.0,3.254279613494873
870,569,2.0,2.6334645748138428
868,427,4.0,3.7819066047668457
118,421,4.0,4.527173042297363
189,137,4.0,4.194637775421143
639,662,2.0,2.7558529376983643
844,97,3.0,3.4744150638580322
232,270,3.0,3.630587100982666
51,479,3.0,3.873258590698242
342,289,2.0,2.9993844032287598
643,423,4.0,3.9321038722991943
299,1258,2.0,2.4175379276275635
655,24,3.0,2.8981993198394775
655,19,2.0,3.2979488372802734
886,467,4.0,3.689462184906006
227,127,4.0,4.175881385803223
541,142,5.0,3.1977555751800537
42,468,4.0,3.461184501647949
661,215,3.0,3.8785910606384277
22,89,5.0,4.383084774017334
391,300,2.0,3.632432699203491
410,538,3.0,3.161055326461792
350,127,5.0,4.560556888580322
559,238,1.0,3.683917284011841
279,147,4.0,3.530320644378662
788,712,3.0,3.1178436279296875
94,288,3.0,3.614757776260376
920,307,3.0,3.105353593826294
562,435,4.0,3.8039143085479736
615,523,5.0,4.209558010101318
326,48,3.0,3.557889223098755
44,183,4.0,3.9329113960266113
416,66,5.0,3.9319493770599365
122,70,5.0,3.8167099952697754
707,449,2.0,2.954798698425293
717,111,4.0,3.847135066986084
523,72,4.0,3.7780706882476807
548,283,3.0,3.8691892623901367
216,1161,4.0,3.080838680267334
11,745,5.0,3.6431500911712646
897,161,5.0,3.7638955116271973
846,215,5.0,3.985154390335083
454,55,2.0,2.9534342288970947
249,68,5.0,3.811818838119507
436,715,4.0,3.61683988571167
909,326,4.0,3.828723430633545
456,42,4.0,3.590715169906616
425,529,4.0,3.388476610183716
363,435,3.0,3.544968843460083
508,82,3.0,3.8592710494995117
764,696,3.0,3.390068531036377
567,83,4.0,4.091836452484131
279,105,4.0,2.5855066776275635
182,111,4.0,3.448538303375244
311,523,5.0,4.195277214050293
128,380,4.0,3.4010229110717773
643,794,3.0,3.6756720542907715
645,258,3.0,3.8713016510009766
503,582,5.0,3.8458423614501953
307,215,4.0,3.874865770339966
506,218,3.0,3.5901553630828857
768,151,2.0,3.3237085342407227
12,684,5.0,4.1062116622924805
864,800,1.0,3.3368642330169678
621,1016,4.0,3.7463083267211914
838,50,5.0,4.600499153137207
796,274,5.0,3.4957032203674316
329,198,4.0,3.6797077655792236
343,528,3.0,4.56223201751709
279,1266,1.0,3.430837631225586
741,131,4.0,3.9017865657806396
280,40,5.0,3.173830986022949
757,97,4.0,3.5449178218841553
848,153,5.0,4.21420431137085
373,510,3.0,4.136771202087402
704,180,4.0,4.041069507598877
664,96,3.0,4.048997402191162
243,137,3.0,3.975986957550049
60,606,4.0,4.422607421875
528,210,5.0,3.886363983154297
840,172,3.0,4.528262138366699
666,98,4.0,4.190593719482422
38,161,5.0,4.053749084472656
94,125,1.0,3.806489944458008
639,673,4.0,2.8692970275878906
825,1087,3.0,1.9568216800689697
828,322,3.0,2.6603164672851562
885,756,2.0,2.5724036693573
653,732,2.0,2.7380032539367676
437,287,2.0,3.624052047729492
295,98,5.0,5.0998663902282715
474,528,5.0,4.529773712158203
211,526,4.0,3.2879397869110107
717,866,1.0,3.520674467086792
940,153,2.0,3.454890251159668
568,631,5.0,3.1147658824920654
507,298,5.0,5.094782829284668
34,310,4.0,4.176402568817139
334,69,1.0,3.675074815750122
707,582,5.0,3.4847800731658936
463,985,1.0,2.6572701930999756
59,699,4.0,3.954833507537842
752,690,4.0,3.2251293659210205
902,300,4.0,3.3422911167144775
694,138,3.0,2.5459580421447754
552,628,3.0,3.3478989601135254
92,134,4.0,4.156212329864502
406,665,3.0,2.74536395072937
676,315,4.0,4.265198707580566
195,384,2.0,2.7918877601623535
736,533,3.0,2.9545698165893555
654,742,4.0,3.6055071353912354
551,281,5.0,3.512125015258789
350,340,4.0,3.842832565307617
125,513,4.0,4.508561611175537
930,1010,2.0,2.7919838428497314
387,268,3.0,3.5332226753234863
244,676,4.0,3.4974310398101807
610,7,2.0,3.7785656452178955
503,121,3.0,3.619060754776001
458,514,5.0,3.910876512527466
7,626,5.0,1.5181033611297607
943,234,3.0,3.8389334678649902
18,189,5.0,4.229705333709717
164,281,4.0,3.9078245162963867
269,167,1.0,2.6217284202575684
466,172,4.0,3.973752737045288
716,1020,5.0,3.9696309566497803
870,378,3.0,3.530384063720703
805,603,4.0,4.239105701446533
697,50,5.0,4.9738688468933105
267,64,5.0,5.044654846191406
422,379,2.0,3.0623972415924072
635,307,4.0,3.24823260307312
151,492,3.0,4.144619464874268
674,313,5.0,4.458458423614502
711,425,4.0,4.117647171020508
684,716,2.0,3.173074960708618
268,525,4.0,3.6996188163757324
59,181,5.0,4.302520751953125
57,588,4.0,3.9781689643859863
264,671,4.0,4.328907012939453
201,26,4.0,3.0497350692749023
588,451,5.0,3.4567458629608154
863,328,5.0,3.4224958419799805
838,318,5.0,4.751183032989502
468,12,4.0,4.621584892272949
831,307,2.0,3.46431565284729
24,100,5.0,4.682731628417969
913,11,4.0,3.467931032180786
586,39,4.0,3.139328718185425
870,333,3.0,3.387458562850952
398,208,5.0,3.9541406631469727
207,127,5.0,3.893980026245117
26,831,2.0,2.146083116531372
621,87,5.0,4.389830589294434
770,919,5.0,4.749923229217529
235,96,4.0,4.076117992401123
666,264,3.0,2.6953232288360596
924,605,3.0,3.193040132522583
90,505,5.0,4.379573345184326
634,273,3.0,3.5697755813598633
561,942,3.0,2.964966058731079
487,231,1.0,2.8845157623291016
334,577,2.0,2.153740644454956
624,295,3.0,3.6371266841888428
523,306,5.0,4.789460182189941
491,124,5.0,4.054683208465576
493,475,3.0,4.123671054840088
387,446,2.0,2.3612191677093506
343,510,5.0,4.32853364944458
650,692,3.0,3.143505573272705
318,722,4.0,2.9228603839874268
195,887,4.0,3.6562600135803223
327,778,3.0,3.1982688903808594
650,480,5.0,3.783663272857666
452,492,4.0,3.478241443634033
870,653,4.0,3.7369391918182373
315,732,3.0,3.821343421936035
429,475,4.0,3.849520206451416
668,993,4.0,3.4827616214752197
270,283,5.0,4.662116050720215
445,823,1.0,1.77547287940979
87,871,4.0,2.836390256881714
487,300,5.0,3.905898094177246
393,280,4.0,3.268660306930542
535,83,4.0,4.117844104766846
293,257,2.0,3.2901227474212646
344,176,5.0,4.001736164093018
234,318,4.0,3.853426456451416
181,975,2.0,1.4974472522735596
42,496,5.0,4.369204044342041
553,615,5.0,4.22689962387085
178,294,2.0,3.3502981662750244
884,213,4.0,3.8551225662231445
938,928,5.0,3.161573648452759
787,352,2.0,2.2305245399475098
378,44,3.0,3.329406261444092
481,204,4.0,3.9969685077667236
398,197,5.0,4.09840726852417
537,1197,3.0,2.9219279289245605
359,546,3.0,3.3034842014312744
848,72,5.0,3.5170669555664062
913,741,4.0,3.2392873764038086
747,653,5.0,4.4489336013793945
663,151,3.0,3.642376661300659
798,87,3.0,3.9364731311798096
628,938,5.0,3.2653489112854004
269,616,4.0,3.0842926502227783
936,106,3.0,3.156287670135498
627,144,2.0,3.5954792499542236
901,756,4.0,3.0871894359588623
295,290,4.0,3.6533122062683105
207,845,3.0,3.166642427444458
290,385,4.0,3.4045159816741943
436,642,4.0,3.8721039295196533
459,181,4.0,4.0122294425964355
399,24,4.0,2.961947202682495
645,512,5.0,4.214602947235107
346,273,4.0,3.392961025238037
489,302,5.0,4.975705623626709
194,62,2.0,2.6012980937957764
653,125,2.0,2.723797559738159
716,154,5.0,3.896796703338623
499,7,4.0,3.742692470550537
409,115,2.0,3.661318778991699
862,250,5.0,4.074016571044922
181,278,2.0,1.5219861268997192
135,183,4.0,3.7909789085388184
653,1014,2.0,2.423065662384033
908,318,5.0,3.9571361541748047
151,770,4.0,3.6689047813415527
74,300,3.0,3.681021213531494
664,160,3.0,3.4161009788513184
704,269,4.0,3.9873392581939697
497,679,3.0,2.9158551692962646
115,172,4.0,4.469831466674805
504,834,2.0,2.283836841583252
15,742,2.0,3.0386462211608887
411,73,4.0,3.403102159500122
911,465,5.0,3.578464984893799
268,566,3.0,3.132833957672119
130,433,3.0,4.477022647857666
504,295,4.0,3.614884614944458
868,621,2.0,2.60951828956604
390,740,4.0,3.744488477706909
468,772,4.0,3.1696877479553223
296,285,5.0,4.893149375915527
804,651,4.0,4.261186122894287
537,133,4.0,3.0281403064727783
774,228,4.0,2.3003995418548584
130,419,5.0,4.442509174346924
650,530,4.0,3.5878701210021973
238,258,3.0,3.7737064361572266
733,245,3.0,2.7645866870880127
331,302,5.0,3.9993503093719482
639,28,4.0,3.0753774642944336
767,648,4.0,4.701565742492676
864,805,4.0,4.1482110023498535
141,1013,1.0,2.321976661682129
194,182,3.0,3.2686948776245117
393,77,3.0,3.385011672973633
660,17,1.0,2.507822275161743
771,181,4.0,3.8955912590026855
311,180,4.0,4.250320911407471
287,815,3.0,3.5382766723632812
887,289,5.0,3.5681817531585693
303,284,4.0,3.2898833751678467
840,607,4.0,4.24597692489624
798,265,5.0,3.807704210281372
8,96,3.0,4.420099258422852
6,301,2.0,3.112971305847168
138,133,4.0,4.10221004486084
875,22,3.0,4.482706069946289
466,882,5.0,3.452897787094116
250,174,3.0,4.636957168579102
72,480,5.0,4.3507561683654785
399,475,5.0,3.4470510482788086
719,69,5.0,3.399578094482422
59,473,3.0,3.307905435562134
59,647,5.0,4.582072734832764
721,680,3.0,2.7322568893432617
763,61,5.0,4.0134172439575195
766,1050,3.0,3.285309076309204
85,195,3.0,3.784513473510742
49,147,1.0,2.8179569244384766
28,227,4.0,3.4502017498016357
336,692,3.0,3.4777750968933105
774,186,3.0,2.3877639770507812
450,305,4.0,4.172516345977783
844,168,4.0,3.8397111892700195
293,168,4.0,3.6072945594787598
243,1115,3.0,3.5373997688293457
488,176,4.0,3.4661736488342285
222,627,3.0,2.982940196990967
174,147,4.0,3.9633541107177734
807,399,4.0,3.5638208389282227
11,526,3.0,3.813307285308838
943,625,3.0,3.388824224472046
655,1007,3.0,3.353900909423828
159,595,5.0,3.158040761947632
933,710,2.0,2.919598340988159
385,745,4.0,3.3165502548217773
453,90,3.0,2.962054491043091
561,284,1.0,2.7030277252197266
693,77,2.0,2.8188741207122803
605,14,5.0,4.038490295410156
268,450,1.0,2.1994147300720215
429,591,3.0,3.484614849090576
593,157,3.0,3.7785563468933105
59,705,4.0,4.279399871826172
327,302,3.0,3.7756149768829346
932,482,5.0,4.385809898376465
239,114,3.0,4.740748882293701
483,9,2.0,3.2849252223968506
497,268,4.0,3.5893454551696777
818,751,5.0,3.1175968647003174
738,136,4.0,4.061337471008301
66,281,4.0,3.197002410888672
768,257,4.0,3.418123960494995
117,268,5.0,4.295436859130859
290,546,2.0,2.867826223373413
374,24,3.0,3.393662691116333
85,629,3.0,3.175018548965454
804,288,1.0,3.5697014331817627
102,202,4.0,2.832300901412964
405,1556,1.0,1.3084406852722168
438,284,2.0,3.647369623184204
343,134,5.0,4.624720573425293
416,1428,3.0,3.8965203762054443
409,210,4.0,3.821112632751465
450,423,5.0,4.204339504241943
470,319,3.0,3.246832847595215
10,371,4.0,3.4823641777038574
604,637,4.0,2.7650628089904785
707,478,4.0,3.9570672512054443
543,183,4.0,3.831244468688965
280,1048,4.0,3.0842792987823486
334,1051,4.0,3.1350860595703125
328,570,3.0,3.0402204990386963
94,100,5.0,4.410456657409668
200,202,5.0,4.396005153656006
44,1058,4.0,3.1079459190368652
119,492,5.0,4.286885738372803
271,13,4.0,3.345625877380371
452,234,3.0,3.468458890914917
869,412,5.0,1.914154291152954
318,610,5.0,3.9302892684936523
109,159,4.0,3.21073055267334
34,299,5.0,3.324125289916992
473,9,5.0,4.060610771179199
711,58,4.0,3.8495829105377197
747,625,3.0,3.689364433288574
721,755,4.0,3.401594877243042
790,91,3.0,3.422056198120117
393,802,3.0,2.8117313385009766
304,879,3.0,3.1773853302001953
393,356,3.0,3.316521167755127
805,588,2.0,3.708254098892212
392,1226,4.0,3.7400050163269043
655,293,4.0,3.157881498336792
852,100,4.0,4.532632350921631
184,399,3.0,3.239861488342285
184,182,4.0,3.9607162475585938
935,118,4.0,3.515230655670166
637,744,4.0,2.6166038513183594
586,756,1.0,2.6931722164154053
896,511,5.0,3.7710928916931152
885,949,4.0,3.1183676719665527
275,419,3.0,3.1488327980041504
650,969,3.0,3.3300085067749023
154,496,3.0,4.264237403869629
69,235,3.0,3.03663969039917
1,112,1.0,2.582447052001953
194,762,3.0,2.820385456085205
789,1007,4.0,3.991671323776245
635,358,1.0,2.4850680828094482
884,285,4.0,4.150904655456543
774,54,1.0,1.9562883377075195
177,322,2.0,2.987755298614502
469,641,4.0,4.81192684173584
474,173,5.0,4.502219200134277
10,712,4.0,3.520686149597168
276,388,2.0,2.5626447200775146
757,260,3.0,2.5307929515838623
48,202,4.0,3.6955552101135254
587,304,4.0,3.2482779026031494
630,243,2.0,2.3759799003601074
831,56,5.0,3.9941399097442627
507,250,5.0,4.648503303527832
479,325,1.0,2.622347354888916
459,220,3.0,3.3313441276550293
886,144,4.0,3.7032923698425293
216,56,5.0,4.239323139190674
451,1280,1.0,2.4628396034240723
472,400,5.0,2.9044933319091797
561,48,4.0,3.4158787727355957
604,567,5.0,2.543356418609619
479,500,4.0,3.5772786140441895
745,79,3.0,3.084916591644287
847,164,3.0,3.021562337875366
361,1074,3.0,2.829206943511963
299,347,4.0,3.3338139057159424
347,282,5.0,3.6241226196289062
14,276,4.0,3.882840394973755
648,178,4.0,4.106354236602783
122,469,5.0,4.038942337036133
422,200,5.0,3.7935147285461426
371,186,5.0,4.118900775909424
167,726,1.0,2.6716456413269043
97,100,2.0,4.478147983551025
288,237,4.0,3.6124303340911865
121,118,2.0,3.1134767532348633
221,24,5.0,3.508645534515381
608,56,5.0,3.9576256275177
627,183,5.0,3.715811252593994
542,70,4.0,3.5184011459350586
14,81,5.0,3.7866783142089844
313,121,4.0,3.4005119800567627
77,518,4.0,3.567566156387329
373,238,4.0,4.053215026855469
268,83,4.0,3.631174087524414
334,50,5.0,4.170913219451904
56,233,1.0,3.430798292160034
416,42,3.0,4.2852253913879395
167,831,3.0,2.4432151317596436
504,257,5.0,3.882401943206787
249,125,3.0,3.9378814697265625
207,185,4.0,3.7416281700134277
933,392,3.0,2.857438564300537
417,684,3.0,3.578312635421753
441,25,3.0,3.4589898586273193
645,208,5.0,4.039743423461914
65,237,4.0,3.714425563812256
806,133,5.0,3.7875521183013916
790,131,2.0,3.6701908111572266
286,107,1.0,4.038533687591553
805,212,3.0,3.2570419311523438
416,278,3.0,3.5414962768554688
640,1073,5.0,4.645544052124023
591,367,3.0,3.4729065895080566
591,238,5.0,3.875533103942871
73,1073,4.0,3.781433582305908
579,1047,3.0,2.63974928855896
265,294,4.0,3.2216498851776123
842,313,4.0,4.462671756744385
448,750,5.0,3.5819103717803955
308,98,3.0,4.371068954467773
56,447,4.0,3.7155423164367676
712,228,3.0,4.058631420135498
18,223,5.0,4.374671936035156
2,315,1.0,4.336944103240967
495,1135,5.0,3.420164108276367
434,15,3.0,4.17932653427124
563,692,5.0,3.9048891067504883
258,315,3.0,4.223723888397217
116,191,4.0,3.607489824295044
655,127,5.0,3.4982290267944336
537,515,4.0,3.4128611087799072
248,405,4.0,3.007533311843872
13,234,5.0,3.523014545440674
253,175,2.0,4.138373851776123
853,334,3.0,2.8844175338745117
13,202,5.0,3.474309206008911
152,313,4.0,5.516138553619385
320,147,4.0,4.009860038757324
817,124,4.0,4.041977882385254
892,1444,3.0,2.697659730911255
429,820,3.0,2.6810622215270996
330,91,4.0,4.5538105964660645
653,429,3.0,2.9969871044158936
58,240,4.0,2.8335952758789062
21,406,1.0,2.4056899547576904
882,33,2.0,3.865952491760254
909,286,4.0,4.1654863357543945
496,22,4.0,3.515756845474243
201,1229,3.0,1.8053030967712402
59,367,4.0,3.7465081214904785
214,151,5.0,3.647989273071289
269,3,3.0,2.624161720275879
342,135,3.0,3.8442349433898926
13,662,5.0,3.212555170059204
234,724,4.0,3.0391743183135986
474,509,5.0,4.207404136657715
577,684,4.0,3.9607512950897217
618,485,3.0,3.5032355785369873
80,58,4.0,3.614912509918213
42,729,3.0,3.65830135345459
889,193,4.0,3.7555506229400635
167,364,3.0,2.8092503547668457
178,222,4.0,3.8113837242126465
261,117,4.0,4.386237144470215
477,36,4.0,2.5425941944122314
379,398,1.0,2.362734794616699
796,623,3.0,2.994727611541748
318,132,4.0,4.232108116149902
467,1017,2.0,3.3863131999969482
21,447,5.0,3.2459635734558105
279,1288,4.0,2.57270884513855
650,449,3.0,2.707423686981201
840,179,5.0,4.211089611053467
315,185,4.0,4.3595709800720215
506,749,4.0,3.3910884857177734
671,1597,1.0,2.7398183345794678
244,220,2.0,3.539020538330078
249,161,3.0,3.8323075771331787
308,649,4.0,3.482192039489746
831,742,3.0,3.5011088848114014
870,1073,5.0,3.644287109375
176,475,5.0,4.150979042053223
313,417,2.0,3.153623342514038
417,1047,4.0,2.785315990447998
397,171,5.0,4.123097896575928
536,275,5.0,4.249077320098877
303,230,3.0,3.662903070449829
587,264,4.0,2.516465902328491
622,1039,5.0,4.092227458953857
293,429,4.0,3.4877147674560547
343,1067,3.0,4.018354892730713
671,226,3.0,3.3627357482910156
828,753,4.0,3.1893749237060547
350,50,5.0,4.660450458526611
393,826,3.0,2.6130990982055664
805,338,1.0,2.706047296524048
151,176,2.0,4.348482131958008
303,778,4.0,3.741135597229004
407,525,4.0,3.985543727874756
846,401,5.0,2.8734376430511475
423,329,3.0,3.33931827545166
56,237,5.0,3.860440254211426
128,131,5.0,3.981839418411255
190,333,4.0,3.5072858333587646
398,134,3.0,4.239269256591797
929,284,2.0,2.9892239570617676
373,181,5.0,4.1795454025268555
487,559,3.0,3.404597759246826
807,597,4.0,3.477823495864868
823,418,4.0,3.906085968017578
90,69,1.0,4.252633571624756
286,781,4.0,3.714003801345825
346,302,3.0,4.052760601043701
307,431,4.0,3.712679386138916
345,1281,4.0,3.104766845703125
248,475,5.0,3.6619391441345215
503,303,5.0,3.9751546382904053
933,210,3.0,3.140313148498535
883,8,4.0,4.186611652374268
94,673,3.0,3.828714370727539
883,770,4.0,3.521547317504883
380,956,4.0,3.081059217453003
798,1446,4.0,2.9924917221069336
110,791,2.0,2.431121826171875
833,234,3.0,3.283137559890747
934,313,3.0,4.373048305511475
1,222,4.0,3.7979164123535156
99,300,4.0,3.840886116027832
331,221,4.0,3.6222426891326904
57,1093,3.0,3.266862154006958
287,39,5.0,3.712114095687866
896,719,1.0,2.2243614196777344
378,674,3.0,3.0198256969451904
763,845,4.0,3.5169386863708496
201,212,4.0,2.9402830600738525
393,272,4.0,4.306553840637207
886,234,3.0,3.6435961723327637
899,111,4.0,3.419921636581421
352,653,3.0,3.952003240585327
790,585,2.0,2.4025027751922607
515,347,3.0,3.0111472606658936
480,319,3.0,3.1125102043151855
532,226,4.0,4.020235538482666
299,487,5.0,3.793889045715332
121,742,5.0,3.4724209308624268
504,755,4.0,3.4298744201660156
374,466,5.0,3.576570510864258
314,819,4.0,3.001232624053955
855,171,3.0,3.3330039978027344
379,9,4.0,4.173302173614502
291,655,4.0,4.432027816772461
847,11,3.0,3.2233221530914307
201,636,2.0,2.9419589042663574
224,54,3.0,2.78497052192688
749,944,4.0,3.0607481002807617
363,29,1.0,2.450634717941284
816,259,2.0,3.2902138233184814
747,14,3.0,4.425466537475586
119,194,5.0,4.687978267669678
234,662,3.0,2.991525650024414
694,131,5.0,4.205069541931152
699,929,3.0,2.4231936931610107
16,227,5.0,3.7939088344573975
551,70,4.0,3.976029634475708
624,411,4.0,2.994041681289673
63,596,2.0,3.016188383102417
403,477,4.0,3.3865602016448975
531,688,1.0,2.1088242530822754
390,475,1.0,4.291134357452393
538,215,5.0,3.506333351135254
324,282,5.0,4.4940619468688965
256,552,3.0,3.5627424716949463
919,748,1.0,3.0988476276397705
52,498,5.0,4.891178607940674
198,180,3.0,3.622441053390503
655,31,3.0,3.049025535583496
305,482,2.0,3.676908254623413
123,185,4.0,4.302727699279785
297,100,5.0,3.872462034225464
87,111,4.0,3.988004446029663
471,627,1.0,2.841564655303955
903,410,4.0,3.2701215744018555
79,370,2.0,2.8944790363311768
345,387,4.0,3.492992401123047
796,728,3.0,3.03629469871521
429,732,4.0,3.4566376209259033
805,89,4.0,4.069839000701904
826,771,3.0,2.8888344764709473
764,595,4.0,3.1317272186279297
934,174,5.0,4.296355247497559
716,499,4.0,4.1959547996521
264,240,4.0,3.1982154846191406
132,50,3.0,4.216928958892822
851,831,5.0,2.582099676132202
883,96,4.0,4.1830830574035645
880,554,3.0,3.010672092437744
846,212,5.0,3.5190019607543945
189,105,2.0,2.6296207904815674
534,687,5.0,2.569608211517334
835,654,5.0,4.642725467681885
188,470,5.0,3.598875045776367
502,258,2.0,3.7493040561676025
417,157,4.0,3.537978172302246
721,197,4.0,4.2197394371032715
90,258,3.0,4.201958656311035
125,198,3.0,4.10964822769165
840,495,3.0,3.929250955581665
428,332,4.0,3.97737979888916
488,56,4.0,3.5604193210601807
200,652,2.0,4.538486957550049
401,117,3.0,3.057100534439087
304,322,4.0,2.9427175521850586
269,504,4.0,3.3680288791656494
919,1173,3.0,2.350551128387451
406,664,2.0,3.6359152793884277
919,21,2.0,2.7939224243164062
896,121,3.0,3.017932415008545
145,394,1.0,3.393631935119629
308,663,5.0,4.021801471710205
394,156,4.0,4.500492572784424
178,295,3.0,3.649838924407959
382,756,3.0,2.4918909072875977
805,569,1.0,2.7703969478607178
640,315,5.0,4.956740379333496
693,79,4.0,3.354497194290161
405,1470,2.0,1.4695707559585571
220,300,5.0,3.8437490463256836
554,202,4.0,3.713024139404297
683,271,3.0,2.9613564014434814
684,386,3.0,2.727158308029175
435,90,4.0,3.0094103813171387
481,88,4.0,3.5841922760009766
23,224,5.0,3.7434260845184326
159,1013,4.0,2.404446601867676
503,166,5.0,4.263151168823242
112,327,1.0,3.7068843841552734
862,70,4.0,4.299998760223389
13,233,4.0,3.0222795009613037
882,243,4.0,2.7297511100769043
308,203,5.0,3.9084084033966064
70,431,3.0,3.493318796157837
804,447,3.0,3.6666297912597656
760,202,3.0,3.4517524242401123
230,10,3.0,4.1082444190979
411,566,4.0,3.510960817337036
486,1405,5.0,2.6944563388824463
839,458,5.0,3.015765905380249
587,268,4.0,3.389127254486084
838,283,5.0,3.91262149810791
758,705,5.0,4.309243202209473
829,1120,2.0,2.764547824859619
217,176,4.0,3.5244972705841064
716,102,2.0,3.3876938819885254
868,327,4.0,3.0622222423553467
264,23,5.0,4.753665924072266
417,727,5.0,3.227908134460449
618,1,4.0,3.5017645359039307
497,722,3.0,2.666393995285034
193,259,2.0,2.6286087036132812
184,742,3.0,3.582383155822754
56,597,3.0,3.3416223526000977
655,66,2.0,2.9445831775665283
868,189,5.0,3.5646066665649414
130,82,5.0,4.57434606552124
429,431,5.0,3.437429666519165
345,235,3.0,2.9717605113983154
561,72,2.0,2.6886136531829834
280,225,4.0,3.084287166595459
1,93,5.0,3.83510684967041
69,321,4.0,3.340343952178955
49,433,5.0,2.998828411102295
740,340,4.0,3.3228466510772705
450,417,4.0,3.513046979904175
193,195,1.0,3.7720236778259277
397,322,1.0,3.1589086055755615
699,870,3.0,2.6222047805786133
757,195,4.0,3.800865650177002
246,672,4.0,2.365779399871826
230,568,3.0,3.8198652267456055
883,168,5.0,4.263602256774902
616,349,4.0,3.0759739875793457
85,433,3.0,3.5651135444641113
634,819,2.0,2.632770538330078
738,403,3.0,3.3658454418182373
676,144,4.0,3.9024300575256348
893,258,3.0,3.9127049446105957
212,631,5.0,3.6134302616119385
308,265,3.0,3.936262607574463
922,596,4.0,3.262171983718872
56,451,3.0,3.4667670726776123
447,474,3.0,4.376316547393799
429,167,3.0,2.9268910884857178
686,26,5.0,4.012831211090088
435,53,3.0,2.8276052474975586
747,580,5.0,3.6342930793762207
222,51,3.0,3.2222609519958496
44,946,3.0,3.0595834255218506
794,150,4.0,4.455445766448975
405,860,1.0,1.4770759344100952
881,432,3.0,3.50895619392395
753,272,4.0,3.8635482788085938
20,931,1.0,1.8973426818847656
880,295,5.0,3.69026780128479
932,529,4.0,4.192939758300781
164,237,2.0,4.457103252410889
58,483,5.0,4.593358039855957
377,154,5.0,4.039742469787598
29,270,4.0,3.763432741165161
643,451,2.0,3.348342180252075
389,722,2.0,2.871713161468506
321,205,5.0,3.7674448490142822
286,168,4.0,4.5213823318481445
63,475,4.0,3.607272148132324
263,323,1.0,3.237022638320923
394,96,5.0,4.5701775550842285
268,823,2.0,2.5840063095092773
234,646,3.0,3.543520450592041
614,25,1.0,3.20717716217041
83,1035,4.0,3.353750228881836
388,266,5.0,3.112121343612671
881,188,4.0,3.503364324569702
804,141,3.0,3.6659762859344482
244,856,5.0,4.142512321472168
546,294,1.0,3.765460252761841
622,215,3.0,3.783421277999878
442,943,4.0,3.1600875854492188
13,915,5.0,3.330261707305908
531,895,2.0,3.4549789428710938
241,288,5.0,3.1330220699310303
44,636,4.0,3.29101300239563
16,202,5.0,4.2489705085754395
18,56,5.0,4.189002513885498
631,332,3.0,3.263965129852295
776,234,5.0,3.7053029537200928
727,5,3.0,3.0575358867645264
495,144,4.0,4.405662536621094
94,235,4.0,3.0841197967529297
495,452,2.0,3.1117911338806152
940,692,4.0,3.268002510070801
360,511,5.0,4.460427284240723
498,186,4.0,3.4426040649414062
766,481,4.0,3.6554207801818848
610,527,4.0,4.057011127471924
751,479,2.0,4.031219959259033
775,315,5.0,4.011652946472168
835,310,4.0,4.058817386627197
708,538,2.0,3.5392398834228516
640,732,4.0,4.272451877593994
332,696,3.0,3.964723825454712
334,537,4.0,3.620722770690918
823,79,4.0,4.359658718109131
219,13,1.0,3.517826557159424
405,1509,1.0,1.1535425186157227
674,827,4.0,2.7842354774475098
800,25,4.0,3.490588665008545
328,614,4.0,3.6719555854797363
839,117,5.0,3.499962568283081
18,963,5.0,4.389778137207031
907,172,4.0,5.533123970031738
714,15,3.0,3.891096353530884
495,357,5.0,4.887720108032227
452,102,2.0,3.0405662059783936
641,484,5.0,4.3944244384765625
43,315,4.0,4.335770606994629
561,52,4.0,3.248922348022461
37,79,4.0,4.228241920471191
669,190,3.0,3.7629246711730957
891,978,4.0,2.9673616886138916
421,516,5.0,3.8528730869293213
393,751,2.0,3.47402024269104
738,164,5.0,3.4928953647613525
933,866,2.0,2.6142635345458984
268,70,3.0,3.2198293209075928
92,88,3.0,3.386225700378418
433,303,4.0,3.5811331272125244
908,133,5.0,3.3602914810180664
407,182,4.0,3.7954888343811035
128,276,4.0,3.7001662254333496
854,1013,1.0,2.0250918865203857
414,272,5.0,4.775627136230469
303,300,1.0,3.850498676300049
883,83,3.0,4.254211902618408
424,427,4.0,3.745292901992798
618,497,2.0,3.6474907398223877
344,12,5.0,4.392696857452393
527,275,3.0,3.9108004570007324
155,988,2.0,1.8383939266204834
115,357,5.0,4.4822306632995605
848,195,3.0,4.405322551727295
66,471,5.0,3.53568172454834
870,1014,2.0,2.964845895767212
379,64,5.0,4.884707927703857
805,1,4.0,3.7587616443634033
488,245,3.0,2.7568047046661377
94,581,4.0,3.4316933155059814
283,588,4.0,4.381603717803955
38,1033,5.0,2.8614301681518555
406,154,5.0,3.602138042449951
665,147,4.0,3.3928768634796143
849,588,5.0,4.733016490936279
21,741,3.0,3.290339469909668
883,98,3.0,4.48928165435791
214,154,3.0,3.819218635559082
405,842,5.0,1.8251240253448486
246,735,4.0,3.3193509578704834
661,255,3.0,3.438333034515381
68,275,5.0,3.365774154663086
1,126,2.0,4.049803733825684
393,56,2.0,4.06892204284668
230,419,4.0,3.8569552898406982
379,701,4.0,3.608030080795288
556,302,4.0,4.628483772277832
730,258,5.0,3.404799699783325
655,1194,5.0,3.4048545360565186
235,701,4.0,3.3726844787597656
130,930,3.0,3.2566492557525635
429,233,3.0,3.099626302719116
280,58,4.0,3.786008834838867
327,298,3.0,3.3226258754730225
851,261,3.0,2.592561721801758
10,168,4.0,4.445950508117676
12,97,5.0,4.120767593383789
828,961,2.0,3.209512948989868
786,28,5.0,3.9738595485687256
722,458,4.0,3.4167027473449707
534,1047,4.0,3.572343349456787
13,589,3.0,3.838928461074829
343,64,5.0,4.858575820922852
916,164,4.0,3.3307602405548096
406,661,5.0,3.92431902885437
484,554,4.0,3.1662745475769043
276,354,4.0,3.6731619834899902
435,39,3.0,3.191399335861206
3,271,3.0,2.6846368312835693
126,340,5.0,3.6358306407928467
916,566,3.0,3.296797275543213
406,528,4.0,3.965298652648926
82,474,3.0,3.819857597351074
788,684,5.0,3.534910202026367
561,660,3.0,3.1578171253204346
823,172,5.0,4.622622489929199
432,249,5.0,3.4362945556640625
769,222,4.0,3.4906187057495117
524,168,3.0,3.8638479709625244
780,385,4.0,3.5094993114471436
554,22,4.0,4.230679988861084
630,871,2.0,2.4372692108154297
888,237,5.0,3.9501218795776367
20,22,5.0,3.5029022693634033
870,7,4.0,3.558427095413208
788,73,3.0,3.2710084915161133
299,297,3.0,3.7651920318603516
593,210,2.0,4.023360729217529
455,455,3.0,3.138232707977295
239,482,3.0,4.452676296234131
703,508,3.0,3.768021583557129
693,216,4.0,3.2797038555145264
49,90,1.0,2.5202865600585938
932,489,4.0,4.442615032196045
532,1221,5.0,4.274980068206787
10,420,4.0,3.7735509872436523
299,1056,4.0,2.744555711746216
774,250,3.0,2.106207847595215
699,886,3.0,2.837692975997925
216,181,3.0,4.176275730133057
537,216,3.0,3.111391544342041
460,458,2.0,2.963491439819336
297,4,1.0,3.2963569164276123
485,319,3.0,2.8923227787017822
42,121,4.0,3.636262893676758
887,993,5.0,4.073686122894287
708,845,5.0,3.3542063236236572
271,276,3.0,3.563626527786255
802,264,4.0,2.825711965560913
588,133,5.0,4.047412395477295
96,183,4.0,4.242199897766113
445,276,3.0,2.1730432510375977
473,285,4.0,4.6131815910339355
676,286,4.0,3.740691900253296
299,14,4.0,3.7486648559570312
916,1109,3.0,3.1693596839904785
238,458,4.0,3.16186261177063
279,191,3.0,4.175867080688477
896,1423,2.0,1.2240337133407593
357,826,3.0,3.1682260036468506
890,215,4.0,3.8410778045654297
92,931,1.0,2.1598124504089355
83,748,2.0,3.3360304832458496
450,1192,5.0,3.4775965213775635
494,194,4.0,4.232003211975098
890,501,4.0,3.57157564163208
416,678,2.0,3.137666940689087
798,941,3.0,3.03663969039917
119,174,4.0,4.833258152008057
561,243,1.0,2.13604998588562
221,763,4.0,3.480079174041748
417,508,3.0,3.5710372924804688
823,762,4.0,3.697077989578247
919,112,3.0,2.478241205215454
387,208,3.0,3.7113475799560547
305,471,4.0,3.197204351425171
294,347,5.0,3.7944741249084473
379,447,4.0,3.8191137313842773
389,955,4.0,3.5950963497161865
524,215,2.0,3.546809196472168
210,763,2.0,3.7322051525115967
310,257,5.0,3.8720779418945312
629,265,4.0,4.290364742279053
94,1188,3.0,2.9557735919952393
181,1242,1.0,1.1070325374603271
650,479,5.0,3.6264028549194336
639,962,1.0,2.674793243408203
921,1028,4.0,2.879918098449707
806,188,3.0,3.652643918991089
894,83,4.0,4.150946617126465
276,797,3.0,3.298008680343628
868,480,4.0,3.761910915374756
682,274,4.0,3.2165324687957764
682,697,4.0,3.220501184463501
115,117,4.0,3.8956925868988037
409,514,5.0,3.856602191925049
882,290,4.0,3.48872709274292
721,329,3.0,3.4322946071624756
752,286,1.0,3.4007861614227295
222,391,3.0,2.5526812076568604
747,8,5.0,4.45917272567749
387,678,3.0,2.6399624347686768
348,628,4.0,4.295280933380127
528,193,4.0,3.9859893321990967
42,66,4.0,3.678539752960205
23,694,4.0,3.988551616668701
748,222,4.0,3.4026246070861816
833,1149,4.0,3.4815261363983154
296,10,2.0,4.427888870239258
806,518,3.0,3.7972757816314697
331,190,3.0,3.9941658973693848
339,32,5.0,4.227283954620361
406,206,1.0,3.3488271236419678
363,561,2.0,2.7751307487487793
201,1169,4.0,3.155385971069336
409,504,2.0,3.8933911323547363
821,1,5.0,4.543902397155762
13,906,3.0,3.215599536895752
176,257,1.0,3.856360673904419
181,1379,1.0,1.4824268817901611
406,173,2.0,3.9455642700195312
276,268,4.0,3.965855121612549
407,135,3.0,3.8164031505584717
892,90,2.0,3.442566156387329
429,1285,3.0,3.0588438510894775
44,24,3.0,3.375842571258545
151,191,3.0,4.629157066345215
405,775,1.0,1.6621854305267334
16,22,5.0,4.855401515960693
588,144,3.0,4.068798065185547
495,448,5.0,3.8886618614196777
416,187,5.0,4.774443626403809
256,1228,1.0,3.0169551372528076
455,286,5.0,3.530723810195923
77,250,3.0,3.194072723388672
696,1062,4.0,4.1108245849609375
439,240,3.0,2.8761978149414062
630,191,3.0,3.9982924461364746
87,396,1.0,3.3202035427093506
268,381,3.0,3.186978578567505
907,317,5.0,5.183134078979492
42,742,4.0,3.7830283641815186
756,66,4.0,3.1762213706970215
155,286,4.0,2.7550530433654785
464,127,5.0,4.870269775390625
934,705,4.0,4.029672622680664
432,298,3.0,3.962012767791748
735,1,4.0,3.482118606567383
535,192,4.0,4.244471549987793
802,323,5.0,3.125242233276367
460,13,3.0,3.2021563053131104
480,96,4.0,3.6847269535064697
294,235,3.0,3.1120057106018066
372,581,5.0,4.093086242675781
145,544,4.0,3.2680368423461914
903,1073,3.0,4.065659046173096
139,458,4.0,3.3643534183502197
210,15,4.0,4.135037422180176
541,1442,1.0,2.782832145690918
49,320,5.0,2.5433945655822754
268,1046,3.0,2.747072458267212
500,421,4.0,3.4119272232055664
279,671,2.0,3.749549150466919
238,220,3.0,3.309967517852783
331,238,4.0,3.6654052734375
504,386,3.0,2.8721635341644287
42,111,1.0,3.741123914718628
21,774,2.0,2.831792116165161
342,866,1.0,3.138129472732544
276,732,4.0,3.7976789474487305
537,307,3.0,2.8407788276672363
437,86,4.0,3.9137725830078125
360,194,3.0,4.279950141906738
60,507,4.0,4.128532886505127
721,318,4.0,4.626021385192871
299,259,3.0,2.627480983734131
312,505,5.0,4.452274799346924
931,121,2.0,3.466996431350708
900,288,2.0,2.4578640460968018
551,721,5.0,3.800769567489624
392,324,1.0,3.3927059173583984
327,178,4.0,3.8444080352783203
297,69,3.0,3.588027238845825
913,789,4.0,3.308664083480835
18,6,5.0,3.7059457302093506
666,162,4.0,3.590226650238037
481,238,4.0,4.044245719909668
99,111,1.0,3.6805529594421387
474,478,4.0,4.499845027923584
733,546,1.0,2.682798385620117
308,42,4.0,3.856187343597412
364,875,3.0,2.7360293865203857
512,258,3.0,4.0663580894470215
519,259,1.0,3.4921514987945557
286,250,4.0,3.7979347705841064
776,95,4.0,3.7794015407562256
95,1219,1.0,2.830282211303711
13,844,1.0,3.1782567501068115
537,19,4.0,3.1712844371795654
405,422,1.0,1.619908332824707
627,174,3.0,3.988938331604004
480,863,4.0,3.5754287242889404
672,225,2.0,2.63588285446167
600,89,5.0,4.443766117095947
486,15,3.0,3.5130436420440674
10,707,5.0,4.335107326507568
881,542,1.0,2.559638738632202
215,523,4.0,4.045260429382324
198,215,4.0,3.3112473487854004
222,40,1.0,2.8047258853912354
912,523,4.0,3.8708925247192383
215,432,5.0,3.6852824687957764
751,117,4.0,3.5789244174957275
823,708,4.0,3.7600393295288086
389,154,3.0,3.916576385498047
469,511,5.0,4.852726936340332
334,208,5.0,3.7855687141418457
197,1228,4.0,2.407165050506592
588,1180,2.0,2.8175721168518066
796,284,3.0,3.238288164138794
366,201,5.0,4.266490459442139
897,117,3.0,4.005542755126953
498,10,5.0,3.44187593460083
796,1057,2.0,2.421482563018799
49,300,1.0,2.9874017238616943
551,159,4.0,3.5013413429260254
622,204,3.0,3.8938653469085693
585,1475,3.0,2.895305871963501
104,412,3.0,1.7703313827514648
313,176,4.0,3.931448459625244
288,289,3.0,3.0657706260681152
445,64,2.0,2.551128625869751
57,682,3.0,3.135924816131592
223,819,3.0,2.4850523471832275
883,1592,5.0,2.668515682220459
758,151,5.0,3.9113688468933105
31,328,2.0,3.5737109184265137
421,238,5.0,3.732579469680786
224,328,4.0,3.0626351833343506
224,28,4.0,3.365821599960327
774,1118,3.0,2.0193846225738525
634,294,4.0,3.219266891479492
837,181,3.0,3.9999029636383057
201,282,2.0,3.1742801666259766
56,426,4.0,3.265172004699707
815,216,3.0,4.067605495452881
343,196,4.0,4.205559253692627
271,187,5.0,4.109928607940674
87,451,4.0,3.6842286586761475
832,323,3.0,2.634765863418579
345,742,4.0,3.6792476177215576
472,168,5.0,5.161059379577637
205,984,1.0,2.3424315452575684
181,925,2.0,1.5173146724700928
305,512,4.0,3.7194254398345947
358,639,4.0,3.4954280853271484
936,358,4.0,2.973093271255493
854,919,4.0,3.3379948139190674
633,654,3.0,3.835799217224121
262,1095,2.0,2.1600637435913086
181,948,1.0,1.1737060546875
562,174,5.0,4.070213794708252
479,190,4.0,4.073497772216797
546,413,4.0,3.0543618202209473
623,659,5.0,3.893078327178955
847,301,5.0,2.8309078216552734
901,322,4.0,3.367901563644409
420,288,3.0,3.50759220123291
200,892,4.0,3.1843676567077637
295,739,4.0,3.802941083908081
749,402,4.0,3.6402008533477783
56,230,5.0,3.73348069190979
766,747,5.0,3.1567609310150146
648,4,1.0,3.3436684608459473
92,521,4.0,3.8298041820526123
401,404,2.0,3.0335493087768555
312,498,5.0,4.775396347045898
44,449,5.0,3.0235085487365723
405,1139,1.0,1.662687063217163
435,462,5.0,3.6589059829711914
173,258,4.0,4.7306132316589355
254,164,4.0,3.161590099334717
541,403,3.0,3.6538801193237305
642,88,5.0,3.856558322906494
397,8,4.0,4.198371410369873
421,194,4.0,3.961291551589966
536,489,4.0,4.427478790283203
320,77,3.0,3.821399688720703
334,154,4.0,3.6323704719543457
682,68,5.0,3.2488293647766113
389,1451,5.0,3.6660118103027344
345,226,3.0,3.3788037300109863
363,7,3.0,3.4115865230560303
343,153,5.0,4.123841762542725
429,195,4.0,3.801748752593994
537,117,2.0,2.9342119693756104
804,135,3.0,4.158474922180176
409,664,4.0,3.7644407749176025
375,761,3.0,2.9432625770568848
798,465,4.0,3.501189708709717
650,163,3.0,3.1673874855041504
795,1095,3.0,2.128743886947632
328,696,3.0,3.1200034618377686
296,1160,4.0,3.849405288696289
130,739,5.0,3.8692312240600586
916,593,4.0,2.8224222660064697
877,727,4.0,3.413069009780884
345,1315,3.0,3.4316954612731934
450,609,5.0,3.8869831562042236
167,232,1.0,3.3572239875793457
882,177,5.0,4.354008197784424
279,233,5.0,3.2782890796661377
185,703,4.0,3.633779287338257
13,312,1.0,3.033054828643799
261,288,4.0,4.006216526031494
544,292,4.0,3.0006937980651855
655,793,3.0,2.603987216949463
778,117,3.0,2.922985553741455
201,544,2.0,2.853727102279663
586,229,3.0,2.900003671646118
786,708,4.0,3.55631422996521
56,68,3.0,3.67634654045105
575,96,5.0,3.2009201049804688
87,208,5.0,4.4652934074401855
291,455,5.0,3.740840435028076
291,31,4.0,4.189700603485107
504,364,2.0,2.903550624847412
13,822,3.0,2.402283191680908
709,127,5.0,4.42101526260376
697,1012,1.0,4.0115065574646
686,64,5.0,5.231782913208008
363,549,4.0,3.198814868927002
92,168,4.0,4.0113091468811035
393,85,3.0,3.126892566680908
157,120,1.0,2.439628839492798
382,258,2.0,3.3526480197906494
409,530,4.0,4.0376482009887695
299,83,5.0,3.833143949508667
782,295,2.0,3.1295926570892334
246,475,4.0,3.5738930702209473
660,164,2.0,2.7266833782196045
328,159,3.0,3.129438877105713
854,492,4.0,3.381613254547119
943,284,2.0,3.229459524154663
896,85,3.0,2.7119526863098145
267,1401,4.0,3.597210168838501
378,230,3.0,3.4851267337799072
847,121,3.0,2.9252190589904785
371,431,5.0,3.750138282775879
788,498,5.0,4.0349345207214355
27,1017,4.0,2.9999825954437256
886,81,4.0,3.4388651847839355
280,127,5.0,4.419819355010986
453,496,4.0,3.9581737518310547
336,105,4.0,2.393028497695923
787,1671,1.0,0.8789578676223755
489,340,4.0,4.218984127044678
559,519,5.0,3.857210874557495
60,835,4.0,4.014798641204834
836,654,5.0,4.333543300628662
345,508,4.0,3.781771183013916
506,418,4.0,3.7143747806549072
637,149,2.0,2.3965985774993896
833,1017,4.0,2.9026215076446533
554,204,5.0,3.847796678543091
655,60,3.0,3.3210411071777344
198,230,3.0,3.1135168075561523
532,143,4.0,4.511180877685547
345,655,4.0,3.96415376663208
293,554,1.0,2.490784168243408
221,737,4.0,3.1290955543518066
790,1040,2.0,2.4245309829711914
123,606,3.0,4.378649711608887
861,52,5.0,4.2021355628967285
741,5,3.0,3.1939940452575684
456,447,3.0,3.3205552101135254
477,731,4.0,4.11066198348999
787,324,2.0,3.0198118686676025
592,169,5.0,4.977874279022217
880,365,2.0,3.5662777423858643
225,603,5.0,4.947021007537842
254,1060,3.0,2.7343335151672363
880,71,4.0,4.062453269958496
846,474,5.0,4.54668664932251
295,72,4.0,3.7478184700012207
12,172,4.0,4.725571632385254
417,222,3.0,3.522576332092285
167,392,1.0,3.5677318572998047
601,365,3.0,2.8910984992980957
500,122,3.0,2.310459852218628
11,227,3.0,3.2584497928619385
535,268,3.0,3.797795295715332
222,386,2.0,2.530165195465088
229,316,1.0,3.243403434753418
83,751,3.0,3.6737122535705566
429,81,3.0,3.4134368896484375
588,578,5.0,3.4450857639312744
447,7,5.0,3.903632164001465
486,408,3.0,4.259657859802246
770,303,4.0,4.780606269836426
286,790,1.0,3.209245443344116
338,663,5.0,3.859764337539673
659,143,5.0,3.689845561981201
577,82,4.0,4.0888752937316895
385,48,5.0,3.5823118686676025
527,174,4.0,4.192741394042969
814,53,4.0,2.581972360610962
610,477,2.0,3.212131977081299
306,242,5.0,4.312335968017578
406,845,3.0,3.261178731918335
870,447,4.0,3.2696726322174072
398,2,3.0,3.186260461807251
872,820,3.0,2.9324700832366943
238,286,5.0,3.654038667678833
884,736,3.0,3.7524516582489014
92,433,5.0,3.661818265914917
663,265,4.0,3.8891873359680176
181,718,1.0,1.6534616947174072
62,86,2.0,3.6240718364715576
82,111,4.0,3.157031297683716
95,226,4.0,3.2639083862304688
361,70,4.0,3.4987146854400635
6,211,5.0,3.7047274112701416
472,233,4.0,4.078200340270996
27,118,3.0,2.8989243507385254
200,495,3.0,4.357887268066406
393,833,4.0,3.161546468734741
798,568,4.0,3.617696523666382
18,971,4.0,3.8160738945007324
90,489,5.0,4.58694314956665
7,430,3.0,4.546561241149902
308,208,4.0,4.0221171379089355
197,302,3.0,4.0952348709106445
499,251,5.0,4.145593166351318
253,679,3.0,3.1494715213775635
44,427,3.0,4.336532115936279
343,124,4.0,4.5025153160095215
156,58,4.0,3.3560657501220703
487,732,5.0,3.8243799209594727
210,238,3.0,4.325232982635498
28,448,4.0,3.5139167308807373
236,56,5.0,3.769106149673462
201,326,2.0,2.999009847640991
495,226,4.0,3.777193069458008
648,429,4.0,3.7409961223602295
826,228,3.0,4.253610134124756
10,657,4.0,4.680911064147949
10,192,4.0,4.576079845428467
166,258,4.0,3.800473213195801
398,993,3.0,3.516880989074707
653,239,5.0,2.6995913982391357
582,508,4.0,3.5761656761169434
214,461,4.0,3.579465866088867
268,399,3.0,2.877164840698242
620,795,4.0,2.6991024017333984
363,180,3.0,3.6505348682403564
870,180,3.0,3.8159937858581543
21,564,3.0,1.7519235610961914
330,95,5.0,4.800615310668945
807,1078,4.0,3.1770339012145996
833,826,2.0,2.2336318492889404
94,76,4.0,3.666339635848999
332,44,3.0,4.192105770111084
162,254,3.0,2.537965774536133
398,969,4.0,3.8122212886810303
736,1089,1.0,1.9233040809631348
721,294,3.0,3.315486192703247
705,196,4.0,4.025583267211914
59,528,4.0,4.487276077270508
168,284,2.0,3.1843340396881104
930,107,3.0,2.932004928588867
892,760,3.0,3.112588882446289
486,270,2.0,3.469801902770996
7,499,4.0,4.564293384552002
567,185,5.0,4.118298053741455
524,403,4.0,3.2618682384490967
621,546,3.0,3.290970802307129
502,264,3.0,2.729703187942505
60,514,4.0,4.160859107971191
388,9,3.0,4.454712867736816
24,249,4.0,3.660980463027954
184,476,2.0,3.0605406761169434
496,53,3.0,2.4662716388702393
119,109,5.0,3.896001100540161
707,168,3.0,3.8962976932525635
840,419,5.0,3.9497251510620117
363,200,3.0,3.3777990341186523
497,185,3.0,3.9126288890838623
276,523,4.0,4.267359733581543
630,1040,4.0,2.473581552505493
254,843,2.0,2.6696460247039795
271,196,4.0,3.7634472846984863
658,195,3.0,3.870351552963257
417,625,4.0,3.240562677383423
121,744,3.0,3.4148597717285156
823,747,4.0,3.7229433059692383
588,597,4.0,3.3486874103546143
391,1163,2.0,2.8658998012542725
930,117,3.0,2.989152669906616
42,2,5.0,3.3849449157714844
605,275,4.0,4.02338981628418
568,134,5.0,3.5433034896850586
622,166,5.0,4.076618671417236
601,153,4.0,3.26297926902771
479,213,4.0,3.849307060241699
711,197,4.0,4.338893890380859
758,239,3.0,3.8385660648345947
650,519,4.0,3.5625646114349365
6,530,4.0,3.868126153945923
508,175,4.0,4.018953800201416
922,202,5.0,3.6091365814208984
25,141,4.0,3.672680616378784
687,988,3.0,2.3763039112091064
626,302,4.0,2.7940213680267334
293,202,3.0,3.282545804977417
805,83,4.0,3.9942374229431152
389,489,4.0,4.271116733551025
95,110,2.0,2.6122069358825684
164,411,2.0,3.4960200786590576
666,32,4.0,3.767195701599121
389,155,2.0,3.161527633666992
54,252,3.0,3.2587578296661377
109,97,3.0,3.708676815032959
429,499,4.0,3.9096763134002686
765,237,3.0,3.8480985164642334
145,450,3.0,2.512906312942505
193,237,4.0,3.463536262512207
477,90,4.0,4.091936111450195
548,156,5.0,4.118998050689697
879,763,5.0,3.385464906692505
642,1509,2.0,1.9914555549621582
585,224,2.0,4.034682273864746
253,100,4.0,4.323741912841797
256,684,5.0,4.494133949279785
541,655,4.0,4.127199172973633
94,443,4.0,4.085155963897705
641,1194,3.0,4.352539539337158
496,652,5.0,3.200319528579712
385,273,2.0,3.163736581802368
518,121,5.0,3.6031458377838135
163,433,1.0,3.2104413509368896
13,518,4.0,3.573857545852661
303,475,4.0,4.196499824523926
538,181,3.0,3.769418478012085
280,690,2.0,3.618381977081299
62,1135,2.0,2.747602939605713
894,885,2.0,2.491680145263672
151,81,5.0,3.905202627182007
537,518,4.0,3.0363404750823975
27,978,2.0,2.2967846393585205
619,405,3.0,3.255321502685547
454,87,4.0,3.110697031021118
693,514,4.0,3.2790768146514893
239,419,3.0,4.02919340133667
751,704,2.0,3.0150182247161865
258,313,5.0,4.370748519897461
927,623,3.0,3.3015146255493164
709,363,3.0,2.886706829071045
57,475,2.0,4.215475082397461
682,801,3.0,2.634096622467041
248,156,5.0,3.5951528549194336
276,928,3.0,3.303058385848999
786,709,2.0,4.313689708709717
514,405,2.0,3.378777265548706
301,582,2.0,3.5907719135284424
716,568,4.0,3.7607712745666504
330,151,4.0,4.49503231048584
878,179,4.0,3.4598798751831055
326,1,3.0,3.3737950325012207
23,227,3.0,3.220665693283081
320,760,3.0,3.211362600326538
260,272,3.0,4.911487579345703
630,1047,4.0,2.744176149368286
1,246,5.0,4.20125150680542
18,28,3.0,3.962202310562134
38,383,2.0,2.4519503116607666
840,493,5.0,4.509382247924805
804,127,3.0,4.461310863494873
790,159,3.0,2.993957996368408
82,121,4.0,3.0637457370758057
90,9,4.0,4.235628128051758
274,742,4.0,4.125792026519775
815,614,3.0,3.878142833709717
58,491,4.0,3.878143310546875
918,529,3.0,3.411179542541504
762,875,5.0,2.149386405944824
886,631,4.0,3.584030866622925
263,484,4.0,4.520455837249756
217,679,5.0,2.7270729541778564
717,302,5.0,4.617660999298096
2,251,5.0,4.383069038391113
865,117,2.0,2.71292781829834
785,886,3.0,3.100835084915161
417,384,4.0,2.746704578399658
391,131,2.0,3.880929470062256
270,242,5.0,5.248738765716553
515,294,3.0,2.7550837993621826
396,840,3.0,3.0255486965179443
401,638,4.0,3.213419198989868
505,496,5.0,3.7479424476623535
721,1026,3.0,2.190410614013672
887,1116,5.0,3.7251791954040527
796,739,5.0,3.2834064960479736
537,203,4.0,3.0465331077575684
878,781,1.0,2.9351606369018555
110,338,1.0,2.5681257247924805
465,32,3.0,3.3323452472686768
536,510,4.0,4.2511467933654785
870,570,2.0,2.902919054031372
462,100,4.0,4.651223659515381
793,106,3.0,2.9515540599823
919,276,5.0,3.5976521968841553
790,358,2.0,2.547764539718628
393,21,3.0,2.8924107551574707
13,333,3.0,3.3902056217193604
44,99,4.0,3.6322193145751953
102,204,4.0,2.920198678970337
919,282,4.0,3.5389046669006348
110,230,3.0,3.2743895053863525
733,515,5.0,3.770860195159912
397,192,5.0,4.403804779052734
863,288,4.0,3.328566312789917
771,283,4.0,3.601418972015381
942,1028,4.0,3.4139597415924072
487,546,3.0,3.206026792526245
618,427,5.0,3.9730114936828613
738,211,3.0,3.8779592514038086
514,328,3.0,3.582994222640991
751,178,5.0,4.212447643280029
782,532,2.0,3.0853230953216553
41,181,4.0,3.8376033306121826
870,382,3.0,3.409655809402466
125,722,3.0,2.828927516937256
315,17,1.0,3.4447526931762695
92,132,3.0,3.9578170776367188
450,685,4.0,3.669774293899536
448,303,4.0,3.419398307800293
648,5,4.0,3.078172206878662
338,650,5.0,3.4579010009765625
22,241,3.0,3.7422068119049072
394,84,4.0,3.1933648586273193
256,82,5.0,4.650145530700684
870,203,4.0,3.5843708515167236
278,752,5.0,3.4916534423828125
753,64,4.0,3.9787211418151855
262,145,1.0,2.3730263710021973
744,237,4.0,3.443539619445801
371,175,1.0,4.149125099182129
92,591,4.0,3.5662479400634766
708,147,4.0,3.4277408123016357
194,582,1.0,3.0147485733032227
654,143,5.0,3.715825080871582
709,217,5.0,3.2955944538116455
442,367,2.0,3.1644515991210938
178,866,4.0,3.402517080307007
13,819,1.0,2.4611008167266846
798,400,3.0,2.383218288421631
896,824,1.0,2.406069040298462
396,300,3.0,3.895475387573242
643,665,3.0,2.964411973953247
236,237,4.0,3.368603467941284
228,651,4.0,3.3206534385681152
894,887,4.0,3.772016763687134
234,192,3.0,3.605365753173828
197,68,2.0,3.330759048461914
912,97,4.0,3.5474250316619873
592,223,5.0,4.713562965393066
566,97,3.0,3.4051175117492676
926,288,3.0,3.1096785068511963
353,326,2.0,3.2078182697296143
200,11,5.0,4.501492023468018
535,971,2.0,3.7509634494781494
493,274,5.0,3.514014959335327
130,672,5.0,3.204193592071533
201,923,3.0,3.7982523441314697
417,180,5.0,3.9600467681884766
416,696,3.0,3.588902711868286
112,888,4.0,3.7426719665527344
13,511,5.0,4.016862392425537
426,510,4.0,3.9081854820251465
94,392,3.0,3.7766149044036865
293,251,4.0,3.7232518196105957
758,752,3.0,3.564793109893799
804,988,4.0,2.5223703384399414
686,806,5.0,4.122920036315918
256,288,5.0,4.111508846282959
218,695,3.0,2.5784072875976562
267,227,3.0,3.741382360458374
846,184,5.0,3.658118963241577
398,69,5.0,3.8266565799713135
387,195,4.0,3.726077079772949
616,343,4.0,3.2370903491973877
13,229,4.0,2.8432016372680664
666,604,3.0,3.903749465942383
551,468,5.0,3.6003170013427734
846,1069,4.0,3.4663782119750977
88,881,5.0,2.8734166622161865
6,81,4.0,3.3509581089019775
860,302,4.0,3.9209892749786377
682,385,3.0,3.404024362564087
263,199,5.0,4.633657455444336
41,100,4.0,3.9563305377960205
699,991,3.0,2.1909868717193604
374,173,3.0,4.139525413513184
724,259,2.0,1.95768404006958
398,1119,4.0,3.5497522354125977
601,195,3.0,3.4113988876342773
182,69,5.0,3.7320330142974854
33,895,3.0,3.4854109287261963
907,647,3.0,5.589325428009033
20,678,4.0,2.362300395965576
495,91,2.0,4.211587905883789
458,321,3.0,3.1875829696655273
256,864,4.0,3.8667140007019043
125,63,3.0,3.100487232208252
507,334,5.0,4.490238666534424
921,71,4.0,3.569401741027832
21,558,5.0,3.47179913520813
653,471,2.0,2.6911072731018066
276,916,4.0,3.0439746379852295
385,218,2.0,3.10717511177063
518,370,4.0,2.8803048133850098
406,211,5.0,3.7357544898986816
56,473,2.0,3.2742421627044678
405,943,1.0,2.0600650310516357
199,539,1.0,2.2207489013671875
222,196,5.0,3.587409019470215
813,259,2.0,2.5244040489196777
450,288,3.0,3.7386090755462646
407,201,4.0,3.335002899169922
503,234,5.0,3.9813826084136963
868,825,1.0,2.5756661891937256
130,168,3.0,4.910131931304932
90,26,4.0,3.8236489295959473
254,234,4.0,3.3560538291931152
279,741,5.0,3.561582565307617
394,218,4.0,3.9572904109954834
405,734,2.0,1.610801339149475
110,69,4.0,3.559450149536133
276,655,4.0,4.063109397888184
64,190,4.0,4.153628826141357
406,410,4.0,3.0028703212738037
291,71,4.0,4.401453495025635
735,285,4.0,3.919072389602661
70,230,4.0,3.4270172119140625
312,633,5.0,4.477587699890137
289,109,3.0,2.914660692214966
184,79,3.0,4.008830547332764
301,196,4.0,3.812263250350952
479,380,3.0,3.2135493755340576
236,185,5.0,3.7892239093780518
489,313,4.0,5.072403430938721
393,303,4.0,3.764119863510132
62,421,5.0,3.332540273666382
551,410,5.0,3.468748092651367
887,225,4.0,3.4057276248931885
524,831,3.0,2.331801176071167
903,61,4.0,4.070694446563721
439,405,4.0,3.4007728099823
111,344,2.0,3.6586246490478516
405,923,2.0,2.5121524333953857
796,934,3.0,2.957453966140747
561,925,3.0,2.7471954822540283
222,90,2.0,2.881387233734131
405,58,1.0,2.1403093338012695
293,208,3.0,3.4874606132507324
532,338,3.0,3.301957130432129
253,496,5.0,4.322988510131836
497,153,4.0,3.616347312927246
834,276,5.0,3.828728437423706
688,338,5.0,3.757326364517212
846,42,5.0,4.03427267074585
840,855,4.0,4.127466678619385
203,475,3.0,4.164346218109131
537,472,2.0,2.424680471420288
939,15,5.0,4.9105682373046875
349,25,3.0,3.22814679145813
23,131,4.0,3.79367995262146
5,368,1.0,1.5997698307037354
92,528,4.0,4.104848384857178
76,182,4.0,3.922602653503418
724,989,1.0,2.0487163066864014
642,1091,4.0,3.138850212097168
200,679,4.0,3.5948798656463623
591,13,4.0,3.417296886444092
549,282,3.0,3.900015354156494
543,199,4.0,4.162110805511475
35,243,2.0,2.3883588314056396
337,135,5.0,4.296362400054932
712,996,4.0,2.2885921001434326
195,451,5.0,3.2296743392944336
655,186,3.0,3.266247272491455
896,139,2.0,2.528235912322998
862,92,5.0,4.220417022705078
263,521,3.0,4.196185111999512
522,179,5.0,4.176897048950195
514,118,2.0,3.2999439239501953
13,323,3.0,2.8448829650878906
933,151,4.0,2.9275026321411133
682,1016,2.0,3.228839874267578
796,409,3.0,3.1740970611572266
142,463,3.0,3.8807222843170166
551,28,4.0,4.253069877624512
458,435,4.0,3.9627835750579834
495,417,3.0,3.6671524047851562
653,213,2.0,3.041808605194092
450,312,4.0,3.566377878189087
655,1634,2.0,1.1996874809265137
294,872,4.0,3.3029258251190186
833,1335,2.0,2.441234827041626
727,196,4.0,3.6502230167388916
308,616,2.0,3.678474187850952
680,117,4.0,3.9197804927825928
450,1208,3.0,3.23573899269104
321,153,4.0,3.5446786880493164
226,527,4.0,4.098389148712158
253,192,1.0,4.396392345428467
144,190,5.0,4.191420555114746
458,301,1.0,3.2876639366149902
269,793,4.0,2.54414963722229
934,661,4.0,4.183675765991211
435,271,4.0,3.1398708820343018
752,301,4.0,3.071922779083252
625,183,3.0,3.5910191535949707
882,98,5.0,4.899941444396973
592,320,5.0,3.403233289718628
56,728,3.0,3.1579391956329346
342,212,5.0,3.2078044414520264
506,10,2.0,4.069329738616943
327,90,3.0,2.780470609664917
229,875,1.0,2.1827211380004883
882,208,5.0,4.503652095794678
342,287,3.0,3.5135860443115234
761,237,5.0,3.2508177757263184
301,288,4.0,3.359675407409668
383,134,5.0,4.660886287689209
114,183,5.0,3.5772666931152344
12,471,5.0,3.9342832565307617
646,895,3.0,2.8273892402648926
222,571,2.0,2.3181488513946533
223,535,3.0,3.0581889152526855
655,236,3.0,3.075080394744873
135,5,3.0,3.0934629440307617
821,742,4.0,4.223401069641113
837,286,4.0,3.6568281650543213
334,204,4.0,3.6849708557128906
307,401,1.0,2.79396915435791
151,491,4.0,4.17326021194458
728,286,3.0,3.780503988265991
291,546,3.0,3.464827060699463
58,56,5.0,4.153594493865967
504,462,4.0,3.941016674041748
843,132,3.0,2.942453384399414
429,7,2.0,3.6551201343536377
613,603,5.0,4.782904148101807
901,498,4.0,4.660527229309082
13,520,4.0,3.9378867149353027
620,118,4.0,3.6373555660247803
311,553,3.0,3.3059921264648438
758,269,4.0,4.351487159729004
923,338,4.0,3.3540821075439453
236,686,3.0,3.390651226043701
353,333,4.0,3.4392428398132324
532,352,3.0,2.765155792236328
222,575,3.0,2.249467134475708
406,485,3.0,3.6488800048828125
393,243,4.0,2.5515477657318115
2,283,5.0,3.843244791030884
505,56,1.0,3.7020387649536133
354,603,5.0,4.2394232749938965
52,277,5.0,4.06087064743042
276,591,3.0,3.8265135288238525
7,11,3.0,4.246949672698975
249,405,3.0,3.6070423126220703
328,448,3.0,3.3273491859436035
532,292,4.0,4.486027240753174
795,181,4.0,3.6105475425720215
230,607,3.0,4.1465864181518555
385,128,5.0,3.1419575214385986
756,527,3.0,3.715578079223633
481,484,4.0,4.368049621582031
668,403,4.0,3.3741343021392822
880,383,3.0,2.25368070602417
472,660,5.0,4.718456745147705
354,896,4.0,3.8796210289001465
457,125,4.0,4.1958417892456055
223,1009,1.0,3.2547714710235596
21,977,2.0,2.430142879486084
466,210,4.0,3.654336929321289
104,301,2.0,2.547755241394043
864,780,2.0,3.3511862754821777
184,127,5.0,4.270556449890137
707,1018,3.0,3.2174339294433594
457,48,5.0,4.7901811599731445
551,385,5.0,4.003422737121582
405,52,1.0,2.2349846363067627
234,496,4.0,3.545788288116455
416,307,1.0,4.0069499015808105
374,77,5.0,3.3437225818634033
938,273,5.0,3.578652858734131
528,751,4.0,3.4437427520751953
452,207,4.0,3.4940483570098877
877,549,4.0,3.6749701499938965
64,435,4.0,3.8797266483306885
740,326,3.0,3.107567071914673
927,395,3.0,2.7149195671081543
626,268,4.0,2.472562551498413
711,180,4.0,4.320711612701416
632,91,3.0,3.7078917026519775
825,322,5.0,3.346036434173584
876,527,5.0,4.270726203918457
588,40,4.0,3.223909616470337
870,134,4.0,3.9477691650390625
733,1,2.0,3.3654279708862305
387,7,5.0,3.58189058303833
758,290,5.0,3.346951484680176
102,67,1.0,2.302161931991577
270,218,5.0,4.366127014160156
624,1089,2.0,2.3204338550567627
388,672,4.0,3.093263864517212
407,127,3.0,4.096960067749023
230,385,1.0,3.7849643230438232
909,165,5.0,4.78854513168335
130,330,4.0,3.7592129707336426
235,705,5.0,4.065286159515381
821,15,5.0,4.411971092224121
276,603,5.0,4.589291095733643
312,214,3.0,3.760310649871826
790,417,2.0,2.9883487224578857
291,670,5.0,3.422914505004883
761,1272,1.0,1.9010093212127686
654,1009,3.0,3.4704887866973877
862,120,3.0,2.610574960708618
130,743,2.0,2.410480499267578
379,197,5.0,4.492079734802246
18,367,4.0,3.5918610095977783
273,345,3.0,3.4635934829711914
327,132,5.0,3.5645341873168945
293,155,2.0,2.703479051589966
38,780,4.0,3.55437970161438
298,183,3.0,4.231640338897705
742,7,3.0,3.6934211254119873
573,22,4.0,3.958150625228882
812,333,5.0,3.5777623653411865
114,180,3.0,3.697042226791382
42,1040,3.0,2.7008161544799805
167,949,1.0,3.4283559322357178
116,596,5.0,2.9026334285736084
198,631,3.0,3.2783303260803223
731,136,4.0,3.704693078994751
486,127,5.0,4.004358291625977
455,402,4.0,3.395664691925049
473,508,2.0,3.908527374267578
94,12,4.0,4.653725624084473
527,429,5.0,3.891641139984131
10,711,4.0,0.9368842840194702
297,699,4.0,3.4502551555633545
824,321,2.0,2.753084182739258
151,781,3.0,3.6628260612487793
465,845,4.0,2.975297212600708
399,742,4.0,3.105794906616211
707,311,4.0,3.693075180053711
94,436,5.0,3.9058289527893066
864,275,4.0,4.383737564086914
130,237,5.0,4.365902900695801
709,665,3.0,2.967885971069336
775,690,3.0,3.3398616313934326
829,639,4.0,3.548806667327881
429,193,4.0,3.819261312484741
782,1296,3.0,3.1245906352996826
293,73,2.0,3.0110626220703125
682,658,4.0,3.2703025341033936
299,820,3.0,2.653996229171753
405,1119,3.0,2.083575487136841
658,9,4.0,3.729905128479004
264,320,4.0,3.5783915519714355
550,877,4.0,2.7680327892303467
308,792,3.0,3.77341890335083
268,479,4.0,3.705704927444458
861,381,4.0,3.900994300842285
326,96,3.0,3.514817476272583
846,555,2.0,2.0175225734710693
914,732,2.0,3.3325369358062744
814,145,2.0,2.2937188148498535
405,1435,1.0,1.41070556640625
293,651,3.0,3.597337007522583
498,381,3.0,3.135169506072998
593,106,2.0,2.949932813644409
251,405,3.0,3.413485288619995
353,340,4.0,3.4276692867279053
92,271,2.0,3.183178424835205
24,275,5.0,4.500521183013916
716,257,5.0,3.8229494094848633
392,191,5.0,4.615317344665527
854,1086,3.0,2.9920670986175537
406,170,3.0,3.975417137145996
495,55,2.0,4.352543354034424
262,609,3.0,3.236435890197754
314,71,5.0,4.3919901847839355
653,55,3.0,2.867161750793457
221,161,3.0,3.585031270980835
463,150,2.0,3.3226089477539062
910,9,4.0,3.2156577110290527
197,176,5.0,3.818049907684326
312,169,5.0,5.066988945007324
411,209,4.0,3.923776865005493
429,498,5.0,4.050757884979248
92,106,3.0,2.80521821975708
661,48,4.0,4.221558570861816
896,1240,4.0,3.2514491081237793
479,173,5.0,3.9826154708862305
645,191,5.0,4.307491302490234
305,269,4.0,3.6471500396728516
521,829,2.0,2.374300003051758
869,1132,1.0,2.3413925170898438
109,72,5.0,3.1901373863220215
100,1236,3.0,0.8821384906768799
514,890,1.0,2.137446403503418
385,185,5.0,3.623382091522217
200,1028,2.0,3.646385908126831
659,606,5.0,4.166775703430176
357,1047,4.0,3.6055314540863037
222,77,4.0,3.1075210571289062
110,794,3.0,3.3315067291259766
123,134,4.0,4.450092792510986
753,211,4.0,3.5258238315582275
782,1014,2.0,2.893242359161377
156,180,5.0,3.7592430114746094
533,692,4.0,3.3563802242279053
531,259,1.0,2.938807725906372
852,264,3.0,2.974325180053711
496,433,4.0,3.122652292251587
18,221,5.0,3.9556212425231934
518,919,5.0,3.912865400314331
401,655,3.0,3.1686010360717773
181,221,1.0,1.7393767833709717
311,519,3.0,4.235558032989502
181,680,1.0,1.3128166198730469
567,271,4.0,3.252073049545288
302,258,3.0,2.663383960723877
808,875,4.0,3.0206708908081055
872,272,4.0,4.521456718444824
1,257,4.0,3.8973889350891113
848,197,5.0,4.567070007324219
223,1150,2.0,2.7932868003845215
406,825,4.0,2.813167095184326
194,135,3.0,3.29256010055542
193,96,1.0,3.8156301975250244
193,94,3.0,2.9551591873168945
573,144,4.0,3.5897762775421143
795,407,3.0,2.221569299697876
15,244,2.0,2.6502583026885986
911,205,3.0,4.063674449920654
452,265,3.0,3.5583178997039795
759,257,4.0,4.27981424331665
211,257,5.0,3.140690803527832
518,289,4.0,3.233009099960327
666,410,2.0,3.091146230697632
796,871,1.0,2.5842175483703613
207,471,3.0,3.2485129833221436
457,792,4.0,4.346343517303467
450,223,3.0,4.6803879737854
194,405,2.0,2.7334189414978027
741,67,3.0,2.9022557735443115
493,284,4.0,3.2503185272216797
865,928,1.0,2.302462100982666
399,431,2.0,3.098914623260498
194,9,4.0,3.16766619682312
387,731,1.0,2.9412100315093994
210,502,3.0,4.165914535522461
627,399,3.0,3.0356483459472656
622,229,2.0,3.0641558170318604
650,662,3.0,3.0204195976257324
620,627,5.0,3.65053653717041
7,659,5.0,4.507071495056152
566,20,4.0,3.1298422813415527
542,97,4.0,3.5937249660491943
334,508,3.0,3.5306143760681152
780,79,4.0,3.876248598098755
181,121,4.0,1.6288580894470215
330,651,5.0,5.089823246002197
91,131,2.0,4.065654754638672
893,759,3.0,2.106811761856079
603,176,2.0,4.089842319488525
886,940,2.0,2.2533748149871826
737,357,5.0,4.185386657714844
291,619,3.0,3.8171825408935547
435,729,2.0,3.347322940826416
279,151,4.0,3.640918731689453
204,301,4.0,3.162763833999634
667,962,2.0,3.3601579666137695
59,288,5.0,3.635685920715332
201,375,3.0,1.8796360492706299
921,194,3.0,3.8542935848236084
340,172,4.0,4.5423455238342285
843,204,3.0,2.8246257305145264
515,538,3.0,3.0834543704986572
844,117,4.0,3.478200912475586
499,258,2.0,3.729424476623535
83,732,4.0,3.8542158603668213
401,157,3.0,3.003847599029541
452,86,4.0,3.6144964694976807
144,961,3.0,3.690286636352539
403,925,4.0,3.388381242752075
222,12,5.0,4.044619560241699
782,1292,3.0,1.1526813507080078
716,83,4.0,4.192305088043213
903,179,5.0,4.093474864959717
569,748,2.0,3.074666976928711
932,177,4.0,4.120932102203369
844,2,4.0,3.014343500137329
840,644,4.0,4.102616786956787
363,187,2.0,3.7492644786834717
887,206,5.0,4.076733112335205
486,1014,3.0,3.0049188137054443
635,268,5.0,3.4379959106445312
59,200,5.0,4.050802707672119
889,509,2.0,3.6647589206695557
776,50,5.0,4.2899861335754395
629,22,5.0,4.7013397216796875
130,321,5.0,3.827409267425537
472,66,5.0,4.385045051574707
437,276,5.0,3.6408841609954834
314,150,4.0,4.489228248596191
682,895,4.0,3.033823013305664
406,7,4.0,3.6195340156555176
830,487,5.0,4.1347174644470215
880,783,1.0,2.9356613159179688
676,271,3.0,3.2813682556152344
315,301,2.0,3.4784772396087646
214,522,4.0,3.923996686935425
284,340,4.0,3.5575313568115234
319,880,4.0,3.1000723838806152
234,1447,3.0,0.9427208304405212
846,836,5.0,3.7673251628875732
197,258,4.0,3.658376932144165
419,617,4.0,3.905097723007202
521,90,2.0,2.6861069202423096
487,85,2.0,3.2510640621185303
194,549,3.0,2.959534168243408
144,303,4.0,3.708092451095581
85,372,4.0,3.3802740573883057
11,731,4.0,3.0535762310028076
7,485,5.0,4.30546236038208
534,748,4.0,3.912372589111328
18,427,5.0,4.476160526275635
47,683,3.0,2.54648756980896
13,340,2.0,3.3746604919433594
198,871,1.0,2.238629102706909
655,1370,3.0,2.033095598220825
383,357,5.0,4.662295341491699
731,611,3.0,3.7282721996307373
698,202,3.0,2.7942750453948975
697,1059,2.0,3.0230603218078613
396,717,3.0,2.959890604019165
63,121,1.0,3.0820438861846924
573,286,3.0,3.448160171508789
864,722,2.0,3.053095817565918
758,288,4.0,3.65865159034729
648,500,5.0,3.548166275024414
500,294,3.0,3.0425775051116943
200,465,4.0,4.206843376159668
237,174,4.0,4.368430137634277
506,465,4.0,3.6666855812072754
452,318,5.0,4.130444526672363
141,100,4.0,4.250763893127441
311,499,4.0,4.239220142364502
474,435,5.0,4.298110485076904
94,385,2.0,3.8715336322784424
190,100,4.0,4.007052898406982
437,249,5.0,3.2355196475982666
897,925,5.0,3.502577304840088
235,1134,4.0,3.493823289871216
303,474,5.0,4.476917266845703
484,153,5.0,4.281193256378174
286,372,4.0,3.9144937992095947
525,118,3.0,3.0987894535064697
83,728,4.0,3.1717164516448975
860,894,2.0,1.8927066326141357
315,46,4.0,3.820547342300415
800,223,5.0,4.3694987297058105
296,79,4.0,4.503992557525635
59,53,5.0,3.1289145946502686
262,845,4.0,3.151360034942627
916,132,3.0,3.7736382484436035
436,856,4.0,4.28962516784668
548,293,4.0,3.975447177886963
825,100,4.0,4.510390758514404
889,386,3.0,2.604458808898926
178,276,3.0,3.841769218444824
253,4,4.0,3.675203561782837
922,1,5.0,3.7316737174987793
545,810,4.0,2.920675039291382
608,661,3.0,4.018166542053223
26,109,3.0,3.0398356914520264
805,99,2.0,3.58732271194458
810,338,4.0,3.3850185871124268
563,118,4.0,3.4896810054779053
676,748,4.0,3.1736204624176025
488,1025,2.0,2.495638370513916
116,532,2.0,2.949021100997925
697,326,4.0,3.833772659301758
400,689,3.0,3.241196870803833
440,300,3.0,4.367456436157227
531,311,4.0,4.16217041015625
49,547,5.0,2.6978368759155273
254,435,3.0,3.528762102127075
919,1134,2.0,3.3794479370117188
631,334,2.0,3.1300196647644043
932,470,3.0,3.819063663482666
90,906,2.0,3.806067705154419
490,919,4.0,2.889470338821411
164,823,4.0,3.528204917907715
756,176,4.0,3.6134252548217773
188,100,4.0,4.1877899169921875
314,932,4.0,3.397611618041992
878,796,2.0,2.6409389972686768
405,442,1.0,0.7828835248947144
756,419,3.0,3.3729100227355957
158,430,5.0,4.3380231857299805
925,327,3.0,3.376236915588379
85,152,5.0,3.4368247985839844
394,62,4.0,3.5605649948120117
325,58,3.0,3.3413586616516113
320,195,5.0,4.527303218841553
497,1077,4.0,2.561241865158081
374,975,4.0,3.1054458618164062
350,183,3.0,4.223158836364746
433,95,3.0,3.6630568504333496
299,20,3.0,3.2071313858032227
854,122,3.0,2.1805496215820312
184,210,4.0,3.891099452972412
625,476,2.0,2.788784980773926
445,100,2.0,2.4250614643096924
847,735,4.0,3.172334671020508
215,22,3.0,4.248305797576904
928,877,5.0,2.9576780796051025
643,5,3.0,3.3250606060028076
877,83,3.0,4.185688495635986
804,1,5.0,4.0172810554504395
158,163,4.0,3.85284161567688
109,796,3.0,3.025980234146118
542,282,3.0,3.5025343894958496
551,735,5.0,4.1230692863464355
870,208,4.0,3.6882643699645996
406,591,3.0,3.4458322525024414
653,180,5.0,3.1114683151245117
942,315,4.0,4.654460430145264
695,286,3.0,3.477006673812866
311,70,4.0,3.7601070404052734
741,70,4.0,3.5718328952789307
650,1474,3.0,2.16351580619812
145,1245,5.0,3.2994906902313232
766,131,3.0,3.6080431938171387
62,697,4.0,3.165815591812134
222,154,3.0,3.5212392807006836
325,133,3.0,3.49668550491333
291,84,3.0,3.223395347595215
413,690,4.0,3.463536024093628
604,183,3.0,3.609915256500244
615,286,4.0,3.830277442932129
13,287,1.0,3.3979501724243164
738,152,4.0,3.5372095108032227
31,611,4.0,4.253382682800293
643,671,4.0,3.849100351333618
552,815,3.0,3.037640333175659
301,235,2.0,2.8807520866394043
892,671,5.0,4.171375751495361
85,95,4.0,3.668861150741577
255,827,2.0,2.2476425170898438
181,18,1.0,1.4387626647949219
600,435,5.0,4.249313831329346
554,411,3.0,2.8641953468322754
31,303,3.0,3.8464529514312744
40,316,3.0,3.299875497817993
714,7,4.0,3.975247859954834
796,1042,4.0,3.174104928970337
659,153,4.0,3.793588161468506
816,326,4.0,4.058490753173828
301,184,4.0,3.3932783603668213
703,1012,4.0,3.613450765609741
290,596,4.0,3.154554605484009
500,396,3.0,2.8012585639953613
914,371,4.0,2.9859459400177
374,1197,4.0,3.6744980812072754
393,423,3.0,3.830690383911133
267,3,4.0,3.419074535369873
234,519,5.0,3.511367082595825
303,81,4.0,3.715223550796509
44,91,2.0,3.64090895652771
892,151,4.0,4.025177955627441
145,109,4.0,3.5157339572906494
416,990,2.0,3.8091704845428467
240,751,3.0,3.830716133117676
710,234,4.0,3.6230289936065674
456,268,5.0,3.5618884563446045
73,64,5.0,4.307968616485596
138,117,4.0,3.9681966304779053
5,412,3.0,2.0507760047912598
292,511,5.0,4.838499546051025
373,946,5.0,3.207815170288086
405,33,1.0,2.0261194705963135
23,174,4.0,4.098380088806152
450,842,4.0,3.3867509365081787
158,283,5.0,3.9447553157806396
455,237,3.0,3.4873762130737305
416,1495,3.0,3.145221710205078
795,97,2.0,3.3193891048431396
529,310,4.0,4.03114652633667
185,515,4.0,4.500621318817139
277,405,3.0,3.175729274749756
43,301,5.0,3.4054150581359863
727,176,4.0,3.7482147216796875
290,210,5.0,3.643892288208008
223,1197,3.0,3.4865355491638184
882,407,2.0,2.695695638656616
211,199,5.0,3.5987865924835205
624,689,3.0,3.242509126663208
363,216,3.0,3.5059828758239746
193,210,4.0,3.7008652687072754
397,325,3.0,2.8284976482391357
276,240,4.0,2.9278059005737305
645,430,5.0,4.15040922164917
310,251,5.0,4.400173664093018
104,1017,1.0,2.546081304550171
178,280,4.0,3.3847501277923584
339,469,5.0,4.16461706161499
833,328,2.0,3.0571045875549316
450,630,3.0,3.5729668140411377
537,86,4.0,3.118108034133911
263,678,2.0,2.980767250061035
916,48,5.0,3.8014719486236572
719,410,1.0,2.808203935623169
417,685,1.0,3.2392003536224365
351,289,5.0,3.668839931488037
798,486,4.0,3.8362720012664795
896,135,3.0,3.4892985820770264
256,370,3.0,3.3252146244049072
326,479,5.0,3.6396920680999756
144,514,5.0,3.8694450855255127
64,11,4.0,3.708007335662842
471,477,5.0,2.8675670623779297
336,294,4.0,3.1054160594940186
178,118,4.0,3.374025344848633
12,402,5.0,3.9485533237457275
908,12,3.0,3.827592372894287
279,101,3.0,3.4322350025177
60,660,4.0,3.96616792678833
244,155,3.0,3.260377883911133
11,196,5.0,3.761929750442505
757,161,3.0,3.334724187850952
749,172,5.0,4.365159511566162
690,514,1.0,3.5536487102508545
60,513,5.0,4.706782341003418
543,44,3.0,3.2585580348968506
466,226,4.0,3.10671067237854
503,213,5.0,4.256240367889404
653,151,3.0,2.763026475906372
645,243,1.0,2.4949419498443604
194,661,5.0,3.4127917289733887
92,273,4.0,3.4865615367889404
727,2,4.0,3.029384136199951
478,150,4.0,3.6484744548797607
155,288,3.0,2.5729737281799316
719,66,3.0,3.0898172855377197
524,823,4.0,2.790087938308716
863,329,2.0,3.25734281539917
685,302,3.0,2.4075281620025635
942,216,4.0,4.382577419281006
321,1028,2.0,2.8819262981414795
916,101,3.0,3.1957075595855713
216,408,3.0,4.7551374435424805
660,470,2.0,2.726306676864624
710,22,3.0,4.067907333374023
500,175,5.0,3.730278491973877
406,9,5.0,3.6266117095947266
44,147,4.0,3.487297296524048
659,178,5.0,4.34002161026001
867,690,5.0,3.817340612411499
393,66,3.0,3.5069644451141357
435,821,2.0,3.0539374351501465
201,215,2.0,3.2948222160339355
561,228,3.0,3.186593532562256
423,879,3.0,3.340634346008301
770,294,3.0,4.004569053649902
804,737,3.0,3.1796834468841553
435,715,3.0,3.1862785816192627
450,491,3.0,4.184024810791016
405,436,1.0,2.154085636138916
747,480,5.0,4.827955722808838
363,121,2.0,3.0808210372924805
95,32,1.0,3.8403303623199463
650,510,3.0,3.461604118347168
394,67,5.0,3.3358757495880127
354,650,3.0,3.475492238998413
226,270,4.0,3.6903076171875
321,212,3.0,3.10235333442688
207,265,3.0,3.538591146469116
290,818,3.0,2.7105889320373535
269,411,1.0,2.4668526649475098
405,540,1.0,1.6052017211914062
906,284,4.0,3.3171238899230957
487,540,2.0,2.759645462036133
193,100,5.0,3.9398632049560547
648,565,3.0,2.5468950271606445
393,99,3.0,3.675497531890869
503,416,2.0,3.607745885848999
450,604,4.0,4.405183792114258
568,1050,4.0,3.013850450515747
181,411,3.0,1.4006469249725342
527,183,5.0,3.8986001014709473
500,554,3.0,2.68800950050354
303,1335,3.0,2.8610317707061768
18,488,3.0,4.38672399520874
792,546,3.0,2.9076528549194336
257,59,5.0,4.382059574127197
169,243,3.0,2.4096202850341797
229,286,4.0,2.853168487548828
757,693,4.0,3.4890806674957275
181,682,4.0,1.5061213970184326
435,384,3.0,2.7264719009399414
932,1456,4.0,3.3518831729888916
44,480,4.0,4.32185697555542
856,322,4.0,2.921872138977051
279,517,4.0,3.8691742420196533
790,235,1.0,2.7338571548461914
309,1393,2.0,2.1778385639190674
858,334,4.0,3.2274575233459473
405,2,1.0,1.8956823348999023
130,731,3.0,3.750081777572632
919,892,3.0,2.6675970554351807
655,133,4.0,3.1738734245300293
373,748,4.0,3.258122205734253
350,589,5.0,4.393179416656494
378,566,3.0,3.48482608795166
413,236,4.0,3.6697587966918945
655,761,2.0,2.5575368404388428
505,151,3.0,3.3030219078063965
232,133,4.0,3.769001007080078
416,331,4.0,4.0477447509765625
661,173,4.0,4.321593761444092
425,259,1.0,2.468878984451294
864,511,4.0,4.764193058013916
472,21,3.0,3.5535552501678467
909,86,5.0,4.472316741943359
698,1149,3.0,3.004631996154785
162,237,4.0,3.758436679840088
406,382,5.0,3.463282823562622
445,174,4.0,2.452406644821167
113,100,4.0,4.52341890335083
271,518,4.0,3.7334587574005127
189,588,4.0,4.023484230041504
747,651,5.0,4.528876781463623
936,321,3.0,3.519318103790283
551,578,5.0,3.5640206336975098
378,631,4.0,3.677943229675293
334,310,3.0,3.542855978012085
574,312,4.0,3.12821888923645
240,898,5.0,3.5571134090423584
43,479,4.0,4.314933776855469
11,435,4.0,3.872789144515991
836,611,5.0,4.2761383056640625
57,111,4.0,3.717586040496826
802,681,4.0,2.886584997177124
880,287,4.0,3.864752769470215
161,135,2.0,2.6862223148345947
181,1384,1.0,1.102976679801941
679,222,4.0,3.527651309967041
261,892,5.0,3.1885178089141846
269,1040,1.0,2.224874496459961
918,83,4.0,3.5536210536956787
311,43,4.0,2.962590217590332
70,820,1.0,2.7271358966827393
901,82,5.0,4.1971635818481445
459,108,1.0,3.188671588897705
305,511,4.0,3.8773226737976074
271,169,5.0,4.372310638427734
391,427,5.0,4.294492244720459
346,182,5.0,3.770430564880371
33,313,5.0,4.689098834991455
84,203,3.0,4.277167797088623
456,143,3.0,3.4921345710754395
896,198,4.0,3.538113832473755
234,607,4.0,3.422257900238037
807,610,3.0,4.132190227508545
311,468,4.0,3.4112536907196045
619,144,5.0,3.7952284812927246
7,561,4.0,3.4575464725494385
455,144,3.0,3.679598093032837
313,151,1.0,3.588465452194214
865,240,2.0,2.066471815109253
476,70,3.0,3.6255626678466797
1,98,4.0,4.523068904876709
146,294,1.0,3.3784914016723633
698,86,2.0,2.9433321952819824
854,1077,3.0,2.4067256450653076
222,377,1.0,2.1853439807891846
148,432,5.0,3.779672622680664
506,67,3.0,3.0443809032440186
693,1145,2.0,2.3089404106140137
206,903,2.0,2.383256435394287
291,1273,2.0,3.1850059032440186
540,455,4.0,3.414714813232422
709,427,4.0,4.512679576873779
391,58,4.0,3.587756395339966
296,475,4.0,4.5089497566223145
152,412,2.0,2.7718212604522705
249,411,3.0,3.1338515281677246
385,421,2.0,3.2115213871002197
900,318,4.0,3.1825785636901855
933,94,1.0,2.5051562786102295
565,1396,5.0,3.6769025325775146
96,195,5.0,4.2508769035339355
537,224,3.0,3.0783934593200684
690,402,3.0,3.2109313011169434
387,511,3.0,4.035333156585693
456,71,3.0,3.6175968647003174
592,251,5.0,4.66985559463501
730,7,4.0,3.411060094833374
676,916,5.0,2.942951202392578
23,385,4.0,3.4994001388549805
588,485,5.0,4.0831708908081055
716,655,4.0,3.9565656185150146
461,305,2.0,3.2438695430755615
13,806,5.0,3.2979660034179688
867,64,5.0,4.926490783691406
405,1475,1.0,1.6943047046661377
822,358,3.0,2.3530423641204834
207,68,2.0,3.181347370147705
509,705,4.0,3.03110408782959
798,1076,3.0,2.5010244846343994
385,423,2.0,3.3886024951934814
330,38,4.0,3.5829644203186035
834,258,4.0,3.972454071044922
345,903,3.0,3.348695755004883
548,443,4.0,3.9938268661499023
1,34,2.0,2.8097126483917236
898,312,2.0,3.2574408054351807
634,991,3.0,2.3687493801116943
495,139,2.0,3.286093235015869
881,1057,1.0,2.251997232437134
708,866,5.0,3.1620469093322754
221,38,2.0,3.002199172973633
788,22,5.0,4.043636322021484
14,242,4.0,4.433784008026123
761,7,4.0,3.4043564796447754
430,293,3.0,3.6032094955444336
416,164,5.0,4.015743255615234
833,980,3.0,2.8881492614746094
643,1065,4.0,3.706712484359741
488,58,3.0,3.191178798675537
710,286,4.0,3.537548780441284
378,88,4.0,3.4203946590423584
524,751,4.0,3.2832508087158203
181,685,2.0,1.5731167793273926
216,82,4.0,3.955845832824707
450,87,5.0,4.415318965911865
486,301,4.0,3.126826286315918
535,792,4.0,3.7437312602996826
458,410,1.0,3.1508145332336426
59,15,5.0,3.992340326309204
297,298,5.0,3.5031886100769043
854,87,4.0,3.572338342666626
323,764,3.0,2.9180219173431396
727,195,4.0,3.7606329917907715
777,692,5.0,3.6764328479766846
486,299,1.0,2.805338144302368
10,521,4.0,4.247076511383057
178,597,4.0,3.3003599643707275
782,1315,3.0,3.0330193042755127
622,176,4.0,4.011425018310547
525,405,4.0,3.169032335281372
178,588,4.0,3.980501651763916
405,389,2.0,2.037402629852295
208,186,4.0,3.8382937908172607
727,135,2.0,3.768860340118408
22,62,4.0,3.275357723236084
529,321,4.0,3.4819231033325195
576,7,5.0,3.7986841201782227
863,879,2.0,3.255566358566284
271,1133,3.0,2.9649741649627686
128,742,3.0,3.620399236679077
622,845,3.0,3.476349115371704
692,211,4.0,3.660254716873169
417,153,5.0,3.674194097518921
392,173,4.0,4.544699192047119
399,110,2.0,2.348767042160034
92,230,3.0,3.4520249366760254
894,257,3.0,3.8021275997161865
766,228,3.0,3.4610583782196045
102,328,2.0,2.702749729156494
901,768,3.0,3.3063466548919678
535,207,4.0,3.8465123176574707
532,1496,2.0,2.738663673400879
802,358,3.0,2.776097059249878
468,135,5.0,4.213799953460693
532,248,4.0,4.444317817687988
715,234,4.0,3.6882026195526123
406,727,3.0,3.1530237197875977
500,709,4.0,3.922696828842163
595,336,2.0,2.679128885269165
446,690,2.0,2.8753135204315186
313,505,5.0,3.9069740772247314
442,56,5.0,3.68940806388855
507,302,5.0,5.772929668426514
291,204,4.0,4.429788589477539
601,1615,4.0,2.340723752975464
889,700,3.0,2.452157735824585
783,258,4.0,4.259274005889893
790,1063,5.0,3.3424606323242188
826,501,3.0,3.9313158988952637
664,227,3.0,3.361074686050415
748,483,4.0,4.227105140686035
758,312,3.0,3.4953198432922363
5,233,4.0,2.930797815322876
364,302,4.0,4.180896759033203
326,1231,3.0,2.2638099193573
301,866,4.0,3.206732988357544
709,295,3.0,3.5902087688446045
621,82,5.0,4.148507118225098
890,229,2.0,3.103489875793457
717,1282,4.0,3.315788984298706
806,1074,3.0,2.894871234893799
763,382,5.0,3.7322018146514893
850,318,5.0,5.095830917358398
891,116,3.0,4.596671104431152
806,222,4.0,3.596035957336426
600,391,3.0,2.9262382984161377
592,514,5.0,4.330779075622559
851,352,1.0,2.475755214691162
177,433,4.0,3.6415486335754395
640,550,4.0,3.9904897212982178
586,195,4.0,3.752916097640991
94,201,4.0,3.7107510566711426
790,176,3.0,3.698334217071533
531,302,5.0,4.564077377319336
54,595,3.0,3.223684549331665
66,257,3.0,3.7216649055480957
330,161,4.0,4.325175762176514
188,176,4.0,4.021844863891602
500,16,4.0,3.125901222229004
293,724,3.0,3.083801746368408
347,239,5.0,3.574444532394409
429,495,3.0,3.523775339126587
91,657,4.0,4.438906669616699
269,276,5.0,3.12629771232605
474,8,5.0,4.3414177894592285
412,193,4.0,3.9764997959136963
164,282,5.0,4.413501739501953
269,432,4.0,3.14900279045105
243,215,3.0,3.7755610942840576
320,292,3.0,4.18691873550415
901,275,3.0,4.374168872833252
327,195,4.0,3.514911413192749
537,196,3.0,3.053032875061035
262,432,3.0,3.3724119663238525
707,165,3.0,4.004238128662109
82,1101,4.0,3.389934539794922
796,12,5.0,4.4190754890441895
620,8,3.0,4.537649154663086
1,130,3.0,2.3734474182128906
643,176,5.0,4.077765941619873
892,186,3.0,4.386382579803467
290,474,3.0,3.9758217334747314
846,463,5.0,4.0930938720703125
416,241,5.0,4.025996208190918
889,655,4.0,3.6284446716308594
3,341,1.0,2.5210657119750977
48,302,4.0,4.22823429107666
527,192,4.0,4.137116432189941
749,24,2.0,3.497457981109619
1,218,3.0,3.635446786880493
95,24,3.0,3.3740057945251465
533,525,3.0,3.877323627471924
744,963,5.0,4.041964530944824
886,772,1.0,2.9138009548187256
727,542,2.0,2.5486598014831543
249,318,5.0,4.978833198547363
804,238,4.0,4.072871208190918
882,988,5.0,2.6456027030944824
330,11,4.0,4.72985315322876
603,326,4.0,3.4784677028656006
911,98,2.0,4.342833518981934
144,632,4.0,3.8634419441223145
618,969,3.0,3.4697606563568115
860,516,3.0,3.7024638652801514
932,222,4.0,3.891366958618164
280,118,2.0,3.358401298522949
25,25,5.0,3.5796732902526855
405,1553,1.0,1.651322841644287
217,7,4.0,3.3944618701934814
823,709,3.0,4.559471607208252
250,328,3.0,3.7756872177124023
510,288,3.0,3.1048033237457275
435,1069,4.0,3.1559507846832275
846,102,2.0,3.511192798614502
664,664,4.0,3.86962628364563
877,475,4.0,4.120471954345703
432,121,4.0,3.6341657638549805
195,877,3.0,2.5333704948425293
456,1324,4.0,2.1772255897521973
293,638,4.0,3.4413950443267822
711,216,4.0,4.164165496826172
727,413,2.0,2.468212842941284
313,843,3.0,2.9521913528442383
457,871,1.0,2.8951945304870605
459,216,3.0,3.924128293991089
929,431,1.0,3.3732481002807617
181,1163,2.0,1.4260532855987549
313,132,5.0,3.998002529144287
325,197,4.0,3.750444173812866
107,902,5.0,3.194336175918579
360,520,4.0,4.373674392700195
875,195,4.0,4.197543621063232
7,564,3.0,2.1448802947998047
173,995,5.0,4.041138172149658
633,128,3.0,3.226041555404663
222,227,3.0,3.0953500270843506
514,176,4.0,4.070114612579346
416,1300,3.0,2.4750752449035645
826,29,3.0,3.045445203781128
327,152,3.0,3.2009472846984863
267,77,3.0,3.7673206329345703
796,393,4.0,3.46171236038208
416,24,5.0,3.842559814453125
6,484,5.0,3.9515576362609863
796,1197,3.0,3.755072593688965
810,878,4.0,3.0585386753082275
405,960,1.0,2.055767297744751
815,196,4.0,3.9920475482940674
346,172,5.0,4.039783000946045
596,678,3.0,2.8687212467193604
914,736,3.0,3.6109955310821533
880,407,1.0,2.593209981918335
387,258,4.0,3.5742716789245605
7,481,5.0,4.459681987762451
391,132,4.0,3.9686756134033203
287,222,5.0,4.076409339904785
60,735,5.0,3.967437267303467
276,1413,1.0,2.7881078720092773
711,88,5.0,3.6448068618774414
339,411,2.0,3.117966651916504
532,914,5.0,2.720118284225464
727,117,3.0,3.501459836959839
878,588,2.0,3.3191299438476562
889,627,2.0,3.04459285736084
417,242,3.0,4.032572269439697
805,154,5.0,3.7231192588806152
130,1267,4.0,3.675299644470215
314,246,5.0,4.593289375305176
7,577,2.0,2.463545083999634
195,1415,1.0,2.1021029949188232
393,1182,3.0,2.2927744388580322
870,655,4.0,3.5919671058654785
316,64,4.0,3.637331008911133
429,481,3.0,3.826305866241455
275,300,4.0,3.1576623916625977
747,1,5.0,4.256561279296875
91,1126,1.0,3.5261809825897217
871,955,3.0,3.416619300842285
615,303,5.0,3.919646978378296
23,162,3.0,3.553121328353882
416,417,3.0,3.6025898456573486
54,50,5.0,4.80704927444458
885,71,4.0,3.495347261428833
374,1,4.0,3.8268954753875732
332,53,3.0,3.6119911670684814
308,589,4.0,4.172353744506836
497,80,3.0,2.661757707595825
881,795,2.0,2.2667057514190674
314,412,3.0,2.5498664379119873
7,550,4.0,3.7711448669433594
361,451,3.0,3.1537113189697266
286,1265,5.0,3.309607744216919
58,123,4.0,3.208669900894165
452,515,4.0,3.971994400024414
378,275,5.0,3.931619644165039
82,671,1.0,3.3498263359069824
846,176,4.0,4.222333908081055
622,1552,2.0,1.9797124862670898
426,200,2.0,3.718738555908203
514,647,3.0,4.388687610626221
363,79,2.0,3.577988624572754
813,270,5.0,3.317694664001465
758,489,5.0,4.462321758270264
695,323,2.0,2.8766019344329834
486,887,5.0,3.484252691268921
615,428,5.0,4.083247661590576
877,463,4.0,3.9484078884124756
887,140,5.0,3.6549463272094727
472,411,4.0,3.618948221206665
85,630,3.0,3.1067399978637695
785,423,2.0,3.7805490493774414
872,685,4.0,3.4900712966918945
622,769,1.0,2.6215341091156006
276,195,5.0,4.190207004547119
280,38,3.0,3.0458831787109375
424,333,5.0,3.143052339553833
868,136,5.0,3.56917142868042
526,272,5.0,3.9256415367126465
76,1157,1.0,2.974921226501465
524,192,4.0,3.9704465866088867
742,294,3.0,3.099078893661499
774,72,1.0,1.941117525100708
654,288,3.0,3.4230058193206787
474,283,3.0,4.008859157562256
683,626,3.0,1.2963597774505615
532,840,4.0,3.477586507797241
488,71,3.0,3.3459644317626953
878,317,4.0,3.4781415462493896
222,1178,2.0,2.424154281616211
881,214,4.0,3.1755857467651367
184,92,3.0,3.552406072616577
71,151,1.0,3.570141315460205
568,319,2.0,2.854869842529297
66,50,5.0,4.3614821434021
661,135,5.0,4.126003265380859
49,594,3.0,1.7587544918060303
498,258,2.0,3.335481882095337
190,273,4.0,3.4504201412200928
804,87,4.0,4.191076278686523
110,195,2.0,3.6764028072357178
542,451,3.0,3.169172525405884
429,178,4.0,4.164356231689453
499,328,5.0,3.427412986755371
200,509,4.0,4.605860710144043
871,909,3.0,3.584124803543091
453,402,3.0,3.382446050643921
141,333,5.0,3.726855516433716
227,293,5.0,3.7331125736236572
838,124,4.0,4.359682083129883
830,651,4.0,4.177674293518066
516,660,5.0,3.8831961154937744
343,403,4.0,3.714630603790283
561,709,3.0,3.509608745574951
896,482,3.0,3.5706605911254883
125,1037,2.0,1.7622027397155762
11,365,3.0,3.2771260738372803
82,514,4.0,3.5156753063201904
95,552,1.0,2.9083399772644043
174,715,3.0,3.686525344848633
41,357,4.0,4.064095497131348
104,307,2.0,2.716439723968506
49,287,4.0,2.9102935791015625
416,258,5.0,4.289618015289307
60,490,4.0,4.305819988250732
694,484,4.0,4.485562801361084
84,294,3.0,3.5234527587890625
145,470,5.0,3.630586862564087
268,1208,2.0,2.61120867729187
152,410,4.0,4.014684677124023
917,9,5.0,3.8616199493408203
905,508,4.0,3.4579548835754395
536,480,5.0,4.65411901473999
106,956,3.0,3.6877856254577637
642,928,5.0,3.526104211807251
497,274,3.0,3.275385618209839
450,1263,4.0,3.002242088317871
304,298,5.0,3.5800414085388184
766,318,5.0,4.123652458190918
22,173,5.0,4.3922319412231445
840,632,3.0,4.1887431144714355
43,58,3.0,3.7767176628112793
6,134,5.0,3.9858477115631104
758,176,5.0,4.28115177154541
505,176,4.0,3.6046955585479736
10,604,4.0,4.366349697113037
355,682,4.0,3.655425548553467
301,117,5.0,3.6542704105377197
301,180,3.0,4.034965991973877
694,205,5.0,4.298610210418701
297,282,3.0,3.371676206588745
336,1183,1.0,2.3676273822784424
907,185,4.0,5.3587775230407715
285,194,4.0,4.0500407218933105
110,905,3.0,3.2409684658050537
779,15,4.0,4.02036190032959
236,1013,2.0,2.1195597648620605
884,275,4.0,3.8068132400512695
14,25,2.0,3.6183383464813232
387,202,3.0,3.493208646774292
122,1044,5.0,3.51430082321167
805,772,3.0,2.975385904312134
311,942,5.0,3.651820659637451
864,43,3.0,3.107893228530884
68,742,1.0,3.036816358566284
450,91,4.0,4.0317840576171875
113,116,3.0,4.208364963531494
562,393,2.0,3.2491676807403564
450,194,5.0,4.541106224060059
279,1497,2.0,2.0663065910339355
291,369,3.0,2.9863648414611816
537,1011,3.0,2.583998918533325
268,860,1.0,2.1214826107025146
215,181,4.0,4.030722141265869
705,720,5.0,3.0563299655914307
567,357,2.0,4.260741233825684
1,188,3.0,3.8545706272125244
676,300,4.0,3.751138210296631
784,327,4.0,3.77532696723938
167,465,5.0,3.5688159465789795
747,591,2.0,4.027385234832764
343,708,4.0,3.7642428874969482
59,770,4.0,3.5992159843444824
269,441,1.0,2.3316988945007324
840,654,4.0,4.495861530303955
405,675,1.0,2.1627559661865234
194,204,4.0,3.174787998199463
189,129,3.0,4.1370930671691895
270,509,3.0,4.894104480743408
313,629,3.0,3.288365125656128
75,25,5.0,3.5697953701019287
362,323,2.0,2.983980417251587
756,245,3.0,2.8655545711517334
62,511,4.0,3.966780662536621
269,186,2.0,3.353776216506958
243,223,4.0,4.293911933898926
318,191,5.0,4.424132347106934
911,479,5.0,4.194891929626465
354,497,4.0,3.9193739891052246
804,154,3.0,3.9722352027893066
471,465,5.0,3.1151535511016846
497,721,3.0,3.3012239933013916
561,1,2.0,3.2449822425842285
417,825,4.0,2.885148286819458
1,242,5.0,4.3842291831970215
773,367,2.0,3.2151410579681396
922,451,4.0,3.1683459281921387
543,318,3.0,4.348363876342773
143,322,4.0,3.0870678424835205
848,845,5.0,3.8164000511169434
852,407,3.0,2.6342761516571045
669,649,4.0,3.0278847217559814
152,871,3.0,3.159695625305176
5,373,3.0,2.607382297515869
11,258,5.0,3.7059803009033203
600,578,2.0,3.454629898071289
128,181,4.0,4.063011169433594
648,23,3.0,3.8809969425201416
351,750,5.0,4.713746070861816
535,196,4.0,3.9028029441833496
59,529,4.0,4.185613632202148
648,523,3.0,3.824252128601074
254,415,3.0,2.4341607093811035
7,489,3.0,4.616611480712891
756,435,3.0,3.619863271713257
692,66,2.0,3.241060733795166
397,1018,4.0,3.4792144298553467
711,955,1.0,3.680030584335327
210,568,4.0,4.064122676849365
868,567,1.0,2.413527488708496
627,288,3.0,3.1958863735198975
936,253,5.0,3.7966504096984863
615,1021,5.0,4.1087646484375
845,1434,4.0,2.114569902420044
639,423,2.0,3.0483946800231934
239,208,3.0,4.315319061279297
11,24,3.0,3.321558952331543
679,327,4.0,3.4272735118865967
943,1047,2.0,2.8962817192077637
385,945,5.0,3.507675886154175
543,1555,3.0,2.1883909702301025
299,89,5.0,3.9062318801879883
144,197,4.0,4.0412678718566895
584,450,2.0,2.386690855026245
711,393,4.0,3.576960802078247
213,985,3.0,3.447077751159668
73,748,2.0,3.02651047706604
749,661,5.0,4.267327308654785
889,265,4.0,3.6497836112976074
457,122,2.0,2.76282000541687
588,316,5.0,4.4693708419799805
106,463,3.0,3.8227195739746094
295,794,4.0,4.2297844886779785
807,8,4.0,4.423050880432129
178,823,2.0,3.0358049869537354
193,541,1.0,2.6734092235565186
368,567,3.0,2.613884449005127
757,183,4.0,3.792287826538086
764,633,5.0,4.247787952423096
177,168,4.0,3.9851694107055664
815,229,3.0,3.1193032264709473
395,1028,2.0,3.3468129634857178
97,89,5.0,4.501340389251709
727,815,3.0,2.99006724357605
11,728,3.0,2.9105427265167236
130,1231,4.0,3.042236089706421
391,507,4.0,3.8333206176757812
332,226,5.0,4.105581760406494
828,1062,4.0,3.2263541221618652
221,298,4.0,3.8546135425567627
327,1,4.0,3.4111742973327637
864,423,5.0,4.222015380859375
447,13,5.0,3.516469717025757
188,484,5.0,4.259615898132324
864,625,4.0,3.6640431880950928
206,1022,1.0,2.6108558177948
21,242,3.0,3.8809916973114014
14,23,5.0,4.357884883880615
72,48,4.0,4.071162700653076
463,103,1.0,1.917778491973877
272,79,5.0,4.356394290924072
833,1628,3.0,2.1132311820983887
487,313,3.0,4.59212064743042
349,1128,3.0,2.5136847496032715
308,293,4.0,3.8647220134735107
279,70,1.0,3.634658098220825
445,9,2.0,2.2597529888153076
207,204,3.0,3.5195391178131104
457,956,4.0,4.359694004058838
495,629,3.0,3.81380295753479
648,637,2.0,2.8677875995635986
660,41,1.0,2.40368914604187
373,380,4.0,3.4983391761779785
62,159,3.0,2.943005084991455
919,300,4.0,3.635242462158203
663,243,3.0,2.4847071170806885
214,166,4.0,4.055139541625977
622,22,4.0,4.282455921173096
339,383,1.0,2.288252830505371
553,589,5.0,4.309327125549316
146,302,4.0,4.489917278289795
514,294,3.0,3.2829978466033936
487,652,5.0,4.062714576721191
679,215,3.0,3.6385040283203125
450,1054,2.0,2.645050048828125
343,147,4.0,3.8126800060272217
454,1,3.0,3.0147128105163574
371,97,5.0,3.8722195625305176
167,222,4.0,3.645294189453125
347,24,3.0,3.420292854309082
385,671,3.0,3.3251049518585205
450,1119,4.0,3.919910430908203
797,243,2.0,2.068338632583618
328,798,2.0,2.3275434970855713
1,270,5.0,3.84912109375
200,841,3.0,3.258545398712158
151,507,5.0,4.265638828277588
655,628,3.0,2.956287145614624
95,523,4.0,4.009312629699707
606,827,3.0,2.9441444873809814
444,307,3.0,3.6089813709259033
94,68,4.0,3.6887311935424805
393,1210,3.0,2.941892147064209
642,1011,3.0,3.617788314819336
180,191,4.0,4.540692329406738
378,234,4.0,3.7359375953674316
524,175,3.0,3.7578699588775635
380,496,4.0,3.4126734733581543
707,869,1.0,2.91454815864563
122,1168,4.0,3.6119115352630615
465,191,4.0,3.6277430057525635
444,275,4.0,4.048744201660156
578,324,1.0,2.535655975341797
530,607,5.0,4.026824474334717
757,1210,2.0,2.766786575317383
671,195,5.0,4.045434951782227
426,617,3.0,3.6768288612365723
94,228,4.0,4.015843868255615
828,340,5.0,3.1073057651519775
660,1035,2.0,2.4238686561584473
544,270,3.0,3.0076303482055664
784,323,4.0,3.2453255653381348
244,685,2.0,3.5448944568634033
315,137,5.0,4.184175491333008
622,742,3.0,3.6155548095703125
927,237,4.0,4.103177547454834
102,82,2.0,2.8968701362609863
470,285,3.0,4.187107563018799
551,1067,2.0,4.069024562835693
506,183,5.0,4.094494819641113
932,480,5.0,4.6641435623168945
1,170,5.0,4.421695232391357
554,692,4.0,3.5846149921417236
450,59,4.0,4.390354156494141
611,301,4.0,3.504633665084839
697,301,5.0,3.7234084606170654
215,23,3.0,4.113569736480713
890,403,1.0,3.5083250999450684
277,121,2.0,3.318239688873291
85,238,2.0,3.718320846557617
859,25,4.0,3.8379852771759033
301,109,5.0,3.3979227542877197
883,589,5.0,4.286404609680176
601,419,4.0,3.1818816661834717
416,475,2.0,4.53797721862793
815,418,4.0,3.711005210876465
347,70,2.0,3.632631778717041
363,181,5.0,3.5920257568359375
390,286,4.0,3.9333150386810303
648,38,5.0,2.772509813308716
648,399,4.0,3.0771217346191406
666,510,4.0,3.863600254058838
193,56,1.0,3.8823046684265137
758,922,5.0,4.361442565917969
274,845,5.0,3.9643568992614746
264,42,5.0,4.375617027282715
344,476,3.0,3.0646626949310303
314,1074,3.0,3.3575193881988525
135,321,4.0,3.0584912300109863
340,418,5.0,3.8447091579437256
293,70,3.0,3.190138339996338
727,62,3.0,2.9711029529571533
892,1,5.0,4.277698040008545
92,183,4.0,3.888648509979248
833,761,2.0,2.5391762256622314
7,133,5.0,4.264984130859375
922,810,4.0,2.8282155990600586
130,269,4.0,4.833811283111572
657,873,3.0,2.739457607269287
474,529,5.0,4.220266819000244
693,272,4.0,3.6042046546936035
917,473,3.0,3.1135780811309814
269,51,2.0,2.9665913581848145
524,708,4.0,3.2957260608673096
786,285,3.0,4.47813606262207
311,648,4.0,4.323038578033447
747,169,5.0,4.9945807456970215
450,790,2.0,3.1795895099639893
23,217,2.0,3.0802836418151855
394,90,3.0,3.524709701538086
711,1221,4.0,3.689182996749878
270,53,4.0,3.6266655921936035
934,498,3.0,4.26516056060791
296,209,4.0,4.420124530792236
181,1371,1.0,1.0384622812271118
326,419,3.0,3.2472877502441406
458,427,4.0,4.343999862670898
116,325,3.0,2.414594888687134
346,96,5.0,3.8262176513671875
276,232,3.0,3.5073676109313965
66,405,3.0,3.2827813625335693
868,132,4.0,3.4896697998046875
634,150,3.0,3.924800395965576
101,826,3.0,2.3268003463745117
796,660,5.0,3.8042526245117188
271,514,4.0,3.826265811920166
650,452,2.0,2.417156934738159
280,554,1.0,2.965808868408203
650,928,2.0,2.7685539722442627
615,988,1.0,2.450366497039795
268,627,3.0,2.862739086151123
416,333,4.0,4.0932111740112305
344,272,5.0,4.359066486358643
474,1421,4.0,3.2187750339508057
488,22,4.0,3.687592029571533
496,561,5.0,2.597294807434082
910,684,4.0,3.102759838104248
796,258,4.0,3.8648605346679688
169,301,4.0,3.242065191268921
311,118,3.0,3.3497700691223145
890,136,5.0,4.2444305419921875
390,1296,2.0,3.713414430618286
269,205,3.0,3.431109666824341
299,482,4.0,3.835103750228882
92,515,4.0,4.246496677398682
747,603,5.0,4.8240461349487305
149,346,4.0,3.0244252681732178
751,209,4.0,3.8070359230041504
15,748,3.0,2.6872076988220215
94,993,4.0,3.752251625061035
13,173,2.0,3.8818836212158203
92,949,3.0,3.342127799987793
470,9,5.0,3.691887140274048
655,518,2.0,3.1816980838775635
59,503,4.0,3.8285274505615234
104,25,3.0,2.619161367416382
556,327,5.0,3.8146791458129883
321,283,3.0,3.4688096046447754
75,597,3.0,3.2941219806671143
416,526,5.0,4.4292097091674805
450,136,5.0,4.530700206756592
13,128,1.0,3.2892708778381348
416,689,4.0,3.50065541267395
588,393,4.0,3.604879856109619
727,755,2.0,3.114591121673584
290,252,3.0,2.8076648712158203
224,1053,3.0,2.8066084384918213
6,274,4.0,3.2253332138061523
276,322,3.0,3.210000514984131
942,265,5.0,4.307549953460693
217,550,1.0,3.0114548206329346
932,414,4.0,3.912907600402832
290,699,3.0,3.4624183177948
736,1388,5.0,2.336010456085205
683,133,5.0,3.474313497543335
627,47,2.0,3.3118765354156494
387,286,2.0,3.454413890838623
892,155,2.0,3.389716863632202
606,197,3.0,4.483033657073975
897,238,4.0,4.216313362121582
881,177,4.0,3.6520094871520996
524,235,1.0,2.789261817932129
504,234,3.0,3.9235286712646484
937,268,1.0,3.524411678314209
181,1361,1.0,1.089644432067871
747,488,5.0,4.751997470855713
624,300,4.0,3.8635880947113037
227,150,3.0,3.834169387817383
894,305,4.0,3.8703508377075195
110,1090,2.0,2.440190553665161
653,472,1.0,2.317857027053833
206,310,5.0,2.680196762084961
276,383,2.0,2.1857330799102783
416,388,2.0,2.7500393390655518
938,288,5.0,3.418645143508911
200,578,5.0,3.8424160480499268
21,873,2.0,2.80422306060791
7,386,4.0,3.059581995010376
347,163,4.0,3.6374258995056152
650,211,4.0,3.441599130630493
450,601,3.0,4.278589248657227
374,692,5.0,3.5763542652130127
303,260,3.0,2.7075207233428955
652,259,2.0,2.562894821166992
500,285,3.0,4.067866325378418
213,144,5.0,4.284360408782959
435,159,5.0,3.0841689109802246
393,949,3.0,3.434098720550537
595,820,2.0,2.768486738204956
748,154,3.0,3.556753635406494
639,519,4.0,3.244596242904663
374,193,4.0,3.9665050506591797
301,802,2.0,2.7242929935455322
454,228,3.0,2.960132360458374
705,578,3.0,3.385977268218994
936,410,3.0,3.4850924015045166
181,1339,1.0,0.6940865516662598
486,328,2.0,3.2989280223846436
660,1181,1.0,2.037220001220703
627,1478,3.0,2.594846725463867
533,659,4.0,3.757140636444092
168,931,3.0,2.196882724761963
279,64,1.0,4.400412082672119
541,393,3.0,3.620668411254883
194,168,5.0,3.3746583461761475
166,894,4.0,2.0629186630249023
518,147,4.0,3.682917594909668
264,606,5.0,4.837726593017578
661,97,4.0,3.837340831756592
710,181,3.0,3.8621418476104736
931,900,4.0,4.082108974456787
195,227,3.0,3.30267071723938
694,1455,3.0,1.8796124458312988
648,484,5.0,3.9725375175476074
188,468,4.0,3.3182742595672607
618,4,2.0,3.2050015926361084
484,141,4.0,3.9455628395080566
715,941,2.0,2.9690940380096436
83,301,2.0,3.509377956390381
771,114,4.0,4.208601951599121
710,204,4.0,3.6987698078155518
17,7,4.0,3.2157633304595947
299,508,4.0,3.471571922302246
117,597,4.0,3.5781970024108887
428,690,5.0,3.991788864135742
171,326,2.0,3.1510140895843506
881,1078,3.0,2.736354112625122
7,603,4.0,4.849219799041748
838,257,5.0,3.923198938369751
830,568,4.0,3.7460010051727295
893,117,4.0,3.812946319580078
766,520,4.0,3.8674187660217285
921,1016,4.0,3.2196059226989746
848,451,4.0,3.6266915798187256
399,763,2.0,2.9372289180755615
59,23,5.0,4.399768352508545
10,157,5.0,3.9670028686523438
456,60,4.0,3.815585136413574
49,1009,3.0,2.7678117752075195
58,191,5.0,4.298125267028809
523,412,3.0,2.620811939239502
642,368,4.0,2.006380796432495
194,518,4.0,3.1635079383850098
782,258,4.0,3.4147768020629883
435,585,3.0,2.4599125385284424
332,323,5.0,3.7565181255340576
521,239,5.0,3.059624671936035
893,410,4.0,3.257059097290039
366,288,4.0,4.1251020431518555
230,96,2.0,4.180556297302246
523,382,5.0,4.343196392059326
537,460,2.0,2.44695782661438
796,485,4.0,3.9214491844177246
145,682,3.0,3.0628645420074463
243,7,3.0,3.846438407897949
730,1012,5.0,3.154043197631836
455,288,2.0,3.262939214706421
25,134,4.0,4.454927444458008
158,1011,4.0,3.436903476715088
10,176,4.0,4.3153605461120605
637,591,3.0,2.7013745307922363
33,751,4.0,3.723479986190796
802,484,3.0,4.293832778930664
707,1628,5.0,2.3448903560638428
537,188,4.0,2.922288417816162
387,435,3.0,3.728267192840576
758,831,4.0,2.58268141746521
435,172,5.0,4.0879058837890625
416,833,3.0,3.5119991302490234
276,31,4.0,3.8448047637939453
76,7,4.0,3.7792165279388428
276,1478,3.0,2.8836376667022705
268,67,3.0,2.6338911056518555
393,825,4.0,3.011484384536743
556,340,5.0,3.9109718799591064
344,122,1.0,2.4083704948425293
748,194,4.0,3.880049705505371
203,7,3.0,3.9532887935638428
567,257,3.0,3.7411935329437256
450,923,5.0,4.781213283538818
258,311,4.0,3.9041666984558105
897,451,4.0,3.52354097366333
457,144,5.0,4.5112128257751465
770,328,3.0,4.405320644378662
358,221,5.0,3.6095633506774902
399,420,3.0,3.023509979248047
301,431,4.0,3.541255235671997
524,77,3.0,3.1917645931243896
359,472,4.0,3.300130605697632
583,286,4.0,4.033942222595215
665,1315,4.0,3.2314796447753906
94,34,1.0,2.8679964542388916
570,301,3.0,2.504835844039917
182,423,5.0,3.7290961742401123
736,748,2.0,2.6509244441986084
339,317,4.0,4.327601909637451
815,616,1.0,3.7233192920684814
707,1397,1.0,2.9476168155670166
500,82,4.0,3.5860390663146973
14,100,5.0,4.391196250915527
85,751,3.0,3.2985453605651855
653,431,4.0,2.725212574005127
688,288,5.0,4.71143102645874
454,162,3.0,2.8848564624786377
467,181,3.0,4.0978522300720215
561,549,2.0,3.0244641304016113
339,655,4.0,4.197574615478516
189,253,4.0,3.660468339920044
409,527,4.0,4.008766174316406
234,162,3.0,3.1903278827667236
393,265,4.0,3.875046730041504
102,79,2.0,3.04891300201416
620,173,5.0,4.701038837432861
249,129,5.0,4.294527530670166
883,265,3.0,4.043578147888184
389,1286,5.0,3.2399344444274902
590,15,3.0,3.6849825382232666
915,346,2.0,3.1137938499450684
773,109,4.0,3.165701150894165
314,147,4.0,4.037940502166748
451,984,4.0,2.47542405128479
94,750,4.0,4.213247776031494
551,917,3.0,3.1748337745666504
345,40,3.0,3.1101880073547363
210,172,5.0,4.714512348175049
73,285,4.0,4.19464635848999
244,1012,2.0,3.7533211708068848
119,459,4.0,4.396255970001221
409,206,4.0,3.4726758003234863
213,678,4.0,3.090555429458618
269,252,1.0,2.557047128677368
222,448,3.0,3.153066396713257
58,174,4.0,4.335525035858154
150,147,4.0,3.734684944152832
279,203,2.0,3.837148427963257
312,132,5.0,4.5522847175598145
108,125,3.0,3.5920708179473877
361,194,4.0,4.007121562957764
747,596,5.0,3.710399627685547
470,93,4.0,3.537860155105591
474,469,4.0,4.132986545562744
788,828,3.0,2.5110924243927
328,318,5.0,4.391704082489014
89,880,5.0,3.3618810176849365
75,1151,2.0,2.1515700817108154
748,326,3.0,3.16758131980896
612,477,2.0,3.1221187114715576
943,391,2.0,2.8038532733917236
655,1466,3.0,2.4861316680908203
486,1302,3.0,2.7569451332092285
340,50,4.0,4.675752639770508
886,1231,3.0,2.4548144340515137
332,291,4.0,4.148595809936523
642,357,2.0,4.701932430267334
328,523,5.0,3.940904378890991
432,405,4.0,3.475618600845337
342,1016,1.0,3.3312370777130127
561,952,3.0,2.7077627182006836
387,856,5.0,3.6604700088500977
846,1133,2.0,3.237051486968994
69,427,3.0,4.5570502281188965
561,679,3.0,2.5990781784057617
533,44,4.0,3.141305685043335
374,427,3.0,4.3359456062316895
584,108,3.0,3.0569357872009277
858,181,2.0,3.900829792022705
312,483,5.0,5.089677333831787
181,1346,1.0,1.3409337997436523
869,294,3.0,2.6967954635620117
766,375,2.0,1.881392240524292
92,672,3.0,2.617847442626953
622,46,4.0,3.6473617553710938
463,1284,4.0,2.4836766719818115
482,301,4.0,3.2244679927825928
45,278,3.0,3.421579360961914
401,88,4.0,2.861856460571289
137,546,5.0,3.6433863639831543
38,940,1.0,2.7113771438598633
899,597,2.0,3.04024600982666
69,288,5.0,3.5402162075042725
523,155,4.0,3.6454997062683105
574,900,4.0,3.890723466873169
153,64,5.0,3.3661153316497803
327,129,4.0,3.4534664154052734
393,323,2.0,3.0865509510040283
342,488,5.0,4.121157169342041
610,378,5.0,3.757601261138916
291,95,4.0,4.427976131439209
943,685,4.0,3.3921241760253906
878,517,4.0,3.405521869659424
515,243,3.0,2.146360397338867
406,431,3.0,3.4057326316833496
246,369,3.0,2.3307266235351562
147,292,5.0,3.931063652038574
21,15,4.0,3.459775686264038
846,76,4.0,3.6585681438446045
908,434,4.0,3.416515350341797
87,2,4.0,3.6104342937469482
126,990,4.0,3.4039742946624756
521,147,4.0,3.0257315635681152
477,739,4.0,4.247770309448242
593,815,3.0,3.265157699584961
747,82,4.0,4.220667362213135
465,428,3.0,3.375037908554077
56,265,4.0,4.111717224121094
437,186,3.0,3.9129209518432617
627,79,3.0,3.7586936950683594
807,118,4.0,3.5492894649505615
303,120,2.0,2.2414095401763916
305,15,1.0,3.3727214336395264
305,382,5.0,3.2999260425567627
5,80,2.0,2.5239596366882324
405,446,1.0,1.5692903995513916
634,137,3.0,3.959803819656372
425,96,4.0,3.477137565612793
293,1286,4.0,2.7849864959716797
151,692,3.0,3.9275195598602295
934,514,5.0,3.963146448135376
471,422,5.0,2.351571798324585
313,655,4.0,3.8131420612335205
407,68,4.0,3.3181281089782715
847,602,3.0,3.1665213108062744
662,319,3.0,3.6012840270996094
173,984,4.0,3.4841532707214355
269,448,2.0,2.921438694000244
416,111,4.0,4.00006103515625
218,789,3.0,3.344770669937134
264,1069,5.0,3.7545645236968994
268,790,2.0,2.562082052230835
303,423,4.0,4.001636028289795
529,301,4.0,3.5863037109375
373,559,3.0,3.353407859802246
311,520,5.0,4.3855180740356445
393,196,4.0,3.8674631118774414
387,972,2.0,3.1900150775909424
633,226,4.0,3.0219147205352783
447,866,2.0,3.3166215419769287
506,271,4.0,3.339689254760742
485,301,2.0,2.8419692516326904
782,270,4.0,3.309070348739624
322,196,4.0,4.059409141540527
145,823,3.0,2.961472511291504
846,967,3.0,3.2571728229522705
881,511,5.0,4.09761381149292
146,311,4.0,4.09473180770874
869,310,4.0,3.0845677852630615
244,193,4.0,4.24111795425415
315,230,4.0,3.7211899757385254
749,233,5.0,3.321213483810425
788,679,2.0,2.9242970943450928
758,676,2.0,3.547175407409668
527,129,2.0,3.831146717071533
619,226,5.0,3.2556042671203613
932,211,5.0,4.23201322555542
534,595,4.0,3.6880123615264893
293,367,2.0,3.080890655517578
539,357,4.0,4.405096530914307
279,22,1.0,4.196567058563232
256,233,4.0,3.9355294704437256
625,705,3.0,3.617297887802124
371,746,4.0,3.934565305709839
222,441,2.0,2.485391855239868
852,289,2.0,3.370051860809326
301,81,3.0,3.5139687061309814
63,748,4.0,2.8205642700195312
354,321,2.0,3.1426291465759277
343,303,4.0,4.088607311248779
580,1014,3.0,3.279431104660034
694,203,4.0,4.098832607269287
361,430,5.0,3.936793088912964
297,690,5.0,3.2540814876556396
328,744,4.0,3.4399380683898926
896,836,3.0,3.1087818145751953
805,470,5.0,3.4858129024505615
807,398,3.0,2.4386487007141113
274,924,3.0,3.9019715785980225
854,249,3.0,2.909414291381836
256,100,4.0,5.0394697189331055
500,1048,3.0,2.799245595932007
16,125,3.0,4.086432933807373
850,50,5.0,4.930272102355957
214,179,5.0,3.9669857025146484
151,1041,3.0,3.4261577129364014
267,127,5.0,4.8238959312438965
72,770,4.0,3.3615188598632812
107,258,4.0,3.1527090072631836
297,153,5.0,3.5498123168945312
624,1289,3.0,2.0977447032928467
333,513,4.0,4.502496242523193
686,191,5.0,4.953259468078613
486,544,4.0,3.0441195964813232
313,497,4.0,3.971374034881592
561,582,4.0,3.085223913192749
270,98,5.0,5.4231390953063965
497,840,3.0,2.739532947540283
825,235,3.0,3.181519031524658
393,1285,3.0,3.2303333282470703
378,665,2.0,2.86399507522583
378,949,3.0,3.3771536350250244
118,164,5.0,4.422223091125488
387,665,2.0,2.7202887535095215
234,45,4.0,3.4384541511535645
151,546,2.0,3.3082098960876465
874,311,4.0,3.790797472000122
168,151,5.0,3.6329591274261475
629,196,4.0,4.283770561218262
85,530,3.0,3.921435594558716
224,748,3.0,2.7662923336029053
591,1028,3.0,3.0592081546783447
324,331,4.0,4.456686496734619
181,251,1.0,1.8880648612976074
913,151,4.0,3.3117294311523438
293,1057,2.0,2.0834264755249023
416,1037,2.0,1.9249026775360107
327,517,2.0,3.4435291290283203
407,729,4.0,3.324092388153076
782,313,5.0,3.837427854537964
785,661,3.0,4.093137741088867
256,550,5.0,4.113195896148682
381,133,5.0,4.104140281677246
826,946,3.0,3.47707462310791
650,520,4.0,3.6773829460144043
457,157,5.0,4.299647331237793
399,1179,2.0,1.765763521194458
682,627,4.0,3.0205020904541016
406,129,5.0,3.6914076805114746
70,82,4.0,3.7106714248657227
469,654,4.0,4.738844394683838
254,384,1.0,2.5269322395324707
234,97,2.0,3.1952648162841797
416,763,5.0,3.8102405071258545
851,1245,4.0,3.507359504699707
373,842,3.0,3.200377941131592
839,111,4.0,3.351072072982788
43,323,3.0,3.127746105194092
437,281,1.0,3.191321849822998
378,405,3.0,3.262655735015869
230,739,5.0,3.356992483139038
671,511,3.0,4.385387420654297
648,127,3.0,4.039989471435547
625,4,4.0,3.1998836994171143
566,78,1.0,2.3422253131866455
389,686,3.0,3.7798547744750977
416,452,3.0,3.057337760925293
612,476,3.0,2.9420828819274902
911,483,3.0,4.545211315155029
269,133,3.0,3.2495405673980713
276,765,3.0,2.9325668811798096
273,313,3.0,4.356688499450684
640,302,5.0,5.030997276306152
519,1617,5.0,1.6139976978302002
217,1222,1.0,2.5378713607788086
403,258,4.0,3.973341226577759
8,341,2.0,3.318387031555176
234,1121,5.0,3.133014678955078
707,747,3.0,3.299240827560425
663,658,4.0,3.506227731704712
712,168,2.0,4.396260738372803
453,797,1.0,2.9946041107177734
378,629,5.0,3.2936129570007324
712,4,4.0,3.80002498626709
177,98,5.0,4.2032904624938965
91,750,5.0,4.0725555419921875
763,230,3.0,3.5946404933929443
454,140,3.0,2.501188039779663
666,603,4.0,4.214409351348877
346,549,4.0,3.413212776184082
266,325,1.0,2.544386625289917
44,294,4.0,3.1694836616516113
345,71,3.0,3.9406564235687256
392,249,1.0,3.532876491546631
378,977,3.0,2.621410369873047
622,284,1.0,3.2056033611297607
71,89,5.0,4.091921329498291
468,257,4.0,3.9422411918640137
660,432,4.0,2.8333940505981445
775,329,3.0,3.1899142265319824
39,269,4.0,3.9077746868133545
889,72,3.0,2.9968924522399902
201,288,4.0,3.026552200317383
684,408,5.0,4.538887023925781
824,245,2.0,2.7014107704162598
455,269,4.0,3.872185468673706
95,568,4.0,3.636368751525879
901,142,4.0,3.3131096363067627
85,495,3.0,3.5091662406921387
539,131,4.0,4.0862531661987305
379,284,4.0,3.454862594604492
857,348,1.0,3.442983865737915
894,536,5.0,3.321989059448242
330,73,5.0,4.222695350646973
927,928,4.0,3.5408108234405518
870,528,4.0,3.9016366004943848
230,633,4.0,4.140947341918945
592,815,3.0,3.4460947513580322
406,1008,4.0,3.376411199569702
889,427,4.0,4.099587917327881
655,1012,3.0,2.974494695663452
363,555,1.0,1.7527179718017578
291,82,4.0,4.376708507537842
864,317,4.0,4.3827409744262695
89,197,5.0,4.502511501312256
279,176,3.0,3.9506678581237793
201,587,4.0,3.1478097438812256
457,744,3.0,4.124512195587158
95,862,1.0,2.0593101978302
42,736,5.0,4.136819362640381
486,766,4.0,2.964676856994629
875,511,5.0,4.57020378112793
701,292,4.0,3.9910595417022705
593,1016,4.0,3.564534902572632
1,122,3.0,2.479306221008301
788,12,5.0,4.160264492034912
339,640,5.0,3.337221622467041
883,513,5.0,4.616336345672607
823,419,4.0,4.020358085632324
222,476,3.0,2.8323605060577393
653,154,3.0,2.879354476928711
786,528,5.0,4.321648597717285
588,155,5.0,3.2554209232330322
13,1,3.0,3.5891406536102295
77,1,5.0,3.5812478065490723
130,876,4.0,3.134949207305908
279,1244,3.0,3.050074338912964
181,846,3.0,1.3994998931884766
320,89,4.0,4.7435760498046875
699,211,1.0,3.508366107940674
361,466,4.0,3.481682300567627
229,312,3.0,2.5332465171813965
14,474,4.0,4.532193183898926
713,690,1.0,2.8523080348968506
292,298,4.0,4.185232639312744
1,120,1.0,2.282674551010132
312,654,5.0,4.749317646026611
484,14,4.0,4.504108428955078
344,716,3.0,3.2010891437530518
806,675,3.0,3.627180576324463
625,97,4.0,3.3574211597442627
183,331,3.0,3.2399752140045166
758,496,3.0,4.458381175994873
299,538,3.0,3.4240076541900635
356,347,4.0,3.5127651691436768
465,481,4.0,3.4407148361206055
163,286,3.0,3.165958881378174
144,318,5.0,4.435130596160889
711,162,5.0,3.894824981689453
42,491,3.0,4.02353048324585
95,405,3.0,3.2627837657928467
158,4,4.0,3.7455954551696777
381,493,4.0,4.542057514190674
429,216,4.0,3.769970655441284
428,242,4.0,4.803907871246338
144,248,4.0,3.5873701572418213
678,111,4.0,3.3065803050994873
102,230,2.0,2.695528268814087
436,869,4.0,3.3083150386810303
705,597,4.0,3.2928614616394043
934,648,3.0,4.202724933624268
458,517,4.0,3.868983268737793
346,226,3.0,3.1428892612457275
457,470,5.0,4.173227310180664
830,288,1.0,3.4573111534118652
249,56,5.0,4.496982097625732
774,52,3.0,2.3147051334381104
655,914,3.0,2.14038348197937
889,182,4.0,3.7270803451538086
157,235,5.0,3.2110164165496826
293,628,3.0,3.076967239379883
497,395,4.0,2.3512392044067383
682,318,4.0,4.212751865386963
870,713,4.0,3.46382474899292
221,1067,3.0,3.803274393081665
15,546,2.0,2.596827268600464
209,16,4.0,2.941429615020752
435,67,4.0,2.861752510070801
772,678,4.0,3.158905267715454
299,25,3.0,3.221858263015747
448,305,4.0,3.4531774520874023
643,655,4.0,3.9586915969848633
234,765,3.0,2.484527349472046
666,651,5.0,3.962893486022949
276,63,3.0,3.207458972930908
122,553,3.0,3.3574647903442383
328,12,5.0,4.2455596923828125
1,224,5.0,4.074185848236084
738,177,4.0,3.7745232582092285
930,113,5.0,2.6884078979492188
875,64,5.0,4.7208333015441895
380,518,3.0,3.176452875137329
406,24,3.0,3.2315502166748047
81,269,3.0,3.8462166786193848
863,1024,3.0,3.4293649196624756
115,496,1.0,4.3572821617126465
537,661,4.0,3.2676868438720703
92,576,2.0,3.007585287094116
642,15,5.0,4.150514125823975
207,1170,2.0,2.8459320068359375
868,1509,1.0,1.5361132621765137
305,1,5.0,3.4750804901123047
577,208,4.0,4.251596450805664
798,394,4.0,3.308340311050415
701,311,5.0,4.218094825744629
537,681,1.0,2.2585604190826416
435,1039,4.0,3.8964436054229736
669,271,2.0,2.8717808723449707
450,234,3.0,4.1465349197387695
382,475,3.0,3.5314133167266846
749,423,4.0,3.936742067337036
405,877,1.0,1.6074745655059814
890,152,4.0,3.691610813140869
305,1485,3.0,2.3265421390533447
495,770,3.0,3.8471522331237793
87,216,5.0,4.434626579284668
10,708,4.0,3.7619709968566895
405,1229,1.0,1.2505807876586914
82,1001,1.0,1.795950174331665
457,147,5.0,4.121729850769043
635,13,2.0,3.150930404663086
42,185,4.0,4.340382099151611
727,550,4.0,3.194561719894409
795,173,4.0,3.725895404815674
189,847,4.0,4.1172614097595215
301,186,4.0,3.8836679458618164
291,249,4.0,3.7217700481414795
641,124,4.0,4.320254802703857
878,152,4.0,3.157041072845459
385,378,1.0,3.3513708114624023
788,227,3.0,3.201047658920288
913,25,3.0,3.1198320388793945
542,959,3.0,3.491875171661377
450,742,4.0,3.9326465129852295
930,257,4.0,3.0114450454711914
716,143,5.0,3.7808034420013428
57,831,1.0,2.502081871032715
829,268,4.0,3.5823252201080322
899,474,3.0,4.123879432678223
234,832,2.0,2.154784679412842
679,42,4.0,3.688934326171875
515,690,2.0,2.9652280807495117
303,535,1.0,3.3482162952423096
796,1037,2.0,1.7992284297943115
591,466,3.0,3.5714643001556396
870,789,4.0,3.3825275897979736
792,405,3.0,3.147854804992676
913,474,5.0,3.885507106781006
437,730,3.0,3.6060433387756348
705,588,3.0,3.9463634490966797
236,420,4.0,3.2288942337036133
290,739,3.0,3.0320308208465576
343,931,3.0,2.3529012203216553
421,175,2.0,3.7957746982574463
170,984,5.0,3.1938695907592773
429,73,3.0,3.2714483737945557
547,289,3.0,3.122115135192871
682,834,3.0,2.0426909923553467
501,591,4.0,3.9986093044281006
758,109,3.0,3.716169595718384
892,500,5.0,4.165449142456055
892,121,4.0,3.810953140258789
416,942,4.0,3.9745678901672363
246,426,3.0,2.7275357246398926
450,79,4.0,4.397411823272705
719,121,1.0,3.0521461963653564
405,670,1.0,1.7997310161590576
90,52,5.0,4.288022041320801
367,234,4.0,4.727463722229004
270,148,4.0,4.039980411529541
287,591,5.0,4.091044902801514
325,191,3.0,3.852012872695923
405,181,5.0,2.37151837348938
708,763,4.0,3.290705442428589
381,483,5.0,4.8553900718688965
922,579,3.0,2.714556932449341
734,191,4.0,3.930903196334839
82,235,1.0,2.5873284339904785
330,63,3.0,3.7802114486694336
144,655,5.0,3.798116445541382
543,410,3.0,3.0688178539276123
230,570,4.0,3.2254209518432617
838,300,2.0,3.8881144523620605
62,815,3.0,2.913790702819824
798,560,3.0,2.6830081939697266
504,503,4.0,3.714338779449463
661,86,4.0,4.088496208190918
416,631,3.0,4.20233154296875
804,1060,3.0,3.214174270629883
26,302,5.0,3.7492854595184326
291,1109,4.0,3.8782544136047363
458,513,4.0,4.426571846008301
406,747,2.0,3.2601027488708496
174,1313,4.0,3.3967909812927246
749,273,4.0,3.6531403064727783
40,754,4.0,2.633300542831421
421,709,4.0,3.9996516704559326
409,937,2.0,3.5740864276885986
429,1079,2.0,2.1515824794769287
399,400,3.0,2.1239519119262695
64,135,4.0,3.8847837448120117
788,1183,2.0,2.3564701080322266
751,1140,2.0,2.095351457595825
872,1284,3.0,3.0517311096191406
417,29,2.0,2.6514081954956055
91,612,4.0,4.119591236114502
745,168,3.0,3.1400325298309326
831,354,4.0,3.4150867462158203
334,286,4.0,3.5271379947662354
545,732,4.0,3.613717794418335
940,98,4.0,3.93110728263855
468,1134,5.0,3.626871109008789
588,72,4.0,3.370521306991577
251,978,2.0,2.6026558876037598
227,124,4.0,4.051121711730957
751,436,4.0,3.546358346939087
830,732,5.0,3.687469244003296
660,230,3.0,2.7098491191864014
144,454,3.0,2.931089401245117
431,327,3.0,3.41328501701355
709,1059,5.0,2.7666945457458496
243,28,4.0,3.8933069705963135
216,652,4.0,3.980630397796631
655,435,2.0,3.2770209312438965
938,106,5.0,2.8695662021636963
943,12,5.0,4.435131549835205
18,517,2.0,3.9878299236297607
318,307,3.0,3.7149252891540527
372,1090,5.0,3.2426960468292236
30,2,3.0,3.4363701343536377
54,1088,3.0,2.0367462635040283
181,273,1.0,1.6698739528656006
543,86,4.0,3.8074374198913574
195,413,3.0,2.5784597396850586
326,153,4.0,3.3274853229522705
519,991,2.0,2.9901933670043945
858,289,3.0,3.015188217163086
567,23,4.0,4.117522239685059
499,176,4.0,3.894742488861084
234,389,3.0,3.0011346340179443
697,833,3.0,3.533585786819458
385,98,4.0,3.7990856170654297
263,50,5.0,4.6870551109313965
606,79,3.0,4.375766754150391
160,1019,5.0,4.26909065246582
785,496,4.0,4.073674201965332
472,227,5.0,4.196181297302246
72,180,4.0,4.098191261291504
828,510,3.0,3.394256353378296
189,313,2.0,4.599637031555176
447,231,2.0,2.788952112197876
846,601,5.0,4.143052101135254
276,14,4.0,4.202494144439697
234,842,4.0,2.6940758228302
56,588,4.0,4.021814346313477
681,304,3.0,3.2713961601257324
276,382,4.0,3.844512701034546
479,238,4.0,3.7276697158813477
704,679,2.0,2.9989449977874756
500,763,3.0,3.1914148330688477
391,604,4.0,3.9533605575561523
654,418,4.0,3.624772071838379
199,678,1.0,2.4366629123687744
615,519,5.0,4.261929512023926
73,480,4.0,4.206728935241699
543,23,4.0,3.9658350944519043
495,1182,3.0,2.5040929317474365
649,254,4.0,2.520925760269165
577,655,4.0,4.135966777801514
433,174,5.0,4.05809211730957
710,510,4.0,3.8195395469665527
605,325,2.0,2.7669546604156494
927,228,5.0,4.243774890899658
686,98,5.0,5.045766830444336
267,169,5.0,5.0854573249816895
727,257,2.0,3.5301685333251953
630,25,2.0,3.258152484893799
632,475,3.0,4.065186500549316
917,100,4.0,4.180811405181885
573,479,4.0,3.896009683609009
693,222,2.0,3.049820899963379
75,114,4.0,4.557394981384277
73,269,4.0,3.906759738922119
5,380,3.0,3.052400588989258
222,678,3.0,2.58766770362854
635,301,3.0,3.0261802673339844
280,324,5.0,3.268686294555664
741,582,3.0,3.595261812210083
303,56,5.0,4.272765636444092
650,98,4.0,3.7640323638916016
188,69,4.0,3.8866748809814453
816,1025,4.0,3.39050555229187
296,22,4.0,4.774163722991943
518,118,5.0,3.369296073913574
621,40,3.0,3.2924187183380127
435,55,5.0,3.6501996517181396
160,50,4.0,4.65008544921875
753,427,5.0,3.906107187271118
404,343,1.0,3.126183271408081
560,13,3.0,3.2823219299316406
472,250,5.0,4.315594673156738
181,117,2.0,1.7209413051605225
592,323,1.0,3.291728973388672
892,649,5.0,3.7986738681793213
798,1239,4.0,2.436084032058716
49,418,3.0,2.8855795860290527
293,589,4.0,3.6342742443084717
833,515,3.0,3.7409350872039795
530,98,4.0,4.3590407371521
779,275,4.0,4.280452251434326
881,473,2.0,2.935126304626465
707,1176,2.0,3.623140811920166
95,650,4.0,3.5190787315368652
642,186,5.0,4.370650768280029
724,272,5.0,2.916177272796631
303,79,5.0,4.191796779632568
334,23,4.0,3.920954704284668
466,127,3.0,4.0071234703063965
478,124,4.0,3.855635643005371
458,58,5.0,3.633077621459961
348,477,3.0,3.982544422149658
825,174,5.0,4.658919811248779
588,268,5.0,3.9891369342803955
82,640,3.0,2.7299153804779053
148,89,5.0,4.267887115478516
316,283,5.0,3.0587804317474365
305,631,3.0,3.3517942428588867
18,65,5.0,3.6622796058654785
397,210,4.0,4.057511329650879
537,81,3.0,2.8239219188690186
348,368,3.0,2.0788040161132812
642,1503,2.0,3.2296488285064697
503,488,5.0,4.521836280822754
482,249,2.0,3.175879716873169
536,73,4.0,3.6402814388275146
4,361,5.0,3.7970476150512695
18,317,5.0,4.076115131378174
673,898,3.0,3.3392348289489746
402,135,4.0,4.297053337097168
829,213,4.0,3.8319969177246094
308,5,4.0,3.3043806552886963
628,294,4.0,3.819695472717285
254,1469,3.0,2.701017379760742
526,544,1.0,2.921616315841675
13,843,5.0,2.798286199569702
468,124,5.0,4.384647369384766
70,423,5.0,3.729321002960205
405,1530,1.0,1.3814806938171387
267,81,4.0,4.01931095123291
903,100,5.0,4.294407367706299
617,604,2.0,3.0756101608276367
451,938,4.0,2.400059223175049
454,15,2.0,2.921928644180298
152,1054,1.0,2.997305154800415
699,298,4.0,3.3494322299957275
233,143,4.0,4.149380683898926
380,1116,4.0,2.703765392303467
269,211,4.0,3.3495965003967285
92,56,5.0,4.001751899719238
95,420,4.0,3.452582836151123
630,118,4.0,3.0791335105895996
899,428,4.0,3.7853567600250244
454,385,3.0,2.8415348529815674
116,11,5.0,3.2660062313079834
406,174,4.0,4.0344438552856445
445,628,1.0,2.074460029602051
279,843,4.0,3.047715187072754
313,768,3.0,2.969215154647827
801,313,5.0,5.276427268981934
8,243,2.0,2.6649460792541504
405,1522,1.0,1.5342774391174316
243,125,3.0,3.6138110160827637
910,252,2.0,2.500708818435669
603,229,4.0,3.122793197631836
378,126,4.0,3.8176398277282715
130,546,4.0,3.6416773796081543
234,286,3.0,3.1929752826690674
235,1149,4.0,4.088730812072754
867,657,5.0,4.755897045135498
478,393,4.0,3.165534496307373
280,1313,5.0,3.179530382156372
370,199,4.0,4.126725196838379
70,186,4.0,3.8366808891296387
426,199,5.0,4.240079402923584
528,402,4.0,3.541149616241455
932,47,4.0,3.7917115688323975
87,491,5.0,4.290463447570801
506,231,3.0,2.8146910667419434
201,209,3.0,3.4495675563812256
851,31,4.0,3.953969955444336
348,472,4.0,3.7081713676452637
211,9,3.0,3.2227118015289307
569,756,3.0,2.7448318004608154
546,860,4.0,2.8011326789855957
256,1042,5.0,3.7778217792510986
334,28,3.0,3.6963577270507812
663,895,4.0,3.2522809505462646
399,180,3.0,3.509859800338745
460,294,2.0,2.9916696548461914
896,19,2.0,3.5105490684509277
451,286,1.0,3.1859073638916016
64,188,4.0,3.5935864448547363
299,52,4.0,3.6318368911743164
405,423,5.0,2.2355475425720215
469,173,4.0,4.679850101470947
655,786,2.0,2.5215041637420654
297,218,3.0,3.2533650398254395
701,344,3.0,4.189487457275391
724,682,1.0,2.101484775543213
435,578,5.0,3.1324915885925293
59,611,3.0,4.453527450561523
198,385,3.0,3.2080140113830566
458,288,3.0,3.383877754211426
684,265,4.0,3.853381872177124
867,1159,5.0,3.315223217010498
487,1244,2.0,3.166260242462158
875,334,4.0,3.5011680126190186
885,451,2.0,2.97438907623291
450,1521,3.0,2.8675050735473633
885,428,4.0,3.5690159797668457
618,763,2.0,3.071105480194092
304,742,3.0,3.4267797470092773
903,4,4.0,3.6495206356048584
709,568,4.0,3.7880263328552246
798,1249,4.0,2.8797805309295654
747,1456,3.0,3.4453907012939453
291,238,5.0,4.482086658477783
671,405,3.0,3.3637006282806396
886,265,4.0,3.740993022918701
405,1562,1.0,0.7052792310714722
807,422,4.0,2.8997995853424072
328,606,3.0,4.068398475646973
790,4,3.0,3.290297031402588
796,880,3.0,3.1419315338134766
308,201,5.0,3.548543691635132
291,1067,4.0,4.243978977203369
422,760,3.0,2.8455286026000977
776,219,3.0,3.2511558532714844
453,693,5.0,3.478010654449463
459,358,2.0,2.7106683254241943
59,403,5.0,3.672851085662842
189,28,4.0,4.102016925811768
833,508,5.0,3.209259033203125
479,1244,3.0,2.8566970825195312
234,746,2.0,3.24460506439209
308,241,4.0,3.631255626678467
62,24,4.0,3.1349828243255615
92,368,1.0,1.7054927349090576
563,301,4.0,3.569899320602417
638,472,3.0,2.800002336502075
916,212,5.0,3.113954782485962
396,471,4.0,3.73262882232666
193,693,4.0,3.464743137359619
76,24,2.0,3.3755993843078613
865,676,2.0,2.4306302070617676
352,431,2.0,3.535961151123047
887,65,5.0,4.11924409866333
293,588,3.0,3.335874319076538
337,121,5.0,3.7059719562530518
805,708,3.0,3.4046077728271484
618,1048,3.0,2.6789937019348145
60,97,3.0,3.9240005016326904
346,241,4.0,3.398801326751709
659,675,4.0,3.661677122116089
846,780,4.0,3.2409918308258057
753,504,3.0,3.542567014694214
1,72,4.0,3.3072736263275146
392,286,2.0,4.007422924041748
148,189,4.0,4.2350335121154785
166,315,3.0,4.178580284118652
814,17,3.0,2.86392879486084
801,890,2.0,2.510493755340576
807,186,4.0,4.33114767074585
689,358,4.0,2.8071115016937256
787,307,4.0,3.4188320636749268
295,105,4.0,2.9071431159973145
193,127,5.0,4.066784858703613
163,97,4.0,3.173673629760742
916,559,3.0,3.0345406532287598
10,484,5.0,4.574469089508057
610,70,4.0,3.5848939418792725
222,216,4.0,3.6476502418518066
633,322,3.0,2.8223047256469727
872,273,3.0,3.7159852981567383
524,216,5.0,3.7243940830230713
539,481,4.0,4.14732551574707
288,190,1.0,4.220436096191406
532,135,3.0,4.867713928222656
145,591,4.0,3.7113499641418457
921,1287,1.0,1.3287920951843262
161,1117,3.0,2.044494390487671
758,616,4.0,3.8947525024414062
389,518,4.0,3.9505107402801514
85,203,5.0,3.6702349185943604
321,507,3.0,3.6407663822174072
181,1252,1.0,1.538647174835205
49,557,3.0,2.7917184829711914
763,47,3.0,3.610144853591919
380,483,4.0,3.7133400440216064
514,228,5.0,3.867375373840332
556,988,1.0,2.5528130531311035
665,105,2.0,2.411926031112671
847,174,4.0,3.598515510559082
487,462,2.0,4.017476558685303
291,581,5.0,3.6977076530456543
620,755,5.0,3.7212746143341064
674,304,3.0,3.703847885131836
754,359,3.0,3.3443384170532227
194,50,3.0,3.6127145290374756
381,526,4.0,4.210092544555664
347,356,5.0,3.2940115928649902
454,879,4.0,2.6187033653259277
825,984,5.0,3.093785285949707
223,309,4.0,2.7034215927124023
450,381,2.0,3.9403014183044434
535,300,3.0,3.729212522506714
782,1379,3.0,2.764408826828003
711,248,5.0,3.8410181999206543
165,202,4.0,3.886601448059082
293,1421,2.0,2.634248971939087
532,815,4.0,3.844437599182129
299,378,3.0,3.562659740447998
682,742,3.0,3.3588883876800537
83,993,2.0,3.7667367458343506
681,898,4.0,2.925287961959839
592,15,5.0,4.099893569946289
535,121,4.0,3.471860885620117
204,1,2.0,3.6695213317871094
381,724,3.0,3.7591636180877686
618,135,4.0,3.6252682209014893
643,845,3.0,3.5325868129730225
488,678,2.0,2.4719088077545166
452,52,3.0,3.5449225902557373
240,349,1.0,3.372812271118164
732,286,5.0,3.757277250289917
468,955,4.0,3.6812665462493896
656,316,3.0,3.098421335220337
313,98,4.0,4.27375602722168
262,44,2.0,3.0778732299804688
216,405,3.0,3.4049103260040283
305,1286,5.0,2.8683512210845947
901,259,2.0,3.0370426177978516
6,459,2.0,3.6478731632232666
259,117,4.0,3.9269542694091797
92,674,4.0,2.983099937438965
271,705,4.0,3.89083194732666
442,239,3.0,3.2166614532470703
223,477,3.0,3.066680908203125
6,405,1.0,3.0985398292541504
922,77,4.0,3.2599375247955322
269,64,4.0,3.7605786323547363
347,392,2.0,3.566459894180298
882,180,4.0,4.648725986480713
450,92,4.0,3.901848316192627
659,186,3.0,3.937877893447876
629,504,4.0,4.39007043838501
519,908,5.0,3.2158854007720947
308,419,4.0,3.763059139251709
409,170,4.0,4.121152877807617
356,315,4.0,4.162848949432373
239,195,5.0,4.318337917327881
919,270,4.0,3.619389295578003
293,732,3.0,3.1785154342651367
343,83,4.0,4.447368621826172
648,168,5.0,3.868299722671509
450,608,4.0,4.270997047424316
847,756,1.0,2.4015603065490723
21,291,3.0,3.071047306060791
880,12,5.0,4.619264602661133
234,136,4.0,3.542161464691162
405,168,1.0,2.3874893188476562
402,471,4.0,3.806551218032837
500,10,3.0,3.7060225009918213
694,632,4.0,4.182357311248779
202,179,1.0,2.941439390182495
405,171,1.0,2.2974390983581543
735,100,2.0,3.7457823753356934
595,273,3.0,3.5165772438049316
660,281,3.0,2.4677059650421143
933,219,1.0,2.666654109954834
422,181,4.0,4.031172275543213
829,124,4.0,3.934802770614624
862,515,4.0,5.173864364624023
59,1050,2.0,3.8399293422698975
889,223,4.0,4.005680084228516
7,357,5.0,4.745361328125
1,183,5.0,4.144011974334717
716,197,5.0,4.2144975662231445
150,288,4.0,3.597945213317871
551,230,5.0,3.8688056468963623
60,8,3.0,4.255356788635254
382,717,3.0,2.495434522628784
594,15,4.0,3.238483190536499
279,96,4.0,3.998485803604126
184,478,4.0,4.162747383117676
554,238,3.0,3.893381118774414
523,210,5.0,4.635467052459717
234,285,4.0,3.711574077606201
592,70,4.0,3.967099905014038
815,655,3.0,3.9788811206817627
567,194,3.0,4.151240825653076
393,363,3.0,2.8627195358276367
705,1544,4.0,0.9658894538879395
790,213,3.0,3.745466709136963
276,325,3.0,2.878828763961792
117,588,3.0,4.332908630371094
375,233,4.0,3.2778968811035156
43,336,4.0,2.789247512817383
153,22,2.0,3.2110321521759033
869,126,2.0,3.210071563720703
401,477,1.0,2.6946003437042236
266,289,3.0,2.8635401725769043
235,135,4.0,4.042954444885254
585,1347,2.0,2.6144118309020996
724,327,4.0,2.4148054122924805
287,168,5.0,4.604724407196045
366,436,5.0,4.480236053466797
70,398,2.0,2.136378765106201
231,151,1.0,3.7539963722229004
293,303,4.0,3.3171916007995605
756,919,5.0,3.408139705657959
271,44,4.0,3.2691993713378906
711,380,3.0,3.5481739044189453
75,427,4.0,4.563365459442139
793,458,3.0,3.2867300510406494
595,676,2.0,3.2596793174743652
747,1067,2.0,4.097003936767578
587,353,2.0,2.156665802001953
766,194,3.0,3.7896664142608643
746,566,4.0,3.503571033477783
373,210,5.0,4.0461106300354
435,1028,2.0,2.980135202407837
682,87,5.0,3.757390022277832
181,264,2.0,1.405853271484375
682,1225,4.0,2.432992696762085
87,21,3.0,3.187893867492676
354,387,4.0,3.3336331844329834
12,318,5.0,5.024545669555664
308,428,5.0,3.971168279647827
885,213,3.0,3.6683568954467773
201,150,4.0,3.425389051437378
354,25,2.0,3.3485569953918457
389,208,5.0,4.088370323181152
751,419,4.0,3.5807247161865234
751,739,3.0,3.112016439437866
927,1415,4.0,2.342541456222534
765,15,2.0,3.9453072547912598
83,71,3.0,4.094940185546875
193,82,2.0,3.626671314239502
619,181,4.0,3.976299285888672
332,1315,2.0,4.1649250984191895
307,483,5.0,4.671308994293213
663,588,4.0,3.8061044216156006
339,9,5.0,4.158263206481934
184,568,2.0,3.6689021587371826
483,257,2.0,3.205462694168091
254,418,3.0,3.2010726928710938
142,362,3.0,3.0356698036193848
839,7,2.0,3.6096527576446533
537,705,3.0,3.1582181453704834
293,22,3.0,3.7333478927612305
584,423,4.0,3.6611146926879883
393,477,3.0,3.28090763092041
488,493,3.0,3.673236131668091
406,652,2.0,3.6375129222869873
95,742,4.0,3.551539182662964
773,29,2.0,2.5216217041015625
435,4,4.0,3.4012486934661865
397,95,4.0,4.022673606872559
892,480,4.0,4.857933044433594
804,39,2.0,3.463303565979004
661,427,4.0,4.533154010772705
385,961,4.0,3.318621873855591
588,73,3.0,3.620176315307617
145,1215,2.0,1.9017109870910645
933,193,4.0,3.213056802749634
40,333,4.0,2.8605294227600098
125,153,2.0,3.8514821529388428
704,289,3.0,3.053010940551758
334,500,3.0,3.584181785583496
10,505,4.0,4.292237758636475
450,619,3.0,3.6643404960632324
285,198,5.0,3.958214282989502
661,209,4.0,4.080583572387695
440,57,5.0,4.838504314422607
380,480,4.0,3.58996319770813
661,170,4.0,4.372102737426758
774,554,1.0,1.760986566543579
870,802,3.0,2.5755932331085205
697,129,5.0,4.437033653259277
13,413,1.0,2.440054416656494
618,151,3.0,3.300497531890869
864,794,3.0,3.938742160797119
4,288,4.0,4.021254539489746
757,399,3.0,3.099167585372925
109,122,2.0,2.4450531005859375
312,97,5.0,4.170886039733887
921,932,3.0,2.7792508602142334
532,125,5.0,4.379189968109131
239,96,5.0,4.365448474884033
795,72,3.0,2.85591197013855
94,1032,2.0,3.056917905807495
431,286,4.0,3.5654900074005127
59,111,4.0,3.793269157409668
344,235,3.0,2.9169883728027344
499,295,2.0,3.410221815109253
416,972,4.0,3.836582899093628
222,198,4.0,3.752441883087158
423,898,4.0,3.2267556190490723
152,25,3.0,4.338359832763672
59,429,4.0,4.239869117736816
405,525,1.0,2.400845527648926
387,222,4.0,3.413386821746826
286,85,5.0,3.420038938522339
642,133,5.0,4.235759735107422
910,125,3.0,3.0065343379974365
807,748,4.0,3.453263759613037
293,222,3.0,3.2048492431640625
445,1378,2.0,1.3375524282455444
334,527,3.0,3.9042818546295166
276,1081,3.0,3.0949745178222656
296,652,4.0,4.30765438079834
795,771,3.0,2.3330130577087402
661,756,3.0,2.880746603012085
632,100,3.0,4.189719200134277
682,1220,4.0,3.1658592224121094
152,284,5.0,4.031429290771484
736,254,1.0,2.096801519393921
484,315,3.0,4.726309299468994
73,59,5.0,3.867280960083008
393,684,4.0,3.7023324966430664
397,498,4.0,4.4344563484191895
601,21,3.0,2.4426515102386475
887,279,5.0,3.8161165714263916
195,651,5.0,4.034710884094238
250,340,4.0,3.9022433757781982
835,237,4.0,4.0007452964782715
340,15,5.0,3.9898221492767334
530,357,5.0,4.298731327056885
707,221,4.0,3.6769163608551025
918,133,1.0,3.3369715213775635
85,194,4.0,3.943218231201172
503,97,4.0,3.9084553718566895
848,739,5.0,3.571174144744873
847,109,5.0,2.9341506958007812
286,237,2.0,4.027954578399658
244,815,4.0,3.355470895767212
325,176,3.0,3.635805368423462
180,235,4.0,3.101731777191162
848,755,5.0,3.643195390701294
889,575,3.0,2.324479341506958
416,1262,5.0,3.444288969039917
301,227,3.0,3.2960569858551025
648,208,5.0,3.746345043182373
843,298,2.0,2.7632479667663574
58,1069,2.0,3.327324628829956
758,1019,4.0,4.324889183044434
644,328,4.0,4.124388217926025
650,494,3.0,3.5426535606384277
26,100,5.0,3.645048141479492
610,195,3.0,3.9305734634399414
60,502,4.0,3.9737277030944824
316,100,4.0,3.4072012901306152
299,235,1.0,2.75669264793396
59,588,2.0,4.0586981773376465
409,680,1.0,2.5989701747894287
255,879,3.0,2.726130247116089
293,29,1.0,2.3885416984558105
551,979,4.0,3.7416930198669434
500,729,4.0,3.2733795642852783
756,421,4.0,3.2985360622406006
660,95,2.0,2.9375247955322266
151,482,4.0,4.477803707122803
757,658,2.0,3.3427181243896484
204,242,5.0,3.9812707901000977
868,89,4.0,3.603895902633667
233,47,5.0,3.977860927581787
253,79,5.0,4.183947563171387
49,313,3.0,3.4696297645568848
672,1023,2.0,2.257356643676758
566,386,1.0,2.5405936241149902
26,405,2.0,2.9148101806640625
125,258,5.0,3.8551793098449707
151,238,5.0,4.263990879058838
425,670,3.0,2.648037910461426
327,288,4.0,3.0343048572540283
894,275,4.0,4.048117160797119
698,427,1.0,3.2585408687591553
60,661,4.0,4.396286487579346
786,179,4.0,4.057344913482666
12,300,4.0,4.096835136413574
775,286,4.0,3.5311827659606934
293,51,3.0,3.0612475872039795
429,162,4.0,3.531144380569458
437,218,2.0,3.4621989727020264
398,603,4.0,4.338068008422852
742,284,3.0,3.074453115463257
503,174,5.0,4.5025787353515625
181,275,3.0,1.8133795261383057
479,472,1.0,2.887608051300049
89,26,3.0,3.7724990844726562
870,100,4.0,3.858398675918579
864,12,5.0,4.8132500648498535
821,707,5.0,4.7294697761535645
407,147,4.0,3.3624672889709473
298,153,3.0,4.055441379547119
221,1210,3.0,2.9812402725219727
506,380,4.0,3.4707388877868652
593,40,1.0,3.1358702182769775
243,13,4.0,3.4744458198547363
104,124,2.0,3.129359722137451
188,164,4.0,3.5958971977233887
755,301,3.0,3.0150973796844482
561,651,3.0,3.4279768466949463
752,302,5.0,3.916457414627075
92,831,2.0,2.3582873344421387
882,25,2.0,3.848038911819458
65,294,4.0,3.2540197372436523
5,94,3.0,2.8212335109710693
70,128,4.0,3.431791305541992
403,472,4.0,3.158874750137329
844,241,4.0,3.3512485027313232
128,280,1.0,3.2638564109802246
92,363,3.0,2.746462345123291
45,473,3.0,3.3593695163726807
1,190,5.0,4.4718780517578125
660,392,2.0,2.7264857292175293
939,409,4.0,4.068868160247803
411,1475,3.0,2.74617600440979
757,64,5.0,4.268737316131592
537,208,4.0,3.1244168281555176
13,838,1.0,2.2690229415893555
268,840,2.0,2.5459251403808594
608,478,3.0,4.02800989151001
523,874,4.0,3.9720077514648438
411,79,4.0,3.99943208694458
804,322,5.0,3.2216737270355225
47,874,3.0,3.415712833404541
758,506,3.0,4.245715141296387
658,182,5.0,3.8609519004821777
911,584,3.0,3.538895845413208
899,663,4.0,3.830533027648926
704,661,4.0,4.0974225997924805
727,596,4.0,3.1811745166778564
624,1028,3.0,3.222484588623047
699,98,4.0,3.830043315887451
30,531,5.0,4.193181991577148
686,542,1.0,3.0902352333068848
839,532,3.0,3.234218120574951
639,750,2.0,3.1413841247558594
592,619,1.0,3.6539151668548584
614,1,5.0,3.6068716049194336
831,28,3.0,3.7796905040740967
570,268,3.0,2.817038059234619
435,386,4.0,2.6543707847595215
595,508,5.0,3.640223503112793
387,641,5.0,4.002806186676025
476,1118,3.0,3.2964982986450195
472,796,4.0,3.7765989303588867
584,161,4.0,3.3305513858795166
548,50,5.0,4.553204536437988
181,1340,1.0,0.6982823610305786
663,1067,3.0,3.716383218765259
344,124,5.0,4.167278289794922
393,123,4.0,3.2036643028259277
716,620,3.0,3.148617744445801
195,67,2.0,2.933015823364258
94,380,3.0,3.578190326690674
130,24,5.0,4.08190393447876
654,431,4.0,3.6155307292938232
727,840,2.0,2.7112534046173096
328,646,3.0,4.024291038513184
739,498,4.0,3.704324245452881
606,228,5.0,4.115287780761719
491,654,5.0,4.12235164642334
527,507,5.0,3.8346548080444336
467,7,5.0,3.8882012367248535
903,187,5.0,4.375864028930664
859,288,4.0,3.8018758296966553
429,66,2.0,3.3343422412872314
592,408,5.0,5.057341575622559
224,949,3.0,2.9800288677215576
781,302,5.0,4.215950012207031
466,550,3.0,3.182384490966797
684,50,4.0,4.345827102661133
402,25,4.0,3.6725406646728516
580,271,5.0,3.3449692726135254
708,222,5.0,3.5383663177490234
59,258,3.0,4.06952428817749
10,663,3.0,4.306674957275391
381,228,4.0,4.046849250793457
391,705,5.0,3.9310224056243896
749,571,3.0,2.5631959438323975
378,173,5.0,4.117557048797607
406,238,2.0,3.6970677375793457
102,5,3.0,2.480581045150757
659,762,3.0,3.416356086730957
707,962,2.0,3.185640811920166
370,523,3.0,3.8653957843780518
921,132,3.0,3.757993698120117
537,732,3.0,2.8633460998535156
853,264,3.0,2.4207165241241455
234,87,3.0,3.443417549133301
303,100,5.0,4.330502033233643
672,1061,4.0,2.683610200881958
934,254,4.0,2.5004217624664307
275,96,3.0,3.408608913421631
776,187,4.0,4.1332831382751465
628,326,5.0,4.062204360961914
62,742,2.0,3.2966201305389404
397,183,4.0,4.1327619552612305
420,251,5.0,4.39276647567749
217,403,5.0,3.0556070804595947
305,7,4.0,3.446415901184082
911,191,5.0,4.252849578857422
846,185,5.0,4.377187728881836
152,845,3.0,4.37518835067749
588,227,3.0,3.5432517528533936
311,941,4.0,3.1702303886413574
230,240,1.0,2.8928933143615723
53,845,3.0,3.5955069065093994
913,613,5.0,3.5803186893463135
551,658,5.0,3.8381502628326416
506,514,5.0,4.0550713539123535
339,939,4.0,3.9031341075897217
59,216,4.0,4.218722820281982
747,40,2.0,3.3564109802246094
54,7,4.0,4.196056842803955
286,425,2.0,4.311615943908691
900,696,2.0,2.2905285358428955
498,933,3.0,2.364548921585083
399,450,2.0,2.225200891494751
796,86,5.0,3.9964632987976074
843,82,3.0,2.8061141967773438
545,161,4.0,3.490306854248047
721,942,4.0,3.6274118423461914
144,66,4.0,3.4360833168029785
509,326,4.0,2.5930373668670654
293,235,3.0,2.5629265308380127
85,416,3.0,3.260201930999756
38,406,2.0,3.0532593727111816
717,995,5.0,3.518977642059326
561,505,4.0,3.3265886306762695
786,7,5.0,3.920273542404175
894,886,3.0,3.216732978820801
587,350,3.0,3.0524468421936035
13,21,3.0,2.6510417461395264
828,313,3.0,3.710266590118408
291,202,4.0,4.2682929039001465
804,10,4.0,4.11244010925293
110,366,3.0,3.1318142414093018
125,482,1.0,4.14264440536499
128,451,4.0,3.2987782955169678
840,202,5.0,3.969527244567871
202,423,3.0,2.8516743183135986
807,520,5.0,4.6494975090026855
445,994,1.0,1.5786375999450684
416,176,4.0,4.494404315948486
406,492,4.0,3.591554641723633
236,523,2.0,3.728440523147583
843,135,5.0,2.9310176372528076
535,1045,4.0,3.279313087463379
276,184,4.0,3.61981463432312
11,180,2.0,3.982361316680908
682,991,2.0,2.2244346141815186
535,521,5.0,3.94039249420166
682,722,4.0,2.617457389831543
758,200,5.0,4.076297283172607
272,11,4.0,4.134947776794434
6,192,4.0,3.9523587226867676
881,215,3.0,3.563950777053833
536,117,4.0,3.9543397426605225
500,1166,4.0,2.8614444732666016
122,1268,2.0,3.4841361045837402
567,1019,5.0,4.021622180938721
144,410,3.0,3.1239099502563477
119,257,4.0,4.220569610595703
181,369,3.0,1.328424096107483
262,358,3.0,2.4849119186401367
916,806,4.0,3.3082656860351562
942,435,5.0,4.424514293670654
561,735,3.0,3.1585309505462646
200,1139,3.0,3.248141288757324
308,567,4.0,2.840627431869507
267,67,3.0,3.300873041152954
275,625,2.0,2.848170280456543
763,22,4.0,4.3234686851501465
868,498,3.0,3.652665138244629
222,94,3.0,2.8789522647857666
831,64,5.0,4.369133949279785
551,96,5.0,4.418817520141602
658,86,4.0,3.842886447906494
689,258,5.0,3.9592692852020264
110,651,4.0,3.775653839111328
234,14,3.0,3.4319324493408203
823,69,5.0,4.173666000366211
181,237,5.0,1.687009572982788
198,684,3.0,3.2653868198394775
102,447,4.0,2.6776633262634277
660,7,3.0,2.930617570877075
921,411,2.0,2.689840316772461
445,829,1.0,1.667020320892334
498,1103,4.0,3.306317090988159
790,570,2.0,2.9093499183654785
250,993,5.0,3.818338394165039
186,322,5.0,3.1608126163482666
344,647,4.0,4.314228534698486
144,760,2.0,2.792825937271118
346,245,4.0,2.9843063354492188
94,586,1.0,2.782421588897705
336,238,3.0,3.7765514850616455
18,863,3.0,3.988157033920288
655,98,4.0,3.524259567260742
934,614,3.0,3.796419143676758
373,1066,4.0,3.1549248695373535
302,301,4.0,2.348155975341797
541,234,5.0,4.031744956970215
862,478,4.0,4.965699195861816
320,554,4.0,3.2190287113189697
90,83,5.0,4.527807712554932
94,1217,3.0,3.123481273651123
407,250,4.0,3.2862300872802734
151,559,2.0,3.5256435871124268
118,816,3.0,3.175828695297241
552,252,2.0,2.865839719772339
715,22,4.0,4.146417140960693
16,642,5.0,4.019556522369385
629,566,5.0,3.880504846572876
332,95,5.0,4.8317155838012695
184,9,5.0,3.829812526702881
387,156,5.0,3.704688787460327
727,552,2.0,2.7809247970581055
716,81,4.0,3.660221576690674
474,448,5.0,3.6689329147338867
698,498,4.0,3.1382927894592285
699,596,3.0,3.0245823860168457
399,62,3.0,2.748051166534424
303,77,4.0,3.481379508972168
832,260,3.0,2.312082529067993
425,841,1.0,2.447313070297241
417,465,4.0,3.4400634765625
661,219,2.0,3.4174413681030273
497,169,4.0,4.2627482414245605
293,239,3.0,3.133382558822632
883,59,5.0,4.166720390319824
537,151,2.0,2.8838047981262207
711,70,5.0,3.816991090774536
642,165,4.0,4.663754940032959
527,91,2.0,3.608085870742798
840,657,5.0,4.59701681137085
217,258,1.0,3.389962673187256
758,96,5.0,4.325197219848633
718,841,4.0,2.947840452194214
867,197,4.0,4.5313944816589355
846,506,3.0,4.190450668334961
308,521,3.0,3.9677422046661377
843,582,2.0,2.695686101913452
924,1,5.0,3.6952478885650635
417,588,3.0,3.66969895362854
111,269,5.0,3.8319692611694336
459,301,2.0,3.301295280456543
661,357,4.0,4.414725303649902
358,65,4.0,3.345588207244873
420,127,5.0,4.435216903686523
687,749,4.0,3.281270980834961
767,1068,4.0,3.7362685203552246
917,328,2.0,3.525217294692993
568,56,4.0,3.423762321472168
435,781,3.0,3.228794574737549
921,280,3.0,3.0197410583496094
798,1183,1.0,2.483996868133545
880,1000,3.0,3.0224204063415527
786,200,5.0,3.882200241088867
699,111,3.0,3.179727554321289
64,1139,1.0,2.677682876586914
435,541,4.0,2.712512493133545
442,89,4.0,3.757988214492798
583,12,5.0,4.788987159729004
405,1111,1.0,2.0034215450286865
886,228,4.0,3.641895055770874
749,158,3.0,2.6098709106445312
181,884,1.0,1.4865210056304932
293,213,3.0,3.5474119186401367
784,299,3.0,3.161827802658081
885,169,5.0,4.082688808441162
320,4,3.0,4.0182414054870605
682,808,4.0,2.7023472785949707
233,117,3.0,4.16810941696167
343,471,4.0,3.8296520709991455
360,83,4.0,4.220835208892822
894,1403,3.0,2.2404167652130127
346,31,4.0,3.476513147354126
256,597,4.0,3.8250536918640137
472,392,4.0,4.472167491912842
807,101,4.0,3.7508838176727295
561,156,4.0,3.3304378986358643
59,48,5.0,4.359189033508301
126,350,2.0,3.4098215103149414
484,393,1.0,3.8196260929107666
207,9,4.0,3.5011379718780518
629,50,5.0,4.841039657592773
498,1083,3.0,2.016918659210205
654,81,2.0,3.59543776512146
758,168,5.0,4.414844989776611
592,988,1.0,2.562561511993408
408,1296,4.0,3.609234094619751
294,120,2.0,2.3511228561401367
498,262,2.0,3.318950891494751
911,87,5.0,4.055652618408203
509,266,1.0,2.0773682594299316
627,684,4.0,3.461361885070801
682,192,3.0,3.933422088623047
345,1,3.0,3.950740098953247
10,418,4.0,3.903848648071289
251,300,4.0,3.8358380794525146
762,955,5.0,2.6543731689453125
62,715,2.0,3.032132625579834
722,118,4.0,3.4537394046783447
561,544,2.0,2.733057975769043
249,58,5.0,4.017670154571533
91,651,5.0,4.209750175476074
222,735,5.0,3.4667670726776123
158,798,4.0,2.4832394123077393
868,64,5.0,3.845731258392334
417,42,4.0,3.6729812622070312
592,1012,5.0,3.8711087703704834
577,62,3.0,3.3721537590026855
219,568,1.0,3.7467455863952637
82,79,3.0,3.5879852771759033
486,696,3.0,3.0184214115142822
385,2,3.0,2.8735239505767822
804,1285,2.0,3.3427889347076416
184,528,5.0,4.192515850067139
144,33,5.0,3.375216007232666
57,248,5.0,3.815584421157837
172,612,3.0,3.363246202468872
263,177,4.0,4.120545387268066
900,471,2.0,2.5318832397460938
437,204,5.0,3.8283421993255615
89,277,4.0,3.871013879776001
452,504,2.0,3.6376147270202637
92,155,2.0,3.009133815765381
106,692,3.0,3.5652551651000977
503,293,4.0,4.025094509124756
126,262,4.0,3.8144683837890625
890,423,5.0,3.9332447052001953
222,385,4.0,3.3699088096618652
374,818,3.0,2.8691699504852295
650,502,3.0,3.2681288719177246
210,969,4.0,4.242854118347168
392,297,4.0,4.379321098327637
699,9,2.0,3.419044256210327
846,65,3.0,3.787088394165039
378,220,2.0,3.3026270866394043
368,396,2.0,2.789611577987671
387,385,3.0,3.4105124473571777
417,386,3.0,2.676576852798462
576,137,3.0,3.9285802841186523
455,14,3.0,3.820413589477539
442,168,4.0,3.6953067779541016
907,284,5.0,4.116978168487549
729,683,2.0,2.1659791469573975
64,153,3.0,3.7001991271972656
154,480,5.0,4.489836692810059
450,481,5.0,4.386741638183594
851,252,3.0,3.215604782104492
222,7,5.0,3.544788122177124
632,739,3.0,3.254533290863037
788,739,2.0,3.0888686180114746
710,874,3.0,3.21682071685791
705,566,4.0,3.6677656173706055
860,381,3.0,3.3019649982452393
643,172,5.0,4.358519077301025
601,191,4.0,3.6194729804992676
409,283,4.0,3.6471235752105713
850,88,5.0,3.897897958755493
703,50,5.0,4.475583553314209
436,172,3.0,4.670611381530762
63,302,3.0,3.8200628757476807
488,89,4.0,3.625916004180908
104,246,3.0,3.0373456478118896
194,466,4.0,2.9693596363067627
367,774,4.0,3.820246934890747
592,109,4.0,3.775510311126709
543,443,4.0,3.7028250694274902
250,204,2.0,4.1811347007751465
826,426,2.0,3.468169689178467
496,38,2.0,2.449496030807495
697,886,5.0,3.5592589378356934
749,136,5.0,4.245847225189209
773,185,4.0,3.752204656600952
565,212,5.0,3.8767857551574707
379,131,5.0,4.313690662384033
749,72,3.0,3.2566914558410645
100,313,5.0,3.8312876224517822
686,182,5.0,4.629663467407227
487,431,3.0,3.7989277839660645
345,473,2.0,3.159731388092041
648,596,3.0,3.190713882446289
271,477,3.0,3.1547014713287354
613,50,5.0,4.800610542297363
894,293,4.0,3.8830275535583496
385,511,4.0,3.7861342430114746
13,145,2.0,2.416599750518799
738,919,4.0,3.678893804550171
222,1267,3.0,2.829315662384033
495,498,3.0,4.871808052062988
186,356,5.0,3.381615400314331
150,278,2.0,3.3385539054870605
676,258,2.0,3.8609161376953125
149,302,4.0,3.507395029067993
918,520,3.0,3.6743264198303223
450,366,3.0,3.699960708618164
894,198,4.0,4.1173553466796875
823,181,4.0,4.370316505432129
540,591,3.0,3.8098669052124023
911,143,5.0,3.7158524990081787
196,762,3.0,3.434418201446533
910,205,4.0,3.3862457275390625
79,303,4.0,3.9709126949310303
382,127,3.0,3.7459466457366943
711,95,4.0,4.068505764007568
280,8,5.0,4.157720565795898
620,595,5.0,3.3323090076446533
405,447,4.0,2.0643723011016846
577,1046,4.0,3.3201370239257812
94,66,2.0,3.704087495803833
56,22,5.0,4.49412202835083
654,1115,3.0,3.53114652633667
234,463,4.0,3.3214125633239746
897,550,3.0,3.650613307952881
537,1050,2.0,2.8467888832092285
244,381,4.0,3.8116869926452637
932,632,4.0,4.211595058441162
219,546,4.0,3.1070191860198975
468,372,2.0,3.734072208404541
710,886,3.0,3.0167925357818604
282,305,4.0,3.925448417663574
145,282,5.0,3.6773416996002197
545,227,4.0,3.3480958938598633
12,133,4.0,4.251516819000244
867,855,5.0,4.267332077026367
450,1041,4.0,3.452514171600342
474,205,5.0,4.359860897064209
72,509,4.0,3.8993372917175293
346,392,3.0,3.385255813598633
281,258,2.0,3.789457321166992
435,434,2.0,3.744868040084839
334,387,4.0,3.260889768600464
291,140,4.0,3.614655017852783
830,480,5.0,4.4549760818481445
293,708,3.0,3.052523612976074
497,25,4.0,3.257239818572998
181,1327,1.0,1.1411421298980713
807,498,4.0,4.65614652633667
95,97,4.0,3.6696763038635254
655,1395,3.0,2.196279525756836
130,215,5.0,4.493876934051514
712,400,3.0,2.5382325649261475
213,597,5.0,3.500232458114624
537,276,4.0,2.9153082370758057
561,86,4.0,3.3191630840301514
595,948,3.0,2.1621792316436768
186,385,4.0,3.7380759716033936
89,381,4.0,3.932993173599243
13,771,3.0,2.412013292312622
58,283,1.0,3.7787961959838867
655,281,2.0,2.756377696990967
720,286,5.0,3.9372799396514893
470,742,4.0,3.4582693576812744
92,500,4.0,3.667419910430908
92,508,5.0,3.6134262084960938
451,687,2.0,1.8694546222686768
556,604,5.0,4.377330780029297
599,1048,2.0,3.571636915206909
654,24,4.0,3.4317922592163086
141,50,4.0,4.4903998374938965
303,99,4.0,3.8140859603881836
256,771,2.0,3.1014933586120605
417,212,1.0,3.219726800918579
201,146,1.0,2.273301601409912
187,300,4.0,3.812775135040283
291,588,4.0,4.353946208953857
70,751,4.0,3.3586418628692627
543,96,4.0,3.876882314682007
934,435,4.0,4.011345386505127
561,794,2.0,3.0315213203430176
900,186,2.0,2.8001980781555176
659,214,3.0,3.344972610473633
243,1148,3.0,3.2125439643859863
10,200,5.0,4.102768898010254
655,1106,2.0,2.152618885040283
629,58,4.0,4.032785415649414
13,911,2.0,2.3638033866882324
774,1228,1.0,1.6085433959960938
472,485,3.0,4.868289470672607
389,568,3.0,3.78063702583313
313,684,4.0,3.651596784591675
310,748,3.0,3.253218173980713
271,28,5.0,3.762075185775757
562,4,1.0,3.3732619285583496
707,782,3.0,2.6765384674072266
379,100,5.0,4.521492958068848
532,818,2.0,3.48650860786438
766,90,1.0,2.86307430267334
655,1140,3.0,2.074824571609497
757,173,4.0,3.98583984375
551,67,5.0,3.2356014251708984
259,269,3.0,4.287640571594238
279,826,4.0,2.6345393657684326
18,515,5.0,4.444396018981934
504,1421,4.0,3.1175520420074463
496,443,2.0,3.1914010047912598
747,467,4.0,4.2338128089904785
343,583,4.0,3.409834861755371
337,449,4.0,3.2847204208374023
528,168,4.0,4.088155746459961
417,732,4.0,3.495715856552124
425,53,4.0,2.5837202072143555
314,1165,2.0,2.2997357845306396
435,1215,3.0,1.8277451992034912
745,177,3.0,2.949474811553955
442,159,4.0,2.8950467109680176
539,56,2.0,4.230128288269043
296,221,5.0,4.332488059997559
378,768,4.0,2.9803953170776367
326,436,3.0,3.2169859409332275
157,50,4.0,4.847210884094238
889,169,5.0,4.208990097045898
254,71,3.0,3.3998873233795166
347,930,2.0,2.721189022064209
207,154,2.0,3.4715466499328613
346,4,4.0,3.3629560470581055
447,484,5.0,4.312276363372803
393,11,3.0,3.808690309524536
77,474,5.0,3.969142436981201
321,647,3.0,3.9932332038879395
426,211,4.0,3.8826661109924316
606,185,3.0,4.488216876983643
664,58,4.0,3.6825437545776367
244,1107,2.0,3.341832160949707
328,347,5.0,3.454509973526001
113,262,2.0,4.150070667266846
144,280,1.0,3.189697027206421
798,161,3.0,3.441645383834839
126,344,4.0,3.8782989978790283
84,237,4.0,4.036961078643799
905,333,3.0,3.4010958671569824
555,111,4.0,3.9000966548919678
405,524,1.0,2.338996171951294
361,513,5.0,4.305510520935059
433,276,5.0,3.484988212585449
542,179,4.0,3.831916332244873
163,98,4.0,3.695981502532959
349,276,5.0,3.460972309112549
379,286,4.0,4.015045166015625
393,50,5.0,4.34935188293457
682,673,3.0,3.3621344566345215
617,448,3.0,2.657468557357788
328,601,4.0,3.803798198699951
748,408,5.0,4.274548053741455
828,57,3.0,3.4789297580718994
740,302,5.0,3.9063026905059814
907,924,5.0,4.398318767547607
64,718,4.0,3.419468402862549
171,344,3.0,3.5911526679992676
201,232,2.0,2.9520974159240723
297,284,4.0,2.971266508102417
650,88,3.0,3.028970718383789
887,633,5.0,4.586334228515625
881,443,5.0,3.6402463912963867
303,1118,3.0,3.4185118675231934
835,234,5.0,4.1492390632629395
234,21,3.0,2.5001277923583984
13,668,1.0,2.0374319553375244
893,471,4.0,3.6419901847839355
577,1054,3.0,2.5707783699035645
602,148,4.0,3.6475884914398193
833,943,4.0,3.0365521907806396
806,484,4.0,4.174574851989746
387,434,5.0,3.6448404788970947
694,229,4.0,3.229094982147217
373,12,5.0,4.533196926116943
722,124,4.0,4.4521403312683105
347,827,1.0,2.7112374305725098
460,286,4.0,3.416677713394165
449,640,5.0,3.2073214054107666
276,81,4.0,3.7528879642486572
763,702,3.0,3.1648447513580322
870,42,2.0,3.539252758026123
932,169,5.0,4.820652008056641
99,273,5.0,3.6923484802246094
85,1121,3.0,3.445859432220459
276,386,3.0,2.8618602752685547
23,642,3.0,3.392340898513794
655,1388,3.0,2.4638428688049316
172,606,3.0,3.5015838146209717
795,1030,3.0,1.935854196548462
347,227,4.0,3.3502581119537354
32,250,4.0,3.177258014678955
796,145,2.0,2.635242223739624
268,717,1.0,2.4922895431518555
806,271,3.0,3.206446647644043
483,195,3.0,3.4019439220428467
405,588,2.0,2.222280979156494
865,625,1.0,2.4553093910217285
896,662,3.0,3.0165793895721436
435,28,3.0,3.726102352142334
385,922,4.0,3.5699923038482666
256,741,4.0,4.317051410675049
109,55,2.0,3.796220064163208
103,255,5.0,3.2031402587890625
184,517,4.0,3.890031337738037
346,92,4.0,3.3800225257873535
474,505,5.0,4.27152156829834
1,146,4.0,2.5865590572357178
104,269,5.0,3.0772488117218018
308,1147,4.0,3.759509325027466
532,946,5.0,3.7548582553863525
805,396,4.0,2.911759853363037
501,928,3.0,3.450072765350342
525,269,5.0,3.882768154144287
422,326,3.0,3.3997080326080322
322,89,3.0,4.3639020919799805
314,959,3.0,4.119549751281738
442,96,4.0,3.6279633045196533
303,88,4.0,3.589756965637207
354,511,4.0,4.210267066955566
707,170,5.0,3.995492458343506
318,211,5.0,4.133170127868652
1,167,2.0,3.1837947368621826
20,98,3.0,3.57458758354187
239,172,4.0,4.6178364753723145
60,47,4.0,3.7462990283966064
880,628,2.0,3.7085797786712646
181,222,4.0,1.701463222503662
87,1047,3.0,3.2236580848693848
892,133,3.0,4.253945827484131
145,1023,1.0,2.5564746856689453
506,432,4.0,3.8022003173828125
18,973,3.0,0.9346370697021484
268,558,3.0,3.324458122253418
121,126,3.0,3.7474985122680664
936,276,5.0,4.028132915496826
560,260,1.0,2.539727210998535
26,840,2.0,2.5368878841400146
58,195,4.0,4.034489154815674
870,186,4.0,3.6731784343719482
317,323,2.0,3.182187080383301
595,1067,4.0,3.658484697341919
213,273,5.0,3.959364414215088
403,147,5.0,3.6778032779693604
330,255,4.0,4.107388973236084
727,451,5.0,3.074383497238159
500,129,4.0,3.663595199584961
681,682,1.0,2.7469077110290527
203,282,1.0,3.7318224906921387
829,259,2.0,2.633202075958252
254,64,4.0,3.94136118888855
642,412,2.0,2.5347542762756348
650,137,3.0,3.4438281059265137
99,288,4.0,3.5226998329162598
178,628,4.0,3.6667726039886475
92,1213,2.0,1.9579346179962158
174,332,5.0,3.8782920837402344
141,330,1.0,3.227278709411621
277,591,4.0,3.5120816230773926
201,693,4.0,3.2084128856658936
192,276,2.0,3.589789390563965
621,172,5.0,4.626964092254639
80,514,3.0,3.8911259174346924
878,531,2.0,3.421480178833008
142,243,1.0,2.47141695022583
622,391,2.0,2.7838168144226074
250,294,1.0,3.447816848754883
532,100,5.0,5.0578999519348145
64,69,4.0,3.7430942058563232
328,540,3.0,2.579571008682251
336,158,3.0,2.464771270751953
170,348,3.0,3.843703031539917
94,528,5.0,4.471009731292725
29,539,2.0,2.5900075435638428
561,240,1.0,2.4027926921844482
394,132,4.0,4.613269329071045
269,902,5.0,3.294626235961914
889,488,2.0,4.0133957862854
817,273,5.0,3.478782892227173
234,280,3.0,2.823042154312134
758,25,4.0,3.678582191467285
311,176,4.0,4.123244285583496
919,832,3.0,2.3689441680908203
811,690,5.0,3.9808084964752197
174,221,4.0,4.357077121734619
560,546,2.0,2.9051079750061035
709,182,4.0,4.094150543212891
436,11,5.0,4.184734344482422
181,259,1.0,1.4328590631484985
486,7,5.0,3.5886616706848145
256,1119,3.0,4.342449188232422
534,919,5.0,4.70152473449707
159,988,3.0,2.5489180088043213
397,134,5.0,4.444460868835449
504,1110,2.0,3.0490188598632812
181,324,1.0,1.5080547332763672
719,254,1.0,2.1991231441497803
255,185,4.0,3.338784694671631
399,71,3.0,3.291278600692749
786,216,4.0,4.059215545654297
887,164,4.0,4.105336666107178
496,420,3.0,2.916680097579956
524,514,5.0,3.7177016735076904
425,244,1.0,2.7384276390075684
474,124,5.0,4.468413829803467
214,608,4.0,3.9143025875091553
619,258,5.0,3.7611711025238037
679,184,4.0,3.3430020809173584
144,235,1.0,2.8739354610443115
710,282,2.0,3.460217237472534
354,958,4.0,3.6677956581115723
303,106,2.0,2.9437718391418457
334,792,4.0,3.551419258117676
551,97,5.0,4.075645923614502
391,659,4.0,3.9718213081359863
117,763,5.0,3.8452985286712646
825,628,4.0,3.8191640377044678
495,101,5.0,3.9017252922058105
141,826,2.0,2.6148569583892822
556,325,2.0,2.9568822383880615
144,100,5.0,4.077427387237549
229,260,1.0,2.1057090759277344
479,144,4.0,3.670283555984497
311,671,3.0,3.892652988433838
854,709,4.0,3.7226455211639404
682,237,3.0,3.409498929977417
735,325,1.0,2.507920265197754
246,161,3.0,3.0848920345306396
26,116,2.0,3.38596773147583
279,940,5.0,2.4478251934051514
169,258,5.0,3.733562707901001
230,418,5.0,3.749241828918457
817,363,3.0,2.745701313018799
880,396,2.0,3.1371006965637207
500,250,4.0,3.2379090785980225
393,1337,3.0,2.0787627696990967
703,276,3.0,3.7505784034729004
823,1217,1.0,3.171196937561035
169,603,5.0,4.267154693603516
881,477,4.0,3.0862884521484375
525,829,2.0,2.649489402770996
846,622,4.0,3.4213314056396484
634,300,3.0,3.713620185852051
145,751,4.0,3.521451950073242
344,511,4.0,4.348280429840088
903,50,5.0,4.535542011260986
378,123,3.0,3.132214069366455
221,469,3.0,3.9346272945404053
387,232,2.0,3.1342825889587402
251,50,5.0,4.548537731170654
846,131,3.0,4.1947245597839355
303,1270,1.0,2.3311002254486084
551,235,1.0,3.178298234939575
101,123,2.0,2.893584966659546
409,1020,5.0,3.7974853515625
815,444,2.0,2.842620372772217
437,288,2.0,3.3774726390838623
7,341,3.0,3.384904384613037
92,620,3.0,3.016101598739624
415,531,5.0,4.2262115478515625
660,636,2.0,2.5531864166259766
378,591,4.0,3.600048780441284
603,230,4.0,3.6233878135681152
87,801,3.0,3.1586077213287354
899,685,3.0,3.2209181785583496
933,597,1.0,2.5429205894470215
739,98,3.0,3.7880563735961914
608,283,4.0,3.5988569259643555
123,531,3.0,4.0912628173828125
886,237,4.0,3.511495590209961
665,418,4.0,3.4715211391448975
727,392,4.0,3.3580849170684814
145,879,5.0,3.398020029067993
553,181,4.0,4.202434062957764
1,214,4.0,3.482117176055908
265,742,5.0,3.5959455966949463
409,603,5.0,4.255935192108154
479,248,4.0,3.474931240081787
213,200,5.0,4.216705799102783
805,755,3.0,3.2307963371276855
99,118,2.0,3.3429105281829834
422,271,3.0,3.2566511631011963
504,579,4.0,2.913395881652832
378,419,4.0,3.662814140319824
821,148,3.0,3.8061509132385254
276,183,5.0,4.186701774597168
392,847,4.0,4.2278900146484375
151,659,5.0,4.421909809112549
803,688,1.0,1.9203300476074219
198,763,3.0,2.99005389213562
234,609,3.0,3.0718395709991455
250,184,1.0,3.725524663925171
401,70,4.0,2.992544412612915
619,568,5.0,3.6267786026000977
896,127,5.0,3.7466604709625244
13,760,1.0,2.643643856048584
853,259,3.0,2.4402899742126465
536,584,5.0,3.7522974014282227
321,479,4.0,3.886756420135498
383,654,5.0,4.6258087158203125
318,134,5.0,4.445188999176025
409,1328,2.0,3.022165298461914
463,116,5.0,3.2649168968200684
449,244,4.0,3.2512950897216797
130,622,3.0,3.87050199508667
537,753,2.0,2.9534850120544434
903,192,5.0,4.372350215911865
13,478,4.0,3.873128652572632
788,228,3.0,3.6084039211273193
354,59,5.0,3.908792495727539
13,590,2.0,1.863748550415039
712,796,4.0,3.2555394172668457
892,70,4.0,4.020147800445557
18,492,4.0,3.888465404510498
135,98,5.0,4.132791996002197
744,1,4.0,3.637000560760498
387,321,3.0,3.0108699798583984
63,322,2.0,2.7568247318267822
178,469,3.0,4.012349605560303
734,111,3.0,3.3055059909820557
337,1133,4.0,3.289140224456787
320,174,4.0,4.872925281524658
92,1157,2.0,2.9388041496276855
299,194,3.0,3.888648271560669
823,640,1.0,3.309530258178711
545,233,4.0,3.2458319664001465
59,427,5.0,4.674707889556885
62,121,4.0,3.1656742095947266
194,517,3.0,3.203779935836792
343,198,4.0,4.408943176269531
442,433,4.0,3.3801958560943604
109,809,4.0,3.0993006229400635
234,229,4.0,2.666836977005005
560,127,5.0,4.072200298309326
96,190,4.0,4.570632457733154
406,187,2.0,3.996133804321289
3,333,2.0,2.990318536758423
779,294,5.0,3.4462361335754395
521,56,4.0,3.509918451309204
373,99,5.0,3.8077454566955566
390,277,2.0,3.7796387672424316
649,323,3.0,3.0944619178771973
468,318,5.0,4.7852783203125
59,140,1.0,3.3855762481689453
94,248,4.0,3.8726887702941895
457,176,5.0,4.673575401306152
619,546,2.0,3.003765106201172
73,255,2.0,3.2056384086608887
82,274,3.0,3.058155059814453
595,546,4.0,3.0009398460388184
416,4,4.0,3.9789679050445557
405,747,1.0,2.0427725315093994
286,1051,4.0,3.6202871799468994
618,506,4.0,3.5747013092041016
99,762,2.0,3.540043592453003
938,126,4.0,3.88728666305542
453,237,4.0,3.4770891666412354
417,767,1.0,2.41593599319458
126,315,4.0,4.207089900970459
756,755,3.0,3.007664203643799
320,129,4.0,4.445339679718018
489,331,5.0,4.194970607757568
729,879,3.0,2.8246521949768066
244,433,5.0,3.9692440032958984
176,319,3.0,3.482815742492676
623,815,2.0,3.0562143325805664
344,628,4.0,3.513904094696045
456,357,4.0,4.001037120819092
539,661,5.0,4.305387496948242
647,1263,3.0,2.8085358142852783
643,204,3.0,3.957343339920044
762,421,4.0,2.74062442779541
682,380,4.0,3.1548502445220947
478,15,5.0,3.481644630432129
682,95,5.0,3.60296893119812
426,133,5.0,3.7572054862976074
151,1044,2.0,3.6398119926452637
15,932,1.0,2.5302846431732178
648,713,2.0,3.5168073177337646
669,313,4.0,3.8405916690826416
308,47,4.0,3.6000776290893555
573,174,4.0,3.981663942337036
588,362,3.0,3.200974225997925
393,385,4.0,3.648787260055542
627,300,4.0,3.472463846206665
682,243,1.0,2.323472738265991
399,407,3.0,2.2068240642547607
373,83,5.0,4.247802734375
301,228,3.0,3.7220287322998047
661,566,4.0,3.6413633823394775
852,473,3.0,3.367647409439087
545,743,3.0,2.037809133529663
223,975,1.0,2.943770408630371
767,172,5.0,4.776545524597168
503,633,5.0,4.199671268463135
831,331,4.0,3.50628662109375
773,588,1.0,3.4684836864471436
181,125,3.0,1.6652708053588867
543,466,4.0,3.477585554122925
535,269,4.0,4.0729660987854
659,58,4.0,3.650376558303833
90,1200,4.0,3.4080958366394043
599,846,5.0,3.52531099319458
102,217,2.0,2.4632132053375244
299,1506,4.0,2.2646543979644775
398,655,4.0,3.8457138538360596
545,680,2.0,2.6449532508850098
702,294,1.0,2.413637638092041
385,484,4.0,3.6985533237457275
537,675,3.0,2.9148621559143066
592,180,5.0,4.510719299316406
588,384,1.0,2.991356611251831
663,210,3.0,3.908931255340576
389,301,4.0,3.396165609359741
650,484,5.0,3.6611993312835693
64,679,3.0,2.9681646823883057
318,481,4.0,4.188456058502197
665,833,3.0,3.0191876888275146
580,619,3.0,3.452507257461548
919,315,3.0,4.103116512298584
305,97,4.0,3.339050769805908
157,118,2.0,3.55875301361084
200,552,4.0,3.471407890319824
451,307,4.0,3.097733497619629
158,516,5.0,4.294557094573975
18,168,3.0,4.196840763092041
151,661,4.0,4.551054000854492
655,503,3.0,3.00801682472229
387,769,1.0,2.4585249423980713
901,38,3.0,3.205885887145996
184,591,3.0,3.6426262855529785
39,258,4.0,3.6855225563049316
790,67,3.0,2.7809834480285645
201,191,4.0,3.6812314987182617
591,856,4.0,3.8764777183532715
379,527,3.0,4.469000339508057
537,730,3.0,2.87577486038208
890,172,5.0,4.35822868347168
762,515,5.0,3.2564902305603027
56,56,5.0,4.328960418701172
660,216,2.0,3.005284309387207
347,328,4.0,3.510469913482666
167,237,4.0,3.652799129486084
846,28,5.0,4.109666347503662
622,190,4.0,4.303622245788574
417,1036,3.0,2.7074692249298096
758,181,4.0,4.334084510803223
727,1215,2.0,1.7863852977752686
869,1163,2.0,2.451615810394287
532,348,4.0,4.128294467926025
370,56,2.0,3.9081435203552246
533,193,4.0,3.715322494506836
864,245,4.0,3.423832893371582
483,473,3.0,2.6635138988494873
665,183,4.0,3.8156580924987793
361,443,3.0,3.7026681900024414
268,95,4.0,3.423056125640869
746,186,4.0,3.925356864929199
279,153,5.0,3.7900357246398926
553,275,5.0,4.158687114715576
426,601,3.0,3.832759380340576
543,56,5.0,3.9450294971466064
919,147,4.0,3.453488349914551
650,1110,4.0,2.5835213661193848
266,25,3.0,3.155996561050415
92,660,4.0,3.66800594329834
921,1034,3.0,2.3115315437316895
405,173,5.0,2.420293092727661
328,270,2.0,3.60123348236084
495,176,5.0,4.5626654624938965
798,2,4.0,3.183911085128784
561,197,4.0,3.453360080718994
405,1043,1.0,1.6945152282714844
43,731,4.0,3.2255332469940186
398,588,4.0,3.7773613929748535
436,1178,3.0,2.8754940032958984
431,323,3.0,2.9484293460845947
441,300,3.0,3.743290662765503
936,815,3.0,3.4849417209625244
457,77,4.0,3.9261069297790527
43,371,4.0,3.3248355388641357
145,278,4.0,3.204637050628662
478,1221,2.0,3.25942325592041
407,216,4.0,3.7691802978515625
795,39,4.0,2.9740729331970215
291,829,2.0,3.135274648666382
1,121,4.0,3.587960720062256
210,4,4.0,3.9002177715301514
538,496,5.0,3.8752384185791016
181,744,2.0,1.6292634010314941
629,300,4.0,4.073023796081543
683,56,5.0,3.710772752761841
221,33,4.0,3.527092456817627
400,307,3.0,3.700984001159668
94,90,3.0,3.3072502613067627
55,7,3.0,3.417263984680176
222,82,4.0,3.5339865684509277
46,93,4.0,4.006298065185547
222,772,2.0,2.790095329284668
540,742,4.0,3.745307683944702
540,515,5.0,4.541454315185547
548,603,5.0,4.5292067527771
125,451,4.0,3.312260866165161
195,325,2.0,2.7284748554229736
457,160,4.0,3.9556188583374023
425,1597,3.0,2.3958628177642822
385,152,3.0,3.204780340194702
331,69,5.0,3.6062850952148438
59,131,4.0,4.2242655754089355
435,609,4.0,3.413393497467041
501,13,4.0,3.7732276916503906
224,676,3.0,2.881826162338257
121,514,3.0,3.8111331462860107
188,692,5.0,3.6345720291137695
523,430,4.0,4.854018688201904
48,289,1.0,3.075758218765259
343,214,4.0,3.6193430423736572
253,1025,3.0,2.927608013153076
851,332,1.0,3.7445120811462402
405,858,1.0,0.783091127872467
454,746,2.0,2.9377803802490234
655,468,3.0,2.809168815612793
927,1,5.0,4.328855514526367
528,250,3.0,3.425879716873169
214,45,4.0,4.025229454040527
426,132,4.0,3.969485282897949
159,1095,5.0,2.49552321434021
625,283,3.0,3.3663828372955322
190,300,4.0,3.58219051361084
847,482,2.0,3.458635091781616
454,1126,2.0,2.6995720863342285
650,121,3.0,3.019702434539795
537,646,2.0,3.2590255737304688
383,479,4.0,4.5710673332214355
854,93,5.0,3.2736902236938477
380,97,3.0,3.0662052631378174
5,397,2.0,2.245715856552124
472,38,4.0,3.6572213172912598
450,1479,3.0,3.04260516166687
370,135,4.0,3.811429262161255
747,476,3.0,3.3606200218200684
749,433,3.0,3.837832450866699
894,316,4.0,4.2881059646606445
542,734,3.0,2.585354804992676
361,283,4.0,3.5935699939727783
577,29,3.0,2.9097900390625
574,315,3.0,4.03314208984375
97,195,5.0,4.291046619415283
178,326,4.0,3.5410311222076416
686,480,5.0,5.096945762634277
346,685,3.0,3.18202805519104
686,197,5.0,4.807411193847656
416,717,2.0,3.148172616958618
495,550,3.0,3.874417304992676
863,898,1.0,3.1463732719421387
378,86,4.0,3.898069143295288
398,95,5.0,3.8423407077789307
690,739,3.0,2.9227237701416016
533,31,3.0,3.4046435356140137
474,971,4.0,4.012015342712402
34,1024,5.0,3.9468109607696533
82,484,4.0,3.7678396701812744
325,865,3.0,3.0332467555999756
26,871,2.0,2.2502009868621826
201,423,4.0,3.361963987350464
666,357,4.0,4.127803325653076
748,48,4.0,3.8085222244262695
416,898,4.0,3.606334686279297
470,1134,4.0,3.3189432621002197
399,153,2.0,3.2673423290252686
479,177,4.0,3.6695964336395264
271,40,1.0,2.9477622509002686
635,873,3.0,2.782395839691162
484,228,5.0,4.248661994934082
892,150,5.0,4.358188629150391
721,682,3.0,3.108717441558838
537,741,2.0,2.820751905441284
365,326,2.0,3.381194591522217
790,401,4.0,2.5535264015197754
407,288,4.0,3.2641870975494385
378,479,4.0,4.117247581481934
354,451,3.0,3.1958725452423096
41,430,5.0,3.887291431427002
698,525,1.0,3.097226619720459
393,1270,3.0,2.3885250091552734
904,1152,4.0,3.4773707389831543
323,322,2.0,3.128444194793701
104,328,3.0,2.684901475906372
907,98,5.0,5.615691661834717
152,483,5.0,5.7798686027526855
553,525,4.0,4.35971212387085
399,977,3.0,2.34987735748291
783,876,4.0,2.919116258621216
764,143,5.0,3.9376347064971924
385,1428,4.0,3.095982074737549
329,194,3.0,3.7671070098876953
796,307,4.0,3.6100523471832275
782,358,4.0,2.5263209342956543
927,328,4.0,3.9226272106170654
379,402,3.0,3.869624376296997
270,17,2.0,4.0801191329956055
916,678,2.0,2.6458871364593506
499,692,4.0,3.5224454402923584
704,304,2.0,3.5536460876464844
296,294,1.0,3.546318531036377
347,56,5.0,4.103081703186035
342,1073,1.0,3.7749996185302734
454,22,4.0,3.2846007347106934
900,200,2.0,2.692507743835449
757,226,3.0,3.156158208847046
449,1318,2.0,1.5090479850769043
405,782,1.0,1.702728033065796
43,250,2.0,3.5439343452453613
186,288,1.0,3.4981491565704346
288,230,2.0,3.487940549850464
285,183,4.0,3.8756117820739746
484,399,4.0,3.631169080734253
402,1060,3.0,3.2804622650146484
745,9,4.0,2.9525649547576904
173,302,5.0,5.325535297393799
21,670,3.0,2.7732350826263428
159,591,4.0,3.904616117477417
545,73,4.0,3.4247286319732666
887,1136,5.0,3.8864917755126953
277,221,4.0,3.7204692363739014
727,511,4.0,4.06995153427124
279,202,4.0,3.72131085395813
902,8,5.0,3.6247308254241943
724,877,1.0,1.812870979309082
751,70,4.0,3.5035738945007324
875,481,5.0,4.230557441711426
280,471,3.0,3.6740736961364746
635,302,4.0,3.8847053050994873
526,742,3.0,3.2529590129852295
174,369,1.0,2.9185776710510254
314,393,4.0,3.8976082801818848
921,395,3.0,2.2963638305664062
747,1134,5.0,3.8059134483337402
521,227,3.0,2.881249189376831
798,168,4.0,4.009613990783691
299,483,5.0,4.227345943450928
693,178,5.0,3.616698741912842
763,238,4.0,3.981509208679199
379,94,5.0,3.368739128112793
846,1035,4.0,3.3352725505828857
682,948,2.0,2.0618109703063965
506,239,3.0,3.6718499660491943
92,304,4.0,3.5283396244049072
128,458,4.0,3.2146925926208496
304,278,4.0,3.018397808074951
793,181,4.0,4.1580071449279785
378,806,4.0,3.4963877201080322
267,88,4.0,3.883073091506958
921,69,4.0,3.581547737121582
699,880,3.0,2.7957606315612793
940,651,4.0,3.7179367542266846
912,1041,4.0,3.008798360824585
771,137,4.0,3.822486400604248
329,297,4.0,3.6529150009155273
70,298,5.0,3.642613410949707
846,31,4.0,3.8817551136016846
217,825,3.0,2.655994176864624
328,237,4.0,3.5556695461273193
224,729,3.0,3.026644706726074
437,583,1.0,3.136718988418579
620,930,2.0,3.0737078189849854
6,318,4.0,4.233336448669434
130,538,5.0,4.354694366455078
638,183,4.0,3.650516986846924
592,188,5.0,4.049967288970947
601,1039,4.0,3.4758236408233643
459,117,5.0,3.6975834369659424
554,582,3.0,3.6362175941467285
532,38,3.0,3.536694049835205
796,849,4.0,2.7687175273895264
387,95,2.0,3.60927414894104
345,367,4.0,3.588771343231201
378,418,3.0,3.5602574348449707
115,269,3.0,4.255080699920654
286,738,5.0,3.1582601070404053
686,430,4.0,4.765063762664795
234,12,1.0,3.7300894260406494
271,729,4.0,3.3769114017486572
151,755,3.0,3.591636896133423
629,881,3.0,3.247026205062866
746,523,3.0,4.029227256774902
340,969,5.0,4.089839458465576
6,59,5.0,3.759530544281006
527,279,4.0,3.246042251586914
345,312,3.0,3.3233940601348877
158,238,5.0,4.153789520263672
455,1086,3.0,3.21073579788208
608,42,5.0,3.6785192489624023
373,142,3.0,3.1233394145965576
655,906,2.0,2.9337382316589355
782,690,4.0,3.1456642150878906
303,236,4.0,3.8207929134368896
94,188,4.0,3.9282875061035156
339,479,5.0,4.538573741912842
99,332,3.0,3.5893609523773193
454,748,4.0,2.511270523071289
108,405,3.0,3.298759937286377
327,919,5.0,3.3188235759735107
843,28,3.0,2.846738815307617
878,59,3.0,3.5031545162200928
92,77,3.0,3.2875797748565674
450,378,5.0,4.158690452575684
361,639,4.0,3.6063971519470215
894,479,5.0,4.233116149902344
181,990,1.0,1.5747480392456055
328,135,3.0,3.8864126205444336
510,300,5.0,3.3654472827911377
455,44,3.0,3.2248239517211914
838,584,4.0,3.7003650665283203
708,471,4.0,3.4460318088531494
869,288,3.0,2.8493945598602295
883,241,4.0,3.7304553985595703
720,269,3.0,4.31950044631958
92,11,4.0,3.7276253700256348
237,176,3.0,4.068280220031738
244,739,3.0,3.423214912414551
44,155,3.0,3.0415711402893066
720,310,4.0,3.9491097927093506
417,1040,2.0,2.5090272426605225
870,248,4.0,3.394516706466675
399,928,2.0,2.7498035430908203
774,423,1.0,2.3088247776031494
359,117,4.0,4.041863918304443
178,358,1.0,2.807623863220215
727,849,2.0,2.567037582397461
406,629,3.0,3.154491662979126
374,182,5.0,3.9383983612060547
452,607,5.0,3.6502065658569336
542,420,3.0,3.385370969772339
798,825,3.0,2.9623007774353027
883,137,5.0,4.116376876831055
316,162,3.0,3.0411155223846436
130,240,4.0,3.354888916015625
305,749,2.0,2.9820971488952637
176,328,4.0,3.616326332092285
183,485,5.0,3.464623212814331
308,91,4.0,3.7332839965820312
364,687,1.0,2.0851802825927734
116,260,2.0,2.3250982761383057
509,345,1.0,2.6509652137756348
365,473,4.0,3.0894434452056885
318,1030,2.0,2.2113564014434814
71,357,5.0,4.182966232299805
764,4,3.0,3.758479118347168
378,476,3.0,3.027233600616455
313,1050,4.0,3.5474679470062256
931,546,3.0,3.0569229125976562
543,521,4.0,3.7759361267089844
756,122,1.0,2.2222177982330322
437,654,5.0,4.177374839782715
489,324,3.0,3.661052942276001
89,736,3.0,4.296862602233887
873,348,3.0,2.61242938041687
840,187,3.0,4.498692989349365
517,873,3.0,2.843088388442993
889,732,2.0,3.4002671241760254
582,748,3.0,3.0413713455200195
90,486,5.0,4.3358635902404785
389,29,2.0,2.7851622104644775
846,177,3.0,4.08703088760376
92,628,4.0,3.425600051879883
623,127,4.0,4.124423027038574
486,276,4.0,3.453793525695801
452,199,5.0,3.9531455039978027
299,396,4.0,2.797234058380127
577,294,4.0,3.4285495281219482
268,33,3.0,3.044442653656006
201,186,3.0,3.460325002670288
552,829,3.0,2.64577317237854
674,292,4.0,3.7793970108032227
44,193,3.0,3.960773468017578
833,302,3.0,3.7019968032836914
791,259,3.0,2.9212167263031006
353,346,4.0,3.482084274291992
102,73,3.0,2.624842405319214
615,699,3.0,3.8458056449890137
363,679,4.0,2.7380669116973877
321,52,3.0,3.6074981689453125
303,541,3.0,2.885280132293701
501,25,3.0,3.74576473236084
669,133,4.0,3.3785934448242188
693,96,4.0,3.3551998138427734
293,161,2.0,3.06461501121521
751,428,4.0,3.787686586380005
886,483,4.0,4.353956699371338
634,147,2.0,3.528424024581909
592,1377,3.0,2.755936622619629
497,67,3.0,2.8307266235351562
318,396,1.0,3.0881214141845703
621,135,5.0,4.336912155151367
624,358,3.0,2.8029022216796875
303,715,4.0,3.419914484024048
161,197,3.0,2.74482798576355
435,584,3.0,3.3879120349884033
457,28,5.0,4.537404537200928
655,1135,3.0,2.6080427169799805
165,1119,3.0,3.7266063690185547
587,303,4.0,3.3816885948181152
774,229,2.0,1.881441354751587
648,1626,1.0,0.9277300834655762
900,1298,2.0,2.530625820159912
475,539,3.0,2.3200325965881348
411,38,4.0,2.8967394828796387
435,1419,2.0,2.1964898109436035
692,300,4.0,3.4433224201202393
279,375,1.0,2.1605987548828125
916,111,4.0,3.3165080547332764
708,269,3.0,3.9377427101135254
18,131,4.0,4.047668933868408
634,100,4.0,4.14955472946167
417,411,2.0,2.8005013465881348
18,79,4.0,4.111629962921143
535,319,5.0,3.3977322578430176
308,161,3.0,3.5441067218780518
178,790,3.0,3.016132116317749
223,248,1.0,3.4361584186553955
622,98,5.0,4.3608012199401855
916,144,3.0,3.5906546115875244
584,449,2.0,2.9351038932800293
210,179,3.0,4.375361919403076
916,748,2.0,2.9643235206604004
244,100,4.0,4.390265464782715
504,517,4.0,4.031818866729736
129,990,2.0,2.6252553462982178
178,578,4.0,3.401822805404663
470,283,5.0,3.583862066268921
417,946,4.0,3.0030288696289062
916,204,3.0,3.597489595413208
1,2,3.0,3.3425424098968506
526,323,2.0,2.7478690147399902
643,100,5.0,4.246336460113525
342,1048,1.0,2.8557941913604736
868,202,3.0,3.2279841899871826
7,649,5.0,3.8194527626037598
342,7,4.0,3.6810824871063232
398,50,5.0,4.36290168762207
345,974,3.0,2.9722821712493896
634,293,3.0,3.823235034942627
437,770,3.0,3.3438518047332764
796,147,5.0,3.5808894634246826
560,257,3.0,3.5573923587799072
506,187,5.0,4.352128982543945
313,44,3.0,3.3247194290161133
312,506,4.0,4.435722351074219
343,569,3.0,3.0340023040771484
533,150,3.0,3.6550474166870117
333,269,2.0,4.08638858795166
374,174,5.0,4.23414945602417
429,380,3.0,3.2210440635681152
637,717,3.0,2.1246445178985596
31,299,4.0,3.015526533126831
217,1303,2.0,1.939058780670166
392,197,5.0,4.483842849731445
532,926,3.0,3.3164265155792236
892,763,2.0,3.743180990219116
291,577,1.0,2.4904751777648926
417,668,2.0,2.124002695083618
833,1012,4.0,3.0667190551757812
514,191,5.0,4.328652381896973
36,288,4.0,3.626990556716919
251,472,3.0,3.137171506881714
443,313,4.0,4.318303108215332
159,880,1.0,3.296839475631714
468,137,4.0,4.177810192108154
418,328,1.0,2.786033868789673
328,651,5.0,3.9823477268218994
245,1033,5.0,2.2972047328948975
225,478,5.0,4.742716312408447
872,350,3.0,3.5369415283203125
682,124,2.0,3.8668441772460938
14,603,4.0,4.612967491149902
487,735,4.0,3.9646542072296143
22,110,1.0,2.735135316848755
339,238,5.0,4.245689392089844
943,121,3.0,3.496040105819702
276,825,3.0,3.101738452911377
460,676,4.0,3.067915201187134
23,511,5.0,4.149651050567627
277,257,3.0,3.59973406791687
334,150,4.0,3.7398040294647217
332,237,5.0,4.552072048187256
916,92,5.0,3.3290133476257324
35,937,4.0,3.492537498474121
256,576,3.0,3.728187084197998
804,380,4.0,3.5314884185791016
293,742,2.0,3.1556496620178223
826,99,3.0,4.129549980163574
64,82,3.0,3.716461181640625
528,541,3.0,2.8029732704162598
943,423,3.0,3.8940765857696533
168,458,1.0,3.189809799194336
890,632,5.0,4.02849817276001
393,1178,3.0,2.693807601928711
641,258,3.0,3.9592859745025635
941,919,5.0,3.976180076599121
21,325,4.0,2.539647340774536
595,979,3.0,3.376204013824463
308,56,5.0,4.143935203552246
534,290,4.0,3.885891914367676
470,305,4.0,3.6641910076141357
188,98,5.0,4.366185188293457
524,479,4.0,3.9320857524871826
757,82,4.0,3.650728225708008
201,23,4.0,3.595982074737549
711,404,3.0,3.8771815299987793
934,170,4.0,4.2384257316589355
303,693,4.0,3.7989695072174072
22,186,5.0,4.143097877502441
341,288,4.0,4.077358722686768
330,28,5.0,4.799645900726318
846,1041,4.0,3.331637382507324
939,121,5.0,4.506563663482666
600,1407,2.0,2.527761459350586
896,222,4.0,3.189116954803467
42,405,4.0,3.4798226356506348
774,518,1.0,2.3178787231445312
937,9,5.0,3.5811007022857666
533,218,2.0,3.2505528926849365
64,227,3.0,3.2554843425750732
217,222,5.0,3.2367968559265137
758,603,5.0,4.68450927734375
796,578,4.0,3.305799961090088
303,382,3.0,3.806413412094116
274,629,5.0,3.828578472137451
894,512,5.0,4.20100212097168
447,79,3.0,4.104060173034668
374,628,3.0,3.480242967605591
317,350,5.0,3.553481340408325
269,499,4.0,3.4629571437835693
789,508,4.0,3.579690456390381
42,283,3.0,3.919151544570923
89,707,5.0,4.3786234855651855
7,656,3.0,4.69830322265625
848,610,5.0,4.168444633483887
551,3,5.0,3.34736704826355
883,952,3.0,3.3504843711853027
577,217,5.0,3.4268245697021484
848,496,2.0,4.596673965454102
926,262,3.0,3.465494394302368
479,117,3.0,3.5371525287628174
305,285,5.0,3.9011518955230713
535,11,4.0,3.839609384536743
125,376,3.0,2.8511736392974854
399,72,4.0,2.7672083377838135
891,756,4.0,3.2978525161743164
883,745,5.0,3.9044041633605957
775,327,5.0,3.383323907852173
417,642,5.0,3.411074161529541
298,194,5.0,4.430148124694824
864,9,5.0,4.209205150604248
8,684,4.0,4.061171054840088
545,176,4.0,3.969761371612549
690,77,3.0,3.0416483879089355
13,402,4.0,3.3062565326690674
737,428,4.0,3.8570802211761475
416,97,5.0,4.187308311462402
18,285,5.0,4.447256088256836
250,678,2.0,3.002553701400757
130,1034,2.0,2.9392218589782715
326,452,3.0,2.4088120460510254
13,2,3.0,2.993511915206909
534,685,3.0,4.185585021972656
268,728,2.0,2.643472671508789
297,736,4.0,3.6651017665863037
923,763,4.0,4.199146747589111
536,387,3.0,3.6304354667663574
90,875,1.0,3.0570178031921387
653,164,3.0,2.6959757804870605
378,284,3.0,3.150245428085327
645,96,3.0,4.0894904136657715
345,282,3.0,3.7043240070343018
933,63,2.0,2.4515087604522705
57,410,3.0,3.313957929611206
286,191,4.0,4.664687633514404
74,245,3.0,3.107628583908081
382,1229,5.0,1.770359754562378
176,268,5.0,3.897490978240967
799,127,4.0,4.382384777069092
437,286,2.0,3.658161163330078
354,1466,5.0,2.73213529586792
59,177,4.0,4.113922595977783
592,184,5.0,3.772656202316284
498,210,2.0,3.4026551246643066
130,692,5.0,4.313157558441162
447,1028,3.0,3.14424204826355
896,789,2.0,3.175297260284424
301,216,4.0,3.8765883445739746
102,211,3.0,2.98826003074646
271,89,3.0,4.052639484405518
854,461,3.0,3.1763224601745605
870,64,5.0,4.142833232879639
72,234,4.0,3.7766470909118652
605,754,3.0,3.3631715774536133
851,1105,4.0,3.2027738094329834
487,188,4.0,3.90200138092041
181,872,1.0,1.5149376392364502
823,128,2.0,3.8200137615203857
795,17,2.0,2.9328746795654297
328,427,3.0,4.252801895141602
234,629,4.0,2.889556407928467
840,516,5.0,4.303907871246338
437,50,5.0,4.338302135467529
522,79,3.0,4.243327617645264
820,751,1.0,3.000412702560425
911,482,4.0,4.115927696228027
171,292,4.0,3.4288482666015625
214,246,2.0,4.029786586761475
407,204,3.0,3.6845765113830566
246,164,3.0,3.1554837226867676
751,751,4.0,3.3372929096221924
514,429,4.0,4.058401107788086
210,25,4.0,3.7727460861206055
846,1220,2.0,3.588146924972534
26,1010,2.0,3.0551555156707764
293,366,2.0,2.9640421867370605
878,60,4.0,3.546752452850342
133,316,4.0,3.747250556945801
830,385,4.0,3.7102925777435303
151,741,2.0,3.8787460327148438
567,190,4.0,4.266448020935059
927,274,1.0,3.860177516937256
894,883,3.0,3.324979066848755
932,174,4.0,4.569797515869141
405,469,1.0,2.2390804290771484
805,58,4.0,3.5699408054351807
65,191,4.0,4.319565296173096
587,342,1.0,2.615736722946167
749,186,4.0,4.049147605895996
720,316,4.0,4.517061233520508
566,156,4.0,3.635793924331665
886,558,3.0,3.607447624206543
876,435,4.0,4.158990383148193
174,278,5.0,3.516688346862793
665,508,2.0,3.5515060424804688
774,294,1.0,2.0269832611083984
290,227,2.0,3.135538339614868
848,185,3.0,4.566822052001953
791,304,4.0,3.8256919384002686
54,272,5.0,4.7690300941467285
203,151,4.0,3.756251096725464
655,8,3.0,3.297757625579834
592,23,5.0,4.527283191680908
891,126,5.0,4.61458158493042
405,543,1.0,2.138514995574951
242,268,5.0,4.440675735473633
795,710,3.0,3.259018898010254
671,578,3.0,3.3155319690704346
606,473,4.0,3.3608779907226562
671,22,4.0,4.308989524841309
823,17,4.0,3.5282366275787354
938,245,3.0,3.1414096355438232
554,21,1.0,2.8218255043029785
374,642,1.0,3.504333734512329
197,1419,2.0,2.1718077659606934
393,168,4.0,4.084364891052246
836,288,1.0,3.4771389961242676
330,729,5.0,4.298201560974121
491,340,4.0,3.532484292984009
870,111,3.0,3.3052737712860107
42,735,4.0,3.953594923019409
854,125,3.0,3.195171594619751
144,181,4.0,3.9652490615844727
645,98,4.0,4.398026466369629
85,481,4.0,3.807210922241211
101,257,4.0,3.4173085689544678
452,641,3.0,3.920001745223999
448,900,3.0,3.6675069332122803
293,4,4.0,3.109410285949707
880,468,3.0,3.483582019805908
680,845,4.0,3.6416962146759033
643,1028,3.0,3.1680150032043457
577,44,3.0,3.6084134578704834
399,628,3.0,3.032900810241699
373,494,4.0,4.237952709197998
522,96,3.0,4.246560096740723
160,123,4.0,3.347182035446167
519,1293,5.0,3.3836793899536133
554,95,4.0,3.8435370922088623
450,225,4.0,3.248307228088379
500,739,2.0,3.045070171356201
903,1381,4.0,3.2771060466766357
746,82,4.0,3.7987890243530273
187,735,4.0,3.8706371784210205
499,87,4.0,3.9450488090515137
16,234,5.0,4.306885242462158
95,70,4.0,3.5873570442199707
795,135,3.0,3.5696144104003906
566,2,5.0,2.9541542530059814
130,772,4.0,3.617889881134033
846,441,4.0,2.8553338050842285
529,1038,4.0,3.184783935546875
545,993,2.0,3.5358200073242188
224,333,3.0,3.167872905731201
735,319,4.0,3.058619499206543
694,22,5.0,4.515458106994629
885,278,3.0,2.881486415863037
313,117,4.0,3.6623528003692627
682,576,4.0,2.8731689453125
764,89,4.0,4.448421478271484
184,956,3.0,3.719194173812866
178,792,5.0,3.885305643081665
327,588,4.0,3.3570046424865723
543,24,3.0,3.30025577545166
197,227,3.0,3.2086925506591797
232,651,3.0,4.027876377105713
869,1382,3.0,1.6426281929016113
527,511,5.0,4.240752220153809
121,458,1.0,3.081284284591675
307,1411,4.0,2.7695164680480957
444,251,5.0,4.309243202209473
87,367,4.0,3.936746835708618
393,378,4.0,3.792904853820801
926,315,4.0,3.8286168575286865
200,419,4.0,4.380409240722656
897,1033,4.0,2.647920846939087
833,1070,5.0,3.2879865169525146
102,550,2.0,2.5865352153778076
236,265,2.0,3.5775911808013916
500,522,4.0,3.6705453395843506
66,9,4.0,3.8180124759674072
721,161,5.0,3.5948984622955322
476,67,4.0,2.958111524581909
437,423,5.0,3.8062307834625244
64,969,3.0,3.7215638160705566
213,511,4.0,4.82465934753418
774,385,1.0,2.1953682899475098
71,302,3.0,4.188818454742432
28,79,4.0,4.155986309051514
311,132,4.0,4.195312976837158
629,245,3.0,3.4246227741241455
859,1048,3.0,3.3029592037200928
344,284,3.0,3.189924716949463
279,666,2.0,2.519517660140991
663,299,2.0,2.9714810848236084
402,222,4.0,3.9112958908081055
624,269,4.0,4.2282490730285645
52,1011,4.0,3.7044544219970703
749,99,5.0,3.7616586685180664
860,204,4.0,3.541623115539551
90,306,4.0,4.455883502960205
63,678,2.0,2.509093999862671
833,1154,4.0,2.4098241329193115
721,229,5.0,3.145542860031128
504,75,4.0,2.5797131061553955
387,217,3.0,3.0070743560791016
878,659,4.0,3.5313076972961426
374,124,3.0,4.1074066162109375
382,150,2.0,3.436844825744629
200,227,5.0,3.9393515586853027
31,490,4.0,4.160499095916748
222,465,2.0,3.2871601581573486
677,687,4.0,2.1783547401428223
488,299,3.0,2.597036600112915
79,906,5.0,3.6170246601104736
822,169,4.0,3.83975887298584
49,334,4.0,2.68001389503479
659,648,3.0,4.161257266998291
393,623,3.0,2.987264633178711
682,229,4.0,2.849774122238159
559,55,4.0,3.578190803527832
708,25,3.0,3.326392889022827
253,1016,3.0,3.5891129970550537
318,127,5.0,4.47620964050293
864,422,3.0,2.857515811920166
890,101,2.0,3.487464189529419
454,611,2.0,3.221799612045288
336,368,1.0,1.678215503692627
13,439,1.0,1.0540547370910645
257,676,4.0,3.595296621322632
676,272,4.0,4.410587787628174
667,137,3.0,4.013344764709473
16,158,4.0,2.8705906867980957
606,1151,3.0,2.239481210708618
842,749,4.0,3.3916141986846924
76,293,4.0,3.7745306491851807
663,924,3.0,3.412076234817505
293,160,4.0,2.9874019622802734
152,220,5.0,4.2224626541137695
749,1337,3.0,2.0117392539978027
666,163,3.0,3.5245609283447266
807,505,3.0,4.3472819328308105
457,370,3.0,3.1828057765960693
932,154,5.0,4.076294898986816
385,558,2.0,3.3164119720458984
561,141,2.0,2.957986354827881
650,180,3.0,3.5819754600524902
869,249,4.0,2.7186191082000732
879,276,4.0,3.6703083515167236
688,307,4.0,4.950950622558594
525,595,2.0,2.8426902294158936
256,471,5.0,4.303147792816162
99,25,3.0,3.545707941055298
639,202,2.0,2.9674196243286133
714,111,3.0,3.6939804553985596
504,65,4.0,3.7048745155334473
871,197,3.0,3.9940669536590576
503,20,5.0,3.588642120361328
553,238,5.0,4.077067852020264
276,151,5.0,3.8162014484405518
608,44,4.0,3.265437126159668
890,530,4.0,4.231415271759033
474,116,5.0,4.152624130249023
251,845,4.0,3.576479196548462
256,283,3.0,4.524980545043945
148,69,5.0,3.9443700313568115
92,42,4.0,3.720144510269165
339,530,5.0,4.482579231262207
862,230,3.0,4.185493469238281
854,514,4.0,3.5026137828826904
187,65,5.0,3.6858136653900146
437,684,3.0,3.6720263957977295
296,523,4.0,4.537575721740723
655,860,3.0,2.2076945304870605
929,195,4.0,3.731022834777832
279,1361,3.0,2.0675227642059326
325,1118,3.0,3.0235579013824463
757,1090,2.0,2.4836370944976807
159,25,5.0,3.6604762077331543
97,435,4.0,4.308505535125732
883,19,2.0,4.182405471801758
694,660,3.0,3.98818039894104
158,182,5.0,4.2218337059021
460,293,4.0,3.5315263271331787
624,123,3.0,3.3011724948883057
521,1240,3.0,3.1932249069213867
401,707,2.0,3.268106698989868
207,568,4.0,3.3594818115234375
316,531,5.0,3.2036757469177246
639,311,3.0,3.07344126701355
281,338,2.0,2.735443353652954
378,1061,2.0,2.976620674133301
565,83,5.0,4.788634777069092
747,1028,1.0,3.4048430919647217
454,483,3.0,3.4814071655273438
151,196,4.0,4.235168933868408
566,856,5.0,3.5911266803741455
903,129,3.0,4.042242527008057
592,1048,3.0,3.203387498855591
653,573,1.0,2.4077179431915283
312,211,4.0,4.443023681640625
867,603,5.0,4.798296928405762
854,173,4.0,3.7074098587036133
620,138,5.0,2.721205949783325
55,678,3.0,2.5138449668884277
329,186,3.0,3.5819661617279053
429,387,4.0,3.2561776638031006
323,7,2.0,3.9181113243103027
325,650,3.0,3.250032663345337
56,483,4.0,4.7886786460876465
521,203,3.0,3.3082973957061768
450,252,3.0,3.278496265411377
332,815,4.0,3.926776885986328
399,288,3.0,2.9773287773132324
456,50,4.0,4.113973617553711
551,155,4.0,3.363090991973877
890,286,5.0,3.7772676944732666
67,546,3.0,3.49243426322937
268,1188,3.0,2.478019952774048
164,117,5.0,4.5348100662231445
595,845,3.0,3.405425786972046
160,412,3.0,2.3421225547790527
145,3,3.0,3.113271474838257
81,410,4.0,3.0178534984588623
193,1132,3.0,2.6536314487457275
546,286,2.0,4.358818054199219
760,1037,5.0,1.6786494255065918
406,480,4.0,4.118537425994873
699,221,4.0,3.431400775909424
220,294,4.0,3.3244152069091797
588,168,5.0,4.337047100067139
201,567,3.0,2.4844586849212646
474,193,4.0,4.31317663192749
378,727,4.0,3.293292760848999
483,91,3.0,3.1498630046844482
916,1011,4.0,3.0391740798950195
534,294,5.0,3.987593650817871
82,197,4.0,3.6776585578918457
125,210,5.0,3.9527440071105957
746,161,3.0,3.4658429622650146
160,3,3.0,3.2366294860839844
224,70,2.0,3.157951593399048
775,750,5.0,3.7831473350524902
638,82,2.0,3.510633945465088
497,96,4.0,3.82479190826416
454,82,4.0,2.9782118797302246
274,118,4.0,3.6911404132843018
488,178,4.0,3.7856361865997314
450,421,4.0,3.9893643856048584
924,526,3.0,3.7635374069213867
648,629,4.0,3.1523048877716064
854,945,3.0,3.5421643257141113
314,591,5.0,4.174287796020508
940,382,3.0,3.325770378112793
235,7,4.0,3.875887155532837
104,751,4.0,2.6371328830718994
279,94,3.0,3.169710874557495
301,161,3.0,3.4365828037261963
694,196,5.0,4.122228622436523
581,137,5.0,4.011670112609863
268,72,3.0,2.817322015762329
508,568,4.0,3.7122397422790527
894,698,4.0,2.689814567565918
510,294,3.0,2.9295973777770996
86,889,5.0,3.4458413124084473
898,302,4.0,4.266612529754639
786,70,4.0,3.7146475315093994
298,275,3.0,4.25169038772583
497,230,2.0,3.361518144607544
104,1115,4.0,2.6711971759796143
753,304,4.0,3.2320475578308105
883,338,4.0,2.8877177238464355
870,959,4.0,3.3553123474121094
347,403,5.0,3.4410550594329834
458,209,4.0,3.9171979427337646
288,520,5.0,4.191269874572754
489,289,2.0,3.6142847537994385
82,241,3.0,3.187514305114746
648,21,3.0,2.7036070823669434
363,290,3.0,2.7937614917755127
56,692,4.0,3.8096423149108887
898,286,2.0,3.6942739486694336
63,259,3.0,2.4869863986968994
794,14,5.0,4.543449878692627
714,477,2.0,3.381502628326416
217,576,1.0,2.744239568710327
383,484,4.0,4.618289947509766
294,1047,3.0,3.058971405029297
435,549,3.0,3.452258825302124
180,1131,5.0,4.153956413269043
603,250,5.0,3.5282745361328125
101,1051,2.0,2.990842342376709
246,746,4.0,3.33805513381958
409,83,3.0,4.006173610687256
210,274,5.0,3.7883293628692627
703,9,2.0,3.9146780967712402
28,568,4.0,3.802957057952881
13,736,4.0,3.6540658473968506
521,496,2.0,3.548957586288452
263,222,4.0,3.892543315887451
297,535,3.0,3.027677536010742
928,358,5.0,3.1426842212677
716,842,3.0,3.152099370956421
130,1248,3.0,3.685455799102783
655,1268,3.0,2.8555355072021484
18,198,3.0,4.153012275695801
246,97,3.0,3.285613775253296
141,880,1.0,3.1702964305877686
716,122,2.0,2.459453821182251
314,1014,3.0,3.6349270343780518
455,1136,3.0,3.2237727642059326
828,270,5.0,3.165191173553467
890,174,5.0,4.381052017211914
694,127,5.0,4.554020404815674
553,178,5.0,4.557216644287109
344,473,4.0,3.100248098373413
694,483,5.0,4.814184665679932
336,275,4.0,3.853466510772705
933,39,3.0,2.6560797691345215
464,12,5.0,4.974875450134277
392,493,4.0,4.617306232452393
707,163,2.0,3.4614205360412598
365,948,1.0,2.189695119857788
932,890,1.0,2.2432913780212402
252,290,3.0,3.505566358566284
394,184,3.0,3.911019802093506
450,750,3.0,4.334781169891357
58,645,5.0,3.994462251663208
214,652,4.0,3.8583316802978516
793,1365,2.0,1.5119582414627075
1,5,3.0,3.3866379261016846
417,783,3.0,2.699237585067749
7,606,3.0,4.660350799560547
295,144,4.0,4.538797378540039
721,406,1.0,2.7265565395355225
398,403,4.0,3.4081075191497803
399,164,2.0,3.0697214603424072
844,216,5.0,3.6962051391601562
250,235,2.0,3.130891799926758
450,167,5.0,3.369232177734375
37,55,3.0,3.9961352348327637
624,319,3.0,3.509521007537842
798,671,2.0,3.6880805492401123
381,283,5.0,3.9872801303863525
671,82,4.0,3.8832011222839355
773,639,4.0,3.417774200439453
445,293,3.0,2.223081350326538
766,518,3.0,3.5109524726867676
632,55,2.0,3.835158586502075
838,153,4.0,3.9982213973999023
872,363,4.0,2.9327616691589355
417,769,1.0,2.5462350845336914
141,825,4.0,3.052309274673462
689,717,3.0,2.9151647090911865
711,729,3.0,3.657866954803467
537,484,4.0,3.3197262287139893
434,833,4.0,3.4888501167297363
292,79,5.0,4.484145641326904
73,657,5.0,4.161280632019043
374,717,3.0,2.7997708320617676
139,475,5.0,4.245940685272217
207,121,3.0,3.1655025482177734
92,191,4.0,4.133907794952393
889,195,4.0,3.7402477264404297
864,73,5.0,3.750155210494995
28,529,4.0,4.05145263671875
585,1485,3.0,2.6636438369750977
109,154,2.0,3.804267406463623
326,399,4.0,2.849987745285034
608,187,4.0,4.078760623931885
537,848,3.0,2.5010247230529785
918,174,3.0,3.698758125305176
297,22,4.0,3.9571166038513184
327,559,2.0,2.877594232559204
660,259,4.0,2.16915225982666
804,510,5.0,4.144348621368408
298,530,5.0,4.402397632598877
442,42,4.0,3.4338877201080322
846,11,5.0,4.048476696014404
643,177,4.0,3.9448482990264893
553,56,4.0,4.268809795379639
504,371,3.0,3.3501267433166504
583,175,5.0,4.352218151092529
90,482,5.0,4.531050205230713
222,396,1.0,2.729626417160034
691,227,4.0,3.7233898639678955
279,932,3.0,3.0238559246063232
541,924,5.0,3.616271734237671
133,294,3.0,2.873115062713623
615,937,2.0,3.777632713317871
930,244,4.0,2.5290510654449463
192,235,3.0,2.8573882579803467
469,610,4.0,4.209920406341553
92,260,1.0,2.5979621410369873
312,611,5.0,4.690832614898682
583,483,5.0,4.965146541595459
345,747,3.0,3.5246763229370117
160,150,4.0,4.160988807678223
881,54,4.0,3.034543991088867
222,358,2.0,2.489840507507324
538,692,3.0,3.3584442138671875
3,350,3.0,2.7868309020996094
16,172,5.0,4.8587751388549805
708,1280,1.0,2.7418110370635986
286,405,3.0,3.647517204284668
154,191,4.0,4.359105587005615
498,191,4.0,3.671802043914795
507,338,5.0,3.657808303833008
457,66,4.0,4.0785417556762695
749,292,4.0,3.776477575302124
151,419,3.0,4.04861307144165
577,829,3.0,2.9584801197052
278,286,5.0,3.8915557861328125
43,280,3.0,3.3383543491363525
422,276,5.0,3.677164316177368
751,193,5.0,3.8624203205108643
524,239,2.0,3.3753151893615723
298,423,5.0,4.0965495109558105
437,721,2.0,3.4413812160491943
695,268,5.0,3.5495214462280273
59,1074,4.0,3.139120101928711
766,229,3.0,2.7908952236175537
606,284,4.0,3.462251663208008
253,243,2.0,2.525937557220459
92,934,2.0,2.8361663818359375
189,1065,5.0,3.8354625701904297
788,984,3.0,2.718322992324829
486,995,4.0,3.0732150077819824
524,480,4.0,4.101864337921143
393,724,3.0,3.5171420574188232
318,892,3.0,2.8218095302581787
825,926,4.0,2.9918103218078613
629,317,4.0,4.404067039489746
194,241,2.0,2.948306083679199
901,28,5.0,4.252249717712402
566,763,4.0,3.1087660789489746
130,329,4.0,3.973674774169922
659,134,4.0,4.233222484588623
815,402,5.0,3.6534132957458496
423,326,4.0,3.4027225971221924
450,479,4.0,4.569159507751465
331,306,5.0,3.7792294025421143
59,650,5.0,3.8053646087646484
504,204,3.0,4.005331516265869
601,183,4.0,3.4052720069885254
54,302,4.0,4.682199954986572
483,99,3.0,3.1436238288879395
655,734,3.0,2.3830790519714355
608,318,4.0,4.362910270690918
868,81,4.0,3.088611364364624
130,121,5.0,4.124657154083252
548,924,3.0,3.5374884605407715
711,181,4.0,4.242076396942139
851,410,4.0,3.422977924346924
870,65,3.0,3.3257861137390137
246,98,4.0,3.83856201171875
416,937,2.0,4.104037761688232
109,924,3.0,3.407172679901123
830,399,5.0,3.2929747104644775
472,94,5.0,3.898393392562866
1,182,4.0,4.147031307220459
581,50,4.0,4.436593532562256
655,483,4.0,3.6291468143463135
321,654,4.0,3.9219565391540527
527,324,3.0,3.0826058387756348
354,660,3.0,3.6596717834472656
222,375,1.0,1.8595783710479736
151,1006,1.0,3.4372074604034424
883,208,4.0,4.131959915161133
503,246,5.0,4.233043670654297
295,812,4.0,3.385586977005005
94,234,5.0,4.021073818206787
235,1464,4.0,1.836862325668335
294,363,1.0,2.9986977577209473
693,428,3.0,3.267383337020874
343,228,5.0,4.09275484085083
216,673,4.0,3.7243618965148926
648,164,4.0,3.370509624481201
858,678,1.0,2.7298691272735596
592,50,5.0,4.814413547515869
392,179,5.0,4.301416397094727
387,475,3.0,3.7675211429595947
1,43,4.0,2.9501824378967285
653,258,3.0,2.9151718616485596
548,185,5.0,4.286997318267822
90,317,4.0,4.407836437225342
648,722,3.0,2.659794807434082
451,876,4.0,2.312624931335449
590,100,5.0,4.088650703430176
397,358,2.0,2.766505479812622
788,7,4.0,3.6525638103485107
49,172,1.0,3.3775579929351807
727,24,3.0,3.2236454486846924
823,26,5.0,3.7372615337371826
201,631,2.0,3.2673590183258057
269,476,1.0,2.6299400329589844
276,800,3.0,3.188810110092163
7,463,4.0,4.29626989364624
774,673,2.0,2.1787991523742676
452,481,5.0,3.6660914421081543
882,11,4.0,4.31256628036499
18,510,4.0,4.080406188964844
704,1299,3.0,2.8609280586242676
796,591,3.0,3.7030773162841797
354,272,3.0,4.22687292098999
80,45,4.0,3.964735269546509
406,414,2.0,3.454315185546875
570,258,3.0,2.85892915725708
505,204,3.0,3.4966442584991455
32,100,3.0,3.8357396125793457
883,306,3.0,4.194574356079102
606,100,5.0,4.513689041137695
506,261,3.0,2.4673213958740234
447,508,3.0,3.76739501953125
106,211,4.0,3.912217378616333
151,462,4.0,4.15565824508667
774,218,1.0,2.121997833251953
215,157,4.0,3.661332845687866
882,369,3.0,2.935323476791382
888,153,4.0,4.118992805480957
608,157,1.0,3.5391974449157715
578,258,1.0,3.0590031147003174
893,50,5.0,4.500594615936279
543,770,4.0,3.2589516639709473
417,1539,2.0,1.8473758697509766
521,246,4.0,3.4442238807678223
861,45,5.0,4.3523268699646
25,7,4.0,4.001350402832031
595,14,5.0,3.948071241378784
356,892,1.0,2.687119483947754
85,516,4.0,3.838468313217163
248,114,5.0,3.95324444770813
384,316,5.0,4.841020584106445
720,345,2.0,3.682847499847412
634,1009,2.0,3.455751419067383
619,809,1.0,3.040980577468872
216,172,4.0,4.411063194274902
676,250,4.0,3.4794812202453613
339,488,5.0,4.660711765289307
91,474,3.0,4.40329647064209
823,83,3.0,4.44753360748291
648,384,4.0,2.689974069595337
341,1527,4.0,2.5515623092651367
655,578,2.0,2.777282953262329
234,430,4.0,3.4892401695251465
144,73,3.0,3.3687894344329834
538,127,5.0,4.0107808113098145
588,125,3.0,3.7921180725097656
122,519,4.0,4.31450080871582
846,510,4.0,4.227811813354492
182,123,4.0,3.075347900390625
85,135,5.0,3.8004724979400635
871,359,3.0,3.4424614906311035
184,22,3.0,4.233124732971191
943,443,2.0,3.8940162658691406
286,763,2.0,3.741950035095215
628,330,5.0,3.7595770359039307
499,463,5.0,3.774693727493286
250,159,4.0,3.4493660926818848
769,111,5.0,3.4020297527313232
870,603,5.0,4.042823314666748
632,763,3.0,3.4140732288360596
23,70,2.0,3.4870076179504395
655,144,3.0,3.188422918319702
840,432,5.0,3.929647445678711
938,240,2.0,2.80605411529541
530,88,4.0,3.497857093811035
293,39,3.0,2.910151481628418
327,196,4.0,3.4216606616973877
399,697,2.0,2.9854044914245605
213,628,5.0,3.889402151107788
586,22,3.0,3.985640287399292
128,508,4.0,3.7197928428649902
807,393,4.0,3.74385142326355
665,298,3.0,3.6103951930999756
24,763,5.0,3.8032636642456055
284,301,5.0,3.2480945587158203
683,332,3.0,3.158879518508911
806,200,4.0,3.7461533546447754
486,879,3.0,3.135241746902466
264,93,5.0,4.23021125793457
474,518,4.0,4.142299652099609
95,144,5.0,3.8063743114471436
213,151,5.0,4.040562629699707
457,222,5.0,4.252952575683594
722,117,4.0,3.980222463607788
209,127,5.0,3.7797348499298096
56,720,3.0,3.1038095951080322
477,275,5.0,5.258516788482666
373,414,3.0,3.791511058807373
796,48,3.0,4.126574516296387
739,751,3.0,3.0508034229278564
608,268,4.0,3.6501572132110596
561,154,4.0,3.2057552337646484
308,1126,3.0,3.491800546646118
65,476,3.0,3.106677293777466
189,283,5.0,3.9432272911071777
299,778,4.0,3.3915038108825684
43,729,4.0,3.582831382751465
624,235,4.0,3.0293469429016113
899,483,4.0,4.36282205581665
115,20,3.0,3.5771982669830322
116,288,3.0,2.949814558029175
827,329,3.0,3.05733585357666
207,282,4.0,3.3077611923217773
452,455,1.0,3.0138583183288574
425,271,5.0,2.850541830062866
147,904,5.0,3.7550384998321533
303,1411,2.0,2.7482199668884277
717,268,5.0,4.086767673492432
848,490,5.0,4.523785591125488
503,318,5.0,4.76613712310791
98,502,2.0,3.4784703254699707
281,308,1.0,3.313565731048584
290,450,2.0,2.3473408222198486
417,208,3.0,3.8301548957824707
429,535,2.0,3.095388650894165
886,76,4.0,3.322587013244629
533,1291,1.0,2.5497477054595947
314,72,2.0,3.6414437294006348
15,303,3.0,3.183145046234131
616,292,4.0,3.724416732788086
312,644,5.0,4.330713272094727
106,584,4.0,3.490225076675415
592,92,5.0,3.8938417434692383
293,258,3.0,3.3606648445129395
630,975,4.0,2.9780702590942383
373,186,5.0,4.0943779945373535
533,147,1.0,3.2885894775390625
7,431,4.0,4.011173248291016
221,386,3.0,2.833951950073242
903,87,4.0,4.177140235900879
880,254,2.0,2.628035545349121
887,127,3.0,4.927207946777344
697,689,4.0,3.516979932785034
553,23,5.0,4.294136047363281
776,442,2.0,1.0531132221221924
907,934,4.0,3.7349677085876465
711,447,4.0,3.693586826324463
326,563,3.0,2.2202775478363037
330,252,4.0,3.661720037460327
394,228,5.0,4.287898540496826
751,434,4.0,3.7597696781158447
5,371,1.0,2.9155075550079346
886,168,4.0,3.9501571655273438
429,250,2.0,3.2860615253448486
398,497,3.0,4.007904529571533
655,944,3.0,2.5982062816619873
524,24,3.0,3.2392680644989014
64,1141,5.0,2.8794074058532715
802,56,3.0,4.17041015625
446,340,2.0,2.981767416000366
924,258,3.0,3.649651288986206
650,546,1.0,2.688708543777466
181,292,1.0,1.7222537994384766
11,11,2.0,3.70231294631958
291,168,5.0,4.707989692687988
410,328,3.0,3.0457170009613037
790,959,3.0,3.355238914489746
728,287,4.0,3.7442378997802734
506,699,4.0,3.813793182373047
825,595,3.0,3.2233097553253174
13,651,5.0,3.807013750076294
514,713,3.0,3.8099915981292725
734,607,5.0,3.7059924602508545
287,347,4.0,3.9569599628448486
934,168,4.0,4.127762317657471
592,295,4.0,3.8158209323883057
452,805,4.0,3.4565608501434326
650,197,4.0,3.5745017528533936
339,186,4.0,4.284926891326904
573,127,4.0,3.9986655712127686
293,67,3.0,2.609933853149414
429,652,4.0,3.6734321117401123
38,678,5.0,3.2434394359588623
749,1274,2.0,1.8119611740112305
813,243,3.0,2.255131244659424
318,968,3.0,3.7318620681762695
74,331,4.0,3.571894407272339
507,288,5.0,4.574766159057617
151,423,4.0,4.197576522827148
387,772,4.0,2.84592866897583
244,9,5.0,4.062139511108398
130,627,5.0,3.8792872428894043
801,895,5.0,3.9149606227874756
59,59,5.0,4.283967018127441
11,718,5.0,3.4208970069885254
206,300,1.0,2.6975784301757812
817,7,4.0,3.7306089401245117
115,92,4.0,3.735970973968506
213,405,3.0,3.6601650714874268
594,286,3.0,3.1943979263305664
535,506,5.0,3.972407102584839
600,449,4.0,3.237679958343506
600,176,5.0,4.245914459228516
691,182,5.0,4.441310405731201
800,121,4.0,3.515526533126831
586,581,2.0,3.064227819442749
244,40,2.0,3.2301523685455322
741,95,2.0,3.808817148208618
270,869,1.0,3.752426862716675
534,1028,5.0,3.8733415603637695
21,979,2.0,3.1573987007141113
142,28,4.0,3.8939878940582275
792,831,2.0,2.313751697540283
664,302,4.0,4.299927234649658
254,230,4.0,3.137660026550293
663,121,4.0,3.462305784225464
525,1011,3.0,3.1141152381896973
21,696,2.0,2.946821689605713
835,210,5.0,4.281912803649902
943,229,2.0,3.0848464965820312
10,495,4.0,3.9949584007263184
658,69,4.0,3.746609926223755
747,202,4.0,4.120582580566406
458,333,1.0,3.610868215560913
654,1035,4.0,3.168060779571533
347,268,4.0,3.784101963043213
436,761,4.0,3.184399366378784
711,763,1.0,3.5608139038085938
206,314,1.0,0.8710204362869263
203,258,3.0,3.9340360164642334
178,783,4.0,2.8865065574645996
234,1064,4.0,2.3091111183166504
559,508,3.0,3.4826154708862305
678,287,3.0,3.398662567138672
275,173,3.0,3.5251359939575195
314,7,4.0,4.371368885040283
148,501,4.0,3.57422137260437
158,228,5.0,4.012307643890381
738,651,4.0,4.0167646408081055
378,1232,3.0,2.442715644836426
835,1673,3.0,0.9241043329238892
807,168,4.0,4.498342514038086
243,191,5.0,4.250821113586426
110,28,4.0,3.579888343811035
773,809,1.0,2.8464202880859375
417,420,4.0,3.377859354019165
719,87,2.0,3.5541298389434814
479,304,4.0,3.4413082599639893
655,712,3.0,2.7961621284484863
764,216,4.0,4.212215423583984
648,62,5.0,2.987626552581787
26,298,3.0,3.302602529525757
889,664,2.0,3.612135171890259
749,240,1.0,2.8628554344177246
339,99,4.0,3.9858407974243164
603,380,4.0,3.463890314102173
291,800,2.0,3.473552703857422
488,418,3.0,3.148059844970703
833,226,3.0,2.871112108230591
308,24,4.0,3.4730942249298096
497,175,4.0,3.78401517868042
303,997,2.0,2.1904265880584717
890,89,4.0,4.271581649780273
727,977,2.0,2.499892473220825
385,631,3.0,3.2974565029144287
596,682,4.0,3.079106569290161
798,602,3.0,3.6664397716522217
846,562,5.0,3.403164863586426
478,780,3.0,2.854088068008423
259,288,3.0,3.5916025638580322
903,89,4.0,4.317695617675781
766,202,3.0,3.410135507583618
605,210,3.0,3.9315686225891113
588,24,2.0,3.6119561195373535
487,378,5.0,4.019766330718994
268,574,2.0,1.9607350826263428
396,260,3.0,2.7869644165039062
546,590,4.0,2.2821898460388184
435,64,5.0,4.28792142868042
489,303,4.0,4.404913425445557
455,279,3.0,3.1663095951080322
154,945,3.0,4.107130527496338
276,595,2.0,3.0845768451690674
207,88,2.0,3.176048517227173
510,1025,3.0,2.5907821655273438
59,134,5.0,4.547906875610352
416,588,5.0,4.288528919219971
530,64,5.0,4.508291244506836
281,310,4.0,3.688941717147827
533,88,4.0,3.2348334789276123
196,116,3.0,3.873582601547241
114,186,3.0,3.5600030422210693
894,289,2.0,3.1687264442443848
539,258,4.0,3.938601493835449
900,480,4.0,3.0702362060546875
904,603,4.0,4.551738262176514
159,364,1.0,2.968472957611084
504,756,3.0,2.929736852645874
533,245,3.0,2.9263360500335693
846,1055,3.0,3.277677297592163
38,465,5.0,4.1335015296936035
296,248,5.0,4.074366569519043
798,38,4.0,2.9113540649414062
837,535,1.0,3.210198402404785
293,196,4.0,3.40696382522583
407,316,4.0,4.045372009277344
234,482,4.0,3.505429267883301
11,107,4.0,3.5520591735839844
638,515,4.0,3.979573965072632
185,740,4.0,3.624387264251709
862,100,5.0,4.921159744262695
162,1011,4.0,3.336786985397339
487,289,2.0,3.260652542114258
771,243,3.0,2.400068521499634
269,488,4.0,3.6176962852478027
639,60,3.0,3.2121291160583496
407,218,4.0,3.3367884159088135
735,690,4.0,3.152867317199707
469,490,5.0,4.572707653045654
92,955,4.0,3.414142608642578
393,153,3.0,3.8006656169891357
488,742,4.0,3.1377854347229004
181,1277,2.0,1.5924344062805176
58,955,4.0,3.5483858585357666
13,154,5.0,3.5420737266540527
211,228,3.0,3.173410654067993
109,147,4.0,3.527820348739624
117,895,2.0,3.6698408126831055
566,705,4.0,3.6707332134246826
525,475,3.0,3.8602874279022217
361,226,3.0,3.183851718902588
290,515,3.0,4.045948505401611
664,678,2.0,2.811647653579712
706,325,1.0,2.578993797302246
474,737,4.0,3.2776589393615723
566,378,4.0,3.484583854675293
804,468,4.0,3.4375171661376953
524,504,5.0,3.7504918575286865
235,474,5.0,4.33855676651001
428,347,4.0,4.058497428894043
425,976,1.0,1.8826377391815186
190,294,3.0,3.1091978549957275
45,476,3.0,3.3197996616363525
304,682,3.0,2.88336443901062
888,762,5.0,3.703930377960205
249,1069,5.0,3.5893917083740234
846,232,3.0,3.5491175651550293
416,1400,4.0,3.2900335788726807
72,471,4.0,3.540461301803589
389,100,5.0,4.26752233505249
13,629,1.0,3.102792501449585
533,1033,4.0,2.321239471435547
638,204,5.0,3.547882318496704
615,300,4.0,3.8377573490142822
843,25,2.0,2.5467560291290283
363,234,3.0,3.3710412979125977
304,893,3.0,2.314426898956299
200,380,5.0,3.977766752243042
13,750,5.0,3.6844522953033447
416,185,4.0,4.65532922744751
380,315,4.0,3.472627878189087
684,742,4.0,3.5694468021392822
299,607,4.0,3.7394680976867676
268,223,3.0,3.7945973873138428
135,39,3.0,3.159160614013672
342,1315,1.0,3.234229803085327
184,117,2.0,3.7006802558898926
757,1016,3.0,3.301208019256592
327,23,4.0,3.63279128074646
308,127,4.0,4.334270000457764
619,252,3.0,2.943032741546631
249,476,3.0,3.3391544818878174
880,1423,3.0,1.4616785049438477
151,628,5.0,3.815765619277954
659,517,5.0,3.8810927867889404
682,419,3.0,3.466327667236328
766,136,3.0,3.7782397270202637
145,410,4.0,3.2251176834106445
766,499,3.0,3.73586368560791
72,195,5.0,3.9680368900299072
476,239,4.0,3.564822196960449
437,1206,4.0,2.797727346420288
875,582,5.0,3.8475213050842285
796,449,4.0,3.116157054901123
606,11,5.0,4.152617454528809
632,237,3.0,3.6836607456207275
660,210,4.0,2.9823808670043945
62,91,4.0,3.3770251274108887
918,381,5.0,3.137939214706421
666,70,4.0,3.5270001888275146
132,124,4.0,3.9910829067230225
412,4,3.0,3.5127060413360596
670,175,2.0,3.904279947280884
216,81,4.0,3.6964545249938965
324,873,5.0,3.7455878257751465
279,919,3.0,3.7429914474487305
665,931,3.0,2.152780055999756
781,318,3.0,4.474451065063477
244,550,1.0,3.5899264812469482
748,474,4.0,3.996483087539673
239,701,5.0,3.607262372970581
83,756,4.0,2.9812099933624268
347,182,5.0,3.9811787605285645
476,451,3.0,3.268721580505371
899,51,1.0,3.3578953742980957
623,15,4.0,3.6047017574310303
462,288,5.0,3.801957368850708
398,654,4.0,4.205133438110352
219,269,5.0,4.125797748565674
328,754,4.0,3.260373592376709
882,1412,3.0,1.7231128215789795
401,204,5.0,3.1677141189575195
725,15,4.0,4.041728973388672
459,596,3.0,3.3624138832092285
219,936,4.0,4.0366902351379395
766,217,4.0,2.93567156791687
697,7,5.0,4.338270664215088
787,305,3.0,3.654367446899414
417,325,2.0,2.6890525817871094
450,728,3.0,3.2838683128356934
186,298,3.0,3.8521554470062256
665,234,3.0,3.635761022567749
545,549,4.0,3.5868940353393555
435,211,4.0,3.7998604774475098
805,223,5.0,4.165976524353027
321,730,3.0,3.389942169189453
763,462,5.0,3.885350227355957
291,571,2.0,2.838761329650879
263,378,5.0,4.067317008972168
572,300,4.0,3.189703941345215
831,328,3.0,3.4124789237976074
639,197,3.0,3.254868745803833
815,127,3.0,4.4158034324646
711,365,3.0,3.545109987258911
59,609,2.0,3.790536403656006
222,418,2.0,3.3344056606292725
387,1198,3.0,2.6539154052734375
5,110,1.0,2.404857873916626
293,1147,4.0,3.25679874420166
283,168,5.0,4.733308792114258
535,64,5.0,4.4913105964660645
9,487,5.0,4.337399005889893
913,202,4.0,3.3962740898132324
848,393,5.0,3.761897563934326
739,216,4.0,3.458423137664795
354,10,5.0,3.8527231216430664
897,405,5.0,3.560964584350586
4,328,3.0,4.144201755523682
542,1,4.0,3.731297254562378
763,198,5.0,4.138582706451416
880,328,4.0,3.714942693710327
748,86,4.0,3.692812442779541
201,1128,4.0,2.3923239707946777
830,56,2.0,4.174962997436523
38,211,1.0,4.58463716506958
189,276,3.0,3.8869409561157227
334,403,4.0,3.2879223823547363
224,329,3.0,2.904542922973633
256,724,4.0,4.2636799812316895
292,199,5.0,4.839322566986084
11,291,4.0,3.2403359413146973
498,50,4.0,3.8148984909057617
841,307,5.0,3.871785879135132
396,977,3.0,2.793605327606201
378,1478,3.0,2.7442803382873535
416,284,4.0,3.581812620162964
697,881,2.0,3.3448643684387207
655,900,3.0,3.33199143409729
693,258,4.0,3.200784683227539
637,13,1.0,2.574019193649292
60,180,4.0,4.339114189147949
354,135,3.0,3.8919873237609863
618,148,3.0,2.941394090652466
36,875,3.0,2.956887722015381
807,477,4.0,3.5800893306732178
810,326,5.0,4.240002632141113
625,528,3.0,3.792966604232788
653,546,2.0,2.3353686332702637
320,470,5.0,4.05717134475708
6,521,4.0,3.6719443798065186
7,259,3.0,3.0812172889709473
222,636,4.0,3.0776355266571045
254,1444,3.0,2.2211170196533203
23,275,5.0,3.8269705772399902
374,233,3.0,3.225658893585205
295,389,4.0,4.07883358001709
846,95,3.0,4.094684600830078
825,106,4.0,3.1309118270874023
483,405,3.0,2.8400073051452637
843,145,3.0,1.991913080215454
504,162,4.0,3.834317684173584
330,204,5.0,4.79980993270874
897,498,5.0,4.576558589935303
276,463,4.0,4.057193756103516
524,416,4.0,3.241711378097534
465,603,4.0,3.7310194969177246
279,685,3.0,3.3703575134277344
883,55,4.0,3.9562387466430664
269,747,4.0,2.9388513565063477
787,350,1.0,3.2569639682769775
429,510,4.0,3.801500082015991
181,1373,1.0,0.723675549030304
682,943,3.0,3.2730789184570312
618,655,4.0,3.502476453781128
301,790,4.0,2.854715347290039
254,103,2.0,2.0041069984436035
200,523,4.0,4.778635501861572
535,197,5.0,4.143170356750488
435,358,4.0,2.616264581680298
655,1011,3.0,2.7847816944122314
450,549,3.0,3.936577796936035
318,94,4.0,3.2504351139068604
828,557,2.0,2.981140375137329
44,172,4.0,4.214439392089844
749,984,3.0,2.8975000381469727
269,1154,3.0,2.3730905055999756
758,231,3.0,2.9525694847106934
279,1162,3.0,1.307836890220642
94,472,3.0,3.2093026638031006
485,321,3.0,2.7505738735198975
299,602,3.0,3.5064961910247803
151,88,5.0,3.7773008346557617
271,220,3.0,3.2394275665283203
45,15,4.0,4.072296142578125
921,778,3.0,3.3558998107910156
655,803,3.0,2.267595052719116
864,734,3.0,2.888150930404663
48,524,3.0,4.009596824645996
416,213,5.0,4.558492183685303
593,4,4.0,3.6416656970977783
514,682,4.0,3.0731089115142822
378,295,3.0,3.4401371479034424
160,56,5.0,4.345264911651611
234,808,2.0,2.5301969051361084
429,385,3.0,3.4779863357543945
843,379,2.0,2.29335880279541
610,172,4.0,4.205623149871826
244,197,4.0,4.358981132507324
627,177,5.0,3.5986855030059814
655,475,3.0,3.320093870162964
655,1213,2.0,1.962066650390625
841,751,3.0,3.7568838596343994
882,471,4.0,3.9882845878601074
577,1271,3.0,2.7053146362304688
203,257,3.0,3.861661195755005
248,928,3.0,2.8673694133758545
288,286,4.0,3.646493911743164
299,733,3.0,3.221994161605835
653,765,1.0,2.1525790691375732
880,375,1.0,2.154313325881958
328,1109,3.0,3.310206174850464
58,9,4.0,3.891227960586548
521,240,3.0,2.418658971786499
332,934,2.0,3.588623523712158
845,1234,4.0,1.8923354148864746
62,21,3.0,2.607175588607788
698,516,2.0,3.005756378173828
215,288,2.0,3.3921382427215576
548,370,3.0,2.8708243370056152
339,156,5.0,4.295888423919678
159,117,5.0,3.97367787361145
194,640,1.0,2.547794818878174
194,417,2.0,2.6353344917297363
699,828,3.0,2.3944265842437744
244,95,4.0,4.090165615081787
145,486,3.0,3.9927539825439453
267,685,3.0,3.74635910987854
437,42,3.0,3.768878221511841
880,85,3.0,3.2774276733398438
267,474,5.0,4.827786922454834
682,187,5.0,3.9423716068267822
661,70,4.0,3.7451555728912354
653,286,4.0,2.802126884460449
318,282,4.0,3.7762818336486816
690,70,2.0,3.2785284519195557
21,980,2.0,3.071014881134033
297,588,4.0,3.5422585010528564
897,179,3.0,4.264637470245361
523,662,4.0,4.092577934265137
663,260,2.0,2.66324782371521
435,157,4.0,3.5240399837493896
59,47,5.0,3.7890396118164062
13,852,1.0,0.8664827346801758
296,276,5.0,4.099668502807617
654,121,4.0,3.4597039222717285
195,678,3.0,2.7722151279449463
3,344,4.0,3.166102409362793
748,173,4.0,3.9007983207702637
817,876,4.0,2.5688889026641846
308,73,3.0,3.4827880859375
774,234,2.0,2.2982590198516846
414,313,4.0,4.7797651290893555
18,242,5.0,4.280848026275635
407,202,4.0,3.561288356781006
936,118,3.0,3.544100046157837
774,178,4.0,2.594360828399658
743,276,5.0,3.7221572399139404
354,47,4.0,3.461531639099121
566,49,2.0,3.0536446571350098
221,358,3.0,2.792018175125122
268,949,2.0,3.0346572399139404
102,501,2.0,2.6663694381713867
782,1378,2.0,1.9793117046356201
795,588,5.0,3.3989145755767822
1,175,5.0,4.15224027633667
185,196,4.0,4.0093607902526855
145,411,2.0,2.9298572540283203
287,218,5.0,3.9085092544555664
488,514,2.0,3.426177501678467
750,269,4.0,3.9757134914398193
336,619,3.0,3.2367660999298096
6,490,5.0,3.820467948913574
394,797,3.0,3.5623466968536377
197,306,2.0,3.8686490058898926
435,155,3.0,2.9668986797332764
43,531,4.0,4.047420501708984
201,222,3.0,3.20121431350708
532,22,5.0,5.198359489440918
664,513,4.0,4.495539665222168
356,331,3.0,3.564755439758301
524,474,4.0,4.025413513183594
663,685,4.0,3.359628200531006
622,162,3.0,3.7253034114837646
44,196,4.0,3.838674783706665
457,318,5.0,5.320253372192383
655,1018,3.0,2.8477704524993896
271,216,5.0,3.8324506282806396
13,821,3.0,2.9618048667907715
286,642,3.0,3.9000327587127686
130,413,3.0,3.115156412124634
145,100,5.0,4.225264549255371
342,792,3.0,3.5811173915863037
299,173,5.0,3.90969181060791
655,619,3.0,2.847881317138672
788,231,3.0,2.6331403255462646
417,743,2.0,1.9891676902770996
401,724,4.0,2.8963916301727295
268,232,3.0,2.963009834289551
72,679,2.0,3.0444400310516357
921,924,3.0,3.1672606468200684
181,3,2.0,1.4660426378250122
779,117,4.0,3.991799831390381
774,1091,1.0,1.7397210597991943
397,343,2.0,3.311631917953491
843,227,3.0,2.5096120834350586
823,450,1.0,2.6472065448760986
113,292,3.0,4.024940490722656
233,215,5.0,4.214179515838623
314,468,4.0,3.7568018436431885
454,185,2.0,3.1927008628845215
51,485,1.0,3.5892715454101562
682,281,3.0,3.0017361640930176
257,531,5.0,4.2755961418151855
592,702,4.0,3.377725124359131
328,528,5.0,4.084954738616943
13,327,3.0,3.291749954223633
213,97,5.0,4.13399076461792
176,151,4.0,3.7479114532470703
347,1,4.0,3.865239143371582
794,109,4.0,3.9094655513763428
838,121,2.0,3.6173784732818604
540,281,3.0,3.344601631164551
903,59,4.0,4.149997711181641
312,968,5.0,4.010721683502197
271,642,5.0,3.426903486251831
279,663,3.0,3.947160482406616
533,591,4.0,3.403501510620117
52,471,4.0,4.058141708374023
184,93,4.0,3.672100067138672
195,135,5.0,3.9325063228607178
828,316,5.0,3.6065897941589355
796,322,3.0,3.119945526123047
378,744,3.0,3.482998847961426
378,546,2.0,3.013016700744629
57,249,5.0,3.4077792167663574
189,199,5.0,4.582452297210693
667,23,3.0,4.1767449378967285
301,3,2.0,3.024106979370117
297,751,4.0,3.2263081073760986
515,258,4.0,3.23250412940979
796,282,4.0,3.6718952655792236
380,28,4.0,3.201444387435913
339,484,5.0,4.584112644195557
368,288,3.0,3.2064340114593506
72,45,5.0,4.010165214538574
618,181,5.0,3.6629083156585693
687,323,2.0,3.026822328567505
397,332,2.0,3.590668201446533
344,246,4.0,4.0358052253723145
303,233,4.0,3.3558809757232666
488,612,4.0,3.4887502193450928
305,190,3.0,3.8296990394592285
85,301,4.0,3.160797357559204
9,50,5.0,4.682984828948975
125,238,3.0,3.9536077976226807
201,56,5.0,3.5833091735839844
934,771,3.0,2.605095624923706
884,515,4.0,4.148562908172607
472,323,4.0,3.8103599548339844
75,118,3.0,3.36387300491333
524,501,2.0,3.309920310974121
151,301,4.0,3.5974512100219727
197,177,5.0,3.6909353733062744
437,56,4.0,4.054442882537842
346,127,5.0,4.071787357330322
547,315,4.0,4.2235002517700195
757,1240,3.0,3.5520200729370117
846,241,4.0,3.789900302886963
682,623,3.0,2.7516441345214844
639,61,3.0,3.124325752258301
761,261,1.0,2.171088457107544
76,1153,2.0,3.6634626388549805
904,815,4.0,3.3137118816375732
892,274,4.0,3.8027968406677246
62,22,4.0,3.893338203430176
398,692,4.0,3.5781612396240234
192,284,5.0,3.11836838722229
7,449,3.0,3.4037680625915527
241,880,5.0,2.8460934162139893
741,239,2.0,3.508918046951294
543,651,3.0,3.9439070224761963
328,284,3.0,3.110851287841797
48,243,3.0,2.4447104930877686
627,2,3.0,3.001290798187256
934,660,5.0,3.778677225112915
542,523,4.0,3.917879343032837
786,429,4.0,4.076052188873291
707,9,5.0,3.6574370861053467
609,287,5.0,2.83552885055542
286,1060,5.0,3.3984272480010986
542,23,5.0,3.981921672821045
37,403,5.0,3.6079227924346924
692,287,3.0,3.3832449913024902
303,763,4.0,3.505831003189087
294,406,2.0,2.796710729598999
387,203,4.0,3.6078028678894043
787,269,3.0,3.884700059890747
495,969,4.0,4.3923516273498535
610,331,3.0,3.552515745162964
160,763,4.0,3.582526922225952
249,89,5.0,4.58387565612793
918,213,5.0,3.5067105293273926
459,678,4.0,2.810579299926758
625,172,4.0,3.836970567703247
566,33,2.0,3.155430555343628
855,462,4.0,3.212855815887451
648,225,1.0,2.8133013248443604
663,544,4.0,3.2328262329101562
301,429,4.0,3.896387815475464
230,211,5.0,4.110417366027832
346,1090,2.0,2.4771480560302734
229,358,1.0,2.1438279151916504
532,545,2.0,2.2688372135162354
747,649,3.0,3.793020486831665
918,747,3.0,3.0212950706481934
279,659,5.0,4.008413791656494
900,1028,2.0,2.210554599761963
457,53,4.0,3.386718988418579
291,413,4.0,2.954301595687866
164,121,5.0,4.200324058532715
650,849,2.0,2.406644344329834
541,1036,2.0,2.94097900390625
269,111,1.0,3.0182600021362305
503,640,1.0,3.2280874252319336
545,578,4.0,3.255218267440796
130,393,5.0,4.07692289352417
716,1050,4.0,3.6749181747436523
102,436,2.0,2.796928882598877
101,928,2.0,2.875979423522949
380,1444,1.0,2.0823519229888916
919,1315,2.0,3.2898881435394287
460,289,4.0,2.888292074203491
396,329,2.0,3.5040082931518555
739,79,4.0,3.5280954837799072
185,480,4.0,4.512201309204102
385,367,4.0,3.116640090942383
334,549,4.0,3.432816743850708
843,288,4.0,2.575719118118286
236,195,2.0,3.667840003967285
405,521,4.0,2.2743961811065674
178,654,3.0,4.423935413360596
718,111,4.0,3.7890233993530273
254,82,4.0,3.3862462043762207
180,462,5.0,4.075119495391846
94,1224,3.0,2.9513447284698486
94,63,3.0,3.2484679222106934
785,288,3.0,3.3507981300354004
342,762,2.0,3.296950101852417
207,841,3.0,2.569924831390381
625,945,3.0,3.604856014251709
537,91,2.0,2.9147708415985107
897,73,3.0,3.6867997646331787
79,813,5.0,4.281518936157227
393,316,5.0,4.205277442932129
577,79,4.0,4.2956767082214355
295,722,4.0,3.2851552963256836
118,919,5.0,4.656369209289551
881,222,5.0,3.4578232765197754
343,25,2.0,3.6973063945770264
442,710,5.0,3.2796506881713867
846,132,5.0,4.303783893585205
286,73,5.0,3.7790095806121826
429,1011,4.0,3.1003475189208984
435,333,3.0,3.5049006938934326
711,277,5.0,3.729548931121826
287,50,5.0,4.913975715637207
851,693,5.0,3.95113468170166
804,2,4.0,3.363334894180298
616,313,5.0,4.392073631286621
454,238,3.0,3.041686773300171
224,157,4.0,3.176140308380127
648,810,4.0,2.7681028842926025
629,301,3.0,3.617208957672119
650,97,3.0,3.2382571697235107
320,148,4.0,3.680032730102539
625,433,3.0,3.3912878036499023
402,476,3.0,3.2664332389831543
416,684,5.0,4.170190334320068
921,328,5.0,3.2727468013763428
409,178,5.0,4.266210556030273
551,25,1.0,3.748368263244629
715,276,3.0,3.5798656940460205
374,15,3.0,3.7142279148101807
306,1028,2.0,3.173738479614258
344,1014,4.0,3.1854372024536133
121,717,5.0,2.7119028568267822
347,273,5.0,3.575800895690918
262,71,4.0,3.498976945877075
453,68,4.0,3.3091299533843994
508,181,3.0,4.070627212524414
472,229,5.0,3.823704957962036
883,61,5.0,4.089340686798096
149,258,3.0,3.1381468772888184
706,245,3.0,2.926746129989624
102,746,2.0,2.8586602210998535
315,276,4.0,3.8744802474975586
582,597,3.0,3.057440757751465
453,33,4.0,3.2647602558135986
222,223,4.0,3.9527394771575928
378,559,4.0,3.203084945678711
343,163,5.0,3.932583808898926
225,172,5.0,4.827963829040527
796,1076,2.0,2.5178775787353516
95,505,3.0,3.9144458770751953
423,690,4.0,3.498220920562744
602,871,3.0,2.8361196517944336
129,288,1.0,2.6595399379730225
774,449,1.0,1.9194328784942627
230,371,4.0,3.3513259887695312
495,181,5.0,4.614938735961914
621,559,5.0,3.499938488006592
679,8,2.0,3.907963514328003
202,286,1.0,2.7567574977874756
943,471,5.0,3.593769073486328
22,386,3.0,2.8354156017303467
181,118,2.0,1.5446016788482666
374,88,3.0,3.4420742988586426
435,52,5.0,3.71975040435791
437,417,5.0,3.1769657135009766
664,276,5.0,3.6941585540771484
403,405,5.0,3.4370346069335938
269,237,2.0,3.0945348739624023
38,69,5.0,4.467749118804932
376,707,4.0,3.896888494491577
268,780,3.0,2.7178874015808105
497,187,5.0,4.013009071350098
896,358,1.0,2.3774702548980713
828,86,3.0,3.368497371673584
593,79,4.0,4.145737171173096
432,315,5.0,4.428266525268555
504,693,4.0,3.790806770324707
919,690,3.0,3.4195990562438965
299,435,3.0,3.7390058040618896
880,28,5.0,4.095353126525879
405,57,1.0,2.3673830032348633
687,340,4.0,3.605552911758423
360,523,3.0,4.172129154205322
374,619,3.0,3.3265380859375
361,514,5.0,3.7998299598693848
87,73,3.0,3.840454339981079
833,127,5.0,3.707820415496826
499,193,4.0,3.910374164581299
456,101,3.0,3.2303903102874756
125,1036,2.0,2.810258626937866
699,764,3.0,2.599302291870117
778,712,3.0,2.582298755645752
249,182,5.0,4.362513542175293
299,381,3.0,3.3760886192321777
621,241,4.0,3.8787660598754883
92,101,2.0,3.3352746963500977
727,22,4.0,3.997985363006592
889,60,3.0,3.810638189315796
643,12,5.0,4.475500583648682
169,495,3.0,3.6156861782073975
437,781,4.0,3.332548141479492
877,226,3.0,3.381258487701416
606,15,5.0,4.07182502746582
10,698,4.0,2.815664291381836
592,985,4.0,3.3869614601135254
399,1219,3.0,2.5312702655792236
938,1152,3.0,3.332098960876465
66,1,3.0,3.842461347579956
585,166,4.0,4.185275077819824
269,417,2.0,2.725917339324951
682,17,3.0,3.0537025928497314
880,636,3.0,3.5268847942352295
650,579,3.0,2.4714789390563965
354,515,3.0,4.231680393218994
528,178,4.0,4.355112552642822
5,421,1.0,3.2757983207702637
534,455,5.0,4.093823432922363
60,173,4.0,4.411219596862793
452,509,4.0,3.5748960971832275
536,416,4.0,3.6504976749420166
789,591,3.0,3.5409398078918457
224,686,4.0,3.191828727722168
805,162,2.0,3.611870765686035
399,232,2.0,2.9003920555114746
486,1322,3.0,2.3734660148620605
548,12,5.0,4.5442585945129395
279,977,4.0,2.7217812538146973
21,853,5.0,3.1518607139587402
249,175,4.0,4.371757984161377
151,485,5.0,4.225230693817139
301,758,3.0,1.8219175338745117
683,132,5.0,3.6616101264953613
659,241,3.0,3.567922592163086
802,219,5.0,3.391335964202881
488,480,3.0,3.7870986461639404
712,812,4.0,3.122357130050659
881,202,4.0,3.5358810424804688
68,1028,4.0,2.6126644611358643
880,109,4.0,3.6595237255096436
660,219,1.0,2.556279420852661
548,504,5.0,4.131890296936035
457,436,4.0,4.297439098358154
38,218,3.0,4.050441741943359
891,476,5.0,3.6108906269073486
181,262,2.0,1.7465884685516357
391,12,5.0,4.28727912902832
315,178,4.0,4.6204752922058105
472,100,5.0,5.201630592346191
896,1220,1.0,2.962066650390625
207,107,3.0,3.3385751247406006
303,550,3.0,3.505729913711548
458,499,4.0,4.06827449798584
453,423,4.0,3.6635727882385254
114,522,5.0,3.5288944244384766
13,363,3.0,2.624680995941162
561,566,3.0,2.982577323913574
612,100,4.0,3.9690005779266357
833,64,3.0,3.8415300846099854
194,117,3.0,3.061159372329712
184,275,5.0,3.978616237640381
201,358,1.0,2.4364027976989746
522,23,5.0,4.350390911102295
506,28,4.0,3.988804340362549
870,1134,4.0,3.209284782409668
305,89,3.0,3.745201826095581
91,527,4.0,4.212608337402344
682,720,4.0,2.7427995204925537
566,88,3.0,3.183098554611206
880,195,4.0,4.213288307189941
179,362,1.0,2.770843505859375
383,504,4.0,4.346334934234619
79,10,5.0,4.161437511444092
567,109,2.0,3.4568235874176025
177,689,3.0,3.0287246704101562
938,748,2.0,3.158499240875244
376,328,3.0,3.408230781555176
394,402,4.0,4.031111240386963
504,418,3.0,3.7432165145874023
21,50,3.0,4.0694122314453125
262,931,2.0,2.0407230854034424
658,515,5.0,4.229178428649902
144,478,4.0,4.096286773681641
189,474,5.0,4.534491539001465
364,325,4.0,2.7313010692596436
328,748,3.0,3.08164381980896
711,959,5.0,3.7932662963867188
201,286,2.0,3.2486321926116943
851,147,4.0,3.8130955696105957
297,53,3.0,2.7279934883117676
499,539,1.0,2.487560272216797
58,462,4.0,3.864410877227783
846,216,4.0,4.184248924255371
416,469,4.0,4.323052406311035
218,762,4.0,3.145024061203003
592,512,5.0,4.555500507354736
758,1025,3.0,3.0546517372131348
37,546,3.0,3.194532632827759
445,1014,1.0,1.9052784442901611
705,655,3.0,4.011209487915039
554,79,5.0,4.004695892333984
201,559,2.0,2.869354248046875
932,67,2.0,3.1689720153808594
860,508,4.0,3.3949379920959473
686,170,5.0,4.938284873962402
269,602,4.0,3.1676185131073
13,109,4.0,3.2185890674591064
642,443,2.0,4.240713596343994
284,751,3.0,3.3962318897247314
712,143,5.0,3.973020553588867
852,121,4.0,3.761627197265625
782,323,3.0,2.7975895404815674
336,186,4.0,3.8160932064056396
291,379,3.0,3.4756407737731934
52,250,3.0,3.9252572059631348
303,739,5.0,3.336785078048706
457,240,3.0,3.240243434906006
262,443,3.0,3.4971694946289062
882,568,5.0,4.154166221618652
405,1266,1.0,2.0451314449310303
253,203,4.0,4.016201972961426
169,211,5.0,3.877202033996582
758,716,2.0,3.436373472213745
712,173,5.0,4.472149848937988
569,124,5.0,4.061734199523926
514,778,4.0,3.6861231327056885
172,178,3.0,3.648543119430542
514,98,5.0,4.422582149505615
157,100,5.0,4.593287944793701
650,151,3.0,3.179882049560547
908,603,4.0,3.8068532943725586
496,921,5.0,3.255005359649658
838,254,3.0,2.5890886783599854
637,127,2.0,3.1518630981445312
92,109,3.0,3.3767940998077393
320,68,5.0,3.952789783477783
393,270,5.0,3.698854684829712
429,357,5.0,4.069093704223633
378,401,4.0,2.6939072608947754
865,547,5.0,2.4615485668182373
903,582,3.0,3.7770438194274902
919,327,4.0,3.4632110595703125
634,1008,2.0,3.575324535369873
342,833,3.0,3.0198822021484375
536,167,3.0,3.2576990127563477
782,1142,3.0,3.539623975753784
13,908,1.0,2.3789596557617188
910,597,3.0,2.6547858715057373
3,329,4.0,2.74782395362854
167,1310,3.0,0.965095579624176
890,489,4.0,4.2536492347717285
788,983,3.0,2.253009080886841
450,142,5.0,3.3131847381591797
716,387,4.0,3.488790273666382
815,471,2.0,3.6411006450653076
907,1220,5.0,4.381716728210449
823,52,3.0,4.208287239074707
653,204,4.0,2.918229579925537
598,259,3.0,2.842879056930542
115,177,5.0,4.044965744018555
152,740,4.0,4.4488420486450195
794,242,5.0,4.756124496459961
269,783,1.0,2.38395619392395
315,654,5.0,4.468960762023926
349,9,4.0,3.6096184253692627
151,231,1.0,2.98565411567688
655,280,2.0,2.7770230770111084
795,265,3.0,3.474439859390259
310,274,3.0,3.5613343715667725
6,22,3.0,3.9726312160491943
426,646,3.0,4.053807258605957
618,168,5.0,3.7239222526550293
355,689,4.0,3.8044838905334473
276,182,5.0,4.178828716278076
679,172,5.0,4.126858711242676
393,195,3.0,3.9718000888824463
98,168,2.0,3.788546562194824
197,684,4.0,3.5522146224975586
585,740,4.0,3.650765895843506
823,209,4.0,4.279392719268799
846,239,4.0,3.782313585281372
479,205,3.0,3.858034610748291
328,582,5.0,3.560844898223877
558,19,5.0,4.37637996673584
705,1043,5.0,2.883711338043213
897,670,3.0,3.229592800140381
207,319,3.0,3.103905200958252
841,286,5.0,4.011023044586182
694,1126,5.0,3.6426310539245605
722,597,3.0,3.382619857788086
640,1054,1.0,2.790621042251587
669,614,4.0,3.3259363174438477
524,584,1.0,3.3398866653442383
440,329,5.0,3.919607400894165
16,69,5.0,4.390258312225342
425,540,2.0,2.335359811782837
804,257,5.0,3.904259443283081
897,28,4.0,4.178062438964844
684,66,4.0,3.468991756439209
85,1074,3.0,2.8109230995178223
566,69,4.0,3.5330801010131836
128,258,2.0,3.8375120162963867
886,29,1.0,2.615985870361328
885,237,5.0,3.3248281478881836
32,298,5.0,3.4709603786468506
422,126,4.0,3.8734960556030273
373,420,4.0,3.6173338890075684
210,181,5.0,4.4572434425354
250,123,3.0,3.414881944656372
269,886,3.0,2.6969361305236816
186,406,1.0,2.7147886753082275
496,417,1.0,2.674609661102295
66,286,1.0,3.674245834350586
401,154,1.0,3.124030113220215
38,616,3.0,4.19609260559082
257,50,5.0,4.777461528778076
201,59,4.0,3.5044546127319336
239,175,5.0,4.3140549659729
880,881,4.0,3.148345470428467
11,121,3.0,3.352318048477173
913,269,5.0,3.6881518363952637
306,289,3.0,3.184227466583252
21,324,4.0,2.8971657752990723
258,286,5.0,3.7122013568878174
311,204,5.0,4.003451824188232
344,106,2.0,2.870542526245117
247,300,2.0,3.8285040855407715
851,1051,2.0,3.538705825805664
428,896,4.0,4.564882278442383
22,216,4.0,4.153250217437744
790,393,2.0,3.172457695007324
892,417,3.0,3.539016008377075
436,925,4.0,3.5678675174713135
343,252,4.0,3.2103068828582764
524,647,3.0,4.031460762023926
919,98,5.0,4.2265143394470215
210,152,5.0,3.984785556793213
299,114,4.0,4.078476905822754
833,249,1.0,2.835731267929077
795,121,3.0,3.095473051071167
312,526,5.0,4.4125471115112305
854,302,3.0,3.8031551837921143
190,7,4.0,3.6966841220855713
537,327,2.0,2.813969373703003
627,553,3.0,2.982017755508423
788,125,3.0,3.4288299083709717
666,647,5.0,4.148406982421875
467,269,4.0,4.118474006652832
715,98,5.0,4.223783016204834
158,285,5.0,4.6223978996276855
536,474,5.0,4.5670857429504395
211,300,2.0,3.1305887699127197
407,163,3.0,3.4653544425964355
622,79,5.0,4.051103115081787
716,604,3.0,4.124281406402588
864,1217,3.0,3.2216899394989014
42,194,5.0,4.372893333435059
480,169,5.0,4.116074562072754
345,220,3.0,3.4177746772766113
514,81,4.0,3.6556556224823
385,650,5.0,3.1510305404663086
804,33,4.0,3.5864760875701904
577,97,5.0,3.9710211753845215
495,234,5.0,4.325252532958984
173,269,4.0,5.047552585601807
416,619,4.0,3.762937068939209
116,539,2.0,2.230684995651245
623,227,4.0,3.2210776805877686
936,127,5.0,4.6855244636535645
897,849,4.0,2.9201202392578125
96,435,3.0,4.264153957366943
761,840,4.0,2.5645835399627686
551,91,1.0,4.034304141998291
380,923,3.0,3.5912609100341797
790,1044,4.0,3.116724729537964
869,298,3.0,3.1154749393463135
836,900,2.0,4.1563334465026855
894,979,3.0,3.48638916015625
399,545,2.0,1.765937328338623
257,151,4.0,3.9608075618743896
796,22,4.0,4.300551414489746
188,769,2.0,2.630183458328247
588,98,1.0,4.5685930252075195
838,83,5.0,4.30195426940918
378,550,2.0,3.3447983264923096
4,301,5.0,3.9060094356536865
294,544,4.0,3.4426114559173584
164,331,5.0,4.378754138946533
487,202,5.0,3.9447827339172363
326,515,5.0,3.7846786975860596
537,50,4.0,3.4605963230133057
455,629,3.0,3.1836354732513428
342,764,1.0,2.765018939971924
174,780,1.0,3.417653799057007
719,890,1.0,1.8732109069824219
276,959,4.0,3.785576820373535
764,70,4.0,3.8603289127349854
398,495,4.0,3.6684393882751465
113,242,2.0,4.566512584686279
642,969,2.0,4.237425327301025
201,144,4.0,3.3714101314544678
231,1,3.0,3.981046676635742
330,22,5.0,5.28461217880249
60,511,4.0,4.566909313201904
5,445,3.0,3.4037280082702637
666,127,5.0,4.154324054718018
506,538,3.0,3.7491023540496826
347,686,5.0,3.682293653488159
189,486,5.0,4.149990558624268
308,432,4.0,3.7530951499938965
553,646,4.0,4.315851211547852
585,463,5.0,3.998006582260132
504,143,4.0,3.837871789932251
868,432,2.0,3.1996309757232666
393,51,4.0,3.502218008041382
107,321,2.0,2.67518949508667
299,462,5.0,3.5747122764587402
13,862,3.0,1.972226619720459
593,966,5.0,4.092708110809326
820,343,4.0,2.7902281284332275
392,250,3.0,3.7253239154815674
301,79,5.0,3.950152635574341
492,1121,2.0,3.211885452270508
328,568,3.0,3.583338737487793
151,420,5.0,3.8045992851257324
253,96,5.0,4.189804553985596
7,546,4.0,3.387897491455078
251,147,3.0,3.6528239250183105
721,681,3.0,2.919361114501953
244,1188,4.0,2.9646451473236084
508,219,1.0,3.3422515392303467
900,31,2.0,2.5899133682250977
95,95,3.0,3.8181514739990234
225,22,5.0,4.822521209716797
694,520,5.0,4.512118816375732
393,125,4.0,3.60321307182312
521,17,1.0,2.807516098022461
276,67,3.0,3.092580556869507
930,151,2.0,2.925769329071045
592,521,5.0,4.304101467132568
894,1009,4.0,3.518421173095703
639,356,2.0,2.6307032108306885
280,11,5.0,3.9434609413146973
606,530,4.0,4.493093013763428
935,15,5.0,4.07831335067749
551,66,2.0,3.826979875564575
659,172,3.0,4.233395576477051
92,202,3.0,3.647162437438965
556,496,5.0,4.502053260803223
381,49,2.0,3.567478895187378
55,144,5.0,3.43310809135437
389,486,4.0,4.033803939819336
438,148,5.0,3.7170321941375732
223,322,4.0,2.901597738265991
151,1,5.0,4.206479072570801
267,554,3.0,3.162065029144287
169,181,5.0,3.9497625827789307
268,238,3.0,3.470834255218506
267,216,4.0,4.44317626953125
658,511,4.0,4.2059197425842285
458,582,1.0,3.6258089542388916
334,209,3.0,3.760869264602661
349,100,4.0,3.9033660888671875
916,1268,3.0,3.113384246826172
649,257,5.0,3.8102431297302246
932,606,4.0,4.481380462646484
388,300,4.0,4.291411399841309
427,1296,5.0,4.655735015869141
669,12,5.0,3.8543202877044678
224,258,3.0,3.3249776363372803
776,182,3.0,3.8894119262695312
907,25,5.0,4.426322937011719
100,328,4.0,3.1014328002929688
327,204,4.0,3.405487537384033
864,194,4.0,4.568953037261963
695,343,4.0,3.031989812850952
653,197,3.0,3.0964791774749756
655,233,3.0,2.775399684906006
308,634,4.0,3.585190773010254
381,120,1.0,2.3635013103485107
286,411,2.0,3.1901309490203857
647,134,4.0,4.396928787231445
731,127,4.0,3.8378894329071045
230,234,4.0,3.92607045173645
715,95,4.0,3.7654333114624023
535,44,4.0,3.3983402252197266
151,210,4.0,4.256662368774414
198,820,1.0,2.476789951324463
201,134,4.0,3.703057050704956
532,147,4.0,4.303295612335205
267,214,4.0,3.749770402908325
566,8,4.0,3.690416097640991
49,423,2.0,3.0649302005767822
201,505,3.0,3.4633359909057617
1,252,2.0,3.0937423706054688
151,168,5.0,4.480843544006348
146,307,3.0,3.7474656105041504
216,298,5.0,3.8879215717315674
360,69,3.0,3.963135004043579
42,467,3.0,4.0373029708862305
416,761,4.0,3.2576143741607666
588,934,4.0,3.073385238647461
147,269,4.0,4.323166847229004
537,990,2.0,2.691473960876465
531,892,3.0,2.8843507766723633
806,14,3.0,3.956439733505249
508,209,5.0,3.9842541217803955
293,582,4.0,3.2110044956207275
429,161,3.0,3.3309974670410156
312,121,3.0,3.866844415664673
712,172,5.0,4.553499698638916
399,550,3.0,2.9333138465881348
296,659,5.0,4.5439043045043945
892,288,4.0,3.7598021030426025
716,160,2.0,3.4705371856689453
342,975,2.0,3.011591911315918
334,405,3.0,3.164280891418457
593,366,4.0,3.4748005867004395
862,472,5.0,3.5865511894226074
56,423,5.0,4.067297458648682
457,588,5.0,4.455687999725342
367,333,4.0,4.534651756286621
887,318,5.0,5.197096824645996
262,1054,2.0,2.213268280029297
117,151,4.0,4.132462978363037
198,655,4.0,3.406388759613037
7,483,4.0,5.037621021270752
207,129,3.0,3.558137893676758
844,24,5.0,3.2010326385498047
341,881,5.0,3.556123971939087
933,160,3.0,2.7320494651794434
298,311,3.0,4.143030643463135
551,218,5.0,3.8288490772247314
844,7,3.0,3.585207223892212
305,203,4.0,3.4675211906433105
13,230,3.0,3.288635730743408
821,597,3.0,3.696582555770874
568,475,4.0,3.3723294734954834
387,109,4.0,3.237358570098877
643,715,5.0,3.385222911834717
154,302,4.0,4.390439510345459
638,636,3.0,3.0672080516815186
747,17,4.0,3.6088755130767822
201,123,2.0,2.8042263984680176
500,50,3.0,4.101124286651611
782,894,2.0,1.9885611534118652
682,924,5.0,3.1785521507263184
488,205,4.0,3.5204243659973145
203,100,1.0,4.290474891662598
279,16,4.0,3.336599349975586
533,580,3.0,3.0754828453063965
152,1053,5.0,4.0673604011535645
715,367,3.0,3.4138126373291016
890,1065,3.0,3.7039599418640137
323,294,3.0,3.2729878425598145
843,563,2.0,1.9354262351989746
559,265,4.0,3.661773204803467
450,1020,4.0,4.245553970336914
57,1095,2.0,2.4327783584594727
468,237,4.0,3.8479163646698
192,125,3.0,3.506016969680786
909,300,5.0,4.178267955780029
804,24,5.0,3.5693304538726807
880,298,4.0,3.9742298126220703
457,1012,4.0,4.14125919342041
424,681,3.0,2.4700427055358887
44,151,4.0,3.597141981124878
234,173,3.0,3.5691609382629395
625,181,4.0,3.6482791900634766
201,1425,3.0,2.3660624027252197
334,902,4.0,3.7097623348236084
326,519,5.0,3.5740771293640137
311,654,3.0,4.363784313201904
896,470,2.0,3.1130259037017822
270,727,5.0,4.169461727142334
880,187,5.0,4.4666314125061035
571,69,2.0,3.3402676582336426
17,628,1.0,2.9529495239257812
255,672,2.0,2.216500997543335
145,869,4.0,3.0684282779693604
337,392,5.0,3.8300178050994873
608,100,4.0,4.010066032409668
881,1089,1.0,2.13061785697937
827,272,4.0,3.961012363433838
631,346,4.0,3.4558780193328857
537,47,4.0,2.8026914596557617
618,729,3.0,3.1549124717712402
634,125,4.0,3.594344139099121
632,720,3.0,2.9508514404296875
758,211,4.0,4.255937099456787
804,68,3.0,3.6273815631866455
768,100,5.0,3.792853832244873
698,1,4.0,2.892092227935791
523,289,4.0,3.6654975414276123
25,419,4.0,3.884425163269043
318,63,3.0,3.201728343963623
878,699,1.0,3.2369964122772217
606,1149,4.0,4.389730453491211
297,574,1.0,2.070255756378174
919,319,3.0,3.311184883117676
345,708,3.0,3.5577378273010254
307,230,5.0,3.642134189605713
92,307,4.0,3.488129138946533
20,1,3.0,3.2065014839172363
655,1167,3.0,2.8307371139526367
749,969,4.0,3.9243509769439697
7,423,5.0,4.277721881866455
798,231,2.0,2.7545981407165527
935,284,4.0,3.4700241088867188
104,333,2.0,2.7690515518188477
207,826,2.0,2.3732197284698486
263,1,5.0,4.124265193939209
378,280,2.0,3.1988348960876465
254,699,3.0,3.279545307159424
870,505,4.0,3.68167781829834
435,154,4.0,3.664182186126709
10,133,5.0,4.149228096008301
437,191,4.0,4.193126678466797
472,577,3.0,2.759843349456787
718,273,3.0,3.804234266281128
455,204,4.0,3.6922574043273926
184,1121,4.0,3.6141672134399414
585,30,4.0,4.135198593139648
943,230,1.0,3.578004837036133
96,153,4.0,4.064490795135498
660,1074,1.0,2.2736656665802
293,17,2.0,2.8711776733398438
500,735,4.0,3.5213513374328613
40,259,2.0,2.2312607765197754
280,232,3.0,3.4778571128845215
560,50,5.0,4.161017894744873
610,484,3.0,4.175323009490967
804,153,4.0,3.963247060775757
867,258,3.0,4.176910400390625
698,153,2.0,2.848512649536133
152,117,4.0,4.714751720428467
486,304,3.0,3.3961129188537598
567,487,4.0,4.051976203918457
121,25,5.0,3.3108162879943848
621,55,5.0,4.126448154449463
226,258,5.0,3.8088014125823975
416,420,3.0,3.933124542236328
524,402,2.0,3.3593125343322754
154,515,4.0,4.476049423217773
271,81,3.0,3.4682674407958984
198,690,3.0,3.07997727394104
782,301,3.0,3.0116770267486572
752,589,4.0,3.7810556888580322
15,405,2.0,2.8008475303649902
763,1180,2.0,2.72088885307312
196,306,4.0,4.046397686004639
765,283,4.0,3.92819881439209
882,841,1.0,3.086508274078369
234,625,3.0,2.908247709274292
504,403,3.0,3.57120680809021
276,919,4.0,3.940756320953369
363,1007,5.0,3.652259349822998
228,56,2.0,3.3270175457000732
731,15,4.0,3.3581089973449707
378,792,4.0,3.671218156814575
313,203,5.0,3.8072094917297363
617,1021,4.0,3.0229663848876953
533,177,4.0,3.5818593502044678
631,873,2.0,2.862415313720703
716,56,5.0,4.188798904418945
642,407,5.0,2.753380298614502
330,31,5.0,4.5335469245910645
805,729,3.0,3.404263496398926
597,250,4.0,3.6408793926239014
288,205,5.0,3.995518684387207
487,288,4.0,3.5770394802093506
41,170,4.0,4.017294883728027
103,1089,1.0,2.1564242839813232
690,663,4.0,3.5881969928741455
442,436,3.0,3.316103458404541
303,518,4.0,3.9995737075805664
85,53,3.0,2.7989864349365234
537,399,2.0,2.582256317138672
246,402,3.0,3.1407394409179688
796,810,3.0,2.9669137001037598
378,739,4.0,3.1927380561828613
411,655,4.0,3.8445839881896973
221,346,5.0,3.7774527072906494
807,403,4.0,3.7743330001831055
96,484,5.0,4.514308452606201
669,517,3.0,3.4370386600494385
150,100,2.0,4.3885979652404785
561,1010,3.0,2.931957483291626
541,627,4.0,3.444014549255371
44,123,4.0,3.129570722579956
524,516,4.0,3.806689739227295
280,203,4.0,3.987109661102295
666,613,5.0,3.8191800117492676
445,1008,1.0,2.102717399597168
13,747,4.0,3.211423873901367
138,111,4.0,3.7962000370025635
276,9,5.0,4.026479721069336
897,294,3.0,3.4549148082733154
623,216,4.0,3.80118465423584
293,64,5.0,3.926753520965576
892,67,4.0,3.258741617202759
43,321,3.0,3.301791191101074
897,436,4.0,3.955237865447998
533,215,4.0,3.497408628463745
91,498,3.0,4.364996433258057
450,65,3.0,3.917067289352417
698,526,2.0,2.9329590797424316
709,56,5.0,4.21910285949707
10,479,5.0,4.529546737670898
7,623,3.0,3.2774176597595215
933,184,1.0,2.7650132179260254
614,546,1.0,2.865506649017334
499,100,4.0,4.058805465698242
172,1134,2.0,2.903876781463623
339,566,3.0,3.829663038253784
347,1291,1.0,2.720243453979492
805,419,4.0,3.623727560043335
64,194,5.0,4.038599491119385
500,831,3.0,2.3065876960754395
649,471,5.0,3.6137118339538574
619,96,5.0,3.9663946628570557
514,301,4.0,3.378974437713623
1,184,4.0,3.5933940410614014
653,157,5.0,2.764070510864258
665,181,4.0,3.8736464977264404
757,270,3.0,3.5296430587768555
693,88,3.0,2.901735305786133
704,611,3.0,4.104996204376221
380,631,4.0,3.078636407852173
606,472,4.0,3.297255277633667
271,148,3.0,3.141385316848755
896,25,3.0,2.9949839115142822
768,237,4.0,3.3338396549224854
128,729,2.0,3.5029525756835938
532,1407,2.0,2.8958277702331543
128,505,4.0,3.9888076782226562
505,435,3.0,3.615957021713257
457,631,4.0,4.365756511688232
850,742,5.0,4.035747051239014
450,174,5.0,4.676491737365723
406,163,3.0,3.4325904846191406
655,134,4.0,3.4487600326538086
665,98,4.0,4.146689414978027
290,243,3.0,2.339918613433838
201,99,3.0,3.225717544555664
892,436,3.0,4.0761590003967285
586,1218,5.0,3.279817581176758
933,183,4.0,3.1990890502929688
329,11,3.0,3.4581518173217773
221,1407,3.0,2.4861555099487305
903,317,4.0,4.123636245727539
79,7,5.0,4.023648738861084
429,48,3.0,3.894890069961548
774,448,2.0,2.1123321056365967
624,294,3.0,3.339132785797119
795,1199,3.0,2.6360433101654053
378,70,4.0,3.585627794265747
653,771,2.0,1.9767699241638184
246,133,3.0,3.392143726348877
758,441,3.0,2.9037554264068604
312,188,3.0,4.149237155914307
361,156,4.0,3.8180928230285645
618,939,2.0,3.2599716186523438
102,210,3.0,2.9633946418762207
795,473,2.0,2.782715320587158
479,22,4.0,4.0525946617126465
95,649,4.0,3.39013671875
454,504,2.0,3.0813112258911133
790,1183,2.0,2.315873622894287
530,220,5.0,3.373209238052368
144,172,4.0,4.177858352661133
921,720,4.0,2.737990379333496
833,186,1.0,3.421825408935547
601,259,1.0,2.398627281188965
576,475,1.0,4.000807762145996
102,70,3.0,2.77107310295105
847,234,2.0,3.2029831409454346
637,301,1.0,2.4902820587158203
170,304,4.0,4.082520008087158
416,220,4.0,3.755641460418701
473,242,3.0,4.435178279876709
409,1093,2.0,3.0742812156677246
632,318,5.0,4.568951606750488
325,319,3.0,3.0978403091430664
795,546,3.0,2.745041608810425
216,231,2.0,2.814981698989868
343,276,5.0,3.9723780155181885
437,475,3.0,3.989140510559082
284,322,3.0,3.018705368041992
222,200,3.0,3.5049657821655273
