907,143,5.0,4.787045955657959
371,210,4.0,4.111093521118164
218,42,4.0,3.399811029434204
829,170,4.0,4.035251617431641
733,277,1.0,3.068070411682129
363,1512,1.0,4.184314250946045
193,487,5.0,3.877098798751831
808,313,5.0,4.889251232147217
557,682,2.0,3.055292844772339
774,196,3.0,2.5474112033843994
638,118,3.0,2.8368968963623047
632,81,5.0,3.531614303588867
417,200,4.0,3.687062978744507
580,471,3.0,3.69221568107605
640,91,4.0,4.339915752410889
450,328,4.0,3.6873159408569336
596,13,2.0,3.5741283893585205
586,467,4.0,3.740866184234619
653,502,2.0,3.002044916152954
378,517,3.0,3.824503183364868
405,65,1.0,2.243051767349243
279,399,4.0,3.4069225788116455
327,293,3.0,3.574401378631592
346,276,1.0,3.475017786026001
59,928,4.0,3.241116762161255
514,22,4.0,4.282021522521973
807,402,5.0,3.798970937728882
473,327,3.0,3.5680980682373047
342,324,1.0,2.8935606479644775
269,136,4.0,3.6105058193206787
654,1,4.0,3.925323247909546
250,28,4.0,4.316466808319092
282,689,2.0,3.280611276626587
534,619,4.0,4.219496250152588
194,481,3.0,3.279531478881836
184,118,2.0,3.19006609916687
291,739,3.0,3.637942314147949
293,31,2.0,3.0373241901397705
943,1028,2.0,2.966557741165161
65,69,3.0,3.9397847652435303
562,135,5.0,4.015220642089844
466,62,3.0,2.8410484790802
847,317,3.0,3.4183642864227295
650,521,3.0,3.273484706878662
656,326,1.0,2.405691623687744
366,53,5.0,3.8743135929107666
15,280,3.0,2.5733368396759033
474,322,4.0,3.3796422481536865
90,905,4.0,3.90686297416687
503,19,5.0,4.085709571838379
334,1524,4.0,4.305791854858398
90,632,5.0,4.30315637588501
406,1118,3.0,3.1511294841766357
899,515,3.0,4.2059245109558105
13,339,3.0,2.777967929840088
430,19,5.0,3.7473325729370117
24,729,5.0,3.93713641166687
634,225,3.0,2.9114601612091064
727,89,5.0,4.024249076843262
429,596,3.0,3.196845293045044
62,127,4.0,4.057620525360107
771,241,1.0,3.5276708602905273
733,762,4.0,2.9705193042755127
139,222,3.0,3.9312126636505127
916,721,4.0,3.2386562824249268
402,204,5.0,3.944244623184204
553,136,4.0,4.310202598571777
62,1073,4.0,3.6674764156341553
521,271,3.0,2.7666659355163574
488,358,3.0,2.113457202911377
7,231,3.0,3.266141653060913
346,727,1.0,3.185293197631836
423,823,3.0,2.8985350131988525
405,575,5.0,1.5241684913635254
385,1158,5.0,3.44315767288208
630,125,3.0,3.3484466075897217
551,125,4.0,3.7347514629364014
727,183,3.0,3.683960437774658
660,810,3.0,1.901883840560913
552,323,2.0,2.814800500869751
13,604,5.0,3.9144604206085205
642,812,4.0,3.448842763900757
240,269,5.0,4.392611026763916
321,191,3.0,3.9779345989227295
85,921,3.0,3.826308250427246
671,161,5.0,3.788191080093384
253,97,4.0,3.8650319576263428
605,187,5.0,4.170842170715332
472,625,4.0,4.282479763031006
56,449,5.0,3.3231725692749023
881,141,3.0,3.3825714588165283
391,318,4.0,4.361892223358154
601,387,3.0,2.7539141178131104
497,475,4.0,3.8148162364959717
327,921,4.0,3.6432390213012695
200,1033,2.0,3.2375102043151855
605,64,5.0,4.527365207672119
796,879,4.0,3.378281354904175
214,216,4.0,4.061629772186279
566,161,4.0,3.3525547981262207
653,423,2.0,2.9858977794647217
344,216,4.0,3.9672930240631104
151,664,5.0,4.057464122772217
64,751,2.0,3.2652928829193115
554,87,4.0,3.9513180255889893
384,327,4.0,4.0649261474609375
798,1032,3.0,3.041053533554077
622,90,4.0,3.114304780960083
719,735,5.0,3.42309832572937
424,740,5.0,3.1567444801330566
294,358,2.0,2.8083624839782715
21,396,2.0,2.5510945320129395
690,197,4.0,3.940669298171997
360,471,4.0,3.6982080936431885
734,603,4.0,4.015531063079834
521,174,4.0,3.8744609355926514
484,300,4.0,4.06917142868042
128,50,4.0,4.4103546142578125
633,921,3.0,3.8044776916503906
854,466,3.0,3.224273204803467
493,751,5.0,3.439401388168335
504,392,5.0,3.7220137119293213
655,318,4.0,3.8719642162323
650,157,3.0,3.026453733444214
104,273,3.0,2.820829391479492
872,117,4.0,3.8217437267303467
276,1170,4.0,3.2357661724090576
146,258,4.0,3.9703457355499268
222,1066,1.0,2.8285014629364014
380,199,3.0,3.52776837348938
618,195,3.0,3.5544703006744385
358,1266,4.0,3.5881030559539795
871,813,3.0,4.0407304763793945
234,174,3.0,3.7515275478363037
912,15,4.0,3.409327745437622
75,237,2.0,3.752877950668335
713,270,2.0,2.9989707469940186
251,33,3.0,3.511554479598999
275,199,4.0,3.808030605316162
766,91,5.0,3.2788174152374268
22,204,5.0,3.758047342300415
487,591,2.0,3.7213072776794434
827,316,3.0,3.9908220767974854
919,22,5.0,4.1811299324035645
637,274,5.0,2.6937899589538574
666,856,5.0,3.7897279262542725
349,458,4.0,3.081735610961914
880,1197,3.0,3.9353115558624268
30,892,4.0,2.9413435459136963
716,213,5.0,4.1401753425598145
235,70,5.0,3.635564088821411
291,1042,4.0,3.5577666759490967
655,311,3.0,3.249654531478882
387,642,4.0,3.129260301589966
109,31,4.0,3.5926246643066406
484,69,5.0,4.319182872772217
393,7,4.0,3.8591673374176025
314,53,1.0,3.4762213230133057
845,1394,4.0,2.3212215900421143
532,311,2.0,4.509266376495361
195,558,3.0,3.6439902782440186
89,151,5.0,3.928236246109009
824,243,1.0,2.1163666248321533
632,11,4.0,3.7763500213623047
393,412,3.0,2.325019121170044
887,121,5.0,3.9106690883636475
682,412,1.0,2.1830945014953613
406,210,5.0,3.7831103801727295
795,552,2.0,2.484635829925537
774,546,1.0,1.7670629024505615
47,304,3.0,3.6822149753570557
514,15,4.0,3.6002182960510254
804,175,4.0,4.053595542907715
804,1056,4.0,3.2202913761138916
21,243,2.0,1.857696771621704
618,778,3.0,3.3721845149993896
151,222,5.0,3.8788983821868896
224,583,1.0,2.739973783493042
283,709,5.0,4.685064315795898
504,185,5.0,4.220315456390381
553,135,4.0,4.19619083404541
846,203,5.0,4.0901923179626465
773,52,3.0,3.500939130783081
385,384,1.0,2.2804362773895264
346,720,2.0,2.678215265274048
373,366,4.0,3.486358880996704
881,474,3.0,4.078287601470947
537,845,2.0,2.564120054244995
474,50,5.0,4.669058799743652
293,77,2.0,2.679401159286499
542,435,4.0,3.8162553310394287
262,111,4.0,3.3416125774383545
109,1210,3.0,2.8473551273345947
181,1164,3.0,1.1944420337677002
847,96,4.0,3.5292093753814697
625,640,3.0,2.735661745071411
246,178,5.0,3.9558050632476807
425,24,2.0,3.0215494632720947
749,712,3.0,3.34932279586792
586,227,2.0,3.209693193435669
410,754,3.0,2.880699872970581
332,9,4.0,4.542884826660156
185,47,4.0,3.8265793323516846
582,826,3.0,2.436783790588379
130,217,3.0,3.9459240436553955
537,426,1.0,2.1805715560913086
295,380,4.0,3.947523355484009
756,151,4.0,3.288475275039673
749,826,3.0,2.5891273021698
405,657,1.0,2.450732707977295
622,1407,1.0,2.469895362854004
425,825,2.0,2.3446238040924072
372,56,4.0,4.8012566566467285
338,1124,4.0,3.4561331272125244
795,568,3.0,3.2385571002960205
99,694,1.0,4.289666652679443
717,980,4.0,3.603466272354126
470,952,3.0,3.1264760494232178
268,153,5.0,3.480133295059204
425,853,4.0,3.2262485027313232
457,566,4.0,4.004238605499268
73,433,4.0,3.656794309616089
397,665,3.0,2.836620807647705
466,357,4.0,4.2222371101379395
389,1114,2.0,3.4792745113372803
328,903,3.0,3.162184000015259
378,742,4.0,3.5083539485931396
65,211,4.0,4.0659098625183105
333,98,4.0,4.312453746795654
886,240,3.0,2.531630039215088
897,673,5.0,3.911611795425415
224,720,4.0,2.3540189266204834
934,526,2.0,4.090394973754883
181,931,1.0,1.3869590759277344
839,50,5.0,4.220292568206787
782,322,4.0,2.6609652042388916
181,263,1.0,1.9797446727752686
880,40,2.0,3.2157843112945557
505,588,5.0,3.5941836833953857
207,433,3.0,3.467987298965454
500,619,3.0,3.134876012802124
181,360,1.0,1.3513332605361938
922,62,3.0,2.9233365058898926
815,735,5.0,3.9190313816070557
782,937,1.0,3.1505682468414307
894,638,3.0,3.966179132461548
551,698,4.0,3.3931710720062256
246,1101,5.0,3.315859079360962
131,275,2.0,4.176493167877197
606,248,5.0,4.077151775360107
854,191,4.0,3.7917304039001465
889,3,4.0,2.787984848022461
547,294,1.0,3.2888612747192383
211,303,3.0,3.327805757522583
883,707,3.0,4.147123336791992
823,228,3.0,4.0496015548706055
889,173,5.0,4.0324931144714355
293,117,3.0,3.02886700630188
723,164,4.0,2.9884884357452393
313,720,2.0,2.7480831146240234
87,8,5.0,4.297441005706787
305,215,2.0,3.3695647716522217
588,1411,1.0,3.1014888286590576
83,50,3.0,4.490802764892578
81,432,2.0,3.588494062423706
372,77,5.0,4.155791759490967
409,1512,5.0,4.399551868438721
194,125,2.0,2.7769296169281006
745,510,3.0,3.135817766189575
749,191,4.0,4.3632378578186035
821,117,3.0,4.233225345611572
552,926,2.0,2.567861557006836
541,659,5.0,4.398268222808838
682,735,4.0,3.5948057174682617
424,127,4.0,4.050693988800049
854,264,1.0,2.1830015182495117
389,492,5.0,3.853119134902954
354,208,4.0,3.97776198387146
527,127,5.0,4.179353713989258
378,302,5.0,4.188944339752197
903,1009,4.0,3.491089105606079
484,15,5.0,4.019801616668701
62,7,4.0,3.495742082595825
387,692,1.0,3.2250306606292725
641,270,3.0,3.8382132053375244
164,9,4.0,4.458770751953125
608,204,4.0,3.6482863426208496
459,472,5.0,3.1127824783325195
566,122,2.0,2.036282777786255
398,4,2.0,3.4390385150909424
407,274,3.0,3.390266180038452
144,273,4.0,3.436182737350464
523,582,4.0,4.373161315917969
613,607,4.0,4.337942123413086
416,690,5.0,3.7227988243103027
610,317,3.0,3.795809507369995
758,91,4.0,4.002529621124268
308,58,3.0,3.58685564994812
334,620,2.0,2.920646905899048
833,506,2.0,3.2871925830841064
70,231,3.0,2.529107093811035
399,1035,3.0,2.706625461578369
13,64,5.0,4.327099323272705
534,93,1.0,4.62471866607666
843,708,2.0,2.6880204677581787
639,714,2.0,2.547672748565674
663,321,5.0,3.237401008605957
189,1402,4.0,2.7526352405548096
457,172,5.0,4.604820728302002
640,580,5.0,4.002270698547363
94,356,4.0,3.3529999256134033
504,187,3.0,4.280630588531494
436,288,4.0,3.6636240482330322
541,1030,3.0,2.5397114753723145
551,168,5.0,4.289702892303467
703,15,5.0,3.6159393787384033
521,228,4.0,3.3680012226104736
510,325,1.0,2.5527830123901367
463,689,2.0,2.41524600982666
312,499,4.0,4.497262954711914
533,357,3.0,4.2681379318237305
393,794,4.0,3.6815855503082275
642,748,5.0,3.645282745361328
851,1291,2.0,3.010237455368042
128,507,4.0,3.877925157546997
568,653,4.0,3.351478338241577
325,1,2.0,3.577803373336792
345,161,3.0,3.7107760906219482
741,280,3.0,2.951019525527954
545,222,4.0,3.7322635650634766
778,144,4.0,3.1990466117858887
874,137,4.0,3.887772798538208
897,1254,2.0,2.0265121459960938
385,1143,4.0,3.6413497924804688
487,43,3.0,3.1422479152679443
425,269,4.0,3.539374589920044
758,412,5.0,2.566844940185547
313,191,5.0,4.17598819732666
11,414,3.0,3.5315091609954834
225,1443,4.0,4.158825874328613
849,676,5.0,4.479570388793945
616,339,3.0,3.2158830165863037
109,131,1.0,3.8826143741607666
548,164,5.0,3.7964046001434326
455,1034,2.0,2.201432228088379
289,849,4.0,2.2134718894958496
896,148,2.0,2.7252471446990967
38,294,5.0,3.6124374866485596
194,385,2.0,3.011159658432007
385,235,5.0,2.4214985370635986
553,131,5.0,4.015078067779541
896,184,3.0,2.866136312484741
940,315,4.0,3.7868764400482178
178,144,4.0,3.985374689102173
482,311,4.0,3.899610757827759
327,663,4.0,3.54892897605896
601,173,5.0,3.6185498237609863
345,150,5.0,3.9733822345733643
761,1014,1.0,2.801847219467163
790,1119,4.0,3.165560007095337
489,989,3.0,3.4820621013641357
38,318,3.0,4.88197660446167
279,1496,3.0,3.013259172439575
923,591,5.0,4.2650065422058105
323,215,5.0,3.7605113983154297
376,181,4.0,3.887181520462036
927,541,5.0,3.38385272026062
416,1286,5.0,3.6761815547943115
268,655,4.0,3.644052267074585
64,196,4.0,3.897712469100952
271,427,5.0,4.142136573791504
122,511,5.0,4.56752347946167
167,404,3.0,3.560084581375122
580,281,2.0,3.247021436691284
95,510,4.0,4.041322708129883
615,237,4.0,3.629371404647827
663,25,4.0,3.504868745803833
883,517,4.0,4.016388416290283
189,30,4.0,4.269550800323486
735,333,4.0,3.2595369815826416
711,272,5.0,4.430420398712158
874,124,4.0,4.047558784484863
796,525,4.0,4.210077285766602
668,596,3.0,3.293808698654175
533,9,4.0,3.6336443424224854
851,248,4.0,3.9155023097991943
360,14,5.0,4.158436298370361
62,181,4.0,3.6869356632232666
579,514,3.0,3.5725181102752686
158,745,4.0,4.06082010269165
119,1052,4.0,2.724011182785034
275,162,3.0,3.339423894882202
503,277,4.0,3.6228456497192383
710,496,4.0,3.9088408946990967
660,550,2.0,2.4805071353912354
42,151,4.0,3.7892720699310303
479,147,3.0,3.308253526687622
574,887,4.0,3.507490396499634
13,655,5.0,3.773524045944214
593,220,3.0,3.4330036640167236
524,526,3.0,3.930424928665161
244,721,5.0,3.662584066390991
774,567,1.0,1.719170331954956
848,132,5.0,4.350447177886963
851,435,4.0,4.1407389640808105
198,58,3.0,3.1082894802093506
286,210,5.0,4.314502716064453
608,753,5.0,3.744853973388672
303,379,4.0,2.937420129776001
271,221,3.0,3.701688528060913
492,650,2.0,2.8524725437164307
782,1278,4.0,3.0135772228240967
864,609,3.0,3.9132750034332275
763,357,4.0,4.557590007781982
894,45,4.0,4.115909099578857
272,201,3.0,3.7265443801879883
264,275,5.0,4.463329315185547
286,278,5.0,3.6426899433135986
190,508,3.0,3.542685031890869
80,194,3.0,4.016282081604004
916,222,3.0,3.4388813972473145
532,495,4.0,4.363460063934326
929,136,3.0,3.868786573410034
178,731,4.0,3.140160322189331
327,537,4.0,3.4499013423919678
591,172,3.0,3.9924490451812744
679,268,4.0,3.6279242038726807
795,429,3.0,3.6987454891204834
234,321,2.0,2.5757195949554443
698,275,4.0,2.978397846221924
385,503,3.0,3.1465275287628174
268,746,3.0,3.3736913204193115
682,774,4.0,2.897902011871338
244,287,3.0,3.8155786991119385
387,175,5.0,3.68357253074646
707,194,4.0,3.836606979370117
216,189,3.0,4.404552936553955
524,523,4.0,3.9413788318634033
486,288,4.0,3.210672616958618
395,252,3.0,3.305717706680298
620,78,4.0,3.0803914070129395
892,64,4.0,4.989440441131592
345,241,4.0,3.6782500743865967
593,597,2.0,3.2191321849823
895,1,4.0,4.091907501220703
18,237,3.0,3.6850202083587646
60,151,5.0,3.865424394607544
417,39,3.0,3.1075079441070557
823,721,4.0,3.7429049015045166
286,231,3.0,3.2517871856689453
389,47,4.0,3.734328508377075
298,1142,4.0,4.201424598693848
216,200,5.0,4.0316996574401855
236,204,3.0,3.552701711654663
393,808,4.0,3.017340898513794
704,354,4.0,3.215907573699951
416,1189,5.0,4.4705023765563965
349,696,3.0,3.0504472255706787
90,174,5.0,4.68377161026001
828,1466,4.0,3.2667696475982666
286,1239,3.0,2.8748764991760254
279,275,3.0,4.067376136779785
451,322,4.0,2.7483742237091064
405,959,1.0,2.051651954650879
718,815,4.0,3.4459965229034424
321,116,3.0,3.4678146839141846
334,134,5.0,4.165058612823486
522,12,5.0,4.537907600402832
889,469,4.0,3.599921464920044
930,282,4.0,3.066589117050171
215,210,4.0,4.01754903793335
716,603,5.0,4.51603889465332
326,568,4.0,3.1467483043670654
919,287,4.0,3.5734174251556396
344,25,4.0,3.3590915203094482
862,650,4.0,4.250445365905762
153,357,5.0,3.7078940868377686
627,521,2.0,3.5750887393951416
901,1120,4.0,3.4619433879852295
868,470,1.0,3.160454034805298
267,47,5.0,3.9295079708099365
361,166,4.0,4.039400577545166
417,217,4.0,2.9815614223480225
459,546,1.0,3.1393234729766846
152,22,5.0,5.104372501373291
625,188,4.0,3.270007848739624
401,294,1.0,2.4144866466522217
160,79,4.0,4.184825897216797
910,100,4.0,3.6265926361083984
179,905,4.0,3.1995275020599365
379,502,5.0,4.116539478302002
796,371,5.0,3.3499338626861572
653,163,4.0,2.756523847579956
746,208,4.0,3.943096399307251
45,284,4.0,3.4732930660247803
766,526,2.0,3.693251371383667
303,578,2.0,3.237095594406128
898,309,5.0,2.988846778869629
593,866,5.0,3.3416032791137695
643,144,4.0,3.9433720111846924
270,747,5.0,4.378838062286377
474,23,4.0,4.424506664276123
121,237,5.0,3.4299376010894775
479,474,5.0,4.180600166320801
532,771,3.0,3.370262861251831
121,313,5.0,4.174856662750244
912,268,2.0,3.621178388595581
764,673,4.0,3.6512367725372314
387,1537,4.0,3.368553876876831
34,288,2.0,4.061470985412598
344,118,3.0,3.0715603828430176
482,127,4.0,4.4074811935424805
456,697,4.0,3.29785418510437
260,748,4.0,3.8569934368133545
305,135,3.0,3.7032289505004883
457,114,5.0,4.79510498046875
339,161,3.0,3.8628313541412354
18,702,3.0,3.2231898307800293
918,190,5.0,3.7585055828094482
614,14,3.0,3.8953840732574463
470,7,3.0,3.722371816635132
93,934,3.0,2.8596644401550293
407,151,4.0,3.523247480392456
466,173,3.0,4.020009517669678
279,824,4.0,2.858762264251709
401,185,4.0,3.4903159141540527
779,118,5.0,3.550205945968628
184,629,3.0,3.2714359760284424
102,118,3.0,2.4521749019622803
313,636,4.0,3.217665433883667
232,166,4.0,4.149400234222412
370,427,5.0,4.158116817474365
320,22,5.0,4.580463886260986
299,1021,3.0,3.7358522415161133
786,230,4.0,3.674595594406128
867,222,4.0,3.987894296646118
472,386,5.0,3.811157464981079
826,313,5.0,4.757566928863525
893,412,3.0,2.295302391052246
757,570,3.0,3.010833501815796
709,431,5.0,3.4984827041625977
705,423,2.0,3.9723522663116455
425,187,3.0,3.7054896354675293
268,325,3.0,2.310178756713867
215,474,4.0,4.339559555053711
9,340,4.0,3.946756601333618
770,742,4.0,4.499989986419678
762,749,1.0,2.386054754257202
437,248,2.0,3.7729740142822266
13,88,4.0,3.243131160736084
373,196,5.0,4.086610794067383
429,45,3.0,3.8806684017181396
560,7,3.0,3.676032781600952
123,127,5.0,4.459264755249023
405,226,2.0,2.2001633644104004
756,742,3.0,3.2018332481384277
276,665,3.0,3.046997547149658
63,25,4.0,3.044220209121704
884,198,5.0,3.8866069316864014
653,50,5.0,3.5758140087127686
677,288,5.0,3.5504586696624756
561,513,3.0,3.830603837966919
213,294,3.0,3.753417730331421
188,288,4.0,3.4972596168518066
634,866,3.0,3.209181547164917
896,655,4.0,3.4879238605499268
653,223,3.0,3.396573543548584
817,327,4.0,3.4399359226226807
585,855,3.0,3.8225786685943604
782,908,3.0,2.051431894302368
758,234,4.0,4.161167621612549
295,1459,5.0,4.469863414764404
655,262,5.0,3.204447031021118
709,227,2.0,3.3176560401916504
64,64,4.0,4.445555210113525
201,289,2.0,2.503037452697754
291,79,5.0,4.387463569641113
452,94,1.0,2.768446922302246
474,651,5.0,4.318813323974609
234,1172,3.0,3.1528689861297607
458,275,5.0,3.913207769393921
927,552,4.0,3.4817850589752197
321,1050,3.0,3.2569243907928467
113,303,5.0,4.143727779388428
706,323,4.0,2.7809054851531982
92,527,3.0,3.9390876293182373
83,233,4.0,3.3302104473114014
747,419,5.0,3.8887298107147217
234,172,3.0,3.602138042449951
868,568,1.0,3.173630952835083
372,443,4.0,4.614720821380615
95,716,3.0,3.0799643993377686
97,1,4.0,4.051741600036621
758,1052,5.0,2.534813642501831
897,443,5.0,4.151072978973389
320,1011,3.0,3.6796176433563232
279,169,5.0,4.6237053871154785
291,1012,4.0,3.8641273975372314
49,10,3.0,3.1662673950195312
738,89,5.0,4.18441104888916
711,403,4.0,3.510746717453003
524,508,5.0,3.496067762374878
521,651,3.0,3.6265580654144287
633,581,3.0,2.9436800479888916
574,213,4.0,3.8195035457611084
878,269,4.0,3.5398190021514893
727,38,1.0,2.5950796604156494
610,318,5.0,4.285280704498291
592,461,4.0,3.84613299369812
562,684,4.0,3.6520721912384033
407,8,5.0,3.9028050899505615
938,756,3.0,2.9449334144592285
671,327,1.0,3.5336410999298096
731,487,4.0,3.5311737060546875
933,227,1.0,2.6402175426483154
805,475,5.0,3.86784291267395
592,345,4.0,3.6704061031341553
389,503,3.0,3.6617796421051025
487,92,4.0,3.656705141067505
932,235,2.0,3.163156032562256
580,1028,3.0,3.177044153213501
761,1277,1.0,2.993818998336792
386,181,3.0,4.2613749504089355
145,155,2.0,3.0548675060272217
181,148,2.0,1.7378954887390137
618,68,3.0,3.12269926071167
18,474,4.0,4.358196258544922
672,1190,2.0,2.7983880043029785
399,622,4.0,2.7772376537323
446,302,4.0,3.710320234298706
848,511,4.0,4.585265159606934
144,262,3.0,3.6535556316375732
660,99,2.0,2.8678390979766846
892,1091,2.0,3.2918455600738525
303,164,4.0,3.526381492614746
417,1210,2.0,2.642686128616333
421,234,5.0,3.7205545902252197
524,382,3.0,3.481999158859253
290,1091,2.0,2.4651780128479004
18,8,5.0,4.073464870452881
311,785,3.0,3.484034776687622
727,202,4.0,3.488866090774536
804,615,5.0,4.1274800300598145
579,186,3.0,3.6508476734161377
303,1044,3.0,3.25481915473938
161,204,2.0,2.5200021266937256
320,24,3.0,3.8616583347320557
562,806,1.0,3.5773446559906006
10,558,4.0,4.047553539276123
881,49,5.0,3.059711217880249
738,174,5.0,4.198703765869141
786,684,4.0,3.805316209793091
23,283,4.0,3.5720651149749756
545,393,4.0,3.4014406204223633
608,690,4.0,3.248988389968872
608,333,4.0,3.4451169967651367
194,79,3.0,3.3853840827941895
339,53,4.0,3.281459331512451
162,179,3.0,4.17961311340332
650,117,4.0,3.0478971004486084
442,226,3.0,2.9713125228881836
867,28,5.0,4.331823348999023
435,125,3.0,3.2479095458984375
334,19,4.0,3.7841861248016357
804,210,5.0,4.032603740692139
849,421,5.0,4.8317999839782715
543,9,4.0,3.5597083568573
181,620,2.0,1.5139186382293701
889,11,5.0,3.67187237739563
313,231,2.0,2.6263394355773926
801,752,4.0,4.208205699920654
59,433,5.0,3.9769155979156494
563,172,5.0,4.433505535125732
712,462,3.0,4.088890075683594
159,126,5.0,4.145449638366699
508,70,4.0,3.6290102005004883
653,492,4.0,2.9900319576263428
407,588,4.0,3.7514684200286865
293,240,2.0,2.170522451400757
210,243,2.0,2.8437812328338623
765,507,5.0,4.247310161590576
102,1240,2.0,2.9654853343963623
655,286,3.0,3.1086955070495605
618,276,3.0,3.279987096786499
916,474,4.0,4.055604457855225
943,581,4.0,3.133362054824829
930,100,3.0,3.476835012435913
271,509,4.0,3.8106281757354736
301,771,2.0,2.5686211585998535
7,652,3.0,4.230291366577148
561,642,3.0,2.8199498653411865
84,322,3.0,3.5194501876831055
116,270,3.0,3.215562105178833
334,164,3.0,3.357252359390259
764,77,4.0,3.363696336746216
737,173,4.0,4.111030101776123
907,173,4.0,5.187337875366211
805,1033,3.0,2.34671950340271
141,237,4.0,3.7632076740264893
145,1288,4.0,3.0572502613067627
901,560,3.0,3.0548551082611084
588,172,5.0,4.316178798675537
62,288,2.0,3.108940839767456
62,228,3.0,3.5083773136138916
444,751,4.0,3.5353384017944336
450,82,3.0,4.044349670410156
389,386,3.0,2.8178751468658447
567,673,3.0,3.5540401935577393
670,232,3.0,3.28814435005188
756,1074,4.0,2.5526766777038574
387,1011,3.0,2.9262382984161377
447,629,3.0,3.284085512161255
704,519,3.0,3.984119176864624
653,517,1.0,3.045440912246704
198,381,3.0,3.179460287094116
899,423,4.0,3.6518123149871826
927,257,5.0,4.28202486038208
91,326,3.0,3.3354506492614746
244,156,4.0,4.141348838806152
943,56,5.0,4.06597900390625
880,186,4.0,4.167872905731201
843,392,2.0,2.964775323867798
339,97,4.0,3.988729238510132
199,14,4.0,3.551483392715454
447,926,3.0,2.7356715202331543
629,234,4.0,4.127924919128418
694,528,3.0,4.475001811981201
314,15,5.0,3.9891350269317627
524,116,4.0,3.621534585952759
432,295,3.0,3.674950361251831
655,340,3.0,2.9525625705718994
334,311,4.0,3.6739962100982666
747,408,5.0,4.8082075119018555
506,660,3.0,3.872385263442993
244,710,3.0,3.825666666030884
276,157,5.0,3.711122989654541
327,88,2.0,3.090850353240967
702,258,5.0,3.088371992111206
309,324,3.0,3.074096918106079
37,62,5.0,3.183777093887329
148,172,5.0,4.160811424255371
417,545,1.0,1.7276630401611328
650,301,2.0,2.6896884441375732
94,97,4.0,3.8446943759918213
332,12,5.0,5.031054973602295
536,209,2.0,4.355240821838379
698,220,3.0,2.3465077877044678
151,100,3.0,4.321425437927246
70,496,4.0,3.9634220600128174
268,21,3.0,2.3356711864471436
14,70,1.0,3.898512125015259
690,239,2.0,3.2156951427459717
458,589,4.0,4.006019115447998
7,523,4.0,4.480920314788818
378,793,3.0,3.620985984802246
297,27,1.0,2.8959314823150635
59,208,5.0,4.19832706451416
18,116,5.0,3.8345911502838135
495,1118,5.0,3.8871700763702393
396,245,3.0,3.3188321590423584
837,277,2.0,3.3717052936553955
297,102,1.0,2.973658323287964
846,55,5.0,3.850466012954712
368,441,3.0,2.592480421066284
643,428,4.0,4.018135070800781
62,245,2.0,2.6890931129455566
383,180,5.0,4.3038811683654785
804,1291,3.0,2.9099419116973877
116,300,3.0,3.2504045963287354
632,176,3.0,4.008011341094971
76,264,3.0,2.537436008453369
704,432,5.0,3.5793936252593994
773,268,4.0,3.426938772201538
413,222,4.0,3.6988863945007324
374,69,5.0,3.87178111076355
201,210,2.0,3.5260980129241943
8,172,5.0,4.407273769378662
327,1012,2.0,3.1592211723327637
326,44,1.0,2.9560539722442627
496,156,3.0,3.3475122451782227
296,111,3.0,3.9559338092803955
80,260,1.0,2.6172358989715576
682,809,2.0,2.86604905128479
700,98,3.0,3.938810110092163
293,79,3.0,3.485597848892212
130,761,3.0,3.7680585384368896
524,490,3.0,3.8137192726135254
699,762,3.0,3.2258169651031494
730,685,2.0,2.9657199382781982
833,144,4.0,3.4139163494110107
777,286,2.0,3.818157434463501
311,498,4.0,4.449041843414307
314,158,3.0,3.0587775707244873
375,302,5.0,4.27731466293335
60,498,5.0,4.545137882232666
579,4,2.0,3.2759218215942383
537,22,2.0,3.4749464988708496
377,200,5.0,4.064777374267578
828,921,4.0,3.472364664077759
497,139,3.0,2.638636827468872
591,516,3.0,3.85044264793396
908,194,3.0,3.5195329189300537
198,153,4.0,3.407384157180786
290,683,2.0,2.327596664428711
815,87,5.0,4.045666217803955
59,237,3.0,3.8170511722564697
422,590,2.0,2.1060564517974854
308,71,4.0,3.916494607925415
394,98,5.0,4.708088397979736
62,98,4.0,3.9584639072418213
829,410,3.0,2.868669271469116
544,343,2.0,2.409482955932617
617,868,4.0,2.6941516399383545
56,71,4.0,4.089497089385986
429,514,3.0,3.7327256202697754
339,1110,4.0,3.2323191165924072
617,669,1.0,1.381612777709961
549,1047,3.0,3.083528757095337
647,255,4.0,3.4876294136047363
222,1206,2.0,2.5011723041534424
363,739,3.0,2.805368661880493
291,184,4.0,3.7282121181488037
301,271,4.0,3.19946026802063
118,188,5.0,4.555026531219482
757,1188,3.0,2.6158010959625244
891,280,3.0,3.838052749633789
565,165,4.0,4.769176006317139
308,81,5.0,3.665820360183716
530,470,3.0,3.6902482509613037
243,93,2.0,3.674443483352661
59,371,4.0,3.4148435592651367
664,1098,3.0,3.6361489295959473
26,760,1.0,2.2302963733673096
830,211,4.0,3.992804765701294
900,9,2.0,2.7159783840179443
864,2,4.0,3.5582334995269775
597,242,4.0,4.418496608734131
22,792,4.0,3.6709060668945312
165,270,4.0,3.7397537231445312
483,462,3.0,3.449723482131958
593,144,4.0,4.03551721572876
299,461,3.0,3.3777925968170166
280,237,3.0,3.844195604324341
327,176,4.0,3.7276036739349365
200,196,4.0,4.567753791809082
264,672,3.0,3.139636278152466
405,48,1.0,2.432525873184204
429,961,3.0,3.616422653198242
215,164,3.0,3.5618462562561035
569,340,4.0,3.4528396129608154
621,804,4.0,3.1071951389312744
188,22,5.0,4.358265399932861
360,144,2.0,4.072574138641357
293,132,4.0,3.5044119358062744
399,343,2.0,2.552342176437378
456,86,2.0,3.7336061000823975
407,157,2.0,3.4685938358306885
707,100,5.0,3.931302309036255
328,750,4.0,3.7823550701141357
488,173,4.0,3.8177554607391357
868,229,3.0,2.639227867126465
151,531,3.0,4.0934953689575195
848,523,5.0,4.3680100440979
454,95,2.0,2.915235757827759
368,7,4.0,3.60388445854187
807,526,5.0,4.310705184936523
708,15,3.0,3.467764377593994
845,904,3.0,2.827521800994873
658,471,4.0,3.3923628330230713
328,194,3.0,3.8999030590057373
663,473,3.0,3.2318363189697266
537,523,3.0,3.30772066116333
323,1012,4.0,3.5210072994232178
92,834,1.0,1.9141368865966797
161,582,1.0,2.357989549636841
198,568,3.0,3.218897819519043
650,429,4.0,3.533715009689331
776,708,5.0,3.3333287239074707
617,320,5.0,2.6677286624908447
843,121,3.0,2.5530502796173096
196,173,2.0,4.241611003875732
37,273,3.0,3.6555001735687256
402,410,1.0,3.3476150035858154
487,1,5.0,4.028388977050781
133,750,4.0,3.5268213748931885
123,23,4.0,4.275125503540039
788,1248,3.0,2.8918073177337646
606,1280,2.0,3.307803153991699
151,181,5.0,4.17183780670166
305,338,3.0,2.2130136489868164
889,297,3.0,3.8638575077056885
253,294,4.0,3.2202796936035156
553,191,4.0,4.391047954559326
409,1541,4.0,3.158416986465454
285,150,5.0,3.789606809616089
77,268,5.0,3.422316312789917
455,1137,3.0,3.967785596847534
483,313,2.0,3.9451239109039307
84,15,4.0,3.930299997329712
709,739,3.0,3.242948293685913
579,7,3.0,3.455662727355957
327,709,4.0,3.7535202503204346
805,405,3.0,3.0768544673919678
786,86,4.0,4.037789821624756
334,301,2.0,3.0838463306427
388,773,3.0,3.5843281745910645
222,1419,1.0,2.0349793434143066
151,433,3.0,3.982309579849243
556,187,5.0,4.337965965270996
850,490,5.0,4.411332607269287
291,41,4.0,3.477116346359253
846,739,4.0,3.3953139781951904
332,97,5.0,4.528915882110596
388,307,4.0,4.085726261138916
776,134,4.0,4.189113616943359
642,955,3.0,3.938072443008423
622,402,3.0,3.549503803253174
890,436,3.0,3.614206075668335
269,640,5.0,2.5011606216430664
6,32,4.0,3.599684476852417
313,155,2.0,2.903254270553589
417,452,2.0,2.5430078506469727
685,299,2.0,1.6412074565887451
469,64,5.0,5.0471415519714355
806,455,3.0,3.2603249549865723
370,64,4.0,4.381276607513428
313,582,2.0,3.57932448387146
303,873,3.0,2.9045512676239014
363,39,4.0,2.8150136470794678
882,756,3.0,3.2756779193878174
466,909,5.0,3.6271073818206787
59,25,4.0,3.610901355743408
186,588,4.0,3.9598228931427
735,288,4.0,3.0653293132781982
52,288,3.0,3.9291794300079346
624,255,3.0,3.517024517059326
868,378,2.0,3.280268430709839
847,367,3.0,2.9584827423095703
675,347,4.0,3.3102474212646484
210,97,5.0,4.102827548980713
929,654,3.0,3.884831666946411
631,307,4.0,3.4464786052703857
72,382,4.0,3.6187403202056885
276,77,3.0,3.384531259536743
459,286,4.0,3.797727108001709
727,421,5.0,3.3287413120269775
75,137,4.0,4.107682704925537
486,327,3.0,3.1323401927948
882,432,5.0,4.086068630218506
919,1284,3.0,2.7874338626861572
149,310,2.0,3.1394853591918945
5,454,1.0,2.694364309310913
548,466,5.0,3.9619972705841064
546,977,5.0,3.3485524654388428
87,196,5.0,4.2684149742126465
847,1,3.0,3.3056790828704834
579,88,4.0,3.1207571029663086
345,956,4.0,3.8149173259735107
327,715,4.0,2.977416753768921
234,1221,4.0,2.89848256111145
854,479,4.0,3.7962729930877686
807,566,4.0,3.8063790798187256
396,472,5.0,3.2249460220336914
719,79,4.0,3.6245977878570557
312,740,4.0,3.809009313583374
436,785,2.0,3.6537415981292725
592,881,1.0,3.032940626144409
624,886,4.0,3.3531534671783447
916,2,3.0,2.854757070541382
95,71,5.0,3.840078115463257
262,567,1.0,2.501695156097412
606,168,5.0,4.363649845123291
398,235,2.0,2.7519869804382324
321,215,3.0,3.4494128227233887
686,2,3.0,3.926758050918579
619,879,4.0,3.2108874320983887
932,659,5.0,4.321911334991455
308,275,4.0,4.070306301116943
782,1241,2.0,2.4741079807281494
351,751,4.0,4.052842140197754
269,661,4.0,3.622248888015747
93,118,3.0,3.2165050506591797
425,823,3.0,2.43099045753479
524,310,4.0,3.5088541507720947
618,371,3.0,2.7991011142730713
268,182,4.0,3.708113431930542
324,538,4.0,4.3651041984558105
899,740,5.0,3.3010647296905518
87,80,4.0,3.1417009830474854
825,925,4.0,3.584662675857544
378,272,4.0,4.2376933097839355
774,135,3.0,2.674663782119751
930,238,4.0,3.1421756744384766
704,604,5.0,3.9560234546661377
854,509,4.0,3.4842190742492676
704,185,4.0,3.951824426651001
497,1407,3.0,2.2304091453552246
429,166,5.0,3.990135431289673
255,597,4.0,2.504044532775879
406,136,4.0,4.010790824890137
16,182,5.0,4.475841045379639
715,546,4.0,2.81087327003479
465,151,3.0,3.090200424194336
846,705,3.0,4.1740899085998535
23,780,1.0,2.8711299896240234
336,785,1.0,3.1478240489959717
214,196,4.0,4.018996715545654
669,56,2.0,3.619405508041382
846,135,4.0,4.224645614624023
181,1198,1.0,1.4046794176101685
896,392,3.0,3.1082966327667236
22,687,1.0,2.002685785293579
396,288,3.0,3.6066956520080566
709,230,2.0,3.5829341411590576
379,433,4.0,4.063999652862549
664,57,4.0,4.071531772613525
805,636,4.0,3.1962759494781494
195,46,3.0,3.624948740005493
442,738,3.0,2.458848237991333
893,172,5.0,4.224913597106934
682,209,3.0,3.8477957248687744
234,626,4.0,1.526451587677002
118,7,5.0,4.6493239402771
756,195,3.0,3.574589490890503
354,661,4.0,4.186439037322998
766,606,3.0,3.908404588699341
838,191,5.0,4.4225664138793945
839,319,1.0,3.041242837905884
456,1009,5.0,3.1247901916503906
640,226,5.0,4.090252876281738
274,88,4.0,3.8534514904022217
85,631,4.0,3.5102970600128174
774,22,2.0,2.815735101699829
67,121,4.0,3.9508402347564697
493,1013,1.0,2.4776957035064697
339,133,4.0,4.236471176147461
621,871,3.0,2.7743616104125977
450,702,4.0,3.514390230178833
648,742,5.0,3.4285519123077393
294,928,3.0,3.231605052947998
727,271,4.0,2.933518171310425
699,269,4.0,3.827861785888672
387,76,3.0,3.1324617862701416
424,25,4.0,3.124467134475708
269,708,4.0,2.875502824783325
911,197,4.0,4.168483734130859
738,429,3.0,3.982879400253296
901,568,5.0,3.955024003982544
566,707,4.0,3.7494399547576904
881,417,2.0,2.858997106552124
450,969,4.0,4.051251411437988
47,321,4.0,3.2968928813934326
44,71,3.0,3.9040286540985107
487,111,3.0,3.708218812942505
234,530,4.0,3.6822588443756104
795,319,4.0,2.8363308906555176
443,260,1.0,2.8101682662963867
405,1566,1.0,1.4515974521636963
201,979,2.0,2.9093992710113525
853,678,4.0,2.5949437618255615
151,190,4.0,4.430633544921875
347,411,5.0,2.874448537826538
489,243,4.0,2.988990545272827
414,288,5.0,3.6848881244659424
378,392,3.0,3.5615851879119873
409,223,4.0,4.011611461639404
234,385,2.0,3.1310102939605713
450,221,4.0,4.129491806030273
95,591,5.0,3.543381690979004
42,371,4.0,3.431809663772583
466,260,4.0,2.393303632736206
552,1,3.0,3.726569652557373
94,160,4.0,3.4653594493865967
584,230,4.0,3.4891250133514404
109,452,2.0,2.7489993572235107
655,789,3.0,3.0957400798797607
561,201,3.0,2.858980894088745
406,123,4.0,2.841285467147827
455,385,3.0,3.530349016189575
144,124,4.0,4.000890731811523
435,1061,3.0,2.697666883468628
727,1034,2.0,2.019595146179199
602,880,4.0,3.6575586795806885
296,238,4.0,4.162807941436768
590,6,5.0,3.4937121868133545
916,256,3.0,3.7771074771881104
262,447,3.0,3.2656426429748535
661,647,4.0,4.453664302825928
56,930,3.0,2.9396307468414307
117,156,4.0,4.324643135070801
804,511,4.0,4.36810827255249
591,435,4.0,3.7857701778411865
650,501,3.0,2.9001660346984863
343,531,5.0,4.175367832183838
189,459,4.0,4.083521366119385
302,333,3.0,2.803786277770996
666,866,2.0,3.031902551651001
308,755,3.0,3.381699562072754
854,1028,2.0,2.419065237045288
458,127,5.0,4.231659412384033
394,22,5.0,4.720663547515869
436,381,4.0,3.874163866043091
495,232,5.0,3.8646433353424072
457,371,4.0,3.737196683883667
417,963,4.0,4.136816501617432
145,358,4.0,2.6083359718322754
417,561,3.0,2.8878753185272217
916,1217,1.0,2.7179195880889893
238,756,3.0,2.6858222484588623
88,261,5.0,2.5133635997772217
334,1133,4.0,2.831542730331421
622,418,3.0,3.497162342071533
643,150,5.0,3.8733484745025635
454,134,3.0,3.4507126808166504
6,480,4.0,4.106598377227783
738,659,4.0,4.0327277183532715
458,134,5.0,4.214850902557373
252,149,5.0,4.077056884765625
236,532,2.0,3.2395875453948975
84,597,3.0,3.5092713832855225
92,200,3.0,3.7778313159942627
848,1101,5.0,4.058939456939697
708,476,3.0,2.8696794509887695
503,197,5.0,4.3588128089904785
70,229,3.0,2.9027252197265625
561,133,3.0,3.365492343902588
13,868,5.0,3.4059908390045166
561,304,3.0,2.910553216934204
151,549,4.0,3.8737571239471436
938,405,3.0,3.3195908069610596
236,172,3.0,3.9117066860198975
795,550,3.0,2.910489797592163
393,1221,3.0,3.632270336151123
942,261,4.0,2.9000213146209717
7,676,3.0,3.683851480484009
307,163,3.0,3.6478006839752197
450,735,4.0,4.134387493133545
92,31,4.0,3.534684419631958
620,1,5.0,4.300072193145752
429,1119,3.0,3.267244577407837
537,190,4.0,3.434412717819214
593,845,3.0,3.457233428955078
479,181,5.0,3.856816053390503
159,451,5.0,3.5833306312561035
495,228,5.0,4.2441020011901855
13,127,5.0,4.139915466308594
747,178,5.0,4.6497578620910645
886,11,5.0,3.6610429286956787
623,234,4.0,3.653677225112915
886,419,3.0,3.470468759536743
655,44,2.0,2.8461525440216064
938,1012,5.0,3.6030495166778564
167,615,5.0,3.996830701828003
135,227,3.0,3.189784288406372
472,758,1.0,2.805180788040161
823,156,5.0,4.230321407318115
538,174,4.0,4.050515651702881
334,71,3.0,3.703794002532959
870,22,4.0,3.90362811088562
495,68,5.0,4.000665664672852
262,423,4.0,3.586268424987793
383,663,5.0,4.213095188140869
380,86,4.0,3.2949883937835693
671,23,4.0,4.305765628814697
234,478,3.0,3.677494764328003
201,1069,2.0,3.1885297298431396
559,4,4.0,3.3603031635284424
181,758,1.0,1.1138619184494019
56,794,3.0,3.8054723739624023
780,187,5.0,3.995575189590454
497,1042,3.0,2.9568676948547363
505,182,1.0,3.77482271194458
870,810,3.0,2.385906457901001
303,1153,3.0,3.763746976852417
868,1098,5.0,3.250882387161255
303,186,4.0,3.9843032360076904
201,47,4.0,3.24421763420105
416,184,4.0,3.7159104347229004
246,219,5.0,2.8807950019836426
909,224,5.0,4.530689716339111
407,173,5.0,4.103366851806641
137,300,5.0,4.332223892211914
43,17,3.0,3.4430806636810303
318,237,5.0,3.758115768432617
885,1,5.0,3.6045424938201904
758,384,5.0,3.2481658458709717
10,275,4.0,4.340799808502197
499,486,3.0,3.809887170791626
933,163,2.0,2.8873791694641113
305,204,2.0,3.408205270767212
370,608,4.0,3.815330743789673
405,451,5.0,1.8480873107910156
940,316,4.0,3.74167799949646
372,200,5.0,4.608868598937988
128,15,4.0,3.581556558609009
18,199,3.0,4.254292011260986
109,202,5.0,3.726510763168335
837,1047,1.0,2.624695062637329
387,744,3.0,3.0111100673675537
655,291,3.0,2.8978066444396973
758,177,5.0,4.208034992218018
94,153,5.0,3.9189541339874268
840,566,5.0,3.781667470932007
608,956,3.0,3.5578744411468506
130,109,3.0,4.145237445831299
686,204,4.0,4.438836097717285
329,483,4.0,4.20072603225708
378,1134,4.0,3.3567283153533936
900,121,2.0,2.293393850326538
594,237,3.0,3.084510087966919
843,1135,3.0,2.310389757156372
389,490,3.0,4.005960941314697
655,1245,3.0,2.787696599960327
234,699,3.0,3.0596280097961426
92,173,3.0,4.139711856842041
519,299,5.0,3.829974889755249
301,111,1.0,3.511707305908203
435,22,4.0,4.056256294250488
815,527,5.0,4.075449466705322
806,1059,3.0,2.651399850845337
435,1291,1.0,2.487990140914917
207,475,2.0,3.681058883666992
617,653,4.0,3.1372082233428955
812,288,4.0,3.6249842643737793
321,510,5.0,3.7614927291870117
406,203,4.0,3.7623260021209717
880,376,3.0,3.005704641342163
497,62,4.0,2.8627402782440186
904,300,4.0,3.881863832473755
899,229,2.0,2.944317579269409
26,508,3.0,3.2630863189697266
854,1197,3.0,3.2531869411468506
741,234,4.0,3.6879770755767822
308,123,3.0,3.1969997882843018
435,778,4.0,3.5354766845703125
299,94,1.0,2.9468610286712646
343,191,5.0,4.564007759094238
14,920,4.0,3.3204345703125
85,132,5.0,3.902477502822876
694,496,4.0,4.421280860900879
553,611,5.0,4.296514511108398
382,177,4.0,3.475689649581909
532,898,4.0,3.9176127910614014
480,190,5.0,3.981090784072876
487,501,4.0,3.6060311794281006
389,923,5.0,4.33356237411499
189,274,4.0,3.6536476612091064
396,1399,3.0,2.80914044380188
467,288,4.0,3.4054152965545654
209,333,2.0,3.18522310256958
286,16,3.0,3.7023820877075195
716,58,5.0,3.6747233867645264
331,1194,3.0,3.9930107593536377
533,77,4.0,3.1045453548431396
682,276,3.0,3.38335919380188
342,169,5.0,4.472712993621826
796,607,4.0,4.080245494842529
468,71,5.0,4.060217380523682
38,717,1.0,3.32110333442688
72,654,4.0,4.2035956382751465
399,28,2.0,3.5850017070770264
60,234,4.0,4.038116931915283
701,285,5.0,4.496328353881836
424,538,5.0,3.1424198150634766
296,632,5.0,4.273550987243652
932,1149,4.0,4.2295637130737305
721,264,1.0,3.0976383686065674
694,1221,3.0,3.8432328701019287
623,66,4.0,3.2909953594207764
56,210,5.0,4.194604396820068
158,431,5.0,3.7029335498809814
268,402,1.0,3.179154396057129
738,169,5.0,4.479365348815918
603,22,4.0,4.337436199188232
305,144,2.0,3.546283006668091
573,162,4.0,3.506624937057495
881,4,3.0,3.3835699558258057
561,11,4.0,3.2299766540527344
389,142,3.0,2.988025665283203
392,298,1.0,4.145017147064209
128,132,3.0,4.081717014312744
694,836,4.0,3.8304667472839355
622,227,3.0,3.3660643100738525
363,116,4.0,3.3316588401794434
388,117,5.0,4.163419246673584
233,223,4.0,4.594430923461914
472,417,4.0,4.116250991821289
41,238,5.0,3.56571364402771
553,1451,4.0,3.8112714290618896
269,188,2.0,3.037693738937378
663,1011,3.0,3.362619638442993
682,147,1.0,3.1636710166931152
834,342,2.0,3.051046133041382
383,286,5.0,4.01050329208374
292,665,3.0,3.5048768520355225
590,1061,2.0,2.8356733322143555
655,270,4.0,3.0127084255218506
671,144,4.0,4.0777153968811035
660,24,3.0,2.675729513168335
654,111,4.0,3.6051533222198486
503,443,5.0,4.026175022125244
552,591,3.0,3.4194889068603516
405,728,4.0,1.648237705230713
296,282,4.0,4.088194370269775
551,1135,5.0,3.3317723274230957
497,222,3.0,3.498333215713501
327,718,4.0,3.4147417545318604
861,292,4.0,3.8200440406799316
630,412,1.0,2.117776870727539
181,1034,1.0,1.2903368473052979
106,526,4.0,4.090747833251953
184,88,3.0,3.4578278064727783
244,553,5.0,3.3889524936676025
749,94,5.0,3.2381460666656494
374,97,5.0,3.7055819034576416
585,113,3.0,4.223548412322998
912,474,3.0,4.130812168121338
500,93,4.0,3.6334574222564697
536,283,3.0,4.003841876983643
311,62,3.0,3.245105504989624
276,1239,1.0,2.4275481700897217
825,1015,2.0,3.4668328762054443
151,203,3.0,4.152825832366943
554,121,4.0,3.332627534866333
432,871,2.0,2.806730031967163
862,222,5.0,4.40939474105835
267,55,4.0,3.955371618270874
334,606,5.0,4.135404109954834
469,607,5.0,4.554827690124512
694,491,3.0,4.102086544036865
780,427,3.0,4.128938674926758
461,121,2.0,2.9776737689971924
381,100,4.0,4.236391544342041
748,83,3.0,3.8596723079681396
600,62,4.0,3.193159818649292
795,209,5.0,3.7222301959991455
234,523,4.0,3.5430715084075928
49,652,5.0,3.0900025367736816
127,229,5.0,3.7328591346740723
230,673,3.0,3.845533609390259
757,350,3.0,3.1607415676116943
854,144,3.0,3.4387545585632324
276,73,3.0,3.6335628032684326
714,291,3.0,3.553732395172119
529,269,3.0,4.247303009033203
393,369,3.0,2.758331060409546
668,333,3.0,3.5212762355804443
605,302,4.0,4.222939968109131
437,47,4.0,3.7461984157562256
796,1049,4.0,2.637599229812622
567,50,1.0,4.38306188583374
730,322,1.0,2.7560062408447266
83,322,3.0,3.2090582847595215
474,170,4.0,4.5491623878479
552,873,3.0,2.831732749938965
593,98,5.0,4.348550319671631
886,174,5.0,4.109951496124268
378,255,4.0,3.3015248775482178
783,881,4.0,3.438441514968872
682,291,1.0,3.112928628921509
747,154,3.0,4.088876724243164
361,218,3.0,3.383448362350464
502,683,3.0,2.714249849319458
566,137,5.0,3.732102632522583
128,172,3.0,4.158679485321045
285,269,4.0,3.9358394145965576
830,2,3.0,3.082068681716919
268,176,5.0,3.750412702560425
78,301,5.0,3.0056614875793457
586,17,5.0,3.152338743209839
102,208,4.0,3.2098023891448975
114,646,4.0,3.9277522563934326
561,526,3.0,3.4620273113250732
59,448,4.0,3.6528451442718506
233,249,5.0,3.6795504093170166
210,523,4.0,4.45542573928833
35,264,2.0,2.8402099609375
682,157,4.0,3.3170742988586426
201,238,3.0,3.3395254611968994
655,51,2.0,2.901087522506714
373,1006,2.0,3.40195631980896
42,135,4.0,4.244182109832764
864,94,4.0,3.550950765609741
334,155,2.0,2.8419008255004883
15,924,3.0,2.776279926300049
756,739,4.0,2.904771566390991
60,128,3.0,3.8429553508758545
311,479,5.0,4.400726318359375
823,97,5.0,3.994274377822876
601,1540,2.0,2.3416340351104736
610,607,5.0,3.806138515472412
648,89,4.0,4.169308185577393
707,602,4.0,3.5169432163238525
907,619,2.0,4.446133136749268
119,274,4.0,4.0061354637146
880,22,4.0,4.447984218597412
524,928,4.0,2.8776869773864746
207,82,3.0,3.456127405166626
118,559,4.0,4.156259536743164
302,266,2.0,1.6957029104232788
84,284,3.0,3.5544893741607666
195,59,3.0,3.9896514415740967
601,127,4.0,3.7497992515563965
130,33,5.0,4.176333427429199
269,208,2.0,3.410551071166992
363,849,2.0,2.17942476272583
671,742,5.0,3.7235662937164307
235,523,5.0,4.034699440002441
87,157,3.0,3.9126994609832764
660,100,3.0,3.30168080329895
537,1451,3.0,2.923736810684204
94,546,3.0,3.016145706176758
347,432,4.0,3.763411521911621
121,172,5.0,3.9587528705596924
734,465,4.0,3.1872613430023193
718,597,5.0,3.407055139541626
712,794,4.0,3.814598321914673
154,919,4.0,3.860597848892212
143,328,4.0,3.6335771083831787
382,252,2.0,2.4281296730041504
554,576,4.0,2.9972798824310303
695,302,4.0,4.16865873336792
393,672,3.0,2.7368643283843994
234,617,3.0,3.147528648376465
234,95,3.0,3.1901493072509766
311,527,4.0,4.1251983642578125
603,449,4.0,3.156630754470825
183,380,4.0,2.9691874980926514
690,554,3.0,2.3849093914031982
796,217,4.0,3.308054208755493
334,238,4.0,3.6262028217315674
882,1,5.0,4.202330589294434
268,333,4.0,3.256488084793091
177,276,5.0,3.4803011417388916
262,50,2.0,4.189882755279541
524,815,3.0,2.9788453578948975
1,143,1.0,3.6660783290863037
815,240,2.0,2.830395460128784
276,313,5.0,4.501808166503906
115,9,5.0,3.901982545852661
666,172,3.0,4.003289699554443
616,347,4.0,3.6060173511505127
449,9,4.0,3.887763261795044
624,1120,4.0,3.2487008571624756
416,658,5.0,3.733240842819214
863,340,3.0,3.3603384494781494
234,735,3.0,3.305976152420044
450,58,3.0,3.825019121170044
437,182,2.0,4.093822002410889
932,478,4.0,4.413451671600342
505,96,4.0,3.8314976692199707
357,280,5.0,4.006989479064941
833,655,2.0,3.4591705799102783
450,546,4.0,3.3357417583465576
327,327,3.0,2.961714029312134
793,148,4.0,3.402843713760376
70,99,4.0,3.4944303035736084
799,319,4.0,3.3944547176361084
593,237,4.0,3.7276294231414795
409,168,5.0,3.8093883991241455
297,257,3.0,3.653714418411255
374,620,3.0,3.0919930934906006
150,14,4.0,4.254257678985596
828,288,3.0,2.877532482147217
247,259,3.0,2.9515225887298584
727,380,3.0,2.9507243633270264
83,527,4.0,4.098695755004883
103,96,4.0,4.029279708862305
506,203,4.0,3.9813077449798584
450,89,5.0,4.543114185333252
62,875,4.0,2.35109543800354
401,553,5.0,2.5203864574432373
269,505,3.0,3.4458773136138916
13,508,3.0,3.443941593170166
388,53,5.0,3.615673065185547
666,489,4.0,3.9863274097442627
373,259,5.0,2.9021027088165283
403,123,3.0,3.325086832046509
89,216,5.0,4.313211917877197
790,108,3.0,2.906489133834839
393,932,3.0,3.040747880935669
624,534,3.0,3.577188730239868
216,122,5.0,2.406120538711548
11,738,3.0,2.833022117614746
416,369,2.0,2.9528210163116455
328,1139,1.0,2.595153570175171
870,50,3.0,4.050622463226318
454,371,3.0,2.3295974731445312
325,134,4.0,4.028682231903076
305,79,3.0,3.6721689701080322
145,750,4.0,3.9478790760040283
727,820,2.0,2.372647285461426
279,61,4.0,4.0710930824279785
738,141,3.0,3.4988691806793213
695,305,3.0,3.75356388092041
707,504,1.0,3.726933717727661
894,312,3.0,3.29970383644104
656,689,2.0,2.1745426654815674
890,98,4.0,4.285264492034912
466,684,4.0,3.5326895713806152
389,58,4.0,3.554877281188965
291,825,4.0,3.311906337738037
748,50,5.0,4.170619964599609
721,260,3.0,2.9490978717803955
180,83,5.0,4.27538537979126
444,50,5.0,4.565743923187256
870,52,2.0,3.507676124572754
265,472,3.0,3.036033868789673
707,1251,4.0,3.620246648788452
477,237,4.0,4.720460414886475
327,431,3.0,3.15407133102417
373,732,3.0,3.7738354206085205
829,116,4.0,3.524229049682617
299,213,5.0,3.768385648727417
405,561,1.0,1.8639514446258545
846,87,4.0,4.118410587310791
82,208,3.0,3.5260605812072754
846,91,4.0,3.8038384914398193
276,125,4.0,3.582037925720215
405,1518,2.0,1.6494495868682861
929,419,4.0,3.3277523517608643
85,1166,4.0,3.1300315856933594
862,930,5.0,3.4739630222320557
868,211,3.0,3.5835018157958984
416,915,5.0,4.10195779800415
332,568,4.0,4.433376312255859
221,1017,4.0,3.5040323734283447
798,270,4.0,3.6162006855010986
457,708,4.0,3.9568302631378174
432,181,5.0,4.1708879470825195
751,917,2.0,3.2317874431610107
774,1028,2.0,1.5835518836975098
210,210,5.0,4.337176322937012
749,117,4.0,3.679530382156372
293,632,3.0,3.3301656246185303
892,615,5.0,4.528461933135986
813,538,3.0,3.2311935424804688
905,294,3.0,2.7767646312713623
308,848,4.0,3.69537615776062
162,358,3.0,2.793260335922241
650,7,4.0,3.2288055419921875
875,23,5.0,4.256178379058838
343,387,4.0,3.6681149005889893
175,183,4.0,3.766439199447632
655,629,3.0,2.6339199542999268
865,111,1.0,2.591615915298462
256,1033,4.0,3.348712205886841
276,931,2.0,2.194800853729248
626,270,2.0,2.5636696815490723
506,945,4.0,3.9584052562713623
865,685,3.0,2.2965714931488037
840,474,5.0,4.523439407348633
389,38,2.0,2.9063899517059326
889,881,3.0,2.5662624835968018
573,480,4.0,4.156728267669678
128,427,5.0,4.313966274261475
659,482,4.0,4.211217880249023
463,242,2.0,3.629119634628296
886,12,5.0,4.142920017242432
451,324,4.0,2.7059500217437744
114,89,5.0,3.934866189956665
843,152,2.0,2.690171957015991
144,313,5.0,4.23121976852417
535,612,4.0,3.9923369884490967
453,871,1.0,2.2114384174346924
721,1065,5.0,3.790719747543335
826,294,4.0,3.5782105922698975
592,1097,4.0,3.8452203273773193
495,135,3.0,4.50810432434082
472,193,5.0,4.842347621917725
296,48,5.0,4.571011543273926
325,530,4.0,3.9331719875335693
917,535,4.0,3.2677252292633057
391,148,3.0,3.103463888168335
606,127,4.0,4.671664714813232
387,746,1.0,3.394739866256714
593,293,1.0,4.034474849700928
334,655,4.0,3.8154752254486084
98,523,5.0,3.8423378467559814
763,609,4.0,3.713271141052246
479,131,3.0,3.791145086288452
490,93,4.0,3.007473945617676
846,602,4.0,3.8444325923919678
703,864,2.0,3.2304584980010986
234,91,5.0,3.115895986557007
889,144,4.0,3.7513742446899414
710,330,3.0,2.7370951175689697
13,433,4.0,3.579702615737915
693,520,2.0,3.5464906692504883
593,274,3.0,3.6035349369049072
59,595,3.0,3.128627061843872
254,219,1.0,3.0934243202209473
577,281,3.0,3.310537576675415
200,1049,3.0,3.2136099338531494
405,418,5.0,2.203922748565674
504,705,4.0,4.144171237945557
634,595,4.0,2.917766809463501
328,433,2.0,3.655482530593872
835,287,4.0,4.041098117828369
712,42,1.0,3.9764435291290283
524,275,3.0,3.8735897541046143
639,286,4.0,2.8740837574005127
897,871,3.0,2.9213688373565674
311,161,4.0,3.7345964908599854
780,515,3.0,4.1758246421813965
416,103,3.0,2.6581814289093018
82,151,2.0,3.152177095413208
450,633,5.0,4.299537181854248
419,705,5.0,4.191233158111572
20,323,4.0,2.3420064449310303
456,1198,4.0,3.4124484062194824
378,1221,3.0,3.4326393604278564
436,400,3.0,2.7996509075164795
447,1046,3.0,3.10683274269104
757,426,3.0,2.903778314590454
484,186,4.0,4.390860557556152
174,871,1.0,2.6843340396881104
249,191,4.0,4.6180830001831055
315,12,5.0,4.574522495269775
1,88,4.0,3.3785030841827393
676,962,4.0,3.4693548679351807
56,405,4.0,3.4959704875946045
437,11,1.0,3.9044597148895264
271,506,4.0,3.63810658454895
908,185,4.0,3.6039845943450928
936,1023,2.0,2.8985393047332764
618,723,3.0,2.7541067600250244
650,1039,3.0,3.4613513946533203
579,111,4.0,3.2296829223632812
223,173,5.0,4.072210788726807
535,566,3.0,3.5235846042633057
334,1073,4.0,3.7917230129241943
860,4,4.0,3.291548490524292
838,143,5.0,3.885671854019165
889,250,4.0,3.1844980716705322
107,259,2.0,2.192723035812378
222,186,5.0,3.715911388397217
399,127,2.0,3.9046971797943115
85,70,4.0,3.5209052562713623
437,955,4.0,3.5172016620635986
299,606,4.0,4.085876941680908
416,734,3.0,3.0350306034088135
332,284,5.0,4.022597312927246
372,441,4.0,3.7078115940093994
393,805,2.0,3.9489972591400146
313,183,5.0,3.8390085697174072
275,169,3.0,4.196713924407959
543,147,4.0,3.2037980556488037
257,113,4.0,4.4606781005859375
275,825,2.0,2.4700851440429688
37,161,5.0,3.680990695953369
501,124,4.0,4.427533149719238
480,249,1.0,2.9260904788970947
766,436,4.0,3.184652328491211
130,305,4.0,4.479437828063965
830,424,1.0,1.4167791604995728
896,128,4.0,3.1080658435821533
708,405,4.0,3.0980193614959717
241,270,3.0,3.34080171585083
303,50,5.0,4.411408424377441
889,39,2.0,3.0769636631011963
130,472,4.0,3.726182699203491
663,7,4.0,3.8692171573638916
795,655,3.0,3.5909621715545654
515,687,3.0,1.7097971439361572
484,1016,4.0,3.9534919261932373
526,243,1.0,1.9598033428192139
518,696,5.0,3.231072187423706
334,1172,3.0,3.540410280227661
389,8,4.0,4.052649021148682
167,83,5.0,4.020331859588623
801,343,4.0,4.035115718841553
666,182,4.0,3.892221212387085
747,3,2.0,3.2857017517089844
451,288,5.0,3.109269142150879
878,111,4.0,3.0860469341278076
807,94,2.0,3.485473394393921
49,413,1.0,1.7169291973114014
828,381,3.0,3.055870294570923
546,313,2.0,4.911864280700684
704,607,4.0,3.834489107131958
468,117,2.0,3.7941958904266357
306,756,3.0,2.9963135719299316
588,1091,4.0,3.0167739391326904
393,73,4.0,3.6100008487701416
328,157,5.0,3.4498512744903564
475,316,5.0,3.936342477798462
145,761,4.0,2.986619234085083
763,83,3.0,4.235898494720459
631,323,2.0,2.8662993907928467
299,26,4.0,3.307332754135132
778,204,4.0,3.0595834255218506
840,185,5.0,4.340686321258545
480,603,4.0,4.104890823364258
489,898,3.0,3.7171409130096436
716,64,5.0,4.691312313079834
838,70,4.0,3.842771291732788
409,965,2.0,3.5276596546173096
738,496,4.0,4.051487445831299
271,242,4.0,4.005534648895264
601,483,4.0,3.9314558506011963
61,690,2.0,3.060499906539917
101,282,3.0,3.5118861198425293
172,177,4.0,3.2697322368621826
161,174,2.0,2.950594186782837
435,254,3.0,2.1783177852630615
471,172,4.0,3.9731361865997314
870,124,4.0,3.7847225666046143
890,121,2.0,3.396314859390259
32,222,3.0,3.455106496810913
374,7,1.0,3.748274087905884
862,831,3.0,3.181814193725586
201,1153,2.0,3.3086001873016357
60,405,4.0,3.5171217918395996
344,251,5.0,4.240288257598877
574,310,4.0,3.500270128250122
582,932,2.0,2.780046224594116
338,479,5.0,4.091372966766357
731,378,1.0,3.249941349029541
804,1222,3.0,2.9528610706329346
561,675,3.0,3.1069552898406982
795,201,4.0,3.095308780670166
913,203,4.0,3.601917028427124
90,300,3.0,4.046139717102051
42,88,5.0,3.6490862369537354
666,646,3.0,4.130361080169678
642,585,5.0,3.0435545444488525
667,1101,3.0,3.7817161083221436
458,21,2.0,2.6245553493499756
682,708,3.0,3.210325002670288
13,463,5.0,3.606581449508667
181,458,3.0,1.5658427476882935
347,240,5.0,2.7991411685943604
62,232,3.0,3.0766327381134033
113,246,5.0,4.284034729003906
586,470,4.0,3.4713780879974365
937,515,5.0,4.062621116638184
398,414,3.0,3.4585635662078857
41,209,4.0,3.8862550258636475
889,514,1.0,3.718541383743286
279,1411,3.0,2.9854700565338135
423,299,3.0,2.8627121448516846
532,335,3.0,3.523822546005249
932,576,2.0,3.2150261402130127
907,685,5.0,4.429061412811279
242,111,4.0,4.465996265411377
441,683,2.0,2.8239214420318604
640,204,5.0,4.421095371246338
15,283,4.0,3.242558240890503
655,1445,3.0,2.913458824157715
660,826,3.0,1.6119376420974731
251,248,4.0,3.804478883743286
66,877,1.0,2.643918752670288
699,1010,3.0,3.3473761081695557
145,281,4.0,3.065706968307495
640,47,4.0,4.353570461273193
445,221,1.0,2.331831693649292
29,332,4.0,3.5312187671661377
554,294,3.0,3.0414464473724365
60,433,4.0,4.003818988800049
717,271,2.0,3.498809814453125
562,231,1.0,2.688422203063965
711,660,5.0,4.000295162200928
5,1,4.0,3.5741212368011475
842,886,4.0,3.446110963821411
504,258,5.0,3.916208505630493
564,597,4.0,3.1086604595184326
308,1169,5.0,4.215505123138428
79,100,5.0,4.269270896911621
883,856,5.0,4.101848602294922
305,257,2.0,3.5082156658172607
215,234,4.0,3.8715884685516357
363,68,2.0,3.045274019241333
629,4,3.0,3.9011781215667725
57,240,2.0,2.977776288986206
484,202,5.0,4.165163516998291
237,357,4.0,4.542972564697266
828,170,3.0,3.7553164958953857
579,83,5.0,3.7670061588287354
259,294,3.0,3.4590306282043457
330,419,5.0,4.534722805023193
318,105,1.0,2.566119432449341
315,93,5.0,4.040729999542236
843,217,4.0,2.4209330081939697
896,562,2.0,2.627800703048706
500,1135,3.0,2.7872049808502197
922,174,5.0,4.157755374908447
222,1041,3.0,2.730229139328003
82,482,4.0,3.6830365657806396
782,752,4.0,2.790217161178589
238,151,2.0,3.5132532119750977
767,478,4.0,4.695716381072998
42,210,5.0,4.130513668060303
429,218,3.0,3.33418345451355
20,405,3.0,2.6972439289093018
337,106,2.0,3.2230582237243652
666,248,3.0,3.571373701095581
478,975,4.0,2.848008155822754
868,405,1.0,2.752189874649048
189,255,2.0,3.5244545936584473
499,207,5.0,3.787971258163452
885,418,4.0,3.1889383792877197
95,176,3.0,4.058120250701904
535,435,5.0,3.944934129714966
222,231,2.0,2.390807867050171
292,855,5.0,4.2885894775390625
655,1644,1.0,1.7689425945281982
69,475,3.0,4.122574329376221
385,661,4.0,3.740675210952759
618,433,2.0,3.4193336963653564
490,987,3.0,1.484203815460205
792,24,3.0,3.395408868789673
68,237,5.0,3.0916683673858643
690,294,3.0,2.761695623397827
846,673,4.0,3.7112791538238525
90,223,4.0,4.620763301849365
922,249,3.0,3.0551564693450928
642,49,4.0,3.7869155406951904
244,232,4.0,3.542362689971924
528,213,4.0,3.9805266857147217
16,204,5.0,4.240875244140625
788,670,3.0,2.969701051712036
650,232,3.0,2.8084113597869873
62,174,4.0,4.014837265014648
334,640,4.0,2.9360480308532715
269,642,3.0,2.8478009700775146
837,717,1.0,2.6189260482788086
295,67,4.0,3.6923129558563232
638,121,4.0,3.0625481605529785
588,8,5.0,4.175807476043701
311,436,3.0,3.7055881023406982
407,388,2.0,2.4622137546539307
296,281,2.0,3.5174708366394043
290,588,4.0,3.601999521255493
5,433,5.0,3.4815967082977295
592,324,4.0,3.26065993309021
707,902,5.0,3.623204469680786
453,401,3.0,2.4689619541168213
653,153,2.0,3.0030417442321777
711,710,4.0,3.8147075176239014
796,77,5.0,3.4088799953460693
387,408,4.0,4.268703937530518
459,300,4.0,3.7377474308013916
917,471,4.0,3.627314805984497
7,502,5.0,4.248997211456299
406,451,2.0,3.0275676250457764
141,118,5.0,3.3548388481140137
385,455,4.0,2.7694437503814697
445,1598,1.0,1.4534392356872559
87,514,4.0,4.184380054473877
140,880,4.0,3.2167906761169434
804,632,3.0,3.956594228744507
192,1160,4.0,3.431030035018921
38,252,5.0,3.4496564865112305
178,288,5.0,3.449977159500122
311,443,3.0,3.999678373336792
749,755,4.0,3.342359781265259
43,699,4.0,3.761338949203491
654,181,3.0,4.022326946258545
201,57,4.0,3.687835931777954
716,141,4.0,3.7615106105804443
943,526,4.0,4.053269386291504
181,1368,1.0,1.8574965000152588
718,282,5.0,3.951956033706665
216,93,4.0,3.980743169784546
378,323,3.0,2.9097211360931396
178,117,4.0,3.653470754623413
661,573,3.0,3.1902315616607666
293,657,4.0,3.7470457553863525
94,572,3.0,3.033396005630493
359,313,5.0,4.730876445770264
880,755,3.0,3.4726250171661377
819,862,2.0,2.676427125930786
87,273,3.0,3.8940179347991943
6,514,5.0,3.6308844089508057
480,298,2.0,3.5630342960357666
347,943,4.0,3.5959088802337646
618,210,3.0,3.6106345653533936
940,151,3.0,3.2887325286865234
682,1305,3.0,2.6187689304351807
399,235,4.0,2.4887967109680176
493,59,5.0,4.1332173347473145
402,100,5.0,4.273415565490723
559,233,3.0,2.9524338245391846
757,53,3.0,2.8361334800720215
313,479,5.0,4.180206775665283
194,540,1.0,1.7526392936706543
378,756,3.0,2.7976300716400146
342,320,5.0,3.468973159790039
7,404,5.0,4.033335208892822
7,640,3.0,3.6169469356536865
782,879,3.0,2.8325698375701904
924,1400,4.0,3.209852933883667
56,181,5.0,4.192831516265869
710,134,5.0,4.082032203674316
393,250,4.0,3.5049989223480225
301,384,5.0,2.8351988792419434
9,286,5.0,4.085560321807861
887,655,1.0,4.405240535736084
490,224,2.0,3.117811441421509
881,216,4.0,3.8071634769439697
812,261,1.0,2.7002201080322266
804,972,3.0,3.5926220417022705
7,446,2.0,3.3242995738983154
239,483,5.0,4.713136196136475
627,649,4.0,3.1693623065948486
279,652,4.0,3.885826826095581
43,283,2.0,3.907668352127075
52,1085,4.0,3.7703006267547607
534,276,5.0,4.483927249908447
749,100,3.0,4.202527046203613
293,156,4.0,3.405226945877075
659,647,3.0,4.445898532867432
236,79,4.0,3.816664934158325
312,588,5.0,4.169954299926758
844,294,2.0,2.8008840084075928
192,277,3.0,3.408416986465454
592,236,3.0,3.964467763900757
360,405,3.0,3.3581035137176514
393,342,5.0,3.043177366256714
498,9,2.0,3.3208577632904053
184,161,2.0,3.603008508682251
201,137,4.0,3.5297534465789795
683,346,4.0,3.3059160709381104
374,1049,1.0,2.4623234272003174
49,462,2.0,3.139353036880493
867,286,5.0,4.004432201385498
342,974,2.0,2.6824791431427
343,88,4.0,3.739654779434204
358,59,4.0,3.7173779010772705
450,650,4.0,3.7910661697387695
100,892,2.0,2.122046709060669
305,183,4.0,3.5611073970794678
405,174,5.0,2.7046091556549072
631,877,2.0,2.4434666633605957
660,196,4.0,3.155299425125122
158,684,3.0,3.918104887008667
620,225,3.0,3.466564893722534
267,62,3.0,3.366319417953491
207,205,4.0,3.7569739818573
806,504,4.0,3.9319498538970947
923,248,4.0,4.410101413726807
208,194,5.0,3.941899061203003
931,111,3.0,3.5690596103668213
181,1026,1.0,1.1651415824890137
815,496,5.0,4.21714448928833
454,144,4.0,3.0920329093933105
879,111,4.0,3.5395495891571045
577,237,4.0,3.8178951740264893
567,168,5.0,4.014634132385254
234,268,2.0,3.2350924015045166
456,72,1.0,2.931600332260132
843,95,2.0,2.9346764087677
796,775,2.0,2.898404836654663
276,541,3.0,2.903332233428955
345,289,3.0,3.0822458267211914
244,471,1.0,3.7233169078826904
56,183,5.0,4.1661505699157715
119,1086,4.0,3.9653704166412354
655,111,2.0,2.96750545501709
13,875,1.0,2.4324820041656494
889,482,4.0,3.9809305667877197
868,1076,1.0,2.0636422634124756
313,63,4.0,2.8760368824005127
621,2,3.0,3.4059929847717285
128,966,4.0,4.074770927429199
943,97,2.0,3.7103142738342285
160,59,4.0,4.17257022857666
642,82,5.0,4.1648125648498535
303,748,2.0,3.1362240314483643
125,709,3.0,4.081995487213135
116,872,3.0,2.4924657344818115
537,79,3.0,3.276848554611206
788,1478,3.0,2.734278917312622
686,28,4.0,4.640890598297119
244,31,4.0,3.7832679748535156
807,265,5.0,4.187367916107178
256,276,3.0,4.366204738616943
181,926,1.0,1.157218337059021
8,457,1.0,2.151512384414673
417,255,3.0,3.1753528118133545
601,98,3.0,3.650982141494751
454,118,4.0,2.3148438930511475
327,182,4.0,3.6853039264678955
532,1162,2.0,2.1794300079345703
867,651,5.0,4.361685752868652
13,893,3.0,2.205259084701538
378,1439,3.0,3.1017701625823975
486,595,2.0,2.6830809116363525
416,150,5.0,4.165575981140137
83,1165,2.0,2.169652223587036
540,1016,4.0,3.55267071723938
533,480,4.0,4.2276716232299805
334,502,3.0,3.674194097518921
1,131,1.0,3.83893084526062
382,1534,4.0,1.5448846817016602
815,28,4.0,4.087449550628662
303,328,3.0,3.3684003353118896
102,396,2.0,2.2019073963165283
305,56,1.0,3.709566354751587
580,250,5.0,3.516921281814575
152,255,5.0,4.366871356964111
23,512,5.0,4.032896995544434
210,88,4.0,3.8582046031951904
207,273,4.0,3.2580039501190186
436,1468,5.0,3.679889440536499
559,527,4.0,3.7702271938323975
870,288,4.0,3.039747953414917
472,27,4.0,4.175236225128174
650,160,3.0,2.80564284324646
629,271,4.0,3.5605127811431885
140,334,2.0,3.5060510635375977
642,1039,5.0,4.386153221130371
95,31,4.0,3.5820529460906982
705,28,4.0,4.1800007820129395
671,583,3.0,3.433234214782715
524,22,3.0,4.105459690093994
782,515,3.0,3.9726784229278564
877,98,5.0,4.29026460647583
77,833,1.0,2.6069514751434326
911,1203,4.0,3.9643661975860596
547,340,4.0,3.7015864849090576
456,188,4.0,3.408050775527954
275,1066,3.0,2.711524724960327
115,22,3.0,4.378736972808838
167,288,3.0,3.3232786655426025
303,183,5.0,3.9536311626434326
709,747,2.0,3.4414188861846924
551,1314,2.0,2.914781332015991
24,662,5.0,4.054409503936768
468,742,3.0,3.740457057952881
868,651,5.0,3.602867841720581
334,678,3.0,2.578472852706909
793,597,3.0,3.271820306777954
178,176,4.0,4.137533664703369
7,670,5.0,3.6258480548858643
459,255,4.0,3.490852117538452
378,68,2.0,3.449338674545288
316,435,2.0,3.325482130050659
298,132,5.0,4.282805919647217
882,199,5.0,4.518858432769775
576,259,2.0,2.7416365146636963
940,56,5.0,3.751016616821289
854,9,5.0,3.286027669906616
621,128,4.0,3.795062303543091
160,276,5.0,3.7715704441070557
496,1060,1.0,2.3732423782348633
889,95,4.0,3.5619821548461914
660,67,1.0,2.213472604751587
33,292,4.0,3.9229652881622314
389,474,5.0,4.337380409240723
207,316,5.0,3.7699549198150635
560,197,4.0,4.113333702087402
234,601,3.0,3.525836229324341
13,14,4.0,3.8135874271392822
130,798,1.0,3.435389995574951
421,183,5.0,3.838061809539795
659,616,4.0,3.654052257537842
606,647,3.0,4.7237114906311035
7,569,4.0,3.3201491832733154
807,271,3.0,3.550459146499634
595,411,3.0,2.7109692096710205
900,871,1.0,1.5332446098327637
834,762,4.0,3.546074151992798
840,504,3.0,4.1448750495910645
796,794,4.0,3.6691901683807373
536,435,3.0,4.192422389984131
305,275,2.0,3.6400208473205566
450,70,4.0,3.9599850177764893
303,825,3.0,2.823854446411133
405,1560,1.0,1.966430902481079
698,707,2.0,2.925769805908203
837,763,1.0,3.1797897815704346
230,8,5.0,4.244869709014893
301,403,4.0,3.31139874458313
477,369,4.0,3.7543883323669434
674,1,4.0,4.049413204193115
410,289,1.0,2.6148335933685303
83,566,4.0,3.600433111190796
308,675,4.0,3.782132148742676
327,682,3.0,2.4549529552459717
569,276,4.0,3.555391550064087
896,1267,2.0,2.472935914993286
570,340,3.0,2.857293128967285
364,990,4.0,3.63337779045105
313,449,3.0,2.903671979904175
49,80,1.0,1.8934144973754883
151,836,4.0,3.6748692989349365
141,407,2.0,2.6420066356658936
880,930,2.0,2.8550496101379395
934,199,4.0,4.201204776763916
42,234,4.0,3.984553098678589
416,1264,4.0,3.465904951095581
868,1035,1.0,2.6928107738494873
675,900,4.0,3.7102577686309814
637,93,3.0,2.9837443828582764
922,95,3.0,3.5989573001861572
452,479,5.0,3.9002749919891357
426,848,4.0,3.583155393600464
59,1048,4.0,3.1968653202056885
187,134,3.0,4.397305488586426
295,965,4.0,4.390854835510254
168,259,2.0,2.6448304653167725
407,179,3.0,3.9623935222625732
109,227,5.0,3.3227267265319824
354,20,5.0,3.277202844619751
823,134,5.0,4.58203649520874
244,153,4.0,3.979562520980835
873,292,5.0,2.8831019401550293
842,288,3.0,3.616872549057007
7,470,3.0,4.037598133087158
276,33,4.0,3.5531506538391113
378,577,2.0,2.2545952796936035
620,151,4.0,4.093770503997803
683,354,3.0,2.9879517555236816
749,77,3.0,3.3406522274017334
106,77,4.0,3.3084542751312256
345,268,4.0,3.8990609645843506
269,192,4.0,3.7302563190460205
194,712,3.0,2.5877768993377686
916,198,4.0,3.8932902812957764
704,514,4.0,3.7364556789398193
178,546,3.0,3.022050380706787
868,1188,1.0,2.218334913253784
450,56,4.0,4.351284980773926
186,299,3.0,3.038747787475586
339,402,3.0,3.769928455352783
381,514,5.0,4.012465953826904
472,940,4.0,3.3584821224212646
279,33,4.0,3.5340731143951416
463,473,4.0,2.5547826290130615
379,28,4.0,4.304516792297363
38,71,5.0,4.319381237030029
342,216,5.0,3.916809320449829
465,475,3.0,3.4564664363861084
795,118,2.0,2.743210554122925
642,1033,3.0,3.0156614780426025
587,886,2.0,2.8645565509796143
280,452,2.0,3.015134572982788
561,2,3.0,2.4732887744903564
887,419,2.0,4.126233100891113
450,865,4.0,3.818692922592163
694,663,4.0,4.202132701873779
666,7,4.0,3.6326730251312256
930,106,4.0,2.098604202270508
303,568,4.0,3.632200002670288
373,633,4.0,4.146615505218506
676,483,4.0,4.44014310836792
389,520,3.0,4.203315734863281
894,591,4.0,3.6382195949554443
199,9,5.0,3.312448263168335
653,54,3.0,2.414700746536255
16,661,4.0,4.640791416168213
663,180,4.0,4.109890460968018
308,148,3.0,3.3353636264801025
653,686,2.0,2.9413492679595947
882,409,4.0,3.4822709560394287
468,143,5.0,3.929081678390503
44,591,4.0,3.607332468032837
95,392,3.0,3.57354998588562
168,845,4.0,3.2991459369659424
433,273,3.0,3.325667381286621
932,494,4.0,4.321048259735107
327,1170,4.0,2.7464334964752197
497,176,4.0,3.901926279067993
89,283,4.0,4.044715404510498
586,249,2.0,3.104901075363159
757,423,3.0,3.6952030658721924
458,144,4.0,3.819469451904297
374,823,1.0,2.8776133060455322
669,183,3.0,3.4717490673065186
429,227,2.0,3.163358449935913
588,716,5.0,3.4003477096557617
758,238,5.0,4.120421409606934
268,228,4.0,3.461199998855591
235,213,4.0,3.9214084148406982
655,1426,2.0,2.6706135272979736
796,1217,3.0,3.1506104469299316
579,523,3.0,3.766878366470337
666,518,4.0,3.723498821258545
766,234,4.0,3.439995050430298
399,564,3.0,1.3920097351074219
790,268,4.0,3.519529104232788
360,100,5.0,4.26366662979126
663,956,4.0,3.7904160022735596
456,12,3.0,4.109708786010742
327,222,2.0,3.324009656906128
8,177,4.0,4.130335807800293
591,709,4.0,3.9495980739593506
201,269,3.0,3.559868097305298
747,288,4.0,3.623408555984497
159,742,2.0,3.8264963626861572
504,245,4.0,3.228505849838257
417,402,4.0,3.3490638732910156
940,629,3.0,2.878530979156494
449,251,3.0,4.406070232391357
311,318,5.0,4.589046955108643
435,924,3.0,3.091761589050293
130,1215,2.0,2.676405668258667
53,250,2.0,3.680053949356079
13,360,4.0,3.0669281482696533
532,407,2.0,3.237142562866211
393,685,3.0,3.4358770847320557
650,200,4.0,3.2986133098602295
399,176,3.0,3.6446664333343506
648,323,5.0,2.8250625133514404
295,735,5.0,4.472188949584961
487,399,5.0,3.4252445697784424
692,249,3.0,3.0870001316070557
197,347,4.0,3.2870144844055176
246,576,1.0,2.462587833404541
848,433,3.0,4.058459758758545
8,651,5.0,4.3087029457092285
537,663,3.0,3.1168837547302246
773,924,1.0,2.932396650314331
34,242,5.0,4.763469219207764
297,474,4.0,4.057070255279541
186,742,3.0,3.666400194168091
305,971,4.0,3.380512237548828
626,330,3.0,1.9340825080871582
934,13,5.0,3.4901816844940186
389,395,2.0,2.4423298835754395
417,382,2.0,3.4699718952178955
279,762,3.0,3.492913246154785
850,173,5.0,4.623075008392334
708,289,4.0,2.8515641689300537
932,1184,3.0,2.7797372341156006
327,865,5.0,3.1471779346466064
472,254,4.0,3.4745614528656006
867,431,4.0,3.8492586612701416
565,86,5.0,4.587682247161865
282,325,1.0,3.033036470413208
385,528,4.0,3.7345211505889893
537,212,3.0,2.5201308727264404
694,378,3.0,4.049767971038818
894,121,3.0,3.4773881435394287
906,117,4.0,3.7640273571014404
936,108,4.0,3.491523504257202
880,421,2.0,3.7819814682006836
195,1413,2.0,3.083413600921631
474,549,5.0,3.939880609512329
842,1105,2.0,3.178100347518921
328,162,4.0,3.596282482147217
524,304,4.0,3.382183313369751
401,276,4.0,3.0182201862335205
58,950,1.0,3.1729793548583984
21,619,2.0,2.9115750789642334
727,50,4.0,4.141737937927246
416,938,3.0,3.1122117042541504
919,293,4.0,3.8544790744781494
178,591,5.0,3.622795343399048
110,294,3.0,2.8785665035247803
597,15,5.0,3.844618558883667
106,582,4.0,3.6953141689300537
21,981,2.0,1.5181165933609009
758,125,2.0,3.8140504360198975
625,265,3.0,3.5965278148651123
271,356,4.0,3.0818474292755127
125,520,5.0,4.1351423263549805
417,395,4.0,2.267551898956299
292,194,4.0,4.430886745452881
708,934,4.0,2.662607431411743
400,259,3.0,3.066202402114868
458,619,2.0,3.1891701221466064
42,281,3.0,3.290438652038574
251,100,4.0,4.206559181213379
28,258,5.0,3.8782942295074463
327,11,4.0,3.4959423542022705
290,229,3.0,2.834855318069458
535,181,4.0,3.972191572189331
84,245,4.0,3.458458423614502
286,186,5.0,4.310545444488525
416,1051,3.0,3.530935525894165
791,331,1.0,3.8319036960601807
373,81,2.0,3.7256085872650146
517,222,4.0,3.561840057373047
493,404,4.0,3.7209956645965576
670,611,5.0,4.114212989807129
825,9,3.0,4.040123462677002
854,274,3.0,3.003192901611328
653,232,2.0,2.554609537124634
44,419,4.0,3.6998345851898193
223,929,3.0,2.482175588607788
370,514,4.0,3.7490692138671875
271,15,3.0,3.4097273349761963
533,196,4.0,3.836322069168091
527,169,4.0,4.41723108291626
795,640,4.0,2.7108564376831055
57,411,4.0,3.0530829429626465
393,1440,3.0,3.227177381515503
13,855,4.0,3.6471874713897705
424,990,5.0,2.854252338409424
41,276,2.0,3.421818256378174
763,955,2.0,3.637708902359009
246,567,5.0,2.1461293697357178
339,516,4.0,4.260030269622803
15,285,4.0,3.7420527935028076
207,576,3.0,2.6521832942962646
825,515,4.0,4.614369869232178
180,121,5.0,3.5912492275238037
503,427,5.0,4.447414398193359
59,404,3.0,3.8263471126556396
823,230,3.0,3.8497331142425537
322,150,4.0,4.002265453338623
312,543,5.0,3.984273672103882
385,462,2.0,3.399202823638916
893,298,4.0,3.8862297534942627
320,278,3.0,3.591080904006958
489,1025,5.0,3.2690937519073486
291,117,5.0,3.93737530708313
927,422,4.0,3.187861919403076
253,588,5.0,3.9866325855255127
28,96,5.0,4.166399955749512
271,135,4.0,3.9228689670562744
397,286,4.0,3.61950421333313
920,346,4.0,3.332716226577759
476,202,4.0,3.7547872066497803
901,161,5.0,3.9558184146881104
764,356,4.0,3.3581631183624268
396,597,4.0,3.3696448802948
188,237,3.0,3.724769353866577
6,272,4.0,4.007414817810059
221,250,5.0,3.4452264308929443
474,475,4.0,4.261505126953125
523,194,5.0,4.659557819366455
666,179,5.0,3.92250657081604
545,450,2.0,2.593435287475586
659,489,4.0,4.185627460479736
254,112,2.0,2.251572370529175
871,1345,3.0,2.5885257720947266
222,246,4.0,3.6934478282928467
642,392,4.0,4.009449005126953
407,455,3.0,3.1373484134674072
297,265,3.0,3.7190186977386475
922,159,3.0,3.093842029571533
763,196,4.0,4.12577486038208
22,208,5.0,3.9695136547088623
908,423,4.0,3.2910683155059814
184,522,3.0,3.933793306350708
881,524,4.0,3.8734819889068604
514,25,4.0,3.4423768520355225
207,286,2.0,3.3811137676239014
489,321,3.0,3.7158868312835693
164,689,5.0,3.8199405670166016
903,147,3.0,3.557438611984253
30,69,5.0,4.123559951782227
51,655,3.0,3.7126405239105225
194,570,3.0,2.436586618423462
90,650,5.0,3.9187943935394287
454,435,2.0,3.0917298793792725
335,347,5.0,3.4827141761779785
805,9,3.0,3.6516478061676025
318,712,4.0,3.458498954772949
327,184,3.0,3.0001280307769775
441,313,4.0,4.496311664581299
875,772,5.0,3.1638948917388916
804,226,4.0,3.455043315887451
706,628,4.0,3.3936431407928467
313,770,4.0,3.380829334259033
417,185,3.0,3.950360059738159
601,185,4.0,3.518796682357788
875,496,4.0,4.250317573547363
416,864,3.0,3.5607588291168213
308,147,3.0,3.5248405933380127
527,208,4.0,3.8405516147613525
458,844,4.0,3.2577784061431885
82,140,3.0,2.567767381668091
850,480,5.0,4.784836292266846
452,73,3.0,3.1128642559051514
844,95,4.0,3.5028536319732666
896,67,2.0,2.4585201740264893
455,52,3.0,3.710303544998169
266,285,4.0,3.9852092266082764
292,193,4.0,4.413005352020264
328,483,5.0,4.4077982902526855
295,461,5.0,4.232249736785889
313,164,3.0,3.411759614944458
332,833,5.0,3.945244550704956
292,276,5.0,4.063122272491455
353,328,2.0,3.196855306625366
808,325,1.0,3.4636452198028564
826,91,4.0,4.097504138946533
747,320,5.0,3.8051347732543945
627,92,4.0,3.255263566970825
474,238,4.0,4.052981853485107
194,1044,2.0,2.572787046432495
127,62,5.0,3.688236713409424
587,301,3.0,3.0088188648223877
391,168,4.0,3.9217236042022705
674,678,3.0,3.0529425144195557
136,9,5.0,4.15462064743042
615,192,5.0,4.3279619216918945
830,231,2.0,2.706411123275757
234,589,3.0,3.569279193878174
194,1028,2.0,2.241225481033325
436,200,3.0,4.086013317108154
15,289,3.0,2.4378883838653564
407,508,4.0,3.5384647846221924
439,14,5.0,4.107796669006348
303,226,4.0,3.363750696182251
299,286,4.0,3.4852523803710938
643,202,3.0,3.7631022930145264
537,60,3.0,3.337395429611206
443,269,3.0,4.150589466094971
849,15,5.0,4.7826385498046875
687,300,4.0,3.680025100708008
26,597,2.0,2.668541193008423
782,271,2.0,2.8139612674713135
672,815,4.0,2.8174941539764404
234,552,2.0,2.318045139312744
363,82,3.0,3.329150676727295
286,257,3.0,4.239946365356445
539,170,5.0,4.365714073181152
92,1214,2.0,2.5052149295806885
280,742,4.0,3.7717034816741943
592,258,5.0,4.066918849945068
183,216,4.0,3.7817635536193848
450,401,3.0,3.1418583393096924
690,238,5.0,3.5095832347869873
383,660,4.0,4.153254985809326
585,60,4.0,4.1100335121154785
389,1204,4.0,3.6214334964752197
82,25,2.0,2.9362568855285645
943,570,1.0,3.1302645206451416
648,679,3.0,2.9289615154266357
313,414,3.0,3.514280080795288
416,151,3.0,3.936599016189575
521,156,4.0,3.5487210750579834
273,900,3.0,3.9301435947418213
854,96,3.0,3.6055331230163574
197,431,3.0,3.3322103023529053
540,1014,4.0,3.2637760639190674
26,150,3.0,3.477217435836792
301,252,3.0,2.8957087993621826
698,199,2.0,3.1164820194244385
453,125,3.0,3.2363369464874268
303,276,4.0,3.6514365673065186
467,24,4.0,3.501457452774048
382,56,5.0,3.6949832439422607
249,273,4.0,3.9455087184906006
377,168,5.0,4.24971342086792
84,523,4.0,4.415233135223389
72,204,4.0,3.778514862060547
92,231,3.0,2.619433641433716
846,651,3.0,4.1900553703308105
561,473,3.0,2.4777991771698
895,742,4.0,3.7862420082092285
544,327,2.0,2.765933036804199
399,727,4.0,2.915412664413452
303,302,4.0,4.233755588531494
191,269,3.0,3.928004503250122
270,566,5.0,4.44016695022583
566,153,2.0,3.5670650005340576
802,260,4.0,2.752753257751465
27,742,3.0,3.16278338432312
338,427,4.0,4.1115641593933105
374,741,3.0,3.571507692337036
295,357,4.0,4.955886363983154
494,845,4.0,3.4210047721862793
773,170,5.0,3.9239895343780518
896,1045,3.0,2.7535276412963867
48,183,5.0,3.8635504245758057
115,673,3.0,3.696709394454956
130,254,2.0,3.2769439220428467
373,70,4.0,3.7974722385406494
130,144,5.0,4.577410697937012
393,186,3.0,4.054286479949951
605,245,3.0,3.015157461166382
887,1029,5.0,2.2825071811676025
933,229,1.0,2.4035403728485107
60,423,4.0,4.028590202331543
543,187,4.0,3.9537060260772705
43,26,5.0,3.6691839694976807
234,521,3.0,3.2740914821624756
712,215,3.0,3.9799644947052
332,235,3.0,3.866222620010376
450,1222,3.0,3.20294451713562
308,633,4.0,4.088103771209717
202,318,1.0,3.4950971603393555
542,864,3.0,3.078158140182495
128,282,3.0,3.7196640968322754
18,425,3.0,3.9521963596343994
316,98,5.0,3.6246378421783447
378,930,2.0,2.6111910343170166
712,63,4.0,3.3420541286468506
924,300,2.0,3.5209009647369385
417,228,3.0,3.630770444869995
417,95,5.0,3.5784318447113037
943,24,4.0,3.4633400440216064
655,249,3.0,2.5876474380493164
788,132,5.0,3.9245827198028564
650,158,2.0,1.848020076751709
293,748,2.0,2.5547220706939697
291,706,3.0,3.296281099319458
417,176,5.0,3.9199836254119873
62,294,1.0,2.7538628578186035
288,180,5.0,3.9838387966156006
99,258,5.0,3.9385483264923096
851,11,5.0,4.046988487243652
640,66,4.0,4.150981903076172
921,257,3.0,3.691058874130249
495,1110,4.0,3.480569839477539
268,101,2.0,3.012282609939575
25,968,4.0,3.8754770755767822
638,265,5.0,3.6657016277313232
435,33,3.0,3.219021797180176
498,228,2.0,3.3358380794525146
413,333,2.0,3.609074354171753
379,219,3.0,3.63332462310791
90,836,5.0,3.93534779548645
894,14,4.0,4.086661338806152
634,117,4.0,3.5966508388519287
240,343,3.0,3.5527775287628174
267,515,5.0,4.590372085571289
292,408,4.0,4.983890056610107
892,210,4.0,4.43334436416626
343,367,4.0,3.8092939853668213
87,181,5.0,4.258389472961426
716,241,3.0,3.7267820835113525
647,490,4.0,4.072887897491455
768,235,2.0,2.620373487472534
374,581,4.0,3.1338346004486084
2,301,4.0,3.3027000427246094
320,56,5.0,4.418139457702637
380,845,4.0,2.6791841983795166
393,399,4.0,3.4443857669830322
625,584,3.0,3.1411733627319336
708,352,1.0,2.197732925415039
894,26,4.0,3.587982416152954
471,878,4.0,2.3281960487365723
666,294,3.0,2.891000270843506
270,335,3.0,3.712059259414673
886,42,5.0,3.552558660507202
601,8,3.0,3.416609048843384
251,258,3.0,3.893895387649536
6,506,4.0,3.5359017848968506
216,64,5.0,4.711834907531738
913,530,2.0,3.8792946338653564
342,236,3.0,3.598623275756836
316,678,1.0,2.053551435470581
889,762,3.0,3.207498788833618
368,320,5.0,3.3999011516571045
844,90,3.0,2.8382866382598877
847,8,4.0,3.442615270614624
380,168,4.0,3.372241735458374
922,411,1.0,2.715501070022583
841,288,3.0,3.689516544342041
435,520,4.0,3.961871862411499
267,114,5.0,4.578344345092773
495,431,5.0,3.9980852603912354
533,191,4.0,4.136595249176025
343,334,5.0,3.6512258052825928
782,260,2.0,2.2607614994049072
545,77,3.0,3.3577497005462646
449,1005,5.0,3.928668260574341
88,1191,5.0,3.700371742248535
453,318,4.0,4.263418674468994
435,1401,4.0,2.9390885829925537
484,293,5.0,4.344321250915527
684,158,3.0,2.4631764888763428
472,68,5.0,4.441450595855713
663,597,3.0,3.191328287124634
406,124,4.0,3.9465348720550537
13,515,2.0,4.150825500488281
582,235,3.0,2.8933026790618896
429,82,4.0,3.60567569732666
417,32,2.0,3.703791379928589
710,269,3.0,3.762859582901001
276,50,5.0,4.537379264831543
704,528,3.0,4.045199871063232
875,173,5.0,4.30924654006958
234,273,3.0,3.02107310295105
429,502,3.0,3.6700761318206787
399,568,2.0,3.185900926589966
913,466,3.0,3.3650381565093994
639,198,2.0,3.276824474334717
878,154,3.0,3.393143892288208
646,678,3.0,2.3450493812561035
422,248,3.0,3.739440679550171
751,56,4.0,3.9789206981658936
301,43,5.0,2.9722721576690674
423,304,4.0,3.530256748199463
128,79,4.0,4.063638687133789
659,521,5.0,3.8743045330047607
449,1142,4.0,4.101494312286377
447,175,3.0,4.034764766693115
888,69,4.0,4.187800884246826
389,579,1.0,2.7674081325531006
708,21,1.0,2.656137228012085
417,449,3.0,2.848557233810425
200,132,5.0,4.63201379776001
193,25,4.0,3.28381085395813
500,780,3.0,2.8899085521698
25,131,4.0,4.066150665283203
137,266,5.0,3.3949716091156006
600,511,5.0,4.421539783477783
378,326,3.0,3.215043783187866
731,1087,1.0,1.4122343063354492
503,79,5.0,4.197086811065674
454,182,3.0,3.1893036365509033
437,658,4.0,3.444472074508667
541,423,3.0,4.063825607299805
90,692,4.0,3.970008134841919
899,66,4.0,3.3174595832824707
152,794,5.0,4.533057689666748
305,168,4.0,3.6504576206207275
589,336,1.0,2.9077091217041016
653,739,3.0,2.439601182937622
916,511,5.0,4.069098472595215
892,239,4.0,3.9684689044952393
887,368,5.0,2.238327741622925
363,802,2.0,2.2368626594543457
83,575,4.0,2.6182034015655518
346,186,3.0,3.8078839778900146
18,382,3.0,3.695056200027466
346,300,5.0,3.4675114154815674
700,73,3.0,3.194563388824463
874,289,4.0,2.8797953128814697
332,452,4.0,3.622239112854004
606,1039,4.0,4.339320659637451
500,358,4.0,2.37544584274292
693,483,3.0,3.9091508388519287
548,1025,4.0,2.9977974891662598
350,483,5.0,4.800452709197998
524,212,5.0,3.167917490005493
916,229,3.0,2.851808786392212
758,33,4.0,3.793351888656616
815,732,5.0,3.733710289001465
312,648,5.0,4.454198360443115
727,68,4.0,3.224478006362915
158,665,2.0,3.214524507522583
429,77,3.0,3.085313081741333
268,452,1.0,2.33097243309021
279,490,3.0,4.007506847381592
918,1099,4.0,2.9407880306243896
892,526,4.0,4.540640354156494
911,638,4.0,3.8462517261505127
177,1218,4.0,3.366403341293335
921,323,4.0,2.6915342807769775
60,59,5.0,4.254430294036865
943,31,4.0,3.578787088394165
484,135,4.0,4.502310276031494
405,1405,1.0,1.9665305614471436
797,781,5.0,2.831238031387329
41,265,3.0,3.736424684524536
339,150,4.0,4.111085891723633
773,12,3.0,3.9736578464508057
347,204,4.0,3.8152289390563965
458,25,1.0,3.3054323196411133
13,212,5.0,3.096445322036743
73,179,5.0,3.944962739944458
179,751,1.0,3.109851121902466
109,12,4.0,4.309155464172363
235,1,4.0,3.817673921585083
455,161,4.0,3.4480175971984863
315,168,4.0,4.276323318481445
99,121,3.0,3.529045820236206
57,264,2.0,2.9626588821411133
531,300,4.0,3.837660551071167
391,646,4.0,4.165548801422119
677,740,1.0,3.638444662094116
527,285,5.0,4.089102745056152
297,154,5.0,3.6218512058258057
263,520,3.0,4.3639140129089355
883,956,4.0,3.8908045291900635
582,547,4.0,3.267810583114624
561,65,3.0,2.930072069168091
616,355,4.0,3.1410274505615234
480,165,5.0,3.9119575023651123
178,566,4.0,3.566398859024048
94,1222,3.0,2.8791985511779785
655,282,3.0,3.125398874282837
90,177,5.0,4.276654243469238
59,425,4.0,4.084227085113525
354,171,4.0,4.016843318939209
532,7,5.0,4.4377593994140625
385,100,4.0,3.6481685638427734
332,763,5.0,4.187953948974609
44,95,4.0,3.7805192470550537
374,280,3.0,3.07413387298584
459,651,3.0,4.1549811363220215
201,1267,3.0,2.513462781906128
281,331,3.0,3.63676381111145
795,123,4.0,2.636777877807617
474,378,4.0,3.994051218032837
85,281,3.0,2.83520770072937
453,117,4.0,3.387171983718872
887,240,5.0,3.3538787364959717
170,876,3.0,3.399868965148926
838,96,4.0,4.237297534942627
301,51,4.0,3.451792001724243
854,98,4.0,3.753284215927124
338,170,5.0,4.088056564331055
806,1018,4.0,3.382272481918335
537,697,2.0,2.7393414974212646
908,479,4.0,3.7794275283813477
454,686,2.0,2.91168212890625
749,204,4.0,3.873356580734253
13,179,2.0,3.867870569229126
650,4,3.0,3.0480873584747314
887,1279,3.0,3.564748764038086
763,190,4.0,4.374544620513916
487,686,4.0,3.9108574390411377
423,620,4.0,3.112915515899658
766,672,3.0,2.0501697063446045
330,559,3.0,4.137214183807373
902,754,3.0,2.8291380405426025
654,313,5.0,4.417852878570557
474,77,5.0,3.546645402908325
618,203,3.0,3.5898499488830566
43,8,4.0,4.162557125091553
646,880,3.0,2.6384713649749756
100,289,3.0,2.576953649520874
592,508,5.0,3.9047062397003174
168,288,1.0,3.3491270542144775
602,118,3.0,3.765373945236206
303,1258,2.0,2.4001967906951904
782,873,4.0,2.515324115753174
382,531,4.0,3.4948630332946777
747,1375,4.0,4.123873710632324
934,1449,5.0,4.898837089538574
763,132,3.0,4.2182087898254395
550,300,4.0,3.8495566844940186
135,603,4.0,4.216084957122803
535,608,4.0,3.9641149044036865
542,509,4.0,3.846712350845337
13,270,4.0,3.3980066776275635
882,294,4.0,3.515212059020996
655,815,2.0,2.6612918376922607
234,144,3.0,3.380765676498413
493,176,5.0,4.171746730804443
887,180,4.0,4.459386825561523
699,288,3.0,3.2162556648254395
234,77,3.0,2.699037790298462
760,723,2.0,3.03332781791687
426,432,3.0,3.6949169635772705
87,578,3.0,3.642613649368286
899,195,4.0,3.7699382305145264
103,471,4.0,3.4883792400360107
207,143,4.0,3.418991804122925
537,1404,2.0,2.667612314224243
495,796,4.0,3.5482370853424072
385,346,3.0,3.2201387882232666
312,503,5.0,3.9551279544830322
585,1005,4.0,3.7928736209869385
788,1459,2.0,3.6935346126556396
659,89,4.0,4.336774826049805
640,941,5.0,3.799675226211548
246,585,1.0,1.9177882671356201
511,292,5.0,3.9516007900238037
655,88,2.0,2.8594110012054443
634,283,2.0,3.7542223930358887
327,9,5.0,3.424297571182251
286,251,5.0,4.632208347320557
843,153,3.0,2.870140314102173
18,516,5.0,4.071829319000244
398,132,5.0,3.9124324321746826
699,532,3.0,3.312509298324585
906,1011,4.0,3.4710967540740967
94,144,3.0,4.037075519561768
152,121,5.0,4.394024848937988
308,97,1.0,3.785015344619751
936,818,4.0,3.262401819229126
285,357,5.0,4.342977046966553
919,423,5.0,3.7245099544525146
397,12,4.0,4.256775379180908
325,511,4.0,4.012083530426025
862,252,3.0,3.7343547344207764
437,301,3.0,3.2981314659118652
774,986,1.0,1.4203822612762451
246,413,4.0,1.9947633743286133
387,1097,3.0,3.276033639907837
145,122,1.0,2.2855546474456787
457,215,4.0,4.207199573516846
56,94,4.0,3.439587354660034
399,31,3.0,3.1685993671417236
285,222,4.0,3.6081960201263428
457,94,3.0,3.679302453994751
429,467,4.0,3.721991539001465
435,12,5.0,4.133022785186768
661,304,2.0,3.591758966445923
363,426,2.0,2.518223524093628
390,181,4.0,4.278141498565674
206,683,1.0,1.746978759765625
72,198,5.0,4.119566917419434
588,1053,3.0,3.361736536026001
812,678,4.0,3.1072049140930176
130,342,3.0,3.647986650466919
276,1220,4.0,3.44244122505188
145,202,4.0,3.788759708404541
378,98,5.0,4.207029342651367
72,237,3.0,3.6087048053741455
669,310,4.0,3.1850931644439697
540,270,4.0,3.659534215927124
43,102,4.0,3.458371639251709
542,585,2.0,2.4273579120635986
788,521,4.0,3.6732614040374756
871,271,5.0,3.278515577316284
109,183,5.0,3.921605348587036
43,54,3.0,3.4377238750457764
57,473,3.0,3.314654588699341
749,125,5.0,3.5286948680877686
749,951,4.0,2.6892459392547607
184,410,3.0,3.1978611946105957
7,616,4.0,4.037620544433594
773,13,4.0,3.1216442584991455
854,482,3.0,3.6698076725006104
378,531,4.0,3.857158899307251
234,500,3.0,3.266500234603882
14,492,4.0,4.02076530456543
214,346,3.0,3.732048273086548
566,235,3.0,2.6550958156585693
401,429,3.0,3.4614994525909424
606,194,4.0,4.355872631072998
141,288,3.0,3.5244429111480713
780,300,3.0,3.45784854888916
846,142,3.0,3.1325721740722656
97,192,1.0,4.497941970825195
758,1001,5.0,2.590606927871704
653,265,4.0,3.132219076156616
747,479,5.0,4.514829158782959
234,132,4.0,3.5240485668182373
1,15,5.0,3.506901979446411
186,38,5.0,3.087235450744629
500,325,3.0,2.538881301879883
586,76,5.0,3.3097610473632812
881,663,5.0,3.686483860015869
692,100,4.0,4.0175371170043945
747,664,2.0,4.085938930511475
454,58,4.0,2.6867616176605225
316,50,1.0,3.783564805984497
622,135,4.0,4.125210285186768
873,879,2.0,2.5061707496643066
840,606,4.0,4.52387809753418
790,202,3.0,3.483604669570923
843,127,2.0,3.27885365486145
125,66,5.0,3.438553810119629
716,498,5.0,4.496276378631592
886,388,1.0,2.3655834197998047
472,385,5.0,4.58932638168335
275,118,3.0,2.7450788021087646
778,246,2.0,3.220111131668091
64,447,4.0,3.394543409347534
876,523,5.0,4.216736793518066
387,98,4.0,3.9323360919952393
230,140,3.0,3.409334897994995
890,185,5.0,4.1547675132751465
339,286,5.0,3.9462130069732666
587,937,4.0,3.2956383228302
46,286,5.0,4.035389423370361
417,871,2.0,2.3317673206329346
494,199,4.0,4.267767429351807
18,213,5.0,4.041144371032715
606,591,3.0,3.9248526096343994
429,631,4.0,3.517343044281006
92,386,3.0,2.681427478790283
930,763,3.0,2.644028902053833
385,79,3.0,3.581648588180542
908,963,4.0,3.784795045852661
537,670,2.0,2.3060367107391357
268,449,2.0,2.673584222793579
180,423,4.0,3.9827182292938232
766,382,3.0,3.2448251247406006
892,465,4.0,4.040780067443848
280,934,2.0,3.088268756866455
309,1025,5.0,2.7154757976531982
141,823,3.0,3.0975358486175537
148,474,5.0,4.305172443389893
144,281,3.0,2.9122583866119385
122,1045,4.0,3.5958173274993896
387,588,3.0,3.548523187637329
629,467,5.0,4.187040328979492
59,479,5.0,4.480960845947266
498,64,4.0,4.072266101837158
28,11,4.0,3.920362710952759
655,27,3.0,2.5480716228485107
864,577,3.0,2.6943295001983643
233,89,3.0,4.643146514892578
279,805,3.0,3.9102942943573
682,111,3.0,3.295060873031616
935,181,4.0,4.280362129211426
104,9,2.0,3.027794599533081
768,1061,1.0,2.6193511486053467
886,941,2.0,2.785189151763916
222,475,4.0,3.7354636192321777
472,760,5.0,3.7210419178009033
650,1419,3.0,1.7720643281936646
764,191,3.0,4.35945987701416
461,285,4.0,3.8755295276641846
470,874,3.0,3.350325345993042
106,191,5.0,4.291977882385254
48,185,4.0,4.031260967254639
92,455,2.0,3.173692464828491
11,213,4.0,3.8896501064300537
913,423,3.0,3.448410987854004
881,441,2.0,2.5143494606018066
256,127,4.0,4.973470687866211
148,114,5.0,4.350955963134766
130,800,4.0,3.7894532680511475
201,148,1.0,2.7657740116119385
707,212,4.0,3.108929395675659
559,261,3.0,2.074181079864502
416,625,5.0,3.6755881309509277
480,183,4.0,3.695614814758301
269,959,5.0,2.9499094486236572
259,271,3.0,3.6001598834991455
474,671,3.0,4.088393688201904
71,248,3.0,3.608124017715454
291,50,5.0,4.734179496765137
141,7,5.0,3.9029953479766846
474,481,4.0,4.218307018280029
21,563,2.0,2.1166398525238037
665,496,3.0,4.07562780380249
472,78,1.0,3.5057241916656494
13,315,5.0,3.9268686771392822
215,99,4.0,3.7274692058563232
682,300,2.0,3.375852108001709
396,678,3.0,3.0855019092559814
256,487,5.0,4.689662933349609
234,921,4.0,3.444319725036621
566,219,1.0,3.10648775100708
303,325,1.0,2.6548497676849365
405,1101,3.0,2.2898108959198
606,841,3.0,3.1536214351654053
389,161,2.0,3.6394612789154053
76,385,2.0,3.5041472911834717
593,501,2.0,3.557661771774292
593,393,4.0,3.441016912460327
391,648,5.0,4.031013488769531
833,24,4.0,2.9728105068206787
727,831,3.0,2.006096601486206
301,232,4.0,3.3258845806121826
769,831,1.0,2.227067470550537
463,302,5.0,3.683377981185913
882,203,4.0,4.283645153045654
639,990,1.0,2.324746608734131
339,504,5.0,4.167834281921387
13,341,2.0,3.1471126079559326
332,1016,5.0,4.331366539001465
405,712,1.0,1.8859748840332031
64,154,4.0,3.7762510776519775
807,543,2.0,3.9251482486724854
718,284,4.0,3.452272653579712
22,161,4.0,3.5634944438934326
303,1021,4.0,3.9545094966888428
757,27,4.0,3.0474023818969727
342,297,3.0,3.9351279735565186
877,176,5.0,4.129391193389893
193,412,3.0,2.1024844646453857
647,73,5.0,3.6078052520751953
727,810,2.0,2.4863126277923584
1,239,4.0,3.425734758377075
14,628,5.0,3.7597200870513916
537,1025,1.0,1.7445111274719238
239,45,5.0,4.223952293395996
642,56,4.0,4.454866409301758
246,50,5.0,3.9368793964385986
198,191,4.0,3.8773081302642822
690,763,4.0,3.0126454830169678
846,748,3.0,3.2840678691864014
222,810,2.0,2.4696667194366455
458,178,4.0,4.310420989990234
357,687,3.0,3.052691698074341
365,894,1.0,1.8463819026947021
276,200,5.0,3.984015703201294
880,327,3.0,3.5183823108673096
492,86,3.0,3.3832204341888428
665,535,4.0,3.111116886138916
94,347,5.0,3.5705058574676514
592,333,5.0,3.847243070602417
537,966,2.0,3.2579855918884277
504,163,4.0,3.728250503540039
846,357,4.0,4.551044464111328
617,519,3.0,3.217010736465454
864,184,4.0,3.747556209564209
911,199,3.0,4.1422553062438965
444,245,4.0,3.2610599994659424
622,184,5.0,3.3929481506347656
240,358,2.0,3.121076822280884
288,269,5.0,3.969062566757202
711,222,3.0,3.8352887630462646
779,195,5.0,4.196706771850586
366,413,4.0,3.5093047618865967
69,12,5.0,4.459900379180908
94,823,3.0,2.9485366344451904
129,307,2.0,2.822044610977173
193,689,2.0,2.8649470806121826
620,740,5.0,3.9705984592437744
498,522,3.0,3.471046209335327
537,378,2.0,2.9512083530426025
528,484,3.0,4.206909656524658
573,836,3.0,3.258385419845581
756,473,3.0,2.7587177753448486
425,690,1.0,2.928290843963623
393,365,3.0,3.4689486026763916
657,327,1.0,3.015465021133423
394,250,4.0,3.9401185512542725
180,367,1.0,3.736194133758545
749,986,3.0,2.7245779037475586
711,48,4.0,4.3514533042907715
145,216,5.0,4.063194274902344
334,945,4.0,3.769268035888672
339,663,5.0,4.154594421386719
588,12,5.0,4.497625827789307
699,1187,4.0,3.5420382022857666
343,660,3.0,4.1257758140563965
311,170,5.0,4.397409439086914
389,82,4.0,3.812209129333496
497,810,3.0,2.6412696838378906
586,69,4.0,3.7582521438598633
268,1228,1.0,2.079761028289795
758,889,3.0,4.095088958740234
896,133,2.0,3.498351812362671
215,144,4.0,3.974271535873413
125,508,1.0,3.620135545730591
66,248,4.0,3.7934536933898926
181,1085,1.0,1.4661014080047607
21,184,4.0,2.9688475131988525
815,79,4.0,4.120840549468994
42,679,2.0,3.2747561931610107
940,474,3.0,3.953021764755249
338,708,5.0,3.274947166442871
543,568,3.0,3.4042489528656006
307,403,3.0,3.422790288925171
409,1070,4.0,3.661590814590454
42,423,5.0,3.956223249435425
421,164,4.0,3.4108126163482666
153,265,4.0,3.2529375553131104
541,732,3.0,3.933593511581421
373,735,5.0,3.9591567516326904
535,185,4.0,4.113222122192383
71,98,4.0,4.132144927978516
790,153,3.0,3.5457537174224854
13,872,3.0,2.6758058071136475
244,763,4.0,3.5087454319000244
452,526,4.0,3.694826602935791
59,527,5.0,4.2054338455200195
253,82,3.0,3.897529363632202
430,42,3.0,3.544837236404419
726,832,5.0,1.912334680557251
44,240,4.0,2.8302195072174072
618,724,3.0,3.076021671295166
654,588,4.0,3.910041093826294
788,317,4.0,3.8354902267456055
871,289,3.0,3.0602715015411377
270,703,4.0,4.453497409820557
73,202,2.0,3.6245477199554443
693,568,4.0,3.005284547805786
117,475,5.0,4.3460259437561035
57,405,4.0,3.3921806812286377
508,238,4.0,3.723144292831421
695,307,4.0,3.456298351287842
412,427,4.0,4.244529724121094
807,1483,4.0,3.800098419189453
42,559,2.0,3.38684344291687
921,252,4.0,2.656426191329956
916,219,3.0,3.1116178035736084
934,664,4.0,3.866953134536743
144,4,4.0,3.464759588241577
862,177,4.0,4.587306976318359
244,13,4.0,3.648043632507324
392,127,5.0,4.66884183883667
436,411,4.0,3.2070133686065674
624,831,3.0,2.5416643619537354
169,705,5.0,3.9224908351898193
181,236,1.0,1.6146197319030762
184,238,4.0,3.7921652793884277
823,187,5.0,4.429505825042725
15,9,4.0,3.265320062637329
824,304,3.0,3.3015429973602295
325,82,3.0,3.4734182357788086
872,237,4.0,3.8400375843048096
867,655,4.0,4.285128116607666
458,742,4.0,3.4338269233703613
276,88,3.0,3.580183267593384
442,2,3.0,2.7108094692230225
683,187,5.0,3.7841832637786865
627,549,3.0,3.425869941711426
894,324,3.0,3.1722118854522705
889,204,4.0,3.6132967472076416
700,144,4.0,3.62577748298645
374,164,4.0,3.4855377674102783
751,269,5.0,3.891845941543579
330,432,4.0,4.600370407104492
398,144,5.0,3.768468141555786
932,86,4.0,4.1447529792785645
271,224,4.0,3.77211594581604
711,905,3.0,3.5980708599090576
452,501,3.0,3.0663974285125732
291,773,3.0,3.339609384536743
747,357,5.0,4.642152309417725
280,392,5.0,3.8060030937194824
301,451,4.0,3.2350385189056396
117,405,5.0,3.6642582416534424
271,482,5.0,3.9954793453216553
409,205,3.0,3.846177816390991
457,356,4.0,3.788505792617798
293,152,4.0,3.0564610958099365
234,747,3.0,2.9007956981658936
346,237,4.0,3.4544999599456787
463,283,5.0,3.211303234100342
699,3,3.0,2.893340826034546
13,91,2.0,3.463865041732788
295,420,4.0,4.211573600769043
351,1024,4.0,4.345978260040283
882,265,5.0,4.290512561798096
94,190,5.0,4.337376117706299
354,882,4.0,3.462536096572876
660,90,2.0,2.303150177001953
514,97,5.0,3.764033079147339
375,566,4.0,3.5683953762054443
255,1034,1.0,1.700866460800171
414,300,4.0,3.9203784465789795
752,539,4.0,2.2519354820251465
813,892,1.0,2.3502752780914307
592,427,5.0,4.564703464508057
575,531,1.0,3.0714519023895264
532,26,3.0,4.2272443771362305
454,528,4.0,3.3314335346221924
38,257,1.0,4.307764053344727
417,1215,2.0,1.694149136543274
807,1050,5.0,3.839721918106079
320,202,4.0,4.074735164642334
327,589,3.0,3.761993169784546
634,248,4.0,3.71756649017334
98,47,4.0,3.443047285079956
121,174,3.0,4.107231616973877
102,363,2.0,2.105212450027466
271,602,3.0,3.542656660079956
510,876,2.0,2.452254056930542
360,423,4.0,3.941561460494995
774,64,3.0,3.0832936763763428
92,40,3.0,2.8668181896209717
583,655,5.0,4.269974231719971
458,194,2.0,3.9158670902252197
726,255,2.0,2.898411989212036
917,50,3.0,4.474282741546631
378,97,5.0,3.701615571975708
733,1115,3.0,2.928227186203003
62,72,3.0,2.869697332382202
57,477,4.0,3.364133834838867
524,52,4.0,3.7095067501068115
113,273,4.0,3.9427950382232666
177,238,3.0,3.624196767807007
452,615,3.0,3.6824069023132324
524,818,3.0,2.818821668624878
313,193,4.0,3.902700662612915
28,441,2.0,2.9127743244171143
537,457,1.0,1.0848233699798584
119,616,2.0,4.131229877471924
326,230,3.0,3.1166512966156006
868,156,3.0,3.5255377292633057
381,1115,4.0,3.4874322414398193
334,179,4.0,3.9098217487335205
774,101,2.0,1.9520463943481445
168,1278,3.0,3.348522901535034
892,484,5.0,4.664778232574463
676,265,5.0,3.8630874156951904
863,900,3.0,3.683702230453491
442,26,3.0,3.1332128047943115
919,58,5.0,3.438307046890259
71,52,4.0,3.748767614364624
911,216,4.0,3.9750359058380127
226,513,3.0,4.467552661895752
774,117,2.0,2.1775989532470703
236,216,5.0,3.7849433422088623
425,751,2.0,2.877650499343872
880,379,4.0,3.2358195781707764
593,723,4.0,3.309004545211792
801,245,3.0,4.032051086425781
125,813,1.0,4.006164073944092
13,271,1.0,2.992107629776001
303,655,5.0,3.984604597091675
332,122,5.0,3.1166396141052246
201,15,3.0,3.1250321865081787
932,617,4.0,3.884300947189331
200,103,2.0,3.008692741394043
863,242,4.0,3.9898722171783447
450,1303,4.0,2.6341774463653564
897,528,3.0,4.472009181976318
378,411,3.0,2.8323371410369873
37,930,3.0,2.756319284439087
497,1047,3.0,2.5670430660247803
262,11,4.0,3.6377780437469482
712,724,3.0,3.73905086517334
601,840,2.0,2.186352014541626
768,16,3.0,2.911900758743286
133,243,3.0,1.90895414352417
592,95,4.0,3.9990971088409424
618,1058,3.0,2.764819860458374
634,269,4.0,4.004763603210449
939,326,5.0,4.282224178314209
14,313,2.0,4.573151111602783
141,120,4.0,2.4403746128082275
896,546,2.0,2.4164390563964844
92,401,3.0,2.615846633911133
659,483,4.0,4.585954189300537
276,384,3.0,2.8988735675811768
704,381,3.0,3.4232442378997803
399,975,2.0,2.584775447845459
922,834,1.0,1.9132978916168213
883,421,5.0,3.804602861404419
234,358,1.0,2.0560269355773926
592,246,5.0,4.211522579193115
665,248,4.0,3.6424496173858643
562,194,5.0,3.9546711444854736
95,648,3.0,4.1194257736206055
87,382,3.0,3.9659340381622314
834,288,5.0,3.5374131202697754
435,84,2.0,2.5469624996185303
498,212,3.0,2.8413360118865967
775,344,5.0,3.91680645942688
884,179,5.0,3.823776960372925
574,288,4.0,3.2358696460723877
330,554,3.0,3.7099499702453613
910,117,4.0,3.103341817855835
235,346,4.0,3.6377551555633545
318,289,3.0,3.177985191345215
92,476,2.0,2.885209798812866
275,418,3.0,3.075544834136963
370,172,4.0,4.0028300285339355
660,755,2.0,2.4408819675445557
321,224,3.0,3.6323254108428955
224,678,3.0,2.2535860538482666
757,574,3.0,2.0515739917755127
342,531,3.0,3.7858078479766846
399,265,3.0,3.519744396209717
451,989,1.0,2.4989538192749023
557,1244,2.0,3.1996910572052
144,223,4.0,4.100586414337158
222,403,3.0,3.0935733318328857
465,511,4.0,3.7712419033050537
924,285,4.0,4.137716770172119
457,98,5.0,4.696926116943359
527,153,5.0,3.649042844772339
122,11,1.0,4.11177921295166
537,337,3.0,2.5794436931610107
499,181,3.0,3.9355309009552
378,450,3.0,2.4636473655700684
311,431,4.0,3.641958475112915
367,288,5.0,4.125100612640381
342,220,1.0,3.214069366455078
20,176,2.0,3.576972246170044
270,265,4.0,4.788690090179443
416,795,2.0,2.7173569202423096
201,230,3.0,3.1452901363372803
634,477,3.0,3.1766979694366455
198,241,3.0,3.1603477001190186
595,293,4.0,3.825035333633423
910,182,4.0,3.5464022159576416
894,166,4.0,4.225376129150391
406,99,5.0,3.4930310249328613
464,176,4.0,4.497840404510498
790,583,2.0,2.8953096866607666
412,150,4.0,3.7982914447784424
699,222,3.0,3.5002188682556152
702,230,4.0,2.8743765354156494
344,322,2.0,2.9845144748687744
5,427,3.0,4.005833148956299
13,813,1.0,3.829970121383667
67,1093,5.0,3.727735757827759
489,259,2.0,3.303730010986328
811,895,5.0,3.86311936378479
276,734,1.0,2.6997101306915283
370,425,3.0,3.7411911487579346
543,586,3.0,2.377584218978882
711,217,4.0,3.3384320735931396
548,696,4.0,3.443704128265381
271,1411,2.0,2.594393730163574
840,1214,1.0,2.974539041519165
165,15,5.0,3.723437547683716
761,289,2.0,2.6167211532592773
454,70,4.0,2.8997409343719482
693,572,2.0,2.285585641860962
654,109,3.0,3.4397547245025635
654,196,5.0,4.032352924346924
429,999,2.0,2.9065682888031006
374,1014,1.0,3.1335175037384033
360,744,4.0,3.481062889099121
882,176,4.0,4.409633636474609
378,22,5.0,4.219604015350342
5,404,2.0,3.3310282230377197
370,100,4.0,3.9729955196380615
443,271,4.0,3.3953559398651123
174,823,4.0,3.067134141921997
94,154,5.0,3.967144250869751
308,226,3.0,3.4545109272003174
622,217,4.0,3.185805559158325
280,215,3.0,3.948258638381958
184,527,4.0,4.016133785247803
600,174,4.0,4.412163734436035
415,322,4.0,3.3850786685943604
792,591,2.0,3.472184896469116
239,530,5.0,4.408714771270752
472,1034,3.0,3.3848352432250977
216,416,3.0,3.5796353816986084
931,286,5.0,3.7098305225372314
751,172,5.0,4.03656530380249
60,272,4.0,4.484496593475342
189,526,4.0,4.236203670501709
888,792,5.0,4.006495952606201
296,242,4.0,4.54589319229126
397,474,5.0,4.219689846038818
503,546,4.0,3.122175455093384
239,133,3.0,4.1642045974731445
613,478,5.0,4.567712306976318
326,493,5.0,3.8234760761260986
833,654,5.0,3.7037513256073
198,474,5.0,3.8907930850982666
158,116,5.0,3.965989828109741
303,200,4.0,3.8580448627471924
1,99,3.0,3.616295576095581
13,786,3.0,2.693992853164673
315,466,1.0,3.983869791030884
782,288,4.0,3.013329267501831
151,224,5.0,4.136526584625244
528,239,5.0,3.4949283599853516
738,423,4.0,3.698284864425659
710,1101,4.0,3.5391080379486084
264,856,3.0,4.419432163238525
92,778,4.0,3.6634209156036377
627,58,5.0,3.265230894088745
373,24,4.0,3.6266939640045166
293,206,4.0,3.0346062183380127
783,260,4.0,3.2461087703704834
394,179,5.0,4.544765949249268
831,479,4.0,4.162723064422607
846,423,4.0,3.9366867542266846
342,746,4.0,3.5980823040008545
615,179,4.0,4.077404022216797
293,845,2.0,2.772869825363159
648,559,2.0,3.0444936752319336
105,286,4.0,3.4870283603668213
593,685,3.0,3.3892228603363037
939,1023,4.0,3.643354654312134
881,21,3.0,2.498368501663208
344,22,3.0,4.198736190795898
269,65,4.0,2.957923650741577
887,496,4.0,4.573254585266113
82,191,4.0,3.805283784866333
490,993,1.0,2.6781461238861084
897,521,5.0,4.128588676452637
456,655,3.0,3.7531328201293945
280,233,4.0,3.501796245574951
541,755,5.0,3.6018178462982178
129,311,3.0,3.1461479663848877
884,463,5.0,3.562488317489624
58,923,5.0,4.284234523773193
870,549,2.0,3.3214447498321533
159,1132,5.0,3.13250732421875
502,680,3.0,2.628980875015259
92,15,3.0,3.5023975372314453
104,302,5.0,3.4589955806732178
385,1154,5.0,2.3043577671051025
399,291,3.0,2.9347078800201416
875,135,4.0,4.1850738525390625
210,301,4.0,3.6619677543640137
629,322,3.0,3.445580244064331
587,315,4.0,3.8937923908233643
798,845,5.0,3.403409957885742
303,1157,2.0,2.9958107471466064
771,408,5.0,4.5422282218933105
786,404,4.0,3.712926149368286
627,76,3.0,3.1956043243408203
804,159,4.0,3.352614164352417
405,1549,1.0,2.0485939979553223
835,673,4.0,3.980463743209839
402,32,3.0,4.018289089202881
346,470,3.0,3.441849708557129
495,218,4.0,3.9671471118927
456,568,2.0,3.4007275104522705
331,653,3.0,3.8945467472076416
66,21,1.0,2.9192473888397217
262,125,3.0,3.234541654586792
715,685,3.0,3.1536285877227783
409,499,3.0,3.961743116378784
6,538,2.0,3.167633295059204
708,294,3.0,2.932598352432251
409,518,1.0,3.646350860595703
665,186,4.0,3.8989336490631104
413,14,5.0,4.036183834075928
401,316,5.0,3.463658094406128
455,343,4.0,2.8468337059020996
23,597,3.0,2.8698313236236572
591,285,5.0,4.093460559844971
545,395,4.0,2.5518646240234375
378,441,3.0,2.780710220336914
594,222,4.0,3.1399831771850586
66,237,4.0,3.696553945541382
442,188,3.0,3.2470850944519043
489,908,5.0,3.1098215579986572
387,477,1.0,2.833653688430786
913,169,4.0,4.229491233825684
532,168,5.0,4.670968055725098
714,1014,3.0,3.3976247310638428
495,392,5.0,4.060398578643799
7,593,5.0,3.647984266281128
210,98,5.0,4.606931209564209
246,250,4.0,2.893623113632202
935,300,4.0,3.9772121906280518
222,1438,4.0,1.8333508968353271
345,660,5.0,3.9569780826568604
499,347,4.0,3.427457809448242
393,419,4.0,3.757377862930298
665,293,4.0,3.8523943424224854
65,77,5.0,3.3560996055603027
896,422,3.0,2.032945394515991
382,168,4.0,3.6358745098114014
648,1092,1.0,2.3637895584106445
262,1013,2.0,2.1279447078704834
775,269,4.0,4.034853935241699
522,200,4.0,4.054771423339844
94,159,3.0,3.3327112197875977
62,171,4.0,3.7579004764556885
756,99,3.0,3.3406741619110107
881,742,4.0,3.3273565769195557
451,328,5.0,3.0663797855377197
320,95,3.0,4.0738983154296875
916,451,3.0,2.978050947189331
535,338,3.0,2.7056221961975098
425,174,3.0,3.8334171772003174
49,50,1.0,3.6634104251861572
237,83,4.0,4.2212815284729
643,410,4.0,3.1740243434906006
59,951,3.0,2.8319406509399414
780,423,5.0,3.6217119693756104
412,634,5.0,3.5528082847595215
790,208,3.0,3.7372629642486572
91,338,4.0,2.7557263374328613
648,231,2.0,2.659120798110962
601,928,1.0,2.3741025924682617
405,735,5.0,2.3056421279907227
880,4,4.0,3.7929468154907227
442,150,4.0,3.4763448238372803
504,240,1.0,2.9829485416412354
561,98,4.0,3.6243674755096436
435,627,3.0,2.883585214614868
826,385,5.0,4.120151996612549
682,211,4.0,3.7706730365753174
880,217,4.0,3.3701841831207275
268,384,3.0,2.4226508140563965
664,631,4.0,3.6191391944885254
274,71,4.0,4.224854469299316
567,96,4.0,4.0769944190979
279,1321,4.0,2.742638349533081
269,723,1.0,2.5235683917999268
840,196,4.0,4.209681510925293
85,647,4.0,4.222749710083008
883,224,4.0,4.1055803298950195
222,96,5.0,3.836949348449707
434,815,4.0,3.6184513568878174
826,11,4.0,4.252368927001953
569,405,3.0,3.116820812225342
114,56,3.0,3.7430360317230225
435,1103,4.0,3.8638508319854736
299,1103,4.0,3.853351354598999
733,1129,4.0,3.4652178287506104
736,253,5.0,2.9909889698028564
52,463,5.0,4.311492919921875
911,435,5.0,3.8951199054718018
363,47,5.0,3.2510526180267334
494,528,3.0,4.282294750213623
889,96,4.0,3.9179089069366455
146,262,4.0,3.9512836933135986
637,150,1.0,3.0313913822174072
835,281,4.0,3.5277206897735596
829,276,4.0,3.3951761722564697
810,342,5.0,4.0279860496521
919,596,3.0,3.2868082523345947
768,288,4.0,3.116896629333496
409,136,4.0,3.9761717319488525
199,1354,1.0,1.935833215713501
429,628,3.0,3.3669984340667725
303,294,4.0,3.047445058822632
622,1207,2.0,2.4498023986816406
690,223,4.0,3.959454298019409
770,15,5.0,4.518530368804932
170,328,3.0,4.048447132110596
158,511,5.0,4.503089427947998
664,431,2.0,3.445981979370117
87,228,5.0,4.092825889587402
537,506,3.0,3.019378662109375
148,529,5.0,4.022170543670654
112,325,1.0,3.054859161376953
303,559,4.0,3.1517364978790283
373,727,4.0,3.5362894535064697
101,284,4.0,2.898026466369629
693,130,1.0,1.5664985179901123
707,719,3.0,2.459207534790039
523,168,4.0,4.656544208526611
13,86,1.0,3.753997564315796
536,679,4.0,3.3808748722076416
59,559,5.0,3.3698770999908447
804,208,5.0,4.062714099884033
276,100,5.0,4.255870342254639
254,629,2.0,2.9629199504852295
543,1073,3.0,3.7329013347625732
94,1011,4.0,3.344010591506958
22,167,3.0,3.037787675857544
573,134,4.0,4.109229564666748
655,1045,3.0,2.6589486598968506
136,15,4.0,3.9865691661834717
293,122,3.0,1.8783628940582275
561,1210,1.0,2.092006206512451
757,17,3.0,3.132312536239624
429,1016,4.0,3.3013975620269775
887,288,4.0,3.8831732273101807
721,872,3.0,3.285365343093872
212,427,4.0,4.180304050445557
189,294,5.0,3.2741870880126953
45,276,5.0,3.9120876789093018
59,243,1.0,2.609616994857788
102,993,2.0,2.636298656463623
450,611,5.0,4.4452714920043945
185,181,4.0,4.10584831237793
187,792,5.0,3.776705741882324
865,763,1.0,2.332103967666626
699,283,4.0,3.5773212909698486
174,384,1.0,3.010535478591919
83,127,4.0,4.43039083480835
716,260,1.0,2.7773826122283936
517,823,2.0,2.7950565814971924
308,520,4.0,4.207791805267334
263,99,3.0,3.8858883380889893
563,220,4.0,3.675098180770874
672,25,5.0,3.11503267288208
308,141,3.0,3.65775465965271
286,142,4.0,3.4724326133728027
466,679,3.0,2.8361833095550537
351,258,5.0,4.4129228591918945
239,382,3.0,3.8423092365264893
509,294,2.0,2.294137716293335
640,1016,3.0,4.1961894035339355
187,651,5.0,4.12428092956543
184,1014,2.0,3.188502788543701
699,16,3.0,3.085150718688965
815,485,4.0,4.028341293334961
665,1,4.0,3.7979393005371094
937,508,1.0,3.3557374477386475
290,625,4.0,3.074320077896118
315,211,4.0,4.272093296051025
797,300,2.0,3.17433762550354
368,11,4.0,3.6740705966949463
159,756,4.0,3.1670172214508057
536,432,4.0,3.98827862739563
887,443,4.0,4.308722496032715
60,673,4.0,3.832618474960327
232,357,4.0,4.408169746398926
871,50,5.0,4.411087989807129
5,457,1.0,1.4578973054885864
363,571,1.0,2.3242180347442627
360,187,4.0,4.315424919128418
636,118,5.0,3.9999163150787354
823,87,5.0,4.237367153167725
757,333,4.0,3.4849693775177
600,181,4.0,4.084262371063232
366,853,5.0,4.517712116241455
405,8,4.0,2.5736114978790283
118,79,5.0,4.867656230926514
880,38,3.0,3.124756097793579
781,232,3.0,3.2483365535736084
234,506,4.0,3.254041910171509
293,183,4.0,3.3762166500091553
806,82,4.0,3.7853424549102783
87,182,4.0,4.3267436027526855
639,153,3.0,2.9845433235168457
234,99,5.0,3.1317694187164307
290,22,5.0,3.998387098312378
928,173,4.0,4.8283514976501465
632,168,4.0,3.960026502609253
654,408,5.0,4.630222320556641
328,182,2.0,3.9133646488189697
593,159,4.0,3.366931438446045
922,431,4.0,3.366976499557495
561,1024,3.0,3.040632963180542
624,126,4.0,4.057166576385498
752,322,1.0,2.814744710922241
682,1178,1.0,2.2846810817718506
398,173,4.0,4.049586772918701
198,237,2.0,3.2176167964935303
293,15,3.0,3.0029642581939697
738,357,4.0,4.312643527984619
354,473,3.0,3.0871989727020264
74,121,4.0,3.3993256092071533
345,238,5.0,3.8999321460723877
889,385,3.0,3.5010759830474854
543,188,4.0,3.411572217941284
253,895,4.0,3.228278398513794
727,33,3.0,3.1575090885162354
456,845,3.0,3.121955633163452
574,258,5.0,3.649696111679077
249,271,4.0,3.647108793258667
416,431,4.0,3.843465566635132
378,11,3.0,3.8144943714141846
381,1407,3.0,2.5641653537750244
330,393,4.0,4.280143737792969
329,512,4.0,3.8829329013824463
274,69,5.0,4.237361431121826
711,345,4.0,3.572528123855591
339,343,3.0,3.333143949508667
87,651,4.0,4.339240074157715
145,559,2.0,3.1819591522216797
881,15,3.0,3.3568036556243896
125,98,5.0,4.216951847076416
704,134,5.0,4.164669990539551
364,269,4.0,4.33614444732666
790,405,3.0,2.937934160232544
234,284,3.0,2.5459225177764893
405,1193,1.0,2.3392677307128906
478,710,5.0,3.4961540699005127
693,281,3.0,2.37734055519104
339,139,3.0,3.1487128734588623
755,259,3.0,2.4513463973999023
747,429,4.0,4.3123884201049805
470,824,4.0,2.6612961292266846
21,322,3.0,2.6541907787323
620,7,4.0,4.216689109802246
412,211,4.0,3.968259572982788
562,190,4.0,4.15857458114624
269,497,3.0,3.5199060440063477
715,50,5.0,4.305131435394287
303,250,4.0,3.3719301223754883
398,1020,3.0,3.687572479248047
896,481,4.0,3.4668753147125244
490,1386,4.0,2.050100326538086
44,257,4.0,3.9318439960479736
838,313,5.0,4.50779390335083
17,245,2.0,2.4220659732818604
210,300,4.0,4.001801490783691
301,105,3.0,2.3672447204589844
903,127,5.0,4.450014591217041
153,325,2.0,1.9358417987823486
92,159,4.0,3.1542294025421143
637,282,3.0,2.9084556102752686
376,357,4.0,4.32902193069458
779,235,4.0,3.3638198375701904
880,720,2.0,3.107295274734497
393,1179,4.0,2.0859081745147705
229,313,2.0,3.8186473846435547
87,433,3.0,4.077132701873779
224,555,3.0,1.4450170993804932
942,95,5.0,4.145506381988525
280,699,4.0,3.831895589828491
716,549,4.0,3.8353631496429443
468,647,5.0,4.590336799621582
889,615,3.0,3.88952898979187
537,1009,2.0,2.5686678886413574
283,71,4.0,4.474910259246826
191,343,3.0,2.941995620727539
669,511,5.0,3.8369123935699463
437,842,4.0,3.078538179397583
239,589,3.0,4.295392036437988
705,286,3.0,3.8719747066497803
458,189,4.0,4.111561298370361
200,82,5.0,4.3773932456970215
387,559,3.0,2.8321032524108887
809,299,4.0,2.8529088497161865
537,323,1.0,2.0594513416290283
308,495,3.0,3.720256805419922
66,742,5.0,3.623696804046631
7,385,5.0,4.105797290802002
99,79,4.0,4.186005115509033
255,984,1.0,2.122563123703003
535,162,3.0,3.723463296890259
464,709,5.0,4.541761875152588
393,81,2.0,3.7195541858673096
524,133,5.0,3.8352134227752686
295,1050,5.0,4.220855712890625
339,88,4.0,3.721935987472534
168,222,5.0,3.6330902576446533
72,566,4.0,3.5068986415863037
42,73,4.0,3.6649608612060547
82,518,4.0,3.3946173191070557
276,586,3.0,2.704012393951416
889,1069,1.0,3.456244707107544
896,705,5.0,3.5501508712768555
458,64,4.0,4.418843746185303
577,727,5.0,3.602419137954712
886,55,4.0,3.5233120918273926
932,399,4.0,3.4541335105895996
786,588,5.0,3.9407379627227783
489,895,4.0,3.661681890487671
448,1022,5.0,3.25264048576355
486,689,2.0,2.7814443111419678
833,22,3.0,3.740618944168091
416,272,5.0,4.579296588897705
75,820,3.0,2.885388135910034
30,688,3.0,2.2590200901031494
423,282,4.0,3.709836721420288
682,217,4.0,2.868276834487915
494,121,4.0,3.4406840801239014
572,1171,3.0,2.9526381492614746
87,321,2.0,3.5193521976470947
524,135,3.0,3.9367973804473877
435,760,1.0,2.432555913925171
313,195,5.0,3.811298131942749
291,175,2.0,4.325847148895264
346,38,3.0,2.695676326751709
291,89,3.0,4.6166911125183105
847,144,4.0,3.3624303340911865
30,135,5.0,4.306686878204346
308,452,2.0,2.8489694595336914
295,227,4.0,4.01917839050293
486,475,4.0,3.8111190795898438
388,569,5.0,3.461683511734009
642,1287,2.0,1.942469835281372
276,373,2.0,2.8889009952545166
881,27,3.0,2.917149305343628
11,652,4.0,3.7407686710357666
413,326,3.0,3.244717836380005
542,168,4.0,3.906182050704956
628,305,5.0,4.7868757247924805
105,268,4.0,3.577579975128174
145,265,5.0,3.996267080307007
454,707,3.0,3.1282601356506348
58,45,5.0,4.037874221801758
195,508,3.0,3.592238187789917
585,863,5.0,3.9993460178375244
174,31,4.0,3.7533986568450928
587,272,5.0,4.038345813751221
301,233,4.0,3.205787420272827
586,117,4.0,3.4641764163970947
818,286,4.0,3.387136697769165
405,1230,1.0,2.01025128364563
870,188,5.0,3.2787368297576904
660,298,2.0,2.9983737468719482
535,179,4.0,4.070831298828125
94,88,3.0,3.552480936050415
943,1011,2.0,3.23679256439209
892,403,3.0,3.833242177963257
844,690,3.0,3.1548705101013184
886,819,4.0,2.3822362422943115
160,282,4.0,3.8408524990081787
496,1133,3.0,2.3612446784973145
449,15,4.0,3.6827151775360107
916,713,3.0,3.5376853942871094
783,331,3.0,4.069235801696777
144,91,2.0,3.5303285121917725
642,1311,3.0,3.1833505630493164
23,28,3.0,3.8388912677764893
478,12,5.0,4.170544147491455
606,161,4.0,3.9866278171539307
178,173,5.0,4.266493320465088
117,109,4.0,3.8224375247955322
698,28,2.0,2.9882051944732666
84,529,5.0,4.335991859436035
699,322,3.0,2.95386004447937
303,430,4.0,4.02562952041626
621,176,3.0,4.275083065032959
316,530,2.0,3.6115729808807373
394,72,4.0,3.7876131534576416
456,216,4.0,3.8014988899230957
22,405,1.0,3.17018461227417
595,763,3.0,3.1856672763824463
74,126,3.0,3.910832166671753
301,393,3.0,3.3002169132232666
469,286,5.0,4.2779974937438965
782,887,4.0,3.285802125930786
566,82,4.0,3.5253021717071533
137,257,5.0,4.543541431427002
843,271,5.0,2.4708337783813477
932,238,3.0,3.975006341934204
907,278,5.0,4.341845989227295
118,433,5.0,4.663054943084717
525,237,4.0,3.5240585803985596
553,487,5.0,4.118495464324951
638,174,5.0,4.007871150970459
244,278,3.0,3.3808650970458984
504,186,3.0,4.083276271820068
427,258,4.0,5.1519036293029785
474,523,5.0,4.3579840660095215
92,780,3.0,2.983325719833374
397,492,4.0,3.73542857170105
442,90,3.0,2.6899349689483643
677,322,4.0,3.319800615310669
76,1158,4.0,3.73903489112854
733,471,3.0,3.1408627033233643
880,179,4.0,4.262521266937256
537,271,2.0,2.413914918899536
739,22,5.0,3.892500638961792
832,873,2.0,2.5496304035186768
599,111,5.0,4.2844648361206055
894,343,2.0,3.168487310409546
561,1009,4.0,2.726097822189331
379,637,2.0,3.3455629348754883
500,471,4.0,3.3908092975616455
422,129,4.0,3.92405104637146
374,443,5.0,3.8529374599456787
841,748,4.0,3.5190415382385254
102,29,1.0,2.4907519817352295
94,471,4.0,3.6627087593078613
297,471,3.0,3.317415714263916
655,448,4.0,2.944164752960205
416,143,5.0,4.038581848144531
293,297,4.0,3.4742443561553955
405,795,2.0,1.3884247541427612
533,190,2.0,4.085092544555664
8,187,4.0,4.429197311401367
764,151,4.0,3.708655595779419
487,572,1.0,3.146632671356201
344,288,4.0,3.337730646133423
626,748,2.0,2.0914146900177
476,343,4.0,3.0404224395751953
174,9,5.0,3.926159143447876
472,365,4.0,4.27400541305542
932,528,5.0,4.394392013549805
536,80,2.0,3.089027166366577
506,77,3.0,3.2837159633636475
721,938,3.0,3.062323570251465
796,761,3.0,3.1294753551483154
815,95,3.0,3.8055620193481445
535,707,4.0,3.994940996170044
733,922,3.0,3.688891649246216
254,449,5.0,2.7516090869903564
244,1209,3.0,2.768920421600342
64,748,1.0,3.0435988903045654
489,322,5.0,3.68086838722229
916,82,4.0,3.53043270111084
297,271,2.0,2.9561638832092285
637,985,2.0,2.2329137325286865
203,294,2.0,3.281815528869629
788,879,4.0,3.0723817348480225
872,892,3.0,2.898397445678711
566,100,5.0,3.8762781620025635
334,521,4.0,3.662320137023926
659,490,4.0,4.015530109405518
407,402,2.0,3.4034881591796875
920,313,5.0,4.005164623260498
823,474,5.0,4.551943302154541
222,739,4.0,2.9877102375030518
682,294,3.0,2.779367208480835
344,9,5.0,3.7219815254211426
229,269,4.0,3.4566407203674316
658,724,3.0,3.2753946781158447
827,358,2.0,2.5389325618743896
110,64,4.0,4.337324142456055
5,446,4.0,2.458662748336792
251,210,4.0,4.05874490737915
650,747,3.0,2.900189161300659
398,708,3.0,3.3080642223358154
570,286,4.0,3.0134260654449463
848,215,5.0,4.029763698577881
326,564,3.0,1.2486432790756226
229,311,5.0,3.2849202156066895
425,83,2.0,3.6265909671783447
18,194,3.0,4.089305877685547
216,3,4.0,3.2022879123687744
500,662,2.0,3.310694694519043
320,895,4.0,3.500507354736328
717,343,4.0,3.325587749481201
604,670,5.0,2.842689275741577
727,260,1.0,2.3078722953796387
12,15,5.0,3.977452516555786
537,588,1.0,3.0814132690429688
493,546,5.0,3.0904126167297363
301,82,5.0,3.727492094039917
246,294,2.0,2.5676515102386475
609,259,1.0,1.9693119525909424
181,1028,2.0,1.4446070194244385
544,332,3.0,2.8914034366607666
201,654,3.0,3.7706620693206787
145,1210,1.0,2.8327901363372803
883,896,5.0,4.150267124176025
796,1163,3.0,3.135460138320923
453,85,3.0,2.7775914669036865
442,184,2.0,2.971052408218384
303,1230,1.0,2.1157686710357666
10,194,4.0,4.343459129333496
620,112,4.0,3.1304686069488525
687,678,4.0,2.850062131881714
379,93,3.0,4.0803046226501465
361,517,5.0,3.745330333709717
93,235,4.0,3.030118942260742
303,215,5.0,3.762087821960449
807,1039,4.0,4.23997688293457
175,12,4.0,4.153989315032959
318,404,3.0,3.767411708831787
682,393,4.0,3.0633633136749268
788,445,4.0,3.5802578926086426
392,347,4.0,3.838559865951538
580,249,5.0,3.382192373275757
902,87,4.0,3.589776039123535
553,1200,3.0,4.050270080566406
116,180,5.0,3.6362650394439697
894,255,3.0,3.4501893520355225
406,130,3.0,2.107651948928833
102,235,3.0,2.27345871925354
361,197,5.0,4.102436065673828
85,14,4.0,3.844374895095825
387,176,3.0,3.7714617252349854
553,648,4.0,4.252708911895752
94,182,5.0,4.146934509277344
307,472,3.0,3.043691396713257
682,802,2.0,2.4454658031463623
303,948,2.0,2.048098564147949
405,698,1.0,1.8772528171539307
87,202,5.0,4.03814172744751
328,665,2.0,2.8168294429779053
265,125,4.0,3.517075300216675
145,257,5.0,3.930961847305298
918,606,4.0,3.823932409286499
543,1014,4.0,2.920849323272705
85,237,3.0,3.450625419616699
13,657,4.0,4.110993385314941
254,624,2.0,2.941833257675171
521,268,5.0,3.359457015991211
233,499,3.0,4.544562339782715
42,96,5.0,4.25377082824707
782,1283,2.0,2.2843306064605713
848,478,5.0,4.501452922821045
453,578,3.0,3.0173652172088623
842,752,4.0,3.497525930404663
543,324,3.0,2.781770944595337
232,194,4.0,4.02122163772583
58,175,5.0,3.9870340824127197
851,331,3.0,3.7034218311309814
941,124,5.0,4.3487043380737305
84,31,4.0,3.981957197189331
474,923,4.0,4.557926654815674
544,258,3.0,3.2579612731933594
450,722,5.0,3.1713130474090576
907,1016,5.0,4.612827777862549
518,276,5.0,3.7066972255706787
731,66,4.0,2.983071804046631
21,995,2.0,2.768353223800659
536,378,5.0,4.001983165740967
37,82,1.0,3.853623628616333
160,455,4.0,3.4263226985931396
748,451,1.0,2.9857521057128906
595,298,4.0,3.708322286605835
293,121,3.0,2.784223794937134
308,502,5.0,3.889756917953491
191,313,5.0,4.288826942443848
675,86,4.0,3.8030879497528076
179,691,3.0,3.3010411262512207
881,7,4.0,3.5633106231689453
533,109,2.0,3.2430927753448486
129,313,3.0,3.679875135421753
638,410,4.0,2.8241097927093506
450,663,4.0,4.183982849121094
450,521,4.0,4.105809211730957
292,249,3.0,3.708468437194824
698,283,2.0,2.7418644428253174
276,204,5.0,3.9266998767852783
862,180,5.0,4.706638336181641
622,94,2.0,3.1949760913848877
642,1,5.0,4.247303485870361
49,301,3.0,2.50685977935791
892,385,3.0,4.1532301902771
828,1646,4.0,3.1210544109344482
504,559,5.0,3.3516252040863037
222,144,5.0,3.670414924621582
524,661,3.0,4.061916828155518
236,88,2.0,3.2061846256256104
406,596,3.0,3.171118974685669
200,409,2.0,3.756330728530884
804,259,4.0,2.838412046432495
506,490,3.0,3.992682695388794
416,161,4.0,3.9361040592193604
840,659,5.0,4.361580848693848
519,264,2.0,3.736741304397583
416,405,5.0,3.5756120681762695
627,28,3.0,3.774939775466919
486,282,2.0,3.527982234954834
214,56,5.0,4.130749225616455
94,61,5.0,4.134530544281006
97,135,5.0,4.264185428619385
724,1176,1.0,2.662017583847046
13,441,1.0,2.5010128021240234
653,136,1.0,3.358717679977417
261,342,3.0,3.6590917110443115
796,418,4.0,3.5756566524505615
881,186,3.0,3.758495569229126
94,1223,4.0,3.5200998783111572
459,926,4.0,2.870208978652954
8,511,5.0,4.565128803253174
715,125,3.0,3.349790334701538
194,471,3.0,2.8849008083343506
920,682,3.0,2.44618558883667
829,190,4.0,3.98284649848938
264,559,5.0,3.740461587905884
556,127,5.0,4.5073041915893555
276,1245,3.0,3.5099689960479736
521,99,3.0,3.256134271621704
273,272,4.0,4.340398788452148
782,1670,3.0,2.0106377601623535
464,289,4.0,3.5444705486297607
316,318,5.0,3.853632688522339
39,294,4.0,3.3090686798095703
13,833,2.0,2.768015146255493
878,286,4.0,3.2272374629974365
857,325,1.0,2.86847186088562
786,357,5.0,4.494863986968994
442,29,3.0,2.236144542694092
123,275,4.0,4.14081335067749
780,275,4.0,3.8464624881744385
94,183,5.0,4.0518999099731445
345,291,3.0,3.4856066703796387
826,550,3.0,3.8023791313171387
195,809,3.0,3.0713422298431396
289,254,1.0,1.9417707920074463
42,720,4.0,3.1270415782928467
624,628,4.0,3.693082809448242
707,533,5.0,3.494077444076538
370,181,4.0,3.8234076499938965
472,234,4.0,4.6669135093688965
299,1073,4.0,3.742194652557373
608,262,3.0,3.64573073387146
145,943,3.0,3.611631155014038
363,174,4.0,3.859381914138794
23,463,4.0,3.6252529621124268
774,453,2.0,1.2488572597503662
119,405,4.0,3.790573835372925
633,5,3.0,2.9759843349456787
627,227,3.0,3.0802454948425293
579,216,5.0,3.6995155811309814
95,328,5.0,3.335554838180542
942,300,5.0,4.050350666046143
875,358,3.0,2.7139408588409424
293,47,3.0,3.122150182723999
776,1219,3.0,2.6775784492492676
299,208,4.0,3.7935378551483154
924,174,5.0,4.185183048248291
716,662,3.0,3.637457847595215
457,385,4.0,4.15319299697876
883,239,3.0,3.686657667160034
290,28,5.0,3.7652738094329834
429,265,4.0,3.7927958965301514
270,282,3.0,4.57663106918335
195,234,5.0,3.773339033126831
867,7,5.0,4.089640140533447
145,275,2.0,4.06276798248291
15,13,1.0,2.964916706085205
586,356,4.0,3.162954092025757
6,174,4.0,4.0331244468688965
357,748,5.0,4.05679178237915
327,33,3.0,3.0638182163238525
518,742,5.0,3.608424425125122
524,492,3.0,3.660878896713257
407,559,3.0,3.0351779460906982
171,313,4.0,4.145742416381836
121,740,3.0,3.2560651302337646
42,367,2.0,3.7183938026428223
582,328,3.0,3.3086330890655518
533,443,3.0,3.7397663593292236
298,946,3.0,3.348378896713257
551,156,5.0,4.229194164276123
226,23,3.0,4.1431965827941895
716,1269,4.0,4.171819686889648
875,50,5.0,4.500729560852051
870,55,3.0,3.3607876300811768
393,84,3.0,3.0282280445098877
857,328,3.0,3.4363415241241455
648,576,4.0,2.908693790435791
288,528,4.0,4.168765068054199
200,393,4.0,4.020538330078125
542,871,2.0,2.4058094024658203
617,674,3.0,2.2528116703033447
621,257,5.0,4.0848565101623535
297,277,3.0,3.2432854175567627
144,1285,3.0,3.1471316814422607
650,243,2.0,1.7214515209197998
802,259,2.0,2.8482584953308105
323,475,3.0,4.002279281616211
205,300,3.0,3.142256498336792
634,919,2.0,3.7793424129486084
130,272,5.0,4.887192249298096
664,89,5.0,4.222468852996826
671,56,1.0,4.240998268127441
835,179,5.0,4.4033355712890625
788,43,3.0,2.8165557384490967
533,19,3.0,3.7993009090423584
331,132,3.0,3.8859779834747314
74,302,4.0,4.240257740020752
621,250,4.0,3.585137128829956
92,322,3.0,2.9699790477752686
59,28,5.0,4.217432975769043
871,97,3.0,3.7461049556732178
401,196,5.0,3.3599703311920166
250,270,4.0,3.9012911319732666
453,628,3.0,3.3205158710479736
546,322,4.0,3.811596155166626
236,191,4.0,4.042582988739014
387,81,3.0,3.29506516456604
116,297,3.0,3.6577632427215576
514,116,4.0,3.7980968952178955
49,1074,2.0,2.1577370166778564
927,227,2.0,3.8108842372894287
405,178,3.0,2.557199716567993
143,325,5.0,3.080792188644409
627,182,4.0,3.7923052310943604
64,100,4.0,4.037274360656738
295,174,4.0,4.841946125030518
551,176,4.0,4.3376874923706055
43,950,3.0,3.407966375350952
866,344,2.0,2.919128656387329
251,748,2.0,3.2568986415863037
860,315,3.0,3.8201208114624023
895,885,2.0,2.7922298908233643
305,664,2.0,3.473414897918701
579,238,3.0,3.4618771076202393
326,205,4.0,3.595092296600342
365,309,1.0,2.840708017349243
426,527,3.0,3.9653069972991943
450,724,5.0,3.7885987758636475
588,131,5.0,4.071084976196289
393,290,3.0,3.363337755203247
848,509,4.0,4.251187801361084
405,1247,1.0,1.4148900508880615
246,1039,4.0,3.5445868968963623
405,202,4.0,2.5901732444763184
435,174,5.0,4.100054740905762
506,168,5.0,4.062989234924316
863,990,1.0,2.9660086631774902
276,128,4.0,3.731818914413452
901,430,3.0,4.315541744232178
887,432,5.0,4.195143222808838
280,9,5.0,3.961162805557251
373,435,4.0,4.049328327178955
303,546,2.0,2.9171507358551025
588,1061,5.0,3.227484941482544
345,988,2.0,2.397137403488159
95,378,4.0,3.7035562992095947
630,240,3.0,2.713798761367798
654,302,5.0,4.27577018737793
894,311,4.0,3.9051191806793213
311,258,4.0,3.9231326580047607
939,591,5.0,4.514892578125
216,234,4.0,4.0097784996032715
815,313,5.0,4.431985855102539
387,581,4.0,2.826284646987915
181,111,3.0,1.8751254081726074
188,1213,2.0,2.390901803970337
194,692,2.0,2.8651442527770996
253,966,5.0,4.194431781768799
104,508,2.0,2.894453287124634
532,235,3.0,3.759263753890991
851,930,3.0,2.865166425704956
916,569,2.0,2.501631259918213
716,385,1.0,3.841639757156372
445,433,2.0,2.2843754291534424
622,276,4.0,3.680894136428833
864,969,4.0,4.098123073577881
75,322,1.0,3.236922025680542
214,131,3.0,3.9432990550994873
327,333,2.0,3.2341976165771484
450,38,4.0,3.2840168476104736
279,1435,3.0,2.586174726486206
764,15,4.0,3.651460886001587
256,11,5.0,4.55138635635376
15,308,5.0,2.6885945796966553
179,353,1.0,2.0769202709198
257,381,5.0,3.8057186603546143
911,151,5.0,3.5818705558776855
458,529,3.0,3.9017555713653564
355,882,4.0,4.236796855926514
249,135,5.0,4.4232258796691895
249,317,5.0,4.3211517333984375
271,692,4.0,3.3716506958007812
94,157,5.0,3.6834206581115723
774,585,1.0,1.1280945539474487
474,485,4.0,4.229842662811279
497,720,2.0,2.6838080883026123
506,148,3.0,3.2447292804718018
227,411,4.0,2.6397716999053955
527,201,3.0,3.3173086643218994
216,763,4.0,3.472306966781616
373,195,4.0,4.022193431854248
778,197,4.0,3.482891321182251
807,1066,5.0,3.4952919483184814
314,66,5.0,3.8852264881134033
151,405,3.0,3.417510509490967
276,223,5.0,4.371175289154053
100,905,3.0,3.06408429145813
536,546,2.0,3.3023464679718018
592,409,1.0,3.2526094913482666
312,8,5.0,4.321290493011475
416,794,5.0,3.8897459506988525
630,237,5.0,3.507732629776001
410,312,2.0,2.788329839706421
648,477,3.0,3.0601894855499268
13,191,3.0,4.07952880859375
632,275,3.0,3.9495909214019775
799,479,5.0,4.425483703613281
608,79,5.0,3.912249803543091
618,8,3.0,3.6479132175445557
880,476,3.0,3.2196269035339355
788,754,4.0,3.071829080581665
718,742,5.0,3.8144073486328125
335,340,5.0,3.559361219406128
378,91,3.0,3.630136251449585
184,170,5.0,4.2883453369140625
894,1005,5.0,3.890556573867798
933,934,1.0,1.991323471069336
721,125,3.0,3.730699062347412
500,97,4.0,3.5727946758270264
618,12,4.0,3.9697306156158447
495,191,3.0,4.702961444854736
626,294,3.0,2.0032150745391846
670,482,5.0,4.0864996910095215
758,514,5.0,4.2310709953308105
314,1016,4.0,3.9298899173736572
835,180,5.0,4.365833282470703
101,118,3.0,2.928406000137329
416,246,4.0,4.258633613586426
125,94,5.0,3.1306307315826416
927,560,2.0,3.1664602756500244
818,271,4.0,2.886415719985962
236,282,5.0,3.472691059112549
181,1245,1.0,1.6296709775924683
551,286,4.0,3.9506313800811768
399,746,5.0,3.267944812774658
708,1023,3.0,2.4618842601776123
385,673,2.0,3.1001572608947754
213,2,4.0,3.8371758460998535
452,187,3.0,3.7871029376983643
192,813,4.0,3.959158182144165
141,300,5.0,3.7580418586730957
919,321,2.0,3.0552148818969727
659,603,5.0,4.405762195587158
293,94,2.0,2.5823230743408203
906,475,3.0,4.137716770172119
22,175,4.0,3.9603941440582275
854,56,5.0,3.601498603820801
459,291,4.0,3.488973617553711
246,94,2.0,2.684589147567749
804,625,3.0,3.421304941177368
682,235,1.0,2.6387689113616943
78,1160,5.0,3.2656095027923584
880,1277,4.0,3.5436761379241943
235,303,4.0,3.7258830070495605
769,824,2.0,2.5958328247070312
321,48,4.0,3.8908607959747314
654,250,1.0,3.4139456748962402
452,462,4.0,3.4858827590942383
715,64,5.0,4.43190336227417
773,238,4.0,3.427809476852417
123,22,4.0,4.372683048248291
221,259,4.0,2.8312830924987793
90,208,3.0,4.387753963470459
784,271,3.0,3.6449782848358154
100,689,3.0,2.5855660438537598
498,14,4.0,3.5587542057037354
934,172,5.0,4.1607489585876465
344,715,4.0,3.27510142326355
135,77,4.0,3.111738443374634
836,496,4.0,4.194252014160156
445,689,1.0,1.7516237497329712
503,736,4.0,4.004756450653076
435,393,2.0,3.1232831478118896
896,739,2.0,2.758007049560547
326,183,5.0,3.469644784927368
592,60,4.0,4.395406723022461
541,1412,1.0,2.1659023761749268
883,752,4.0,3.461636781692505
11,90,2.0,2.9874541759490967
201,1163,1.0,2.446082830429077
318,66,4.0,3.600637912750244
503,127,5.0,4.483389854431152
75,108,4.0,3.34065842628479
109,239,4.0,3.469419240951538
222,162,2.0,3.4631917476654053
313,420,5.0,3.495145559310913
846,50,5.0,4.540301322937012
488,207,3.0,3.43058180809021
279,1059,4.0,2.8099639415740967
401,1011,3.0,2.614023208618164
177,307,4.0,3.350259304046631
537,855,3.0,3.048643112182617
223,1014,4.0,3.0010855197906494
234,610,4.0,3.1727750301361084
741,94,3.0,3.017371892929077
456,218,4.0,3.2759592533111572
805,319,2.0,3.0963473320007324
181,104,1.0,1.6588068008422852
458,307,4.0,3.402057647705078
707,723,3.0,2.9460341930389404
13,241,3.0,3.3625683784484863
474,380,4.0,3.5044848918914795
299,1132,1.0,2.4990813732147217
422,257,4.0,3.9123618602752686
934,492,4.0,3.8208484649658203
474,414,4.0,3.8868415355682373
641,198,5.0,4.36570930480957
804,550,4.0,3.4128849506378174
150,181,5.0,4.20989990234375
807,968,4.0,3.968430757522583
308,614,3.0,3.693648099899292
292,491,4.0,4.225667476654053
710,268,4.0,3.5423061847686768
650,447,3.0,2.9266819953918457
383,205,4.0,4.3508758544921875
201,385,2.0,3.233360528945923
272,238,5.0,3.9969074726104736
806,655,3.0,3.9910242557525635
301,100,5.0,4.078468322753906
382,481,5.0,3.5535507202148438
721,284,4.0,3.454343557357788
378,143,4.0,3.6969778537750244
296,1142,5.0,4.368865013122559
481,66,3.0,3.5727057456970215
807,199,5.0,4.42151403427124
588,566,2.0,3.729921817779541
64,347,3.0,3.379612922668457
708,118,5.0,3.025481939315796
933,476,2.0,2.268205404281616
643,419,4.0,3.6732962131500244
665,255,4.0,3.2609660625457764
233,216,5.0,4.382197856903076
263,416,5.0,3.635754346847534
587,261,3.0,2.086501359939575
379,300,3.0,3.9171459674835205
346,932,2.0,2.6406729221343994
346,89,4.0,4.117501258850098
790,209,1.0,3.8409416675567627
848,1063,5.0,3.91646409034729
453,1145,2.0,2.418870210647583
605,237,3.0,3.620103597640991
532,510,5.0,4.698379993438721
231,255,3.0,3.7947652339935303
699,685,3.0,3.1199777126312256
738,151,4.0,3.530296802520752
921,202,4.0,3.548856019973755
848,520,5.0,4.437706470489502
74,333,4.0,3.6040618419647217
160,461,5.0,3.716583251953125
332,975,3.0,3.9560792446136475
653,1620,2.0,2.3767342567443848
246,932,1.0,2.2748100757598877
301,173,4.0,4.168493747711182
709,781,3.0,3.2837963104248047
450,1435,4.0,2.813314199447632
291,563,3.0,3.0440566539764404
396,406,2.0,2.7612578868865967
327,659,4.0,3.778874158859253
357,274,4.0,4.324963092803955
130,100,3.0,4.7351155281066895
650,1215,3.0,1.2136062383651733
655,12,3.0,3.738942861557007
911,659,3.0,4.084301471710205
194,371,3.0,2.491446018218994
625,732,3.0,3.308046817779541
432,313,4.0,4.5664143562316895
758,656,5.0,4.526899337768555
846,789,4.0,3.8179423809051514
663,546,3.0,3.073018789291382
351,286,5.0,4.340169429779053
667,223,5.0,4.23565673828125
309,879,4.0,3.2644755840301514
276,1028,3.0,3.048393487930298
331,414,4.0,3.4321093559265137
453,272,5.0,4.062772750854492
401,203,4.0,3.3306450843811035
796,815,4.0,3.2716033458709717
843,515,3.0,3.2172176837921143
314,996,4.0,2.6279966831207275
896,458,1.0,2.641348123550415
85,702,2.0,2.9265477657318115
40,268,4.0,3.174903631210327
342,57,3.0,4.026821613311768
109,520,5.0,4.138004779815674
538,168,3.0,3.7852835655212402
410,303,3.0,3.4422004222869873
884,116,4.0,3.525315523147583
774,185,2.0,2.6866238117218018
525,125,3.0,3.3492069244384766
165,332,4.0,3.6165292263031006
1,255,2.0,3.2706258296966553
305,83,3.0,3.7079384326934814
943,227,1.0,3.3004953861236572
560,476,2.0,2.855628490447998
46,333,5.0,3.938366174697876
244,54,2.0,3.451845645904541
327,24,2.0,3.1360886096954346
379,345,3.0,3.704364538192749
495,54,5.0,3.782539129257202
897,409,4.0,3.433945417404175
401,188,1.0,3.007976531982422
896,132,3.0,3.5859525203704834
177,47,3.0,3.529907464981079
690,705,1.0,3.7594478130340576
119,392,4.0,4.097657680511475
59,622,4.0,3.4603078365325928
595,108,2.0,3.0686933994293213
177,1,3.0,3.712172746658325
537,486,3.0,3.0684239864349365
635,886,4.0,2.928060293197632
899,121,5.0,3.2069079875946045
170,881,3.0,3.547863721847534
538,568,3.0,3.374502420425415
863,876,2.0,2.3754990100860596
263,183,4.0,4.147514820098877
917,282,4.0,3.783592700958252
763,87,2.0,4.124955654144287
92,39,3.0,3.1841819286346436
677,1240,5.0,3.9835045337677
72,644,4.0,3.793390989303589
145,405,3.0,3.243088960647583
615,736,5.0,3.8708150386810303
358,1159,5.0,3.094679117202759
660,675,3.0,2.9068453311920166
312,528,5.0,4.5166449546813965
707,345,5.0,3.222125768661499
334,153,4.0,3.6515567302703857
498,527,3.0,3.5531909465789795
698,144,2.0,2.889542818069458
48,423,4.0,3.717712640762329
716,163,4.0,3.7332675457000732
168,280,4.0,3.044884443283081
796,500,4.0,3.9001095294952393
595,815,3.0,3.014503240585327
267,222,4.0,3.915837049484253
566,170,5.0,4.037891864776611
272,32,4.0,4.078842639923096
40,286,2.0,3.0846166610717773
144,68,2.0,3.3495311737060547
409,6,4.0,3.3576910495758057
81,42,4.0,3.590402841567993
265,1197,2.0,3.8100361824035645
37,176,4.0,4.165665149688721
648,218,3.0,3.382819414138794
198,455,3.0,2.8399593830108643
77,176,4.0,3.718820333480835
314,132,4.0,4.437601566314697
487,470,5.0,3.7633485794067383
349,126,2.0,3.8162362575531006
412,939,4.0,3.6574761867523193
417,943,3.0,3.410425901412964
151,260,1.0,2.8331663608551025
105,258,5.0,3.600353956222534
887,1012,1.0,4.033210277557373
676,902,4.0,3.7188456058502197
919,183,3.0,3.8703463077545166
268,286,5.0,3.363356828689575
883,228,4.0,3.9592273235321045
463,284,3.0,2.5519497394561768
750,300,3.0,3.563934087753296
450,506,5.0,4.094287395477295
699,477,3.0,3.033708095550537
201,581,3.0,2.6868646144866943
550,252,1.0,3.1965343952178955
880,316,5.0,4.276320934295654
95,855,3.0,3.8254234790802
542,399,2.0,3.153705596923828
360,248,4.0,3.861585855484009
655,1529,2.0,3.118056535720825
435,91,4.0,3.4667885303497314
605,276,4.0,3.6406219005584717
648,222,5.0,3.5627601146698
727,385,3.0,3.418837308883667
541,625,4.0,3.6375415325164795
374,274,4.0,3.4659807682037354
270,943,5.0,4.496878623962402
908,216,3.0,3.516510248184204
332,118,5.0,4.052550315856934
943,419,2.0,3.6326189041137695
318,187,4.0,4.308854579925537
515,1399,4.0,2.095574140548706
123,182,4.0,4.15693473815918
354,508,3.0,3.6205899715423584
892,435,4.0,4.4043450355529785
598,312,5.0,3.3827452659606934
201,596,4.0,2.9104886054992676
669,749,3.0,2.752382516860962
679,111,3.0,3.3966009616851807
138,137,5.0,4.105366230010986
943,485,5.0,3.936082124710083
749,385,3.0,3.7611353397369385
315,209,5.0,4.349215030670166
766,77,2.0,2.862431764602661
588,25,4.0,3.624033212661743
606,178,5.0,4.750426292419434
56,98,4.0,4.464359283447266
94,944,1.0,3.0280795097351074
837,276,1.0,3.5328314304351807
447,153,4.0,3.852374315261841
903,281,4.0,3.2053446769714355
283,291,2.0,4.016342639923096
727,258,2.0,3.54756498336792
889,1589,5.0,2.7470157146453857
234,451,3.0,2.667193651199341
870,1090,2.0,2.1330831050872803
293,455,2.0,2.6733932495117188
399,228,2.0,3.3554537296295166
854,475,4.0,3.5040273666381836
268,121,2.0,3.0223374366760254
807,969,4.0,4.021011829376221
145,53,2.0,2.989884614944458
207,1046,4.0,2.702374219894409
788,531,4.0,3.7437808513641357
554,678,3.0,2.7730982303619385
249,333,4.0,3.955993890762329
643,732,3.0,3.6821281909942627
514,631,4.0,3.708197593688965
919,237,4.0,3.5476343631744385
262,790,3.0,2.6869640350341797
267,50,5.0,4.639874458312988
42,173,5.0,4.368354320526123
288,345,5.0,3.374770402908325
484,879,4.0,3.7457587718963623
508,52,4.0,3.796273946762085
795,120,3.0,1.740105390548706
845,311,4.0,3.0385420322418213
199,408,5.0,4.1150221824646
713,310,4.0,3.0593502521514893
639,179,1.0,3.224173069000244
57,56,3.0,4.2516188621521
201,737,2.0,2.616250991821289
782,254,2.0,2.0173890590667725
452,971,4.0,3.37848162651062
402,10,2.0,4.050638675689697
274,276,4.0,3.991727113723755
890,1039,4.0,4.052076816558838
577,452,3.0,2.979264497756958
116,1244,2.0,2.550948143005371
391,479,4.0,4.173571586608887
782,1243,3.0,3.299452304840088
184,676,4.0,3.2254459857940674
276,474,5.0,4.430065631866455
83,235,1.0,3.087137460708618
459,455,2.0,3.413198232650757
361,319,5.0,3.1083757877349854
82,1078,3.0,2.3495309352874756
374,231,2.0,2.751643657684326
401,604,4.0,3.490126609802246
707,900,4.0,3.6736509799957275
457,168,5.0,4.488138198852539
71,429,4.0,3.972694158554077
904,709,3.0,4.328392505645752
454,1003,2.0,1.8128242492675781
796,230,5.0,3.6913764476776123
805,108,3.0,3.045409679412842
635,262,5.0,3.611372709274292
795,386,3.0,2.360884428024292
653,135,5.0,3.280383825302124
664,449,2.0,2.9468424320220947
815,559,3.0,3.2078843116760254
625,588,4.0,3.498511552810669
646,294,2.0,2.674874782562256
468,1168,2.0,3.5924298763275146
541,826,3.0,2.860814332962036
646,272,4.0,3.9102351665496826
334,887,5.0,3.5059001445770264
587,691,4.0,3.3049495220184326
639,580,2.0,2.4343605041503906
148,50,5.0,4.4124860763549805
694,489,4.0,4.403056621551514
878,22,2.0,3.7892181873321533
934,550,4.0,3.3479795455932617
268,1035,2.0,2.810765027999878
261,1025,5.0,3.480351209640503
189,209,1.0,4.262696266174316
642,220,4.0,3.7918875217437744
202,258,4.0,2.8810572624206543
758,414,4.0,3.983833074569702
807,63,5.0,3.3627946376800537
119,655,5.0,4.429346084594727
885,420,4.0,3.3310015201568604
328,405,4.0,3.0775651931762695
545,95,4.0,3.7943055629730225
593,117,4.0,3.70361328125
618,496,4.0,3.789546251296997
435,1,5.0,3.6751506328582764
459,22,5.0,4.358232021331787
267,202,5.0,3.9870026111602783
486,476,3.0,2.779118299484253
913,346,3.0,3.344006061553955
64,381,4.0,3.5001370906829834
43,411,3.0,3.063507318496704
276,1131,3.0,4.365495204925537
618,697,3.0,3.157877206802368
356,286,3.0,3.7521560192108154
416,1041,3.0,3.402265787124634
49,542,2.0,1.7549798488616943
514,87,5.0,4.0071258544921875
280,550,2.0,3.5785746574401855
881,575,2.0,2.203577756881714
210,435,4.0,4.3081464767456055
622,403,4.0,3.392287492752075
642,1152,5.0,3.6993184089660645
109,367,3.0,3.5160481929779053
452,135,3.0,3.7011988162994385
488,705,4.0,3.6430275440216064
497,382,4.0,3.4519155025482178
707,527,5.0,3.820704221725464
59,132,5.0,4.2689032554626465
233,261,5.0,2.8777685165405273
861,14,4.0,4.226541519165039
633,252,3.0,2.6817824840545654
797,298,3.0,3.3528647422790527
758,554,3.0,3.132683038711548
151,1113,4.0,3.6031734943389893
421,12,5.0,4.225612163543701
889,12,5.0,4.153748989105225
595,928,3.0,2.8758838176727295
843,205,4.0,3.0789332389831543
682,339,2.0,2.7209713459014893
270,123,5.0,4.051955223083496
334,419,3.0,3.499600648880005
387,1538,3.0,3.118007183074951
511,271,5.0,3.642843723297119
405,586,4.0,1.5711126327514648
329,655,4.0,3.6422317028045654
305,14,4.0,3.6321449279785156
144,1286,4.0,3.1697428226470947
271,1117,3.0,2.8264400959014893
131,286,5.0,3.847857713699341
484,449,4.0,3.543548107147217
64,218,1.0,3.414806604385376
537,633,3.0,3.2616662979125977
692,411,4.0,2.7478904724121094
280,161,4.0,3.8363287448883057
69,42,5.0,3.869539499282837
395,210,5.0,4.278187274932861
363,531,4.0,3.453139066696167
533,48,4.0,4.049521446228027
643,432,5.0,3.753477096557617
42,265,3.0,4.114473342895508
62,96,4.0,3.8119654655456543
215,239,3.0,3.536909341812134
724,338,3.0,2.1088831424713135
92,947,4.0,3.455242872238159
585,736,4.0,3.836672067642212
393,456,3.0,2.465709924697876
654,14,2.0,4.066683769226074
365,151,4.0,3.618363618850708
239,47,2.0,3.8766896724700928
23,202,3.0,3.566127061843872
84,1,2.0,4.198207378387451
145,134,4.0,4.364410877227783
928,134,5.0,4.93647575378418
370,923,4.0,4.143373012542725
234,505,4.0,3.4889814853668213
301,871,4.0,2.507845163345337
239,605,4.0,3.5801825523376465
327,285,4.0,3.897383451461792
276,746,4.0,3.840214490890503
524,284,3.0,2.980224370956421
893,24,4.0,3.5646302700042725
592,273,5.0,3.8304834365844727
551,1267,4.0,3.381023645401001
405,233,1.0,1.9621963500976562
671,257,5.0,4.039647579193115
606,713,4.0,4.126145839691162
18,111,3.0,3.6172401905059814
398,183,4.0,3.783292293548584
193,1258,3.0,2.3988749980926514
387,33,3.0,3.1076762676239014
67,1095,4.0,2.869032621383667
919,93,5.0,3.723804235458374
145,933,1.0,2.8293776512145996
85,476,3.0,2.7864482402801514
867,276,1.0,3.9519588947296143
303,25,4.0,3.424769163131714
327,186,2.0,3.620940923690796
865,456,1.0,1.2701282501220703
457,401,3.0,3.307188034057617
367,258,4.0,4.473663806915283
659,507,5.0,3.9218342304229736
514,344,3.0,3.9145748615264893
503,463,1.0,3.950056314468384
833,806,4.0,3.13344407081604
747,517,5.0,4.089313507080078
660,207,4.0,2.986006498336792
320,188,4.0,3.9919607639312744
492,291,4.0,2.793673515319824
639,83,4.0,3.2348246574401855
109,317,2.0,3.9616525173187256
587,875,1.0,2.4292819499969482
162,230,2.0,3.7259085178375244
409,538,3.0,3.2091290950775146
151,529,5.0,4.212619304656982
634,744,5.0,3.3345947265625
838,455,4.0,3.489830732345581
663,330,4.0,3.141982316970825
43,1,5.0,4.02650260925293
880,1014,4.0,3.3678324222564697
184,855,4.0,3.8551018238067627
648,181,5.0,3.8556997776031494
436,21,3.0,3.139136552810669
805,216,2.0,3.8969595432281494
96,187,5.0,4.433213710784912
865,222,2.0,2.7160804271698
98,88,3.0,3.196216583251953
249,174,4.0,4.635685920715332
815,871,1.0,2.5583064556121826
676,288,1.0,3.300452709197998
381,525,5.0,4.240331172943115
921,419,5.0,3.459049701690674
576,471,4.0,3.5808117389678955
870,813,4.0,3.680265188217163
799,307,3.0,3.6666181087493896
299,175,5.0,3.7844185829162598
117,96,5.0,4.447512149810791
322,197,5.0,4.3599019050598145
831,749,2.0,3.104337215423584
222,1239,2.0,2.0023975372314453
656,312,1.0,2.325990915298462
316,97,5.0,3.1173598766326904
894,107,3.0,3.7484986782073975
77,246,5.0,3.5896944999694824
369,919,5.0,4.18648099899292
828,1462,3.0,3.4299724102020264
500,301,2.0,3.079345226287842
806,522,3.0,3.9433796405792236
293,195,3.0,3.34668231010437
429,134,5.0,4.160939693450928
653,7,2.0,2.972909688949585
65,178,5.0,4.4569172859191895
895,748,3.0,3.439707040786743
207,458,3.0,2.816917657852173
354,733,3.0,3.567188024520874
835,591,4.0,3.9486019611358643
907,1157,5.0,4.218910217285156
763,629,5.0,3.4330942630767822
56,636,4.0,3.586144208908081
18,60,4.0,4.199824810028076
830,661,4.0,4.174926280975342
690,4,3.0,3.3236277103424072
659,448,4.0,3.5095674991607666
669,902,2.0,3.340815544128418
370,22,4.0,4.107510566711426
189,405,2.0,3.406667947769165
527,87,3.0,3.8178751468658447
314,405,4.0,3.6927402019500732
537,770,3.0,2.7068145275115967
795,797,3.0,2.6315417289733887
327,428,4.0,3.650207281112671
542,15,2.0,3.4458119869232178
234,950,2.0,2.629429578781128
110,1250,3.0,1.2981305122375488
13,810,5.0,2.544248104095459
234,1400,3.0,2.774512767791748
882,82,5.0,4.119840145111084
551,343,4.0,3.3555095195770264
349,847,4.0,3.781639814376831
385,156,4.0,3.501277446746826
354,50,4.0,4.3769755363464355
534,240,5.0,3.736048460006714
332,156,4.0,4.721494674682617
942,258,4.0,4.189783096313477
642,364,5.0,3.334418535232544
883,750,3.0,4.061718463897705
336,845,1.0,3.2100627422332764
385,4,2.0,3.125108003616333
402,510,5.0,4.217683792114258
322,489,3.0,4.2762556076049805
616,316,4.0,4.2265305519104
195,753,3.0,3.834512233734131
265,100,5.0,4.188194274902344
93,15,5.0,3.5962650775909424
378,277,4.0,3.445500135421753
360,124,5.0,4.279276371002197
888,137,4.0,4.260899066925049
295,99,4.0,4.303048133850098
711,463,5.0,3.9655792713165283
807,496,5.0,4.382321357727051
342,223,4.0,4.129042625427246
621,769,3.0,2.8434062004089355
504,122,1.0,2.4130570888519287
897,646,5.0,4.544097423553467
768,742,3.0,3.2666900157928467
592,854,5.0,3.828662395477295
711,1119,4.0,3.593665361404419
87,1072,3.0,2.9520063400268555
222,72,4.0,2.894681215286255
838,235,2.0,3.2224843502044678
250,969,5.0,4.063581943511963
625,393,4.0,2.961925745010376
920,328,2.0,2.997727155685425
334,462,4.0,3.7113068103790283
450,239,5.0,3.8001210689544678
524,895,4.0,2.9335439205169678
897,826,4.0,2.921879529953003
452,404,4.0,3.2456610202789307
807,239,4.0,3.7699496746063232
588,31,3.0,3.8186771869659424
6,504,3.0,3.650442361831665
576,100,4.0,4.146270275115967
479,471,4.0,3.4409451484680176
788,1518,3.0,2.6448771953582764
569,19,5.0,3.8572704792022705
890,205,5.0,4.113195896148682
472,682,4.0,3.857431173324585
109,1157,4.0,3.063730478286743
308,367,4.0,3.6097004413604736
524,435,4.0,3.7940990924835205
435,31,5.0,3.406740427017212
851,544,4.0,3.405489444732666
207,8,3.0,3.6965672969818115
346,571,3.0,2.4043290615081787
833,346,5.0,3.1768763065338135
207,1242,5.0,2.1657040119171143
874,357,5.0,4.324202060699463
629,144,5.0,4.230607986450195
90,197,5.0,4.601978302001953
806,419,5.0,3.675149440765381
248,64,5.0,4.230140209197998
458,143,4.0,3.622451066970825
409,289,1.0,2.730557918548584
301,550,3.0,3.288912057876587
778,42,5.0,3.010676622390747
537,676,4.0,2.425367593765259
727,783,3.0,2.353957414627075
82,174,5.0,3.8228864669799805
200,660,3.0,4.457769870758057
766,22,3.0,3.8682854175567627
141,244,5.0,3.31774640083313
567,847,4.0,3.841386079788208
499,511,5.0,4.2728095054626465
854,979,4.0,2.864957332611084
199,117,3.0,3.13291335105896
865,472,1.0,1.8887193202972412
271,511,5.0,4.144705295562744
256,117,5.0,4.362328052520752
495,444,3.0,3.442229986190796
447,5,3.0,3.221409559249878
916,118,2.0,2.888747453689575
916,58,5.0,3.2731008529663086
398,735,4.0,3.692545175552368
357,118,5.0,4.068289279937744
822,408,5.0,4.131755352020264
249,237,5.0,3.9988057613372803
845,286,5.0,2.9053516387939453
747,183,5.0,4.173631191253662
896,203,5.0,3.4653708934783936
12,28,5.0,4.383683204650879
291,928,2.0,3.4149587154388428
380,428,3.0,3.3427932262420654
618,651,5.0,3.6897132396698
806,421,4.0,3.6048314571380615
843,191,3.0,3.241777181625366
104,181,5.0,3.2215628623962402
57,318,5.0,4.632678508758545
409,321,2.0,2.9049065113067627
648,2,4.0,3.0357308387756348
233,193,4.0,4.370421409606934
223,216,5.0,3.88525652885437
42,781,4.0,3.491321325302124
450,597,4.0,3.4540512561798096
497,172,5.0,3.9706947803497314
698,25,2.0,2.47991943359375
95,22,4.0,4.231568813323975
544,302,5.0,3.6775119304656982
795,226,3.0,2.9701077938079834
568,59,1.0,3.329490900039673
220,995,3.0,3.4570114612579346
181,874,1.0,1.6500154733657837
636,15,5.0,4.33760404586792
868,1031,1.0,2.2385149002075195
542,433,3.0,3.653984546661377
162,181,4.0,4.080973148345947
779,71,4.0,4.173851490020752
892,125,4.0,3.9418447017669678
453,56,5.0,3.882359743118286
399,426,3.0,2.5689632892608643
435,825,3.0,2.6245603561401367
244,1017,4.0,3.603982448577881
50,475,5.0,4.0295233726501465
124,172,3.0,3.6299660205841064
928,878,5.0,3.2755167484283447
481,153,5.0,3.919950246810913
342,433,5.0,3.674621820449829
898,242,4.0,4.237271308898926
48,71,3.0,3.7828423976898193
497,545,3.0,1.698366403579712
303,801,1.0,2.7365262508392334
249,1039,5.0,4.34612512588501
906,740,4.0,3.631401538848877
648,50,5.0,4.286796569824219
569,291,4.0,3.284961462020874
659,496,5.0,4.203851222991943
58,652,5.0,3.8221194744110107
307,509,3.0,4.0434722900390625
243,713,3.0,3.653531312942505
201,37,2.0,1.9447975158691406
1,134,4.0,4.258478164672852
622,542,2.0,2.6818225383758545
416,468,5.0,3.615614652633667
117,1095,3.0,2.7236907482147217
551,1253,2.0,3.0379035472869873
606,209,4.0,4.43654203414917
126,310,2.0,3.8009719848632812
499,527,5.0,3.9745209217071533
790,83,3.0,3.8255293369293213
354,724,2.0,3.413039207458496
562,56,1.0,4.021557331085205
207,18,2.0,2.8845345973968506
839,100,3.0,3.9387834072113037
911,134,4.0,4.276252746582031
8,510,4.0,4.321707725524902
416,1053,4.0,3.476408004760742
235,69,4.0,3.8469908237457275
763,11,4.0,3.994741678237915
184,86,5.0,3.96191143989563
434,147,3.0,3.8940975666046143
305,474,5.0,3.9115712642669678
92,758,1.0,1.6488227844238281
301,693,5.0,3.6653995513916016
804,402,3.0,3.5889174938201904
395,172,5.0,4.455836772918701
679,100,3.0,3.963361978530884
313,161,4.0,3.491553544998169
802,670,4.0,3.2655835151672363
243,813,4.0,3.908406972885132
374,467,4.0,3.854395627975464
85,502,4.0,3.663029432296753
605,357,5.0,4.411337375640869
568,462,4.0,3.168182134628296
702,289,2.0,2.2321243286132812
919,937,4.0,3.4565112590789795
363,1157,2.0,2.5437211990356445
881,420,3.0,3.383960485458374
758,471,3.0,3.9021341800689697
737,89,4.0,4.185025215148926
927,738,3.0,3.469019651412964
536,405,2.0,3.5372543334960938
617,242,3.0,3.2306621074676514
748,528,3.0,3.973928689956665
321,704,3.0,2.774653911590576
195,921,3.0,3.943816900253296
207,367,3.0,3.213099241256714
682,304,1.0,3.2730605602264404
524,1204,3.0,3.429192543029785
851,405,5.0,3.425381898880005
488,732,4.0,3.275285482406616
378,703,4.0,3.4767675399780273
758,447,4.0,3.835895299911499
868,447,2.0,3.0279629230499268
296,61,3.0,4.403737545013428
144,1016,3.0,3.3300275802612305
825,685,4.0,3.609541177749634
405,519,2.0,2.440808057785034
384,989,4.0,3.6590023040771484
787,300,4.0,3.479891061782837
720,304,4.0,3.9202845096588135
232,474,5.0,4.290112018585205
886,96,3.0,3.9070799350738525
447,252,3.0,2.944465398788452
56,196,2.0,4.202857494354248
234,193,4.0,3.460571050643921
286,640,5.0,3.6025922298431396
128,506,4.0,3.809936046600342
378,1,4.0,3.8384978771209717
181,1356,1.0,1.659369707107544
682,423,5.0,3.5397162437438965
327,190,4.0,3.8757450580596924
24,367,2.0,4.083785533905029
581,1097,4.0,3.5858538150787354
818,887,4.0,3.3582565784454346
773,780,4.0,2.696017026901245
394,89,5.0,4.750169277191162
320,300,4.0,3.9787423610687256
773,258,5.0,3.4497125148773193
222,1087,1.0,1.642331838607788
271,241,3.0,3.400766134262085
924,429,4.0,3.9693586826324463
258,300,5.0,3.9138381481170654
295,210,4.0,4.555374622344971
274,1060,4.0,3.5099856853485107
788,748,3.0,2.985201597213745
633,183,4.0,3.75150728225708
660,235,3.0,2.0811545848846436
624,302,4.0,4.38659143447876
405,530,1.0,2.493119478225708
275,50,4.0,4.019248962402344
83,254,2.0,2.598134994506836
868,1,4.0,3.4246885776519775
625,202,3.0,3.3890209197998047
716,468,3.0,3.4152233600616455
717,322,5.0,3.383877992630005
459,79,3.0,4.158510208129883
496,1074,2.0,2.2638211250305176
207,302,4.0,3.9109585285186768
144,20,4.0,3.1682488918304443
43,486,4.0,3.99786114692688
241,307,4.0,3.253108263015747
483,318,3.0,4.052436351776123
922,739,3.0,3.1154003143310547
599,245,3.0,3.8329598903656006
144,823,3.0,2.753657102584839
553,481,3.0,4.061095237731934
551,268,4.0,4.041182994842529
339,218,3.0,3.7497341632843018
842,340,5.0,3.7697207927703857
95,573,1.0,3.1061036586761475
617,136,3.0,3.268195629119873
916,475,4.0,3.755364179611206
788,755,3.0,3.1099894046783447
731,494,3.0,3.6549127101898193
401,520,3.0,3.532216787338257
177,358,2.0,2.3827617168426514
501,1081,3.0,3.8713295459747314
83,35,1.0,2.5491106510162354
770,288,4.0,4.338201999664307
790,186,3.0,3.7093708515167236
181,1165,1.0,1.1780041456222534
62,436,3.0,3.2874057292938232
757,248,4.0,3.615227460861206
709,860,3.0,2.4663288593292236
843,265,3.0,2.884014368057251
438,866,5.0,3.80796217918396
456,179,5.0,3.8474791049957275
248,257,3.0,3.592698812484741
429,207,4.0,3.659503698348999
194,227,1.0,2.6553800106048584
468,91,5.0,3.8622395992279053
843,162,2.0,2.750842332839966
214,195,4.0,3.9545786380767822
253,328,4.0,3.4870059490203857
851,353,3.0,2.60591459274292
268,546,4.0,2.5731637477874756
500,479,5.0,4.1211981773376465
373,82,1.0,3.8751962184906006
727,184,3.0,3.0938198566436768
106,12,4.0,4.342548847198486
484,143,4.0,4.150043964385986
655,607,4.0,3.4026284217834473
645,239,3.0,3.5527608394622803
524,23,5.0,4.007901668548584
591,202,3.0,3.591251850128174
553,603,5.0,4.463345050811768
303,1286,4.0,3.3143603801727295
43,289,4.0,3.191291093826294
1,210,4.0,3.9063751697540283
412,208,4.0,3.941704034805298
564,245,4.0,3.057847261428833
881,204,4.0,3.5749216079711914
578,325,1.0,2.087162971496582
205,333,4.0,3.096351385116577
205,304,3.0,3.040001153945923
854,1134,3.0,2.897624969482422
133,245,3.0,2.5909581184387207
456,710,3.0,3.4353187084198
764,321,1.0,3.2314987182617188
817,405,3.0,3.3384485244750977
31,498,4.0,4.412102222442627
655,867,4.0,3.2181503772735596
130,1039,4.0,4.659478664398193
401,143,4.0,3.1090729236602783
314,423,4.0,4.197056293487549
795,402,2.0,3.1264030933380127
484,692,5.0,3.9914515018463135
130,95,5.0,4.41196870803833
434,1,4.0,4.244792461395264
144,747,5.0,3.3157522678375244
259,772,4.0,3.4445207118988037
311,781,2.0,3.4358086585998535
613,1157,2.0,3.478912353515625
351,678,4.0,3.545994997024536
188,742,5.0,3.648425340652466
408,300,3.0,3.809150218963623
618,1212,2.0,2.4042179584503174
602,257,4.0,4.363097667694092
81,282,5.0,3.5603017807006836
233,191,4.0,4.63983678817749
211,890,2.0,1.5612117052078247
859,1315,4.0,3.9853222370147705
385,221,5.0,3.3922202587127686
862,416,3.0,4.210475444793701
776,496,3.0,4.015922546386719
90,136,5.0,4.585323810577393
713,347,4.0,2.8618528842926025
377,272,5.0,4.4892354011535645
615,319,4.0,3.230811357498169
12,174,5.0,4.660595417022705
327,72,2.0,2.799710512161255
942,607,5.0,4.388431072235107
455,504,4.0,3.7673723697662354
52,333,4.0,4.1169304847717285
447,209,4.0,4.147562026977539
454,651,4.0,3.2193946838378906
276,751,4.0,3.483888626098633
777,273,4.0,3.6984822750091553
145,219,5.0,3.390331983566284
655,574,2.0,1.6062512397766113
805,559,3.0,3.0157244205474854
515,344,2.0,3.521880865097046
283,194,4.0,4.599894046783447
236,443,4.0,3.645753860473633
385,58,4.0,3.03808856010437
110,38,3.0,2.724414110183716
766,265,3.0,3.5699145793914795
200,43,3.0,3.703193426132202
339,515,5.0,4.604208946228027
557,198,5.0,4.265699863433838
221,32,4.0,3.92690110206604
566,134,5.0,4.08056640625
234,238,3.0,3.2370948791503906
417,708,2.0,3.3074209690093994
201,436,3.0,3.1251630783081055
383,19,4.0,4.2504658699035645
396,117,4.0,3.827166795730591
198,98,4.0,3.8385374546051025
10,703,5.0,3.891399621963501
551,720,2.0,3.2162132263183594
892,216,5.0,4.484231472015381
795,367,3.0,3.1422531604766846
405,1207,1.0,1.421893835067749
487,56,4.0,4.247170448303223
790,449,2.0,2.742455244064331
796,403,4.0,3.4575564861297607
503,286,3.0,3.836303234100342
417,78,2.0,2.329049825668335
478,42,5.0,3.5801827907562256
386,50,4.0,4.692471981048584
844,1039,4.0,3.7720911502838135
157,410,4.0,3.5440309047698975
709,540,3.0,2.57843017578125
536,582,2.0,3.9531447887420654
327,411,3.0,2.4303712844848633
363,652,4.0,3.3893301486968994
621,890,1.0,2.410555601119995
294,678,2.0,3.00382924079895
782,1608,3.0,1.791601300239563
124,166,5.0,3.6343953609466553
468,662,4.0,3.6742987632751465
938,105,1.0,2.494649887084961
267,403,4.0,3.602289915084839
495,674,3.0,3.7107250690460205
334,183,4.0,3.784501791000366
852,930,3.0,2.961674928665161
916,523,3.0,3.8518431186676025
840,1018,3.0,3.682560682296753
226,25,4.0,3.401108980178833
883,1404,3.0,3.7160160541534424
154,475,4.0,4.074859142303467
417,461,3.0,3.4254677295684814
151,318,5.0,4.674675464630127
284,332,3.0,3.45318341255188
219,4,4.0,3.6964852809906006
595,109,2.0,3.284379720687866
932,230,4.0,3.7815587520599365
934,1065,2.0,3.5301010608673096
151,663,4.0,4.103817462921143
38,95,5.0,4.181576728820801
319,259,2.0,2.7597062587738037
568,638,3.0,3.177502393722534
262,736,3.0,3.65083646774292
299,433,5.0,3.572126626968384
916,234,4.0,3.587632894515991
805,346,4.0,3.5673775672912598
506,715,2.0,3.3607871532440186
301,772,3.0,3.0440456867218018
503,205,4.0,4.212164402008057
308,109,3.0,3.4795520305633545
771,173,4.0,4.173946857452393
210,692,4.0,3.924082040786743
896,274,2.0,3.007107973098755
907,813,5.0,5.052840232849121
921,422,3.0,2.4144937992095947
486,332,3.0,3.257404088973999
853,877,2.0,2.3154284954071045
646,682,3.0,2.445319652557373
458,330,3.0,2.8647027015686035
487,419,3.0,3.813810348510742
385,794,2.0,3.108098268508911
474,259,1.0,3.0030791759490967
373,132,3.0,4.179044723510742
5,369,1.0,2.1972930431365967
283,95,5.0,4.336886882781982
907,277,5.0,4.622294902801514
567,1012,3.0,3.4942362308502197
406,393,4.0,3.132467031478882
668,355,2.0,2.905151605606079
837,284,1.0,2.9882538318634033
457,931,2.0,2.699143648147583
551,144,5.0,4.18552827835083
526,750,4.0,3.572890043258667
181,334,1.0,1.6059489250183105
449,212,5.0,3.438673496246338
186,303,3.0,3.8861501216888428
87,323,3.0,3.329601287841797
164,472,5.0,3.747695207595825
268,233,3.0,2.859954357147217
601,154,5.0,3.266371250152588
60,842,4.0,3.337977647781372
738,470,4.0,3.5087592601776123
352,96,4.0,4.039424419403076
148,8,4.0,4.020440101623535
273,304,3.0,3.599033832550049
18,64,5.0,4.592281818389893
879,304,4.0,3.517549753189087
468,89,4.0,4.481213092803955
22,546,3.0,2.874469041824341
276,108,3.0,3.3073923587799072
401,97,4.0,3.1152231693267822
378,1063,4.0,3.6039774417877197
117,307,5.0,3.917490243911743
110,326,4.0,3.0577938556671143
297,301,4.0,3.005951166152954
234,176,3.0,3.533700704574585
650,630,5.0,2.6717851161956787
227,137,5.0,3.8246703147888184
763,464,3.0,3.8655803203582764
214,482,4.0,4.197021961212158
552,284,3.0,3.0036981105804443
293,135,5.0,3.51724910736084
808,300,4.0,4.239954471588135
294,405,4.0,3.404658079147339
504,678,4.0,2.995089054107666
201,685,3.0,2.80226731300354
83,118,3.0,3.2735230922698975
655,1082,3.0,2.228588104248047
125,914,1.0,2.476487159729004
262,955,2.0,3.250520706176758
653,187,4.0,3.3544275760650635
870,641,4.0,4.080564498901367
833,443,3.0,3.366807460784912
308,665,4.0,3.1112582683563232
276,159,3.0,3.3604135513305664
864,531,5.0,4.231695652008057
603,748,5.0,3.2759268283843994
756,230,3.0,3.250553846359253
7,677,3.0,2.9855268001556396
292,659,5.0,4.537919521331787
906,276,5.0,3.7852985858917236
13,448,1.0,3.255631923675537
230,951,5.0,2.947766065597534
747,94,4.0,3.3960158824920654
363,100,5.0,3.6810200214385986
311,79,4.0,4.170589923858643
690,218,5.0,3.221682071685791
621,1228,3.0,2.8136579990386963
288,900,5.0,3.8262956142425537
747,508,5.0,3.8750226497650146
429,63,2.0,2.8033645153045654
241,887,4.0,3.406743049621582
410,316,4.0,3.743434190750122
159,72,3.0,3.5094006061553955
332,472,3.0,3.8334600925445557
761,245,5.0,2.6355154514312744
458,527,2.0,3.8999645709991455
841,322,4.0,3.466242551803589
892,1454,3.0,3.8186237812042236
405,1570,1.0,1.4859626293182373
262,755,3.0,3.050475835800171
653,967,2.0,2.400437116622925
575,181,2.0,3.1688730716705322
380,750,4.0,3.246962308883667
101,756,3.0,2.5489323139190674
465,286,4.0,3.15523362159729
603,747,3.0,3.5493409633636475
840,216,4.0,4.252315044403076
160,32,5.0,3.9949066638946533
301,514,3.0,3.8545424938201904
551,780,5.0,3.412702798843384
847,98,4.0,3.6769888401031494
870,949,3.0,3.048894166946411
294,334,4.0,3.53863263130188
805,476,1.0,2.8454372882843018
655,210,3.0,3.3875572681427
551,226,5.0,3.653867483139038
466,27,3.0,2.9571425914764404
130,125,5.0,4.191080570220947
738,603,5.0,4.253397464752197
752,332,4.0,3.2146928310394287
60,82,3.0,3.99117112159729
336,367,3.0,3.392530679702759
735,813,4.0,3.703028678894043
280,975,4.0,3.3486711978912354
738,230,4.0,3.492375135421753
85,250,3.0,3.191636323928833
337,471,5.0,3.8767478466033936
555,762,4.0,3.95522141456604
570,327,4.0,2.633446455001831
685,269,3.0,2.558500051498413
447,290,4.0,3.2290005683898926
23,219,1.0,3.167699098587036
334,93,4.0,3.6379592418670654
155,331,3.0,2.8154916763305664
493,357,5.0,4.502933025360107
820,315,3.0,3.7464473247528076
698,478,4.0,3.1517724990844727
618,507,4.0,3.5075294971466064
435,185,4.0,3.9131839275360107
821,435,4.0,4.524009704589844
634,933,3.0,2.8262832164764404
49,657,5.0,3.55086612701416
476,173,5.0,4.216175556182861
86,328,2.0,3.4495127201080322
429,587,3.0,3.523634195327759
452,153,4.0,3.4261317253112793
712,501,3.0,3.720020055770874
290,323,3.0,2.652855157852173
378,1181,2.0,2.7033493518829346
693,176,2.0,3.466028928756714
17,151,4.0,3.0808002948760986
354,953,3.0,3.4301199913024902
10,340,4.0,3.8856871128082275
181,13,2.0,1.9929156303405762
177,7,4.0,3.6179821491241455
293,11,3.0,3.2812960147857666
5,385,4.0,3.3793208599090576
712,1040,4.0,2.8371098041534424
326,554,3.0,2.1017885208129883
474,1063,5.0,3.906438112258911
14,302,5.0,4.431068420410156
198,200,4.0,3.4447429180145264
787,906,1.0,3.432677984237671
49,625,3.0,2.596096992492676
766,209,3.0,3.7197444438934326
642,622,4.0,3.7454283237457275
152,354,3.0,4.40856409072876
880,70,4.0,3.88476824760437
487,689,1.0,3.1725268363952637
787,258,5.0,3.653196334838867
144,58,3.0,3.376973867416382
530,319,3.0,3.33014178276062
696,285,4.0,4.487809181213379
523,533,4.0,4.3740739822387695
301,203,4.0,3.9098689556121826
890,167,2.0,3.1257364749908447
808,262,5.0,4.386502265930176
943,226,4.0,3.327639579772949
44,274,4.0,3.5379297733306885
193,690,4.0,3.260472536087036
516,474,5.0,4.493253231048584
332,928,5.0,3.9209511280059814
286,747,4.0,3.880152463912964
249,69,5.0,4.240098476409912
13,430,5.0,3.8145480155944824
654,3,3.0,3.104212522506714
293,65,3.0,2.981391668319702
892,88,4.0,3.9473817348480225
486,280,2.0,2.9064300060272217
890,496,5.0,4.194421291351318
109,322,2.0,3.114509344100952
780,705,5.0,3.8591153621673584
846,768,4.0,3.012705087661743
145,894,1.0,1.8841843605041504
437,393,3.0,3.376596450805664
267,550,4.0,3.58786678314209
880,310,3.0,3.8513786792755127
405,1487,1.0,1.4929306507110596
280,409,3.0,3.3214833736419678
641,528,4.0,4.438645839691162
281,288,4.0,3.5156617164611816
207,38,3.0,2.545224905014038
899,69,3.0,3.756643533706665
123,480,3.0,4.489954948425293
208,88,5.0,3.3609070777893066
650,230,4.0,3.042252540588379
910,50,5.0,3.909088373184204
162,174,4.0,4.40887451171875
323,886,3.0,3.1306235790252686
298,474,4.0,4.504129886627197
882,79,5.0,4.383360862731934
128,54,2.0,3.2395832538604736
1,264,2.0,2.6118760108947754
840,707,5.0,4.222405910491943
566,202,4.0,3.504915475845337
500,210,3.0,3.808453321456909
125,163,5.0,3.545247793197632
653,719,3.0,1.7246884107589722
141,591,4.0,3.6935653686523438
406,39,4.0,3.0654218196868896
862,484,4.0,4.8619489669799805
96,173,3.0,4.471480846405029
361,435,5.0,3.829071044921875
330,121,4.0,4.325021266937256
303,318,5.0,4.483149528503418
8,336,3.0,2.93635892868042
334,130,4.0,2.124152421951294
627,576,3.0,2.7226927280426025
24,69,5.0,4.377429962158203
120,9,4.0,3.7806460857391357
887,932,2.0,3.4257516860961914
334,38,2.0,2.6971237659454346
908,631,4.0,3.1742818355560303
846,202,5.0,3.8874285221099854
501,922,4.0,4.418606281280518
115,922,3.0,4.225374698638916
94,51,3.0,3.5946993827819824
7,607,3.0,4.384771823883057
548,275,3.0,4.254745006561279
429,651,4.0,3.8879153728485107
303,53,3.0,2.9385030269622803
746,168,3.0,3.9738829135894775
62,1134,2.0,3.1052563190460205
26,864,2.0,2.7960846424102783
498,657,3.0,3.8561594486236572
83,932,4.0,2.973881483078003
255,665,3.0,2.3640637397766113
864,665,3.0,3.3981001377105713
87,519,4.0,4.431714057922363
249,302,4.0,4.561227798461914
486,255,3.0,3.1535990238189697
586,735,3.0,3.708510160446167
922,69,3.0,3.7621684074401855
478,604,3.0,3.954904794692993
216,368,2.0,1.8329695463180542
288,211,5.0,3.992798089981079
782,1615,3.0,2.4338490962982178
329,258,3.0,3.4748623371124268
94,381,4.0,3.691030502319336
627,176,5.0,3.8346049785614014
535,1039,4.0,4.010531425476074
342,26,2.0,3.4098281860351562
91,735,4.0,3.917309045791626
727,358,2.0,2.2370471954345703
316,1039,5.0,3.3912723064422607
862,173,5.0,4.858367919921875
445,504,3.0,2.3809187412261963
277,24,4.0,3.3413617610931396
197,288,3.0,3.2181856632232666
757,323,3.0,2.7919604778289795
450,488,4.0,4.515357971191406
796,357,4.0,4.4983906745910645
303,746,4.0,3.7142441272735596
450,35,2.0,2.8094184398651123
436,435,4.0,4.183310508728027
727,109,2.0,3.127436876296997
332,257,4.0,4.638966083526611
551,470,5.0,3.8774192333221436
200,1073,3.0,4.559868812561035
97,526,3.0,4.257812976837158
231,252,4.0,3.382758855819702
479,629,3.0,3.106109857559204
205,875,2.0,2.147069215774536
405,579,1.0,1.5673078298568726
788,284,3.0,2.96875262260437
245,717,4.0,2.6137523651123047
85,222,2.0,3.5070784091949463
609,294,2.0,2.3407986164093018
694,188,5.0,3.9533817768096924
1,227,4.0,3.260896921157837
144,105,2.0,2.2274553775787354
144,32,4.0,3.7301554679870605
901,1047,3.0,3.1906135082244873
13,514,5.0,3.694892168045044
883,30,4.0,4.26678991317749
847,66,3.0,2.8937761783599854
613,303,4.0,4.142129421234131
271,471,3.0,3.391556739807129
543,936,4.0,3.7118630409240723
938,225,4.0,3.025453805923462
394,77,3.0,3.8773205280303955
823,164,3.0,3.785970687866211
671,250,5.0,3.5550878047943115
757,751,3.0,3.2453272342681885
426,504,4.0,3.8715364933013916
210,134,5.0,4.689280033111572
700,48,4.0,3.8905069828033447
472,313,5.0,5.14137601852417
758,887,5.0,4.019608497619629
716,418,4.0,3.6208364963531494
64,568,4.0,3.5395750999450684
919,253,3.0,3.46781849861145
327,250,2.0,3.008568048477173
201,61,2.0,3.5811147689819336
861,301,4.0,3.5153863430023193
922,250,2.0,3.221472978591919
286,792,3.0,4.070127964019775
574,333,3.0,3.430021047592163
18,59,4.0,4.10653829574585
682,201,4.0,3.2208735942840576
668,311,4.0,3.7668418884277344
630,409,3.0,2.9616453647613525
374,1277,3.0,3.3162448406219482
932,527,4.0,4.198976039886475
588,638,4.0,4.074417591094971
766,577,3.0,1.8846428394317627
805,322,2.0,2.93074107170105
798,196,3.0,3.9862959384918213
121,631,4.0,3.4896092414855957
130,949,3.0,4.12498664855957
177,260,2.0,2.410362958908081
130,1013,4.0,3.1472160816192627
541,1315,1.0,3.7644569873809814
145,123,4.0,3.0824642181396484
420,14,5.0,4.165069580078125
624,298,4.0,3.9738872051239014
798,734,3.0,2.7469422817230225
640,12,5.0,4.9057416915893555
95,186,5.0,3.9514577388763428
750,881,2.0,2.6888086795806885
532,506,5.0,4.4938554763793945
214,509,4.0,4.012170314788818
727,235,3.0,2.637176752090454
184,582,4.0,3.6907799243927
417,260,3.0,2.4360084533691406
308,402,4.0,3.5883851051330566
545,1228,3.0,2.654607057571411
193,1406,4.0,3.3914244174957275
749,434,4.0,4.030184745788574
630,295,4.0,3.3268635272979736
676,845,5.0,3.250471591949463
474,650,4.0,3.715031862258911
552,258,4.0,3.660496950149536
453,476,3.0,2.7456929683685303
897,609,5.0,3.891799211502075
226,182,1.0,4.02500581741333
18,402,3.0,3.574147939682007
306,1251,5.0,3.9286277294158936
499,525,4.0,4.089059352874756
272,474,5.0,4.505670070648193
555,118,4.0,3.765197992324829
750,323,3.0,2.8139257431030273
145,343,5.0,3.0413222312927246
360,170,5.0,4.425280570983887
528,505,4.0,4.038567543029785
580,123,4.0,3.2637789249420166
334,47,4.0,3.5319135189056396
348,1028,4.0,3.7216908931732178
896,258,5.0,3.318758249282837
200,172,5.0,4.702890872955322
151,660,4.0,4.043903827667236
246,721,4.0,3.010852813720703
582,181,4.0,3.920543909072876
279,167,3.0,3.256223440170288
421,89,5.0,4.178350925445557
815,99,4.0,3.748152494430542
582,50,5.0,4.3516411781311035
551,415,4.0,3.082878589630127
231,15,4.0,3.974539041519165
345,285,5.0,4.365346431732178
867,180,5.0,4.330313205718994
677,742,4.0,3.716731071472168
94,176,4.0,4.189234256744385
879,117,4.0,3.5833141803741455
62,83,5.0,3.807086229324341
218,164,3.0,3.17537260055542
95,15,4.0,3.5497653484344482
896,658,4.0,2.9007766246795654
429,729,2.0,3.202888011932373
174,98,5.0,4.3903398513793945
294,257,3.0,4.053922176361084
61,304,4.0,3.200206995010376
264,202,5.0,4.221351623535156
119,995,4.0,3.7924768924713135
538,210,3.0,3.72438645362854
11,58,3.0,3.424198865890503
234,433,2.0,3.2322585582733154
332,31,4.0,4.4443230628967285
109,223,4.0,4.213178634643555
338,462,4.0,3.676980495452881
489,359,5.0,3.871004343032837
399,769,3.0,2.096614122390747
426,661,4.0,4.166877746582031
16,100,5.0,4.549199104309082
406,22,3.0,4.065440654754639
305,792,4.0,3.3210642337799072
752,751,4.0,3.122469902038574
425,398,1.0,1.6648515462875366
505,172,3.0,3.885890245437622
85,596,3.0,3.1897990703582764
815,176,4.0,4.147113800048828
933,157,4.0,2.892047166824341
393,1215,3.0,2.066823959350586
568,423,4.0,3.0956146717071533
102,288,2.0,3.139760971069336
854,235,2.0,2.403074026107788
934,961,4.0,3.790684700012207
216,1101,4.0,3.964918375015259
7,609,3.0,3.989947557449341
775,333,4.0,3.6173980236053467
542,401,3.0,2.6594812870025635
493,191,4.0,4.371391296386719
546,569,4.0,3.5467870235443115
920,333,4.0,3.226886510848999
344,97,3.0,3.6807479858398438
222,28,5.0,3.762909173965454
766,193,3.0,3.6211931705474854
406,32,5.0,3.6757991313934326
16,479,5.0,4.714128017425537
177,223,4.0,4.074068546295166
118,132,4.0,4.893293857574463
537,1070,3.0,3.084768295288086
406,240,4.0,2.548001527786255
629,15,5.0,3.8744118213653564
262,185,3.0,3.899815797805786
262,762,2.0,3.173405408859253
327,180,4.0,3.666429281234741
798,1544,3.0,2.5436880588531494
542,87,3.0,3.8527185916900635
7,600,4.0,2.2692816257476807
798,29,4.0,2.814617872238159
323,289,2.0,2.9640071392059326
283,70,4.0,4.279812335968018
110,63,3.0,2.831984758377075
930,8,3.0,3.366030693054199
246,919,4.0,3.3149921894073486
938,1016,3.0,3.5693142414093018
472,831,5.0,3.3373091220855713
517,748,4.0,3.0408518314361572
127,450,5.0,3.1196680068969727
160,969,1.0,3.888530969619751
343,1211,4.0,3.902653932571411
757,69,3.0,3.800034284591675
328,31,4.0,3.479597330093384
326,226,5.0,2.8775839805603027
527,86,4.0,3.7934353351593018
427,938,5.0,4.224768161773682
208,435,5.0,3.8597490787506104
727,159,2.0,2.9647722244262695
916,708,4.0,3.229912042617798
60,50,5.0,4.613401889801025
694,197,5.0,4.486702919006348
382,546,2.0,2.506653070449829
600,566,3.0,3.6237809658050537
83,38,5.0,3.0288844108581543
639,285,1.0,3.3920326232910156
897,478,3.0,4.491069316864014
773,386,3.0,2.388542413711548
296,521,4.0,4.200747966766357
503,237,4.0,3.763312578201294
170,294,3.0,3.7997019290924072
181,288,4.0,2.3171236515045166
454,81,1.0,2.7810819149017334
545,550,3.0,3.3901355266571045
535,156,2.0,3.9743521213531494
13,485,1.0,3.7611122131347656
654,282,3.0,3.7627336978912354
29,326,2.0,3.3645551204681396
579,748,3.0,2.802093744277954
405,401,1.0,1.923877239227295
184,250,4.0,3.3687632083892822
223,225,3.0,2.722059488296509
26,456,1.0,1.7737350463867188
523,163,5.0,4.298863887786865
267,545,2.0,2.213196039199829
682,24,4.0,3.2313730716705322
811,258,5.0,4.454778671264648
524,117,3.0,3.4479475021362305
454,199,3.0,3.31897234916687
727,71,3.0,3.6032533645629883
62,118,2.0,2.843862771987915
699,225,3.0,2.7684707641601562
59,199,4.0,4.386322498321533
117,288,3.0,3.780693769454956
417,156,3.0,3.811490297317505
846,134,4.0,4.463079929351807
385,340,4.0,3.0650863647460938
144,815,1.0,2.9826135635375977
313,683,3.0,2.469000816345215
342,95,4.0,3.6332523822784424
405,435,1.0,2.364313840866089
291,756,3.0,3.2158117294311523
637,833,1.0,2.1661009788513184
484,597,3.0,3.5998103618621826
63,328,2.0,2.987663507461548
254,176,3.0,3.8242809772491455
840,50,4.0,4.630753040313721
389,501,5.0,3.494236469268799
661,204,5.0,3.8513500690460205
504,5,4.0,3.3715813159942627
363,429,5.0,3.6435577869415283
85,71,4.0,3.6926300525665283
338,792,4.0,3.5101318359375
628,984,5.0,3.8935225009918213
774,68,3.0,2.053812265396118
699,308,4.0,3.1100387573242188
246,1222,3.0,2.2205207347869873
276,1031,2.0,2.8934874534606934
116,603,3.0,3.9693806171417236
401,519,4.0,3.5202853679656982
715,179,4.0,3.9726741313934326
676,546,3.0,2.8377785682678223
424,989,2.0,2.547072172164917
276,854,4.0,3.7049500942230225
637,257,2.0,3.088258981704712
59,727,2.0,3.5692946910858154
279,1498,4.0,2.641996145248413
435,424,1.0,1.1851311922073364
492,153,4.0,3.2367944717407227
280,750,5.0,4.091183662414551
254,50,5.0,4.144724369049072
847,645,3.0,3.4889352321624756
222,56,5.0,3.833698034286499
493,317,3.0,4.074459075927734
690,284,4.0,2.8211097717285156
885,588,4.0,3.5892608165740967
189,268,4.0,3.9412848949432373
23,479,5.0,4.102419376373291
67,472,4.0,3.5462870597839355
22,878,1.0,2.341599464416504
484,150,4.0,4.281175136566162
334,58,4.0,3.3524622917175293
918,1195,4.0,2.878040313720703
145,635,4.0,2.8978066444396973
215,380,3.0,3.272233247756958
570,358,2.0,1.8881337642669678
56,1057,3.0,2.668508291244507
933,25,2.0,2.7288389205932617
272,514,5.0,4.107548713684082
606,151,5.0,3.9859182834625244
276,1044,3.0,3.3807897567749023
566,64,5.0,4.28455924987793
501,741,5.0,3.97479510307312
453,385,3.0,3.4687774181365967
830,925,4.0,3.1645071506500244
217,27,1.0,2.887545347213745
299,144,4.0,3.720149278640747
308,1286,3.0,3.421424388885498
448,338,1.0,2.201525926589966
541,596,4.0,3.6516363620758057
192,515,4.0,4.280013084411621
583,519,5.0,4.439005374908447
290,139,2.0,2.5635969638824463
256,778,4.0,4.476782321929932
178,124,4.0,4.192076683044434
316,22,4.0,3.63678240776062
833,428,2.0,3.4892661571502686
660,159,1.0,2.4098851680755615
938,328,2.0,3.448866605758667
919,332,4.0,3.3668558597564697
682,710,3.0,3.398712635040283
670,945,4.0,3.8565332889556885
335,323,4.0,2.9661781787872314
94,738,2.0,2.9953503608703613
211,205,5.0,3.6150763034820557
186,177,4.0,3.9745919704437256
206,1394,1.0,1.8323609828948975
193,276,4.0,3.5104780197143555
805,742,3.0,3.417152166366577
96,445,4.0,4.013245105743408
158,583,3.0,3.4251763820648193
863,350,1.0,3.073554277420044
524,107,3.0,3.501659631729126
741,1090,1.0,2.40683913230896
425,562,1.0,2.647786855697632
354,480,4.0,4.347253799438477
389,77,2.0,3.29184627532959
314,743,1.0,2.5065038204193115
280,286,4.0,3.898407220840454
770,50,3.0,5.197918891906738
379,522,5.0,4.210330009460449
858,754,4.0,3.2130753993988037
799,1545,4.0,2.6238443851470947
378,69,3.0,3.867814779281616
932,447,3.0,3.6668426990509033
128,387,2.0,3.362644672393799
450,1091,4.0,3.126972198486328
505,77,3.0,2.9847171306610107
727,465,2.0,3.2649662494659424
83,828,3.0,2.7519359588623047
922,1035,3.0,3.027000665664673
301,756,4.0,2.818725109100342
293,433,3.0,3.2126216888427734
59,764,4.0,3.0598459243774414
360,933,3.0,2.97444748878479
358,114,5.0,4.014820098876953
125,926,3.0,2.6517481803894043
45,21,3.0,3.1394522190093994
276,248,4.0,3.8537890911102295
880,732,4.0,3.8611323833465576
181,285,2.0,2.0468828678131104
744,603,5.0,4.125929832458496
695,682,1.0,2.8354671001434326
286,14,4.0,4.362873554229736
815,1299,3.0,3.0993950366973877
863,319,2.0,3.0438129901885986
901,174,5.0,4.5785651206970215
779,447,4.0,3.818021774291992
267,1035,4.0,3.4669926166534424
49,299,2.0,2.01851224899292
889,540,2.0,2.345609664916992
564,313,4.0,4.366278648376465
204,304,3.0,3.319469451904297
682,85,3.0,2.7288620471954346
927,568,5.0,4.059986591339111
621,222,4.0,3.8714888095855713
295,158,4.0,3.295849084854126
322,513,4.0,4.624695301055908
312,659,5.0,4.444163799285889
85,357,4.0,4.241858959197998
126,678,3.0,2.9970815181732178
856,678,3.0,2.533318519592285
934,432,5.0,3.7499258518218994
521,290,3.0,2.757993221282959
163,56,4.0,3.5627665519714355
92,737,4.0,2.9944493770599365
303,845,4.0,3.3534278869628906
804,328,4.0,3.443572998046875
130,158,5.0,3.353398323059082
77,121,2.0,2.9907448291778564
338,490,5.0,3.769218683242798
669,114,5.0,3.869201898574829
234,404,4.0,3.0800726413726807
880,546,3.0,3.1764817237854004
642,53,2.0,3.481902837753296
805,433,4.0,3.6547720432281494
578,300,4.0,3.0793769359588623
130,183,5.0,4.59488582611084
521,967,3.0,2.7836763858795166
186,754,2.0,3.3962349891662598
38,423,5.0,4.246543884277344
788,289,4.0,2.8254997730255127
251,144,5.0,4.015466690063477
18,775,3.0,2.8287293910980225
308,486,4.0,3.8924286365509033
751,734,1.0,2.4956231117248535
402,124,4.0,4.289024829864502
179,750,1.0,3.6695902347564697
492,242,5.0,3.594330072402954
397,56,5.0,4.017684459686279
807,358,3.0,2.945871353149414
551,471,5.0,3.822835922241211
322,194,5.0,4.168687343597412
425,12,5.0,3.86690354347229
250,475,4.0,4.289021015167236
271,134,3.0,4.161303997039795
58,69,1.0,3.896582841873169
156,11,2.0,3.5110509395599365
268,82,3.0,3.438370943069458
3,320,5.0,3.1479108333587646
405,1591,1.0,1.9894120693206787
95,450,2.0,2.424452304840088
872,332,3.0,3.678593873977661
561,772,4.0,2.3612024784088135
151,322,2.0,3.303333044052124
137,243,4.0,3.1962783336639404
184,262,5.0,3.795006275177002
497,225,3.0,2.6960530281066895
121,298,2.0,3.6200692653656006
7,52,4.0,4.248903751373291
472,117,3.0,4.517395496368408
229,328,1.0,2.8064510822296143
791,300,5.0,3.9362733364105225
932,198,4.0,4.321455955505371
65,365,3.0,3.3830549716949463
864,951,3.0,3.0263962745666504
877,59,5.0,4.090861797332764
374,229,5.0,3.0915772914886475
299,785,2.0,3.0725319385528564
931,100,4.0,4.135820388793945
655,205,3.0,3.4851906299591064
416,218,3.0,3.8115782737731934
325,114,5.0,4.044373035430908
495,441,3.0,3.3572280406951904
327,10,4.0,3.5437605381011963
268,50,5.0,4.070856094360352
235,647,4.0,4.337409019470215
416,765,4.0,3.2860612869262695
642,441,1.0,3.3100738525390625
169,331,5.0,3.3930306434631348
795,1555,3.0,2.5699920654296875
805,420,4.0,3.4737560749053955
758,536,2.0,3.8788130283355713
256,203,4.0,4.642640590667725
248,210,3.0,3.6740434169769287
330,102,4.0,4.239065647125244
625,546,2.0,2.547206163406372
536,427,5.0,4.554388523101807
735,275,4.0,3.69452166557312
43,501,4.0,3.613969564437866
665,194,3.0,3.9498350620269775
738,210,5.0,3.872575521469116
894,137,5.0,4.0477166175842285
601,91,5.0,3.071554660797119
181,302,2.0,2.20894718170166
453,356,2.0,3.0350005626678467
250,64,5.0,4.82334566116333
588,159,1.0,3.492141008377075
65,1142,4.0,4.028549671173096
413,628,4.0,3.5517609119415283
633,1132,2.0,2.5678112506866455
640,14,4.0,4.631669521331787
62,1074,4.0,2.610013484954834
405,175,1.0,2.492814302444458
880,230,3.0,3.785454034805298
404,1238,3.0,3.1831624507904053
718,756,5.0,3.1512837409973145
796,685,4.0,3.402751922607422
293,230,2.0,3.0232222080230713
488,9,4.0,3.3854901790618896
70,181,4.0,3.7827374935150146
234,558,4.0,3.149137258529663
829,198,4.0,3.8855202198028564
765,151,4.0,4.019008636474609
514,172,4.0,4.177341461181641
343,324,5.0,3.351679563522339
733,13,3.0,3.063746452331543
352,228,3.0,3.7358360290527344
60,616,3.0,3.8632586002349854
621,301,4.0,3.472888708114624
839,742,3.0,3.3620479106903076
21,320,3.0,3.191668748855591
344,45,5.0,3.988238573074341
588,313,5.0,4.53228235244751
766,434,5.0,3.5614278316497803
481,210,4.0,4.081348896026611
537,83,4.0,3.2977867126464844
715,24,3.0,3.3931736946105957
435,45,5.0,3.8457586765289307
922,80,3.0,2.6039888858795166
734,162,3.0,3.3842079639434814
81,1,4.0,3.722891092300415
7,151,4.0,4.039536952972412
499,588,4.0,3.823246479034424
634,276,5.0,3.6411845684051514
733,1085,4.0,2.7116506099700928
33,288,4.0,3.723390817642212
148,228,4.0,3.802830219268799
271,12,4.0,4.168297290802002
214,960,2.0,3.6754143238067627
800,257,4.0,3.918612241744995
858,292,3.0,3.558755397796631
456,479,5.0,4.063356876373291
416,1014,3.0,3.532054901123047
588,71,4.0,4.048894882202148
347,1059,3.0,2.6781005859375
246,158,1.0,1.9409873485565186
693,1248,3.0,2.3346340656280518
655,273,4.0,2.9849631786346436
881,112,2.0,2.2668545246124268
222,1439,3.0,2.789278268814087
592,132,5.0,4.332454681396484
798,720,5.0,2.985884189605713
290,162,3.0,3.4655563831329346
588,660,4.0,4.018519401550293
406,612,5.0,3.801483154296875
153,322,3.0,2.333867311477661
456,91,2.0,3.443474054336548
379,56,5.0,4.375306129455566
798,584,3.0,3.545473575592041
124,157,2.0,3.0548877716064453
189,639,4.0,3.8642475605010986
850,969,5.0,4.232804775238037
94,273,4.0,3.6790688037872314
635,1025,2.0,2.443495273590088
521,117,4.0,3.172868013381958
613,1,4.0,4.217243671417236
130,993,5.0,4.225525379180908
551,315,5.0,4.384671688079834
710,504,4.0,3.6733758449554443
727,17,1.0,2.9752330780029297
474,136,4.0,4.467414379119873
479,604,3.0,4.00204610824585
711,476,4.0,3.1878747940063477
870,469,4.0,3.426567316055298
707,770,3.0,3.296854257583618
331,269,5.0,3.8182222843170166
498,109,3.0,2.9298205375671387
254,504,3.0,3.658846616744995
122,660,3.0,4.118924140930176
279,1017,3.0,3.5273048877716064
354,186,4.0,3.9498698711395264
381,1018,4.0,3.500264883041382
209,269,2.0,3.6029300689697266
518,934,3.0,2.9044406414031982
832,328,3.0,3.013479709625244
711,958,5.0,4.153139591217041
393,922,4.0,4.181034564971924
804,655,4.0,4.0351243019104
606,202,4.0,4.085322380065918
377,288,5.0,3.6101410388946533
896,1622,2.0,1.9524896144866943
644,597,4.0,3.8162686824798584
773,14,5.0,3.6571457386016846
109,178,3.0,4.397732257843018
181,109,1.0,1.7247235774993896
406,942,4.0,3.379878282546997
504,127,5.0,4.44996976852417
299,742,4.0,3.3345067501068115
522,128,4.0,3.805000066757202
234,20,4.0,2.7520415782928467
256,657,5.0,4.9646806716918945
405,449,1.0,2.3206818103790283
781,327,4.0,3.203404664993286
269,639,4.0,3.0944368839263916
393,725,2.0,3.0183603763580322
308,705,5.0,4.082958698272705
385,37,4.0,1.9084925651550293
378,276,4.0,3.606626510620117
10,245,4.0,3.4463038444519043
787,938,3.0,2.5621678829193115
128,715,4.0,3.3397247791290283
903,120,2.0,2.3890669345855713
537,528,3.0,3.405564546585083
870,1210,1.0,2.3648664951324463
109,762,3.0,3.379716157913208
367,876,3.0,3.477013349533081
222,849,4.0,2.368605136871338
60,138,2.0,2.754523277282715
280,1063,3.0,3.835070848464966
62,204,3.0,3.5073535442352295
394,416,5.0,3.998492479324341
454,527,4.0,3.179499626159668
177,87,4.0,3.8183822631835938
151,478,5.0,4.425303936004639
510,259,2.0,2.505103349685669
159,456,3.0,2.622854471206665
313,485,3.0,3.8575708866119385
318,210,4.0,4.109281063079834
659,610,3.0,3.771977663040161
843,432,2.0,2.992666482925415
913,419,5.0,3.309346914291382
286,83,5.0,4.438893795013428
934,190,4.0,4.240122318267822
16,237,5.0,4.112064838409424
452,211,2.0,3.6441972255706787
239,171,5.0,4.221312522888184
492,83,4.0,3.519611120223999
815,435,4.0,4.009202480316162
940,285,4.0,3.909672975540161
627,660,4.0,3.5960166454315186
254,679,2.0,2.769413948059082
437,566,3.0,3.564985513687134
478,143,5.0,3.5711512565612793
225,245,2.0,3.7327778339385986
727,121,4.0,3.093219518661499
532,834,4.0,2.85685658454895
299,100,3.0,3.9112422466278076
886,512,1.0,4.027044773101807
384,328,4.0,4.079910755157471
286,20,4.0,3.7790157794952393
246,201,5.0,3.012566328048706
712,1037,4.0,1.9088962078094482
23,90,2.0,2.892437696456909
313,142,3.0,2.8471791744232178
505,66,4.0,3.1995978355407715
792,840,2.0,2.8191659450531006
923,257,5.0,4.541985511779785
691,304,3.0,3.9469759464263916
416,281,5.0,3.434915781021118
253,510,5.0,4.192773342132568
682,719,2.0,2.330589532852173
70,538,2.0,3.245147705078125
712,177,2.0,4.100674152374268
347,203,5.0,3.9758002758026123
489,325,5.0,3.3506786823272705
558,269,4.0,4.3318586349487305
74,237,4.0,3.637420892715454
509,260,2.0,2.173582077026367
817,147,3.0,3.542081117630005
15,476,4.0,2.440500497817993
843,210,3.0,3.083482503890991
248,806,3.0,3.349836587905884
846,490,4.0,4.101566791534424
502,333,4.0,3.634941339492798
586,273,5.0,3.429173707962036
888,535,4.0,3.5884010791778564
758,746,4.0,4.0441083908081055
114,210,3.0,3.6230309009552
201,774,1.0,2.7078750133514404
244,738,4.0,3.1628122329711914
677,243,3.0,2.625412702560425
500,402,3.0,3.3464150428771973
347,806,3.0,3.672377109527588
749,472,4.0,3.0109612941741943
932,1121,5.0,3.91169810295105
174,721,2.0,3.6256473064422607
659,345,4.0,3.477382183074951
889,1073,5.0,3.7734198570251465
18,195,3.0,3.9800217151641846
587,902,2.0,3.577643871307373
648,200,2.0,3.7334330081939697
301,265,4.0,3.914612054824829
338,212,4.0,3.1040704250335693
654,114,5.0,4.3918938636779785
174,155,4.0,3.214895248413086
606,38,4.0,3.3530995845794678
454,451,4.0,2.3860137462615967
561,163,3.0,2.9514358043670654
402,151,5.0,3.7833216190338135
311,22,4.0,4.370311737060547
650,1135,2.0,2.386246919631958
875,514,5.0,3.9952948093414307
1,202,5.0,3.6828269958496094
823,89,5.0,4.541768550872803
13,797,5.0,2.814103603363037
805,678,4.0,2.636110544204712
246,652,5.0,3.363314390182495
466,385,4.0,3.4885923862457275
283,845,4.0,4.021962642669678
823,96,4.0,4.353189945220947
151,522,5.0,4.128486633300781
184,368,1.0,1.6962764263153076
326,174,4.0,3.8253190517425537
83,468,4.0,3.359997034072876
854,156,3.0,3.4828526973724365
545,648,3.0,4.197162628173828
545,234,3.0,3.8810160160064697
671,810,2.0,3.0858216285705566
757,328,3.0,3.255810022354126
209,351,2.0,2.414494276046753
815,154,5.0,3.9250242710113525
368,50,4.0,4.226175308227539
417,163,4.0,3.4091532230377197
716,614,4.0,3.7786152362823486
188,554,2.0,2.871281862258911
1,59,5.0,3.976727247238159
73,28,3.0,3.8973119258880615
283,294,4.0,3.7759501934051514
643,200,3.0,3.8626105785369873
92,421,4.0,3.518198251724243
666,195,3.0,3.7694754600524902
301,7,4.0,3.7376868724823
195,99,3.0,3.6292197704315186
339,737,3.0,3.407686471939087
923,181,5.0,4.613619804382324
305,289,4.0,2.5691006183624268
62,365,2.0,2.995197057723999
655,698,4.0,2.4314303398132324
355,306,4.0,4.674012660980225
496,825,3.0,2.185382604598999
280,364,3.0,3.122361660003662
1,17,3.0,3.169193983078003
561,515,3.0,3.723036766052246
249,195,4.0,4.253392696380615
64,436,5.0,3.48815655708313
314,628,5.0,3.94549298286438
543,576,4.0,2.7419772148132324
498,558,4.0,3.2408604621887207
349,288,3.0,3.3153154850006104
339,182,5.0,4.290969371795654
102,405,2.0,2.730158567428589
267,393,3.0,3.5951850414276123
325,105,3.0,2.0014567375183105
943,569,2.0,2.805600643157959
222,58,3.0,3.2532002925872803
773,23,5.0,3.7993342876434326
880,976,2.0,2.395975351333618
763,819,2.0,2.834106922149658
274,815,3.0,3.563542604446411
707,297,3.0,3.8526928424835205
753,653,4.0,3.6370115280151367
128,190,4.0,4.238053321838379
848,485,5.0,4.239869117736816
840,257,3.0,4.120083332061768
632,227,3.0,3.253652334213257
200,89,5.0,4.8363471031188965
432,546,3.0,3.252333879470825
416,652,4.0,4.134954929351807
184,1148,3.0,3.531331777572632
35,876,2.0,2.732809066772461
702,895,1.0,2.3868486881256104
334,675,4.0,3.5662600994110107
85,221,2.0,3.6942784786224365
92,82,2.0,3.698709726333618
699,475,4.0,3.816702127456665
254,94,3.0,2.898834228515625
894,847,4.0,3.9317262172698975
301,132,4.0,4.0313401222229
731,140,2.0,2.5663235187530518
450,336,3.0,2.9787368774414062
245,597,4.0,2.9246666431427
698,481,3.0,2.8754775524139404
58,475,5.0,3.9878127574920654
87,1182,3.0,2.691387891769409
308,1028,2.0,3.110264778137207
402,529,4.0,4.164609432220459
308,856,4.0,3.983933687210083
216,1218,3.0,3.711193799972534
721,8,4.0,4.242772579193115
605,1,4.0,3.872493028640747
427,292,2.0,4.996428489685059
372,448,4.0,4.271728992462158
72,792,3.0,3.691373586654663
620,699,5.0,4.0972771644592285
875,654,4.0,4.315130710601807
846,484,5.0,4.342317581176758
357,820,4.0,3.6524498462677
847,200,3.0,3.2808849811553955
150,151,4.0,3.888155698776245
246,410,1.0,2.647653341293335
295,216,5.0,4.609653949737549
201,268,4.0,3.3375232219696045
727,206,3.0,3.342493772506714
892,56,4.0,4.553350448608398
393,815,4.0,3.3047282695770264
308,135,5.0,4.133514404296875
500,1012,4.0,3.348952531814575
683,607,5.0,3.606534242630005
864,96,5.0,4.435067176818848
864,642,3.0,3.8284618854522705
908,127,4.0,3.834987163543701
428,268,4.0,4.321930408477783
878,462,4.0,3.4052205085754395
389,629,2.0,3.262890338897705
877,371,5.0,3.291071653366089
833,58,2.0,2.994825601577759
717,290,3.0,3.4712469577789307
506,449,2.0,3.0416386127471924
832,326,4.0,2.8685357570648193
916,12,4.0,4.0926899909973145
383,657,5.0,4.593179702758789
70,96,4.0,3.907766580581665
314,283,4.0,4.141558647155762
189,132,5.0,4.2295942306518555
846,849,3.0,2.8928539752960205
782,1226,2.0,3.196765422821045
621,107,4.0,3.8741862773895264
454,742,3.0,2.7342655658721924
838,275,5.0,4.164501190185547
323,172,5.0,4.158157825469971
533,371,3.0,3.016535520553589
407,123,3.0,2.921034336090088
373,286,3.0,3.803154706954956
715,231,3.0,2.6014013290405273
303,1090,1.0,2.4594218730926514
316,286,5.0,3.074120044708252
933,265,4.0,3.2736332416534424
69,151,5.0,3.7585253715515137
432,222,4.0,3.8869898319244385
160,302,5.0,4.353888511657715
416,662,4.0,3.828923463821411
279,1007,4.0,4.162991046905518
590,1017,4.0,3.325167655944824
459,866,5.0,3.3801043033599854
697,595,4.0,3.457501173019409
640,56,5.0,4.675520420074463
650,191,4.0,3.7331349849700928
653,4,3.0,2.792192220687866
829,151,4.0,3.383545160293579
780,186,4.0,3.7982213497161865
312,481,5.0,4.262585163116455
354,216,3.0,3.9985382556915283
498,176,2.0,3.6250507831573486
695,903,4.0,3.2602427005767822
934,419,4.0,3.6697444915771484
286,315,5.0,4.4641923904418945
48,654,5.0,4.13572883605957
71,135,4.0,3.976057767868042
277,258,4.0,3.659146308898926
355,271,3.0,3.9679806232452393
402,235,3.0,3.1534335613250732
7,562,5.0,3.657579183578491
177,197,4.0,4.055283546447754
880,928,2.0,3.238337278366089
933,433,1.0,3.097245693206787
805,1008,4.0,3.48818302154541
308,671,4.0,3.8685057163238525
116,303,3.0,3.397991895675659
10,488,5.0,4.574418544769287
882,227,4.0,3.7380449771881104
499,357,5.0,4.377372741699219
59,418,2.0,3.653836250305176
828,246,2.0,3.426480531692505
456,210,3.0,3.7506120204925537
311,754,3.0,3.397547960281372
747,23,5.0,4.386856555938721
94,390,5.0,3.072291135787964
357,932,4.0,3.7688350677490234
11,549,4.0,3.5848376750946045
474,479,5.0,4.552478313446045
655,371,3.0,2.5751864910125732
216,184,4.0,3.537144899368286
452,88,2.0,3.0596587657928467
498,1426,3.0,2.79870343208313
843,91,3.0,2.7316136360168457
790,665,3.0,2.646094560623169
727,367,3.0,3.2662250995635986
292,28,4.0,4.426983833312988
457,175,5.0,4.448275566101074
481,4,3.0,3.708641529083252
62,4,4.0,3.3160016536712646
747,279,4.0,3.575800657272339
284,345,4.0,3.4292871952056885
697,975,1.0,3.6047375202178955
144,880,5.0,2.903282880783081
796,488,2.0,4.342401027679443
449,1367,4.0,4.94201135635376
183,144,3.0,3.687598943710327
621,876,2.0,2.9224016666412354
16,531,5.0,4.355731010437012
390,742,4.0,3.8765547275543213
214,327,5.0,3.380448579788208
197,518,1.0,3.6947200298309326
38,70,5.0,4.124392986297607
894,534,4.0,3.5104992389678955
72,100,5.0,4.107685565948486
548,255,4.0,3.6325278282165527
293,605,3.0,2.7708442211151123
407,565,3.0,2.5530736446380615
197,550,3.0,3.1189095973968506
198,824,2.0,2.1923773288726807
392,650,5.0,3.85685133934021
741,215,4.0,3.6139414310455322
59,127,5.0,4.537128448486328
398,732,4.0,3.5072243213653564
417,419,4.0,3.4977481365203857
643,1149,3.0,4.054455280303955
429,96,4.0,3.932093381881714
102,597,3.0,2.5441949367523193
118,551,5.0,3.50879168510437
334,905,1.0,3.2784645557403564
6,259,1.0,2.368630886077881
456,772,4.0,2.800051689147949
741,118,1.0,2.9890918731689453
829,129,4.0,3.656167507171631
339,45,5.0,4.296219348907471
864,628,4.0,3.874051332473755
292,125,2.0,3.9180386066436768
424,15,4.0,3.28230881690979
521,659,4.0,3.7084848880767822
504,94,4.0,3.339534044265747
49,813,3.0,3.287179708480835
537,265,3.0,3.176682949066162
458,654,5.0,4.106472492218018
397,172,5.0,4.075328350067139
69,50,5.0,4.530128002166748
524,461,3.0,3.4374947547912598
87,1187,2.0,4.0483479499816895
492,64,4.0,3.9564788341522217
120,546,2.0,2.969158411026001
165,174,4.0,4.42881441116333
784,678,4.0,3.2357630729675293
497,1615,3.0,2.685514211654663
642,231,3.0,3.2737128734588623
291,760,2.0,3.1223461627960205
886,164,4.0,3.328120708465576
380,614,3.0,2.9542744159698486
450,936,5.0,4.214385509490967
943,122,1.0,2.2077343463897705
676,117,4.0,3.503946542739868
115,181,4.0,4.094634056091309
405,141,2.0,2.4247782230377197
405,580,1.0,2.156083822250366
895,275,5.0,4.241143703460693
436,159,4.0,3.5756423473358154
246,809,2.0,2.6552956104278564
633,28,4.0,3.829177141189575
568,604,4.0,3.4011213779449463
561,99,3.0,3.0608131885528564
128,568,4.0,3.631145477294922
776,483,5.0,4.3980255126953125
806,483,4.0,4.549518585205078
150,246,5.0,4.1914286613464355
479,324,1.0,2.8862273693084717
437,1262,3.0,3.659057855606079
310,116,5.0,3.9393813610076904
210,99,4.0,4.047097206115723
880,188,4.0,3.8230926990509033
398,174,5.0,4.137874603271484
940,508,5.0,3.3039491176605225
734,662,3.0,3.1369502544403076
677,101,5.0,3.5492918491363525
2,280,3.0,3.1560590267181396
658,235,2.0,2.7493045330047607
846,376,2.0,2.931885004043579
886,1435,3.0,2.1806602478027344
312,480,5.0,4.683614730834961
68,245,3.0,2.4402735233306885
935,546,4.0,3.391056776046753
862,429,5.0,4.741436004638672
653,70,2.0,2.8838369846343994
224,326,4.0,2.794090509414673
795,62,4.0,2.6442041397094727
765,222,2.0,4.065432548522949
574,344,5.0,3.729428768157959
565,52,5.0,4.4926862716674805
660,167,2.0,2.2558164596557617
880,405,4.0,3.4133055210113525
429,662,3.0,3.3110783100128174
406,1194,4.0,3.9908292293548584
115,284,2.0,3.263543128967285
693,488,4.0,3.6376283168792725
405,425,2.0,2.247897148132324
436,423,4.0,4.056978225708008
574,1022,2.0,3.4678003787994385
435,54,4.0,3.0229885578155518
905,137,3.0,3.715043306350708
416,980,4.0,3.6886813640594482
766,380,2.0,2.8238346576690674
405,639,1.0,1.8222181797027588
100,990,3.0,2.771044969558716
862,64,5.0,5.1500749588012695
727,147,3.0,3.1620781421661377
445,1011,1.0,1.7263121604919434
870,238,4.0,3.434546709060669
672,874,4.0,3.1073343753814697
621,180,4.0,4.213909149169922
852,926,3.0,3.0146405696868896
326,521,2.0,3.3478829860687256
494,50,5.0,4.47898530960083
328,232,3.0,3.2347068786621094
85,180,4.0,3.8494980335235596
622,161,3.0,3.6356334686279297
671,66,5.0,3.6354787349700928
374,12,4.0,4.300337314605713
655,462,3.0,3.2866790294647217
416,742,4.0,3.871478796005249
786,174,4.0,4.380924224853516
642,90,4.0,3.5805470943450928
264,602,4.0,4.203620433807373
43,49,4.0,3.4888956546783447
368,201,5.0,3.303717613220215
198,480,4.0,3.9683845043182373
561,474,5.0,3.676973819732666
22,791,1.0,2.664604902267456
44,245,4.0,3.075777292251587
387,324,4.0,2.688716173171997
805,357,5.0,4.2861409187316895
295,151,4.0,4.263746738433838
524,484,4.0,4.054471015930176
365,137,3.0,3.9642813205718994
825,740,2.0,3.7682340145111084
345,303,4.0,3.8961174488067627
158,502,4.0,4.0288238525390625
868,739,2.0,2.7967774868011475
187,710,4.0,3.7299082279205322
393,71,3.0,3.9702279567718506
736,515,5.0,3.8044395446777344
428,269,5.0,4.520468711853027
102,239,3.0,2.8391170501708984
444,906,4.0,3.767953634262085
796,1032,3.0,3.100334882736206
23,73,3.0,3.315182685852051
432,411,3.0,3.149604558944702
654,367,4.0,3.577910900115967
766,443,3.0,3.497652292251587
757,405,4.0,3.1002752780914307
436,174,3.0,4.533803939819336
6,165,5.0,3.8948848247528076
521,755,3.0,2.829176902770996
243,708,3.0,3.3457581996917725
71,100,4.0,4.010204792022705
95,506,3.0,3.7781450748443604
428,879,4.0,3.8786842823028564
181,1394,1.0,0.9510238766670227
561,4,3.0,2.9777379035949707
634,237,5.0,3.620666980743408
5,395,2.0,2.074805498123169
525,255,1.0,3.2394754886627197
387,564,1.0,1.4524531364440918
606,477,4.0,3.613121747970581
639,483,5.0,3.6601669788360596
496,150,2.0,3.2338078022003174
454,736,3.0,3.0246925354003906
223,259,3.0,2.529465913772583
933,840,3.0,2.095679998397827
880,678,3.0,3.010561227798462
799,50,4.0,4.542062282562256
38,127,2.0,4.749823570251465
179,914,5.0,2.2147233486175537
191,345,4.0,3.333711862564087
509,754,1.0,2.4742581844329834
58,1102,1.0,3.6650426387786865
653,1087,2.0,1.110619306564331
184,65,4.0,3.55735182762146
244,946,4.0,3.289257764816284
413,100,4.0,4.141414165496826
16,467,5.0,4.335027694702148
749,431,5.0,3.5900609493255615
453,214,3.0,3.1202127933502197
750,286,4.0,3.6239137649536133
13,720,4.0,2.5867860317230225
748,181,4.0,3.7395222187042236
334,190,4.0,4.0699782371521
401,527,4.0,3.387550115585327
399,710,2.0,3.220491409301758
59,519,4.0,4.339768886566162
345,315,5.0,4.242550373077393
682,756,2.0,2.4672632217407227
394,577,2.0,2.909245252609253
342,1012,4.0,3.4064218997955322
696,310,4.0,3.9143226146698
221,824,3.0,2.8291406631469727
256,1,5.0,4.560801982879639
296,923,5.0,4.667751789093018
659,559,1.0,3.2364964485168457
5,144,3.0,3.6296193599700928
286,746,4.0,4.099984169006348
1,203,4.0,3.8855907917022705
668,286,4.0,3.6276257038116455
632,609,3.0,3.4948794841766357
584,227,4.0,3.223846912384033
256,473,5.0,3.95534348487854
275,69,3.0,3.520465612411499
796,869,4.0,3.1351821422576904
83,685,4.0,3.370441198348999
894,595,3.0,3.0480263233184814
445,208,2.0,2.5011565685272217
257,14,5.0,4.226108074188232
437,412,3.0,2.2848727703094482
826,511,3.0,4.6993184089660645
290,174,5.0,4.0421857833862305
548,305,1.0,4.040860652923584
676,539,4.0,2.423297643661499
332,159,5.0,4.125740051269531
654,275,5.0,4.074559688568115
870,96,4.0,3.7445547580718994
403,1047,2.0,3.029994249343872
197,226,4.0,3.178527593612671
450,495,4.0,3.958280324935913
405,669,1.0,1.7852942943572998
486,713,3.0,3.593440055847168
122,582,5.0,3.9775617122650146
286,298,4.0,4.176644802093506
650,1050,3.0,3.0100698471069336
239,836,5.0,3.700645685195923
566,575,1.0,2.180938482284546
200,570,4.0,3.8756625652313232
313,845,3.0,3.2388060092926025
522,135,5.0,4.292479038238525
732,304,5.0,3.790342092514038
435,1044,4.0,3.046661376953125
916,7,4.0,3.5406267642974854
693,378,2.0,3.111922264099121
64,173,5.0,4.127299785614014
543,161,4.0,3.378225088119507
168,744,5.0,3.276331663131714
194,526,4.0,3.413132905960083
363,1014,1.0,2.6966147422790527
863,321,4.0,2.949953079223633
286,280,4.0,3.573688268661499
148,521,1.0,3.832526683807373
505,526,5.0,3.8155369758605957
31,32,5.0,3.9449102878570557
914,313,3.0,4.125711441040039
379,63,2.0,3.3378336429595947
312,521,5.0,4.134582042694092
184,836,4.0,3.483546495437622
721,22,5.0,4.487823963165283
514,380,4.0,3.238001585006714
919,301,3.0,3.169691801071167
845,272,3.0,3.4644381999969482
75,294,3.0,3.21090030670166
474,174,5.0,4.56586217880249
642,1054,3.0,2.8183693885803223
234,492,3.0,3.2620561122894287
110,790,4.0,2.7198336124420166
896,1303,4.0,1.6075117588043213
644,546,4.0,3.6978986263275146
160,209,4.0,4.236006736755371
415,258,4.0,4.033942699432373
608,506,4.0,3.6585476398468018
457,699,4.0,4.0833306312561035
883,312,3.0,3.4195432662963867
107,286,2.0,3.2573063373565674
875,603,4.0,4.45222806930542
627,693,2.0,3.4604694843292236
1,9,5.0,3.7119500637054443
361,203,5.0,3.8373172283172607
79,313,2.0,4.515209197998047
709,29,3.0,2.7071421146392822
932,675,4.0,3.9150640964508057
201,1010,3.0,3.03969144821167
125,1204,3.0,3.553260564804077
524,277,3.0,3.331355333328247
378,780,2.0,3.062603235244751
130,385,5.0,4.389877796173096
659,96,4.0,4.148196220397949
845,690,5.0,2.60050892829895
890,480,5.0,4.415112018585205
144,319,3.0,3.0877411365509033
848,23,2.0,4.434533596038818
909,289,3.0,3.6921226978302
65,25,4.0,3.4691741466522217
62,402,3.0,3.226670503616333
693,117,4.0,2.9808313846588135
660,485,3.0,3.1271417140960693
374,1513,2.0,2.5169544219970703
749,823,3.0,2.9731132984161377
13,917,4.0,3.1438748836517334
814,413,2.0,2.0638718605041504
206,1429,1.0,2.2827155590057373
852,7,3.0,3.9909327030181885
334,510,4.0,3.9050381183624268
276,340,5.0,3.6748552322387695
271,300,2.0,3.4710464477539062
391,59,5.0,3.9311792850494385
346,77,4.0,3.082141876220703
271,97,5.0,3.5735418796539307
479,54,3.0,3.107651948928833
648,227,3.0,3.2119944095611572
884,921,5.0,3.751427412033081
533,15,4.0,3.428596019744873
851,159,3.0,3.452707052230835
718,982,4.0,2.999565839767456
22,121,3.0,3.3202083110809326
222,723,3.0,2.8571650981903076
661,615,4.0,4.12758207321167
660,315,4.0,3.2968590259552
474,182,5.0,4.306315898895264
675,1007,4.0,3.9661691188812256
696,347,1.0,3.7305424213409424
758,550,4.0,3.6955654621124268
3,325,1.0,2.213068962097168
95,182,2.0,4.015820503234863
450,427,5.0,4.564215183258057
919,236,5.0,3.631500005722046
608,70,4.0,3.5487563610076904
621,1029,2.0,1.966949224472046
268,52,3.0,3.527909278869629
13,565,1.0,2.43245530128479
339,235,3.0,3.2695982456207275
314,934,4.0,3.29441499710083
314,785,3.0,3.802588939666748
432,7,2.0,3.9796946048736572
69,1016,3.0,3.5969486236572266
649,147,4.0,3.588538408279419
234,1458,4.0,1.7393362522125244
249,628,3.0,3.9013559818267822
293,264,3.0,2.101710081100464
244,451,4.0,3.459235668182373
5,90,3.0,2.775660276412964
367,53,4.0,3.7926690578460693
815,131,2.0,3.970787763595581
58,1106,4.0,2.863818883895874
726,845,3.0,2.9048969745635986
178,204,4.0,3.847297430038452
201,597,2.0,2.6025826930999756
473,319,3.0,3.4616854190826416
864,70,4.0,4.0309247970581055
452,1089,1.0,1.7121500968933105
69,628,3.0,3.658965826034546
606,98,5.0,4.572507858276367
374,1215,1.0,1.8557631969451904
189,990,3.0,3.3974449634552
303,785,3.0,3.291189432144165
429,768,3.0,2.6380062103271484
178,846,3.0,2.991194486618042
907,1,5.0,4.899276256561279
781,483,5.0,4.421428203582764
729,690,2.0,3.0521626472473145
320,42,4.0,4.0844502449035645
634,9,5.0,3.777407646179199
666,206,4.0,3.4557197093963623
479,148,2.0,3.101226568222046
463,20,5.0,2.758068323135376
320,79,4.0,4.38074254989624
709,28,5.0,4.012350559234619
571,174,4.0,3.7636334896087646
930,64,4.0,3.8866493701934814
7,496,5.0,4.541438102722168
145,1087,1.0,2.036865472793579
869,287,2.0,3.0615551471710205
344,431,3.0,3.4517552852630615
712,568,5.0,3.8687784671783447
899,710,3.0,3.5108087062835693
41,195,4.0,3.6963014602661133
891,934,3.0,3.542694330215454
793,685,3.0,3.441911458969116
298,127,5.0,4.55103063583374
214,20,4.0,3.379267930984497
424,243,4.0,2.0466701984405518
768,9,5.0,3.501185655593872
527,93,4.0,3.6354458332061768
892,233,5.0,3.750486135482788
313,182,4.0,3.9340436458587646
929,31,2.0,3.2739205360412598
26,313,5.0,3.9842722415924072
642,1473,4.0,3.836697578430176
804,55,4.0,3.7804839611053467
655,1378,3.0,2.5356853008270264
484,550,4.0,3.807950496673584
823,144,5.0,4.186655521392822
517,405,4.0,3.1015195846557617
498,136,3.0,3.7438502311706543
378,254,1.0,2.4521539211273193
223,1088,4.0,1.7725690603256226
943,184,5.0,3.3322839736938477
870,763,4.0,2.9376089572906494
123,64,3.0,4.646448612213135
507,328,5.0,4.682136535644531
99,4,5.0,3.7306900024414062
72,582,4.0,3.6717326641082764
468,55,5.0,3.9088666439056396
13,137,5.0,3.7746424674987793
935,471,4.0,3.916701555252075
250,629,4.0,3.616835117340088
394,31,3.0,4.167821407318115
645,175,5.0,4.054392337799072
13,558,1.0,3.4956939220428467
399,320,3.0,3.1388356685638428
82,826,3.0,1.9004297256469727
883,277,4.0,3.699558973312378
710,483,5.0,4.2909440994262695
417,428,3.0,3.8425872325897217
145,983,1.0,2.372328996658325
311,12,4.0,4.447078227996826
207,53,1.0,2.6175763607025146
429,1224,2.0,2.6104891300201416
297,1073,3.0,3.713826894760132
435,219,5.0,3.1519510746002197
758,230,4.0,3.939345598220825
262,235,2.0,2.749798059463501
28,323,3.0,3.0417850017547607
264,558,5.0,4.207019329071045
457,831,2.0,2.884223222732544
561,109,1.0,2.766044855117798
672,515,5.0,4.052169322967529
102,792,3.0,3.0548274517059326
280,155,5.0,3.3355679512023926
215,8,2.0,4.054827690124512
256,761,4.0,3.812439203262329
536,50,5.0,4.650775909423828
77,215,2.0,3.3899426460266113
354,494,4.0,4.106940746307373
474,244,4.0,3.406993865966797
72,70,4.0,3.6789844036102295
533,1086,3.0,3.2219231128692627
290,121,4.0,3.096862554550171
62,357,4.0,4.128777027130127
504,1415,3.0,2.4373722076416016
539,306,4.0,4.1397223472595215
535,1098,5.0,3.6994802951812744
325,616,4.0,3.305691719055176
710,127,5.0,4.098841190338135
508,234,4.0,3.7639353275299072
506,482,5.0,4.188370704650879
640,210,5.0,4.582808971405029
933,471,3.0,2.8697383403778076
551,127,5.0,4.597717761993408
83,1060,3.0,3.183868169784546
5,405,3.0,2.903679132461548
291,423,4.0,4.130565166473389
674,323,3.0,3.1934921741485596
268,7,4.0,3.448040246963501
121,137,5.0,3.784742593765259
716,238,4.0,3.9484641551971436
308,1046,4.0,3.187920093536377
49,238,4.0,3.053659677505493
499,173,5.0,4.175144672393799
178,763,4.0,3.359570264816284
890,1,4.0,3.916733503341675
787,294,3.0,2.895904779434204
878,275,4.0,3.556770086288452
379,1,4.0,4.156524658203125
933,732,3.0,2.982667922973633
49,13,3.0,2.744199514389038
18,972,3.0,3.5623066425323486
675,874,4.0,3.2550809383392334
196,286,5.0,3.725595712661743
251,866,2.0,3.3162732124328613
679,168,5.0,3.876444101333618
877,531,5.0,3.940394639968872
178,183,4.0,4.000199317932129
130,1019,4.0,4.693302631378174
661,480,5.0,4.432307720184326
916,196,4.0,3.7418463230133057
937,294,1.0,2.748159646987915
715,117,3.0,3.5006253719329834
60,194,4.0,4.2371978759765625
91,193,3.0,4.071747779846191
251,151,5.0,3.716465711593628
453,456,3.0,1.973510503768921
683,269,3.0,3.617541551589966
519,339,3.0,4.0004706382751465
283,435,5.0,4.5281476974487305
682,299,4.0,2.505112409591675
936,927,4.0,3.9728376865386963
727,366,3.0,3.049891948699951
639,604,4.0,3.258876085281372
425,5,1.0,2.7219674587249756
450,1297,4.0,2.841671943664551
445,840,1.0,1.3990164995193481
638,210,4.0,3.6817429065704346
886,655,4.0,3.786343812942505
537,405,2.0,2.4231297969818115
429,464,3.0,3.54921555519104
867,172,5.0,4.460257053375244
293,497,4.0,3.5433740615844727
128,371,1.0,3.198063611984253
94,89,3.0,4.392188549041748
381,403,3.0,3.4693217277526855
416,472,4.0,3.31425404548645
846,90,2.0,3.2214319705963135
393,80,3.0,2.934157609939575
13,442,1.0,1.1773945093154907
382,59,5.0,3.6453304290771484
500,70,4.0,3.5275676250457764
429,217,3.0,2.963106870651245
878,70,3.0,3.2227704524993896
391,322,3.0,2.9411604404449463
833,675,4.0,3.2110626697540283
300,1012,4.0,4.255705833435059
457,44,4.0,3.943061113357544
660,483,4.0,3.6718060970306396
807,231,4.0,3.1167097091674805
457,403,4.0,3.8333818912506104
43,235,3.0,3.1727898120880127
13,559,1.0,2.94065523147583
620,758,2.0,2.375838041305542
658,772,3.0,2.832767963409424
399,66,3.0,3.027142286300659
181,256,1.0,1.751420497894287
445,644,3.0,2.285238265991211
601,131,4.0,3.312899589538574
622,88,3.0,3.4836699962615967
334,449,3.0,2.8491644859313965
653,214,3.0,2.5218610763549805
551,331,5.0,3.7789769172668457
324,250,4.0,4.268863201141357
66,597,3.0,3.207954168319702
927,404,4.0,4.051069736480713
615,187,5.0,4.180109977722168
10,144,4.0,4.247061729431152
686,527,3.0,4.624322414398193
919,787,3.0,3.2880947589874268
141,410,4.0,3.3626344203948975
625,255,2.0,2.9768197536468506
837,596,3.0,3.2514877319335938
465,408,5.0,4.041860580444336
797,327,2.0,2.8553993701934814
790,364,2.0,2.4682695865631104
404,288,3.0,3.4331471920013428
45,108,4.0,3.5420308113098145
840,1639,4.0,4.805169582366943
865,455,4.0,2.2897653579711914
159,127,5.0,4.592115879058838
13,400,4.0,2.1345126628875732
716,142,3.0,3.1494927406311035
231,181,4.0,4.3155598640441895
804,576,4.0,3.1447670459747314
537,385,2.0,2.9026243686676025
335,307,5.0,3.5318710803985596
363,239,3.0,3.050217390060425
417,1095,3.0,2.0692760944366455
338,1,3.0,3.679852247238159
463,121,3.0,2.809886932373047
500,77,3.0,3.0849297046661377
886,117,2.0,3.4086413383483887
370,433,3.0,3.6338794231414795
60,131,4.0,4.120117664337158
712,174,5.0,4.508190631866455
493,925,3.0,3.3534276485443115
368,100,4.0,3.9446661472320557
363,449,3.0,2.564221143722534
301,685,3.0,3.248042345046997
761,402,3.0,3.173092842102051
407,844,2.0,3.260557174682617
655,1062,3.0,3.3641510009765625
378,148,4.0,3.1899449825286865
319,346,3.0,3.6988654136657715
194,228,1.0,3.123943567276001
293,765,3.0,2.226701021194458
83,121,4.0,3.46620774269104
800,292,5.0,3.6169135570526123
815,423,5.0,3.8639419078826904
79,262,5.0,3.93754506111145
279,869,1.0,3.1308438777923584
606,204,4.0,4.1236348152160645
560,222,4.0,3.574286937713623
343,715,5.0,3.6359171867370605
327,215,4.0,3.3987255096435547
878,116,2.0,3.305293321609497
500,836,5.0,3.3097128868103027
4,357,4.0,5.23413610458374
675,318,5.0,4.321159362792969
527,64,3.0,4.366537570953369
290,125,3.0,3.190040349960327
605,133,5.0,3.9833528995513916
622,1419,2.0,2.449634313583374
439,273,2.0,3.6639280319213867
535,238,4.0,3.7872121334075928
399,203,4.0,3.515001058578491
663,652,4.0,3.9182608127593994
535,639,4.0,3.7014944553375244
297,211,4.0,3.7917263507843018
541,419,5.0,3.9247610569000244
758,23,4.0,4.49190092086792
354,610,4.0,3.694689989089966
181,1336,1.0,2.0821335315704346
251,111,3.0,3.639798879623413
761,9,2.0,3.440706491470337
749,98,5.0,4.324467182159424
7,530,5.0,4.619119644165039
69,742,3.0,3.6718833446502686
890,194,5.0,4.068629741668701
368,53,2.0,2.765645742416382
892,648,4.0,4.604025363922119
457,623,3.0,3.407175302505493
25,258,5.0,3.9687459468841553
524,318,4.0,4.324194431304932
455,57,4.0,3.9848248958587646
18,968,3.0,3.747180700302124
840,732,3.0,3.896906614303589
823,90,4.0,3.37471604347229
514,183,3.0,3.971238374710083
437,244,3.0,3.1785943508148193
699,1284,3.0,2.7355916500091553
875,42,4.0,3.8401410579681396
935,125,4.0,3.8302619457244873
910,1,4.0,3.378852367401123
566,98,4.0,3.998218297958374
392,538,2.0,3.854713201522827
749,389,3.0,3.419118881225586
837,274,4.0,3.388219118118286
497,432,3.0,3.5598723888397217
327,550,2.0,2.940770387649536
160,1223,4.0,3.577787399291992
500,1014,2.0,2.9751694202423096
534,756,4.0,3.7771618366241455
815,1157,2.0,3.0861260890960693
498,656,3.0,3.73594069480896
588,713,3.0,3.9532063007354736
664,192,4.0,4.258057594299316
69,1142,4.0,4.120110034942627
489,333,4.0,4.091132640838623
632,7,3.0,3.7061636447906494
271,847,4.0,3.6968495845794678
230,588,5.0,4.093533039093018
60,494,4.0,4.343366622924805
828,902,4.0,3.286353349685669
151,114,5.0,4.541405200958252
645,963,4.0,4.359115123748779
577,407,4.0,2.6977245807647705
95,443,3.0,3.8609354496002197
484,468,5.0,3.7563488483428955
790,781,4.0,3.0278148651123047
359,455,4.0,3.7521798610687256
786,281,4.0,3.13964581489563
925,788,3.0,1.643885850906372
894,323,2.0,3.0732905864715576
11,239,4.0,3.4040515422821045
916,121,3.0,3.1143991947174072
628,288,5.0,4.410070896148682
345,1221,3.0,3.5604331493377686
94,99,3.0,3.7902729511260986
91,333,5.0,3.6519854068756104
809,313,4.0,4.375838756561279
585,212,5.0,3.3031251430511475
836,216,4.0,4.066226482391357
405,623,1.0,1.6517658233642578
401,121,3.0,2.7310383319854736
303,1007,5.0,4.128159999847412
548,659,4.0,4.364436626434326
87,709,3.0,4.394959926605225
854,111,3.0,3.0616042613983154
277,284,4.0,2.9524178504943848
215,215,3.0,3.7975521087646484
65,88,4.0,3.5179340839385986
862,143,5.0,4.441076278686523
151,1047,2.0,2.9908313751220703
819,302,5.0,4.5956878662109375
372,100,3.0,4.832575798034668
223,619,2.0,3.160792112350464
85,782,2.0,2.821943759918213
910,748,3.0,2.629196882247925
681,259,2.0,2.8641607761383057
334,306,4.0,3.896390676498413
747,423,5.0,4.027794361114502
7,269,3.0,4.395457744598389
551,1376,1.0,2.8617703914642334
782,1589,3.0,2.5316240787506104
493,134,3.0,4.414968967437744
145,237,5.0,3.661142110824585
457,239,5.0,3.9682376384735107
932,144,3.0,4.118481636047363
85,521,3.0,3.651156187057495
930,24,1.0,2.8447399139404297
629,632,3.0,4.197876930236816
884,1073,4.0,3.7056777477264404
499,497,2.0,4.075028419494629
622,4,4.0,3.6388351917266846
254,575,3.0,2.188295602798462
335,333,4.0,3.6080358028411865
45,282,4.0,3.9813687801361084
426,143,3.0,3.6877939701080322
635,323,3.0,2.7046284675598145
297,114,5.0,4.102853775024414
478,403,2.0,3.192192316055298
223,369,1.0,2.384986639022827
694,52,4.0,4.146094799041748
442,834,2.0,1.604367971420288
617,563,1.0,1.6208014488220215
821,106,2.0,3.543316125869751
405,774,1.0,1.8582909107208252
429,425,3.0,3.7248470783233643
234,48,2.0,3.647404432296753
754,282,4.0,3.5697224140167236
303,815,3.0,3.1272313594818115
606,175,4.0,4.323744297027588
833,449,2.0,2.4881064891815186
497,257,4.0,3.711699962615967
321,515,5.0,4.04923152923584
456,57,4.0,3.911510705947876
716,622,3.0,3.4006292819976807
296,256,5.0,4.393073558807373
156,157,4.0,3.236898899078369
825,325,5.0,3.1199305057525635
16,448,5.0,3.9381887912750244
389,182,5.0,4.08195161819458
548,218,4.0,3.7445085048675537
825,1051,4.0,3.5115020275115967
330,100,4.0,4.917973518371582
58,1101,5.0,3.775221109390259
117,195,5.0,4.268091678619385
400,332,2.0,3.7485451698303223
77,134,4.0,3.9620425701141357
239,671,5.0,4.0007805824279785
269,514,4.0,3.30523943901062
459,1016,4.0,3.613553285598755
297,1007,4.0,3.8811347484588623
130,289,5.0,3.7767913341522217
519,340,5.0,4.428077697753906
942,662,4.0,3.953875780105591
503,509,5.0,4.115905284881592
629,81,3.0,3.90636944770813
724,678,2.0,1.8083531856536865
135,234,4.0,3.6893022060394287
13,144,4.0,3.7277252674102783
7,658,3.0,3.844095468521118
747,69,5.0,4.132625579833984
277,15,4.0,3.4245219230651855
6,197,5.0,3.951329469680786
665,301,4.0,3.167607069015503
751,274,4.0,3.383655309677124
12,159,4.0,3.710622549057007
262,628,2.0,3.3187203407287598
802,443,4.0,3.9427340030670166
49,473,3.0,2.3653202056884766
293,521,3.0,3.2544546127319336
426,492,5.0,3.7658393383026123
883,49,3.0,3.541222333908081
181,879,2.0,1.5487866401672363
435,1047,3.0,2.4805526733398438
892,837,5.0,4.358353614807129
290,429,4.0,3.8263609409332275
159,546,4.0,3.304478406906128
216,143,2.0,3.915442705154419
435,1240,4.0,3.6279208660125732
328,294,3.0,2.9121439456939697
95,843,4.0,3.0193357467651367
664,427,4.0,4.243569374084473
442,810,2.0,2.361234426498413
934,663,5.0,3.9133059978485107
592,1079,1.0,2.300065279006958
436,226,4.0,3.675828218460083
406,509,3.0,3.7845375537872314
13,273,3.0,3.3697192668914795
118,324,4.0,4.038904666900635
748,96,5.0,3.8645517826080322
303,842,2.0,2.944019079208374
790,792,2.0,3.4386556148529053
224,162,4.0,3.302643060684204
44,228,5.0,3.832857847213745
551,774,5.0,3.503514051437378
312,614,4.0,3.9605352878570557
815,159,3.0,3.290590763092041
203,181,5.0,4.134561538696289
551,72,5.0,3.490112781524658
50,124,1.0,4.171176433563232
608,695,5.0,2.822284698486328
796,1511,3.0,3.6716558933258057
397,221,4.0,3.7901663780212402
524,204,3.0,3.6417739391326904
684,94,3.0,3.0720651149749756
485,302,5.0,3.7790167331695557
851,681,1.0,2.899074077606201
394,158,3.0,3.1839523315429688
620,15,5.0,4.054808139801025
691,1172,5.0,4.118085861206055
110,586,3.0,2.4699018001556396
626,324,4.0,1.9639217853546143
387,549,5.0,3.3627278804779053
334,82,4.0,3.6097941398620605
399,452,3.0,2.240131139755249
13,205,2.0,3.8686892986297607
943,274,3.0,3.4707133769989014
308,481,4.0,3.9984190464019775
617,569,1.0,1.8589980602264404
551,393,5.0,3.6190598011016846
824,319,2.0,2.9927632808685303
870,496,5.0,3.8002102375030518
213,24,5.0,4.121908664703369
213,515,4.0,4.882284164428711
617,313,1.0,3.4481348991394043
930,405,3.0,2.556596040725708
303,1209,2.0,2.4745523929595947
107,323,1.0,2.419675588607788
648,566,4.0,3.3952181339263916
59,1047,2.0,2.9951369762420654
13,58,4.0,3.3105103969573975
313,423,4.0,3.6931722164154053
450,196,5.0,4.239532470703125
854,195,3.0,3.4243080615997314
388,680,5.0,3.1700427532196045
326,657,5.0,3.83921217918396
679,318,5.0,4.316612720489502
618,966,4.0,3.7043752670288086
429,462,4.0,3.7071893215179443
300,100,3.0,4.734384536743164
72,241,4.0,3.5514354705810547
186,117,5.0,3.7205989360809326
175,136,4.0,4.022572994232178
363,128,5.0,3.155427932739258
772,326,4.0,3.971391439437866
900,294,4.0,2.007472276687622
181,1348,1.0,1.2868846654891968
553,524,5.0,4.199727535247803
327,508,2.0,3.2916603088378906
14,430,5.0,4.22294282913208
517,1,3.0,3.7577764987945557
339,204,3.0,4.043032646179199
642,1413,3.0,3.661982774734497
315,461,4.0,3.8549749851226807
460,146,4.0,2.392072916030884
405,1548,1.0,1.5299146175384521
723,433,3.0,3.2523226737976074
232,919,3.0,3.775611162185669
11,504,3.0,3.828138589859009
648,410,2.0,3.0511419773101807
881,229,4.0,2.8744919300079346
397,338,4.0,2.489565372467041
899,250,2.0,3.2159483432769775
112,891,3.0,3.0927345752716064
167,675,1.0,3.655259847640991
789,100,5.0,4.0519938468933105
748,328,4.0,3.1276116371154785
49,1021,5.0,3.191789388656616
399,172,3.0,3.7134346961975098
6,135,5.0,3.8206639289855957
334,125,3.0,3.286937952041626
621,25,4.0,3.62858510017395
601,257,2.0,3.297650098800659
373,401,4.0,2.956249952316284
244,118,2.0,3.373297691345215
892,27,4.0,3.724008798599243
38,405,5.0,3.7446844577789307
527,492,3.0,3.64819073677063
854,3,1.0,2.472364902496338
128,684,4.0,3.731550693511963
718,820,2.0,3.0656607151031494
75,240,1.0,2.9304120540618896
805,148,2.0,3.088710069656372
81,169,4.0,4.428456783294678
511,333,4.0,3.9468839168548584
655,25,3.0,2.8689701557159424
561,319,2.0,2.6047515869140625
7,238,5.0,4.187338352203369
655,451,3.0,2.6310837268829346
334,98,4.0,4.082709789276123
665,483,4.0,4.457730293273926
109,566,4.0,3.5038692951202393
867,31,5.0,3.946885347366333
373,1079,4.0,2.2734193801879883
299,24,3.0,3.2807939052581787
316,58,3.0,2.890989065170288
601,455,4.0,2.648688554763794
86,872,3.0,3.0797629356384277
608,218,4.0,3.3549888134002686
368,234,3.0,3.650890588760376
727,1165,2.0,1.6811949014663696
535,168,5.0,4.034861087799072
109,69,4.0,3.8805997371673584
301,42,4.0,3.6993887424468994
881,103,1.0,1.9795811176300049
422,295,3.0,3.459482431411743
474,423,5.0,4.065443515777588
507,313,5.0,5.498319149017334
22,430,4.0,3.982948064804077
291,7,5.0,4.111889362335205
804,1488,3.0,3.3974037170410156
82,411,3.0,2.269810199737549
7,47,5.0,4.101113319396973
87,384,4.0,3.233982801437378
23,56,4.0,3.909680128097534
472,370,4.0,3.7600350379943848
185,15,3.0,3.7171413898468018
757,685,3.0,3.14731502532959
527,190,4.0,4.067464828491211
457,368,1.0,2.2053582668304443
38,445,2.0,4.185995578765869
124,144,4.0,3.40859317779541
332,120,4.0,3.1460936069488525
327,811,4.0,3.5730764865875244
312,143,4.0,4.043715953826904
132,154,4.0,3.6395606994628906
279,502,5.0,3.9047882556915283
62,117,4.0,3.313527822494507
26,7,3.0,3.397552728652954
474,607,4.0,4.261656761169434
82,237,3.0,3.1448380947113037
189,83,4.0,4.247284412384033
527,193,3.0,3.845679521560669
459,323,3.0,3.1139533519744873
2,291,3.0,3.4307305812835693
684,781,3.0,3.2092936038970947
758,597,2.0,3.4874629974365234
684,692,4.0,3.4510810375213623
385,160,4.0,2.8826634883880615
807,151,4.0,3.8883635997772217
931,304,4.0,3.5470592975616455
345,568,4.0,3.736799955368042
201,51,2.0,3.039628267288208
421,156,5.0,3.866903066635132
53,15,5.0,3.8594858646392822
414,748,3.0,3.5082132816314697
144,293,4.0,3.7931458950042725
343,234,1.0,4.109522342681885
44,678,3.0,2.842360019683838
174,160,5.0,3.5055909156799316
429,88,3.0,3.2809646129608154
159,1190,5.0,3.489112138748169
566,23,4.0,3.9132354259490967
494,86,3.0,4.032655239105225
495,154,4.0,4.296802997589111
303,386,4.0,2.758985757827759
874,276,4.0,3.5534861087799072
901,78,4.0,2.9297566413879395
506,1244,2.0,3.030256748199463
937,126,4.0,3.6050448417663574
634,597,4.0,3.086710214614868
45,472,3.0,3.2835419178009033
450,568,4.0,3.9200565814971924
224,962,2.0,3.1424410343170166
600,96,5.0,4.209292411804199
125,50,5.0,4.376521587371826
456,208,4.0,3.7807223796844482
541,756,4.0,3.1686880588531494
741,367,2.0,3.387749195098877
833,205,4.0,3.5544519424438477
606,825,5.0,3.3634896278381348
886,188,4.0,3.4412620067596436
608,287,3.0,3.5042591094970703
387,414,4.0,3.3093981742858887
471,596,1.0,3.183494806289673
794,238,5.0,4.220681667327881
417,202,4.0,3.587554693222046
269,482,3.0,3.570063829421997
743,294,2.0,3.1675620079040527
151,154,4.0,4.060402870178223
327,249,2.0,2.820744037628174
543,134,5.0,4.106236934661865
608,265,3.0,3.8136003017425537
650,1060,3.0,2.4499876499176025
144,15,4.0,3.437993288040161
722,25,4.0,3.6301777362823486
474,530,5.0,4.496326923370361
128,73,3.0,3.506537437438965
863,294,4.0,2.8588991165161133
399,96,3.0,3.6590416431427
615,678,1.0,2.7400600910186768
828,512,5.0,3.6910693645477295
650,658,3.0,2.838265895843506
874,302,5.0,4.135804653167725
289,363,3.0,2.275909423828125
280,100,3.0,4.293626308441162
622,665,2.0,3.0167534351348877
406,638,4.0,3.705212354660034
451,887,1.0,3.37321138381958
312,587,3.0,4.028312683105469
129,268,1.0,3.0954761505126953
648,930,3.0,2.525447368621826
230,742,5.0,3.8144237995147705
387,496,3.0,3.8414924144744873
195,265,4.0,3.9032585620880127
456,1267,4.0,2.807487726211548
551,508,4.0,3.9017446041107178
524,1126,1.0,3.371877431869507
497,77,3.0,3.06952166557312
487,226,3.0,3.5090606212615967
766,238,4.0,3.3992035388946533
257,237,2.0,3.8339436054229736
655,855,3.0,3.2474753856658936
313,82,3.0,3.6643011569976807
851,264,2.0,2.993420362472534
790,10,1.0,3.632190465927124
845,306,2.0,3.2501134872436523
70,15,3.0,3.3850369453430176
653,367,3.0,2.72031569480896
875,171,5.0,4.140597343444824
90,178,5.0,4.805316925048828
398,283,3.0,3.5941359996795654
807,1016,4.0,3.7785940170288086
561,578,3.0,2.607177972793579
715,250,2.0,3.265652894973755
361,707,4.0,3.8790781497955322
311,433,3.0,3.896681070327759
860,312,4.0,2.8198180198669434
656,327,2.0,2.512970209121704
736,50,3.0,3.8522565364837646
659,173,4.0,4.262779712677002
886,196,3.0,3.7920761108398438
81,79,5.0,3.9042751789093018
49,581,3.0,2.40099835395813
308,181,4.0,4.018073081970215
727,234,2.0,3.566453218460083
525,332,4.0,3.343280553817749
64,420,3.0,3.5171425342559814
727,808,2.0,2.466521739959717
303,150,5.0,3.8687822818756104
559,521,2.0,3.5823752880096436
308,151,4.0,3.6805787086486816
896,379,2.0,2.4397523403167725
770,295,4.0,4.410610675811768
230,7,3.0,4.01462459564209
622,144,5.0,3.96826434135437
344,290,2.0,3.1298420429229736
244,468,1.0,3.455294132232666
498,554,3.0,2.143258810043335
642,141,4.0,4.016241550445557
255,452,3.0,2.3180665969848633
339,213,4.0,4.229345798492432
307,746,4.0,3.7742044925689697
727,55,3.0,3.4519031047821045
483,380,3.0,2.7896811962127686
13,235,2.0,2.695765972137451
328,1217,3.0,2.8318686485290527
276,168,5.0,4.168952465057373
468,144,5.0,4.126100063323975
588,51,4.0,3.703679323196411
276,840,3.0,2.9318339824676514
447,133,4.0,4.025856971740723
391,1101,4.0,3.6700055599212646
293,426,1.0,2.3893210887908936
927,780,1.0,3.6133835315704346
833,647,4.0,3.8625123500823975
14,922,4.0,4.3083648681640625
859,762,5.0,3.9142987728118896
495,578,3.0,3.798693895339966
223,409,3.0,2.848287343978882
267,195,4.0,4.154385566711426
264,4,4.0,4.087728500366211
758,61,3.0,4.361306190490723
302,680,2.0,1.6324124336242676
627,39,4.0,3.0080344676971436
390,275,5.0,4.330374240875244
184,70,4.0,3.698031425476074
144,591,3.0,3.4316093921661377
293,162,3.0,3.1536576747894287
7,681,1.0,3.169410467147827
429,124,4.0,3.9722607135772705
59,193,4.0,4.203454494476318
202,516,4.0,3.0247554779052734
106,699,4.0,3.6195123195648193
683,895,2.0,2.690159559249878
653,1035,2.0,2.335634469985962
52,427,5.0,4.7561869621276855
643,49,3.0,3.301800489425659
347,280,4.0,3.1140732765197754
68,111,3.0,3.022850751876831
378,568,4.0,3.5873897075653076
332,470,5.0,4.433095455169678
420,275,5.0,4.172945976257324
38,590,1.0,2.595210552215576
224,149,1.0,2.8453562259674072
618,790,3.0,2.4386043548583984
554,11,4.0,3.8211042881011963
303,90,4.0,3.0848469734191895
846,498,4.0,4.472036838531494
474,411,2.0,3.148681402206421
864,216,4.0,4.362697124481201
249,24,4.0,3.8765556812286377
605,949,5.0,3.400447368621826
214,257,3.0,3.9293978214263916
540,9,5.0,3.8381059169769287
758,657,5.0,4.647119045257568
192,252,1.0,2.8331503868103027
801,681,1.0,3.6778571605682373
542,732,3.0,3.5407636165618896
889,737,3.0,2.887230634689331
664,845,2.0,3.2819762229919434
870,475,5.0,3.643069267272949
490,293,2.0,3.1326088905334473
201,216,4.0,3.5778234004974365
85,310,3.0,3.487515449523926
90,900,4.0,4.2753190994262695
453,204,4.0,3.580998420715332
547,319,4.0,3.4164164066314697
7,556,3.0,3.3673088550567627
114,640,2.0,2.7461235523223877
406,1147,4.0,3.5349223613739014
776,661,5.0,4.0757975578308105
887,168,4.0,4.4615960121154785
328,561,3.0,2.898085832595825
433,435,4.0,3.69792103767395
804,160,4.0,3.4474287033081055
457,226,3.0,3.8668291568756104
22,403,5.0,3.320148229598999
268,735,3.0,3.5223309993743896
885,50,3.0,4.13264274597168
250,480,5.0,4.6668524742126465
349,596,2.0,3.281998872756958
230,91,3.0,3.9216349124908447
168,181,4.0,3.9260294437408447
840,82,3.0,3.998267412185669
382,98,3.0,3.8447329998016357
290,550,3.0,3.0381057262420654
592,79,4.0,4.314375877380371
901,405,4.0,3.6094391345977783
198,184,3.0,2.950188398361206
660,1178,1.0,1.6475054025650024
11,110,3.0,2.6076767444610596
474,514,4.0,4.163623332977295
858,293,3.0,3.8987462520599365
326,237,2.0,3.1462247371673584
848,432,2.0,4.016587734222412
833,378,3.0,3.212745428085327
406,20,3.0,3.1125576496124268
619,1231,2.0,2.6761038303375244
261,875,5.0,3.52780818939209
846,650,5.0,3.5727040767669678
670,515,2.0,4.28004264831543
345,620,2.0,3.2089383602142334
671,204,5.0,3.9396369457244873
97,482,5.0,4.336795806884766
823,100,5.0,4.377748012542725
870,202,3.0,3.3977506160736084
339,240,4.0,3.0850095748901367
907,326,5.0,4.420413970947266
636,258,5.0,4.5054755210876465
401,528,5.0,3.573853015899658
178,405,3.0,3.2671000957489014
863,326,5.0,3.0349109172821045
489,539,4.0,3.1448898315429688
869,50,4.0,3.8174517154693604
387,984,1.0,2.3767013549804688
84,276,4.0,3.9790470600128174
409,199,4.0,3.96659779548645
864,161,4.0,3.96370005607605
271,479,4.0,4.121945858001709
457,769,2.0,3.1230239868164062
387,22,5.0,3.944910764694214
472,101,5.0,4.309550762176514
21,53,4.0,2.540557861328125
243,26,3.0,3.393345594406128
897,120,3.0,2.6471590995788574
42,143,4.0,3.8902175426483154
395,300,3.0,3.956416368484497
870,945,4.0,3.577611207962036
940,173,4.0,3.868851900100708
886,202,3.0,3.5602753162384033
768,332,4.0,3.1636669635772705
256,387,4.0,4.186976909637451
87,49,5.0,3.677990198135376
405,77,1.0,2.0258920192718506
500,161,2.0,3.4325451850891113
807,135,5.0,4.317077159881592
701,275,5.0,4.268126964569092
894,125,3.0,3.5466597080230713
405,231,3.0,1.7541099786758423
293,233,2.0,2.6216890811920166
597,111,3.0,3.832969903945923
588,286,4.0,3.875767469406128
798,28,4.0,4.027259349822998
537,53,2.0,2.147556781768799
423,333,3.0,3.5866782665252686
491,19,4.0,3.8277041912078857
654,172,4.0,4.201749324798584
698,513,2.0,3.3790884017944336
130,343,4.0,3.822730779647827
385,523,4.0,3.619485378265381
648,143,4.0,3.617176055908203
591,66,2.0,3.3061563968658447
311,134,5.0,4.440084934234619
279,364,4.0,2.98017954826355
493,173,4.0,4.300705909729004
322,192,5.0,4.462992191314697
99,369,4.0,2.7615668773651123
405,182,1.0,2.4882724285125732
190,898,2.0,3.013404369354248
659,720,3.0,2.976694345474243
369,114,5.0,4.698659896850586
122,427,3.0,4.564955234527588
197,323,3.0,2.7240006923675537
403,476,4.0,3.25726318359375
368,670,3.0,2.9208343029022217
269,13,4.0,2.8845303058624268
497,725,3.0,2.6229782104492188
167,1305,1.0,2.870802640914917
639,323,1.0,2.0171802043914795
58,773,4.0,2.90120005607605
627,191,4.0,4.0342488288879395
181,266,1.0,1.1869807243347168
303,251,4.0,4.305965900421143
835,200,4.0,4.201868534088135
804,624,2.0,3.3114678859710693
560,249,5.0,3.071021795272827
279,1488,4.0,3.420790910720825
642,58,3.0,3.9527981281280518
727,249,2.0,2.914435863494873
297,596,3.0,3.12306809425354
921,274,4.0,3.2971439361572266
97,603,4.0,4.531339168548584
566,327,3.0,3.0714550018310547
313,624,4.0,3.093895435333252
897,201,5.0,3.839118242263794
682,77,3.0,2.9904823303222656
114,191,3.0,3.931555986404419
919,755,3.0,3.185127019882202
521,96,4.0,3.6715896129608154
317,683,2.0,3.071173667907715
201,211,3.0,3.583603620529175
764,50,3.0,4.480258464813232
49,129,2.0,3.1665377616882324
742,546,1.0,2.81307053565979
311,966,4.0,4.181722640991211
311,921,4.0,4.112498760223389
334,569,2.0,2.6079890727996826
756,404,3.0,3.288884401321411
130,1028,4.0,3.776423215866089
863,910,2.0,2.196706771850586
833,233,2.0,2.6744771003723145
928,48,5.0,4.826789379119873
545,194,3.0,4.0800957679748535
897,40,3.0,3.4039604663848877
95,195,5.0,3.8930747509002686
332,22,5.0,4.958795070648193
367,670,4.0,3.944378614425659
262,929,3.0,2.445345401763916
721,292,3.0,3.846365213394165
630,280,2.0,3.0242459774017334
311,1232,4.0,2.793152093887329
768,535,3.0,2.8603596687316895
707,517,3.0,3.6707160472869873
650,62,3.0,2.477006673812866
268,1231,2.0,2.2421581745147705
263,98,4.0,4.445723533630371
621,233,3.0,3.470151901245117
655,1108,3.0,1.851881980895996
455,234,4.0,3.6779654026031494
82,596,3.0,2.880462408065796
488,258,4.0,3.414459228515625
53,156,4.0,4.227401256561279
275,62,3.0,2.6465182304382324
1,39,4.0,3.1886861324310303
524,289,4.0,2.8408610820770264
269,778,3.0,3.1428797245025635
913,227,1.0,2.9767515659332275
691,98,4.0,4.594885349273682
930,137,2.0,3.3324029445648193
712,699,5.0,3.863600969314575
23,211,4.0,3.846341371536255
222,193,4.0,3.7489309310913086
215,451,3.0,3.2967424392700195
553,199,4.0,4.300628185272217
303,872,3.0,2.8868868350982666
363,322,2.0,2.598841667175293
579,69,2.0,3.579169988632202
408,302,5.0,4.394933223724365
251,249,5.0,3.304875612258911
766,72,2.0,2.766359567642212
882,143,4.0,4.078375816345215
618,197,3.0,3.854968786239624
363,431,2.0,3.067859411239624
189,618,2.0,3.729992389678955
308,566,4.0,3.5975215435028076
416,934,2.0,3.1767773628234863
394,979,5.0,3.9594571590423584
457,54,4.0,3.7725541591644287
460,847,3.0,3.5630416870117188
815,484,4.0,4.26957368850708
385,705,3.0,3.5646605491638184
899,147,2.0,3.2757668495178223
344,1165,1.0,1.91862154006958
704,492,5.0,3.650315999984741
882,378,5.0,4.107247829437256
798,785,3.0,3.3988308906555176
756,225,1.0,2.488142728805542
32,249,4.0,2.951841115951538
919,328,2.0,3.285115957260132
774,44,1.0,2.0075161457061768
915,302,4.0,3.778148889541626
184,382,5.0,3.6377875804901123
650,195,4.0,3.3657124042510986
102,226,2.0,2.6319785118103027
381,501,4.0,3.567443609237671
880,1225,2.0,2.849400758743286
606,187,4.0,4.502326011657715
489,299,2.0,3.452070474624634
572,9,5.0,3.342406988143921
777,212,5.0,3.489022970199585
416,203,3.0,4.25809383392334
158,226,3.0,3.563798666000366
290,1028,3.0,2.7024593353271484
567,1204,5.0,3.559800863265991
479,82,4.0,3.655428171157837
222,1336,2.0,1.8135427236557007
786,237,5.0,3.7036306858062744
883,559,3.0,3.4091155529022217
587,330,3.0,2.737396001815796
279,227,4.0,3.4352738857269287
405,1471,1.0,1.4295642375946045
56,410,4.0,3.4617714881896973
712,97,5.0,3.971761465072632
763,144,3.0,4.074244022369385
299,152,4.0,3.416285753250122
305,921,5.0,3.6140778064727783
844,549,3.0,3.4356703758239746
837,19,4.0,3.8347108364105225
312,414,3.0,3.97178053855896
768,173,5.0,3.933450937271118
561,24,3.0,2.868703603744507
693,1522,3.0,1.7192611694335938
294,743,2.0,2.214157819747925
592,55,4.0,3.971256971359253
363,505,3.0,3.596252918243408
486,1137,5.0,3.9332077503204346
449,971,4.0,3.8731396198272705
144,126,4.0,3.7597124576568604
748,174,5.0,4.067424297332764
427,322,3.0,4.582093715667725
417,101,3.0,3.1829187870025635
342,165,3.0,4.053812026977539
624,127,4.0,4.503832817077637
402,475,3.0,4.147371292114258
128,660,2.0,3.851323366165161
653,96,4.0,3.2854628562927246
7,443,5.0,4.274223327636719
542,273,3.0,3.4440014362335205
450,123,2.0,3.446746826171875
846,495,4.0,3.7943837642669678
378,319,3.0,3.1875483989715576
321,499,3.0,3.8826611042022705
790,41,3.0,2.7554728984832764
615,528,4.0,4.213170528411865
222,972,2.0,3.2248127460479736
370,494,3.0,3.984469175338745
144,847,4.0,3.7251155376434326
470,19,4.0,3.8865702152252197
223,111,4.0,3.415424346923828
126,302,4.0,4.366917610168457
210,657,4.0,4.67716646194458
416,815,4.0,3.497955560684204
521,191,4.0,3.856858491897583
299,115,3.0,3.6403419971466064
826,1,4.0,4.265038013458252
312,14,5.0,4.326596260070801
417,1209,3.0,2.3667819499969482
912,517,4.0,3.6960299015045166
807,28,4.0,4.252625465393066
455,191,5.0,4.13245153427124
655,959,3.0,2.9569036960601807
405,101,1.0,2.1814582347869873
498,1495,3.0,3.666815757751465
850,71,5.0,4.336505889892578
532,419,5.0,4.340756893157959
822,189,4.0,3.7744455337524414
334,684,4.0,3.5634758472442627
14,792,5.0,3.9109013080596924
930,143,2.0,3.086974859237671
835,176,4.0,4.41534948348999
789,50,5.0,4.333503246307373
221,29,3.0,2.839205503463745
864,128,4.0,3.940455198287964
919,1137,4.0,4.042659759521484
267,239,4.0,3.7375166416168213
303,176,5.0,4.090965747833252
345,879,2.0,3.3282501697540283
405,397,4.0,1.546983003616333
749,181,5.0,4.052939414978027
270,237,1.0,4.52101993560791
882,284,3.0,3.5763118267059326
422,250,5.0,3.3938558101654053
761,924,4.0,2.9529662132263184
145,1292,1.0,1.2765135765075684
21,987,3.0,1.679247260093689
43,482,4.0,4.311556816101074
876,48,5.0,4.319938659667969
466,518,4.0,3.680027961730957
479,356,3.0,3.1312363147735596
267,56,5.0,4.330555438995361
130,411,5.0,3.650059461593628
308,172,4.0,4.197495937347412
58,98,4.0,4.23579740524292
682,94,3.0,2.8965489864349365
31,1019,5.0,4.117279052734375
870,433,3.0,3.429997682571411
478,237,5.0,3.4602818489074707
762,256,3.0,3.1346218585968018
878,136,4.0,3.7345683574676514
495,217,5.0,3.7045867443084717
393,4,4.0,3.7000925540924072
21,674,2.0,2.746469497680664
194,98,4.0,3.5754730701446533
716,185,5.0,4.274474620819092
630,282,3.0,3.597532272338867
711,286,4.0,3.8518264293670654
747,509,5.0,4.203511714935303
551,1118,5.0,3.661285161972046
495,208,5.0,4.424546241760254
216,129,4.0,4.08608341217041
297,508,4.0,3.4079978466033936
748,180,4.0,3.7890021800994873
681,294,5.0,3.21468186378479
629,331,3.0,3.8107750415802
753,195,1.0,3.4715917110443115
516,523,3.0,4.289491653442383
352,194,3.0,3.969287157058716
87,802,4.0,3.1973249912261963
827,331,3.0,3.413808584213257
343,235,4.0,3.284656524658203
387,113,4.0,3.9397356510162354
880,411,4.0,3.073727607727051
5,234,2.0,3.5269367694854736
543,22,3.0,4.036463737487793
125,202,5.0,3.723649263381958
894,750,4.0,3.9796488285064697
764,118,3.0,3.260030508041382
83,79,5.0,4.1440863609313965
257,269,3.0,4.216454982757568
802,333,4.0,3.6539080142974854
13,239,4.0,3.290363311767578
830,98,5.0,4.205894470214844
195,242,4.0,4.115633487701416
246,196,3.0,3.5154216289520264
795,108,3.0,2.787778615951538
244,673,3.0,3.7447638511657715
234,82,3.0,3.2198851108551025
234,531,3.0,3.3453071117401123
145,273,5.0,3.611023187637329
184,15,3.0,3.57944393157959
487,1220,4.0,3.469242811203003
424,690,3.0,3.1011292934417725
354,42,2.0,3.7163870334625244
450,170,5.0,4.540707588195801
297,50,5.0,4.164383411407471
7,433,5.0,4.177931308746338
870,504,5.0,3.5647454261779785
313,428,3.0,3.8989479541778564
504,409,4.0,3.2302966117858887
59,1113,4.0,3.6024625301361084
843,569,1.0,2.1387126445770264
532,452,5.0,3.5152804851531982
500,255,3.0,3.1727044582366943
833,182,5.0,3.5251219272613525
297,485,3.0,3.725168466567993
796,1228,4.0,2.7067697048187256
854,11,5.0,3.358921766281128
455,22,4.0,4.106256008148193
308,526,3.0,4.127141952514648
743,308,2.0,3.3497626781463623
934,1425,1.0,2.860117197036743
622,86,4.0,3.9945366382598877
478,81,4.0,3.4439315795898438
486,236,3.0,3.522048234939575
923,174,5.0,4.911126613616943
910,24,3.0,2.9944980144500732
805,25,4.0,3.288757562637329
514,268,4.0,3.8120687007904053
618,95,3.0,3.3779642581939697
570,321,1.0,2.4443397521972656
276,710,4.0,3.7927613258361816
236,483,5.0,4.295072078704834
833,79,3.0,3.5383856296539307
907,697,5.0,4.6676201820373535
679,721,3.0,3.3206100463867188
601,508,4.0,3.0503551959991455
848,462,5.0,4.148112773895264
918,289,2.0,2.47887921333313
406,601,3.0,3.8833658695220947
854,528,4.0,3.7161624431610107
553,434,3.0,4.057995319366455
611,311,4.0,4.105332851409912
363,550,4.0,2.8537025451660156
264,746,3.0,4.207154273986816
462,237,5.0,4.117123126983643
79,900,4.0,4.011620044708252
204,170,5.0,4.069843769073486
921,1279,2.0,2.748967409133911
215,77,3.0,3.3160717487335205
43,82,4.0,3.9221174716949463
405,666,1.0,1.7502878904342651
416,144,5.0,4.235600471496582
60,515,5.0,4.563900470733643
85,508,2.0,3.47472882270813
471,768,3.0,2.7297794818878174
942,31,5.0,4.05506706237793
551,9,5.0,4.03438138961792
323,121,3.0,3.3613131046295166
655,650,3.0,2.8414528369903564
864,209,3.0,4.445599555969238
750,325,1.0,2.63808536529541
854,619,2.0,2.8049490451812744
256,120,1.0,3.0836517810821533
515,342,3.0,2.4388210773468018
76,1154,5.0,2.6583142280578613
833,649,3.0,2.899491548538208
269,531,5.0,3.3022022247314453
495,229,3.0,3.6602916717529297
320,974,3.0,3.2544217109680176
524,515,4.0,4.202951431274414
489,681,3.0,3.265320062637329
881,678,2.0,2.5026838779449463
92,707,4.0,3.9228475093841553
80,423,3.0,3.788872003555298
292,100,5.0,4.525582790374756
377,100,3.0,4.336631774902344
303,576,3.0,2.940159559249878
916,106,3.0,2.515331506729126
445,895,2.0,2.1703364849090576
333,435,4.0,4.013668537139893
746,181,5.0,3.9112131595611572
886,919,4.0,3.59133243560791
234,221,2.0,3.3158063888549805
566,273,5.0,3.327179193496704
751,849,2.0,2.592798948287964
73,272,4.0,4.148514747619629
864,629,3.0,3.646709680557251
91,423,5.0,3.862220048904419
374,23,3.0,4.126013278961182
721,748,3.0,3.472222089767456
181,934,3.0,1.3506641387939453
646,1237,3.0,2.9808735847473145
385,435,3.0,3.472581624984741
500,196,4.0,3.816706895828247
342,475,5.0,3.8876936435699463
782,1598,2.0,2.478149652481079
121,100,4.0,3.928917646408081
666,300,3.0,3.48748517036438
821,118,3.0,3.8605496883392334
537,382,3.0,2.854966640472412
303,80,4.0,2.642197847366333
835,127,4.0,4.675380229949951
690,276,3.0,3.365687608718872
276,147,4.0,3.5577199459075928
577,866,5.0,3.457106351852417
450,191,5.0,4.539804935455322
450,657,4.0,4.571269512176514
57,117,4.0,3.7564313411712646
648,47,2.0,3.5764310359954834
798,173,5.0,4.215883255004883
311,97,4.0,3.852322816848755
323,332,3.0,3.448564052581787
354,900,4.0,3.837815284729004
422,267,4.0,3.368472099304199
804,528,4.0,4.2652363777160645
818,328,4.0,3.0516273975372314
881,1411,2.0,2.545279026031494
753,673,1.0,3.128058910369873
206,889,2.0,2.4701640605926514
248,282,2.0,3.4126784801483154
684,121,3.0,3.2694365978240967
864,972,2.0,3.8758318424224854
836,89,4.0,4.327174663543701
389,497,4.0,4.1530938148498535
388,294,4.0,3.69985032081604
405,1297,1.0,1.4761842489242554
758,1142,5.0,4.32643461227417
749,448,2.0,3.5393404960632324
707,603,3.0,4.164309501647949
16,655,5.0,4.405460357666016
805,71,3.0,3.736912488937378
735,9,4.0,3.4496371746063232
455,275,4.0,3.8743860721588135
456,550,2.0,3.0726606845855713
880,147,4.0,3.6237428188323975
214,705,4.0,4.073856830596924
539,340,2.0,3.6300628185272217
894,905,3.0,3.543976068496704
653,746,5.0,2.882258892059326
661,117,4.0,3.6575236320495605
234,647,3.0,3.8235347270965576
617,452,1.0,2.2913315296173096
26,15,4.0,3.190990447998047
569,7,4.0,3.693073034286499
881,176,4.0,3.8651578426361084
487,88,4.0,3.599292755126953
83,568,4.0,3.7115941047668457
276,915,4.0,3.927119493484497
601,591,3.0,2.9708755016326904
694,183,5.0,4.219363689422607
184,604,4.0,4.122374534606934
758,291,4.0,3.7182018756866455
437,436,4.0,3.62593674659729
234,511,5.0,3.762042999267578
791,322,4.0,3.473062753677368
59,273,2.0,3.766932249069214
825,456,3.0,2.6394271850585938
796,215,5.0,3.8383259773254395
201,421,2.0,3.1432650089263916
168,930,3.0,2.5692803859710693
823,56,5.0,4.34993839263916
899,172,4.0,4.0037522315979
98,194,5.0,3.777207851409912
916,91,4.0,3.42645525932312
635,328,3.0,3.1815998554229736
313,837,4.0,3.7923266887664795
202,173,2.0,3.254840612411499
11,659,5.0,4.044843673706055
601,921,5.0,3.394249200820923
543,207,5.0,3.6048004627227783
851,680,3.0,2.754460096359253
345,98,5.0,4.356439590454102
520,311,3.0,3.8860208988189697
512,527,5.0,4.2885847091674805
54,685,3.0,3.603747606277466
147,339,5.0,3.6088101863861084
125,585,4.0,2.4937500953674316
840,499,4.0,4.414680004119873
559,398,3.0,1.9592654705047607
466,92,4.0,3.31170916557312
401,588,2.0,3.2369773387908936
291,90,5.0,3.470136880874634
881,217,3.0,2.9105474948883057
514,511,3.0,4.335196495056152
271,77,4.0,3.085676670074463
387,91,4.0,3.355442523956299
250,89,4.0,4.579084873199463
270,226,4.0,4.306707859039307
567,273,5.0,3.55245304107666
643,820,3.0,2.750230312347412
542,150,2.0,3.731983184814453
679,531,4.0,3.7354321479797363
292,748,3.0,3.6606481075286865
708,271,1.0,3.0883419513702393
782,1383,3.0,1.862565517425537
293,300,2.0,3.0641276836395264
798,281,4.0,3.1492817401885986
6,302,4.0,3.9586660861968994
887,284,4.0,3.695408582687378
648,79,5.0,3.940080404281616
913,19,5.0,3.593932867050171
13,492,5.0,3.608752727508545
59,321,4.0,3.3436434268951416
557,150,3.0,3.9927008152008057
145,412,4.0,2.3401060104370117
301,193,3.0,3.965891122817993
661,603,3.0,4.413527965545654
393,982,3.0,2.8568832874298096
303,1016,3.0,3.474644899368286
868,145,1.0,1.8811476230621338
704,214,2.0,3.170424699783325
561,79,3.0,3.434278726577759
474,131,4.0,4.172290325164795
87,575,3.0,2.8967106342315674
342,581,3.0,3.029642343521118
397,475,4.0,3.9194495677948
505,705,3.0,3.7713534832000732
667,461,4.0,3.5869028568267822
128,151,3.0,3.638751268386841
773,172,5.0,3.7922112941741943
894,16,3.0,3.358469247817993
267,147,3.0,3.700261116027832
262,735,4.0,3.641357421875
932,30,4.0,4.302402019500732
892,180,5.0,4.481256008148193
321,432,5.0,3.436236619949341
52,237,4.0,4.158547878265381
290,181,5.0,3.7142839431762695
476,33,4.0,3.4234306812286377
588,720,4.0,3.156846284866333
345,234,4.0,3.9407236576080322
790,572,3.0,2.6395065784454346
194,175,3.0,3.3256540298461914
796,636,2.0,3.443603277206421
621,588,3.0,4.0521440505981445
758,790,4.0,3.3136236667633057
479,172,4.0,4.036239147186279
894,237,4.0,3.700420618057251
524,1152,3.0,3.0575931072235107
751,347,4.0,3.3490688800811768
326,523,4.0,3.616863250732422
109,826,3.0,2.54012131690979
821,357,5.0,4.949235439300537
254,62,3.0,2.771993398666382
595,1142,5.0,3.8886616230010986
279,1025,2.0,2.824963331222534
393,332,4.0,3.581725597381592
305,246,3.0,3.5693161487579346
405,1177,1.0,1.5039622783660889
222,26,3.0,3.257598400115967
598,260,3.0,2.8399837017059326
939,424,3.0,2.5314581394195557
59,142,1.0,3.2091712951660156
269,739,1.0,2.652998685836792
846,558,4.0,3.835667371749878
655,417,2.0,2.4887239933013916
301,182,5.0,3.997235059738159
236,69,5.0,3.664597749710083
198,131,3.0,3.501338243484497
416,235,2.0,3.3472321033477783
642,1136,4.0,3.834784746170044
476,738,3.0,2.9530203342437744
194,519,4.0,3.477546215057373
347,177,5.0,3.8972957134246826
318,157,5.0,3.7231862545013428
712,790,4.0,3.23040509223938
175,96,3.0,3.91814923286438
927,91,4.0,4.101349353790283
435,752,3.0,2.9712865352630615
854,135,4.0,3.594874858856201
854,484,3.0,3.7148423194885254
922,219,1.0,3.2096519470214844
592,181,3.0,4.229994773864746
916,206,3.0,3.3636739253997803
293,186,2.0,3.4057250022888184
793,250,4.0,3.518213987350464
819,1537,5.0,4.098991870880127
318,517,3.0,3.9965097904205322
30,780,4.0,3.4096176624298096
509,301,2.0,2.5012195110321045
940,610,1.0,3.378049612045288
715,405,3.0,3.106588840484619
795,186,3.0,3.5906598567962646
930,300,4.0,2.988844871520996
764,275,4.0,4.101395130157471
395,98,5.0,4.5479416847229
301,127,4.0,4.299564838409424
140,302,4.0,4.359507083892822
92,712,3.0,3.1867854595184326
660,191,4.0,3.450502395629883
109,1013,3.0,2.373405933380127
425,178,3.0,3.956042528152466
542,508,3.0,3.518223524093628
788,183,5.0,3.795442819595337
271,338,1.0,2.4166762828826904
145,731,3.0,3.1117749214172363
610,11,4.0,3.66143536567688
758,301,3.0,3.621490716934204
881,430,4.0,3.7998220920562744
758,213,5.0,4.312086582183838
535,71,4.0,3.8648035526275635
788,665,2.0,2.825697422027588
25,520,3.0,4.321540355682373
577,133,4.0,4.168392658233643
190,302,5.0,4.12141752243042
201,188,4.0,3.1832292079925537
912,611,3.0,4.022792816162109
796,283,3.0,3.840712308883667
312,484,5.0,4.515353202819824
363,699,2.0,3.168893575668335
59,756,2.0,3.041799783706665
296,89,5.0,4.6613945960998535
784,315,4.0,4.440907955169678
484,578,3.0,3.7694337368011475
527,23,5.0,3.995213747024536
145,393,5.0,3.361664056777954
627,947,3.0,3.2790956497192383
299,950,2.0,2.970364809036255
656,270,3.0,2.7969624996185303
195,276,4.0,3.5886523723602295
505,7,3.0,3.5152742862701416
726,833,5.0,2.5315449237823486
753,199,5.0,3.745861768722534
479,566,3.0,3.3963351249694824
435,895,3.0,2.88288950920105
42,866,4.0,3.4370081424713135
507,294,5.0,4.433392524719238
408,242,4.0,4.339596748352051
840,357,5.0,4.6414971351623535
200,118,4.0,3.8799517154693604
399,386,3.0,2.339099168777466
417,475,4.0,3.8328731060028076
394,405,3.0,3.8175041675567627
268,63,1.0,2.6333844661712646
405,47,5.0,2.3619801998138428
114,204,3.0,3.4416751861572266
269,198,4.0,3.542358636856079
210,654,5.0,4.580901622772217
794,100,5.0,4.533186435699463
13,157,3.0,3.374070405960083
380,170,4.0,3.5977060794830322
457,841,4.0,3.2499635219573975
293,7,3.0,3.20977520942688
862,496,5.0,4.809367656707764
243,111,4.0,3.4304940700531006
482,289,3.0,3.1257126331329346
6,513,4.0,4.216123580932617
344,14,5.0,3.9589903354644775
428,343,2.0,3.6850597858428955
145,51,3.0,3.526654005050659
751,494,4.0,4.018204212188721
279,68,4.0,3.599416971206665
15,322,3.0,2.5268571376800537
13,334,1.0,3.1526243686676025
561,186,3.0,3.354405164718628
628,1025,5.0,3.7766852378845215
630,687,3.0,2.0616297721862793
324,288,5.0,4.262187480926514
230,95,5.0,3.9769065380096436
897,864,4.0,3.5847127437591553
785,69,4.0,3.885533571243286
130,888,3.0,4.3470683097839355
279,1072,4.0,2.704221487045288
275,230,3.0,3.2097249031066895
647,136,5.0,4.3099775314331055
778,11,5.0,3.119213819503784
707,507,5.0,3.680382013320923
437,156,2.0,4.027627468109131
442,231,3.0,2.2806499004364014
896,768,2.0,2.303687334060669
393,893,3.0,2.5974483489990234
500,768,2.0,2.6508121490478516
399,506,3.0,3.3646914958953857
497,240,4.0,2.5741002559661865
296,194,5.0,4.402678966522217
291,356,4.0,3.640580654144287
533,1173,4.0,2.7345025539398193
770,282,5.0,4.6236443519592285
387,102,3.0,2.901179552078247
528,258,4.0,3.8107194900512695
936,405,2.0,3.494246482849121
453,164,3.0,3.3066513538360596
627,568,2.0,3.3758389949798584
68,596,2.0,2.8272931575775146
307,197,4.0,4.286379337310791
292,250,3.0,3.836355686187744
639,528,4.0,3.342602014541626
753,50,4.0,3.957080602645874
218,12,5.0,3.9901716709136963
445,1081,1.0,1.95786714553833
99,107,3.0,3.802983522415161
300,456,4.0,3.0784952640533447
504,419,3.0,3.77469539642334
863,302,4.0,4.045208930969238
413,258,4.0,3.828749895095825
189,855,3.0,4.005091667175293
474,663,4.0,4.169941425323486
747,70,4.0,3.921198606491089
213,164,5.0,4.162989616394043
5,105,3.0,1.9983437061309814
778,82,3.0,3.0381662845611572
878,168,4.0,3.5677850246429443
226,191,4.0,4.26694917678833
389,25,3.0,3.458055019378662
846,388,3.0,2.762129306793213
200,54,4.0,3.9585554599761963
833,100,4.0,3.604905366897583
773,792,4.0,3.346065044403076
251,172,5.0,4.236393928527832
392,463,3.0,4.15012788772583
359,748,3.0,3.659891128540039
600,79,4.0,4.168643474578857
291,551,2.0,2.8934812545776367
506,731,4.0,3.10155987739563
642,65,4.0,3.9849164485931396
224,300,4.0,3.2131130695343018
465,357,4.0,3.8758060932159424
293,69,3.0,3.334373712539673
609,319,1.0,2.5405380725860596
161,56,3.0,2.8019909858703613
846,204,3.0,3.9296209812164307
451,681,1.0,2.254869222640991
504,402,4.0,3.6594362258911133
13,566,5.0,3.308748960494995
504,1030,3.0,2.3953936100006104
280,200,5.0,4.027820110321045
807,133,5.0,4.2154927253723145
794,751,3.0,3.8328330516815186
784,333,4.0,3.947523355484009
868,385,2.0,3.231684923171997
63,286,4.0,3.3251283168792725
450,44,3.0,3.777731418609619
181,1081,1.0,1.5899351835250854
399,84,2.0,2.3602168560028076
25,969,3.0,3.9282853603363037
314,1178,2.0,3.144134759902954
916,9,5.0,3.5391688346862793
655,942,4.0,2.9820878505706787
256,265,4.0,4.649513244628906
537,150,3.0,3.0782487392425537
892,100,5.0,4.581160068511963
373,497,3.0,4.216081142425537
782,326,5.0,2.8342294692993164
627,729,1.0,3.11977481842041
298,511,4.0,4.517623424530029
932,855,5.0,4.037943363189697
417,1023,4.0,2.416083574295044
864,151,5.0,3.969531297683716
429,71,3.0,3.699676275253296
659,467,3.0,3.9380943775177
328,344,4.0,3.761667251586914
648,83,4.0,3.9758493900299072
345,1117,4.0,3.13740873336792
32,628,4.0,3.30798077583313
197,127,5.0,4.165772914886475
419,191,4.0,4.436645984649658
840,473,5.0,3.4361636638641357
13,150,5.0,3.657701253890991
804,841,4.0,2.8336985111236572
877,14,5.0,4.063093662261963
236,174,3.0,4.060185432434082
49,151,5.0,2.896336793899536
347,172,5.0,4.174234390258789
622,109,5.0,3.426565408706665
756,622,3.0,2.8606386184692383
335,748,2.0,3.1729543209075928
600,182,4.0,4.15261697769165
271,707,4.0,3.8301775455474854
503,732,3.0,3.8099563121795654
445,12,2.0,2.784055233001709
883,50,4.0,4.5554704666137695
387,99,5.0,3.3725011348724365
342,58,5.0,3.405430555343628
595,1047,2.0,2.6290385723114014
712,399,5.0,3.583209753036499
708,274,4.0,3.391977548599243
62,451,3.0,2.933166027069092
268,1118,3.0,3.0095508098602295
373,214,4.0,3.477484703063965
712,234,2.0,4.036101818084717
390,302,5.0,4.531584739685059
98,321,3.0,2.8805031776428223
431,332,3.0,3.5304911136627197
727,100,2.0,3.8602283000946045
433,246,4.0,3.7067067623138428
158,174,5.0,4.493712902069092
526,333,3.0,3.252793312072754
622,178,4.0,4.459216117858887
512,286,5.0,4.015025615692139
483,68,1.0,3.0634353160858154
684,38,3.0,2.8156254291534424
896,235,1.0,2.4069883823394775
71,177,2.0,3.763101100921631
244,215,4.0,3.920964479446411
344,1142,5.0,3.9357120990753174
128,393,4.0,3.3303864002227783
430,168,4.0,3.8369977474212646
405,356,5.0,2.0158913135528564
323,467,5.0,3.893662691116333
394,773,4.0,3.5696322917938232
835,526,3.0,4.416375160217285
91,357,5.0,4.4765777587890625
261,687,5.0,2.940533399581909
343,606,5.0,4.577931880950928
637,685,3.0,2.4467835426330566
181,873,1.0,1.5826735496520996
221,218,4.0,3.5595595836639404
321,607,4.0,3.6913321018218994
362,689,5.0,3.0682597160339355
883,531,3.0,4.057240009307861
911,478,5.0,4.17584228515625
535,727,4.0,3.392932891845703
851,174,5.0,4.495896816253662
458,56,5.0,3.982752561569214
622,404,3.0,3.669672727584839
110,67,3.0,2.7745859622955322
766,483,3.0,4.146970272064209
345,1247,2.0,2.3774850368499756
197,340,2.0,3.363661050796509
393,5,3.0,3.358048677444458
533,988,2.0,2.1072561740875244
533,289,2.0,2.8101353645324707
788,380,3.0,3.064443349838257
252,276,5.0,4.315105438232422
825,258,4.0,4.069699764251709
562,727,5.0,3.281179428100586
883,89,5.0,4.437982082366943
862,657,5.0,4.961905002593994
707,64,3.0,4.339583396911621
846,1066,3.0,3.2904441356658936
189,157,4.0,3.7433559894561768
97,133,1.0,4.162600994110107
87,570,3.0,3.5435667037963867
901,929,4.0,3.0816845893859863
800,864,4.0,3.269916296005249
288,132,3.0,4.036818504333496
234,464,4.0,3.166146993637085
391,15,4.0,3.4613535404205322
605,176,4.0,4.080150604248047
30,231,2.0,3.0917999744415283
870,477,4.0,2.7923710346221924
764,323,3.0,3.0417463779449463
630,153,3.0,3.6974995136260986
751,302,4.0,4.110585689544678
806,1012,4.0,3.5290026664733887
851,818,2.0,3.1895883083343506
454,56,3.0,3.2634263038635254
579,173,5.0,3.8864691257476807
383,137,5.0,4.256828784942627
847,153,4.0,3.2435500621795654
311,651,4.0,4.167060375213623
532,242,4.0,4.805784702301025
249,708,4.0,3.8598620891571045
85,192,4.0,4.149215221405029
58,311,4.0,3.8270838260650635
891,742,4.0,4.218501091003418
384,258,4.0,4.433505535125732
299,55,2.0,3.5029165744781494
293,510,3.0,3.4970600605010986
427,331,4.0,4.9344072341918945
903,324,4.0,3.1846845149993896
178,619,3.0,3.3550751209259033
118,180,5.0,4.8698554039001465
73,135,5.0,3.961763620376587
427,319,3.0,4.682329177856445
262,252,3.0,2.6827919483184814
56,993,3.0,3.7405340671539307
207,11,3.0,3.536508321762085
758,386,3.0,3.2289133071899414
804,72,4.0,3.2914278507232666
339,160,5.0,3.6284399032592773
712,776,4.0,3.6968886852264404
501,544,4.0,3.6211259365081787
249,741,4.0,3.98486590385437
271,414,4.0,3.4560186862945557
298,205,5.0,4.2798051834106445
773,568,1.0,3.2646775245666504
342,98,3.0,4.135678291320801
941,300,4.0,3.8471262454986572
868,164,2.0,3.069099187850952
433,919,5.0,3.53446102142334
847,507,3.0,3.3035566806793213
786,187,4.0,4.254368305206299
648,82,5.0,3.6543116569519043
897,523,5.0,4.357625961303711
24,655,5.0,4.44440221786499
721,325,3.0,3.0896055698394775
314,1221,3.0,3.9436399936676025
334,290,3.0,3.026390790939331
500,204,3.0,3.627098321914673
493,435,5.0,4.033835411071777
13,292,5.0,3.386690855026245
826,241,4.0,4.010227203369141
645,203,4.0,4.0126166343688965
378,436,4.0,3.53597092628479
465,114,4.0,3.8035314083099365
557,50,4.0,4.535327434539795
642,801,3.0,3.344932794570923
49,231,3.0,1.906709909439087
1,55,5.0,3.645864248275757
346,616,1.0,3.4347786903381348
311,495,4.0,3.773564577102661
640,926,3.0,3.4562954902648926
48,650,3.0,3.3677282333374023
817,289,2.0,3.1285698413848877
115,642,5.0,3.5713393688201904
595,1094,3.0,2.2413110733032227
647,588,4.0,3.9682395458221436
852,274,3.0,3.738769292831421
114,505,3.0,3.6860296726226807
158,50,4.0,4.596909046173096
169,443,4.0,3.771074056625366
664,663,4.0,3.8408401012420654
135,802,2.0,2.612605333328247
201,62,1.0,2.5800440311431885
592,1070,5.0,4.144866466522217
416,67,4.0,3.33915114402771
757,203,5.0,3.8487093448638916
516,181,4.0,4.169469833374023
825,323,4.0,3.295881509780884
645,709,3.0,4.168199062347412
128,118,5.0,3.155457019805908
889,657,4.0,4.134642601013184
347,1047,1.0,2.7930784225463867
201,448,3.0,3.006850004196167
661,178,4.0,4.4803786277771
49,406,2.0,1.5455296039581299
497,71,4.0,3.683884859085083
437,381,5.0,3.6379172801971436
408,358,4.0,2.8548567295074463
264,645,4.0,4.542098045349121
740,242,4.0,4.081691741943359
833,288,2.0,2.898078680038452
907,79,5.0,5.0334086418151855
254,231,3.0,2.4606220722198486
561,480,4.0,3.7451884746551514
748,135,4.0,3.854963541030884
439,475,3.0,4.0869832038879395
780,294,3.0,2.894655466079712
679,56,4.0,3.9355528354644775
660,748,3.0,2.3104288578033447
882,122,2.0,2.6661036014556885
232,215,3.0,3.7481045722961426
666,616,3.0,3.454752206802368
445,748,1.0,1.8369560241699219
848,481,3.0,4.228412628173828
830,193,5.0,3.971376657485962
588,370,5.0,3.034503936767578
291,232,4.0,3.711885690689087
328,4,3.0,3.47407603263855
305,582,4.0,3.3014233112335205
85,610,3.0,3.5488293170928955
423,258,5.0,3.806353807449341
63,480,3.0,4.002905368804932
394,568,5.0,4.156959056854248
318,143,5.0,3.8689849376678467
81,318,5.0,4.322732448577881
374,5,4.0,3.1574559211730957
297,209,4.0,3.8688480854034424
753,134,4.0,3.879859209060669
915,286,4.0,3.2482926845550537
480,527,4.0,3.7612853050231934
393,8,3.0,4.089345932006836
305,45,5.0,3.6613924503326416
916,597,2.0,2.8137500286102295
233,588,5.0,4.234045505523682
194,628,3.0,2.8595478534698486
804,1028,3.0,3.1107399463653564
426,1064,4.0,4.212281703948975
392,260,1.0,3.0597126483917236
178,196,4.0,4.036905765533447
5,226,3.0,3.054563283920288
181,1390,1.0,1.5762622356414795
271,317,3.0,3.8207943439483643
763,59,5.0,4.1878743171691895
893,771,3.0,2.6812455654144287
582,124,4.0,4.0857415199279785
161,100,4.0,2.791630506515503
308,637,3.0,3.149406671524048
490,292,3.0,2.7978012561798096
497,151,3.0,3.4507668018341064
878,707,2.0,3.527864933013916
255,564,1.0,1.258256435394287
655,1636,4.0,1.7474329471588135
222,1,4.0,3.614917039871216
769,1322,2.0,2.8764007091522217
135,642,4.0,3.3019421100616455
674,866,5.0,3.4596428871154785
870,255,2.0,2.985549211502075
619,245,4.0,3.0116264820098877
542,235,3.0,2.8603761196136475
850,228,5.0,4.2545037269592285
825,930,5.0,3.0000689029693604
887,756,5.0,3.3949923515319824
387,25,2.0,3.1052658557891846
116,145,2.0,2.003960371017456
843,214,3.0,2.7690412998199463
497,194,3.0,3.8461649417877197
938,595,2.0,3.0317604541778564
556,513,4.0,4.647520542144775
145,763,4.0,3.328618288040161
249,298,4.0,4.151681423187256
201,751,3.0,2.898191452026367
504,1444,3.0,2.72322154045105
851,95,4.0,3.937098264694214
318,326,4.0,3.4323837757110596
653,202,3.0,2.9422824382781982
633,498,2.0,4.14102029800415
59,583,5.0,3.415140390396118
387,1187,4.0,3.400686740875244
653,708,2.0,2.6621053218841553
64,70,5.0,3.6085736751556396
318,501,4.0,3.5984461307525635
834,294,3.0,3.25777268409729
633,148,1.0,3.0225977897644043
322,272,4.0,4.41598653793335
763,111,2.0,3.698575735092163
393,223,4.0,4.315186977386475
301,1,4.0,3.8318772315979004
2,316,5.0,4.142475128173828
405,854,1.0,2.1072897911071777
453,826,1.0,2.211949110031128
381,682,2.0,2.9907281398773193
592,1264,4.0,3.3092801570892334
398,56,4.0,3.9317514896392822
268,16,3.0,2.8576722145080566
297,300,3.0,3.3969056606292725
198,31,3.0,3.20159649848938
892,542,1.0,3.1925766468048096
151,51,4.0,3.687957286834717
374,829,2.0,2.672339677810669
552,7,3.0,3.6323797702789307
642,118,3.0,3.656780958175659
320,368,3.0,2.0936036109924316
234,959,2.0,2.993013858795166
676,168,5.0,3.940025568008423
878,921,4.0,3.531405210494995
295,232,3.0,4.047429084777832
314,73,4.0,3.9095242023468018
355,288,5.0,4.074961185455322
929,515,5.0,4.020928382873535
453,22,5.0,4.044683933258057
213,475,4.0,4.541047096252441
659,712,3.0,3.351423978805542
184,208,4.0,4.00902795791626
682,1135,2.0,2.6798527240753174
922,227,4.0,3.1861493587493896
346,365,1.0,3.112154245376587
731,215,5.0,3.2743079662323
429,1028,3.0,2.7491750717163086
748,227,3.0,3.0958173274993896
886,132,3.0,3.884509325027466
551,62,5.0,3.3900225162506104
623,275,5.0,3.8500983715057373
303,501,4.0,3.4609508514404297
648,17,2.0,3.1334681510925293
677,845,3.0,3.53969144821167
897,660,4.0,4.146921634674072
144,286,4.0,3.5592920780181885
543,748,3.0,2.908273458480835
435,69,4.0,3.7044670581817627
870,503,4.0,3.2677083015441895
693,99,3.0,3.0640976428985596
188,443,4.0,3.9876315593719482
339,1135,2.0,3.30950665473938
682,431,4.0,3.2493555545806885
363,169,5.0,4.14004373550415
406,180,5.0,3.8308169841766357
215,180,3.0,4.065255641937256
804,32,3.0,3.9252922534942627
883,886,3.0,3.4102213382720947
506,489,4.0,4.162780284881592
643,127,5.0,4.35556173324585
279,184,5.0,3.4849846363067627
308,198,3.0,4.1795430183410645
846,86,5.0,4.093970775604248
590,1014,3.0,3.0512290000915527
397,65,2.0,3.4761135578155518
399,455,4.0,2.8076071739196777
416,269,4.0,4.3118085861206055
301,496,5.0,4.109565258026123
405,1338,1.0,1.5397253036499023
487,586,2.0,2.8244540691375732
614,9,4.0,3.6583750247955322
541,993,4.0,3.783951759338379
816,258,3.0,4.59721565246582
269,246,5.0,3.3619425296783447
514,430,4.0,4.04323673248291
326,176,2.0,3.607492208480835
267,22,4.0,4.492879867553711
339,134,5.0,4.576490879058838
110,22,4.0,4.063558101654053
464,328,3.0,3.8710148334503174
365,271,4.0,3.183828592300415
293,679,2.0,2.4530906677246094
881,98,5.0,4.026031970977783
346,29,4.0,2.5056002140045166
553,132,4.0,4.18320894241333
383,193,4.0,4.291737079620361
634,272,5.0,4.272251129150391
215,98,5.0,4.287303924560547
773,531,5.0,3.5344464778900146
335,313,3.0,4.3863139152526855
560,11,4.0,3.7462196350097656
428,877,5.0,3.171760320663452
400,304,4.0,3.822852373123169
698,22,1.0,3.198324680328369
276,1090,1.0,2.6408145427703857
764,100,4.0,4.19874906539917
642,462,4.0,4.260630130767822
540,741,3.0,3.6637156009674072
255,443,1.0,3.3375494480133057
551,217,1.0,3.4788930416107178
871,752,3.0,3.2783024311065674
385,215,2.0,3.279761552810669
907,202,5.0,4.796457767486572
245,21,3.0,2.634274959564209
907,869,5.0,4.162348747253418
94,127,5.0,4.449265003204346
316,521,5.0,3.2034060955047607
551,340,4.0,3.8025951385498047
51,184,3.0,3.0915253162384033
26,476,3.0,2.571607828140259
138,662,4.0,3.6422722339630127
23,432,4.0,3.556501626968384
846,505,5.0,4.173976421356201
505,71,4.0,3.5990803241729736
313,778,2.0,3.6290123462677
24,582,4.0,4.206669330596924
851,1676,2.0,2.7048661708831787
659,97,5.0,3.789280652999878
152,204,4.0,4.708268642425537
793,1,4.0,4.018463611602783
943,808,4.0,2.8119776248931885
151,686,3.0,3.957303762435913
1,251,4.0,4.2302565574646
148,418,3.0,3.476733684539795
292,343,2.0,3.549604892730713
246,409,2.0,2.512183427810669
314,983,4.0,2.865050792694092
470,295,3.0,3.359874725341797
504,504,4.0,4.024504661560059
123,132,3.0,4.1910400390625
815,88,4.0,3.5103602409362793
308,396,4.0,3.1317808628082275
777,521,5.0,3.945697069168091
381,742,4.0,3.659656286239624
918,170,4.0,3.810910940170288
456,414,3.0,3.397430181503296
896,23,2.0,3.670954942703247
790,1074,3.0,2.6286721229553223
389,612,4.0,4.033743381500244
312,515,5.0,4.6638336181640625
110,2,3.0,2.961437463760376
331,268,5.0,3.597668409347534
518,222,5.0,3.7426326274871826
466,55,4.0,3.521658182144165
320,27,3.0,3.6137616634368896
299,480,4.0,4.163029670715332
119,222,5.0,4.173696994781494
110,333,4.0,3.3967032432556152
123,482,4.0,4.2766313552856445
12,157,5.0,3.997373342514038
100,691,4.0,3.165597677230835
592,1226,4.0,3.8356759548187256
320,685,4.0,3.6787304878234863
863,895,5.0,2.902151346206665
880,603,5.0,4.5464768409729
405,1579,1.0,1.4781339168548584
537,639,2.0,2.8852038383483887
670,245,4.0,2.9443328380584717
487,746,4.0,3.859323740005493
556,321,4.0,3.315838575363159
184,285,5.0,4.2575788497924805
2,282,4.0,3.770442247390747
514,189,5.0,4.248505592346191
280,678,2.0,3.086275339126587
476,999,2.0,3.151294469833374
907,815,5.0,4.297679901123047
5,227,4.0,3.027419328689575
620,91,2.0,4.139186859130859
382,334,5.0,2.9557220935821533
343,199,5.0,4.473588466644287
43,291,3.0,3.524200439453125
280,7,4.0,3.9604742527008057
738,91,4.0,3.565437078475952
889,1134,4.0,3.2111995220184326
455,241,4.0,3.4154913425445557
90,156,4.0,4.358117580413818
176,258,4.0,3.945208787918091
871,511,2.0,4.317267894744873
107,268,4.0,3.347858428955078
270,581,5.0,4.13069486618042
321,7,4.0,3.476442575454712
298,294,3.0,3.3419322967529297
298,178,5.0,4.6297926902771
774,550,2.0,1.8899471759796143
112,689,4.0,3.302433729171753
703,127,5.0,4.384324550628662
897,69,5.0,4.176482677459717
340,186,4.0,4.192042827606201
899,89,4.0,4.137938022613525
668,347,4.0,3.3959543704986572
429,496,4.0,3.987748384475708
13,475,3.0,3.792773723602295
293,89,5.0,3.718722105026245
221,475,4.0,4.055983066558838
474,208,3.0,4.2698445320129395
311,233,4.0,3.3898749351501465
738,209,4.0,4.006364345550537
883,251,5.0,4.450027942657471
500,170,5.0,4.117882251739502
846,1267,3.0,3.1979575157165527
891,459,5.0,4.563144207000732
890,214,4.0,3.3733675479888916
429,546,3.0,2.7439029216766357
128,237,4.0,3.629864454269409
524,607,3.0,3.8450520038604736
848,164,5.0,3.840622663497925
409,153,4.0,3.5870931148529053
541,418,5.0,3.761390447616577
363,1,2.0,3.4332797527313232
435,818,2.0,2.6726226806640625
318,40,4.0,3.19225811958313
346,842,1.0,2.803166151046753
288,435,4.0,3.90710186958313
249,124,5.0,4.472981929779053
392,321,5.0,3.5658133029937744
405,1035,1.0,2.059260368347168
109,234,4.0,3.80409836769104
58,137,5.0,3.96968150138855
782,1534,2.0,1.6093809604644775
883,867,5.0,3.975656747817993
429,89,4.0,4.120672225952148
291,456,3.0,2.669461488723755
234,557,1.0,2.9526498317718506
269,122,1.0,1.922802209854126
43,127,4.0,4.494190216064453
795,234,4.0,3.4424808025360107
267,230,4.0,3.8361098766326904
291,404,4.0,3.9629862308502197
884,529,5.0,3.7659189701080322
457,934,3.0,3.3372914791107178
619,295,4.0,3.4001123905181885
554,735,3.0,3.824683427810669
896,651,4.0,3.5640971660614014
612,926,2.0,2.765495538711548
269,148,1.0,2.6202385425567627
178,180,3.0,4.076359272003174
705,546,3.0,3.2232184410095215
472,609,5.0,4.478465557098389
648,177,5.0,3.758183717727661
389,559,3.0,3.1850218772888184
342,654,4.0,4.10964822769165
655,514,5.0,3.312234401702881
274,211,5.0,4.3692626953125
158,550,3.0,3.5176870822906494
886,1,4.0,3.685046911239624
435,1225,3.0,2.3336496353149414
405,241,1.0,2.1892971992492676
94,334,3.0,3.4619741439819336
532,879,3.0,4.016674518585205
67,871,3.0,3.129690647125244
464,482,5.0,4.581389904022217
151,89,5.0,4.485445976257324
315,271,3.0,3.5452630519866943
661,144,5.0,3.989427328109741
796,234,2.0,3.9123613834381104
645,185,5.0,4.172658443450928
216,466,4.0,3.898076295852661
198,369,1.0,2.053476095199585
774,293,1.0,2.4921109676361084
875,921,5.0,4.095922946929932
222,729,4.0,3.107743978500366
532,345,4.0,4.168861389160156
793,117,4.0,3.7420578002929688
50,327,3.0,3.394998788833618
886,288,4.0,3.2051475048065186
276,458,4.0,3.2656850814819336
379,194,5.0,4.308420181274414
174,763,1.0,3.4631035327911377
308,219,3.0,3.4271981716156006
178,125,4.0,3.5026354789733887
894,558,5.0,3.776331663131714
73,197,5.0,4.092430114746094
854,358,2.0,2.0688583850860596
236,135,2.0,3.8477251529693604
16,178,5.0,4.849143981933594
481,163,4.0,3.6817357540130615
49,148,1.0,2.479907751083374
568,301,1.0,2.5356876850128174
561,1039,3.0,3.3910014629364014
198,249,2.0,2.7706868648529053
192,258,5.0,3.735341787338257
274,274,4.0,3.8616316318511963
337,1016,4.0,3.819108009338379
270,145,3.0,3.4795024394989014
757,969,3.0,3.65580677986145
916,77,3.0,3.0100696086883545
715,155,4.0,2.9047529697418213
744,657,5.0,4.085097789764404
753,316,4.0,3.638423204421997
554,1284,3.0,2.8491995334625244
643,482,4.0,4.172928810119629
84,98,4.0,4.566738605499268
255,976,1.0,1.4910249710083008
109,425,2.0,3.8660690784454346
405,214,4.0,2.3233394622802734
13,161,5.0,3.395094633102417
545,174,4.0,4.353105068206787
306,287,4.0,3.7664854526519775
711,313,4.0,4.523754596710205
249,188,4.0,4.006858825683594
416,86,1.0,4.261871814727783
114,171,4.0,3.6922225952148438
907,144,5.0,4.954460620880127
936,221,4.0,4.074922561645508
429,97,4.0,3.573178291320801
259,200,4.0,4.140836238861084
452,684,4.0,3.3380510807037354
940,521,4.0,3.480376958847046
919,310,3.0,3.5845248699188232
551,49,3.0,3.608184576034546
25,208,4.0,4.163704872131348
425,831,3.0,2.1683690547943115
781,172,5.0,4.038062572479248
559,566,5.0,3.2707560062408447
591,70,4.0,3.533914089202881
176,250,4.0,3.5194661617279053
381,259,2.0,2.8363051414489746
450,467,4.0,4.150339126586914
407,712,2.0,3.1504411697387695
492,187,5.0,3.5985095500946045
320,238,4.0,4.122769832611084
327,651,4.0,3.697800874710083
878,497,2.0,3.6446118354797363
279,751,4.0,3.4513914585113525
487,385,4.0,3.833587408065796
618,588,4.0,3.496577024459839
796,134,3.0,4.410425662994385
217,566,4.0,3.264418840408325
42,64,5.0,4.686609745025635
216,655,5.0,4.158260345458984
854,756,3.0,2.2248620986938477
780,498,5.0,4.157062530517578
670,949,2.0,3.329399347305298
44,553,3.0,3.2168490886688232
479,62,3.0,2.9151828289031982
280,3,2.0,3.3201253414154053
650,780,2.0,2.501492977142334
70,542,2.0,2.408641815185547
642,409,5.0,3.533160448074341
354,483,4.0,4.508666515350342
416,311,3.0,4.139919757843018
499,153,4.0,3.7759060859680176
398,485,5.0,3.8018548488616943
924,50,5.0,4.288379669189453
410,689,2.0,2.622364044189453
313,175,4.0,3.888453722000122
455,39,2.0,3.1062371730804443
120,127,4.0,4.343982219696045
393,1092,3.0,2.6648924350738525
659,423,4.0,3.850649118423462
691,603,5.0,4.705951690673828
450,179,5.0,4.328146457672119
90,647,5.0,4.7789082527160645
119,382,5.0,4.1592631340026855
479,283,4.0,3.640979528427124
643,68,3.0,3.4987144470214844
308,4,5.0,3.647138833999634
711,317,4.0,4.141595363616943
466,7,4.0,3.5892021656036377
85,658,3.0,3.2190234661102295
721,243,3.0,2.7258317470550537
846,205,5.0,4.208662986755371
299,93,2.0,3.5884311199188232
161,22,2.0,2.913156747817993
478,11,4.0,3.6886675357818604
618,633,3.0,3.678891897201538
406,466,4.0,3.525447130203247
342,288,5.0,3.2872471809387207
846,98,4.0,4.38073205947876
934,502,4.0,3.8443377017974854
116,346,4.0,3.309863567352295
608,487,4.0,3.865614652633667
317,260,4.0,3.072962522506714
921,1,3.0,3.673628330230713
13,706,1.0,2.6022188663482666
324,268,4.0,4.610592365264893
5,364,1.0,2.4601705074310303
399,722,2.0,2.3124730587005615
880,570,3.0,3.3646080493927
425,338,1.0,2.4620201587677
719,50,2.0,3.9716227054595947
363,222,5.0,3.2371723651885986
442,22,2.0,3.871976137161255
370,50,4.0,4.254504680633545
329,286,4.0,3.3615365028381348
846,289,4.0,3.1276915073394775
530,181,3.0,4.029574871063232
292,7,3.0,4.1852240562438965
849,121,5.0,4.63041353225708
432,845,4.0,3.6006743907928467
790,17,2.0,2.9699714183807373
722,291,4.0,3.5780913829803467
717,260,1.0,2.9136669635772705
575,98,4.0,3.4255406856536865
286,1504,4.0,3.658977746963501
932,436,3.0,3.760455369949341
796,1415,3.0,2.389099597930908
115,1073,5.0,4.075174808502197
409,318,4.0,4.249557018280029
251,742,5.0,3.629823923110962
622,101,5.0,3.3833587169647217
682,1079,3.0,1.7686339616775513
42,591,4.0,3.7282068729400635
868,843,1.0,2.5901238918304443
826,226,4.0,3.8420250415802
217,1034,3.0,2.0594065189361572
648,118,4.0,3.043346643447876
475,306,5.0,3.909111261367798
222,173,5.0,3.951533079147339
693,504,5.0,3.300405979156494
280,1297,4.0,2.757622003555298
652,538,4.0,3.2001864910125732
316,276,2.0,3.0203566551208496
715,145,2.0,2.3196070194244385
576,237,4.0,3.647289991378784
314,1063,5.0,4.03328800201416
807,743,3.0,2.355659246444702
451,749,3.0,2.934624433517456
324,292,3.0,4.454911708831787
435,834,5.0,1.7743453979492188
567,1,3.0,3.854961633682251
757,22,4.0,4.1518235206604
786,692,4.0,3.617246150970459
95,465,3.0,3.5017921924591064
193,476,2.0,2.8617284297943115
128,265,5.0,3.964988946914673
591,921,4.0,3.8393170833587646
13,351,1.0,2.6281635761260986
415,641,3.0,4.65805721282959
377,164,4.0,3.7494847774505615
417,1135,4.0,2.8278276920318604
655,382,3.0,3.047243118286133
452,945,4.0,3.5438435077667236
885,65,2.0,3.281752824783325
472,196,4.0,4.814144611358643
345,148,3.0,3.3293216228485107
76,56,5.0,3.917729139328003
305,655,4.0,3.5920815467834473
450,1135,4.0,3.3823421001434326
659,636,3.0,3.3831303119659424
437,168,3.0,4.088136672973633
618,23,5.0,3.7954068183898926
925,245,3.0,2.9847252368927
5,176,3.0,3.781778573989868
398,94,2.0,2.9951798915863037
416,240,1.0,3.1626431941986084
398,133,3.0,3.8238298892974854
569,111,3.0,3.4670932292938232
452,924,5.0,2.9053657054901123
930,1315,3.0,2.817640781402588
617,413,1.0,1.7505450248718262
271,582,3.0,3.5210630893707275
82,194,4.0,3.549877882003784
863,691,3.0,3.3605613708496094
293,658,1.0,2.8192358016967773
252,7,4.0,4.42899227142334
497,550,4.0,3.11509370803833
750,294,4.0,2.9674489498138428
445,762,1.0,1.9113919734954834
708,926,3.0,2.555338144302368
401,322,2.0,2.4167537689208984
280,496,5.0,4.324723720550537
291,376,3.0,3.182326078414917
174,143,5.0,3.8802883625030518
746,423,3.0,3.7386958599090576
416,125,5.0,3.790210485458374
215,227,5.0,3.3720710277557373
678,14,3.0,3.8252439498901367
936,476,4.0,3.302483558654785
763,730,5.0,3.8592302799224854
913,318,4.0,4.1237664222717285
199,221,4.0,3.4002158641815186
678,50,4.0,4.211984157562256
663,129,3.0,3.9925272464752197
346,578,2.0,3.0606770515441895
477,66,5.0,4.566877841949463
481,198,4.0,4.241045951843262
603,62,2.0,3.199352741241455
807,374,3.0,2.5401523113250732
7,213,3.0,4.367558479309082
486,248,4.0,3.5350821018218994
43,385,5.0,3.8317015171051025
299,118,2.0,2.918581247329712
527,134,5.0,4.1625447273254395
269,1103,5.0,3.471926689147949
536,561,3.0,3.408829927444458
711,269,5.0,4.1629319190979
804,566,4.0,3.5980536937713623
184,1398,5.0,3.9274771213531494
456,23,4.0,3.935384511947632
600,1004,4.0,3.3746583461761475
308,213,4.0,4.024804592132568
405,1027,1.0,1.8764426708221436
694,385,4.0,4.002867221832275
111,304,4.0,3.405829906463623
364,262,3.0,4.144895076751709
435,763,5.0,3.0902371406555176
690,1210,3.0,2.4864132404327393
883,386,3.0,3.078259229660034
788,554,3.0,2.5607213973999023
305,793,5.0,3.273272752761841
603,227,3.0,3.4313745498657227
616,299,3.0,3.045461893081665
49,1071,3.0,2.3368067741394043
660,63,2.0,2.1508259773254395
313,218,2.0,3.3928091526031494
334,275,4.0,3.8634159564971924
592,56,5.0,4.351773262023926
290,527,4.0,3.7532737255096436
445,458,2.0,1.6845545768737793
886,101,4.0,3.155639171600342
476,80,3.0,2.7572765350341797
292,320,5.0,4.042316913604736
393,380,2.0,3.4007883071899414
7,99,5.0,4.081818580627441
405,996,1.0,1.3248074054718018
494,507,4.0,3.946556329727173
614,476,3.0,2.8873777389526367
409,343,3.0,2.7354347705841064
463,149,2.0,2.722034215927124
169,174,4.0,4.1855058670043945
181,1382,1.0,0.6261366605758667
654,66,4.0,3.515455961227417
887,559,4.0,3.7228617668151855
693,180,3.0,3.4054324626922607
236,200,3.0,3.6100172996520996
374,1001,1.0,2.158681869506836
831,877,2.0,2.3712847232818604
710,64,4.0,4.286025047302246
460,258,3.0,3.5105435848236084
514,582,4.0,3.7115540504455566
303,366,3.0,3.3195621967315674
577,1531,4.0,3.474999189376831
184,218,3.0,3.5042643547058105
366,448,5.0,4.266595363616943
551,68,2.0,3.78052020072937
235,269,4.0,3.94938063621521
503,430,5.0,4.158023357391357
374,289,1.0,2.9670321941375732
268,114,5.0,4.009326457977295
648,527,4.0,3.894688844680786
7,418,4.0,3.9073216915130615
707,694,4.0,3.9697563648223877
486,25,4.0,3.2320330142974854
345,202,3.0,3.8631365299224854
650,550,3.0,2.743830442428589
648,121,5.0,3.2450928688049316
241,302,3.0,3.965468168258667
815,526,4.0,4.145528316497803
292,174,5.0,4.7038960456848145
343,747,4.0,3.7337677478790283
6,477,1.0,2.878068685531616
707,1174,5.0,3.3756988048553467
886,709,3.0,3.918621301651001
841,333,4.0,3.885469675064087
882,205,5.0,4.398438930511475
364,1048,5.0,3.4248335361480713
496,204,3.0,3.1639506816864014
430,152,4.0,3.428959608078003
450,492,5.0,4.090774059295654
679,95,3.0,3.582876682281494
1,213,2.0,3.9113333225250244
835,354,3.0,3.826982259750366
715,237,4.0,3.524641275405884
314,1139,5.0,3.262802839279175
727,802,2.0,2.43855357170105
7,637,4.0,3.519747495651245
416,41,3.0,3.464435338973999
731,1269,3.0,3.532226800918579
383,513,5.0,4.762317180633545
782,1096,2.0,2.2670323848724365
321,736,4.0,3.559687614440918
899,385,3.0,3.5325257778167725
654,153,4.0,3.862701177597046
678,1129,1.0,3.687953233718872
92,665,3.0,2.840813159942627
830,88,4.0,3.408267021179199
160,328,3.0,3.5078859329223633
286,993,2.0,3.9151084423065186
620,393,5.0,3.8572027683258057
409,608,4.0,3.738642454147339
305,326,2.0,2.8309333324432373
587,259,4.0,2.416494369506836
269,179,4.0,3.478604316711426
534,288,4.0,4.264734745025635
690,546,4.0,2.631401300430298
201,157,4.0,3.129491090774536
897,127,5.0,4.608288288116455
922,380,4.0,3.0805647373199463
59,1118,2.0,3.559849977493286
244,707,4.0,4.161937713623047
267,364,2.0,3.1318981647491455
932,274,5.0,3.6864988803863525
655,1214,2.0,1.9789340496063232
504,399,4.0,3.457918405532837
405,372,1.0,2.1112725734710693
354,1017,3.0,3.388305902481079
162,147,4.0,3.590059995651245
222,167,3.0,2.812077760696411
85,270,3.0,3.4287946224212646
491,408,5.0,4.462596416473389
25,143,3.0,3.893298387527466
887,393,4.0,3.8657920360565186
174,88,5.0,3.5966227054595947
454,660,3.0,2.992004632949829
280,50,3.0,4.575135707855225
655,215,2.0,3.1672375202178955
887,13,1.0,3.9746243953704834
538,238,5.0,3.53763484954834
554,405,4.0,3.1837351322174072
659,1044,4.0,3.311171293258667
836,163,5.0,3.6133902072906494
404,300,4.0,3.673668622970581
643,70,3.0,3.7057645320892334
514,109,3.0,3.4147145748138428
482,288,3.0,3.4658660888671875
343,89,3.0,4.567318439483643
478,300,3.0,3.4732935428619385
457,959,4.0,4.034306049346924
454,317,4.0,3.1418182849884033
183,202,4.0,3.507329225540161
160,137,4.0,4.1058573722839355
567,299,4.0,2.8275678157806396
802,565,3.0,2.8444323539733887
889,210,4.0,3.794652223587036
479,295,1.0,3.3031256198883057
271,487,4.0,3.8451731204986572
650,602,4.0,3.156665563583374
59,147,5.0,3.627342939376831
446,879,3.0,2.694481611251831
605,521,5.0,3.820634603500366
659,505,4.0,4.08793830871582
7,578,3.0,3.7439677715301514
345,278,3.0,3.2591845989227295
767,222,5.0,4.214627742767334
523,1041,4.0,3.8010194301605225
292,248,4.0,4.151566982269287
654,926,4.0,2.7668650150299072
904,778,3.0,3.991175889968872
877,949,3.0,3.449687957763672
643,959,3.0,3.5559146404266357
407,177,4.0,3.76623797416687
478,79,4.0,3.8940556049346924
60,496,4.0,4.362989902496338
474,357,5.0,4.679802417755127
10,175,3.0,4.311331272125244
425,576,3.0,2.461848497390747
215,692,3.0,3.5799992084503174
880,394,3.0,3.659614324569702
419,100,5.0,4.275935649871826
194,25,2.0,2.7440013885498047
554,179,3.0,4.040751934051514
484,71,2.0,4.30181360244751
843,71,2.0,2.7425246238708496
189,121,2.0,3.552111864089966
622,125,3.0,3.485524892807007
642,393,5.0,3.7973673343658447
664,12,5.0,4.269730091094971
749,11,5.0,3.931931734085083
669,508,3.0,3.1705925464630127
474,79,5.0,4.322342395782471
378,1220,3.0,3.279034376144409
537,972,3.0,2.6959283351898193
330,570,4.0,4.135268688201904
552,249,3.0,3.0695531368255615
313,482,5.0,4.053740978240967
82,304,3.0,3.0539140701293945
382,474,5.0,3.8969881534576416
351,748,4.0,3.893031358718872
648,172,5.0,4.035122394561768
839,813,4.0,3.849935293197632
923,148,4.0,4.002133846282959
932,498,5.0,4.522818565368652
184,708,4.0,3.475235939025879
303,160,4.0,3.3670907020568848
694,300,4.0,3.9401633739471436
489,351,5.0,3.525256872177124
343,116,5.0,4.053887844085693
23,116,5.0,3.5880799293518066
385,486,2.0,3.3732235431671143
523,186,3.0,4.592381477355957
210,176,4.0,4.446057319641113
172,430,3.0,3.413722038269043
464,984,2.0,3.353423595428467
654,591,5.0,3.6182422637939453
297,47,2.0,3.4540178775787354
536,49,3.0,3.624980926513672
487,229,3.0,3.2757370471954346
267,198,5.0,4.370246410369873
463,224,3.0,3.3956298828125
591,357,5.0,4.254868030548096
488,429,4.0,3.690218925476074
95,274,4.0,3.4739787578582764
207,15,4.0,3.259814977645874
496,727,5.0,2.7256510257720947
886,4,3.0,3.411115884780884
189,134,5.0,4.481010913848877
458,86,5.0,3.8457415103912354
911,99,3.0,3.6340696811676025
711,316,4.0,4.240668296813965
204,269,4.0,3.7933461666107178
429,293,4.0,3.7645156383514404
682,570,2.0,2.8486592769622803
373,211,4.0,4.135024547576904
269,120,1.0,1.4798839092254639
899,660,4.0,3.6963956356048584
825,742,4.0,3.8422152996063232
716,651,5.0,4.214295864105225
798,105,3.0,2.469618797302246
675,305,4.0,3.656670331954956
608,1101,4.0,3.6388206481933594
154,286,4.0,3.774913787841797
669,79,2.0,3.581130027770996
184,451,4.0,3.2760040760040283
379,175,5.0,4.276291847229004
617,174,1.0,3.377397298812866
796,546,4.0,3.114351511001587
60,237,4.0,3.8740012645721436
207,192,3.0,4.006713390350342
400,313,5.0,4.605806350708008
856,316,5.0,3.8951847553253174
879,121,4.0,3.35197377204895
671,255,5.0,3.548774003982544
933,96,2.0,3.4125311374664307
401,144,5.0,3.307943105697632
429,176,3.0,3.917717695236206
429,1217,2.0,2.7931630611419678
291,735,4.0,4.185654640197754
416,29,2.0,3.1005327701568604
773,462,5.0,3.5129141807556152
567,79,2.0,4.036345958709717
805,716,4.0,2.980947732925415
619,566,4.0,3.4933218955993652
378,106,2.0,2.8107569217681885
181,277,1.0,1.5741662979125977
566,157,5.0,3.331531286239624
312,69,4.0,4.214552879333496
286,629,5.0,3.716186761856079
522,521,5.0,4.0281758308410645
828,900,2.0,3.3375203609466553
449,274,2.0,3.606928586959839
313,186,3.0,3.8696811199188232
918,656,4.0,3.7212536334991455
488,292,3.0,3.195603132247925
805,1232,3.0,2.4523191452026367
702,313,5.0,3.6510088443756104
331,160,5.0,3.170297384262085
109,597,2.0,3.104370355606079
497,260,4.0,2.4068703651428223
417,1057,2.0,2.18471622467041
694,132,5.0,4.343055248260498
502,751,3.0,3.4071664810180664
660,1133,2.0,2.174666404724121
894,61,4.0,4.098254680633545
294,249,5.0,3.399132490158081
537,694,4.0,3.347196578979492
417,444,4.0,2.712282657623291
606,91,5.0,4.029213905334473
821,125,4.0,4.106358051300049
216,651,5.0,4.234817981719971
314,8,4.0,4.3741936683654785
363,218,2.0,3.055077314376831
815,433,3.0,3.8469316959381104
629,876,3.0,3.0191047191619873
275,186,3.0,3.5921435356140137
291,1505,4.0,2.8672935962677
495,421,1.0,4.090785026550293
721,319,3.0,3.520798921585083
911,174,4.0,4.250277996063232
407,859,3.0,2.8376095294952393
321,863,3.0,3.7223615646362305
748,237,4.0,3.390129566192627
456,588,3.0,3.636554479598999
292,111,4.0,4.002726078033447
605,523,5.0,4.089519023895264
2,13,4.0,3.538891077041626
561,117,3.0,2.9775474071502686
420,116,4.0,3.9208905696868896
131,302,5.0,4.3777031898498535
90,659,4.0,4.5179443359375
846,674,4.0,3.302044630050659
299,88,3.0,3.235555410385132
932,524,5.0,4.278963565826416
375,773,3.0,3.0350327491760254
380,81,3.0,2.9416539669036865
239,509,5.0,4.153548240661621
325,554,1.0,2.3524491786956787
833,47,5.0,3.1749379634857178
924,701,4.0,3.82464599609375
106,495,4.0,3.6668593883514404
127,300,5.0,4.158345699310303
645,483,5.0,4.594415664672852
343,631,4.0,3.9639885425567627
568,213,4.0,3.26459002494812
116,323,3.0,2.4549143314361572
567,12,4.0,4.3128342628479
735,300,4.0,3.3059072494506836
82,357,4.0,3.936826467514038
478,282,3.0,3.550081491470337
422,436,3.0,3.5979502201080322
623,504,3.0,3.7430849075317383
913,92,4.0,3.1522417068481445
13,329,2.0,2.921269178390503
361,705,5.0,3.9212138652801514
14,507,4.0,4.076894760131836
1,27,2.0,3.067247152328491
7,638,4.0,4.301290035247803
585,1021,3.0,3.9188191890716553
279,1113,3.0,3.5247623920440674
498,464,4.0,3.2565486431121826
287,252,1.0,3.5013668537139893
318,193,3.0,4.144519329071045
90,212,4.0,3.8061954975128174
458,423,2.0,3.6884567737579346
88,898,4.0,3.253760576248169
735,50,5.0,4.073386192321777
620,465,4.0,4.063270092010498
251,418,4.0,3.5443642139434814
862,1050,5.0,4.321599960327148
191,86,5.0,3.878068208694458
402,257,4.0,4.044255256652832
516,199,3.0,4.38934850692749
90,367,4.0,3.9763376712799072
831,690,4.0,3.269325017929077
693,449,2.0,2.3872833251953125
303,734,1.0,2.5310137271881104
331,198,4.0,3.9449880123138428
933,95,3.0,3.05513596534729
671,55,3.0,3.886854410171509
874,116,4.0,3.682539463043213
374,566,3.0,3.4789865016937256
123,13,3.0,3.59743595123291
880,150,4.0,4.052352428436279
444,286,2.0,3.8582446575164795
880,176,5.0,4.274535179138184
379,636,3.0,3.6101129055023193
422,15,3.0,3.5942342281341553
676,50,5.0,4.308452606201172
409,497,3.0,3.8862154483795166
123,288,3.0,3.5116772651672363
262,217,3.0,2.9390761852264404
802,194,4.0,4.084157466888428
174,458,4.0,3.325516939163208
756,566,4.0,3.16849946975708
87,64,5.0,4.816257953643799
13,281,3.0,2.7944276332855225
466,273,4.0,3.380884885787964
42,222,4.0,3.835800886154175
630,123,4.0,3.003326654434204
693,181,3.0,3.3541347980499268
190,310,4.0,3.555471658706665
574,750,3.0,3.7501168251037598
301,515,3.0,4.3104753494262695
1,137,5.0,3.910013437271118
327,156,4.0,3.619109869003296
26,50,4.0,4.019843578338623
896,201,3.0,2.9918410778045654
534,1059,4.0,3.6170883178710938
87,318,4.0,4.761226654052734
654,963,4.0,4.349813938140869
788,144,4.0,3.78061842918396
919,11,4.0,3.776019811630249
537,236,3.0,2.9255237579345703
6,133,4.0,3.7190792560577393
160,488,5.0,4.38629674911499
377,682,3.0,3.1298811435699463
804,282,4.0,3.7712371349334717
398,49,3.0,3.115180253982544
82,87,3.0,3.5041916370391846
625,200,3.0,3.4885294437408447
749,498,4.0,4.415772438049316
862,432,5.0,4.448843479156494
92,631,4.0,3.610377073287964
721,995,3.0,3.5270087718963623
551,89,4.0,4.540641784667969
870,313,4.0,4.015051364898682
498,1404,3.0,3.0020177364349365
125,996,3.0,2.0841715335845947
846,1107,4.0,3.4563043117523193
287,111,3.0,4.080941677093506
437,588,3.0,3.9131815433502197
291,418,4.0,3.8114840984344482
640,761,5.0,3.740159273147583
72,161,5.0,3.590665578842163
291,293,5.0,4.260534763336182
932,530,4.0,4.418352127075195
10,692,4.0,3.888718366622925
372,595,4.0,3.8104543685913086
503,134,5.0,4.466581344604492
681,894,1.0,2.030250072479248
163,318,4.0,3.944476366043091
683,311,3.0,3.445652723312378
276,154,4.0,3.994847059249878
593,660,5.0,3.9490883350372314
299,318,4.0,4.264492034912109
288,173,3.0,4.1739726066589355
468,1016,3.0,3.6643173694610596
41,28,4.0,3.8016819953918457
923,405,4.0,3.987075090408325
363,588,2.0,3.419064998626709
198,188,5.0,3.2262213230133057
729,333,4.0,3.248291254043579
370,603,5.0,4.206002712249756
758,253,5.0,3.904707670211792
126,258,4.0,3.9503986835479736
892,1285,4.0,3.820168972015381
303,289,2.0,2.9640285968780518
618,50,5.0,4.039958477020264
428,303,3.0,4.340464115142822
798,432,4.0,3.7448694705963135
125,175,2.0,3.968188524246216
343,333,3.0,3.870958089828491
471,8,5.0,3.8327648639678955
430,748,3.0,2.9302408695220947
191,751,3.0,3.270906925201416
14,813,2.0,4.2383646965026855
938,929,2.0,2.788825511932373
381,887,3.0,3.781521797180176
296,7,5.0,4.156592845916748
363,1101,3.0,3.342432737350464
19,288,3.0,3.305042266845703
932,1449,5.0,5.0774970054626465
450,1197,3.0,4.052944660186768
931,258,3.0,3.8231563568115234
109,409,2.0,3.0553481578826904
405,1224,1.0,1.5799028873443604
537,664,3.0,3.0687143802642822
588,154,4.0,4.025321006774902
168,866,5.0,3.139333724975586
342,143,5.0,3.6256263256073
796,486,5.0,3.93090558052063
338,215,3.0,3.558631658554077
660,182,2.0,3.212111711502075
533,66,4.0,3.3194262981414795
493,1088,2.0,2.0897116661071777
612,15,4.0,3.585783004760742
933,585,1.0,1.695185661315918
75,476,1.0,3.151618242263794
887,105,3.0,2.9489738941192627
24,402,4.0,4.062597751617432
435,121,3.0,3.1547322273254395
841,270,4.0,3.890062093734741
593,196,5.0,4.087048053741455
843,616,3.0,2.5904433727264404
25,633,4.0,4.201852321624756
130,392,4.0,4.29176139831543
848,172,5.0,4.427409648895264
389,510,3.0,4.1074538230896
98,116,5.0,3.522493600845337
749,393,5.0,3.4040687084198
251,1,4.0,3.9599688053131104
648,288,4.0,3.278796911239624
347,742,5.0,3.56766414642334
643,186,4.0,3.988868474960327
242,361,5.0,4.379324913024902
398,519,4.0,3.9832980632781982
796,248,3.0,3.804056167602539
195,258,4.0,3.754450559616089
610,79,3.0,3.866823434829712
716,497,3.0,4.272940158843994
655,410,2.0,2.528914213180542
524,94,2.0,3.006563425064087
880,24,3.0,3.683020830154419
647,174,4.0,4.408426284790039
210,127,5.0,4.706088542938232
343,11,5.0,4.132702827453613
374,526,4.0,4.048536777496338
445,291,2.0,2.2514047622680664
670,659,5.0,4.060372829437256
18,729,3.0,3.430237293243408
276,728,2.0,2.9483959674835205
479,121,4.0,3.2393946647644043
416,347,4.0,3.789885997772217
592,338,2.0,2.8831989765167236
466,4,3.0,3.409461736679077
293,248,3.0,3.149956703186035
272,1101,5.0,3.9928390979766846
236,194,3.0,3.7871763706207275
657,628,3.0,3.230635404586792
43,95,4.0,3.892608404159546
308,121,3.0,3.4647581577301025
500,569,4.0,2.60404634475708
605,70,3.0,3.6903836727142334
450,704,3.0,3.4790093898773193
279,109,5.0,3.503100633621216
940,628,4.0,3.1891729831695557
506,425,4.0,3.918102979660034
864,356,4.0,3.6599249839782715
942,969,4.0,4.179588317871094
700,169,3.0,4.275845050811768
249,467,4.0,4.222712516784668
352,385,4.0,3.6225903034210205
860,294,2.0,2.72859525680542
846,751,5.0,3.4868099689483643
269,665,1.0,2.317065954208374
654,210,5.0,4.024099826812744
523,202,4.0,4.397146701812744
43,705,4.0,4.18839168548584
721,145,4.0,2.827559232711792
18,1,5.0,3.9374096393585205
880,412,3.0,2.404386281967163
360,45,4.0,4.187683582305908
457,179,4.0,4.524074077606201
286,476,4.0,3.4849793910980225
186,470,5.0,3.727800130844116
262,191,4.0,4.069084644317627
219,132,5.0,4.16987943649292
724,683,1.0,1.6072254180908203
279,284,1.0,3.27354097366333
378,47,4.0,3.656233072280884
577,226,4.0,3.5832505226135254
276,1240,4.0,3.962049722671509
916,203,4.0,3.7128093242645264
743,301,4.0,3.326977491378784
486,1609,3.0,0.9416308999061584
911,530,4.0,4.180742263793945
863,750,4.0,3.7291102409362793
60,430,5.0,4.227622985839844
798,378,4.0,3.7588584423065186
334,313,4.0,4.2067084312438965
308,143,4.0,3.7795493602752686
204,748,1.0,2.914555549621582
632,134,5.0,4.2512335777282715
664,215,4.0,3.690636396408081
416,127,5.0,4.64778995513916
429,42,5.0,3.5775723457336426
823,53,5.0,3.276071310043335
488,70,3.0,3.297943353652954
393,546,2.0,3.1474764347076416
795,25,5.0,3.030442714691162
28,380,4.0,3.320467710494995
22,209,4.0,4.073192119598389
313,127,5.0,4.236374378204346
341,358,1.0,3.605931520462036
641,511,5.0,4.5415167808532715
551,587,4.0,3.9607884883880615
896,1437,1.0,1.827471137046814
883,270,4.0,3.7754969596862793
385,208,3.0,3.530069351196289
834,292,5.0,3.731776475906372
18,204,3.0,3.854830503463745
412,276,5.0,3.5809459686279297
645,319,3.0,3.2849721908569336
543,97,3.0,3.518475294113159
852,827,2.0,2.9703266620635986
181,116,1.0,1.7699910402297974
385,46,5.0,3.2075374126434326
447,17,3.0,3.287285804748535
218,47,4.0,3.3500335216522217
472,216,4.0,4.851763725280762
776,135,4.0,3.950678586959839
298,276,2.0,3.851471185684204
372,1212,4.0,3.7723889350891113
327,338,1.0,2.230342149734497
409,1558,5.0,3.229807138442993
900,129,4.0,2.8085672855377197
903,56,5.0,4.201108455657959
222,97,4.0,3.478034257888794
22,29,1.0,2.5986318588256836
13,116,5.0,3.569408416748047
132,806,3.0,3.4285616874694824
437,95,4.0,3.794569492340088
606,483,5.0,4.863767623901367
934,529,5.0,4.0221076011657715
624,1017,3.0,3.5883772373199463
278,603,5.0,4.590996265411377
201,1421,3.0,2.9794881343841553
537,1010,2.0,2.703585386276245
524,7,2.0,3.630162477493286
412,508,4.0,3.584531307220459
201,25,3.0,2.966282606124878
706,24,3.0,3.352848529815674
620,294,5.0,3.6259326934814453
342,293,4.0,3.8216021060943604
128,603,5.0,4.361852169036865
380,582,4.0,3.0223896503448486
585,190,4.0,4.20341682434082
654,1048,3.0,3.053887367248535
368,17,5.0,3.0596702098846436
835,458,4.0,3.6275031566619873
928,749,5.0,4.0384931564331055
64,174,5.0,4.215587615966797
486,882,2.0,3.3042328357696533
116,349,2.0,2.532057046890259
236,614,5.0,3.377454996109009
839,244,3.0,2.9168264865875244
339,461,5.0,3.8387529850006104
11,332,5.0,3.3527474403381348
843,385,3.0,2.6553151607513428
796,873,3.0,3.1059136390686035
642,422,3.0,3.1658360958099365
116,730,4.0,3.320629358291626
126,346,3.0,3.836552381515503
233,462,5.0,4.247964382171631
5,432,4.0,3.4397244453430176
450,78,2.0,2.8899402618408203
716,609,3.0,3.730966329574585
181,7,4.0,2.0816447734832764
372,148,5.0,4.110716819763184
66,7,3.0,3.854753255844116
882,969,5.0,4.1267409324646
354,83,4.0,4.066028594970703
24,127,5.0,4.792510032653809
189,179,5.0,4.225774765014648
228,427,4.0,3.723419427871704
223,866,4.0,3.027365207672119
279,1133,2.0,3.1902925968170166
291,573,4.0,3.522897243499756
62,273,4.0,3.2874248027801514
198,156,3.0,3.5691702365875244
561,346,5.0,3.0727691650390625
303,800,3.0,2.9338982105255127
210,44,3.0,3.8517134189605713
119,182,4.0,4.499644756317139
697,235,4.0,3.514880657196045
254,678,3.0,2.485903263092041
346,216,3.0,3.8565523624420166
291,1078,4.0,3.343515157699585
301,702,4.0,3.134700298309326
907,271,5.0,4.384692668914795
344,213,4.0,3.9213645458221436
614,458,4.0,3.039316177368164
64,160,4.0,3.274465799331665
352,234,4.0,3.7702066898345947
886,380,3.0,3.0221328735351562
454,323,2.0,2.0343456268310547
943,182,5.0,4.01255464553833
490,137,3.0,3.1866796016693115
280,180,4.0,4.19351863861084
701,289,4.0,3.311964750289917
154,414,4.0,3.69990611076355
497,739,4.0,3.067063093185425
761,458,1.0,2.7927608489990234
308,506,4.0,3.8562633991241455
347,173,2.0,4.234425067901611
194,435,4.0,3.2763173580169678
181,1392,1.0,1.2414336204528809
646,683,3.0,2.1624293327331543
236,294,2.0,2.799417734146118
354,847,3.0,3.8353006839752197
161,1266,2.0,2.558321237564087
405,770,1.0,2.218137741088867
178,64,5.0,4.5847487449646
425,232,3.0,2.909881353378296
378,636,3.0,3.2874767780303955
450,794,5.0,3.8658759593963623
910,307,2.0,3.0164992809295654
919,5,4.0,3.097198247909546
347,385,4.0,3.703007698059082
385,896,5.0,3.5256898403167725
29,245,3.0,3.1526238918304443
6,216,5.0,3.7578821182250977
145,66,4.0,3.503664255142212
933,144,4.0,3.2457523345947266
177,302,4.0,4.062619686126709
474,28,4.0,4.288950443267822
234,418,3.0,2.908064603805542
453,763,4.0,3.078664541244507
459,111,3.0,3.6723973751068115
871,127,5.0,4.350675582885742
659,670,2.0,3.2151119709014893
804,139,3.0,2.9721481800079346
419,275,5.0,4.1785807609558105
942,313,3.0,4.739645481109619
722,845,5.0,3.5750997066497803
710,23,5.0,3.9147017002105713
727,827,3.0,2.2810370922088623
224,751,3.0,2.925109386444092
713,302,4.0,3.6275033950805664
488,707,2.0,3.600891590118408
854,273,4.0,3.0790622234344482
444,1483,2.0,3.692922353744507
886,715,1.0,3.1425178050994873
883,387,5.0,3.608412981033325
848,419,5.0,3.936405897140503
447,260,2.0,2.6618545055389404
271,493,4.0,4.1334547996521
135,324,3.0,2.8629000186920166
774,468,2.0,1.8936519622802734
710,300,3.0,3.391774892807007
498,538,1.0,2.9768073558807373
294,472,3.0,3.1432087421417236
196,153,5.0,3.842372179031372
393,689,3.0,3.193840980529785
601,82,1.0,3.1755433082580566
909,1121,5.0,4.340686321258545
862,568,3.0,4.368856430053711
425,1,2.0,3.4059040546417236
868,426,4.0,2.5096323490142822
387,558,4.0,3.3872711658477783
541,254,3.0,2.8267500400543213
230,174,5.0,4.533718585968018
883,20,4.0,3.555577039718628
142,333,5.0,3.622058153152466
147,937,3.0,4.022550106048584
749,501,4.0,3.533578634262085
256,831,4.0,3.1847984790802
498,156,5.0,3.5165579319000244
378,179,2.0,4.0341410636901855
489,270,4.0,4.095724582672119
925,567,3.0,2.677507162094116
237,423,4.0,3.9286139011383057
262,546,2.0,2.743269681930542
715,157,4.0,3.478874921798706
896,429,5.0,3.5962250232696533
654,54,3.0,3.3077454566955566
558,283,3.0,4.09139347076416
83,768,4.0,2.9906527996063232
751,100,4.0,4.006730556488037
267,1185,2.0,2.604400873184204
405,1231,1.0,1.9696917533874512
773,181,5.0,3.612788677215576
757,229,3.0,2.987708568572998
416,274,4.0,3.808086633682251
227,823,2.0,2.6833717823028564
385,1097,5.0,3.1153414249420166
533,148,3.0,3.0707061290740967
458,302,5.0,4.1144185066223145
324,410,5.0,4.1126861572265625
22,510,5.0,4.0314860343933105
95,787,2.0,3.338533639907837
606,93,4.0,4.136450290679932
621,722,4.0,3.055821418762207
151,971,5.0,3.96479868888855
900,237,4.0,2.55314040184021
495,655,5.0,4.396956443786621
321,513,4.0,4.178537368774414
250,44,4.0,3.7844696044921875
532,277,5.0,4.233875274658203
354,423,4.0,3.7733609676361084
642,998,3.0,3.2381057739257812
238,252,3.0,2.762805700302124
56,568,4.0,3.8550350666046143
921,284,4.0,2.897178888320923
459,1013,3.0,2.529036283493042
511,880,5.0,3.484346628189087
527,543,4.0,3.490534782409668
765,242,5.0,4.511876106262207
295,7,5.0,4.381436824798584
90,923,5.0,4.675835609436035
371,55,4.0,3.8575174808502197
271,476,1.0,2.7925398349761963
682,942,2.0,3.310774087905884
868,133,2.0,3.5371227264404297
848,151,4.0,3.912543535232544
311,484,4.0,4.3193230628967285
727,154,3.0,3.599205732345581
42,50,5.0,4.559837818145752
937,874,3.0,3.117785930633545
331,514,3.0,3.7091808319091797
442,1218,2.0,3.1438405513763428
54,313,4.0,4.623175144195557
487,841,2.0,2.8742449283599854
761,263,1.0,1.8661224842071533
805,735,4.0,3.726871967315674
472,172,5.0,4.949219226837158
545,80,3.0,2.8499019145965576
788,174,2.0,4.1500244140625
591,47,3.0,3.5337584018707275
391,47,4.0,3.5797853469848633
896,489,5.0,3.6486895084381104
878,50,4.0,3.9362123012542725
498,185,4.0,3.6554274559020996
144,300,3.0,3.499312162399292
683,22,4.0,3.86694073677063
450,717,4.0,3.1463921070098877
495,413,5.0,3.1638553142547607
561,426,1.0,2.3380017280578613
65,514,4.0,3.9331328868865967
776,174,5.0,4.1631388664245605
125,475,1.0,3.9689676761627197
918,196,3.0,3.5097362995147705
700,423,4.0,3.494765520095825
542,321,4.0,3.0219733715057373
554,67,3.0,2.9374659061431885
144,89,3.0,4.149302959442139
279,411,3.0,3.0072591304779053
415,1524,5.0,4.691627502441406
450,1282,3.0,3.71437668800354
250,98,5.0,4.5370049476623535
782,339,3.0,2.5998215675354004
392,1007,5.0,4.44602108001709
608,735,4.0,3.7104408740997314
543,64,4.0,4.310229301452637
381,313,2.0,4.482329845428467
286,689,5.0,3.4881649017333984
721,288,3.0,3.6456947326660156
747,174,5.0,4.528213024139404
406,23,4.0,3.9678828716278076
319,261,3.0,2.4315621852874756
109,294,4.0,3.0884883403778076
829,255,3.0,3.0900747776031494
456,1019,4.0,3.8168487548828125
42,953,2.0,3.6429436206817627
128,487,5.0,4.017003059387207
786,504,4.0,3.998242139816284
121,192,4.0,4.128528118133545
158,250,4.0,3.5574729442596436
294,100,4.0,4.283082485198975
604,185,2.0,3.8695695400238037
843,77,2.0,2.471593141555786
805,455,4.0,3.1178946495056152
788,553,3.0,3.0133931636810303
435,169,5.0,4.380716323852539
346,879,5.0,3.0453782081604004
670,195,4.0,3.8440563678741455
313,163,2.0,3.4655134677886963
390,989,5.0,3.2815005779266357
880,248,4.0,3.9113881587982178
5,135,4.0,3.7865655422210693
552,127,4.0,4.194257736206055
696,178,4.0,4.656821250915527
665,748,4.0,3.0764410495758057
622,62,4.0,3.096358060836792
786,211,4.0,4.111462593078613
119,349,3.0,3.5821404457092285
554,284,3.0,3.102545976638794
522,530,4.0,4.435404300689697
318,182,4.0,4.175863265991211
588,204,5.0,3.9571735858917236
438,269,4.0,4.4705986976623535
512,186,5.0,4.253586292266846
745,96,4.0,3.183281660079956
59,654,4.0,4.411942005157471
178,62,4.0,3.126882314682007
385,526,3.0,3.6091840267181396
357,407,3.0,3.360189199447632
412,172,5.0,4.089242935180664
344,319,1.0,3.1666810512542725
393,40,1.0,3.186779022216797
457,755,4.0,3.7967312335968018
523,1472,5.0,2.5510237216949463
394,97,4.0,4.25894832611084
305,50,5.0,4.018885135650635
738,183,5.0,3.8441216945648193
890,163,3.0,3.6135599613189697
210,419,4.0,4.023822784423828
694,665,4.0,3.383458137512207
535,381,3.0,3.586993932723999
138,222,4.0,3.8070144653320312
385,175,4.0,3.521918535232544
623,692,3.0,3.362088441848755
574,347,3.0,3.3046984672546387
314,869,4.0,3.479410409927368
632,215,4.0,3.679133653640747
379,47,5.0,3.9742586612701416
111,272,3.0,4.1471943855285645
514,729,4.0,3.3937430381774902
450,776,4.0,3.746436357498169
533,111,4.0,3.4091238975524902
11,740,4.0,3.3596537113189697
5,216,1.0,3.7237837314605713
230,504,3.0,4.151037693023682
62,132,5.0,3.789395570755005
506,554,3.0,2.7420413494110107
788,429,3.0,3.9342005252838135
654,147,3.0,3.485044240951538
833,645,3.0,3.555330991744995
537,230,2.0,2.8144731521606445
555,274,4.0,4.021950721740723
42,603,4.0,4.511336326599121
703,300,4.0,3.677258253097534
467,93,4.0,3.8090946674346924
79,19,5.0,4.092687606811523
844,258,4.0,3.5706746578216553
85,1065,3.0,3.31361722946167
298,503,4.0,3.8414552211761475
50,324,5.0,3.1314289569854736
933,578,1.0,2.543121576309204
404,689,2.0,3.0951220989227295
293,571,2.0,2.224846124649048
11,660,3.0,3.7549846172332764
455,258,5.0,3.6590774059295654
94,686,4.0,3.864046335220337
458,317,5.0,3.8743412494659424
880,948,4.0,2.4065945148468018
354,638,4.0,3.86975359916687
630,12,4.0,4.217994689941406
250,195,2.0,4.211085796356201
524,898,4.0,2.981581449508667
90,1204,4.0,4.0261149406433105
314,28,5.0,4.386131763458252
416,865,3.0,3.835484743118286
311,39,4.0,3.4536545276641846
106,313,4.0,4.3772053718566895
561,733,3.0,2.9733541011810303
450,318,5.0,4.732344150543213
398,276,4.0,3.4810984134674072
712,1503,4.0,3.408055067062378
864,382,3.0,3.9901211261749268
708,1061,3.0,2.827986001968384
655,59,4.0,3.449040174484253
913,235,1.0,2.5466058254241943
268,768,3.0,2.4604122638702393
365,1017,4.0,3.4012961387634277
417,792,4.0,3.5426061153411865
8,518,4.0,4.127483367919922
846,435,5.0,4.081947326660156
916,190,4.0,3.9906165599823
630,465,1.0,3.4467196464538574
379,577,4.0,2.6018569469451904
286,1047,1.0,3.2582666873931885
940,751,3.0,3.0068445205688477
85,8,4.0,3.839068651199341
538,276,1.0,3.3937392234802246
85,298,4.0,3.6407570838928223
686,23,5.0,4.755814552307129
505,271,4.0,2.9293453693389893
334,1048,4.0,2.7771246433258057
298,485,3.0,4.17222785949707
269,393,1.0,2.7276713848114014
197,328,4.0,3.1831772327423096
474,610,3.0,3.986771821975708
807,428,4.0,4.234894275665283
833,289,1.0,2.4337575435638428
1,180,3.0,3.9540817737579346
785,195,4.0,3.8988287448883057
837,225,3.0,2.7525556087493896
506,135,5.0,4.115760803222656
43,202,5.0,3.90173077583313
181,1,3.0,2.164263963699341
495,185,5.0,4.533693313598633
777,42,5.0,3.865067720413208
910,300,4.0,3.1386027336120605
388,895,4.0,3.707228899002075
774,238,5.0,2.3616511821746826
303,24,3.0,3.499450922012329
123,289,1.0,3.1253254413604736
417,552,2.0,2.7765588760375977
6,473,2.0,2.8349595069885254
897,95,3.0,4.0399489402771
642,153,3.0,4.200455188751221
285,300,4.0,3.5647542476654053
639,204,3.0,2.9706451892852783
398,73,3.0,3.3372538089752197
592,685,2.0,3.5095889568328857
207,290,2.0,2.8727238178253174
223,329,2.0,2.985724449157715
13,612,4.0,3.7893755435943604
743,302,5.0,4.304032325744629
905,879,3.0,2.9511168003082275
144,96,5.0,3.9607231616973877
267,715,4.0,3.6137800216674805
763,173,4.0,4.3553619384765625
562,318,3.0,4.40261697769165
669,514,3.0,3.4242398738861084
387,1078,1.0,2.534741163253784
7,680,4.0,3.0270283222198486
350,1039,4.0,4.276005268096924
232,191,4.0,4.276627063751221
151,133,5.0,4.185694694519043
878,274,3.0,3.0276358127593994
463,741,1.0,3.059898614883423
686,172,4.0,4.752364158630371
920,299,2.0,2.407776117324829
365,275,4.0,4.011102199554443
864,8,5.0,4.3490891456604
654,265,5.0,4.008059024810791
721,172,5.0,4.383143901824951
495,168,5.0,4.4553327560424805
474,14,5.0,4.282318115234375
457,134,5.0,4.779343128204346
456,125,4.0,3.224595308303833
901,451,4.0,3.653409004211426
514,42,5.0,3.7684273719787598
407,313,4.0,4.259279727935791
269,346,2.0,3.1006205081939697
484,222,5.0,4.112184047698975
79,1,4.0,4.022680282592773
916,727,4.0,3.1132209300994873
454,649,2.0,2.5884335041046143
44,90,2.0,3.1258418560028076
629,880,4.0,3.402357339859009
825,137,2.0,4.238187313079834
591,923,4.0,4.132991790771484
523,634,5.0,4.324712753295898
684,371,2.0,3.1042449474334717
587,539,3.0,2.252335786819458
196,70,3.0,3.7228848934173584
804,152,4.0,3.6910271644592285
347,117,5.0,3.6214029788970947
881,143,5.0,3.5159804821014404
805,552,3.0,2.7974588871002197
397,334,3.0,3.2792999744415283
349,20,5.0,3.2343852519989014
144,302,3.0,4.089137077331543
339,23,5.0,4.409160137176514
92,725,3.0,2.680373430252075
867,216,3.0,4.333493232727051
749,56,2.0,4.174717426300049
276,426,3.0,3.0956804752349854
527,508,3.0,3.48337984085083
336,1051,2.0,2.9945433139801025
859,293,4.0,4.379007339477539
405,1200,1.0,2.1493146419525146
634,50,4.0,4.401156902313232
6,238,5.0,3.5202434062957764
797,328,2.0,2.8978683948516846
795,154,3.0,3.475233316421509
661,172,5.0,4.210354804992676
550,258,5.0,4.017035961151123
363,283,2.0,3.314542531967163
343,69,5.0,4.186023712158203
411,449,3.0,2.920114040374756
881,1215,1.0,1.5799424648284912
465,56,4.0,3.5539371967315674
788,151,1.0,3.4816172122955322
640,170,5.0,4.880805969238281
343,86,5.0,4.238476276397705
332,271,4.0,4.103231430053711
244,716,3.0,3.354698419570923
823,77,4.0,3.552210569381714
727,53,1.0,2.668604612350464
770,302,2.0,5.054385185241699
497,405,3.0,3.023827075958252
919,419,5.0,3.5854456424713135
935,846,4.0,3.360504388809204
445,246,1.0,2.41670298576355
339,250,5.0,3.629728078842163
181,1284,1.0,1.2636120319366455
387,294,2.0,2.7268729209899902
5,424,1.0,1.1117167472839355
608,1204,2.0,3.4357049465179443
126,905,2.0,3.6096832752227783
772,259,2.0,3.4435997009277344
162,208,3.0,4.112856864929199
658,276,4.0,3.4793596267700195
328,627,3.0,2.971942901611328
62,225,3.0,2.535309314727783
655,276,4.0,3.0549323558807373
49,324,4.0,2.263430118560791
793,928,3.0,3.2153666019439697
379,514,3.0,4.179189682006836
368,98,3.0,4.066606521606445
69,289,4.0,3.1348063945770264
623,50,5.0,4.228961944580078
332,367,4.0,4.3725080490112305
808,312,3.0,3.8659565448760986
292,118,3.0,3.6721460819244385
85,923,4.0,4.119983196258545
387,447,4.0,3.1676647663116455
495,582,4.0,4.154191493988037
551,692,4.0,3.805626630783081
49,325,3.0,1.9081146717071533
642,234,1.0,4.200382232666016
283,209,4.0,4.6613335609436035
796,178,3.0,4.505996227264404
328,1021,3.0,3.8192083835601807
446,888,1.0,3.0839004516601562
881,528,5.0,3.988909959793091
474,221,4.0,4.132221698760986
264,1118,4.0,3.926039934158325
354,1007,4.0,4.093726634979248
622,679,3.0,3.070054769515991
637,286,5.0,2.890188455581665
143,331,5.0,3.7691080570220947
1,207,5.0,3.7570416927337646
624,121,3.0,3.544682264328003
457,193,5.0,4.462478160858154
201,789,3.0,3.233903169631958
835,196,5.0,4.3253679275512695
527,283,4.0,3.5928313732147217
936,1315,3.0,3.7181332111358643
370,153,2.0,3.6637818813323975
865,99,1.0,2.724868059158325
62,238,5.0,3.5019569396972656
793,237,3.0,3.7660739421844482
606,662,4.0,3.8881900310516357
622,364,1.0,2.861692428588867
338,79,4.0,3.861236333847046
870,527,5.0,3.658514976501465
527,962,3.0,3.400667905807495
635,246,5.0,3.7750391960144043
177,508,4.0,3.483886957168579
908,694,4.0,3.652951955795288
712,1220,5.0,3.6193861961364746
217,96,4.0,3.8499295711517334
497,655,4.0,3.7955663204193115
308,490,4.0,4.010436534881592
732,937,4.0,3.773780107498169
378,728,3.0,2.8777666091918945
173,292,5.0,4.4002485275268555
655,153,2.0,3.2257747650146484
458,98,3.0,4.132502555847168
405,1544,1.0,1.3873143196105957
527,191,5.0,4.118967056274414
919,111,4.0,3.4798543453216553
171,269,4.0,3.7849197387695312
660,122,1.0,1.811295509338379
751,28,5.0,3.9081318378448486
425,455,2.0,2.7749197483062744
339,447,4.0,3.738783597946167
297,419,3.0,3.421705484390259
721,358,1.0,2.9297397136688232
22,377,1.0,2.307497262954712
28,89,4.0,4.354978561401367
119,28,5.0,4.467043876647949
597,151,4.0,3.890578031539917
655,271,3.0,2.606191396713257
178,83,4.0,4.147029876708984
873,294,4.0,2.3296802043914795
10,116,4.0,4.1078782081604
325,305,2.0,3.5131547451019287
243,196,4.0,3.8576924800872803
450,1402,2.0,2.919849157333374
378,709,4.0,4.072072505950928
92,148,2.0,3.144508123397827
334,475,4.0,3.834725856781006
450,821,2.0,3.4202816486358643
181,477,1.0,1.5448706150054932
815,239,5.0,3.5575921535491943
665,631,2.0,3.6052215099334717
194,7,3.0,3.1095614433288574
901,66,5.0,3.8019254207611084
458,484,5.0,4.094088554382324
932,497,5.0,4.299482822418213
246,231,1.0,2.174344301223755
63,283,4.0,3.3856449127197266
201,325,5.0,2.193981170654297
919,322,3.0,3.005702257156372
280,204,3.0,3.973335027694702
586,780,4.0,3.003031015396118
872,284,3.0,3.403360366821289
185,286,4.0,3.82944655418396
437,433,3.0,3.8359389305114746
747,461,5.0,3.8164498805999756
401,13,2.0,2.8548128604888916
267,480,4.0,4.610152244567871
269,1133,1.0,2.3954918384552
85,325,2.0,2.5349690914154053
429,843,1.0,2.8789336681365967
314,1297,4.0,2.964339017868042
593,164,4.0,3.6299712657928467
198,501,4.0,3.0476491451263428
846,99,4.0,3.820896863937378
463,892,2.0,1.9216163158416748
145,628,2.0,3.570469379425049
768,255,4.0,3.059861421585083
145,44,5.0,3.471569061279297
380,182,3.0,3.378648519515991
449,118,1.0,3.2835776805877686
102,443,3.0,3.2354724407196045
38,1031,5.0,3.399317979812622
844,144,3.0,3.6922457218170166
804,747,3.0,3.534877300262451
160,628,3.0,3.660379648208618
638,144,5.0,3.638465166091919
548,282,4.0,3.942918539047241
207,23,4.0,3.8440606594085693
449,60,5.0,4.245828151702881
916,642,3.0,3.200273036956787
359,295,3.0,3.9011576175689697
450,430,4.0,4.28057336807251
788,135,3.0,3.9375641345977783
393,147,5.0,3.580374002456665
369,752,4.0,3.6969223022460938
194,199,4.0,3.520536184310913
303,1023,2.0,2.4617154598236084
682,568,3.0,3.364122152328491
330,67,4.0,3.9445841312408447
814,288,4.0,3.082383871078491
101,979,2.0,3.157576084136963
3,303,3.0,3.3542940616607666
320,340,2.0,3.897991418838501
303,452,2.0,2.6719720363616943
360,303,3.0,3.9252851009368896
303,172,5.0,4.15973424911499
280,660,5.0,4.041159152984619
385,483,4.0,4.062902927398682
707,367,4.0,3.337298631668091
95,1188,2.0,2.6962954998016357
409,303,4.0,3.55792498588562
32,118,3.0,2.904972791671753
942,272,5.0,4.646310806274414
875,258,4.0,3.9065563678741455
870,127,5.0,3.9902102947235107
870,513,4.0,4.130426406860352
655,292,2.0,3.002333879470825
901,391,5.0,3.234666109085083
486,813,5.0,3.8483150005340576
124,11,5.0,3.3287606239318848
324,846,5.0,3.881131410598755
809,678,2.0,2.787201166152954
326,550,5.0,2.8182284832000732
224,287,3.0,3.2277023792266846
130,554,4.0,3.515665054321289
919,70,4.0,3.6179139614105225
385,425,3.0,3.41728138923645
932,77,2.0,3.455453634262085
768,845,2.0,3.0669538974761963
398,393,5.0,3.161102771759033
640,126,4.0,4.529995441436768
601,276,4.0,3.0467007160186768
75,273,5.0,3.7027587890625
301,50,5.0,4.359977722167969
894,676,3.0,3.326758623123169
328,258,5.0,3.6819345951080322
502,682,5.0,2.967341184616089
92,4,4.0,3.5291635990142822
363,979,1.0,2.916234016418457
380,177,3.0,3.212268114089966
198,411,1.0,2.3443350791931152
5,168,3.0,3.7337937355041504
83,240,1.0,2.9025485515594482
90,639,5.0,4.1385111808776855
559,73,4.0,3.2585179805755615
327,396,3.0,2.5851070880889893
470,50,5.0,4.344663143157959
175,98,5.0,4.064648151397705
851,690,4.0,3.5891151428222656
665,117,4.0,3.521533727645874
94,62,3.0,3.136946201324463
178,333,3.0,3.6441280841827393
640,55,5.0,4.393052101135254
349,118,2.0,3.0806562900543213
527,203,4.0,3.7896568775177
407,134,5.0,4.217629909515381
153,50,1.0,3.6985418796539307
865,501,1.0,2.4975082874298096
276,123,4.0,3.1567914485931396
346,168,4.0,3.866562604904175
356,288,4.0,3.451655149459839
577,200,3.0,4.032269477844238
133,304,3.0,3.1503031253814697
535,686,5.0,3.757657527923584
402,13,3.0,3.632683038711548
184,143,3.0,3.7386209964752197
398,502,3.0,3.672985076904297
62,582,4.0,3.400571346282959
222,364,1.0,2.4653193950653076
486,460,4.0,2.810431718826294
28,174,5.0,4.369271278381348
411,603,5.0,4.2647271156311035
316,988,1.0,1.525855302810669
160,604,4.0,4.2456746101379395
522,168,5.0,4.2397074699401855
73,152,3.0,3.5009541511535645
808,346,5.0,4.283003807067871
650,174,4.0,3.7509210109710693
109,531,4.0,3.869943380355835
14,181,5.0,4.177624702453613
254,286,1.0,3.437225103378296
455,463,4.0,3.6595041751861572
300,288,4.0,4.105060577392578
64,238,4.0,3.702707290649414
661,168,5.0,4.093602180480957
323,15,3.0,3.5810344219207764
839,713,2.0,3.595060348510742
705,22,5.0,4.413114070892334
721,984,3.0,3.124485969543457
745,230,2.0,2.692756175994873
2,14,4.0,4.074392795562744
504,69,4.0,4.011598587036133
244,214,5.0,3.513018846511841
277,111,4.0,3.4050490856170654
18,529,5.0,4.075194835662842
314,288,5.0,3.8091237545013428
409,631,3.0,3.456998109817505
533,292,4.0,3.4437572956085205
643,82,3.0,3.783489227294922
715,4,4.0,3.5030996799468994
327,1017,2.0,3.0593764781951904
773,840,1.0,2.4401004314422607
871,1197,3.0,3.764413595199585
354,507,3.0,3.8445465564727783
3,264,2.0,2.2426846027374268
299,209,3.0,3.8972160816192627
556,64,5.0,4.694489002227783
514,153,4.0,3.8382933139801025
279,41,2.0,3.233511209487915
548,991,1.0,2.7585513591766357
541,405,3.0,3.5410571098327637
622,685,2.0,3.2910120487213135
518,288,3.0,3.458669424057007
150,123,4.0,3.4130513668060303
437,94,4.0,3.2106735706329346
432,257,5.0,4.091316223144531
533,25,4.0,3.270754337310791
880,1052,1.0,2.3388938903808594
352,92,3.0,3.4457077980041504
772,327,4.0,4.027855396270752
719,468,3.0,2.820568323135376
125,283,5.0,3.7295870780944824
848,973,5.0,2.8739359378814697
782,293,2.0,3.548536539077759
722,294,2.0,3.3291871547698975
721,582,3.0,3.9400603771209717
201,98,4.0,3.796692371368408
773,286,3.0,3.3363873958587646
694,172,5.0,4.420018196105957
620,98,4.0,4.636468410491943
883,151,5.0,3.8051397800445557
639,648,3.0,3.2720210552215576
748,58,4.0,3.2808027267456055
160,273,5.0,3.7009336948394775
854,1,3.0,3.3820033073425293
293,182,5.0,3.472334146499634
495,790,3.0,3.455268144607544
521,732,3.0,3.2420461177825928
334,52,4.0,3.6993324756622314
89,86,5.0,4.245319843292236
224,243,2.0,1.8239407539367676
160,202,4.0,3.8786699771881104
498,673,3.0,3.1164729595184326
151,488,4.0,4.457688808441162
894,1658,4.0,3.084635019302368
811,286,5.0,4.382561683654785
894,1080,4.0,4.041672706604004
612,259,3.0,2.7876670360565186
387,431,3.0,3.197929620742798
144,316,5.0,3.948133707046509
630,717,3.0,2.700972318649292
796,172,4.0,4.235971927642822
255,748,1.0,2.578251600265503
85,1169,4.0,3.997450113296509
539,242,5.0,4.252619743347168
621,71,3.0,4.057041645050049
650,199,4.0,3.643650770187378
154,479,4.0,4.365833282470703
109,245,3.0,3.0535576343536377
844,403,3.0,3.1162688732147217
791,269,4.0,4.303091049194336
846,1118,5.0,3.489650011062622
225,482,5.0,4.717796802520752
883,694,5.0,4.312415599822998
342,378,4.0,3.6202404499053955
627,273,4.0,3.324439287185669
486,235,2.0,2.7402429580688477
268,298,3.0,3.4804980754852295
840,664,3.0,4.085620403289795
181,307,1.0,1.810215950012207
294,1254,3.0,1.8274226188659668
498,607,3.0,3.538092851638794
252,1,5.0,4.511399745941162
298,502,5.0,4.043357849121094
583,276,4.0,3.9537246227264404
804,378,4.0,3.794126272201538
397,243,1.0,2.2170913219451904
7,614,5.0,4.0532097816467285
123,483,4.0,4.651367664337158
808,327,5.0,4.00111722946167
303,252,3.0,2.838951349258423
271,199,4.0,4.02730655670166
363,582,2.0,3.2449777126312256
354,136,5.0,4.175332069396973
120,744,4.0,3.337089776992798
806,96,5.0,4.111760139465332
268,433,4.0,3.4502310752868652
193,286,4.0,3.56295108795166
283,216,4.0,4.591888904571533
215,202,4.0,3.794001340866089
290,205,3.0,3.8137433528900146
280,715,2.0,3.6044881343841553
896,426,2.0,2.4708616733551025
378,317,5.0,3.9488680362701416
379,161,2.0,3.879552125930786
253,689,5.0,3.1642162799835205
49,403,3.0,2.621900796890259
39,313,4.0,4.5204081535339355
172,514,3.0,3.2924864292144775
586,257,3.0,3.746365785598755
299,182,3.0,3.8300089836120605
207,70,3.0,3.3784024715423584
863,902,5.0,3.6332552433013916
607,100,4.0,4.095527172088623
328,271,3.0,3.067887544631958
269,1438,3.0,1.449784278869629
102,840,2.0,2.1387672424316406
91,322,4.0,3.184471845626831
330,66,5.0,4.373166561126709
801,302,4.0,5.03316593170166
499,202,4.0,3.713756799697876
286,703,2.0,3.9545233249664307
648,90,3.0,2.9709272384643555
845,900,3.0,3.056863784790039
383,166,4.0,4.434487819671631
95,542,2.0,2.587674140930176
456,214,4.0,3.1084702014923096
899,96,4.0,3.949359178543091
804,588,4.0,3.918545961380005
919,333,4.0,3.514275312423706
276,627,3.0,3.217714309692383
407,569,3.0,2.669262409210205
94,448,5.0,3.56498122215271
833,526,4.0,3.5661346912384033
194,580,4.0,2.585167407989502
407,4,4.0,3.49281907081604
409,58,4.0,3.287999153137207
650,290,2.0,2.633021593093872
119,1101,5.0,4.273436546325684
85,483,5.0,4.362805366516113
506,608,4.0,3.9922430515289307
212,197,5.0,4.091702461242676
629,292,4.0,3.889573335647583
247,251,4.0,4.4555344581604
650,50,5.0,3.8536436557769775
417,1183,4.0,2.434885263442993
524,482,5.0,4.009407997131348
327,475,4.0,3.640493154525757
125,692,3.0,3.5096471309661865
94,302,4.0,4.332024097442627
308,615,3.0,4.114722728729248
512,1459,4.0,4.164941787719727
500,289,4.0,2.7905194759368896
880,627,3.0,3.3553824424743652
724,538,2.0,2.376436471939087
606,96,5.0,4.426009654998779
614,1142,3.0,3.8721048831939697
758,425,5.0,4.22313928604126
642,148,5.0,3.7129786014556885
295,143,4.0,4.340695858001709
277,628,4.0,3.3821568489074707
311,231,4.0,2.9499149322509766
399,155,2.0,2.5715720653533936
246,145,1.0,1.8768384456634521
457,47,4.0,4.148479461669922
425,912,2.0,2.6645538806915283
63,1028,3.0,2.5414445400238037
921,173,5.0,4.010244846343994
121,479,5.0,4.09384822845459
450,490,5.0,4.229415416717529
592,255,4.0,3.5960183143615723
233,64,5.0,4.887406826019287
916,578,1.0,2.988604784011841
287,117,5.0,4.127717018127441
897,77,4.0,3.6591861248016357
727,585,2.0,2.1663284301757812
323,327,4.0,3.3234994411468506
798,172,4.0,4.1556925773620605
930,176,3.0,3.438781261444092
833,262,2.0,3.273707628250122
268,116,4.0,3.439936876296997
130,363,3.0,3.6028878688812256
186,243,2.0,2.574127197265625
119,813,4.0,4.493248462677002
54,258,4.0,4.064573764801025
374,122,2.0,2.2209527492523193
313,531,3.0,3.7873473167419434
537,284,3.0,2.3175365924835205
665,196,4.0,3.904968500137329
930,14,4.0,3.3725368976593018
707,81,2.0,3.415971517562866
200,720,4.0,3.6181142330169678
189,1099,5.0,3.6215925216674805
708,864,3.0,3.07438588142395
186,31,4.0,3.7360141277313232
262,40,4.0,2.7825725078582764
927,217,1.0,3.6794583797454834
169,480,4.0,4.258979797363281
21,443,4.0,3.4982712268829346
155,990,3.0,2.455195903778076
116,322,2.0,2.6566526889801025
592,686,5.0,4.015461444854736
407,189,4.0,4.114340305328369
230,99,3.0,3.920621633529663
374,106,3.0,2.8176681995391846
500,370,3.0,2.5483291149139404
234,209,4.0,3.558929204940796
795,152,4.0,3.241299867630005
863,270,3.0,3.4205424785614014
188,76,4.0,3.5482091903686523
500,393,3.0,3.1578099727630615
429,44,3.0,3.2680981159210205
542,73,3.0,3.370793104171753
293,572,2.0,2.333621025085449
118,17,3.0,4.242616176605225
100,347,4.0,3.088047742843628
597,118,3.0,3.495502233505249
457,31,4.0,4.093232154846191
683,328,2.0,2.969956636428833
721,228,5.0,4.029970645904541
435,709,4.0,3.908724546432495
5,419,3.0,3.3595433235168457
18,778,2.0,3.797736167907715
165,304,3.0,3.6939384937286377
393,790,4.0,3.0911710262298584
10,686,4.0,4.092684268951416
389,674,2.0,3.175600290298462
78,880,5.0,2.7634246349334717
494,322,2.0,3.1775176525115967
174,1139,2.0,2.9356789588928223
380,570,3.0,2.443114757537842
405,1069,1.0,1.9454309940338135
308,537,4.0,3.861135721206665
403,1199,2.0,3.0813186168670654
177,527,4.0,3.848165273666382
489,1612,5.0,3.8757717609405518
223,476,3.0,2.8221452236175537
605,318,5.0,4.472334384918213
5,208,4.0,3.703007698059082
722,333,5.0,3.784888505935669
234,782,3.0,2.4392402172088623
92,732,3.0,3.597348690032959
130,284,2.0,3.9153196811676025
429,654,4.0,4.0525617599487305
856,749,3.0,3.0388760566711426
226,98,5.0,4.228178977966309
940,657,4.0,3.971000909805298
339,428,5.0,4.25587272644043
44,507,3.0,3.9100840091705322
497,433,3.0,3.6017446517944336
788,11,2.0,3.7011160850524902
59,664,4.0,4.0520710945129395
417,404,3.0,3.4692327976226807
311,203,5.0,4.067197322845459
254,548,2.0,2.1500084400177
851,833,3.0,3.271974802017212
315,98,4.0,4.4851813316345215
7,667,5.0,2.8403947353363037
255,234,5.0,3.279947519302368
568,661,4.0,3.492565631866455
673,311,4.0,4.003767013549805
360,181,4.0,4.114078998565674
881,294,3.0,2.8216373920440674
614,405,2.0,3.089918851852417
60,799,4.0,3.274559736251831
450,211,5.0,4.298926830291748
8,82,5.0,4.026463031768799
378,732,4.0,3.632751941680908
224,736,3.0,3.4431729316711426
690,722,3.0,2.458712100982666
385,23,5.0,3.68546462059021
407,657,4.0,4.205516338348389
642,398,2.0,2.7785799503326416
863,268,5.0,3.6059153079986572
109,508,4.0,3.6229970455169678
666,210,2.0,3.825639486312866
660,1139,2.0,1.8220608234405518
749,1188,3.0,2.8359735012054443
174,70,5.0,3.839698553085327
883,64,4.0,4.682241916656494
153,174,1.0,3.5945169925689697
313,162,3.0,3.6169612407684326
541,941,4.0,3.381091833114624
178,508,3.0,3.7015907764434814
795,70,3.0,3.3069300651550293
658,100,4.0,3.95782208442688
561,1074,3.0,2.270216226577759
406,624,5.0,3.0095438957214355
94,72,3.0,3.2613413333892822
64,98,4.0,4.159214496612549
330,237,4.0,4.526749134063721
92,577,3.0,2.166214942932129
704,461,3.0,3.4269320964813232
305,249,3.0,2.7915828227996826
13,362,4.0,2.580700159072876
7,197,4.0,4.606860637664795
234,183,4.0,3.395853281021118
417,238,4.0,3.6243503093719482
506,182,5.0,4.068674564361572
655,939,3.0,3.140545129776001
497,951,2.0,2.4011619091033936
649,815,3.0,3.308422803878784
21,321,3.0,2.7403345108032227
627,541,4.0,2.561878204345703
94,464,5.0,3.8207316398620605
249,203,5.0,4.288773059844971
653,575,1.0,1.5172075033187866
286,537,4.0,4.195894241333008
747,608,4.0,4.192234516143799
492,523,4.0,3.517981767654419
117,121,4.0,3.808077812194824
82,582,4.0,3.2081167697906494
472,403,5.0,4.283934116363525
528,526,4.0,4.082864761352539
883,727,3.0,3.604593515396118
734,15,4.0,3.2352359294891357
504,742,4.0,3.687714099884033
617,670,1.0,2.2037041187286377
294,299,3.0,3.069537401199341
57,323,3.0,3.1304664611816406
653,38,3.0,2.149678945541382
416,1516,5.0,3.8958194255828857
532,660,4.0,4.518373012542725
653,161,4.0,2.784350633621216
269,255,1.0,2.7429163455963135
665,369,4.0,2.504220962524414
885,274,5.0,3.2280585765838623
716,673,4.0,3.7355191707611084
579,268,3.0,3.461005687713623
514,175,4.0,4.020683765411377
467,117,2.0,3.6089088916778564
125,269,1.0,3.9801275730133057
561,483,4.0,3.8980233669281006
444,258,3.0,3.9715707302093506
95,207,5.0,3.79990553855896
735,327,3.0,2.987053155899048
276,254,2.0,2.5183260440826416
329,282,3.0,3.3783457279205322
320,771,3.0,3.0069262981414795
647,748,4.0,3.3175065517425537
298,196,4.0,4.190371990203857
291,49,4.0,3.676159381866455
889,31,3.0,3.42746639251709
903,30,5.0,4.22174596786499
721,299,3.0,3.190624952316284
329,81,2.0,3.27219557762146
11,603,4.0,4.265513896942139
271,605,4.0,3.1780877113342285
659,185,4.0,4.164196968078613
932,429,5.0,4.272063255310059
234,501,4.0,2.9007728099823
128,378,5.0,3.7353475093841553
325,32,3.0,3.569267988204956
221,1073,4.0,4.0129804611206055
106,161,3.0,3.6171135902404785
798,1035,4.0,3.260575532913208
256,210,4.0,4.652034282684326
1,196,5.0,3.91462779045105
326,491,4.0,3.3290798664093018
551,505,5.0,4.291805267333984
110,385,3.0,3.4876513481140137
922,258,4.0,3.666778326034546
396,25,3.0,3.6479382514953613
497,743,3.0,1.79327392578125
43,140,4.0,3.2817368507385254
711,1053,4.0,3.280433177947998
360,748,2.0,3.297931432723999
92,367,3.0,3.4556820392608643
663,978,4.0,2.6493382453918457
308,558,4.0,3.765066146850586
901,402,4.0,3.866553544998169
781,324,4.0,2.8880503177642822
210,49,3.0,3.732736825942993
474,70,4.0,3.958848237991333
217,797,4.0,2.769773244857788
7,68,4.0,3.945939779281616
524,530,4.0,4.079722881317139
327,66,3.0,3.110079050064087
533,23,3.0,4.012842178344727
803,321,4.0,3.0656702518463135
115,847,4.0,3.984055757522583
380,498,4.0,3.664581060409546
896,11,2.0,3.3628365993499756
393,28,4.0,4.101283550262451
90,97,5.0,4.147165298461914
921,215,4.0,3.5524075031280518
795,1101,4.0,3.397620439529419
752,678,3.0,2.4981021881103516
180,785,4.0,3.5566160678863525
389,482,5.0,4.201648712158203
862,1117,4.0,3.875053644180298
336,407,1.0,2.221315860748291
256,742,5.0,4.308801174163818
524,95,3.0,3.590459108352661
863,303,1.0,3.6029717922210693
543,403,4.0,3.1348788738250732
833,28,3.0,3.5059139728546143
648,103,1.0,2.1643688678741455
379,143,4.0,4.0150041580200195
727,588,4.0,3.598356008529663
120,121,4.0,3.363023281097412
56,295,3.0,3.686815023422241
378,304,4.0,3.496328115463257
777,509,4.0,4.097759246826172
602,508,3.0,4.15140962600708
877,553,4.0,3.2640585899353027
472,720,5.0,3.882883310317993
339,67,3.0,3.261517286300659
312,489,5.0,4.444700241088867
514,732,5.0,3.695169687271118
331,1141,3.0,3.220478057861328
630,477,4.0,3.1006548404693604
94,674,3.0,3.2405827045440674
13,685,5.0,3.0488247871398926
330,1028,4.0,3.9707086086273193
450,705,4.0,4.294392108917236
929,100,4.0,3.788921356201172
655,1070,4.0,3.2836010456085205
563,237,5.0,3.942462205886841
115,96,3.0,4.219664096832275
823,631,4.0,3.938439130783081
747,393,2.0,3.5608975887298584
804,22,5.0,4.314932823181152
318,629,4.0,3.427239179611206
772,264,4.0,3.498706579208374
603,271,2.0,3.337794780731201
207,293,2.0,3.6149675846099854
666,513,4.0,4.334767818450928
374,322,4.0,3.070451498031616
562,118,3.0,3.0722784996032715
615,509,4.0,3.981964349746704
6,529,4.0,3.7460038661956787
896,760,2.0,2.0922434329986572
416,106,3.0,3.216369867324829
5,228,5.0,3.492565870285034
213,778,5.0,4.332136631011963
697,815,3.0,3.66538667678833
703,410,4.0,3.207209348678589
897,193,3.0,4.285404205322266
826,678,4.0,3.310570240020752
453,421,4.0,3.3786814212799072
499,307,4.0,3.4766147136688232
476,579,2.0,2.7798879146575928
615,211,5.0,4.037203788757324
46,294,2.0,3.4950454235076904
279,625,3.0,3.441406011581421
276,58,4.0,3.647562265396118
270,672,5.0,3.5304489135742188
630,1023,4.0,2.5269315242767334
199,269,5.0,3.541830062866211
200,378,5.0,4.370226860046387
299,185,3.0,3.9026849269866943
230,963,5.0,4.5333051681518555
786,451,2.0,3.3242857456207275
92,71,5.0,3.792710304260254
899,238,2.0,3.639349937438965
650,644,3.0,3.256807565689087
276,420,4.0,3.735738515853882
436,187,5.0,4.407248020172119
543,111,4.0,3.3351876735687256
851,160,5.0,3.557875394821167
682,143,3.0,3.473710060119629
201,582,5.0,3.238142728805542
262,727,3.0,3.1435458660125732
854,512,3.0,3.7267510890960693
848,165,5.0,4.437650203704834
128,702,3.0,3.1402924060821533
54,597,2.0,3.433656692504883
327,962,3.0,3.208948850631714
551,1518,4.0,3.130017042160034
693,471,3.0,2.9370791912078857
315,180,4.0,4.2631330490112305
770,275,5.0,4.872568130493164
59,550,5.0,3.5109012126922607
427,341,5.0,4.857540130615234
877,203,4.0,3.999725103378296
60,211,4.0,4.245748043060303
194,735,4.0,3.1861257553100586
907,125,4.0,4.579819202423096
568,30,4.0,3.3757810592651367
222,816,1.0,2.242842435836792
328,82,4.0,3.6436221599578857
104,405,3.0,2.474705457687378
830,226,5.0,3.317805290222168
529,875,4.0,3.054992437362671
262,1147,4.0,3.5123705863952637
270,200,5.0,4.688177585601807
326,565,3.0,2.2190425395965576
184,231,3.0,2.806793212890625
749,1228,4.0,2.627195119857788
246,1044,1.0,2.7752668857574463
783,880,4.0,3.6733572483062744
689,121,5.0,3.5227763652801514
880,879,3.0,3.440411329269409
515,292,3.0,3.2226855754852295
545,524,4.0,4.144181251525879
780,467,3.0,3.7091574668884277
391,180,5.0,3.908533811569214
318,1063,3.0,3.7759850025177
655,694,3.0,3.5460288524627686
376,197,4.0,4.133288383483887
679,322,3.0,2.9012298583984375
445,831,1.0,1.5530568361282349
773,895,2.0,2.7217471599578857
450,274,4.0,3.791294813156128
405,1580,1.0,1.4411163330078125
405,643,1.0,2.1110713481903076
889,433,4.0,3.603351354598999
271,461,5.0,3.4235658645629883
483,101,2.0,2.923187017440796
396,106,4.0,3.1270008087158203
199,322,2.0,2.5739855766296387
145,331,3.0,3.5459611415863037
768,682,3.0,2.5322635173797607
82,414,4.0,3.14357590675354
83,717,4.0,2.8907835483551025
297,17,3.0,2.9978787899017334
327,1100,4.0,2.589538812637329
299,503,4.0,3.409837007522583
299,1068,3.0,3.3615076541900635
405,806,1.0,2.0730645656585693
927,204,4.0,4.194986820220947
927,38,5.0,3.4338982105255127
287,346,5.0,4.1813883781433105
94,684,4.0,3.830873727798462
156,48,4.0,3.8552825450897217
916,561,3.0,2.7735860347747803
483,1,4.0,3.4525949954986572
727,63,2.0,2.706941843032837
137,748,4.0,3.93914532661438
883,347,4.0,3.6596314907073975
878,515,4.0,3.8867099285125732
671,864,3.0,3.4173004627227783
474,736,3.0,4.130012512207031
272,98,4.0,4.453415393829346
892,845,4.0,3.84861159324646
450,388,3.0,2.995539903640747
713,272,4.0,3.676584482192993
531,751,4.0,3.5812838077545166
254,238,3.0,3.5286471843719482
57,194,4.0,4.184732913970947
314,1291,1.0,3.282437562942505
533,328,4.0,3.214385509490967
698,435,3.0,2.889239549636841
639,660,2.0,3.003173351287842
305,527,5.0,3.6267776489257812
379,186,5.0,4.257519245147705
487,978,1.0,2.7032454013824463
373,651,4.0,4.157436847686768
334,483,5.0,4.373969554901123
42,28,5.0,4.17972993850708
393,930,3.0,2.8245279788970947
13,226,4.0,3.1526691913604736
566,1437,2.0,2.1563169956207275
524,443,4.0,3.7348263263702393
64,77,3.0,3.165935754776001
177,156,5.0,3.8113367557525635
567,640,4.0,3.0915677547454834
254,622,4.0,2.950040817260742
908,322,2.0,2.5304224491119385
165,260,3.0,2.83677077293396
7,9,5.0,4.168101787567139
389,475,5.0,4.037140846252441
269,940,1.0,1.6034266948699951
877,748,4.0,3.2368953227996826
553,134,4.0,4.43462610244751
382,276,3.0,3.2431600093841553
279,71,3.0,3.931525468826294
284,315,5.0,4.140992641448975
839,825,4.0,2.68843412399292
110,68,2.0,3.29329252243042
94,41,3.0,3.1366093158721924
320,3,4.0,3.4587044715881348
75,408,4.0,4.7101664543151855
232,98,4.0,4.237856864929199
863,344,4.0,3.7084219455718994
145,69,5.0,3.9428484439849854
401,275,4.0,3.4015161991119385
15,931,1.0,1.511500358581543
371,237,5.0,3.766721487045288
862,174,5.0,4.934286594390869
198,203,3.0,3.5479981899261475
72,233,4.0,3.2368004322052
734,483,4.0,4.195724010467529
864,231,3.0,3.1823010444641113
925,185,4.0,4.044981479644775
101,840,3.0,2.612506628036499
537,4,2.0,2.820307970046997
697,682,2.0,3.4144647121429443
30,678,2.0,3.1163341999053955
866,889,2.0,2.779219388961792
529,288,4.0,3.6458699703216553
346,358,4.0,2.3820080757141113
162,403,3.0,3.492088556289673
776,5,4.0,3.033034086227417
416,418,4.0,3.79978609085083
653,210,4.0,3.1658480167388916
393,9,4.0,3.8598554134368896
200,188,4.0,4.2763752937316895
314,12,4.0,4.696011543273926
726,535,3.0,2.6999144554138184
158,659,5.0,4.327736854553223
748,183,4.0,3.7128424644470215
497,29,4.0,2.510852575302124
437,812,3.0,3.007189989089966
234,1020,4.0,3.3007876873016357
214,462,4.0,3.909095525741577
938,275,4.0,4.113010883331299
300,948,4.0,2.9945271015167236
104,313,4.0,3.593745231628418
782,349,3.0,2.5371553897857666
593,211,4.0,4.135461330413818
766,179,4.0,3.6828224658966064
308,679,4.0,3.1645596027374268
561,428,4.0,3.3851587772369385
56,386,3.0,3.1208221912384033
239,923,5.0,4.470313549041748
93,125,1.0,3.482656717300415
707,1381,3.0,3.3483221530914307
703,323,2.0,2.9811298847198486
59,232,3.0,3.5561399459838867
409,339,2.0,2.7554566860198975
567,513,4.0,4.462865352630615
346,134,5.0,4.157769203186035
405,1408,1.0,1.3859965801239014
489,245,3.0,3.619513750076294
637,690,5.0,2.5869100093841553
641,209,4.0,4.339801788330078
344,530,4.0,4.172999382019043
194,22,5.0,3.5876171588897705
438,118,4.0,3.7602477073669434
234,2,2.0,2.5442452430725098
184,496,5.0,4.157829284667969
429,679,4.0,2.8628509044647217
914,692,3.0,3.2944087982177734
16,197,5.0,4.645828723907471
94,216,3.0,4.131239414215088
709,219,4.0,3.341158151626587
841,331,5.0,3.8191347122192383
506,194,5.0,4.055212020874023
256,728,4.0,3.7400028705596924
243,69,3.0,3.7799806594848633
234,515,5.0,3.80653977394104
708,319,5.0,3.1175119876861572
758,236,4.0,4.052709102630615
590,864,1.0,3.0916614532470703
253,806,4.0,3.7764830589294434
217,405,3.0,2.9574549198150635
774,233,2.0,1.787235975265503
158,514,3.0,4.0914740562438965
299,965,4.0,3.542595386505127
618,531,4.0,3.530519485473633
2,307,3.0,3.5711183547973633
336,1249,3.0,2.7987964153289795
517,1047,2.0,2.674158811569214
48,690,4.0,3.311349868774414
694,15,4.0,3.890793561935425
92,28,3.0,3.951087236404419
777,202,5.0,3.872784376144409
361,53,2.0,2.8327581882476807
694,448,3.0,3.7692902088165283
50,823,3.0,2.993488073348999
250,196,4.0,4.275503158569336
798,1337,3.0,2.1637914180755615
497,603,3.0,4.173867702484131
746,720,3.0,2.8132834434509277
60,1060,4.0,3.385472536087036
682,175,3.0,3.7349979877471924
457,232,4.0,3.854163408279419
365,124,4.0,4.124066352844238
1,101,2.0,3.278191328048706
496,147,3.0,2.7955310344696045
567,199,4.0,4.1718430519104
409,708,4.0,3.2448103427886963
500,43,3.0,2.75685453414917
666,566,3.0,3.3633854389190674
59,926,1.0,2.9105119705200195
56,7,5.0,4.001637935638428
181,476,4.0,1.582958698272705
834,316,5.0,4.226755619049072
1,28,4.0,3.9555914402008057
308,17,4.0,3.3628504276275635
870,395,3.0,1.9820592403411865
436,1119,4.0,3.7462551593780518
323,873,3.0,2.930502414703369
312,513,5.0,4.793139934539795
253,132,5.0,4.201376914978027
939,890,2.0,3.201232671737671
504,476,5.0,3.2041547298431396
315,164,4.0,3.81827712059021
767,141,4.0,4.148871421813965
101,1,3.0,3.674475908279419
782,298,4.0,3.431823492050171
244,66,4.0,3.632317304611206
190,696,3.0,3.01067852973938
207,79,4.0,3.741896390914917
91,64,4.0,4.592606067657471
427,263,5.0,3.505821704864502
101,846,3.0,2.655590295791626
655,895,3.0,2.7601165771484375
234,874,1.0,2.8576202392578125
889,177,4.0,3.695363759994507
551,17,5.0,3.562063694000244
409,171,4.0,3.817683219909668
334,268,4.0,3.6253321170806885
932,7,4.0,3.968792200088501
90,705,5.0,4.420833587646484
405,708,1.0,2.2423245906829834
150,13,4.0,3.748974561691284
406,663,5.0,3.7133171558380127
916,211,4.0,3.790260076522827
213,181,4.0,4.515281677246094
30,181,4.0,4.191246032714844
533,322,4.0,2.900538682937622
739,359,5.0,2.8855185508728027
456,582,5.0,3.4624745845794678
761,243,3.0,1.9833753108978271
178,96,4.0,4.151909351348877
27,123,5.0,2.640439987182617
254,313,5.0,4.1091532707214355
659,492,3.0,3.8626883029937744
295,559,4.0,3.8849422931671143
210,121,4.0,3.788357734680176
450,96,4.0,4.354536056518555
378,620,3.0,3.0850818157196045
429,222,4.0,3.5141243934631348
136,257,3.0,4.253831386566162
389,72,3.0,3.1963584423065186
457,169,5.0,5.034265995025635
280,845,3.0,3.6005356311798096
345,1096,3.0,2.826795816421509
653,294,2.0,2.242767095565796
665,96,3.0,4.019972324371338
851,338,3.0,2.8864753246307373
49,70,2.0,2.9569036960601807
807,140,3.0,3.4224236011505127
871,237,3.0,3.6389830112457275
653,1139,3.0,1.8294099569320679
498,985,1.0,2.5835936069488525
563,70,4.0,3.975268602371216
84,4,3.0,3.9420392513275146
59,710,3.0,3.8529226779937744
385,606,4.0,3.8243372440338135
131,100,5.0,4.273848056793213
278,315,4.0,4.366039276123047
158,1098,4.0,3.8931005001068115
846,570,4.0,3.2906031608581543
886,475,5.0,3.805593729019165
648,122,1.0,2.1273458003997803
392,180,5.0,4.347636699676514
56,38,2.0,3.2093374729156494
457,559,4.0,3.691606283187866
558,286,4.0,4.046459197998047
92,1207,3.0,2.265122652053833
525,762,4.0,3.2880711555480957
405,1210,1.0,1.8224549293518066
653,1023,3.0,1.6720482110977173
684,181,4.0,3.8868582248687744
680,9,4.0,3.962510347366333
59,241,4.0,3.759782075881958
336,276,4.0,3.508071184158325
206,362,1.0,1.7740421295166016
164,748,5.0,3.955287218093872
499,98,4.0,4.207059383392334
215,238,2.0,3.830796957015991
1,123,4.0,2.955111265182495
3,343,3.0,2.5297141075134277
716,470,4.0,3.7714004516601562
119,9,4.0,4.252816200256348
831,245,2.0,2.873978614807129
295,951,5.0,3.348313093185425
920,301,2.0,2.8810136318206787
97,357,5.0,4.590585231781006
313,588,4.0,3.7534048557281494
82,275,2.0,3.546743392944336
504,384,2.0,3.0400214195251465
181,763,1.0,1.5974938869476318
28,12,4.0,4.40224027633667
635,300,3.0,3.457129716873169
416,433,4.0,4.0875773429870605
488,69,4.0,3.510455846786499
92,402,3.0,3.439832925796509
225,64,4.0,5.0554890632629395
230,420,5.0,3.8352739810943604
829,408,4.0,4.33194637298584
862,205,4.0,4.731042385101318
346,132,4.0,3.9063522815704346
35,258,2.0,3.8340556621551514
11,383,2.0,2.07891583442688
216,210,4.0,4.1557393074035645
6,257,2.0,3.62565016746521
298,208,5.0,4.212229251861572
116,324,2.0,2.6139426231384277
332,245,4.0,3.9269440174102783
896,1217,2.0,2.4654908180236816
497,195,4.0,3.7368810176849365
18,88,3.0,3.5106098651885986
95,385,4.0,3.6556622982025146
745,203,3.0,3.02974009513855
878,15,4.0,3.105032444000244
843,228,4.0,2.7882235050201416
299,692,4.0,3.3258779048919678
192,1061,4.0,2.895080327987671
178,458,3.0,3.2164976596832275
49,346,4.0,2.960289716720581
475,313,2.0,4.219429016113281
91,172,4.0,4.2141594886779785
315,504,3.0,4.158873081207275
714,410,3.0,3.4069831371307373
619,188,4.0,3.6130146980285645
125,999,4.0,3.1024489402770996
112,331,4.0,3.7443270683288574
453,427,3.0,4.095290660858154
539,275,4.0,4.106746196746826
554,717,3.0,2.749192953109741
518,829,3.0,2.7999141216278076
817,597,2.0,3.2218496799468994
299,1050,4.0,3.3509421348571777
627,175,1.0,3.7467148303985596
405,719,1.0,1.5517840385437012
592,305,4.0,4.0683441162109375
232,170,5.0,4.277530193328857
413,284,4.0,3.1265015602111816
307,1,5.0,3.9432690143585205
650,443,5.0,3.333050012588501
75,742,1.0,3.6751224994659424
234,588,3.0,3.3097994327545166
318,64,4.0,4.665377140045166
484,161,4.0,4.066830158233643
234,428,4.0,3.456115245819092
617,582,4.0,2.784792423248291
32,271,3.0,2.9709231853485107
546,7,5.0,4.372161865234375
268,721,3.0,3.146594762802124
214,302,4.0,4.262413501739502
161,181,2.0,2.651167631149292
745,531,3.0,2.9635801315307617
151,657,5.0,4.513600826263428
167,1308,1.0,2.265749454498291
400,690,3.0,3.6891818046569824
425,294,2.0,2.6144936084747314
815,179,2.0,4.135099411010742
705,797,4.0,3.33729887008667
157,289,4.0,3.3683512210845947
95,62,4.0,3.010544538497925
787,748,4.0,2.977057695388794
577,996,3.0,2.3839261531829834
49,1075,2.0,3.0273797512054443
452,164,4.0,3.1318278312683105
592,178,5.0,4.679441452026367
642,378,3.0,4.152381420135498
587,289,3.0,2.7199928760528564
178,984,2.0,2.8554434776306152
437,496,4.0,4.206151962280273
831,237,4.0,3.4988129138946533
334,86,4.0,3.7959487438201904
293,272,4.0,3.707266092300415
586,295,3.0,3.307126760482788
280,5,4.0,3.462768077850342
428,751,5.0,3.9559133052825928
218,209,5.0,3.764864206314087
397,1001,1.0,2.0030102729797363
495,403,5.0,3.843862771987915
707,1281,4.0,2.9352848529815674
16,11,5.0,4.301824569702148
840,134,3.0,4.553531646728516
752,750,2.0,3.682208299636841
567,127,5.0,4.3226494789123535
189,197,5.0,4.373241901397705
395,240,1.0,3.1881344318389893
322,64,5.0,4.6716628074646
135,653,4.0,3.9445183277130127
559,191,5.0,4.0415358543396
445,272,3.0,2.7227447032928467
913,222,3.0,3.327988862991333
15,754,5.0,2.7058892250061035
495,577,1.0,2.834792375564575
293,425,4.0,3.3212311267852783
452,172,4.0,3.7651798725128174
445,121,1.0,1.8586294651031494
401,511,2.0,3.6741890907287598
234,516,3.0,3.4611871242523193
434,237,5.0,4.045130729675293
201,1423,3.0,1.7627193927764893
846,195,4.0,4.054812431335449
85,589,3.0,3.9450619220733643
244,1132,4.0,3.0079991817474365
137,1028,5.0,3.781794786453247
60,229,4.0,3.431788444519043
475,302,3.0,4.077346324920654
331,486,3.0,3.657874345779419
666,23,4.0,4.010412216186523
548,291,5.0,3.6272928714752197
436,132,1.0,4.3083624839782715
591,523,4.0,3.933048963546753
790,72,2.0,2.888140916824341
804,128,5.0,3.658642530441284
566,133,4.0,3.7405471801757812
472,419,4.0,4.5398850440979
87,153,5.0,4.100128173828125
308,100,5.0,4.167660713195801
386,982,3.0,3.0684988498687744
463,1067,2.0,3.228572368621826
126,323,3.0,3.13763165473938
327,1141,3.0,3.053908586502075
91,183,5.0,4.008056640625
332,64,5.0,5.21209192276001
416,157,4.0,3.909355401992798
303,3,3.0,2.975416660308838
516,212,4.0,3.6022093296051025
916,558,3.0,3.4582841396331787
566,755,2.0,3.011049509048462
798,996,3.0,2.2226767539978027
815,217,3.0,3.2064993381500244
389,283,5.0,3.797759771347046
276,210,4.0,4.108055114746094
188,159,3.0,3.3747944831848145
849,133,5.0,5.1099348068237305
627,597,3.0,2.805880308151245
276,1109,3.0,3.4658801555633545
484,172,5.0,4.566291332244873
913,164,2.0,3.1669986248016357
587,271,4.0,2.959031105041504
889,493,3.0,4.118906021118164
698,132,4.0,3.036536455154419
150,325,1.0,3.100872278213501
921,760,2.0,2.48291277885437
537,226,2.0,2.575406551361084
450,727,4.0,3.7221181392669678
218,654,4.0,3.874799966812134
398,284,2.0,2.93652081489563
293,474,5.0,3.7282936573028564
260,270,5.0,4.216372489929199
940,1167,4.0,3.202559232711792
805,135,4.0,3.959740400314331
728,1355,4.0,2.8171677589416504
95,1227,2.0,2.48462176322937
708,742,1.0,3.438317060470581
577,71,5.0,4.04714822769165
109,550,5.0,3.314746618270874
151,66,4.0,3.6649670600891113
537,192,4.0,3.53287410736084
62,483,4.0,4.2497239112854
276,76,4.0,3.5779364109039307
49,1069,3.0,2.8922526836395264
280,172,3.0,4.323461055755615
561,1267,3.0,2.340075731277466
20,423,2.0,3.2938010692596436
378,222,3.0,3.642561197280884
12,195,4.0,4.2783026695251465
157,405,3.0,3.5782296657562256
632,131,4.0,3.83168625831604
894,1592,4.0,3.5688841342926025
892,265,4.0,4.41735315322876
717,748,3.0,3.43679141998291
768,597,2.0,2.7757673263549805
642,155,3.0,3.54742693901062
346,210,4.0,3.8056654930114746
592,121,4.0,3.6125731468200684
581,844,5.0,3.3719067573547363
94,1012,4.0,3.620851993560791
7,583,2.0,3.6926987171173096
488,510,4.0,3.6719982624053955
4,362,5.0,3.935401201248169
421,197,3.0,4.110849857330322
222,409,3.0,2.722508192062378
18,191,4.0,4.344711780548096
437,710,4.0,3.7119460105895996
456,403,2.0,3.1313576698303223
592,1039,4.0,4.268335342407227
936,312,3.0,3.460381269454956
269,22,1.0,3.664363145828247
276,276,4.0,3.77740740776062
927,82,2.0,4.183017730712891
506,66,4.0,3.4934489727020264
79,311,4.0,3.982497453689575
781,286,1.0,3.582237958908081
690,186,4.0,3.6985538005828857
776,192,5.0,4.1844353675842285
112,289,5.0,3.2810990810394287
87,121,5.0,3.7336976528167725
425,293,4.0,3.462251663208008
499,430,3.0,3.980849027633667
274,234,5.0,4.16085958480835
350,1,4.0,4.140661716461182
806,254,3.0,2.466989755630493
782,1511,2.0,3.180745840072632
933,1028,2.0,2.2260632514953613
181,871,2.0,1.542588472366333
713,344,5.0,3.289288282394409
193,294,1.0,2.9210102558135986
290,216,4.0,3.76694393157959
805,94,1.0,3.0295064449310303
429,473,3.0,2.936800718307495
298,98,4.0,4.451874256134033
853,748,2.0,2.944934606552124
221,407,2.0,2.5589089393615723
7,23,3.0,4.547298908233643
1,13,5.0,3.4134576320648193
892,739,4.0,3.785202980041504
410,690,4.0,3.0521137714385986
442,569,2.0,2.3357744216918945
682,395,3.0,2.0879170894622803
835,257,3.0,4.234421253204346
664,318,5.0,4.411698818206787
268,679,4.0,2.6913554668426514
630,568,4.0,3.5090136528015137
798,748,5.0,3.236476182937622
265,237,5.0,3.689213275909424
624,15,4.0,3.735447406768799
650,162,3.0,3.1726877689361572
426,435,3.0,3.899060010910034
25,527,4.0,4.170811653137207
200,99,5.0,4.295713424682617
125,734,3.0,2.6142380237579346
64,476,1.0,2.877842664718628
328,56,4.0,3.9667890071868896
399,432,3.0,3.302612066268921
828,328,3.0,2.8287289142608643
648,70,2.0,3.5765864849090576
867,186,5.0,4.284825801849365
391,480,4.0,4.260429859161377
417,725,4.0,2.6518285274505615
58,514,5.0,3.8899314403533936
210,173,4.0,4.575016975402832
787,347,4.0,3.3081986904144287
70,1035,3.0,2.955350160598755
880,1041,4.0,3.2380425930023193
174,126,5.0,4.042829990386963
216,221,4.0,4.048227310180664
85,588,3.0,3.6877329349517822
567,9,4.0,3.759312152862549
286,329,4.0,3.647017478942871
394,795,2.0,2.963543176651001
486,1047,2.0,2.547828435897827
690,208,5.0,3.726445436477661
916,69,4.0,3.6641345024108887
436,1489,2.0,2.527583122253418
189,498,5.0,4.4899678230285645
378,722,3.0,2.7697932720184326
499,191,5.0,4.245830535888672
790,977,1.0,2.2586092948913574
80,64,5.0,4.51925802230835
389,181,4.0,4.01359748840332
195,386,2.0,2.7420294284820557
64,333,3.0,3.5049350261688232
264,656,4.0,4.639544486999512
200,373,4.0,3.562206745147705
262,1048,2.0,2.760873794555664
650,823,3.0,2.2811317443847656
726,274,4.0,3.0575947761535645
199,285,4.0,3.78756046295166
780,97,5.0,3.5603442192077637
154,137,3.0,4.056727886199951
361,26,3.0,3.4020071029663086
131,1281,4.0,3.3826987743377686
152,451,5.0,4.294768810272217
85,79,3.0,3.8843986988067627
330,117,5.0,4.512232780456543
92,558,3.0,3.6265616416931152
899,291,4.0,3.225024938583374
918,487,4.0,3.5374557971954346
292,173,5.0,4.615608215332031
472,581,4.0,4.141586780548096
624,690,4.0,3.554267168045044
119,407,3.0,3.0406229496002197
548,762,4.0,3.6638989448547363
437,82,3.0,3.8240790367126465
613,64,5.0,4.872115612030029
280,673,4.0,3.8028132915496826
374,117,5.0,3.566058874130249
823,770,4.0,3.7432994842529297
210,864,3.0,3.629685163497925
496,532,5.0,2.8502228260040283
311,177,5.0,3.9886929988861084
506,274,4.0,3.526832103729248
378,496,3.0,4.116186141967773
760,185,2.0,3.958561658859253
661,174,5.0,4.3588337898254395
109,88,4.0,3.4467406272888184
279,172,2.0,4.194565773010254
343,744,4.0,3.6367313861846924
92,196,4.0,3.9101240634918213
94,50,5.0,4.509676933288574
591,72,3.0,2.9957878589630127
450,51,4.0,3.811401605606079
226,480,4.0,4.358026504516602
268,455,3.0,2.911658525466919
864,230,2.0,3.943035840988159
804,1411,3.0,2.961961507797241
806,923,3.0,4.306695461273193
336,1011,2.0,3.10237717628479
13,90,3.0,2.873713254928589
216,97,4.0,3.9200809001922607
650,357,4.0,3.8651812076568604
312,713,5.0,4.088103771209717
263,1020,3.0,4.051795482635498
130,721,3.0,4.222465515136719
43,215,5.0,3.9052813053131104
268,188,4.0,3.2989702224731445
13,860,1.0,2.169513463973999
882,147,4.0,3.845682382583618
769,473,3.0,3.011606454849243
343,260,1.0,2.9358651638031006
92,53,3.0,2.8582894802093506
201,919,3.0,3.334446668624878
553,485,3.0,4.072631359100342
889,160,4.0,3.1796584129333496
853,333,4.0,3.3875997066497803
718,405,5.0,3.523653030395508
605,269,4.0,4.004200458526611
303,255,4.0,3.3463356494903564
416,401,2.0,3.1467578411102295
715,233,3.0,3.0952308177948
42,63,4.0,3.252073049545288
727,1437,2.0,2.1061062812805176
44,175,4.0,4.034181118011475
621,383,2.0,2.4526331424713135
586,186,2.0,3.829930067062378
181,413,2.0,1.267751693725586
896,86,1.0,3.470214605331421
402,19,4.0,4.096831798553467
59,489,4.0,4.328904628753662
796,447,3.0,3.587926149368286
519,874,5.0,4.339558124542236
883,724,4.0,3.671224355697632
807,172,5.0,4.381059169769287
727,90,3.0,2.814450263977051
682,772,4.0,2.724330425262451
645,195,4.0,3.977236032485962
336,202,1.0,3.615171194076538
492,69,3.0,3.3289201259613037
311,83,5.0,4.206358432769775
875,176,4.0,4.180286884307861
279,44,1.0,3.5519320964813232
72,972,4.0,3.501466989517212
504,72,4.0,3.365931749343872
468,248,4.0,3.915111780166626
932,611,5.0,4.37575101852417
802,444,4.0,3.027242660522461
59,428,5.0,4.199702262878418
495,1079,5.0,2.6350462436676025
716,484,4.0,4.366557598114014
404,307,4.0,3.5535295009613037
342,179,5.0,3.96278977394104
442,144,4.0,3.5463685989379883
251,535,3.0,3.291574716567993
63,277,4.0,3.1115293502807617
255,324,5.0,2.4610471725463867
263,294,2.0,3.318505048751831
48,209,5.0,4.025792598724365
796,326,4.0,3.393779754638672
655,1022,3.0,3.041025400161743
466,117,5.0,3.406986951828003
416,591,5.0,3.874328851699829
693,196,2.0,3.3651206493377686
104,271,1.0,2.4420571327209473
189,15,2.0,3.7294342517852783
201,855,4.0,3.4031214714050293
255,872,4.0,2.3292815685272217
690,1,4.0,3.5975592136383057
660,328,3.0,2.543365478515625
177,210,4.0,3.8109490871429443
221,568,4.0,3.684328317642212
472,29,5.0,3.7113285064697266
354,694,5.0,4.133921146392822
501,181,4.0,4.271678447723389
109,742,5.0,3.5230109691619873
339,81,5.0,3.8568708896636963
308,480,4.0,4.419448375701904
655,129,3.0,3.3186821937561035
318,121,1.0,3.531942367553711
923,1028,4.0,3.7770869731903076
379,52,4.0,4.141678333282471
721,327,2.0,3.627211570739746
833,379,2.0,2.410999298095703
363,940,2.0,1.787628173828125
637,1060,2.0,2.1975412368774414
851,455,3.0,3.46368670463562
903,994,3.0,3.1290476322174072
5,214,3.0,3.0307557582855225
406,216,3.0,3.8339970111846924
453,158,2.0,2.2561612129211426
416,1011,4.0,3.6298868656158447
130,174,5.0,4.9003424644470215
487,720,4.0,3.056976556777954
223,185,2.0,3.973627805709839
638,554,3.0,2.347775459289551
815,1133,3.0,3.088735818862915
84,546,3.0,3.3909618854522705
747,672,4.0,2.8031203746795654
758,298,4.0,4.146094799041748
339,241,4.0,3.817033052444458
412,70,4.0,3.6307079792022705
802,197,3.0,4.27537202835083
896,343,1.0,2.4702799320220947
456,485,4.0,3.7407209873199463
262,22,4.0,4.042888164520264
200,229,5.0,3.83630108833313
694,237,4.0,3.945328950881958
704,193,5.0,3.8478047847747803
416,202,4.0,4.0553297996521
773,72,3.0,2.795550584793091
92,66,3.0,3.3932278156280518
892,367,4.0,4.016639232635498
345,200,4.0,3.9626448154449463
215,179,4.0,4.114415645599365
648,498,3.0,4.218532085418701
1,268,5.0,3.718752145767212
698,588,4.0,2.816333055496216
181,1376,1.0,1.3751003742218018
145,1102,1.0,3.7113077640533447
875,131,4.0,4.003961086273193
934,462,4.0,3.881450891494751
933,70,2.0,3.00532603263855
575,357,5.0,3.586986780166626
311,211,3.0,4.14464807510376
524,66,3.0,3.314486265182495
127,227,4.0,3.9084017276763916
243,86,5.0,3.8324334621429443
652,288,2.0,3.1608736515045166
653,1444,3.0,1.5335280895233154
339,80,3.0,3.049751043319702
18,142,4.0,3.0745861530303955
88,886,5.0,3.2801263332366943
551,827,5.0,2.972581624984741
595,289,4.0,2.851422071456909
339,121,3.0,3.644838571548462
358,1529,3.0,3.4018666744232178
97,429,4.0,4.26082181930542
262,195,2.0,3.7043941020965576
22,648,4.0,4.10959005355835
671,779,3.0,2.855487585067749
821,281,3.0,3.761843681335449
630,732,4.0,3.5543763637542725
85,42,3.0,3.570526361465454
537,654,3.0,3.407346487045288
593,234,2.0,3.9328339099884033
405,1575,1.0,1.4219744205474854
620,678,3.0,3.357999563217163
333,748,4.0,3.2903096675872803
833,657,4.0,3.800016403198242
145,592,3.0,3.145247459411621
495,843,3.0,3.6126949787139893
468,39,3.0,3.4922378063201904
342,1008,3.0,3.508033514022827
778,168,5.0,3.303844928741455
747,519,5.0,4.373636722564697
902,181,3.0,3.580568790435791
169,683,3.0,2.4994375705718994
764,22,4.0,4.333264350891113
416,339,5.0,3.4109127521514893
373,166,5.0,4.2596564292907715
246,226,2.0,2.8864216804504395
913,180,3.0,3.670408010482788
796,553,4.0,3.322920560836792
936,14,4.0,4.225018501281738
605,132,5.0,4.071956157684326
550,50,5.0,4.611208438873291
454,603,4.0,3.4787042140960693
1,106,4.0,2.6811680793762207
548,9,1.0,4.009860038757324
601,71,1.0,3.272658109664917
92,452,2.0,2.5727310180664062
710,318,4.0,4.23099422454834
373,843,3.0,3.2520458698272705
936,281,4.0,3.3535494804382324
27,925,3.0,2.8023691177368164
476,715,4.0,3.3370301723480225
280,499,4.0,4.359063148498535
760,71,4.0,3.710143566131592
828,547,2.0,2.789820432662964
109,940,3.0,2.387223958969116
452,186,1.0,3.589749574661255
59,959,4.0,3.7374813556671143
56,73,4.0,3.7292697429656982
331,277,4.0,3.293517589569092
534,151,4.0,4.483835697174072
691,50,4.0,4.754454135894775
880,845,3.0,3.5369975566864014
873,342,4.0,2.0750558376312256
239,187,5.0,4.351694107055664
126,266,5.0,2.7976505756378174
321,275,4.0,3.71986985206604
391,491,3.0,3.6917788982391357
194,792,4.0,3.0332815647125244
289,742,4.0,3.1169559955596924
525,248,4.0,3.620958089828491
767,242,4.0,4.659348964691162
592,173,5.0,4.469608783721924
496,483,4.0,3.889439344406128
361,129,4.0,3.788444995880127
442,31,3.0,3.2224605083465576
814,565,3.0,2.4656975269317627
733,1023,1.0,2.0505645275115967
938,476,4.0,3.125539541244507
128,955,5.0,3.47099232673645
829,222,4.0,3.4311110973358154
121,282,1.0,3.5197372436523438
536,699,3.0,3.885244131088257
805,121,3.0,3.2268784046173096
61,333,3.0,3.2566282749176025
206,690,2.0,2.5144805908203125
532,982,3.0,3.4638049602508545
401,173,3.0,3.590069055557251
363,1010,4.0,3.0460081100463867
92,116,3.0,3.7002758979797363
363,227,4.0,2.8844962120056152
784,328,3.0,3.752938985824585
119,154,5.0,4.334061622619629
141,245,3.0,3.229422092437744
176,508,3.0,3.782996416091919
682,581,2.0,2.8777260780334473
179,271,1.0,2.955122709274292
193,182,4.0,3.907707452774048
932,64,2.0,4.717854976654053
332,370,2.0,3.667865037918091
395,750,5.0,4.21375846862793
303,427,4.0,4.31502103805542
889,294,3.0,2.860013008117676
435,265,3.0,3.757885217666626
446,326,2.0,2.6977107524871826
48,680,3.0,2.4671175479888916
524,199,4.0,4.041234970092773
843,183,5.0,2.933588743209839
871,1024,3.0,3.688098669052124
557,271,4.0,3.392237663269043
43,931,1.0,2.3620922565460205
627,518,4.0,3.623582124710083
186,226,5.0,3.5052552223205566
416,737,3.0,3.4853456020355225
188,1263,3.0,2.9337809085845947
514,49,2.0,3.304950475692749
848,209,5.0,4.383549690246582
829,70,4.0,3.4449379444122314
17,1,4.0,3.325042247772217
836,56,4.0,4.135344982147217
604,200,1.0,3.6062724590301514
760,98,3.0,4.089059352874756
887,100,2.0,4.542158126831055
561,204,3.0,3.1703457832336426
151,28,4.0,4.222826957702637
851,302,5.0,4.421439170837402
72,2,3.0,3.1724977493286133
198,187,4.0,3.768355369567871
808,872,5.0,3.6597774028778076
181,989,1.0,1.3281145095825195
219,303,4.0,3.8786251544952393
51,173,5.0,3.947960138320923
534,282,5.0,4.550178050994873
316,463,5.0,3.1885783672332764
405,1567,1.0,1.457486629486084
269,154,3.0,3.2676074504852295
233,495,4.0,4.066405296325684
413,275,5.0,4.0440592765808105
647,147,4.0,3.5755584239959717
923,1001,1.0,2.9777209758758545
487,566,4.0,3.6649105548858643
484,226,4.0,3.8477327823638916
7,367,5.0,3.969205617904663
294,751,4.0,3.5150656700134277
577,5,4.0,3.426898241043091
280,90,4.0,3.369229555130005
621,94,2.0,3.399075984954834
406,715,4.0,3.1418051719665527
778,738,1.0,2.1012301445007324
305,70,4.0,3.3086750507354736
449,273,4.0,3.6809041500091553
790,144,4.0,3.6638741493225098
130,477,4.0,3.960578203201294
358,558,4.0,3.3717167377471924
450,277,3.0,3.816903829574585
363,444,4.0,2.3689751625061035
250,151,4.0,3.930933713912964
139,460,3.0,3.379741907119751
194,165,4.0,3.4899168014526367
524,466,4.0,3.5654661655426025
372,218,5.0,4.317165851593018
271,507,2.0,3.7060954570770264
279,922,3.0,4.145883083343506
551,825,5.0,3.243931770324707
311,56,5.0,4.207987308502197
771,542,4.0,2.6497535705566406
328,23,3.0,4.031555652618408
727,191,4.0,4.020939350128174
711,496,5.0,4.308913707733154
666,181,2.0,3.823866605758667
871,313,5.0,4.375516891479492
561,559,1.0,2.519296407699585
321,61,5.0,3.7235867977142334
823,1,4.0,4.131157398223877
328,685,4.0,3.1246047019958496
397,345,4.0,3.3363170623779297
488,28,4.0,3.629131555557251
234,125,3.0,2.896780252456665
709,172,5.0,4.140783786773682
95,190,4.0,4.20626163482666
655,125,2.0,2.8606700897216797
276,215,4.0,3.88805890083313
933,172,2.0,3.467125177383423
263,879,2.0,3.4800074100494385
116,888,2.0,3.213805913925171
629,416,4.0,3.73303484916687
896,237,5.0,3.1343371868133545
825,406,2.0,2.83171010017395
872,323,2.0,3.214462995529175
286,402,3.0,3.9338228702545166
251,281,4.0,3.1697046756744385
94,1065,4.0,3.592179298400879
463,1383,2.0,1.6224584579467773
103,487,4.0,3.941995859146118
592,24,4.0,3.7491343021392822
378,59,4.0,4.007626056671143
864,404,4.0,3.9699413776397705
29,182,4.0,4.114495754241943
254,386,2.0,2.5129177570343018
12,4,5.0,3.989192247390747
336,410,3.0,2.981086015701294
145,22,5.0,4.294637203216553
357,291,4.0,4.217719078063965
919,272,5.0,4.19921875
130,58,2.0,4.2412896156311035
330,549,5.0,4.576065540313721
711,941,3.0,3.2194902896881104
308,186,4.0,4.022064685821533
682,125,4.0,3.1879894733428955
440,512,3.0,4.7818779945373535
246,559,3.0,2.672881841659546
374,483,3.0,4.502255439758301
76,769,1.0,2.348642349243164
437,213,4.0,4.032198429107666
823,210,4.0,4.229933261871338
332,38,2.0,3.807276725769043
707,499,4.0,3.9967386722564697
749,167,2.0,3.1837127208709717
157,515,5.0,4.632866859436035
487,181,4.0,4.125391483306885
744,28,3.0,3.7943241596221924
740,294,4.0,2.950718402862549
110,578,3.0,3.0680313110351562
129,300,3.0,2.944148302078247
409,429,5.0,3.8587958812713623
476,66,3.0,3.4696919918060303
799,292,4.0,3.73103928565979
222,1042,4.0,2.836228847503662
338,488,5.0,4.06270694732666
198,101,5.0,2.9405839443206787
676,688,1.0,1.805488109588623
294,1245,3.0,3.55713152885437
506,684,5.0,3.7526133060455322
620,416,4.0,3.9389779567718506
234,686,3.0,3.2082722187042236
57,1071,3.0,3.3206355571746826
508,1135,3.0,2.919207811355591
44,194,5.0,4.066309452056885
361,659,5.0,4.018253803253174
7,662,3.0,3.939791440963745
405,463,1.0,2.237107038497925
181,460,1.0,1.542443037033081
922,391,3.0,2.6779696941375732
90,644,5.0,4.206535816192627
892,118,4.0,3.693493366241455
178,194,4.0,4.081772804260254
223,977,2.0,2.440195322036743
292,197,5.0,4.622101783752441
881,94,2.0,2.939710855484009
554,9,4.0,3.7494595050811768
606,201,4.0,3.879286050796509
151,195,3.0,4.117446422576904
642,1023,3.0,3.104313611984253
426,430,3.0,3.971635103225708
919,297,4.0,3.968005418777466
693,423,3.0,3.1825501918792725
230,511,2.0,4.543095111846924
655,192,3.0,3.7317066192626953
95,28,4.0,3.998455286026001
702,683,1.0,1.730002999305725
146,347,3.0,3.6333529949188232
56,280,4.0,3.3929507732391357
405,510,1.0,2.5031986236572266
206,260,3.0,2.3662168979644775
158,210,4.0,4.1675848960876465
21,567,2.0,2.2281150817871094
79,740,4.0,3.619905710220337
177,135,5.0,3.924617052078247
189,9,3.0,3.9344823360443115
892,82,3.0,4.230184078216553
405,80,1.0,1.8287932872772217
378,1037,2.0,1.5540827512741089
526,181,4.0,3.635545015335083
308,448,3.0,3.5126421451568604
637,475,1.0,3.177720069885254
193,301,4.0,3.1120173931121826
886,783,1.0,2.4665889739990234
405,1072,1.0,1.5313317775726318
880,144,5.0,4.122376441955566
710,192,5.0,4.0773539543151855
671,4,5.0,3.7532615661621094
533,676,5.0,3.0619022846221924
870,13,4.0,3.1272828578948975
795,3,2.0,2.5809664726257324
416,451,5.0,3.619556188583374
262,660,4.0,3.6308515071868896
405,673,5.0,2.207415819168091
709,92,4.0,3.492673873901367
664,22,2.0,4.192963123321533
391,69,4.0,3.791367769241333
170,687,3.0,2.87353515625
286,3,2.0,3.5103137493133545
746,8,4.0,3.9502646923065186
230,447,1.0,3.755000352859497
532,692,5.0,4.259219646453857
526,475,5.0,3.6590888500213623
618,150,2.0,3.4973325729370117
717,291,4.0,3.6072051525115967
268,288,4.0,3.0587286949157715
174,902,3.0,3.960301637649536
458,509,4.0,3.8641746044158936
871,515,4.0,4.361586093902588
215,28,4.0,4.066765785217285
655,512,3.0,3.610339641571045
37,7,4.0,3.8638174533843994
934,483,3.0,4.544113636016846
262,15,3.0,3.3610851764678955
848,476,3.0,3.3691775798797607
751,1,3.0,3.760139226913452
271,218,3.0,3.334547758102417
280,86,4.0,4.139671802520752
715,158,2.0,2.383661985397339
203,477,4.0,3.387685537338257
809,331,2.0,3.5157387256622314
893,1245,2.0,3.4595680236816406
43,123,1.0,3.2772302627563477
82,475,1.0,3.5184428691864014
632,508,2.0,3.572068214416504
63,106,2.0,2.373892307281494
308,254,2.0,2.607252359390259
369,346,4.0,4.083395957946777
318,12,4.0,4.468378067016602
745,169,4.0,3.6092216968536377
456,69,4.0,3.6811530590057373
472,51,5.0,4.427335262298584
82,919,3.0,3.3042681217193604
862,196,5.0,4.665918827056885
929,188,4.0,3.2985451221466064
890,186,2.0,4.017728328704834
491,493,4.0,4.180727005004883
886,64,5.0,4.339919090270996
790,283,2.0,3.4895424842834473
653,973,2.0,1.514345645904541
494,143,5.0,3.8093645572662354
141,323,4.0,3.1365554332733154
864,755,4.0,3.6681504249572754
13,799,4.0,2.6701595783233643
751,90,3.0,2.9616777896881104
880,467,4.0,4.0788092613220215
553,1,3.0,3.983746290206909
635,688,2.0,1.6992180347442627
299,289,3.0,2.745493173599243
889,513,4.0,4.3037800788879395
303,93,5.0,3.8070881366729736
881,97,3.0,3.520618438720703
85,157,3.0,3.404858112335205
297,984,1.0,2.4844534397125244
121,736,5.0,3.6713809967041016
256,829,4.0,3.5290770530700684
661,665,3.0,3.042099714279175
608,126,1.0,3.751887083053589
519,1280,5.0,3.833219051361084
879,292,4.0,3.574183464050293
496,554,2.0,1.9460020065307617
81,756,1.0,2.664275884628296
308,591,3.0,3.6195132732391357
236,117,3.0,3.358875274658203
393,15,3.0,3.6883533000946045
308,802,3.0,2.9279239177703857
59,56,5.0,4.288221836090088
606,729,4.0,3.771552324295044
836,1065,4.0,3.5283892154693604
246,173,5.0,3.7455198764801025
48,433,3.0,3.7007029056549072
407,153,4.0,3.7041280269622803
13,82,2.0,3.5678422451019287
634,1011,4.0,3.2628347873687744
361,216,5.0,3.9089877605438232
101,820,3.0,2.461334228515625
112,346,5.0,3.9012539386749268
705,526,3.0,4.23807954788208
535,632,4.0,3.8979551792144775
189,99,5.0,3.8388278484344482
394,383,2.0,2.819840669631958
201,31,1.0,3.1593921184539795
373,423,2.0,3.904067277908325
337,228,5.0,4.087934494018555
918,499,4.0,3.7147343158721924
164,678,4.0,3.6082510948181152
763,28,3.0,4.166738510131836
666,1474,3.0,2.91792893409729
763,418,4.0,3.618709087371826
59,616,5.0,3.7973294258117676
94,81,4.0,3.712836980819702
727,199,4.0,3.9305198192596436
109,250,2.0,3.3545327186584473
500,281,3.0,2.836529016494751
450,878,2.0,2.847141742706299
504,181,3.0,4.07928466796875
868,233,2.0,2.7420003414154053
188,678,3.0,2.942765474319458
660,97,3.0,2.923192262649536
871,937,3.0,3.539475202560425
361,655,3.0,3.860621690750122
733,14,5.0,3.602508783340454
488,478,3.0,3.8316075801849365
266,874,2.0,3.1415345668792725
815,228,5.0,3.857900381088257
13,194,5.0,3.8241231441497803
323,772,3.0,3.0267996788024902
78,411,4.0,2.542184352874756
440,751,3.0,4.028775691986084
200,195,5.0,4.490345478057861
29,678,3.0,2.9192066192626953
201,651,4.0,3.6046242713928223
429,23,4.0,3.9936087131500244
932,863,4.0,4.2147111892700195
301,269,5.0,3.9635837078094482
815,135,2.0,4.151900291442871
234,604,5.0,3.5699074268341064
159,881,1.0,3.1543757915496826
896,685,3.0,2.761739730834961
185,514,5.0,4.031509876251221
506,494,5.0,4.16138219833374
601,204,2.0,3.196960926055908
921,728,3.0,2.6595795154571533
3,300,2.0,3.2051026821136475
864,226,3.0,3.738720178604126
326,170,2.0,3.808650255203247
322,656,5.0,4.335338115692139
32,245,2.0,2.758547306060791
378,96,4.0,4.060531139373779
630,323,4.0,2.866987705230713
907,1051,5.0,4.3313775062561035
405,480,4.0,2.564594030380249
90,31,4.0,4.049091815948486
43,751,2.0,3.512565851211548
671,159,5.0,3.4633543491363525
533,651,4.0,3.9071481227874756
569,321,4.0,3.0424540042877197
27,515,4.0,3.9715254306793213
110,550,3.0,3.115490674972534
830,241,4.0,3.5277044773101807
578,346,3.0,3.1393377780914307
504,1084,4.0,4.070401191711426
456,608,4.0,3.74076247215271
7,619,3.0,3.76133131980896
405,439,1.0,1.724905014038086
151,10,5.0,4.098649024963379
223,423,3.0,3.6600797176361084
889,81,4.0,3.427136182785034
727,405,3.0,2.9431955814361572
711,168,4.0,4.1908979415893555
223,295,3.0,3.2789058685302734
594,515,5.0,3.817539691925049
807,298,4.0,4.049816131591797
689,300,5.0,3.7882142066955566
21,103,1.0,1.7402007579803467
543,660,3.0,3.624427080154419
790,1132,2.0,2.4236018657684326
294,286,5.0,3.8570926189422607
503,321,2.0,3.2868103981018066
215,300,3.0,3.6793947219848633
407,405,3.0,3.0963079929351807
399,175,3.0,3.556776762008667
551,79,5.0,4.3114142417907715
881,1046,3.0,2.7805609703063965
531,908,1.0,2.7951483726501465
802,183,5.0,4.002583980560303
560,235,2.0,2.8156659603118896
693,298,3.0,3.194631814956665
275,627,3.0,2.7029426097869873
790,771,4.0,2.207491159439087
669,172,3.0,3.6780335903167725
929,318,4.0,4.142171382904053
870,272,4.0,3.9217169284820557
201,402,2.0,3.0629563331604004
391,134,4.0,4.212930202484131
478,182,5.0,3.8780295848846436
650,432,4.0,3.1883718967437744
54,240,4.0,3.1372861862182617
221,566,3.0,3.594562292098999
900,618,4.0,2.4673807621002197
887,1079,1.0,2.6576781272888184
86,327,4.0,3.425952434539795
49,347,3.0,2.7282652854919434
378,213,5.0,3.942232370376587
629,732,5.0,3.9693634510040283
886,128,4.0,3.4075872898101807
561,239,3.0,2.869995355606079
335,355,3.0,2.9869015216827393
660,347,3.0,2.647770404815674
446,880,2.0,2.48211932182312
840,1451,5.0,3.9454009532928467
867,68,4.0,3.843318223953247
83,56,1.0,4.181484222412109
575,322,3.0,2.2366416454315186
270,93,5.0,4.651171684265137
328,117,4.0,3.471601724624634
113,424,1.0,1.9328677654266357
675,750,4.0,3.7556660175323486
283,56,5.0,4.6303253173828125
790,451,3.0,2.9516096115112305
749,50,5.0,4.484035968780518
158,221,2.0,4.06007194519043
141,597,4.0,3.2802350521087646
221,150,5.0,3.920910120010376
151,83,5.0,4.291987895965576
665,125,4.0,3.3706984519958496
74,285,3.0,4.267248153686523
619,403,5.0,3.3363213539123535
95,89,3.0,4.261074542999268
356,258,5.0,3.8654816150665283
392,316,5.0,4.410597324371338
850,705,5.0,4.466132640838623
660,89,3.0,3.434957981109619
934,414,5.0,3.6440517902374268
864,186,4.0,4.314029216766357
320,82,3.0,4.101078510284424
5,435,4.0,3.643867254257202
303,97,5.0,3.7464258670806885
308,216,3.0,4.070732593536377
188,151,3.0,3.733656644821167
94,824,4.0,2.7629024982452393
435,200,5.0,3.6498868465423584
796,559,3.0,3.3049674034118652
383,14,5.0,4.295773983001709
527,513,4.0,4.3195695877075195
847,173,5.0,3.6445560455322266
621,746,4.0,3.9021899700164795
758,968,5.0,4.039609432220459
286,1118,1.0,3.818089723587036
13,857,3.0,2.1630892753601074
781,1500,5.0,3.9100677967071533
780,497,2.0,3.9337265491485596
435,572,2.0,2.7062807083129883
83,739,5.0,3.365924119949341
926,321,3.0,2.8337740898132324
579,676,3.0,2.881488561630249
694,133,5.0,4.254452228546143
642,1146,1.0,3.6046037673950195
478,866,1.0,3.004380941390991
296,187,5.0,4.549132347106934
933,234,3.0,3.1410415172576904
715,81,4.0,3.508291244506836
922,181,5.0,3.8298544883728027
658,518,4.0,3.7078659534454346
504,973,4.0,2.7082438468933105
90,1206,2.0,3.3842384815216064
181,147,1.0,1.6531600952148438
98,435,5.0,3.695058584213257
755,269,5.0,3.812255620956421
751,50,5.0,4.288239479064941
842,344,1.0,4.1013383865356445
608,4,3.0,3.456934690475464
436,95,4.0,3.9923789501190186
495,186,5.0,4.3966546058654785
716,507,5.0,4.032111644744873
864,693,4.0,4.04655647277832
264,345,4.0,3.9660751819610596
188,300,4.0,3.737780809402466
660,474,2.0,3.4531443119049072
276,794,2.0,3.718923330307007
207,423,4.0,3.4849977493286133
648,216,4.0,3.9083588123321533
158,79,4.0,4.250192642211914
85,520,3.0,3.989736318588257
145,316,5.0,4.122974395751953
654,117,4.0,3.6489179134368896
854,100,5.0,3.6297433376312256
2,304,4.0,3.590862274169922
466,510,2.0,3.8742525577545166
770,255,4.0,4.3391523361206055
291,85,2.0,3.4056904315948486
525,123,3.0,2.950380563735962
669,187,5.0,3.6994950771331787
470,919,3.0,3.7228481769561768
151,516,5.0,4.209253787994385
234,316,4.0,3.536480188369751
399,735,3.0,3.416584014892578
286,655,3.0,4.317265510559082
590,298,2.0,3.7234795093536377
537,185,4.0,3.334752082824707
889,24,4.0,3.312018632888794
186,770,2.0,3.6099135875701904
773,769,1.0,2.130160093307495
868,232,1.0,2.9096920490264893
343,118,2.0,3.4710423946380615
373,506,4.0,3.9160521030426025
810,294,5.0,4.234378337860107
932,180,4.0,4.209465980529785
698,482,2.0,3.0838358402252197
891,409,4.0,3.7757325172424316
334,425,4.0,3.728965997695923
263,210,3.0,4.175968170166016
646,310,3.0,3.295541524887085
770,258,5.0,4.686400890350342
85,161,4.0,3.42588210105896
684,553,4.0,3.077815055847168
622,434,4.0,3.9870145320892334
320,97,5.0,4.079768657684326
493,171,5.0,4.132057189941406
200,1060,3.0,3.790677070617676
246,235,3.0,2.427713632583618
772,302,5.0,4.78249454498291
564,289,4.0,3.015380382537842
189,517,4.0,4.01613712310791
332,409,3.0,3.928929567337036
551,527,5.0,4.2660231590271
552,280,3.0,2.9720590114593506
626,272,5.0,3.1793477535247803
497,42,4.0,3.5617809295654297
897,484,3.0,4.470717430114746
786,195,4.0,3.998631715774536
610,699,2.0,3.420276403427124
450,837,4.0,4.17383337020874
44,174,5.0,4.339317798614502
627,732,3.0,3.421201467514038
501,696,4.0,3.5649402141571045
552,117,3.0,3.4501638412475586
498,83,3.0,3.634546995162964
862,151,5.0,4.364490985870361
575,50,2.0,3.5815041065216064
757,11,4.0,3.746713399887085
184,57,5.0,4.139815807342529
817,24,4.0,3.584146738052368
298,546,3.0,3.23950457572937
661,280,3.0,3.150055170059204
244,458,3.0,3.3743770122528076
506,215,5.0,3.7820956707000732
64,419,2.0,3.5761048793792725
868,209,4.0,3.6596028804779053
276,1407,1.0,2.4803740978240967
711,283,4.0,3.912390947341919
750,688,1.0,1.8062082529067993
606,176,5.0,4.411633491516113
627,423,3.0,3.5514328479766846
292,124,4.0,4.541191577911377
95,728,3.0,2.8405003547668457
394,222,4.0,4.200934886932373
232,64,4.0,4.524197101593018
922,222,4.0,3.536914587020874
814,559,3.0,2.7492549419403076
244,744,3.0,3.5364537239074707
301,229,3.0,3.1057610511779785
222,9,5.0,3.5192677974700928
318,167,4.0,3.299165964126587
868,506,4.0,3.3547158241271973
734,282,4.0,3.3733437061309814
157,258,3.0,4.08819580078125
119,562,4.0,3.757511854171753
335,260,3.0,2.6481754779815674
167,1126,5.0,3.450702428817749
98,629,5.0,2.9716084003448486
815,9,4.0,3.8438074588775635
509,258,4.0,3.062505006790161
221,53,4.0,3.0977659225463867
321,709,4.0,3.8042080402374268
394,780,2.0,3.710624933242798
650,100,4.0,3.571148157119751
497,174,4.0,4.119173526763916
535,9,5.0,3.7795398235321045
474,92,4.0,3.7692739963531494
293,436,3.0,3.0030953884124756
458,126,4.0,3.7849929332733154
843,590,3.0,1.9779212474822998
230,378,5.0,3.99135422706604
8,385,1.0,3.9506170749664307
347,928,3.0,3.039057970046997
429,441,3.0,2.567903518676758
495,631,2.0,4.163300037384033
880,44,4.0,3.6282660961151123
399,383,2.0,1.7093974351882935
212,179,1.0,3.94423508644104
500,83,4.0,3.926830530166626
311,465,4.0,3.686976671218872
524,649,4.0,3.266768455505371
393,569,4.0,3.010754108428955
222,294,3.0,2.7779762744903564
161,315,5.0,2.7863924503326416
904,274,5.0,3.751145124435425
269,654,4.0,3.6183629035949707
459,275,4.0,4.126362323760986
590,126,5.0,3.8067586421966553
213,234,4.0,4.380277156829834
58,222,4.0,3.6713297367095947
417,121,3.0,3.191908121109009
655,367,3.0,2.9407076835632324
548,316,4.0,4.314951419830322
325,137,5.0,3.68021821975708
405,1359,1.0,0.7044462561607361
22,118,4.0,3.0945565700531006
254,768,3.0,2.5636489391326904
650,809,3.0,2.5720598697662354
716,740,4.0,3.6101787090301514
238,181,3.0,3.8537590503692627
894,300,4.0,3.705922842025757
672,15,3.0,3.272874116897583
301,1012,4.0,3.4780490398406982
478,64,5.0,4.367543697357178
56,523,4.0,4.312854290008545
665,238,4.0,3.709963083267212
693,192,2.0,3.705688953399658
429,183,4.0,3.7803828716278076
500,1385,4.0,2.7941510677337646
417,674,2.0,2.984764814376831
943,139,1.0,2.8279659748077393
339,183,4.0,4.195933818817139
526,270,3.0,3.26432204246521
610,751,4.0,3.160048723220825
454,1190,3.0,2.263533592224121
137,250,5.0,4.11467981338501
145,636,4.0,3.3625104427337646
334,300,3.0,3.4748010635375977
271,504,3.0,3.7526473999023438
10,357,5.0,4.730407238006592
2,313,5.0,4.425561428070068
416,727,5.0,3.726842164993286
697,118,3.0,3.7012085914611816
216,790,3.0,3.0780527591705322
250,676,5.0,3.5706493854522705
535,953,5.0,3.460313558578491
776,675,3.0,3.590315341949463
862,238,4.0,4.502516746520996
803,339,3.0,2.91621994972229
90,185,5.0,4.496901035308838
782,344,3.0,3.5077407360076904
754,293,4.0,3.7867677211761475
682,1303,2.0,1.893547773361206
407,186,4.0,3.8677451610565186
567,223,4.0,4.216856956481934
795,4,4.0,3.215285062789917
401,663,1.0,3.283367872238159
870,569,2.0,2.3604462146759033
868,427,4.0,3.8581926822662354
118,421,4.0,4.545452117919922
189,137,4.0,4.132546901702881
639,662,2.0,2.63722825050354
844,97,3.0,3.4998652935028076
232,270,3.0,3.595104694366455
51,479,3.0,4.022863864898682
342,289,2.0,2.847989082336426
643,423,4.0,3.8123598098754883
299,1258,2.0,2.252894401550293
655,24,3.0,2.9035496711730957
655,19,2.0,3.344416379928589
886,467,4.0,3.6969778537750244
227,127,4.0,4.189943313598633
541,142,5.0,3.336366891860962
42,468,4.0,3.4711382389068604
661,215,3.0,3.8127083778381348
22,89,5.0,4.2512383460998535
391,300,2.0,3.522672414779663
410,538,3.0,3.093404531478882
350,127,5.0,4.6083502769470215
559,238,1.0,3.5462582111358643
279,147,4.0,3.5429115295410156
788,712,3.0,3.116952657699585
94,288,3.0,3.5016772747039795
920,307,3.0,3.150721311569214
562,435,4.0,3.8725216388702393
615,523,5.0,4.0987868309021
326,48,3.0,3.7206733226776123
44,183,4.0,3.9847357273101807
416,66,5.0,3.7833917140960693
122,70,5.0,3.9547674655914307
707,449,2.0,2.8196966648101807
717,111,4.0,3.7906291484832764
523,72,4.0,3.9445135593414307
548,283,3.0,3.9866745471954346
216,1161,4.0,3.288892984390259
11,745,5.0,3.7779271602630615
897,161,5.0,3.9459450244903564
846,215,5.0,3.8909800052642822
454,55,2.0,2.8597795963287354
249,68,5.0,3.893158197402954
436,715,4.0,3.6618258953094482
909,326,4.0,3.9467813968658447
456,42,4.0,3.5193474292755127
425,529,4.0,3.5465807914733887
363,435,3.0,3.504223585128784
508,82,3.0,3.706735134124756
764,696,3.0,3.2298214435577393
567,83,4.0,4.07211446762085
279,105,4.0,2.524756669998169
182,111,4.0,3.477957010269165
311,523,5.0,4.206231594085693
128,380,4.0,3.2226836681365967
643,794,3.0,3.597517967224121
645,258,3.0,3.8685519695281982
503,582,5.0,3.826340436935425
307,215,4.0,3.8220489025115967
506,218,3.0,3.5274393558502197
768,151,2.0,3.353332042694092
12,684,5.0,4.1064653396606445
864,800,1.0,3.409550428390503
621,1016,4.0,3.7010786533355713
838,50,5.0,4.543365001678467
796,274,5.0,3.5839579105377197
329,198,4.0,3.799407958984375
343,528,3.0,4.4881157875061035
279,1266,1.0,3.9755237102508545
741,131,4.0,3.766493558883667
280,40,5.0,3.2914986610412598
757,97,4.0,3.6338350772857666
848,153,5.0,4.088361740112305
373,510,3.0,4.170441150665283
704,180,4.0,3.860273599624634
664,96,3.0,4.0338897705078125
243,137,3.0,3.853079080581665
60,606,4.0,4.506526947021484
528,210,5.0,3.9755680561065674
840,172,3.0,4.379078388214111
666,98,4.0,4.095394611358643
38,161,5.0,4.091742038726807
94,125,1.0,3.554335832595825
639,673,4.0,2.75248384475708
825,1087,3.0,2.3931725025177
828,322,3.0,2.5110092163085938
885,756,2.0,2.4685916900634766
653,732,2.0,2.8611791133880615
437,287,2.0,3.701857328414917
295,98,5.0,4.793665885925293
474,528,5.0,4.472366809844971
211,526,4.0,3.6267590522766113
717,866,1.0,3.496166229248047
940,153,2.0,3.4696125984191895
568,631,5.0,2.9788286685943604
507,298,5.0,5.050952434539795
34,310,4.0,4.31795597076416
334,69,1.0,3.7434957027435303
707,582,5.0,3.4953501224517822
463,985,1.0,2.4968011379241943
59,699,4.0,3.804277181625366
752,690,4.0,3.1659834384918213
902,300,4.0,3.244188070297241
694,138,3.0,2.831658124923706
552,628,3.0,3.3835079669952393
92,134,4.0,4.253974437713623
406,665,3.0,2.7520596981048584
676,315,4.0,4.034993648529053
195,384,2.0,2.761281728744507
736,533,3.0,3.1323132514953613
654,742,4.0,3.5951790809631348
551,281,5.0,3.379401922225952
350,340,4.0,3.815645694732666
125,513,4.0,4.456325054168701
930,1010,2.0,2.8431150913238525
387,268,3.0,3.4749577045440674
244,676,4.0,3.4084811210632324
610,7,2.0,3.5912489891052246
503,121,3.0,3.5111429691314697
458,514,5.0,3.7866365909576416
7,626,5.0,2.7474803924560547
943,234,3.0,3.8000123500823975
18,189,5.0,4.284999847412109
164,281,4.0,3.868079423904419
269,167,1.0,2.476641893386841
466,172,4.0,3.959818124771118
716,1020,5.0,4.011044025421143
870,378,3.0,3.3756155967712402
805,603,4.0,4.226895332336426
697,50,5.0,4.8260674476623535
267,64,5.0,4.766645908355713
422,379,2.0,3.0842506885528564
635,307,4.0,3.334594249725342
151,492,3.0,4.011359691619873
674,313,5.0,4.541942119598389
711,425,4.0,4.046011447906494
684,716,2.0,3.04166579246521
268,525,4.0,3.793286085128784
59,181,5.0,4.166443347930908
57,588,4.0,4.0175557136535645
264,671,4.0,4.29716157913208
201,26,4.0,3.0674970149993896
588,451,5.0,3.504884958267212
863,328,5.0,3.179854154586792
838,318,5.0,4.615105628967285
468,12,4.0,4.528474807739258
831,307,2.0,3.389289140701294
24,100,5.0,4.571413516998291
913,11,4.0,3.4999213218688965
586,39,4.0,3.1888999938964844
870,333,3.0,3.236773729324341
398,208,5.0,3.8418562412261963
207,127,5.0,4.028200149536133
26,831,2.0,1.8866117000579834
621,87,5.0,4.173635482788086
770,919,5.0,4.709599494934082
235,96,4.0,4.039706707000732
666,264,3.0,2.5882928371429443
924,605,3.0,3.2279419898986816
90,505,5.0,4.420922756195068
634,273,3.0,3.5705482959747314
561,942,3.0,2.9501733779907227
487,231,1.0,2.9358034133911133
334,577,2.0,2.073716878890991
624,295,3.0,3.5951988697052
523,306,5.0,4.689333915710449
491,124,5.0,4.0198974609375
493,475,3.0,4.084636211395264
387,446,2.0,2.430002450942993
343,510,5.0,4.3475661277771
650,692,3.0,2.984388589859009
318,722,4.0,2.988234281539917
195,887,4.0,3.6122446060180664
327,778,3.0,3.380272388458252
650,480,5.0,3.8240270614624023
452,492,4.0,3.4252800941467285
870,653,4.0,3.730553388595581
315,732,3.0,3.9211814403533936
429,475,4.0,3.8306071758270264
668,993,4.0,3.405599355697632
270,283,5.0,4.603967189788818
445,823,1.0,1.719481110572815
87,871,4.0,2.9100277423858643
487,300,5.0,3.7890102863311768
393,280,4.0,3.2793643474578857
535,83,4.0,4.092341423034668
293,257,2.0,3.322354555130005
344,176,5.0,4.02528715133667
234,318,4.0,3.92803692817688
181,975,2.0,1.5110750198364258
42,496,5.0,4.3094258308410645
553,615,5.0,4.177399158477783
178,294,2.0,3.1244776248931885
884,213,4.0,3.7318685054779053
938,928,5.0,3.14424991607666
787,352,2.0,2.163269281387329
378,44,3.0,3.396535634994507
481,204,4.0,3.8999931812286377
398,197,5.0,4.056080341339111
537,1197,3.0,2.944786310195923
359,546,3.0,3.478238821029663
848,72,5.0,3.530855894088745
913,741,4.0,3.2529680728912354
747,653,5.0,4.311339855194092
663,151,3.0,3.719904661178589
798,87,3.0,3.985475778579712
628,938,5.0,3.831134080886841
269,616,4.0,3.0102298259735107
936,106,3.0,3.1350042819976807
627,144,2.0,3.6824452877044678
901,756,4.0,3.237069845199585
295,290,4.0,3.9099361896514893
207,845,3.0,3.0306317806243896
290,385,4.0,3.422480344772339
436,642,4.0,3.7655694484710693
459,181,4.0,4.074129581451416
399,24,4.0,3.053151845932007
645,512,5.0,4.276623249053955
346,273,4.0,3.404381513595581
489,302,5.0,4.669325351715088
194,62,2.0,2.3577628135681152
653,125,2.0,2.6402781009674072
716,154,5.0,4.022008419036865
499,7,4.0,3.744337797164917
409,115,2.0,3.625406503677368
862,250,5.0,4.152066230773926
181,278,2.0,1.4698103666305542
135,183,4.0,3.8068087100982666
653,1014,2.0,2.3308470249176025
908,318,5.0,3.9677484035491943
151,770,4.0,3.6869771480560303
74,300,3.0,3.6504323482513428
664,160,3.0,3.2956392765045166
704,269,4.0,3.8454973697662354
497,679,3.0,2.847059488296509
115,172,4.0,4.274056434631348
504,834,2.0,2.261082887649536
15,742,2.0,3.0311548709869385
411,73,4.0,3.409412145614624
911,465,5.0,3.4767022132873535
268,566,3.0,3.1792776584625244
130,433,3.0,4.45037841796875
504,295,4.0,3.5848629474639893
868,621,2.0,2.630178451538086
390,740,4.0,3.798988103866577
468,772,4.0,3.2667160034179688
296,285,5.0,4.628221035003662
804,651,4.0,4.111682415008545
537,133,4.0,3.2080624103546143
774,228,4.0,2.3637330532073975
130,419,5.0,4.340437889099121
650,530,4.0,3.6816518306732178
238,258,3.0,3.690683126449585
733,245,3.0,2.5571494102478027
331,302,5.0,4.036962032318115
639,28,4.0,3.20186448097229
767,648,4.0,4.640451908111572
864,805,4.0,4.190112590789795
141,1013,1.0,2.5492966175079346
194,182,3.0,3.3721201419830322
393,77,3.0,3.442004919052124
660,17,1.0,2.420487642288208
771,181,4.0,3.9343321323394775
311,180,4.0,4.135688781738281
287,815,3.0,3.718846559524536
887,289,5.0,3.556910753250122
303,284,4.0,3.1068594455718994
840,607,4.0,4.22335147857666
798,265,5.0,3.9620015621185303
8,96,3.0,4.352880954742432
6,301,2.0,2.9778873920440674
138,133,4.0,4.113811016082764
875,22,3.0,4.353735446929932
466,882,5.0,3.297053575515747
250,174,3.0,4.593378067016602
72,480,5.0,4.359472751617432
399,475,5.0,3.557556390762329
719,69,5.0,3.472839593887329
59,473,3.0,3.338078737258911
59,647,5.0,4.589175701141357
721,680,3.0,2.8618030548095703
763,61,5.0,4.171699047088623
766,1050,3.0,3.1734707355499268
85,195,3.0,3.745626211166382
49,147,1.0,2.6894469261169434
28,227,4.0,3.406684637069702
336,692,3.0,3.401169538497925
774,186,3.0,2.5640506744384766
450,305,4.0,4.08526611328125
844,168,4.0,3.7964203357696533
293,168,4.0,3.4659271240234375
243,1115,3.0,3.24765944480896
488,176,4.0,3.688796043395996
222,627,3.0,2.823352098464966
174,147,4.0,3.581070899963379
807,399,4.0,3.603915214538574
11,526,3.0,3.991987466812134
943,625,3.0,3.304236650466919
655,1007,3.0,3.5162250995635986
159,595,5.0,3.2538444995880127
933,710,2.0,2.971052885055542
385,745,4.0,3.3951234817504883
453,90,3.0,2.865116596221924
561,284,1.0,2.4749667644500732
693,77,2.0,2.631366014480591
605,14,5.0,4.013853549957275
268,450,1.0,2.018719434738159
429,591,3.0,3.4029793739318848
593,157,3.0,3.6818625926971436
59,705,4.0,4.231329441070557
327,302,3.0,3.8703930377960205
932,482,5.0,4.348037242889404
239,114,3.0,4.5199151039123535
483,9,2.0,3.356945753097534
497,268,4.0,3.605422258377075
818,751,5.0,3.041144847869873
738,136,4.0,4.100255489349365
66,281,4.0,3.1838557720184326
768,257,4.0,3.614265203475952
117,268,5.0,4.148767471313477
290,546,2.0,2.67822527885437
374,24,3.0,3.4586069583892822
85,629,3.0,3.0493109226226807
804,288,1.0,3.453927755355835
102,202,4.0,3.0291335582733154
405,1556,1.0,1.82759690284729
438,284,2.0,3.730295419692993
343,134,5.0,4.607585906982422
416,1428,3.0,3.9773857593536377
409,210,4.0,3.7484920024871826
450,423,5.0,4.08176851272583
470,319,3.0,3.1656131744384766
10,371,4.0,3.6149775981903076
604,637,4.0,2.7454748153686523
707,478,4.0,4.035180568695068
543,183,4.0,3.725679874420166
280,1048,4.0,3.2698001861572266
334,1051,4.0,2.9687793254852295
328,570,3.0,2.982753038406372
94,100,5.0,4.22816801071167
200,202,5.0,4.35105037689209
44,1058,4.0,3.233423948287964
119,492,5.0,4.29976224899292
271,13,4.0,3.3162832260131836
452,234,3.0,3.4415700435638428
869,412,5.0,2.054795026779175
318,610,5.0,3.8607771396636963
109,159,4.0,3.252169609069824
34,299,5.0,3.6108510494232178
473,9,5.0,3.954481840133667
711,58,4.0,3.669508695602417
747,625,3.0,3.5619664192199707
721,755,4.0,3.586484909057617
790,91,3.0,3.4000141620635986
393,802,3.0,2.9893696308135986
304,879,3.0,3.239900827407837
393,356,3.0,3.4349117279052734
805,588,2.0,3.7320148944854736
392,1226,4.0,3.9519026279449463
655,293,4.0,3.344251871109009
852,100,4.0,4.331196308135986
184,399,3.0,3.2940614223480225
184,182,4.0,4.045499324798584
935,118,4.0,3.584200143814087
637,744,4.0,2.5183451175689697
586,756,1.0,2.738057851791382
896,511,5.0,3.8238070011138916
885,949,4.0,3.1324965953826904
275,419,3.0,3.2765705585479736
650,969,3.0,3.2102997303009033
154,496,3.0,4.232000350952148
69,235,3.0,3.116304874420166
1,112,1.0,2.3758504390716553
194,762,3.0,2.714557409286499
789,1007,4.0,4.0502543449401855
635,358,1.0,2.3648440837860107
884,285,4.0,4.0055718421936035
774,54,1.0,1.8213000297546387
177,322,2.0,2.8808376789093018
469,641,4.0,4.951096057891846
474,173,5.0,4.477574825286865
10,712,4.0,3.6843502521514893
276,388,2.0,2.6609771251678467
757,260,3.0,2.473421812057495
48,202,4.0,3.6684553623199463
587,304,4.0,3.2969810962677
630,243,2.0,2.324537992477417
831,56,5.0,3.969984292984009
507,250,5.0,4.688321590423584
479,325,1.0,2.5636327266693115
459,220,3.0,3.467698335647583
886,144,4.0,3.7405450344085693
216,56,5.0,4.275744915008545
451,1280,1.0,2.4527039527893066
472,400,5.0,3.4421021938323975
561,48,4.0,3.5732944011688232
604,567,5.0,2.402064800262451
479,500,4.0,3.7003767490386963
745,79,3.0,3.157944917678833
847,164,3.0,2.950089454650879
361,1074,3.0,2.799679756164551
299,347,4.0,3.2535808086395264
347,282,5.0,3.7352182865142822
14,276,4.0,3.851381540298462
648,178,4.0,4.305145740509033
122,469,5.0,4.056281089782715
422,200,5.0,3.8696677684783936
371,186,5.0,4.113311767578125
167,726,1.0,2.7675974369049072
97,100,2.0,4.298332214355469
288,237,4.0,3.5849664211273193
121,118,2.0,2.9362571239471436
221,24,5.0,3.5639474391937256
608,56,5.0,3.9496471881866455
627,183,5.0,3.697270154953003
542,70,4.0,3.564399480819702
14,81,5.0,3.8338348865509033
313,121,4.0,3.248267889022827
77,518,4.0,3.507797956466675
373,238,4.0,3.8916056156158447
268,83,4.0,3.759909152984619
334,50,5.0,4.242279052734375
56,233,1.0,3.5106632709503174
416,42,3.0,4.047613620758057
167,831,3.0,2.2589619159698486
504,257,5.0,3.9997127056121826
249,125,3.0,3.8450448513031006
207,185,4.0,3.7985458374023438
933,392,3.0,2.91137957572937
417,684,3.0,3.5616228580474854
441,25,3.0,3.570385456085205
645,208,5.0,4.063511371612549
65,237,4.0,3.666696786880493
806,133,5.0,4.000587463378906
790,131,2.0,3.6397082805633545
286,107,1.0,4.076028347015381
805,212,3.0,3.1715147495269775
416,278,3.0,3.5411860942840576
640,1073,5.0,4.591582775115967
591,367,3.0,3.3686110973358154
591,238,5.0,3.628047227859497
73,1073,4.0,3.8268630504608154
579,1047,3.0,2.3470230102539062
265,294,4.0,3.1650023460388184
842,313,4.0,4.580207824707031
448,750,5.0,3.5349574089050293
308,98,3.0,4.289600849151611
56,447,4.0,3.7302420139312744
712,228,3.0,4.021412372589111
18,223,5.0,4.299305438995361
2,315,1.0,4.187674045562744
495,1135,5.0,3.557657480239868
434,15,3.0,3.992502450942993
563,692,5.0,3.8595774173736572
258,315,3.0,4.376420497894287
116,191,4.0,3.8970839977264404
655,127,5.0,3.7579312324523926
537,515,4.0,3.548143148422241
248,405,4.0,2.904825448989868
13,234,5.0,3.62504243850708
253,175,2.0,4.121682167053223
853,334,3.0,3.153745651245117
13,202,5.0,3.547455072402954
152,313,4.0,5.203001022338867
320,147,4.0,3.823227643966675
817,124,4.0,4.213127136230469
892,1444,3.0,3.0614027976989746
429,820,3.0,2.497875928878784
330,91,4.0,4.562100410461426
653,429,3.0,3.2748661041259766
58,240,4.0,2.7373697757720947
21,406,1.0,1.9326801300048828
882,33,2.0,3.8369524478912354
909,286,4.0,4.296170711517334
496,22,4.0,3.6301162242889404
201,1229,3.0,1.4643633365631104
59,367,4.0,3.7220277786254883
214,151,5.0,3.6684646606445312
269,3,3.0,2.3712708950042725
342,135,3.0,3.979591131210327
13,662,5.0,3.273244619369507
234,724,4.0,2.8891897201538086
474,509,5.0,4.241161823272705
577,684,4.0,3.9068291187286377
618,485,3.0,3.600743293762207
80,58,4.0,3.5026698112487793
42,729,3.0,3.5652177333831787
889,193,4.0,3.829890251159668
167,364,3.0,2.7499516010284424
178,222,4.0,3.733940362930298
261,117,4.0,4.329052448272705
477,36,4.0,3.184100866317749
379,398,1.0,2.591336250305176
796,623,3.0,3.0199286937713623
318,132,4.0,4.209968090057373
467,1017,2.0,3.4247453212738037
21,447,5.0,3.0919034481048584
279,1288,4.0,3.195767879486084
650,449,3.0,2.483656406402588
840,179,5.0,4.298295497894287
315,185,4.0,4.354683876037598
506,749,4.0,3.2625937461853027
671,1597,1.0,4.029013156890869
244,220,2.0,3.5087578296661377
249,161,3.0,3.990978479385376
308,649,4.0,3.511286735534668
831,742,3.0,3.421057939529419
870,1073,5.0,3.6000659465789795
176,475,5.0,4.131828784942627
313,417,2.0,2.9857332706451416
417,1047,4.0,2.595893144607544
397,171,5.0,3.966870069503784
536,275,5.0,4.271912097930908
303,230,3.0,3.601884365081787
587,264,4.0,2.47216534614563
622,1039,5.0,4.048109531402588
293,429,4.0,3.5146849155426025
343,1067,3.0,4.053386688232422
671,226,3.0,3.56354022026062
828,753,4.0,3.363060235977173
350,50,5.0,4.66876220703125
393,826,3.0,2.7039530277252197
805,338,1.0,2.4998159408569336
151,176,2.0,4.282492160797119
303,778,4.0,3.7436347007751465
407,525,4.0,4.0172810554504395
846,401,5.0,2.9087157249450684
423,329,3.0,3.1675188541412354
56,237,5.0,3.8621580600738525
128,131,5.0,3.913585901260376
190,333,4.0,3.485222101211548
398,134,3.0,4.163849353790283
929,284,2.0,2.7658815383911133
373,181,5.0,4.076584815979004
487,559,3.0,3.317246198654175
807,597,4.0,3.4252583980560303
823,418,4.0,3.722283124923706
90,69,1.0,4.28818416595459
286,781,4.0,3.7368946075439453
346,302,3.0,4.057336807250977
307,431,4.0,3.579251289367676
345,1281,4.0,3.2548182010650635
248,475,5.0,3.695814847946167
503,303,5.0,3.9239113330841064
933,210,3.0,3.2886545658111572
883,8,4.0,4.163424968719482
94,673,3.0,3.6806552410125732
883,770,4.0,3.684736967086792
380,956,4.0,3.039555549621582
798,1446,4.0,3.11068058013916
110,791,2.0,2.600641965866089
833,234,3.0,3.3092057704925537
934,313,3.0,4.376852512359619
1,222,4.0,3.6116623878479004
99,300,4.0,3.7652428150177
331,221,4.0,3.677778959274292
57,1093,3.0,3.310551643371582
287,39,5.0,3.8757803440093994
896,719,1.0,2.0494558811187744
378,674,3.0,3.1344735622406006
763,845,4.0,3.5096595287323
201,212,4.0,2.850947618484497
393,272,4.0,4.3524861335754395
886,234,3.0,3.637862205505371
899,111,4.0,3.4071567058563232
352,653,3.0,4.025423049926758
790,585,2.0,2.1673808097839355
515,347,3.0,3.0971508026123047
480,319,3.0,2.9743428230285645
532,226,4.0,4.118471145629883
299,487,5.0,3.7994000911712646
121,742,5.0,3.3521828651428223
504,755,4.0,3.4566781520843506
374,466,5.0,3.6835777759552
314,819,4.0,3.1331284046173096
855,171,3.0,3.471292734146118
379,9,4.0,4.06087589263916
291,655,4.0,4.307376384735107
847,11,3.0,3.282597780227661
201,636,2.0,2.8733620643615723
224,54,3.0,2.800551652908325
749,944,4.0,3.052656412124634
363,29,1.0,2.195382595062256
816,259,2.0,3.650266408920288
747,14,3.0,4.244668960571289
119,194,5.0,4.4886016845703125
234,662,3.0,2.926192283630371
694,131,5.0,4.191445827484131
699,929,3.0,2.528113603591919
16,227,5.0,3.8528192043304443
551,70,4.0,3.947920083999634
624,411,4.0,3.0587170124053955
63,596,2.0,2.9884259700775146
403,477,4.0,3.4224154949188232
531,688,1.0,2.214851140975952
390,475,1.0,4.301684856414795
538,215,5.0,3.504390239715576
324,282,5.0,4.547630310058594
256,552,3.0,3.792630910873413
919,748,1.0,3.0603392124176025
52,498,5.0,4.784327030181885
198,180,3.0,3.6164896488189697
655,31,3.0,3.0208511352539062
305,482,2.0,3.77583909034729
123,185,4.0,4.229610919952393
297,100,5.0,3.8828742504119873
87,111,4.0,3.881129503250122
471,627,1.0,2.9986371994018555
903,410,4.0,3.311842441558838
79,370,2.0,2.9740724563598633
345,387,4.0,3.461224317550659
796,728,3.0,3.0570268630981445
429,732,4.0,3.504314422607422
805,89,4.0,4.1579084396362305
826,771,3.0,3.0936315059661865
764,595,4.0,3.0164825916290283
934,174,5.0,4.309227466583252
716,499,4.0,4.34846830368042
264,240,4.0,3.371479034423828
132,50,3.0,4.182093143463135
851,831,5.0,2.56706166267395
883,96,4.0,4.249403476715088
880,554,3.0,2.9392895698547363
846,212,5.0,3.4524810314178467
189,105,2.0,2.584549903869629
534,687,5.0,3.092524766921997
835,654,5.0,4.5501933097839355
188,470,5.0,3.7121188640594482
502,258,2.0,3.8546173572540283
417,157,4.0,3.414170026779175
721,197,4.0,4.449828624725342
90,258,3.0,4.192795276641846
125,198,3.0,4.106894016265869
840,495,3.0,3.904402494430542
428,332,4.0,4.048573970794678
488,56,4.0,3.699920177459717
200,652,2.0,4.44287633895874
401,117,3.0,2.9756813049316406
304,322,4.0,3.1044204235076904
269,504,4.0,3.3249731063842773
919,1173,3.0,2.8432199954986572
406,664,2.0,3.666964530944824
919,21,2.0,2.7068564891815186
896,121,3.0,2.8657643795013428
145,394,1.0,3.5005900859832764
308,663,5.0,3.950052499771118
394,156,4.0,4.461441993713379
178,295,3.0,3.473188638687134
382,756,3.0,2.31899094581604
805,569,1.0,2.665569543838501
640,315,5.0,4.719851016998291
693,79,4.0,3.4375627040863037
405,1470,2.0,1.6437690258026123
220,300,5.0,3.8234236240386963
554,202,4.0,3.720336675643921
683,271,3.0,2.804961919784546
684,386,3.0,2.7271101474761963
435,90,4.0,2.8766887187957764
481,88,4.0,3.5649290084838867
23,224,5.0,3.7525904178619385
159,1013,4.0,2.6948482990264893
503,166,5.0,4.295777320861816
112,327,1.0,3.5924649238586426
862,70,4.0,4.399469375610352
13,233,4.0,2.990427255630493
882,243,4.0,2.8493239879608154
308,203,5.0,3.999060869216919
70,431,3.0,3.319859266281128
804,447,3.0,3.557772636413574
760,202,3.0,3.5957562923431396
230,10,3.0,4.132628917694092
411,566,4.0,3.4216504096984863
486,1405,5.0,3.3092446327209473
839,458,5.0,2.9485979080200195
587,268,4.0,3.5503036975860596
838,283,5.0,3.909111261367798
758,705,5.0,4.370241641998291
829,1120,2.0,2.7478744983673096
217,176,4.0,3.835554599761963
716,102,2.0,3.4116928577423096
868,327,4.0,2.8655002117156982
264,23,5.0,4.597640514373779
417,727,5.0,3.190729856491089
618,1,4.0,3.5118587017059326
497,722,3.0,2.5864999294281006
193,259,2.0,2.5690815448760986
184,742,3.0,3.5499966144561768
56,597,3.0,3.3793723583221436
655,66,2.0,2.9269890785217285
868,189,5.0,3.775648832321167
130,82,5.0,4.437614440917969
429,431,5.0,3.3441855907440186
345,235,3.0,3.063743829727173
561,72,2.0,2.531230926513672
280,225,4.0,3.1952555179595947
1,93,5.0,3.7313787937164307
69,321,4.0,3.2741587162017822
49,433,5.0,3.0488228797912598
740,340,4.0,3.452158212661743
450,417,4.0,3.5001909732818604
193,195,1.0,3.784961462020874
397,322,1.0,2.965786933898926
699,870,3.0,2.8247828483581543
757,195,4.0,3.8133292198181152
246,672,4.0,1.9296250343322754
230,568,3.0,3.879793405532837
883,168,5.0,4.187043190002441
616,349,4.0,3.1712148189544678
85,433,3.0,3.6104896068573
634,819,2.0,2.6423168182373047
738,403,3.0,3.2533204555511475
676,144,4.0,3.835850477218628
893,258,3.0,3.8824145793914795
212,631,5.0,3.5558741092681885
308,265,3.0,4.003805160522461
922,596,4.0,3.2196357250213623
56,451,3.0,3.539914608001709
447,474,3.0,4.3357834815979
429,167,3.0,2.907221555709839
686,26,5.0,4.215546607971191
435,53,3.0,2.7303450107574463
747,580,5.0,3.500701427459717
222,51,3.0,3.228039503097534
44,946,3.0,3.117154359817505
794,150,4.0,4.288514137268066
405,860,1.0,1.7398351430892944
881,432,3.0,3.5231034755706787
753,272,4.0,3.8281748294830322
20,931,1.0,1.558227300643921
880,295,5.0,3.6127140522003174
932,529,4.0,4.200767517089844
164,237,2.0,4.353976726531982
58,483,5.0,4.52705717086792
377,154,5.0,4.075608730316162
29,270,4.0,3.6749179363250732
643,451,2.0,3.252922773361206
389,722,2.0,2.7928171157836914
321,205,5.0,3.7670958042144775
286,168,4.0,4.373621463775635
63,475,4.0,3.6250734329223633
263,323,1.0,3.1907074451446533
394,96,5.0,4.561590671539307
268,823,2.0,2.4990594387054443
234,646,3.0,3.7274372577667236
614,25,1.0,3.2954843044281006
83,1035,4.0,3.286114454269409
388,266,5.0,3.235071897506714
881,188,4.0,3.4137156009674072
804,141,3.0,3.6588973999023438
244,856,5.0,4.1050496101379395
546,294,1.0,3.7849533557891846
622,215,3.0,3.7915451526641846
442,943,4.0,3.1889703273773193
13,915,5.0,3.5900678634643555
531,895,2.0,3.3500828742980957
241,288,5.0,3.135122060775757
44,636,4.0,3.3633923530578613
16,202,5.0,4.2025628089904785
18,56,5.0,4.156191825866699
631,332,3.0,3.3752243518829346
776,234,5.0,3.691049575805664
727,5,3.0,2.908437490463257
495,144,4.0,4.3552374839782715
94,235,4.0,3.019453763961792
495,452,2.0,3.273655414581299
940,692,4.0,3.1934616565704346
360,511,5.0,4.451356410980225
498,186,4.0,3.5181803703308105
766,481,4.0,3.564528226852417
610,527,4.0,3.821432590484619
751,479,2.0,4.17165994644165
775,315,5.0,4.1577887535095215
835,310,4.0,4.047938823699951
708,538,2.0,3.3278753757476807
640,732,4.0,4.320694446563721
332,696,3.0,4.022226810455322
334,537,4.0,3.644134283065796
823,79,4.0,4.312541484832764
219,13,1.0,3.576275110244751
405,1509,1.0,1.4568824768066406
674,827,4.0,2.9060819149017334
800,25,4.0,3.4574854373931885
328,614,4.0,3.4901816844940186
839,117,5.0,3.4157865047454834
18,963,5.0,4.361900329589844
907,172,4.0,5.129963397979736
714,15,3.0,3.748805046081543
495,357,5.0,4.834504127502441
452,102,2.0,2.826129674911499
641,484,5.0,4.437353610992432
43,315,4.0,4.281143665313721
561,52,4.0,3.2395360469818115
37,79,4.0,4.139392375946045
669,190,3.0,3.7584307193756104
891,978,4.0,3.2881226539611816
421,516,5.0,3.902158498764038
393,751,2.0,3.48885440826416
738,164,5.0,3.41687273979187
933,866,2.0,2.4811851978302
268,70,3.0,3.3589675426483154
92,88,3.0,3.3739988803863525
433,303,4.0,3.5363845825195312
908,133,5.0,3.477295160293579
407,182,4.0,3.932108163833618
128,276,4.0,3.6503822803497314
854,1013,1.0,1.7067437171936035
414,272,5.0,4.5589518547058105
303,300,1.0,3.643930196762085
883,83,3.0,4.244523525238037
424,427,4.0,4.014718532562256
618,497,2.0,3.7483580112457275
344,12,5.0,4.275503158569336
527,275,3.0,3.8609015941619873
155,988,2.0,1.4784122705459595
115,357,5.0,4.53647518157959
848,195,3.0,4.193596363067627
66,471,5.0,3.6305134296417236
870,1014,2.0,2.786996603012085
379,64,5.0,4.81139612197876
805,1,4.0,3.7472968101501465
488,245,3.0,2.5786426067352295
94,581,4.0,3.244072198867798
283,588,4.0,4.4461188316345215
38,1033,5.0,3.0603368282318115
406,154,5.0,3.6699023246765137
665,147,4.0,3.348308801651001
849,588,5.0,5.016104698181152
21,741,3.0,3.218487024307251
883,98,3.0,4.395902156829834
214,154,3.0,3.8975350856781006
405,842,5.0,1.7916889190673828
246,735,4.0,3.3886055946350098
661,255,3.0,3.396956205368042
68,275,5.0,3.4935739040374756
1,126,2.0,3.828620433807373
393,56,2.0,4.172072887420654
230,419,4.0,3.901405096054077
379,701,4.0,4.220891952514648
556,302,4.0,4.390063762664795
730,258,5.0,3.5230495929718018
655,1194,5.0,3.562269926071167
235,701,4.0,3.8820412158966064
130,930,3.0,3.4312055110931396
429,233,3.0,3.0282604694366455
280,58,4.0,3.741895914077759
327,298,3.0,3.457688808441162
851,261,3.0,2.6107780933380127
10,168,4.0,4.351236343383789
12,97,5.0,4.127849102020264
828,961,2.0,3.2536168098449707
786,28,5.0,4.104012489318848
722,458,4.0,3.4207537174224854
534,1047,4.0,3.730786085128784
13,589,3.0,3.9142744541168213
343,64,5.0,4.811578273773193
916,164,4.0,3.277890920639038
406,661,5.0,4.021897792816162
484,554,4.0,3.2450685501098633
276,354,4.0,3.5113961696624756
435,39,3.0,3.0562374591827393
3,271,3.0,2.763639211654663
126,340,5.0,3.682047128677368
916,566,3.0,3.271339178085327
406,528,4.0,4.015743732452393
82,474,3.0,3.8187687397003174
788,684,5.0,3.574416399002075
561,660,3.0,3.2244999408721924
823,172,5.0,4.407582759857178
432,249,5.0,3.4817163944244385
769,222,4.0,3.578531265258789
524,168,3.0,3.884026288986206
780,385,4.0,3.5024259090423584
554,22,4.0,4.226214408874512
630,871,2.0,2.4451234340667725
888,237,5.0,3.960136651992798
20,22,5.0,3.7504210472106934
870,7,4.0,3.4283318519592285
788,73,3.0,3.3494036197662354
299,297,3.0,3.832632541656494
593,210,2.0,4.078794956207275
455,455,3.0,3.095747947692871
239,482,3.0,4.338399410247803
703,508,3.0,3.6883509159088135
693,216,4.0,3.407991647720337
49,90,1.0,2.3657491207122803
932,489,4.0,4.322446823120117
532,1221,5.0,4.238158226013184
10,420,4.0,3.918022394180298
299,1056,4.0,2.82647967338562
774,250,3.0,2.017296314239502
699,886,3.0,3.017094373703003
216,181,3.0,4.153966426849365
537,216,3.0,3.240675210952759
460,458,2.0,2.8330225944519043
297,4,1.0,3.362352132797241
485,319,3.0,2.7739851474761963
42,121,4.0,3.5749552249908447
887,993,5.0,4.005459308624268
708,845,5.0,3.2385809421539307
271,276,3.0,3.478553056716919
802,264,4.0,2.9031736850738525
588,133,5.0,4.150613307952881
96,183,4.0,4.2051873207092285
445,276,3.0,2.2164480686187744
473,285,4.0,4.427567958831787
676,286,4.0,3.6009535789489746
299,14,4.0,3.806011438369751
916,1109,3.0,3.091418981552124
238,458,4.0,3.0203564167022705
279,191,3.0,4.325441837310791
896,1423,2.0,1.7029509544372559
357,826,3.0,3.4327986240386963
890,215,4.0,3.7955129146575928
92,931,1.0,1.9996623992919922
83,748,2.0,3.2620155811309814
450,1192,5.0,3.7258973121643066
494,194,4.0,4.102780818939209
890,501,4.0,3.494375705718994
416,678,2.0,3.1748101711273193
798,941,3.0,3.129831075668335
119,174,4.0,4.741123199462891
561,243,1.0,1.6240880489349365
221,763,4.0,3.40773868560791
417,508,3.0,3.4840404987335205
823,762,4.0,3.6506807804107666
919,112,3.0,2.477098226547241
387,208,3.0,3.6926910877227783
305,471,4.0,3.171917200088501
294,347,5.0,3.625420331954956
379,447,4.0,3.7603845596313477
389,955,4.0,3.5053317546844482
524,215,2.0,3.603132724761963
210,763,2.0,3.738006353378296
310,257,5.0,4.05963134765625
629,265,4.0,4.2578444480896
94,1188,3.0,2.811396837234497
181,1242,1.0,1.1559569835662842
650,479,5.0,3.738600969314575
639,962,1.0,2.739145040512085
921,1028,4.0,2.741138219833374
806,188,3.0,3.645942211151123
894,83,4.0,4.162454605102539
276,797,3.0,3.151155710220337
868,480,4.0,3.9264376163482666
682,274,4.0,3.238746404647827
682,697,4.0,3.2612485885620117
115,117,4.0,3.7212250232696533
409,514,5.0,3.6723806858062744
882,290,4.0,3.6286461353302
721,329,3.0,3.4958369731903076
752,286,1.0,3.4684619903564453
222,391,3.0,2.4430503845214844
747,8,5.0,4.239363193511963
387,678,3.0,2.376955270767212
348,628,4.0,4.18455171585083
528,193,4.0,4.010806560516357
42,66,4.0,3.6372690200805664
23,694,4.0,3.9759438037872314
748,222,4.0,3.4465830326080322
833,1149,4.0,3.5278313159942627
296,10,2.0,4.274597644805908
806,518,3.0,3.8863627910614014
331,190,3.0,4.042314052581787
339,32,5.0,4.1170759201049805
406,206,1.0,3.4131908416748047
363,561,2.0,2.5707733631134033
201,1169,4.0,3.7225966453552246
409,504,2.0,3.691938638687134
821,1,5.0,4.44252872467041
13,906,3.0,3.3856356143951416
176,257,1.0,4.028712749481201
181,1379,1.0,1.5033187866210938
406,173,2.0,4.020950794219971
276,268,4.0,3.9204323291778564
407,135,3.0,3.979194402694702
892,90,2.0,3.6170523166656494
429,1285,3.0,3.107496976852417
44,24,3.0,3.5305562019348145
151,191,3.0,4.482136249542236
405,775,1.0,1.6011568307876587
16,22,5.0,4.683713912963867
588,144,3.0,4.095251560211182
495,448,5.0,3.9220774173736572
416,187,5.0,4.478450298309326
256,1228,1.0,3.393702268600464
455,286,5.0,3.5457513332366943
77,250,3.0,2.9997849464416504
696,1062,4.0,4.215954780578613
439,240,3.0,2.9100167751312256
630,191,3.0,4.167423725128174
87,396,1.0,3.4011008739471436
268,381,3.0,3.2522096633911133
907,317,5.0,5.006012439727783
42,742,4.0,3.725356340408325
756,66,4.0,3.1221108436584473
155,286,4.0,3.0045974254608154
464,127,5.0,4.7559733390808105
934,705,4.0,4.0462117195129395
432,298,3.0,4.011627197265625
735,1,4.0,3.54528546333313
535,192,4.0,4.321389675140381
802,323,5.0,3.070981979370117
460,13,3.0,3.1824750900268555
480,96,4.0,3.847325086593628
294,235,3.0,3.1762778759002686
372,581,5.0,4.051384925842285
145,544,4.0,3.1968634128570557
903,1073,3.0,4.059869766235352
139,458,4.0,3.497220277786255
210,15,4.0,3.9524309635162354
541,1442,1.0,3.493459463119507
49,320,5.0,2.844273567199707
268,1046,3.0,2.665228843688965
500,421,4.0,3.424781084060669
279,671,2.0,3.8708221912384033
238,220,3.0,3.2036783695220947
331,238,4.0,3.598539352416992
504,386,3.0,3.0207691192626953
42,111,1.0,3.7316641807556152
21,774,2.0,2.770059585571289
342,866,1.0,3.068833112716675
276,732,4.0,3.803532838821411
537,307,3.0,2.7332749366760254
437,86,4.0,4.010234355926514
360,194,3.0,4.168971538543701
60,507,4.0,4.093725681304932
721,318,4.0,4.706559181213379
299,259,3.0,2.4233596324920654
312,505,5.0,4.347011089324951
931,121,2.0,3.3873159885406494
900,288,2.0,2.4623754024505615
551,721,5.0,3.764948606491089
392,324,1.0,3.4749820232391357
327,178,4.0,4.0663957595825195
297,69,3.0,3.665600538253784
913,789,4.0,3.329667091369629
18,6,5.0,3.648390531539917
666,162,4.0,3.5751383304595947
481,238,4.0,3.8945963382720947
99,111,1.0,3.688720464706421
474,478,4.0,4.491426944732666
733,546,1.0,2.4906466007232666
308,42,4.0,3.7896969318389893
364,875,3.0,3.171685218811035
512,258,3.0,4.095080375671387
519,259,1.0,3.6816351413726807
286,250,4.0,3.7993228435516357
776,95,4.0,3.6043403148651123
95,1219,1.0,2.761554002761841
13,844,1.0,3.166033983230591
537,19,4.0,3.145583391189575
405,422,1.0,1.72105872631073
627,174,3.0,4.051851749420166
480,863,4.0,3.7770204544067383
672,225,2.0,2.5489604473114014
600,89,5.0,4.397871017456055
486,15,3.0,3.3898749351501465
10,707,5.0,4.311316013336182
881,542,1.0,2.3569371700286865
215,523,4.0,4.135798931121826
198,215,4.0,3.3487861156463623
222,40,1.0,2.6779115200042725
912,523,4.0,3.9270503520965576
215,432,5.0,3.7843761444091797
751,117,4.0,3.483733892440796
823,708,4.0,3.727524518966675
389,154,3.0,3.9021618366241455
469,511,5.0,4.827123641967773
334,208,5.0,3.8430655002593994
197,1228,4.0,2.3369715213775635
588,1180,2.0,3.058983087539673
796,284,3.0,3.277878761291504
366,201,5.0,4.331038951873779
897,117,3.0,3.9316647052764893
498,10,5.0,3.4412083625793457
796,1057,2.0,2.5214638710021973
49,300,1.0,2.9003288745880127
551,159,4.0,3.5512990951538086
622,204,3.0,3.8301868438720703
585,1475,3.0,3.2990825176239014
104,412,3.0,2.074359178543091
313,176,4.0,3.9763433933258057
288,289,3.0,2.925525426864624
445,64,2.0,2.986449718475342
57,682,3.0,3.062166452407837
223,819,3.0,2.451155662536621
883,1592,5.0,3.6890299320220947
758,151,5.0,3.9648497104644775
31,328,2.0,3.4685330390930176
421,238,5.0,3.679763078689575
224,328,4.0,2.9366443157196045
224,28,4.0,3.602111577987671
774,1118,3.0,1.9106438159942627
634,294,4.0,3.0708281993865967
837,181,3.0,3.861706018447876
201,282,2.0,3.263939380645752
56,426,4.0,3.3478262424468994
815,216,3.0,4.0891194343566895
343,196,4.0,4.263735771179199
271,187,5.0,4.008773326873779
87,451,4.0,3.6340625286102295
832,323,3.0,2.5132648944854736
345,742,4.0,3.657763719558716
472,168,5.0,4.856755256652832
205,984,1.0,2.1780145168304443
181,925,2.0,1.2613897323608398
305,512,4.0,3.832782745361328
358,639,4.0,3.3577306270599365
936,358,4.0,2.898261308670044
854,919,4.0,3.2903525829315186
633,654,3.0,4.023685932159424
262,1095,2.0,2.0319478511810303
181,948,1.0,1.352043628692627
562,174,5.0,4.227680206298828
479,190,4.0,4.115612506866455
546,413,4.0,3.3357672691345215
623,659,5.0,3.9597904682159424
847,301,5.0,2.6719601154327393
901,322,4.0,3.5029799938201904
420,288,3.0,3.5457422733306885
200,892,4.0,3.3465664386749268
295,739,4.0,3.9789960384368896
749,402,4.0,3.5926737785339355
56,230,5.0,3.8336918354034424
766,747,5.0,3.0642404556274414
648,4,1.0,3.48476505279541
92,521,4.0,3.7512362003326416
401,404,2.0,3.0072505474090576
312,498,5.0,4.645071506500244
44,449,5.0,3.070390462875366
405,1139,1.0,1.7105305194854736
435,462,5.0,3.672278642654419
173,258,4.0,4.555723667144775
254,164,4.0,3.259697437286377
541,403,3.0,3.6432900428771973
642,88,5.0,3.9106738567352295
397,8,4.0,3.93495774269104
421,194,4.0,3.919635057449341
536,489,4.0,4.382140159606934
320,77,3.0,3.684858560562134
334,154,4.0,3.69974684715271
682,68,5.0,3.2260711193084717
389,1451,5.0,3.743619203567505
345,226,3.0,3.468350648880005
363,7,3.0,3.3386776447296143
343,153,5.0,4.0940842628479
429,195,4.0,3.752671957015991
537,117,2.0,2.820117712020874
804,135,3.0,4.1462721824646
409,664,4.0,3.6323459148406982
375,761,3.0,3.064432382583618
798,465,4.0,3.5989325046539307
650,163,3.0,3.0217854976654053
795,1095,3.0,1.7527159452438354
328,696,3.0,2.971558094024658
296,1160,4.0,3.9260032176971436
130,739,5.0,4.03698205947876
916,593,4.0,2.8359203338623047
877,727,4.0,3.4415829181671143
345,1315,3.0,3.5767276287078857
450,609,5.0,3.8689534664154053
167,232,1.0,3.2898781299591064
882,177,5.0,4.22760534286499
279,233,5.0,3.359614133834839
185,703,4.0,3.6875107288360596
13,312,1.0,2.926565408706665
261,288,4.0,4.113736629486084
544,292,4.0,3.03955078125
655,793,3.0,3.0570006370544434
778,117,3.0,2.8667848110198975
201,544,2.0,2.702258825302124
586,229,3.0,3.0250933170318604
786,708,4.0,3.551114082336426
56,68,3.0,3.7539801597595215
575,96,5.0,3.2911531925201416
87,208,5.0,4.2902727127075195
291,455,5.0,3.6269772052764893
291,31,4.0,3.9528582096099854
504,364,2.0,3.031175374984741
13,822,3.0,2.943213701248169
709,127,5.0,4.332046031951904
697,1012,1.0,4.009212970733643
686,64,5.0,5.112130641937256
363,549,4.0,3.2332677841186523
92,168,4.0,3.9627673625946045
393,85,3.0,3.200063705444336
157,120,1.0,2.6242449283599854
382,258,2.0,3.4089725017547607
409,530,4.0,4.005084991455078
299,83,5.0,3.8818047046661377
782,295,2.0,3.0373928546905518
246,475,4.0,3.5286672115325928
660,164,2.0,2.7019846439361572
328,159,3.0,3.099141836166382
854,492,4.0,3.320045232772827
943,284,2.0,3.1058502197265625
896,85,3.0,2.5017807483673096
267,1401,4.0,3.4843037128448486
378,230,3.0,3.5570743083953857
847,121,3.0,2.785525321960449
371,431,5.0,3.6662161350250244
788,498,5.0,4.184956073760986
27,1017,4.0,3.032358169555664
886,81,4.0,3.416307210922241
280,127,5.0,4.514723300933838
453,496,4.0,3.941265344619751
336,105,4.0,2.153956651687622
787,1671,1.0,2.2783620357513428
489,340,4.0,4.050173282623291
559,519,5.0,3.9045627117156982
60,835,4.0,4.247739315032959
836,654,5.0,4.2590651512146
345,508,4.0,3.759622812271118
506,418,4.0,3.4877121448516846
637,149,2.0,2.4386909008026123
833,1017,4.0,2.8962628841400146
554,204,5.0,3.762529134750366
655,60,3.0,3.5362284183502197
198,230,3.0,3.1885828971862793
532,143,4.0,4.398951530456543
345,655,4.0,4.089205265045166
293,554,1.0,2.00822377204895
221,737,4.0,3.223940134048462
790,1040,2.0,2.1401655673980713
123,606,3.0,4.412802219390869
861,52,5.0,4.070334434509277
741,5,3.0,3.029961347579956
456,447,3.0,3.2556965351104736
477,731,4.0,4.257199764251709
787,324,2.0,2.8660616874694824
592,169,5.0,4.838557243347168
880,365,2.0,3.4986908435821533
225,603,5.0,4.880215644836426
254,1060,3.0,2.7600760459899902
880,71,4.0,4.056493759155273
846,474,5.0,4.432987213134766
295,72,4.0,3.898851156234741
12,172,4.0,4.512116432189941
417,222,3.0,3.5163896083831787
167,392,1.0,3.5262653827667236
601,365,3.0,2.6846907138824463
500,122,3.0,2.0834662914276123
11,227,3.0,3.239213705062866
535,268,3.0,3.786341428756714
222,386,2.0,2.4872477054595947
229,316,1.0,3.5356361865997314
83,751,3.0,3.4373114109039307
429,81,3.0,3.4413208961486816
588,578,5.0,3.513395071029663
447,7,5.0,3.8208062648773193
486,408,3.0,4.395471572875977
770,303,4.0,4.712982654571533
286,790,1.0,3.38618803024292
338,663,5.0,3.7088348865509033
659,143,5.0,3.7846429347991943
577,82,4.0,3.9531476497650146
385,48,5.0,3.723339557647705
527,174,4.0,4.136569976806641
814,53,4.0,2.544574022293091
610,477,2.0,2.9552884101867676
306,242,5.0,4.288201808929443
406,845,3.0,3.154453754425049
870,447,4.0,3.12638258934021
398,2,3.0,2.941092014312744
872,820,3.0,3.0167481899261475
238,286,5.0,3.577357530593872
884,736,3.0,3.6171884536743164
92,433,5.0,3.7105700969696045
663,265,4.0,4.046143054962158
181,718,1.0,1.7337181568145752
62,86,2.0,3.6717031002044678
82,111,4.0,3.0760204792022705
95,226,4.0,3.3309051990509033
361,70,4.0,3.5772154331207275
6,211,5.0,3.763662099838257
472,233,4.0,4.2017130851745605
27,118,3.0,2.7468578815460205
200,495,3.0,4.297820568084717
393,833,4.0,3.2328526973724365
798,568,4.0,3.647296667098999
18,971,4.0,3.8271372318267822
90,489,5.0,4.518476963043213
7,430,3.0,4.406167984008789
308,208,4.0,4.049956321716309
197,302,3.0,4.048532009124756
499,251,5.0,4.261186122894287
253,679,3.0,3.196380853652954
44,427,3.0,4.346125602722168
343,124,4.0,4.418907165527344
156,58,4.0,3.1733386516571045
487,732,5.0,3.8226425647735596
210,238,3.0,4.150424480438232
28,448,4.0,3.527771234512329
236,56,5.0,3.85406231880188
201,326,2.0,2.7671725749969482
495,226,4.0,3.87701153755188
648,429,4.0,3.9677765369415283
826,228,3.0,4.2081618309021
10,657,4.0,4.630329608917236
10,192,4.0,4.637763977050781
166,258,4.0,4.0899553298950195
398,993,3.0,3.30647349357605
653,239,5.0,2.6844496726989746
582,508,4.0,3.595254898071289
214,461,4.0,3.6251089572906494
268,399,3.0,2.903632402420044
620,795,4.0,2.9045441150665283
363,180,3.0,3.580960750579834
870,180,3.0,3.6690051555633545
21,564,3.0,1.3385964632034302
330,95,5.0,4.6062541007995605
807,1078,4.0,3.2972683906555176
833,826,2.0,1.8543689250946045
94,76,4.0,3.55023455619812
332,44,3.0,4.301661968231201
162,254,3.0,2.6748344898223877
398,969,4.0,3.5980589389801025
736,1089,1.0,1.522476315498352
721,294,3.0,3.3932435512542725
705,196,4.0,4.139037609100342
59,528,4.0,4.400850296020508
168,284,2.0,3.0623276233673096
930,107,3.0,3.0092999935150146
892,760,3.0,3.2698144912719727
486,270,2.0,3.416351795196533
7,499,4.0,4.575848579406738
567,185,5.0,4.0929951667785645
524,403,4.0,3.203874349594116
621,546,3.0,3.220551013946533
502,264,3.0,2.867833375930786
60,514,4.0,4.111066818237305
388,9,3.0,4.2918219566345215
24,249,4.0,3.8001506328582764
184,476,2.0,3.040297508239746
496,53,3.0,2.298591136932373
119,109,5.0,3.9491074085235596
707,168,3.0,3.844383955001831
840,419,5.0,3.8880741596221924
363,200,3.0,3.4084854125976562
497,185,3.0,3.9323031902313232
276,523,4.0,4.226304531097412
630,1040,4.0,2.4394659996032715
254,843,2.0,2.785496950149536
271,196,4.0,3.817453622817993
658,195,3.0,3.75384259223938
417,625,4.0,3.169365644454956
121,744,3.0,3.1296324729919434
823,747,4.0,3.711657762527466
588,597,4.0,3.3443424701690674
391,1163,2.0,2.831465482711792
930,117,3.0,2.9535839557647705
42,2,5.0,3.381525754928589
605,275,4.0,4.021729469299316
568,134,5.0,3.6041266918182373
622,166,5.0,4.192841053009033
601,153,4.0,3.217543363571167
479,213,4.0,3.8635475635528564
711,197,4.0,4.374335765838623
758,239,3.0,3.840752363204956
650,519,4.0,3.596790313720703
6,530,4.0,3.9635884761810303
508,175,4.0,3.930887460708618
922,202,5.0,3.608079671859741
25,141,4.0,3.772812843322754
687,988,3.0,2.3572280406951904
626,302,4.0,3.1489202976226807
293,202,3.0,3.179147481918335
805,83,4.0,3.9644501209259033
389,489,4.0,4.176058292388916
95,110,2.0,2.6558854579925537
164,411,2.0,3.671572685241699
666,32,4.0,3.7183284759521484
389,155,2.0,3.0443155765533447
54,252,3.0,3.254869222640991
109,97,3.0,3.714400053024292
429,499,4.0,4.022088050842285
765,237,3.0,4.027585506439209
145,450,3.0,2.498608350753784
193,237,4.0,3.489959955215454
477,90,4.0,4.256557464599609
548,156,5.0,4.204672813415527
879,763,5.0,3.295551061630249
642,1509,2.0,2.741208791732788
585,224,2.0,3.9093096256256104
253,100,4.0,4.248505115509033
256,684,5.0,4.445378303527832
541,655,4.0,4.240636348724365
94,443,4.0,3.9920494556427
641,1194,3.0,4.413732051849365
496,652,5.0,3.203333616256714
385,273,2.0,3.097487211227417
518,121,5.0,3.4533145427703857
163,433,1.0,3.2515153884887695
13,518,4.0,3.6688621044158936
303,475,4.0,4.003855228424072
538,181,3.0,3.72261381149292
280,690,2.0,3.6270816326141357
62,1135,2.0,2.654555082321167
894,885,2.0,2.6300723552703857
151,81,5.0,3.8060944080352783
537,518,4.0,3.078220844268799
27,978,2.0,2.0950100421905518
619,405,3.0,3.1891751289367676
454,87,4.0,3.109191417694092
693,514,4.0,3.280672311782837
239,419,3.0,3.83876633644104
751,704,2.0,2.9641597270965576
258,313,5.0,4.614308834075928
927,623,3.0,3.3920321464538574
709,363,3.0,2.797606945037842
57,475,2.0,4.153383731842041
682,801,3.0,2.485330820083618
248,156,5.0,3.674431324005127
276,928,3.0,3.1059935092926025
786,709,2.0,4.189594268798828
514,405,2.0,3.230473518371582
301,582,2.0,3.6425158977508545
716,568,4.0,3.785331964492798
330,151,4.0,4.516017913818359
878,179,4.0,3.603755235671997
326,1,3.0,3.39780592918396
23,227,3.0,3.1441967487335205
320,760,3.0,3.1595675945281982
260,272,3.0,4.814676761627197
630,1047,4.0,2.7067415714263916
1,246,5.0,3.8861300945281982
18,28,3.0,4.085402488708496
38,383,2.0,2.7448108196258545
840,493,5.0,4.525681972503662
804,127,3.0,4.401515483856201
790,159,3.0,2.9595110416412354
82,121,4.0,2.876265287399292
90,9,4.0,4.168272495269775
274,742,4.0,3.925023317337036
815,614,3.0,3.6816306114196777
58,491,4.0,3.7969939708709717
918,529,3.0,3.5404915809631348
762,875,5.0,1.9453516006469727
886,631,4.0,3.4923288822174072
263,484,4.0,4.4073100090026855
217,679,5.0,2.7806873321533203
717,302,5.0,4.448635578155518
2,251,5.0,4.355690002441406
865,117,2.0,2.6230628490448
785,886,3.0,3.151902437210083
417,384,4.0,2.6604044437408447
391,131,2.0,3.7933828830718994
270,242,5.0,4.9852986335754395
515,294,3.0,2.6723577976226807
396,840,3.0,3.1775319576263428
401,638,4.0,3.266507387161255
505,496,5.0,3.887152910232544
721,1026,3.0,3.241605520248413
887,1116,5.0,3.891186475753784
796,739,5.0,3.399190902709961
537,203,4.0,3.1750810146331787
878,781,1.0,2.823096513748169
110,338,1.0,2.4726784229278564
465,32,3.0,3.3284263610839844
536,510,4.0,4.313535213470459
870,570,2.0,2.755951166152954
462,100,4.0,4.53889274597168
793,106,3.0,3.029176712036133
919,276,5.0,3.56815242767334
790,358,2.0,2.2486166954040527
393,21,3.0,2.9770796298980713
13,333,3.0,3.3864786624908447
44,99,4.0,3.723109722137451
102,204,4.0,3.0456764698028564
919,282,4.0,3.637434244155884
110,230,3.0,3.4010279178619385
733,515,5.0,3.939746141433716
397,192,5.0,4.24510383605957
863,288,4.0,3.2147529125213623
771,283,4.0,3.7184956073760986
942,1028,4.0,3.4944446086883545
487,546,3.0,3.126162528991699
618,427,5.0,3.943570375442505
738,211,3.0,3.929241895675659
514,328,3.0,3.38600754737854
751,178,5.0,4.306588649749756
782,532,2.0,3.0983874797821045
41,181,4.0,3.7506930828094482
870,382,3.0,3.2801685333251953
125,722,3.0,2.7565457820892334
315,17,1.0,3.5788087844848633
92,132,3.0,4.002557754516602
450,685,4.0,3.6241424083709717
448,303,4.0,3.4088189601898193
648,5,4.0,3.067591428756714
338,650,5.0,3.2316553592681885
22,241,3.0,3.530968427658081
394,84,4.0,3.464216470718384
256,82,5.0,4.481516361236572
870,203,4.0,3.6005136966705322
278,752,5.0,3.5195975303649902
753,64,4.0,4.083852291107178
262,145,1.0,2.2750985622406006
744,237,4.0,3.39394211769104
371,175,1.0,4.132084369659424
92,591,4.0,3.496013879776001
708,147,4.0,3.3169023990631104
194,582,1.0,3.0158612728118896
654,143,5.0,3.7838032245635986
709,217,5.0,3.142259359359741
442,367,2.0,3.1434576511383057
178,866,4.0,3.262830972671509
13,819,1.0,2.3435747623443604
798,400,3.0,2.542922019958496
896,824,1.0,2.0774946212768555
396,300,3.0,3.8402950763702393
643,665,3.0,2.998542547225952
236,237,4.0,3.3828914165496826
228,651,4.0,3.4680943489074707
894,887,4.0,3.7515199184417725
234,192,3.0,3.7733609676361084
197,68,2.0,3.3089258670806885
912,97,4.0,3.5731427669525146
592,223,5.0,4.494887828826904
566,97,3.0,3.492805004119873
926,288,3.0,3.0981552600860596
353,326,2.0,3.0519115924835205
200,11,5.0,4.450445652008057
535,971,2.0,3.7649152278900146
493,274,5.0,3.5876052379608154
130,672,5.0,3.342559337615967
201,923,3.0,3.8451292514801025
417,180,5.0,3.858809232711792
416,696,3.0,3.503408670425415
112,888,4.0,3.8585026264190674
13,511,5.0,4.106507778167725
426,510,4.0,4.020174026489258
94,392,3.0,3.7046639919281006
293,251,4.0,3.7302050590515137
758,752,3.0,3.6128389835357666
804,988,4.0,2.4313971996307373
686,806,5.0,4.357681751251221
256,288,5.0,4.147013187408447
218,695,3.0,2.6013667583465576
267,227,3.0,3.5917985439300537
846,184,5.0,3.493396759033203
398,69,5.0,3.7422869205474854
387,195,4.0,3.6064164638519287
616,343,4.0,3.215501546859741
13,229,4.0,2.8892180919647217
666,604,3.0,3.9690964221954346
551,468,5.0,3.560101270675659
846,1069,4.0,3.772568941116333
88,881,5.0,2.9379560947418213
6,81,4.0,3.339479923248291
860,302,4.0,3.915926218032837
682,385,3.0,3.4204294681549072
263,199,5.0,4.394074440002441
41,100,4.0,3.900280237197876
699,991,3.0,2.3018276691436768
374,173,3.0,4.179080963134766
724,259,2.0,1.9608979225158691
398,1119,4.0,3.270153760910034
601,195,3.0,3.321977376937866
182,69,5.0,3.8274433612823486
33,895,3.0,3.48227596282959
907,647,3.0,5.37659215927124
20,678,4.0,2.197176456451416
495,91,2.0,4.133388996124268
458,321,3.0,3.0191619396209717
256,864,4.0,4.016613006591797
125,63,3.0,2.9776899814605713
507,334,5.0,4.698125839233398
921,71,4.0,3.663243532180786
21,558,5.0,3.313309669494629
653,471,2.0,2.7482495307922363
276,916,4.0,2.963282346725464
385,218,2.0,3.0222251415252686
518,370,4.0,2.8768389225006104
406,211,5.0,3.8397772312164307
56,473,2.0,3.4198801517486572
405,943,1.0,2.0729188919067383
199,539,1.0,1.9477462768554688
222,196,5.0,3.7219457626342773
813,259,2.0,2.446859836578369
450,288,3.0,3.6884145736694336
407,201,4.0,3.3723933696746826
503,234,5.0,3.968517541885376
868,825,1.0,2.363408327102661
130,168,3.0,4.670623302459717
90,26,4.0,3.9382617473602295
254,234,4.0,3.569439172744751
279,741,5.0,3.690201997756958
394,218,4.0,4.039025783538818
405,734,2.0,1.7457854747772217
110,69,4.0,3.711768627166748
276,655,4.0,4.110576152801514
64,190,4.0,4.146482467651367
406,410,4.0,2.9343650341033936
291,71,4.0,4.195695400238037
735,285,4.0,3.9227230548858643
70,230,4.0,3.4043102264404297
312,633,5.0,4.352269649505615
289,109,3.0,2.9605014324188232
184,79,3.0,4.061525821685791
301,196,4.0,3.9389069080352783
479,380,3.0,3.09689998626709
236,185,5.0,3.873314619064331
489,313,4.0,4.811408042907715
393,303,4.0,3.890146493911743
62,421,5.0,3.305036783218384
551,410,5.0,3.4859089851379395
887,225,4.0,3.475123882293701
524,831,3.0,2.194284677505493
903,61,4.0,4.135279655456543
439,405,4.0,3.322985887527466
111,344,2.0,3.7616593837738037
405,923,2.0,2.3940088748931885
796,934,3.0,2.950425148010254
561,925,3.0,2.563458204269409
222,90,2.0,2.81474232673645
405,58,1.0,2.2484350204467773
293,208,3.0,3.434019088745117
532,338,3.0,3.452061176300049
253,496,5.0,4.279602527618408
497,153,4.0,3.6316468715667725
834,276,5.0,3.7854409217834473
688,338,5.0,4.365316867828369
846,42,5.0,3.879711866378784
840,855,4.0,4.092331409454346
203,475,3.0,4.15810489654541
537,472,2.0,2.0635979175567627
939,15,5.0,4.533510208129883
349,25,3.0,3.3366758823394775
23,131,4.0,3.7222301959991455
5,368,1.0,1.2896742820739746
92,528,4.0,4.1345038414001465
76,182,4.0,3.8643057346343994
724,989,1.0,1.8018467426300049
642,1091,4.0,3.2551331520080566
200,679,4.0,3.7646825313568115
591,13,4.0,3.321882486343384
549,282,3.0,3.9311516284942627
543,199,4.0,3.9722392559051514
35,243,2.0,2.465726137161255
337,135,5.0,4.374790191650391
712,996,4.0,2.4556877613067627
195,451,5.0,3.169689416885376
655,186,3.0,3.389251708984375
896,139,2.0,2.266187906265259
862,92,5.0,4.290329456329346
263,521,3.0,4.025333881378174
522,179,5.0,4.275677680969238
514,118,2.0,3.166332960128784
13,323,3.0,2.6376993656158447
933,151,4.0,2.9447593688964844
682,1016,2.0,3.2065672874450684
796,409,3.0,3.1836390495300293
142,463,3.0,3.84216046333313
551,28,4.0,4.278022289276123
458,435,4.0,3.833717107772827
495,417,3.0,3.6754660606384277
653,213,2.0,3.1408426761627197
450,312,4.0,3.5367846488952637
655,1634,2.0,1.7800540924072266
294,872,4.0,3.1639034748077393
833,1335,2.0,2.3645312786102295
727,196,4.0,3.7206666469573975
308,616,2.0,3.678413152694702
680,117,4.0,3.803978681564331
450,1208,3.0,3.4157180786132812
321,153,4.0,3.5080111026763916
226,527,4.0,3.995640516281128
253,192,1.0,4.44811487197876
144,190,5.0,4.094489574432373
458,301,1.0,3.133639097213745
269,793,4.0,3.06596040725708
934,661,4.0,4.221886157989502
435,271,4.0,2.995030641555786
752,301,4.0,3.0175282955169678
625,183,3.0,3.584115505218506
882,98,5.0,4.570507526397705
592,320,5.0,3.834818124771118
56,728,3.0,3.203911542892456
342,212,5.0,3.1913654804229736
506,10,2.0,3.927130937576294
327,90,3.0,2.7212741374969482
229,875,1.0,2.093308448791504
882,208,5.0,4.330862998962402
342,287,3.0,3.5405404567718506
761,237,5.0,3.283965826034546
301,288,4.0,3.351977586746216
383,134,5.0,4.605292797088623
114,183,5.0,3.5945770740509033
12,471,5.0,3.9663126468658447
646,895,3.0,2.717350721359253
222,571,2.0,2.359102487564087
223,535,3.0,3.0006463527679443
655,236,3.0,3.1217563152313232
135,5,3.0,3.0312862396240234
821,742,4.0,4.179715633392334
837,286,4.0,3.5853044986724854
334,204,4.0,3.6315996646881104
307,401,1.0,2.876286506652832
151,491,4.0,4.004562854766846
728,286,3.0,3.8034250736236572
291,546,3.0,3.353102684020996
58,56,5.0,4.086047649383545
504,462,4.0,3.979410409927368
843,132,3.0,3.2123029232025146
429,7,2.0,3.615870237350464
613,603,5.0,4.696841239929199
901,498,4.0,4.613495826721191
13,520,4.0,3.9589483737945557
620,118,4.0,3.7165334224700928
311,553,3.0,3.3488428592681885
758,269,4.0,4.340059280395508
923,338,4.0,3.4524056911468506
236,686,3.0,3.517749786376953
353,333,4.0,3.4260146617889404
532,352,3.0,3.1339621543884277
222,575,3.0,2.11327862739563
406,485,3.0,3.773219108581543
393,243,4.0,2.5828564167022705
2,283,5.0,3.8141980171203613
505,56,1.0,3.828246593475342
354,603,5.0,4.328474044799805
52,277,5.0,4.059526443481445
276,591,3.0,3.702197790145874
7,11,3.0,4.239746570587158
249,405,3.0,3.6384193897247314
328,448,3.0,3.3314120769500732
532,292,4.0,4.295676231384277
795,181,4.0,3.5866682529449463
230,607,3.0,4.229513645172119
385,128,5.0,3.122575521469116
756,527,3.0,3.667970657348633
481,484,4.0,4.312690258026123
668,403,4.0,3.286546230316162
880,383,3.0,2.406268358230591
472,660,5.0,4.716026782989502
354,896,4.0,3.9717724323272705
457,125,4.0,3.941807508468628
223,1009,1.0,3.208548069000244
21,977,2.0,2.0922138690948486
466,210,4.0,3.7821686267852783
104,301,2.0,2.5242674350738525
864,780,2.0,3.499946355819702
184,127,5.0,4.347829341888428
707,1018,3.0,3.1772563457489014
457,48,5.0,4.649168014526367
551,385,5.0,3.946049928665161
405,52,1.0,2.3884408473968506
234,496,4.0,3.603803873062134
416,307,1.0,3.8414547443389893
374,77,5.0,3.2436769008636475
938,273,5.0,3.6612660884857178
528,751,4.0,3.3514018058776855
452,207,4.0,3.438197374343872
877,549,4.0,3.720656156539917
64,435,4.0,3.860429048538208
740,326,3.0,3.1310179233551025
927,395,3.0,2.9795377254486084
626,268,4.0,2.7205474376678467
711,180,4.0,4.177708148956299
632,91,3.0,3.591991662979126
825,322,5.0,3.4498848915100098
876,527,5.0,4.135704517364502
588,40,4.0,3.2653353214263916
870,134,4.0,3.9734013080596924
733,1,2.0,3.460125207901001
387,7,5.0,3.469614267349243
758,290,5.0,3.585014820098877
102,67,1.0,2.7192611694335938
270,218,5.0,4.3964762687683105
624,1089,2.0,2.402048349380493
388,672,4.0,3.1872353553771973
407,127,3.0,4.234437942504883
230,385,1.0,3.9444544315338135
909,165,5.0,4.7153825759887695
130,330,4.0,3.82161283493042
235,705,5.0,3.979562997817993
821,15,5.0,4.198237895965576
276,603,5.0,4.488877773284912
312,214,3.0,3.6892049312591553
790,417,2.0,2.8098723888397217
291,670,5.0,3.522662878036499
761,1272,1.0,2.1748993396759033
654,1009,3.0,3.418694257736206
862,120,3.0,3.0805766582489014
130,743,2.0,2.8043665885925293
379,197,5.0,4.499634742736816
18,367,4.0,3.589996814727783
273,345,3.0,3.493009328842163
327,132,5.0,3.7194087505340576
293,155,2.0,2.4294066429138184
38,780,4.0,3.6379082202911377
298,183,3.0,4.153665542602539
742,7,3.0,3.6555516719818115
573,22,4.0,4.039455890655518
812,333,5.0,3.820937395095825
114,180,3.0,3.6707375049591064
42,1040,3.0,2.7453973293304443
167,949,1.0,3.331132173538208
116,596,5.0,2.9751346111297607
198,631,3.0,3.2772886753082275
731,136,4.0,3.723304033279419
486,127,5.0,4.158259868621826
455,402,4.0,3.3618876934051514
473,508,2.0,3.8303885459899902
94,12,4.0,4.439449787139893
527,429,5.0,3.920745611190796
10,711,4.0,2.921074151992798
297,699,4.0,3.3711202144622803
824,321,2.0,2.8989031314849854
151,781,3.0,3.4942731857299805
465,845,4.0,2.802934169769287
399,742,4.0,3.1068646907806396
707,311,4.0,3.64452862739563
94,436,5.0,3.679049491882324
864,275,4.0,4.362270832061768
130,237,5.0,4.33246374130249
709,665,3.0,2.972541093826294
775,690,3.0,3.4263827800750732
829,639,4.0,3.436528444290161
429,193,4.0,3.8440744876861572
782,1296,3.0,2.9553380012512207
293,73,2.0,2.926740884780884
682,658,4.0,3.131239175796509
299,820,3.0,2.448092222213745
405,1119,3.0,2.092527151107788
658,9,4.0,3.615582227706909
264,320,4.0,4.111042499542236
550,877,4.0,2.813206434249878
308,792,3.0,3.7513492107391357
268,479,4.0,3.9542763233184814
861,381,4.0,3.8299143314361572
326,96,3.0,3.621335744857788
846,555,2.0,2.0936498641967773
914,732,2.0,3.427436590194702
814,145,2.0,1.9607577323913574
405,1435,1.0,1.4373071193695068
293,651,3.0,3.4825565814971924
498,381,3.0,3.126847505569458
593,106,2.0,2.9764883518218994
251,405,3.0,3.3118536472320557
353,340,4.0,3.3773388862609863
92,271,2.0,3.1229751110076904
24,275,5.0,4.4831109046936035
716,257,5.0,4.0538716316223145
392,191,5.0,4.608455181121826
854,1086,3.0,2.876037836074829
406,170,3.0,4.092538833618164
495,55,2.0,4.18938684463501
262,609,3.0,3.3563077449798584
314,71,5.0,4.269893646240234
653,55,3.0,2.889446496963501
221,161,3.0,3.6783297061920166
463,150,2.0,3.3171865940093994
910,9,4.0,3.282876491546631
197,176,5.0,3.9057419300079346
312,169,5.0,4.890801429748535
411,209,4.0,4.017693996429443
429,498,5.0,4.169896602630615
92,106,3.0,2.6854584217071533
661,48,4.0,4.254157066345215
896,1240,4.0,3.3422367572784424
479,173,5.0,4.096429824829102
645,191,5.0,4.341926574707031
305,269,4.0,3.6224915981292725
521,829,2.0,2.130873918533325
869,1132,1.0,2.065725088119507
109,72,5.0,3.1909828186035156
100,1236,3.0,1.9777190685272217
514,890,1.0,2.1552460193634033
385,185,5.0,3.639552116394043
200,1028,2.0,3.7111027240753174
659,606,5.0,4.347388744354248
357,1047,4.0,3.6917006969451904
222,77,4.0,2.9901692867279053
110,794,3.0,3.3920958042144775
123,134,4.0,4.442456245422363
753,211,4.0,3.5844228267669678
782,1014,2.0,2.759572744369507
156,180,5.0,3.6815381050109863
533,692,4.0,3.390519857406616
531,259,1.0,2.991812229156494
852,264,3.0,3.089928388595581
496,433,4.0,3.154906988143921
18,221,5.0,3.928673505783081
518,919,5.0,3.8448545932769775
401,655,3.0,3.3531973361968994
181,221,1.0,1.8479325771331787
311,519,3.0,4.259533882141113
181,680,1.0,1.1787362098693848
567,271,4.0,3.177190065383911
302,258,3.0,3.0227811336517334
808,875,4.0,3.4295175075531006
872,272,4.0,4.4709248542785645
1,257,4.0,3.8250296115875244
848,197,5.0,4.4940948486328125
223,1150,2.0,2.96051287651062
406,825,4.0,2.6851813793182373
194,135,3.0,3.4170355796813965
193,96,1.0,3.9643819332122803
193,94,3.0,3.024559736251831
573,144,4.0,3.713848114013672
795,407,3.0,1.9421086311340332
15,244,2.0,2.5832555294036865
911,205,3.0,4.021835803985596
452,265,3.0,3.5714898109436035
759,257,4.0,4.519257545471191
211,257,5.0,3.4357669353485107
518,289,4.0,3.0933969020843506
666,410,2.0,2.9871387481689453
796,871,1.0,2.668511152267456
207,471,3.0,3.2416441440582275
457,792,4.0,4.158674716949463
450,223,3.0,4.494399070739746
194,405,2.0,2.531665086746216
741,67,3.0,2.7870724201202393
493,284,4.0,3.2539398670196533
865,928,1.0,2.01517915725708
399,431,2.0,3.071134328842163
194,9,4.0,3.108187675476074
387,731,1.0,2.7601287364959717
210,502,3.0,4.207568645477295
627,399,3.0,2.987823963165283
622,229,2.0,3.1411147117614746
650,662,3.0,2.9255855083465576
620,627,5.0,3.7028276920318604
7,659,5.0,4.522764682769775
566,20,4.0,3.057910442352295
542,97,4.0,3.6096270084381104
334,508,3.0,3.4858932495117188
780,79,4.0,3.878610849380493
181,121,4.0,1.653342604637146
330,651,5.0,4.852391719818115
91,131,2.0,3.9690654277801514
893,759,3.0,2.294236898422241
603,176,2.0,4.163987636566162
886,940,2.0,2.107410430908203
737,357,5.0,4.313257694244385
291,619,3.0,3.658604860305786
435,729,2.0,3.167977809906006
279,151,4.0,3.6956093311309814
204,301,4.0,3.0313074588775635
667,962,2.0,3.5627639293670654
59,288,5.0,3.589540958404541
201,375,3.0,1.530407428741455
921,194,3.0,3.825523614883423
340,172,4.0,4.367474555969238
843,204,3.0,3.041363477706909
515,538,3.0,3.0676345825195312
844,117,4.0,3.360341787338257
499,258,2.0,3.7724552154541016
83,732,4.0,3.7569563388824463
401,157,3.0,2.954238176345825
452,86,4.0,3.5705244541168213
144,961,3.0,3.645052433013916
403,925,4.0,3.4771335124969482
222,12,5.0,4.072789192199707
782,1292,3.0,0.946353018283844
716,83,4.0,4.253593921661377
903,179,5.0,4.177969455718994
569,748,2.0,3.0401790142059326
932,177,4.0,4.062470436096191
844,2,4.0,2.8684513568878174
840,644,4.0,4.034949779510498
363,187,2.0,3.732825994491577
887,206,5.0,4.110097885131836
486,1014,3.0,2.956064224243164
635,268,5.0,3.6076605319976807
59,200,5.0,4.044177532196045
889,509,2.0,3.796079397201538
776,50,5.0,4.2663350105285645
629,22,5.0,4.556215286254883
130,321,5.0,3.9160215854644775
472,66,5.0,4.378329277038574
437,276,5.0,3.696592330932617
314,150,4.0,4.249255180358887
682,895,4.0,2.822087287902832
406,7,4.0,3.5901436805725098
830,487,5.0,3.972111940383911
880,783,1.0,2.9353692531585693
676,271,3.0,3.1002326011657715
315,301,2.0,3.5543267726898193
214,522,4.0,3.9656193256378174
284,340,4.0,3.5519275665283203
319,880,4.0,3.0931169986724854
234,1447,3.0,1.791161060333252
846,836,5.0,3.6122357845306396
197,258,4.0,3.632012367248535
419,617,4.0,3.8506624698638916
521,90,2.0,2.646153688430786
487,85,2.0,3.1787497997283936
194,549,3.0,3.0041520595550537
144,303,4.0,3.646899938583374
85,372,4.0,3.4257707595825195
11,731,4.0,2.984159231185913
7,485,5.0,4.352635383605957
534,748,4.0,4.095877170562744
18,427,5.0,4.36912202835083
47,683,3.0,2.7869582176208496
13,340,2.0,3.3378031253814697
198,871,1.0,1.9952692985534668
655,1370,3.0,2.634859085083008
383,357,5.0,4.693257808685303
731,611,3.0,3.70961594581604
698,202,3.0,2.7287988662719727
697,1059,2.0,3.2109220027923584
396,717,3.0,3.061807870864868
63,121,1.0,2.9841084480285645
573,286,3.0,3.4789512157440186
864,722,2.0,3.208061933517456
758,288,4.0,3.729046106338501
648,500,5.0,3.6992595195770264
500,294,3.0,2.873814344406128
200,465,4.0,4.226687908172607
237,174,4.0,4.429032325744629
506,465,4.0,3.55464506149292
452,318,5.0,4.088595867156982
141,100,4.0,4.243777275085449
311,499,4.0,4.301233291625977
474,435,5.0,4.210704326629639
94,385,2.0,3.786776304244995
190,100,4.0,4.017562389373779
437,249,5.0,3.2556350231170654
897,925,5.0,3.6277859210968018
235,1134,4.0,3.3329970836639404
303,474,5.0,4.304095268249512
484,153,5.0,4.227243423461914
286,372,4.0,4.009397029876709
525,118,3.0,3.0357272624969482
83,728,4.0,3.023285150527954
860,894,2.0,1.4592570066452026
315,46,4.0,3.9738457202911377
800,223,5.0,4.263077259063721
296,79,4.0,4.432168006896973
59,53,5.0,3.1976499557495117
262,845,4.0,3.1319022178649902
916,132,3.0,3.834280252456665
436,856,4.0,4.190520763397217
548,293,4.0,4.159964084625244
825,100,4.0,4.3823628425598145
889,386,3.0,2.5785205364227295
178,276,3.0,3.698004961013794
253,4,4.0,3.727982759475708
922,1,5.0,3.732851505279541
545,810,4.0,2.9514968395233154
608,661,3.0,4.068429470062256
26,109,3.0,3.0053904056549072
805,99,2.0,3.555992841720581
810,338,4.0,3.8317410945892334
563,118,4.0,3.539766311645508
676,748,4.0,3.0332677364349365
488,1025,2.0,2.163555145263672
116,532,2.0,3.0940887928009033
697,326,4.0,3.787611246109009
400,689,3.0,3.3606603145599365
440,300,3.0,4.2620439529418945
531,311,4.0,4.036856651306152
49,547,5.0,2.584951400756836
254,435,3.0,3.6863701343536377
919,1134,2.0,3.31534743309021
631,334,2.0,3.288789749145508
932,470,3.0,3.7979423999786377
90,906,2.0,4.023346900939941
490,919,4.0,2.980968713760376
164,823,4.0,3.7091176509857178
756,176,4.0,3.7396345138549805
188,100,4.0,4.223750114440918
314,932,4.0,3.3516197204589844
878,796,2.0,2.5011472702026367
405,442,1.0,1.1763135194778442
756,419,3.0,3.317399740219116
158,430,5.0,4.211129665374756
925,327,3.0,3.2617318630218506
85,152,5.0,3.4546492099761963
394,62,4.0,3.6877753734588623
325,58,3.0,3.2160861492156982
320,195,5.0,4.241969585418701
497,1077,4.0,2.8488242626190186
374,975,4.0,3.038477659225464
350,183,3.0,4.210984230041504
433,95,3.0,3.49428129196167
299,20,3.0,3.09287428855896
854,122,3.0,1.9759700298309326
184,210,4.0,3.978917360305786
625,476,2.0,2.595889091491699
445,100,2.0,2.5983476638793945
847,735,4.0,3.2876412868499756
215,22,3.0,4.29987907409668
928,877,5.0,3.318483591079712
643,5,3.0,3.1880269050598145
877,83,3.0,4.13888692855835
804,1,5.0,3.9338271617889404
158,163,4.0,3.7664871215820312
109,796,3.0,3.023580551147461
542,282,3.0,3.5839192867279053
551,735,5.0,4.10960578918457
870,208,4.0,3.6514089107513428
406,591,3.0,3.377253293991089
653,180,5.0,3.1909780502319336
942,315,4.0,4.501758098602295
695,286,3.0,3.6388132572174072
311,70,4.0,3.807095766067505
741,70,4.0,3.5530521869659424
650,1474,3.0,2.468502998352051
145,1245,5.0,3.4142215251922607
766,131,3.0,3.5185110569000244
62,697,4.0,3.2359514236450195
222,154,3.0,3.600484609603882
325,133,3.0,3.6886630058288574
291,84,3.0,3.234193801879883
413,690,4.0,3.412945508956909
604,183,3.0,3.7018580436706543
615,286,4.0,3.702362537384033
13,287,1.0,3.4456207752227783
738,152,4.0,3.5254337787628174
31,611,4.0,4.265034198760986
643,671,4.0,3.8353097438812256
552,815,3.0,2.997422456741333
301,235,2.0,2.962714672088623
892,671,5.0,4.282004356384277
85,95,4.0,3.569120407104492
255,827,2.0,2.0360116958618164
181,18,1.0,1.533991813659668
600,435,5.0,4.057005882263184
554,411,3.0,2.8362646102905273
31,303,3.0,3.8619048595428467
40,316,3.0,3.4762918949127197
714,7,4.0,3.931472063064575
796,1042,4.0,3.318225622177124
659,153,4.0,3.8635408878326416
816,326,4.0,4.178059101104736
301,184,4.0,3.3416078090667725
703,1012,4.0,3.5559117794036865
290,596,4.0,3.104065418243408
500,396,3.0,2.7865190505981445
914,371,4.0,2.9204251766204834
374,1197,4.0,3.710897922515869
393,423,3.0,3.897477388381958
267,3,4.0,3.329719066619873
234,519,5.0,3.5973968505859375
303,81,4.0,3.6145684719085693
44,91,2.0,3.7060511112213135
892,151,4.0,4.091066360473633
145,109,4.0,3.427330493927002
416,990,2.0,3.5664727687835693
240,751,3.0,3.823631525039673
710,234,4.0,3.5839684009552
456,268,5.0,3.5629889965057373
73,64,5.0,4.404191493988037
138,117,4.0,3.739025831222534
5,412,3.0,2.105013608932495
292,511,5.0,4.713271617889404
373,946,5.0,3.2590701580047607
405,33,1.0,2.1003177165985107
23,174,4.0,4.115803241729736
450,842,4.0,3.3917248249053955
158,283,5.0,3.949974775314331
455,237,3.0,3.4727604389190674
416,1495,3.0,4.429523944854736
795,97,2.0,3.352782964706421
529,310,4.0,3.914329767227173
185,515,4.0,4.487442493438721
277,405,3.0,3.054776906967163
43,301,5.0,3.4199631214141846
727,176,4.0,3.8212947845458984
290,210,5.0,3.716057300567627
223,1197,3.0,3.604027509689331
882,407,2.0,2.896735191345215
211,199,5.0,3.738032102584839
624,689,3.0,3.2078354358673096
363,216,3.0,3.5841403007507324
193,210,4.0,3.841125726699829
397,325,3.0,2.5893754959106445
276,240,4.0,2.847734212875366
645,430,5.0,4.076946258544922
310,251,5.0,4.464858055114746
104,1017,1.0,2.6606807708740234
178,280,4.0,3.1551692485809326
339,469,5.0,4.029656410217285
833,328,2.0,2.8404462337493896
450,630,3.0,3.6183431148529053
537,86,4.0,3.1651456356048584
263,678,2.0,3.050157308578491
916,48,5.0,3.955044984817505
719,410,1.0,2.684386968612671
417,685,1.0,3.088923931121826
351,289,5.0,3.7360482215881348
798,486,4.0,3.85062575340271
896,135,3.0,3.598790168762207
256,370,3.0,3.6049675941467285
326,479,5.0,3.8119664192199707
144,514,5.0,3.7613556385040283
64,11,4.0,3.766679525375366
471,477,5.0,3.028033494949341
336,294,4.0,2.9040796756744385
178,118,4.0,3.2149641513824463
12,402,5.0,3.9365365505218506
908,12,3.0,3.825780153274536
279,101,3.0,3.4679534435272217
60,660,4.0,4.070964336395264
244,155,3.0,3.2637550830841064
11,196,5.0,3.892944574356079
757,161,3.0,3.4935853481292725
749,172,5.0,4.232361793518066
690,514,1.0,3.6202242374420166
60,513,5.0,4.6932053565979
543,44,3.0,3.213395118713379
466,226,4.0,3.163835048675537
503,213,5.0,4.119436740875244
653,151,3.0,2.823270559310913
645,243,1.0,2.4785473346710205
194,661,5.0,3.5407145023345947
92,273,4.0,3.500586748123169
727,2,4.0,2.8335773944854736
478,150,4.0,3.698145866394043
155,288,3.0,2.7638041973114014
719,66,3.0,3.0314738750457764
524,823,4.0,2.7514421939849854
863,329,2.0,2.9438047409057617
685,302,3.0,2.7745158672332764
942,216,4.0,4.400516510009766
321,1028,2.0,2.6097476482391357
916,101,3.0,3.105409860610962
216,408,3.0,4.761861801147461
660,470,2.0,2.7908878326416016
710,22,3.0,4.012259006500244
500,175,5.0,3.8294448852539062
406,9,5.0,3.5886855125427246
44,147,4.0,3.4628536701202393
659,178,5.0,4.4726128578186035
867,690,5.0,3.7286832332611084
393,66,3.0,3.5823092460632324
435,821,2.0,2.7738037109375
201,215,2.0,3.3057782649993896
561,228,3.0,3.172837734222412
423,879,3.0,3.228140354156494
770,294,3.0,4.0899481773376465
804,737,3.0,3.231069326400757
435,715,3.0,3.1326210498809814
450,491,3.0,4.083937168121338
405,436,1.0,2.0625362396240234
747,480,5.0,4.601686954498291
363,121,2.0,2.913126230239868
95,32,1.0,3.8419277667999268
650,510,3.0,3.516090154647827
394,67,5.0,3.5810747146606445
354,650,3.0,3.400679111480713
226,270,4.0,3.5854275226593018
321,212,3.0,2.994851589202881
207,265,3.0,3.64324688911438
290,818,3.0,2.6812150478363037
269,411,1.0,2.154301166534424
405,540,1.0,1.6340748071670532
906,284,4.0,3.3454415798187256
487,540,2.0,2.7583436965942383
193,100,5.0,3.988940954208374
648,565,3.0,2.5972039699554443
393,99,3.0,3.776594400405884
503,416,2.0,3.549654722213745
450,604,4.0,4.374736309051514
568,1050,4.0,2.856069326400757
181,411,3.0,1.3114283084869385
527,183,5.0,3.781987428665161
500,554,3.0,2.500882148742676
303,1335,3.0,2.891408920288086
18,488,3.0,4.32026481628418
792,546,3.0,2.893052816390991
257,59,5.0,4.253876209259033
169,243,3.0,2.278911590576172
229,286,4.0,3.1439619064331055
757,693,4.0,3.6042399406433105
181,682,4.0,1.7538952827453613
435,384,3.0,2.559680700302124
932,1456,4.0,4.332969665527344
44,480,4.0,4.412792205810547
856,322,4.0,2.852625846862793
279,517,4.0,3.906858205795288
790,235,1.0,2.631915330886841
309,1393,2.0,2.4204742908477783
858,334,4.0,3.3318090438842773
405,2,1.0,1.790161371231079
130,731,3.0,3.8692033290863037
919,892,3.0,2.532069206237793
655,133,4.0,3.4003384113311768
373,748,4.0,3.331601858139038
350,589,5.0,4.382709503173828
378,566,3.0,3.475020170211792
413,236,4.0,3.726299524307251
655,761,2.0,2.306994676589966
505,151,3.0,3.3659627437591553
232,133,4.0,3.9801852703094482
416,331,4.0,3.8344357013702393
661,173,4.0,4.270545482635498
425,259,1.0,2.3197097778320312
864,511,4.0,4.647314548492432
472,21,3.0,3.7815396785736084
909,86,5.0,4.5338921546936035
698,1149,3.0,2.960970163345337
162,237,4.0,3.7543747425079346
406,382,5.0,3.4419803619384766
445,174,4.0,2.756328821182251
113,100,4.0,4.442967891693115
271,518,4.0,3.707059621810913
189,588,4.0,4.01485013961792
747,651,5.0,4.281163692474365
936,321,3.0,3.423720598220825
551,578,5.0,3.5728087425231934
378,631,4.0,3.645780324935913
334,310,3.0,3.4986798763275146
574,312,4.0,2.995703935623169
240,898,5.0,3.6473405361175537
43,479,4.0,4.438023090362549
11,435,4.0,3.855661630630493
836,611,5.0,4.2293314933776855
57,111,4.0,3.712667226791382
802,681,4.0,2.8071444034576416
880,287,4.0,3.840271234512329
161,135,2.0,2.785989284515381
181,1384,1.0,0.6734746694564819
679,222,4.0,3.5208351612091064
261,892,5.0,3.422991991043091
269,1040,1.0,1.7381243705749512
918,83,4.0,3.6198601722717285
311,43,4.0,3.1563591957092285
70,820,1.0,2.4960265159606934
901,82,5.0,4.079317569732666
459,108,1.0,3.371509075164795
305,511,4.0,3.925065755844116
271,169,5.0,4.415990352630615
391,427,5.0,4.193763256072998
346,182,5.0,3.8722469806671143
33,313,5.0,4.665958881378174
84,203,3.0,4.276198863983154
456,143,3.0,3.5103156566619873
896,198,4.0,3.647367238998413
234,607,4.0,3.448061227798462
807,610,3.0,3.999915361404419
311,468,4.0,3.415184259414673
619,144,5.0,3.9122984409332275
7,561,4.0,3.5631206035614014
455,144,3.0,3.7806479930877686
313,151,1.0,3.525183916091919
865,240,2.0,1.9788658618927002
476,70,3.0,3.6974494457244873
1,98,4.0,4.176130294799805
146,294,1.0,3.2850992679595947
698,86,2.0,2.888523817062378
854,1077,3.0,2.517958402633667
222,377,1.0,2.048565626144409
148,432,5.0,3.749988555908203
506,67,3.0,2.977975606918335
693,1145,2.0,1.9597556591033936
206,903,2.0,2.0931217670440674
291,1273,2.0,3.2168290615081787
540,455,4.0,3.346299409866333
709,427,4.0,4.296070575714111
391,58,4.0,3.400334119796753
296,475,4.0,4.371330261230469
152,412,2.0,3.1906509399414062
249,411,3.0,3.3012149333953857
385,421,2.0,3.11795973777771
900,318,4.0,3.358293056488037
933,94,1.0,2.466946840286255
565,1396,5.0,4.7471137046813965
96,195,5.0,4.177476406097412
537,224,3.0,3.1365249156951904
690,402,3.0,3.2342967987060547
387,511,3.0,3.9980852603912354
456,71,3.0,3.641451597213745
592,251,5.0,4.555649280548096
730,7,4.0,3.494931936264038
676,916,5.0,2.795340061187744
23,385,4.0,3.496098279953003
588,485,5.0,4.128637790679932
716,655,4.0,4.13773775100708
461,305,2.0,3.4334442615509033
13,806,5.0,3.44679594039917
867,64,5.0,4.838702201843262
405,1475,1.0,1.9336042404174805
822,358,3.0,2.0580437183380127
207,68,2.0,3.1713526248931885
509,705,4.0,3.2810587882995605
798,1076,3.0,2.56376051902771
385,423,2.0,3.3266358375549316
330,38,4.0,3.8942835330963135
834,258,4.0,3.9512393474578857
345,903,3.0,3.402085304260254
548,443,4.0,4.115981578826904
1,34,2.0,2.921038866043091
898,312,2.0,3.282808542251587
634,991,3.0,2.442167282104492
495,139,2.0,3.396359920501709
881,1057,1.0,2.070523977279663
708,866,5.0,3.074023962020874
221,38,2.0,3.02765154838562
788,22,5.0,4.106226444244385
14,242,4.0,4.375730991363525
761,7,4.0,3.442164897918701
430,293,3.0,3.731780767440796
416,164,5.0,3.863473653793335
833,980,3.0,2.7815260887145996
643,1065,4.0,3.498476505279541
488,58,3.0,3.119279146194458
710,286,4.0,3.451754331588745
378,88,4.0,3.409402370452881
524,751,4.0,3.1989622116088867
181,685,2.0,1.659448266029358
216,82,4.0,3.952577829360962
450,87,5.0,4.247684478759766
486,301,4.0,3.0602400302886963
535,792,4.0,3.705467939376831
458,410,1.0,3.0053000450134277
59,15,5.0,3.7687432765960693
297,298,5.0,3.574025869369507
854,87,4.0,3.4909629821777344
323,764,3.0,2.8194656372070312
727,195,4.0,3.6562492847442627
777,692,5.0,3.668893337249756
486,299,1.0,2.633502244949341
10,521,4.0,4.150233745574951
178,597,4.0,3.14035964012146
782,1315,3.0,3.082900047302246
622,176,4.0,4.120423316955566
525,405,4.0,3.106006145477295
178,588,4.0,3.914594888687134
405,389,2.0,1.9976966381072998
208,186,4.0,3.890998125076294
727,135,2.0,3.8260819911956787
22,62,4.0,2.9959962368011475
529,321,4.0,3.4547417163848877
576,7,5.0,3.8054888248443604
863,879,2.0,3.0332510471343994
271,1133,3.0,2.827054738998413
128,742,3.0,3.552109479904175
622,845,3.0,3.382885694503784
692,211,4.0,3.9263885021209717
417,153,5.0,3.6497042179107666
392,173,4.0,4.5377702713012695
399,110,2.0,2.2345497608184814
92,230,3.0,3.5216710567474365
894,257,3.0,3.9627315998077393
766,228,3.0,3.4056236743927
102,328,2.0,2.848982572555542
901,768,3.0,3.284574508666992
535,207,4.0,3.824631452560425
532,1496,2.0,3.6559956073760986
802,358,3.0,2.7331435680389404
468,135,5.0,4.283046245574951
532,248,4.0,4.409757137298584
715,234,4.0,3.729846477508545
406,727,3.0,3.162738084793091
500,709,4.0,3.943251371383667
595,336,2.0,2.4516890048980713
446,690,2.0,2.872931957244873
313,505,5.0,3.9304616451263428
442,56,5.0,3.7096517086029053
507,302,5.0,5.379475116729736
291,204,4.0,4.123499870300293
601,1615,4.0,2.2038590908050537
889,700,3.0,2.475641965866089
783,258,4.0,4.2981953620910645
790,1063,5.0,3.3738558292388916
826,501,3.0,3.9095427989959717
664,227,3.0,3.265155076980591
748,483,4.0,4.302310466766357
758,312,3.0,3.5701968669891357
5,233,4.0,2.8923211097717285
364,302,4.0,4.55488395690918
326,1231,3.0,2.0954387187957764
301,866,4.0,3.196967124938965
709,295,3.0,3.407670021057129
621,82,5.0,3.963040590286255
890,229,2.0,3.1337244510650635
717,1282,4.0,3.633885145187378
806,1074,3.0,2.9359490871429443
763,382,5.0,3.7815136909484863
850,318,5.0,4.886298656463623
891,116,3.0,4.415065765380859
806,222,4.0,3.693791151046753
600,391,3.0,2.94804310798645
592,514,5.0,4.1556572914123535
851,352,1.0,2.5610439777374268
177,433,4.0,3.6196482181549072
640,550,4.0,4.050648212432861
586,195,4.0,3.7715470790863037
94,201,4.0,3.5872201919555664
790,176,3.0,3.816033124923706
531,302,5.0,4.427485942840576
54,595,3.0,3.2647125720977783
66,257,3.0,3.966374158859253
330,161,4.0,4.527967929840088
188,176,4.0,4.184815883636475
500,16,4.0,3.0247433185577393
293,724,3.0,2.869553327560425
347,239,5.0,3.515944242477417
429,495,3.0,3.492244005203247
91,657,4.0,4.376500606536865
269,276,5.0,3.0479376316070557
474,8,5.0,4.277013301849365
412,193,4.0,3.946830987930298
164,282,5.0,4.409587860107422
269,432,4.0,3.145873546600342
243,215,3.0,3.6294431686401367
320,292,3.0,3.9458134174346924
901,275,3.0,4.302896976470947
327,195,4.0,3.5625579357147217
537,196,3.0,3.204406261444092
262,432,3.0,3.5273852348327637
707,165,3.0,3.971376657485962
82,1101,4.0,3.3056347370147705
796,12,5.0,4.417418956756592
620,8,3.0,4.422823429107666
1,130,3.0,2.157804250717163
643,176,5.0,4.095530986785889
892,186,3.0,4.435563564300537
290,474,3.0,4.038067817687988
846,463,5.0,3.94655442237854
416,241,5.0,3.890305280685425
889,655,4.0,3.797173261642456
3,341,1.0,2.9209697246551514
48,302,4.0,4.143673419952393
527,192,4.0,4.15786600112915
749,24,2.0,3.5720784664154053
1,218,3.0,3.4317219257354736
95,24,3.0,3.4666054248809814
533,525,3.0,3.9798238277435303
744,963,5.0,4.070822238922119
886,772,1.0,2.801562786102295
727,542,2.0,2.2852630615234375
249,318,5.0,4.810622692108154
804,238,4.0,3.845851182937622
882,988,5.0,2.7601730823516846
330,11,4.0,4.699021816253662
603,326,4.0,3.373948812484741
911,98,2.0,4.193904399871826
144,632,4.0,3.7614572048187256
618,969,3.0,3.3969476222991943
860,516,3.0,3.6998989582061768
932,222,4.0,3.867046594619751
280,118,2.0,3.4451096057891846
25,25,5.0,3.6066911220550537
405,1553,1.0,2.0341951847076416
217,7,4.0,3.5337066650390625
823,709,3.0,4.364731311798096
250,328,3.0,3.6941256523132324
510,288,3.0,3.221925735473633
435,1069,4.0,3.4355194568634033
846,102,2.0,3.3947722911834717
664,664,4.0,3.794487237930298
877,475,4.0,4.042280673980713
432,121,4.0,3.6310617923736572
195,877,3.0,2.4327962398529053
456,1324,4.0,2.264962673187256
293,638,4.0,3.328763008117676
711,216,4.0,4.1808881759643555
727,413,2.0,2.24491286277771
313,843,3.0,2.9375593662261963
457,871,1.0,3.054537057876587
459,216,3.0,4.12678861618042
929,431,1.0,3.17645525932312
181,1163,2.0,1.2605102062225342
313,132,5.0,3.968148946762085
325,197,4.0,3.920912981033325
107,902,5.0,3.3751983642578125
360,520,4.0,4.303797721862793
875,195,4.0,4.015241622924805
7,564,3.0,2.373547077178955
173,995,5.0,4.093499183654785
633,128,3.0,3.4037246704101562
222,227,3.0,3.0681843757629395
514,176,4.0,4.108572959899902
416,1300,3.0,2.5557713508605957
826,29,3.0,3.235712766647339
327,152,3.0,3.271580457687378
267,77,3.0,3.556016206741333
796,393,4.0,3.450390100479126
416,24,5.0,3.8217217922210693
6,484,5.0,3.9383370876312256
796,1197,3.0,3.84527325630188
810,878,4.0,3.6459579467773438
405,960,1.0,2.172238826751709
815,196,4.0,4.046485424041748
346,172,5.0,3.9833147525787354
596,678,3.0,2.9390645027160645
914,736,3.0,3.622236490249634
880,407,1.0,2.6549408435821533
387,258,4.0,3.497731924057007
7,481,5.0,4.3511061668396
391,132,4.0,3.9615137577056885
287,222,5.0,4.176585674285889
60,735,5.0,4.081209182739258
276,1413,1.0,3.259775400161743
711,88,5.0,3.6057522296905518
339,411,2.0,3.1604726314544678
532,914,5.0,3.313842535018921
727,117,3.0,3.3372318744659424
878,588,2.0,3.3922312259674072
889,627,2.0,2.904311180114746
417,242,3.0,4.007436275482178
805,154,5.0,3.7328646183013916
130,1267,4.0,3.84824538230896
314,246,5.0,4.330356121063232
7,577,2.0,2.779594659805298
195,1415,1.0,2.1520767211914062
393,1182,3.0,2.4839026927948
870,655,4.0,3.6238186359405518
316,64,4.0,3.9108831882476807
429,481,3.0,3.787409543991089
275,300,4.0,3.2517707347869873
747,1,5.0,4.10330867767334
91,1126,1.0,3.5852577686309814
871,955,3.0,3.513798475265503
615,303,5.0,3.7899699211120605
23,162,3.0,3.5391736030578613
416,417,3.0,3.5051534175872803
54,50,5.0,4.658746242523193
885,71,4.0,3.5941579341888428
374,1,4.0,3.8424646854400635
332,53,3.0,3.877478837966919
308,589,4.0,4.163116931915283
497,80,3.0,2.5382378101348877
881,795,2.0,2.038917303085327
314,412,3.0,2.6277732849121094
7,550,4.0,3.782484292984009
361,451,3.0,3.105980634689331
286,1265,5.0,3.5062789916992188
58,123,4.0,3.026597499847412
452,515,4.0,3.9673521518707275
378,275,5.0,3.987734079360962
82,671,1.0,3.3450818061828613
846,176,4.0,4.219857692718506
622,1552,2.0,2.9575536251068115
426,200,2.0,3.8040506839752197
514,647,3.0,4.420650482177734
363,79,2.0,3.6145002841949463
813,270,5.0,3.397559881210327
758,489,5.0,4.467816352844238
695,323,2.0,2.9037673473358154
486,887,5.0,3.482293128967285
615,428,5.0,4.012022018432617
877,463,4.0,3.8560879230499268
887,140,5.0,3.647533655166626
472,411,4.0,3.8495075702667236
85,630,3.0,3.0516300201416016
785,423,2.0,3.7807023525238037
872,685,4.0,3.528233289718628
622,769,1.0,2.610646963119507
276,195,5.0,4.051890850067139
280,38,3.0,3.2004706859588623
424,333,5.0,3.297257661819458
868,136,5.0,3.7542848587036133
526,272,5.0,3.937736749649048
76,1157,1.0,2.811758279800415
524,192,4.0,4.170554161071777
742,294,3.0,2.918426752090454
774,72,1.0,1.8395917415618896
654,288,3.0,3.4454238414764404
474,283,3.0,4.02212381362915
683,626,3.0,1.7448222637176514
532,840,4.0,3.6790876388549805
488,71,3.0,3.470754384994507
878,317,4.0,3.518482208251953
222,1178,2.0,2.2611234188079834
881,214,4.0,3.114135503768921
184,92,3.0,3.508457899093628
71,151,1.0,3.5201103687286377
568,319,2.0,2.518522024154663
66,50,5.0,4.477044105529785
661,135,5.0,4.146373748779297
49,594,3.0,2.068544626235962
498,258,2.0,3.3496739864349365
190,273,4.0,3.4684629440307617
804,87,4.0,4.040037631988525
110,195,2.0,3.7250638008117676
542,451,3.0,3.1337010860443115
429,178,4.0,4.256510257720947
499,328,5.0,3.323620319366455
200,509,4.0,4.5639801025390625
871,909,3.0,3.8267018795013428
453,402,3.0,3.3003156185150146
141,333,5.0,3.7203962802886963
227,293,5.0,3.776710271835327
838,124,4.0,4.277465343475342
830,651,4.0,4.0152177810668945
516,660,5.0,4.051764011383057
343,403,4.0,3.636227607727051
561,709,3.0,3.4786107540130615
896,482,3.0,3.674581289291382
125,1037,2.0,1.5402473211288452
11,365,3.0,3.1911799907684326
82,514,4.0,3.420647382736206
95,552,1.0,2.892991781234741
174,715,3.0,3.492884635925293
41,357,4.0,4.19253396987915
104,307,2.0,2.7614171504974365
49,287,4.0,2.9149177074432373
416,258,5.0,4.1140289306640625
60,490,4.0,4.176236629486084
694,484,4.0,4.473710060119629
84,294,3.0,3.4933888912200928
145,470,5.0,3.648491144180298
268,1208,2.0,2.6281561851501465
152,410,4.0,4.2164201736450195
917,9,5.0,3.850534200668335
905,508,4.0,3.3843419551849365
536,480,5.0,4.621054649353027
106,956,3.0,3.7116847038269043
642,928,5.0,3.525369167327881
497,274,3.0,3.3177855014801025
450,1263,4.0,3.161344289779663
304,298,5.0,3.8135721683502197
766,318,5.0,4.0870208740234375
22,173,5.0,4.177243709564209
840,632,3.0,4.125419616699219
43,58,3.0,3.671025037765503
6,134,5.0,4.059098720550537
758,176,5.0,4.416009902954102
505,176,4.0,3.817121744155884
10,604,4.0,4.433795928955078
355,682,4.0,3.630009889602661
301,117,5.0,3.555471420288086
301,180,3.0,3.978360414505005
694,205,5.0,4.340054512023926
297,282,3.0,3.473693609237671
336,1183,1.0,2.4014673233032227
907,185,4.0,5.096518039703369
285,194,4.0,3.9560282230377197
110,905,3.0,3.2467379570007324
779,15,4.0,3.8919765949249268
236,1013,2.0,2.054417133331299
884,275,4.0,3.7773702144622803
14,25,2.0,3.659647226333618
387,202,3.0,3.439032793045044
122,1044,5.0,3.587576150894165
805,772,3.0,2.8901515007019043
311,942,5.0,3.71283221244812
864,43,3.0,3.388611316680908
68,742,1.0,3.013108491897583
450,91,4.0,3.9618980884552
113,116,3.0,4.1323652267456055
562,393,2.0,3.250908613204956
450,194,5.0,4.284399509429932
279,1497,2.0,3.579241991043091
291,369,3.0,2.9640085697174072
537,1011,3.0,2.4584591388702393
268,860,1.0,2.009075880050659
215,181,4.0,4.01577615737915
705,720,5.0,3.1540327072143555
567,357,2.0,4.393805980682373
1,188,3.0,3.5638134479522705
676,300,4.0,3.5409739017486572
784,327,4.0,3.737760543823242
167,465,5.0,3.4545071125030518
747,591,2.0,3.796226739883423
343,708,4.0,3.7518012523651123
59,770,4.0,3.6815831661224365
269,441,1.0,2.087503433227539
840,654,4.0,4.445154190063477
405,675,1.0,2.233069658279419
194,204,4.0,3.1214516162872314
189,129,3.0,4.059251308441162
270,509,3.0,4.8040971755981445
313,629,3.0,3.1149823665618896
75,25,5.0,3.5467283725738525
362,323,2.0,2.996525526046753
756,245,3.0,2.6311380863189697
62,511,4.0,4.024213790893555
269,186,2.0,3.3822572231292725
243,223,4.0,4.1125593185424805
318,191,5.0,4.417807102203369
911,479,5.0,4.236894130706787
354,497,4.0,4.085375785827637
804,154,3.0,3.9193947315216064
471,465,5.0,3.377319812774658
497,721,3.0,3.2981083393096924
561,1,2.0,3.2530579566955566
417,825,4.0,2.739741563796997
1,242,5.0,4.102708339691162
773,367,2.0,3.1683733463287354
922,451,4.0,3.103078603744507
543,318,3.0,4.255198001861572
143,322,4.0,3.410578966140747
848,845,5.0,3.674273729324341
852,407,3.0,2.7645742893218994
669,649,4.0,2.9422361850738525
152,871,3.0,3.5719757080078125
5,373,3.0,2.4651968479156494
11,258,5.0,3.7198426723480225
600,578,2.0,3.3756911754608154
128,181,4.0,3.9792568683624268
648,23,3.0,4.042244911193848
351,750,5.0,4.525910377502441
535,196,4.0,3.98221755027771
59,529,4.0,4.207225799560547
648,523,3.0,3.975721597671509
254,415,3.0,2.448821783065796
7,489,3.0,4.523295879364014
756,435,3.0,3.6017239093780518
692,66,2.0,3.3610787391662598
397,1018,4.0,3.291447401046753
711,955,1.0,3.6293303966522217
210,568,4.0,3.999844789505005
868,567,1.0,2.190309762954712
627,288,3.0,3.147048234939575
936,253,5.0,3.79591965675354
615,1021,5.0,3.9529621601104736
845,1434,4.0,1.9281907081604004
639,423,2.0,2.9673993587493896
239,208,3.0,4.182231426239014
11,24,3.0,3.4020583629608154
679,327,4.0,3.158539056777954
943,1047,2.0,2.7581989765167236
385,945,5.0,3.4582009315490723
543,1555,3.0,2.778444528579712
299,89,5.0,4.075262546539307
144,197,4.0,4.081800937652588
584,450,2.0,2.389253854751587
711,393,4.0,3.4850635528564453
213,985,3.0,3.7926509380340576
73,748,2.0,3.002235174179077
749,661,5.0,4.29349946975708
889,265,4.0,3.778610944747925
457,122,2.0,2.753091812133789
588,316,5.0,4.249196529388428
106,463,3.0,3.8190300464630127
295,794,4.0,4.2122087478637695
807,8,4.0,4.240687370300293
178,823,2.0,2.9576609134674072
193,541,1.0,2.7161948680877686
368,567,3.0,2.506779670715332
757,183,4.0,3.8410398960113525
764,633,5.0,4.119192123413086
177,168,4.0,3.8718454837799072
815,229,3.0,3.1618082523345947
395,1028,2.0,3.3904292583465576
97,89,5.0,4.462352752685547
727,815,3.0,2.8571200370788574
11,728,3.0,2.7932732105255127
130,1231,4.0,3.484537124633789
391,507,4.0,3.7577216625213623
332,226,5.0,4.225430011749268
828,1062,4.0,3.4546542167663574
221,298,4.0,3.873178720474243
327,1,4.0,3.519946336746216
864,423,5.0,4.1375203132629395
447,13,5.0,3.520855665206909
188,484,5.0,4.307276248931885
864,625,4.0,3.7038185596466064
206,1022,1.0,2.34397292137146
21,242,3.0,3.784952402114868
14,23,5.0,4.364169597625732
72,48,4.0,4.181321620941162
463,103,1.0,1.573347568511963
272,79,5.0,4.266268253326416
833,1628,3.0,3.0214014053344727
487,313,3.0,4.520917892456055
349,1128,3.0,2.865560531616211
308,293,4.0,3.975524663925171
279,70,1.0,3.736992359161377
445,9,2.0,2.298849582672119
207,204,3.0,3.477932929992676
457,956,4.0,4.1731343269348145
495,629,3.0,3.7852671146392822
648,637,2.0,2.913808584213257
660,41,1.0,2.20672345161438
373,380,4.0,3.403508186340332
62,159,3.0,2.9410674571990967
919,300,4.0,3.560645341873169
663,243,3.0,2.503981590270996
214,166,4.0,4.192042350769043
622,22,4.0,4.293872356414795
339,383,1.0,2.4949400424957275
553,589,5.0,4.225793361663818
146,302,4.0,4.386865139007568
514,294,3.0,3.073164939880371
487,652,5.0,3.983241319656372
679,215,3.0,3.595550537109375
450,1054,2.0,2.689070224761963
343,147,4.0,3.7241029739379883
454,1,3.0,3.0445621013641357
371,97,5.0,3.875434637069702
167,222,4.0,3.6072418689727783
347,24,3.0,3.513950824737549
385,671,3.0,3.349091053009033
450,1119,4.0,3.772463321685791
797,243,2.0,1.8133443593978882
328,798,2.0,2.4682352542877197
1,270,5.0,3.5333786010742188
200,841,3.0,3.435965061187744
151,507,5.0,4.070505619049072
655,628,3.0,2.9432883262634277
95,523,4.0,4.067488670349121
606,827,3.0,3.092139482498169
444,307,3.0,3.6935806274414062
94,68,4.0,3.5924174785614014
393,1210,3.0,3.008770704269409
642,1011,3.0,3.753152370452881
180,191,4.0,4.465534687042236
378,234,4.0,3.791313409805298
524,175,3.0,3.844121217727661
380,496,4.0,3.4904816150665283
707,869,1.0,2.754166841506958
122,1168,4.0,3.7441632747650146
465,191,4.0,3.744169235229492
444,275,4.0,4.186879634857178
578,324,1.0,2.4424781799316406
530,607,5.0,4.0532708168029785
757,1210,2.0,2.6786246299743652
671,195,5.0,4.064828395843506
426,617,3.0,3.650632381439209
94,228,4.0,3.9000213146209717
828,340,5.0,3.010105848312378
660,1035,2.0,2.3282063007354736
544,270,3.0,3.0499250888824463
784,323,4.0,3.376042366027832
244,685,2.0,3.4687836170196533
315,137,5.0,4.2190656661987305
622,742,3.0,3.5826215744018555
927,237,4.0,4.066283702850342
102,82,2.0,2.9854538440704346
470,285,3.0,4.194000244140625
551,1067,2.0,4.026749134063721
506,183,5.0,3.9736387729644775
932,480,5.0,4.561361312866211
1,170,5.0,4.215803146362305
554,692,4.0,3.5063345432281494
450,59,4.0,4.301631450653076
611,301,4.0,3.575098991394043
697,301,5.0,3.760472536087036
215,23,3.0,4.202322006225586
890,403,1.0,3.396254777908325
277,121,2.0,3.204800844192505
85,238,2.0,3.6150383949279785
859,25,4.0,3.926072359085083
301,109,5.0,3.360064744949341
883,589,5.0,4.269417762756348
601,419,4.0,3.0645456314086914
416,475,2.0,4.3006486892700195
815,418,4.0,3.5238521099090576
347,70,2.0,3.715698719024658
363,181,5.0,3.5310723781585693
390,286,4.0,4.003258228302002
648,38,5.0,2.7987072467803955
648,399,4.0,3.1524925231933594
666,510,4.0,3.9177229404449463
193,56,1.0,3.9611313343048096
758,922,5.0,4.436095714569092
274,845,5.0,3.7546310424804688
264,42,5.0,4.231255531311035
344,476,3.0,2.899745225906372
314,1074,3.0,3.443166494369507
135,321,4.0,2.9916770458221436
340,418,5.0,3.7290523052215576
293,70,3.0,3.120702028274536
727,62,3.0,2.769007444381714
892,1,5.0,4.334568500518799
92,183,4.0,3.8734171390533447
833,761,2.0,2.376255750656128
7,133,5.0,4.37460994720459
922,810,4.0,2.706530809402466
130,269,4.0,4.64862585067749
657,873,3.0,2.594939947128296
474,529,5.0,4.278742790222168
693,272,4.0,3.6592304706573486
917,473,3.0,3.210460901260376
269,51,2.0,2.8940927982330322
524,708,4.0,3.3194479942321777
786,285,3.0,4.3334574699401855
311,648,4.0,4.258168697357178
747,169,5.0,4.808873653411865
450,790,2.0,3.2799530029296875
23,217,2.0,2.9439454078674316
394,90,3.0,3.699629545211792
711,1221,4.0,3.633657217025757
270,53,4.0,3.9587576389312744
934,498,3.0,4.344159126281738
296,209,4.0,4.483349323272705
181,1371,1.0,1.427697777748108
326,419,3.0,3.182678461074829
458,427,4.0,4.195683479309082
116,325,3.0,2.2710163593292236
346,96,5.0,3.928921937942505
276,232,3.0,3.495978593826294
66,405,3.0,3.324552297592163
868,132,4.0,3.624722719192505
634,150,3.0,3.8585307598114014
101,826,3.0,2.236248016357422
796,660,5.0,3.9286158084869385
271,514,4.0,3.7330896854400635
650,452,2.0,2.264937162399292
280,554,1.0,3.0149524211883545
650,928,2.0,2.417837142944336
615,988,1.0,2.244990110397339
268,627,3.0,2.7511439323425293
416,333,4.0,3.9011600017547607
344,272,5.0,4.216825008392334
474,1421,4.0,3.723436117172241
488,22,4.0,3.8622448444366455
496,561,5.0,2.384155750274658
910,684,4.0,3.227921724319458
796,258,4.0,3.893472909927368
169,301,4.0,3.130269765853882
311,118,3.0,3.3331878185272217
890,136,5.0,4.243189334869385
390,1296,2.0,3.7267305850982666
269,205,3.0,3.478196382522583
299,482,4.0,3.9497058391571045
92,515,4.0,4.281692981719971
747,603,5.0,4.582906246185303
149,346,4.0,3.1740128993988037
751,209,4.0,3.992703676223755
15,748,3.0,2.611640691757202
94,993,4.0,3.575080633163452
13,173,2.0,4.008843898773193
92,949,3.0,3.3310492038726807
470,9,5.0,3.720914125442505
655,518,2.0,3.2770535945892334
59,503,4.0,3.8146259784698486
104,25,3.0,2.675511360168457
556,327,5.0,3.4943606853485107
321,283,3.0,3.4517996311187744
75,597,3.0,3.2267825603485107
416,526,5.0,4.386173725128174
450,136,5.0,4.458959579467773
13,128,1.0,3.3947675228118896
416,689,4.0,3.387068510055542
588,393,4.0,3.559729814529419
727,755,2.0,2.994999885559082
290,252,3.0,2.6177470684051514
224,1053,3.0,2.6695544719696045
6,274,4.0,3.2317354679107666
276,322,3.0,3.1761629581451416
942,265,5.0,4.34335994720459
217,550,1.0,3.0487215518951416
932,414,4.0,3.8085765838623047
290,699,3.0,3.3521182537078857
736,1388,5.0,3.128072500228882
683,133,5.0,3.5966947078704834
627,47,2.0,3.4446818828582764
387,286,2.0,3.384406089782715
892,155,2.0,3.584138870239258
606,197,3.0,4.547086715698242
897,238,4.0,4.088819980621338
881,177,4.0,3.6569883823394775
524,235,1.0,2.822359561920166
504,234,3.0,3.9350969791412354
937,268,1.0,3.495176315307617
181,1361,1.0,1.7430226802825928
747,488,5.0,4.486163139343262
624,300,4.0,3.796766519546509
227,150,3.0,3.7077295780181885
894,305,4.0,3.880653142929077
110,1090,2.0,2.4114530086517334
653,472,1.0,2.035482406616211
206,310,5.0,2.404890537261963
276,383,2.0,2.2298951148986816
416,388,2.0,3.000502347946167
938,288,5.0,3.483875036239624
200,578,5.0,3.9747097492218018
21,873,2.0,2.5070786476135254
7,386,4.0,3.3156471252441406
347,163,4.0,3.594635248184204
650,211,4.0,3.4829602241516113
450,601,3.0,4.3315348625183105
374,692,5.0,3.503690481185913
303,260,3.0,2.644416093826294
652,259,2.0,2.411315441131592
500,285,3.0,4.0871148109436035
213,144,5.0,4.484183311462402
435,159,5.0,3.026285171508789
393,949,3.0,3.523634195327759
595,820,2.0,2.589745283126831
748,154,3.0,3.628086805343628
639,519,4.0,3.2890350818634033
374,193,4.0,3.976478338241577
301,802,2.0,2.7980797290802
454,228,3.0,2.9488131999969482
705,578,3.0,3.5105810165405273
936,410,3.0,3.4600472450256348
181,1339,1.0,1.1941554546356201
486,328,2.0,3.175664186477661
660,1181,1.0,1.767733097076416
627,1478,3.0,2.598240613937378
533,659,4.0,3.9882209300994873
168,931,3.0,2.0862810611724854
279,64,1.0,4.573011875152588
541,393,3.0,3.6398463249206543
194,168,5.0,3.365713119506836
166,894,4.0,2.2753853797912598
518,147,4.0,3.514859437942505
264,606,5.0,4.735414028167725
661,97,4.0,3.797046422958374
710,181,3.0,3.7281558513641357
931,900,4.0,3.878168821334839
195,227,3.0,3.2738215923309326
694,1455,3.0,3.154219388961792
648,484,5.0,4.0888142585754395
188,468,4.0,3.3888473510742188
618,4,2.0,3.2378790378570557
484,141,4.0,4.042935848236084
715,941,2.0,2.868119239807129
83,301,2.0,3.338705539703369
771,114,4.0,4.303899765014648
710,204,4.0,3.5485734939575195
17,7,4.0,3.230440139770508
299,508,4.0,3.4363653659820557
117,597,4.0,3.5476601123809814
428,690,5.0,3.989142656326294
171,326,2.0,2.993361711502075
881,1078,3.0,2.6595094203948975
7,603,4.0,4.743348598480225
838,257,5.0,4.032695293426514
830,568,4.0,3.586254358291626
893,117,4.0,3.672081708908081
766,520,4.0,3.7739009857177734
921,1016,4.0,3.2649648189544678
848,451,4.0,3.605260133743286
399,763,2.0,2.8520960807800293
59,23,5.0,4.352989673614502
10,157,5.0,3.936988592147827
456,60,4.0,3.914250612258911
49,1009,3.0,2.6136186122894287
58,191,5.0,4.2745680809021
523,412,3.0,2.913408041000366
642,368,4.0,2.1699888706207275
194,518,4.0,3.2031919956207275
782,258,4.0,3.4280078411102295
435,585,3.0,2.234004497528076
332,323,5.0,3.8342959880828857
521,239,5.0,3.0653164386749268
893,410,4.0,3.267930269241333
366,288,4.0,4.20674467086792
230,96,2.0,4.330847263336182
523,382,5.0,4.343068599700928
537,460,2.0,2.2102291584014893
796,485,4.0,4.048431873321533
145,682,3.0,2.877824544906616
243,7,3.0,3.656473159790039
730,1012,5.0,3.2283976078033447
455,288,2.0,3.2452504634857178
25,134,4.0,4.485698223114014
158,1011,4.0,3.478480100631714
10,176,4.0,4.3992204666137695
637,591,3.0,2.7621641159057617
33,751,4.0,3.7134766578674316
802,484,3.0,4.262379169464111
707,1628,5.0,3.347611665725708
537,188,4.0,2.852412223815918
387,435,3.0,3.6335508823394775
758,831,4.0,2.7518913745880127
435,172,5.0,3.951575994491577
416,833,3.0,3.4260804653167725
276,31,4.0,3.7408692836761475
76,7,4.0,3.60475754737854
276,1478,3.0,2.9395296573638916
268,67,3.0,2.589815855026245
393,825,4.0,3.105825662612915
556,340,5.0,3.705192804336548
344,122,1.0,2.2054951190948486
748,194,4.0,3.794415235519409
203,7,3.0,3.9433672428131104
567,257,3.0,3.872391939163208
450,923,5.0,4.549471378326416
258,311,4.0,4.106801986694336
897,451,4.0,3.64350962638855
457,144,5.0,4.383956432342529
770,328,3.0,4.338693141937256
358,221,5.0,3.539513349533081
399,420,3.0,3.163468599319458
301,431,4.0,3.469163179397583
524,77,3.0,3.11975359916687
359,472,4.0,3.4522993564605713
583,286,4.0,4.0137248039245605
665,1315,4.0,3.386758327484131
94,34,1.0,3.105910539627075
570,301,3.0,2.558915376663208
182,423,5.0,3.7226123809814453
736,748,2.0,2.5723650455474854
339,317,4.0,4.235981464385986
815,616,1.0,3.667344808578491
707,1397,1.0,3.7310826778411865
500,82,4.0,3.605292320251465
14,100,5.0,4.327212810516357
85,751,3.0,3.177624225616455
653,431,4.0,2.7020914554595947
688,288,5.0,5.016206741333008
454,162,3.0,2.8811495304107666
467,181,3.0,3.9823176860809326
561,549,2.0,3.0530459880828857
339,655,4.0,4.226908206939697
189,253,4.0,3.7146389484405518
409,527,4.0,3.7857086658477783
234,162,3.0,3.1732943058013916
393,265,4.0,4.036026477813721
102,79,2.0,3.324479818344116
620,173,5.0,4.604554653167725
249,129,5.0,4.243110179901123
883,265,3.0,4.110105514526367
389,1286,5.0,3.3476459980010986
590,15,3.0,3.4850404262542725
915,346,2.0,3.2472126483917236
773,109,4.0,3.0295846462249756
314,147,4.0,3.8907978534698486
451,984,4.0,2.3794643878936768
94,750,4.0,4.01592493057251
551,917,3.0,3.6595771312713623
345,40,3.0,3.0965189933776855
210,172,5.0,4.514825820922852
73,285,4.0,4.12675666809082
244,1012,2.0,3.6945271492004395
119,459,4.0,4.423447132110596
409,206,4.0,3.3785717487335205
213,678,4.0,3.4857776165008545
269,252,1.0,2.2329068183898926
222,448,3.0,3.197373628616333
58,174,4.0,4.292170524597168
150,147,4.0,3.734980344772339
279,203,2.0,3.996131181716919
312,132,5.0,4.384698390960693
108,125,3.0,3.402867317199707
361,194,4.0,3.9112207889556885
747,596,5.0,3.590092897415161
470,93,4.0,3.740342617034912
474,469,4.0,4.045003414154053
788,828,3.0,2.469038724899292
328,318,5.0,4.347848415374756
89,880,5.0,3.4260916709899902
75,1151,2.0,2.2952380180358887
748,326,3.0,2.9826676845550537
612,477,2.0,3.2440574169158936
943,391,2.0,2.802037477493286
655,1466,3.0,3.1996376514434814
486,1302,3.0,3.6375110149383545
340,50,4.0,4.619148254394531
886,1231,3.0,2.440288782119751
332,291,4.0,4.201979637145996
642,357,2.0,4.774928569793701
328,523,5.0,3.9650328159332275
432,405,4.0,3.4872424602508545
342,1016,1.0,3.3584835529327393
561,952,3.0,2.5088257789611816
387,856,5.0,3.626668691635132
846,1133,2.0,3.182941198348999
69,427,3.0,4.433740139007568
561,679,3.0,2.4194107055664062
533,44,4.0,3.2873311042785645
374,427,3.0,4.274177074432373
584,108,3.0,3.0946266651153564
858,181,2.0,3.941293954849243
312,483,5.0,4.845026969909668
181,1346,1.0,0.9328903555870056
869,294,3.0,2.448223829269409
766,375,2.0,1.5996127128601074
92,672,3.0,2.390728235244751
622,46,4.0,3.717191219329834
463,1284,4.0,2.2164666652679443
482,301,4.0,3.353019952774048
45,278,3.0,3.5104668140411377
401,88,4.0,2.8226993083953857
137,546,5.0,3.7574081420898438
38,940,1.0,2.9143807888031006
899,597,2.0,2.906259298324585
69,288,5.0,3.5221283435821533
523,155,4.0,3.823593854904175
574,900,4.0,3.704709053039551
153,64,5.0,3.824638605117798
327,129,4.0,3.5490660667419434
393,323,2.0,3.1221063137054443
342,488,5.0,4.1500020027160645
610,378,5.0,3.5385329723358154
291,95,4.0,4.072185039520264
943,685,4.0,3.2387185096740723
878,517,4.0,3.3938255310058594
515,243,3.0,1.9728538990020752
406,431,3.0,3.3184592723846436
246,369,3.0,1.9544968605041504
147,292,5.0,4.081912040710449
21,15,4.0,3.18721604347229
846,76,4.0,3.580857992172241
908,434,4.0,3.4404423236846924
87,2,4.0,3.540719985961914
126,990,4.0,3.3886866569519043
521,147,4.0,2.9972476959228516
477,739,4.0,4.424978733062744
593,815,3.0,3.2580745220184326
747,82,4.0,3.9989230632781982
465,428,3.0,3.466542959213257
56,265,4.0,4.178563594818115
437,186,3.0,4.029458522796631
627,79,3.0,3.8083314895629883
807,118,4.0,3.4998619556427
303,120,2.0,2.0945332050323486
305,15,1.0,3.1900875568389893
305,382,5.0,3.2484309673309326
5,80,2.0,2.375001907348633
405,446,1.0,2.069530487060547
634,137,3.0,3.9754717350006104
425,96,4.0,3.6294336318969727
293,1286,4.0,2.734752655029297
151,692,3.0,3.736060380935669
934,514,5.0,3.9069883823394775
471,422,5.0,2.5171122550964355
313,655,4.0,3.869982957839966
407,68,4.0,3.3775908946990967
847,602,3.0,3.138936758041382
662,319,3.0,3.4695308208465576
173,984,4.0,3.6909756660461426
269,448,2.0,2.8613150119781494
416,111,4.0,3.8777859210968018
218,789,3.0,3.338041067123413
264,1069,5.0,4.158902168273926
268,790,2.0,2.4624102115631104
303,423,4.0,3.8077938556671143
529,301,4.0,3.5426971912384033
373,559,3.0,3.3408117294311523
311,520,5.0,4.2759270668029785
393,196,4.0,4.0603203773498535
387,972,2.0,3.1737005710601807
633,226,4.0,3.1616268157958984
447,866,2.0,3.2457239627838135
506,271,4.0,3.2265737056732178
485,301,2.0,2.7945404052734375
782,270,4.0,3.219860315322876
322,196,4.0,4.123820781707764
145,823,3.0,2.9071056842803955
846,967,3.0,3.3766324520111084
881,511,5.0,4.0917816162109375
146,311,4.0,3.9962360858917236
869,310,4.0,3.072399377822876
244,193,4.0,4.176199436187744
315,230,4.0,3.8703091144561768
749,233,5.0,3.2892439365386963
788,679,2.0,2.882086992263794
758,676,2.0,3.5972511768341064
527,129,2.0,3.7407848834991455
619,226,5.0,3.3372421264648438
932,211,5.0,4.218425273895264
534,595,4.0,3.8633110523223877
293,367,2.0,2.9571807384490967
539,357,4.0,4.496353626251221
279,22,1.0,4.299245834350586
256,233,4.0,4.0466461181640625
625,705,3.0,3.6756818294525146
371,746,4.0,3.843251943588257
222,441,2.0,2.4291179180145264
852,289,2.0,3.3081367015838623
301,81,3.0,3.5631375312805176
63,748,4.0,2.7547266483306885
354,321,2.0,3.1040663719177246
343,303,4.0,4.064933776855469
580,1014,3.0,3.344160556793213
694,203,4.0,4.2263054847717285
361,430,5.0,3.901646375656128
297,690,5.0,3.1544063091278076
328,744,4.0,3.195312738418579
896,836,3.0,2.986539125442505
805,470,5.0,3.4822566509246826
807,398,3.0,2.6210455894470215
274,924,3.0,3.714488983154297
854,249,3.0,2.681746482849121
256,100,4.0,4.775722503662109
500,1048,3.0,2.772623300552368
16,125,3.0,3.9667351245880127
850,50,5.0,4.814558506011963
214,179,5.0,4.10761022567749
151,1041,3.0,3.236445665359497
267,127,5.0,4.579461574554443
72,770,4.0,3.4732370376586914
107,258,4.0,3.3706324100494385
297,153,5.0,3.5736610889434814
624,1289,3.0,2.2683002948760986
333,513,4.0,4.551826477050781
686,191,5.0,4.867182731628418
486,544,4.0,2.9668567180633545
313,497,4.0,4.005186080932617
561,582,4.0,3.064755916595459
270,98,5.0,5.029111862182617
497,840,3.0,2.6791069507598877
825,235,3.0,3.327808380126953
393,1285,3.0,3.467129707336426
378,665,2.0,2.9603188037872314
378,949,3.0,3.36645245552063
118,164,5.0,4.477280139923096
387,665,2.0,2.6015231609344482
234,45,4.0,3.49773907661438
151,546,2.0,3.17488431930542
874,311,4.0,3.745175361633301
168,151,5.0,3.585523843765259
629,196,4.0,4.282138347625732
85,530,3.0,4.058383941650391
224,748,3.0,2.703707456588745
591,1028,3.0,2.783081293106079
324,331,4.0,4.392889499664307
181,251,1.0,2.0088813304901123
913,151,4.0,3.2804224491119385
293,1057,2.0,1.6626300811767578
416,1037,2.0,1.9618585109710693
327,517,2.0,3.505950689315796
407,729,4.0,3.259577512741089
782,313,5.0,3.986610174179077
785,661,3.0,4.193779945373535
256,550,5.0,4.122928142547607
381,133,5.0,4.10066032409668
826,946,3.0,3.58514404296875
650,520,4.0,3.613556146621704
457,157,5.0,4.0611724853515625
399,1179,2.0,1.4134929180145264
682,627,4.0,2.8236653804779053
406,129,5.0,3.713454008102417
70,82,4.0,3.5813491344451904
469,654,4.0,4.74907922744751
254,384,1.0,2.5326178073883057
234,97,2.0,3.1880452632904053
416,763,5.0,3.6690657138824463
851,1245,4.0,3.5814411640167236
373,842,3.0,3.205960750579834
839,111,4.0,3.3720223903656006
43,323,3.0,3.1408913135528564
437,281,1.0,3.1169848442077637
378,405,3.0,3.1787447929382324
230,739,5.0,3.5786983966827393
671,511,3.0,4.4564971923828125
648,127,3.0,4.22638463973999
625,4,4.0,3.2398617267608643
566,78,1.0,2.1922686100006104
389,686,3.0,3.799063205718994
416,452,3.0,3.103642702102661
612,476,3.0,3.0789055824279785
911,483,3.0,4.485164165496826
269,133,3.0,3.393343925476074
276,765,3.0,2.9505255222320557
273,313,3.0,4.4337334632873535
640,302,5.0,4.806220054626465
519,1617,5.0,2.944714307785034
217,1222,1.0,2.501544237136841
403,258,4.0,3.98492169380188
8,341,2.0,3.6974174976348877
234,1121,5.0,3.174806594848633
707,747,3.0,3.261772394180298
663,658,4.0,3.4794161319732666
712,168,2.0,4.242959499359131
453,797,1.0,2.8054542541503906
378,629,5.0,3.2128117084503174
712,4,4.0,3.8331048488616943
177,98,5.0,4.0807037353515625
91,750,5.0,3.972081422805786
763,230,3.0,3.737321615219116
454,140,3.0,2.3203165531158447
666,603,4.0,4.2064619064331055
346,549,4.0,3.505812168121338
266,325,1.0,2.413256883621216
44,294,4.0,3.1107075214385986
345,71,3.0,3.9775240421295166
392,249,1.0,3.6308133602142334
378,977,3.0,2.597780704498291
622,284,1.0,3.155968427658081
71,89,5.0,4.174225330352783
468,257,4.0,4.0880327224731445
660,432,4.0,2.9250481128692627
775,329,3.0,3.244926691055298
39,269,4.0,4.159585475921631
889,72,3.0,2.9756407737731934
201,288,4.0,2.942530870437622
684,408,5.0,4.494753837585449
824,245,2.0,2.7560176849365234
455,269,4.0,3.85685658454895
95,568,4.0,3.5993545055389404
901,142,4.0,3.4047791957855225
85,495,3.0,3.4851977825164795
539,131,4.0,3.9888412952423096
379,284,4.0,3.4455149173736572
857,348,1.0,3.472827672958374
894,536,5.0,3.6074650287628174
330,73,5.0,4.397215366363525
927,928,4.0,3.5474791526794434
870,528,4.0,3.8539316654205322
230,633,4.0,4.275848865509033
592,815,3.0,3.3769147396087646
406,1008,4.0,3.4252207279205322
889,427,4.0,4.127588272094727
655,1012,3.0,2.927553176879883
363,555,1.0,1.4157137870788574
291,82,4.0,4.101694583892822
864,317,4.0,4.323404788970947
89,197,5.0,4.506659984588623
279,176,3.0,4.125796794891357
201,587,4.0,3.241734743118286
457,744,3.0,3.857464551925659
95,862,1.0,2.105133533477783
42,736,5.0,4.020792007446289
486,766,4.0,3.150190591812134
875,511,5.0,4.406910419464111
701,292,4.0,3.8481690883636475
593,1016,4.0,3.585439920425415
1,122,3.0,2.200829267501831
788,12,5.0,4.182992935180664
339,640,5.0,3.4238173961639404
883,513,5.0,4.635274410247803
823,419,4.0,3.916578531265259
222,476,3.0,2.6961722373962402
653,154,3.0,3.0513737201690674
786,528,5.0,4.287429332733154
588,155,5.0,3.3094046115875244
13,1,3.0,3.672227382659912
77,1,5.0,3.5111629962921143
130,876,4.0,3.454545259475708
279,1244,3.0,3.1607415676116943
181,846,3.0,1.4256377220153809
320,89,4.0,4.609969615936279
699,211,1.0,3.8515970706939697
361,466,4.0,3.600438117980957
229,312,3.0,2.57700252532959
14,474,4.0,4.501408100128174
713,690,1.0,2.7901151180267334
292,298,4.0,4.221786022186279
1,120,1.0,2.0514824390411377
312,654,5.0,4.527737140655518
484,14,4.0,4.4312262535095215
344,716,3.0,3.0372047424316406
806,675,3.0,3.741809129714966
625,97,4.0,3.3769102096557617
183,331,3.0,3.2645299434661865
758,496,3.0,4.4860405921936035
299,538,3.0,3.224064826965332
356,347,4.0,3.52048397064209
465,481,4.0,3.4143106937408447
163,286,3.0,3.164062738418579
144,318,5.0,4.338531970977783
711,162,5.0,3.8795006275177
42,491,3.0,3.96146559715271
95,405,3.0,3.180020570755005
158,4,4.0,3.794877290725708
381,493,4.0,4.412830352783203
429,216,4.0,3.8597233295440674
428,242,4.0,4.676878452301025
144,248,4.0,3.5832011699676514
678,111,4.0,3.3637139797210693
102,230,2.0,2.7991247177124023
436,869,4.0,3.3305633068084717
705,597,4.0,3.3415284156799316
934,648,3.0,4.153285503387451
458,517,4.0,3.74997615814209
346,226,3.0,3.1873319149017334
457,470,5.0,4.084993839263916
830,288,1.0,3.3574631214141846
249,56,5.0,4.429563045501709
774,52,3.0,2.42816424369812
655,914,3.0,1.781738519668579
889,182,4.0,3.861233949661255
157,235,5.0,3.3498499393463135
293,628,3.0,2.959761619567871
497,395,4.0,2.238283634185791
682,318,4.0,4.215071201324463
870,713,4.0,3.4253902435302734
221,1067,3.0,3.8321163654327393
15,546,2.0,2.3918168544769287
209,16,4.0,2.7862892150878906
435,67,4.0,2.7265784740448
772,678,4.0,3.5264549255371094
299,25,3.0,3.2061121463775635
448,305,4.0,3.4359617233276367
643,655,4.0,3.989170789718628
234,765,3.0,2.246337652206421
666,651,5.0,3.9047186374664307
276,63,3.0,3.102583169937134
122,553,3.0,3.5388100147247314
328,12,5.0,4.205880165100098
1,224,5.0,3.869290590286255
738,177,4.0,3.773286819458008
930,113,5.0,3.5887887477874756
875,64,5.0,4.627501487731934
380,518,3.0,3.2097203731536865
406,24,3.0,3.3004767894744873
81,269,3.0,3.854597330093384
863,1024,3.0,3.479804515838623
115,496,1.0,4.2753190994262695
537,661,4.0,3.4132823944091797
92,576,2.0,2.868053674697876
642,15,5.0,3.994816541671753
207,1170,2.0,2.786999225616455
868,1509,1.0,1.6283819675445557
305,1,5.0,3.4907851219177246
577,208,4.0,4.1864190101623535
798,394,4.0,3.5259764194488525
701,311,5.0,4.078708171844482
537,681,1.0,1.7268435955047607
435,1039,4.0,3.8104937076568604
669,271,2.0,2.7181966304779053
450,234,3.0,4.085318565368652
382,475,3.0,3.5967485904693604
749,423,4.0,3.8804214000701904
405,877,1.0,2.1494388580322266
890,152,4.0,3.668368101119995
305,1485,3.0,3.7264325618743896
495,770,3.0,3.9730679988861084
87,216,5.0,4.31104850769043
10,708,4.0,3.832659959793091
405,1229,1.0,1.1955151557922363
82,1001,1.0,1.5652778148651123
457,147,5.0,3.9336740970611572
635,13,2.0,3.3023664951324463
42,185,4.0,4.269771099090576
727,550,4.0,3.0344619750976562
795,173,4.0,3.826281785964966
189,847,4.0,4.016556262969971
301,186,4.0,3.9328720569610596
291,249,4.0,3.5824854373931885
641,124,4.0,4.369437217712402
878,152,4.0,3.158529281616211
385,378,1.0,3.2560081481933594
788,227,3.0,3.1784183979034424
913,25,3.0,3.065373182296753
542,959,3.0,3.4145500659942627
450,742,4.0,3.854686975479126
930,257,4.0,3.2470719814300537
716,143,5.0,3.8949201107025146
57,831,1.0,2.535205125808716
829,268,4.0,3.538200855255127
899,474,3.0,4.148112773895264
234,832,2.0,1.7487279176712036
679,42,4.0,3.5842831134796143
515,690,2.0,3.026343584060669
303,535,1.0,3.146833658218384
796,1037,2.0,1.73421049118042
591,466,3.0,3.5571367740631104
870,789,4.0,3.328263998031616
792,405,3.0,3.135420083999634
913,474,5.0,3.944711923599243
437,730,3.0,3.7593109607696533
705,588,3.0,4.016833305358887
236,420,4.0,3.3617403507232666
290,739,3.0,2.99007511138916
343,931,3.0,2.47291898727417
421,175,2.0,3.8875067234039307
170,984,5.0,3.531407594680786
429,73,3.0,3.3343441486358643
547,289,3.0,3.211463689804077
682,834,3.0,1.722567081451416
501,591,4.0,3.9149229526519775
758,109,3.0,3.7622554302215576
892,500,5.0,4.2752509117126465
892,121,4.0,3.8789565563201904
416,942,4.0,3.914415121078491
246,426,3.0,2.4915871620178223
450,79,4.0,4.313887596130371
719,121,1.0,2.9231042861938477
405,670,1.0,1.8277812004089355
90,52,5.0,4.252070426940918
367,234,4.0,4.4919562339782715
270,148,4.0,4.190025806427002
287,591,5.0,4.074283123016357
325,191,3.0,3.9851043224334717
405,181,5.0,2.6199796199798584
708,763,4.0,3.1835482120513916
381,483,5.0,4.649591445922852
922,579,3.0,2.6259615421295166
734,191,4.0,3.94323468208313
82,235,1.0,2.417489528656006
330,63,3.0,4.00222635269165
144,655,5.0,3.8399875164031982
543,410,3.0,2.8965003490448
230,570,4.0,3.482450246810913
838,300,2.0,3.8047995567321777
62,815,3.0,2.833298921585083
798,560,3.0,2.731452703475952
504,503,4.0,3.7593324184417725
661,86,4.0,4.015699863433838
416,631,3.0,4.008657455444336
804,1060,3.0,3.1897644996643066
26,302,5.0,3.8421895503997803
291,1109,4.0,3.7295634746551514
458,513,4.0,4.371875286102295
406,747,2.0,3.2613954544067383
174,1313,4.0,3.2409255504608154
749,273,4.0,3.653427839279175
40,754,4.0,2.6084189414978027
421,709,4.0,4.00131368637085
409,937,2.0,3.3062031269073486
429,1079,2.0,1.8618345260620117
399,400,3.0,1.9646384716033936
64,135,4.0,4.003127574920654
788,1183,2.0,2.4540598392486572
751,1140,2.0,2.0519306659698486
872,1284,3.0,3.1500139236450195
417,29,2.0,2.5397026538848877
91,612,4.0,4.054883003234863
745,168,3.0,3.110027313232422
831,354,4.0,3.253319501876831
334,286,4.0,3.534780502319336
545,732,4.0,3.722454309463501
940,98,4.0,3.900766611099243
468,1134,5.0,3.5925776958465576
588,72,4.0,3.430954694747925
251,978,2.0,2.652446746826172
227,124,4.0,3.9844553470611572
751,436,4.0,3.4576117992401123
830,732,5.0,3.6316168308258057
660,230,3.0,2.7789289951324463
144,454,3.0,2.9091551303863525
431,327,3.0,3.42389178276062
709,1059,5.0,2.6477062702178955
243,28,4.0,3.898656129837036
216,652,4.0,4.011816501617432
655,435,2.0,3.360058069229126
938,106,5.0,2.9580600261688232
943,12,5.0,4.305069923400879
18,517,2.0,3.923414945602417
318,307,3.0,3.655285120010376
372,1090,5.0,3.5034334659576416
30,2,3.0,3.4677326679229736
54,1088,3.0,2.3183391094207764
181,273,1.0,1.8745877742767334
543,86,4.0,3.7371277809143066
195,413,3.0,2.530996084213257
326,153,4.0,3.3356761932373047
519,991,2.0,3.4122228622436523
858,289,3.0,2.978853225708008
567,23,4.0,4.138509750366211
499,176,4.0,4.0461859703063965
234,389,3.0,2.787081003189087
697,833,3.0,3.593902826309204
385,98,4.0,3.7716431617736816
263,50,5.0,4.605292797088623
606,79,3.0,4.385361194610596
160,1019,5.0,4.168454647064209
785,496,4.0,4.133904933929443
472,227,5.0,4.276612758636475
72,180,4.0,4.007576942443848
828,510,3.0,3.538130044937134
189,313,2.0,4.522660732269287
447,231,2.0,2.814584255218506
846,601,5.0,4.2112321853637695
276,14,4.0,4.150639533996582
234,842,4.0,2.3838798999786377
56,588,4.0,4.080546855926514
681,304,3.0,3.626192808151245
276,382,4.0,3.766925096511841
479,238,4.0,3.671837568283081
704,679,2.0,2.8665807247161865
500,763,3.0,3.1247642040252686
391,604,4.0,4.004284381866455
654,418,4.0,3.5097196102142334
199,678,1.0,2.2092232704162598
615,519,5.0,4.152089595794678
73,480,4.0,4.247697830200195
543,23,4.0,3.938905954360962
495,1182,3.0,2.8481547832489014
649,254,4.0,2.6705775260925293
577,655,4.0,4.158829212188721
433,174,5.0,4.053080081939697
710,510,4.0,3.8220126628875732
605,325,2.0,2.7464499473571777
927,228,5.0,4.211358070373535
686,98,5.0,4.838771343231201
267,169,5.0,4.8173394203186035
727,257,2.0,3.631068706512451
630,25,2.0,3.30468487739563
632,475,3.0,3.920900583267212
917,100,4.0,4.192774295806885
573,479,4.0,4.069870471954346
693,222,2.0,3.060234308242798
75,114,4.0,4.471837520599365
73,269,4.0,3.881026029586792
5,380,3.0,2.911207437515259
222,678,3.0,2.421104669570923
635,301,3.0,3.0661752223968506
280,324,5.0,3.325746536254883
741,582,3.0,3.54580020904541
303,56,5.0,4.102089881896973
650,98,4.0,3.6947171688079834
188,69,4.0,4.006475925445557
816,1025,4.0,3.6156299114227295
296,22,4.0,4.631889820098877
518,118,5.0,3.2612812519073486
621,40,3.0,3.2598536014556885
435,55,5.0,3.513415575027466
160,50,4.0,4.5315423011779785
753,427,5.0,3.860692262649536
404,343,1.0,3.118584394454956
560,13,3.0,3.376082181930542
472,250,5.0,4.3087568283081055
181,117,2.0,1.7702956199645996
592,323,1.0,3.157952070236206
892,649,5.0,3.9223520755767822
798,1239,4.0,2.4853029251098633
49,418,3.0,2.7246286869049072
293,589,4.0,3.54964280128479
833,515,3.0,3.83971905708313
530,98,4.0,4.301103115081787
779,275,4.0,4.30333137512207
881,473,2.0,2.8842408657073975
707,1176,2.0,3.5391485691070557
95,650,4.0,3.402266263961792
642,186,5.0,4.3370795249938965
724,272,5.0,3.1889312267303467
303,79,5.0,4.064692497253418
334,23,4.0,3.997727155685425
466,127,3.0,4.15108060836792
478,124,4.0,3.974871873855591
458,58,5.0,3.402254581451416
348,477,3.0,3.905845880508423
825,174,5.0,4.560676574707031
588,268,5.0,3.9509060382843018
82,640,3.0,2.6166703701019287
148,89,5.0,4.294997215270996
316,283,5.0,3.1345911026000977
305,631,3.0,3.2980668544769287
18,65,5.0,3.6146204471588135
397,210,4.0,3.8976786136627197
537,81,3.0,2.826590061187744
348,368,3.0,2.406003952026367
642,1503,2.0,3.585763454437256
503,488,5.0,4.398556709289551
482,249,2.0,3.3300654888153076
536,73,4.0,3.7646565437316895
4,361,5.0,4.442313194274902
18,317,5.0,4.047780513763428
673,898,3.0,3.370800256729126
402,135,4.0,4.239268779754639
829,213,4.0,3.7307815551757812
308,5,4.0,3.296602964401245
628,294,4.0,4.1618170738220215
254,1469,3.0,2.7360026836395264
526,544,1.0,2.814826726913452
13,843,5.0,2.8411002159118652
468,124,5.0,4.3328022956848145
70,423,5.0,3.610220193862915
405,1530,1.0,1.4058154821395874
267,81,4.0,3.8430335521698
903,100,5.0,4.228917598724365
617,604,2.0,3.186852216720581
451,938,4.0,2.324517011642456
454,15,2.0,2.7607035636901855
152,1054,1.0,3.3728139400482178
699,298,4.0,3.633897066116333
233,143,4.0,4.110682964324951
380,1116,4.0,2.702256441116333
269,211,4.0,3.440462350845337
92,56,5.0,4.021876335144043
95,420,4.0,3.5769221782684326
630,118,4.0,3.0852713584899902
899,428,4.0,3.8575875759124756
454,385,3.0,2.834045648574829
116,11,5.0,3.465778112411499
406,174,4.0,4.109238624572754
445,628,1.0,2.117889642715454
279,843,4.0,3.2118637561798096
313,768,3.0,2.7273123264312744
801,313,5.0,5.153757095336914
8,243,2.0,2.7267277240753174
405,1522,1.0,1.474449872970581
243,125,3.0,3.32342267036438
910,252,2.0,2.3308498859405518
603,229,4.0,3.2440950870513916
378,126,4.0,3.8595197200775146
130,546,4.0,3.7520365715026855
234,286,3.0,3.144805431365967
235,1149,4.0,3.9842545986175537
867,657,5.0,4.6225972175598145
478,393,4.0,3.160804510116577
280,1313,5.0,3.361647367477417
370,199,4.0,4.043285846710205
70,186,4.0,3.786728620529175
426,199,5.0,4.146196365356445
528,402,4.0,3.5135302543640137
932,47,4.0,3.8807170391082764
87,491,5.0,4.104072093963623
506,231,3.0,2.7891695499420166
201,209,3.0,3.6607258319854736
851,31,4.0,3.802582263946533
348,472,4.0,3.67145037651062
211,9,3.0,3.3218133449554443
569,756,3.0,2.7038681507110596
546,860,4.0,3.2088754177093506
256,1042,5.0,4.001395225524902
334,28,3.0,3.8621714115142822
663,895,4.0,3.1831960678100586
399,180,3.0,3.5834922790527344
460,294,2.0,2.740753173828125
896,19,2.0,3.4594733715057373
451,286,1.0,3.4020915031433105
64,188,4.0,3.546898126602173
299,52,4.0,3.6498045921325684
405,423,5.0,2.3111703395843506
469,173,4.0,4.7289886474609375
655,786,2.0,2.305290460586548
297,218,3.0,3.260406494140625
701,344,3.0,4.1325507164001465
724,682,1.0,2.1815640926361084
435,578,5.0,3.028937578201294
59,611,3.0,4.382208824157715
198,385,3.0,3.2752058506011963
458,288,3.0,3.284071683883667
684,265,4.0,3.8725903034210205
867,1159,5.0,3.808257579803467
487,1244,2.0,3.1768906116485596
875,334,4.0,3.45377516746521
885,451,2.0,2.9477756023406982
450,1521,3.0,3.293574094772339
885,428,4.0,3.7348039150238037
618,763,2.0,2.926945447921753
304,742,3.0,3.545685291290283
903,4,4.0,3.7083957195281982
709,568,4.0,3.6132493019104004
798,1249,4.0,3.106771945953369
747,1456,3.0,4.373295307159424
291,238,5.0,4.118103504180908
671,405,3.0,3.4321537017822266
886,265,4.0,3.767781972885132
405,1562,1.0,1.3905646800994873
807,422,4.0,3.008833169937134
328,606,3.0,4.169232368469238
790,4,3.0,3.334444999694824
796,880,3.0,3.19958758354187
308,201,5.0,3.567119836807251
291,1067,4.0,4.102860450744629
422,760,3.0,2.7934443950653076
776,219,3.0,3.2150344848632812
453,693,5.0,3.4971001148223877
459,358,2.0,2.776782274246216
59,403,5.0,3.548961877822876
189,28,4.0,4.178123950958252
833,508,5.0,3.127847909927368
479,1244,3.0,2.820978879928589
234,746,2.0,3.1562912464141846
308,241,4.0,3.6354897022247314
62,24,4.0,3.206075429916382
92,368,1.0,1.5057926177978516
563,301,4.0,3.599062204360962
638,472,3.0,2.562852144241333
916,212,5.0,3.0590360164642334
396,471,4.0,3.779784679412842
193,693,4.0,3.575871706008911
76,24,2.0,3.3150904178619385
865,676,2.0,2.2553489208221436
352,431,2.0,3.4515163898468018
887,65,5.0,4.053341388702393
293,588,3.0,3.2901628017425537
337,121,5.0,3.7259888648986816
805,708,3.0,3.3423912525177
618,1048,3.0,2.572082757949829
60,97,3.0,3.969860792160034
346,241,4.0,3.397231101989746
659,675,4.0,3.778244972229004
846,780,4.0,3.2301738262176514
753,504,3.0,3.471203088760376
1,72,4.0,3.0873632431030273
392,286,2.0,4.046352863311768
148,189,4.0,4.231975555419922
166,315,3.0,4.410669326782227
814,17,3.0,2.8434202671051025
801,890,2.0,3.162651777267456
807,186,4.0,4.205627918243408
689,358,4.0,2.7721738815307617
787,307,4.0,3.3573553562164307
295,105,4.0,3.1136229038238525
193,127,5.0,4.2100372314453125
163,97,4.0,3.2073023319244385
916,559,3.0,2.903245687484741
10,484,5.0,4.5216803550720215
610,70,4.0,3.5033297538757324
222,216,4.0,3.7645795345306396
633,322,3.0,2.870708703994751
872,273,3.0,3.7867414951324463
524,216,5.0,3.874016046524048
539,481,4.0,4.0348591804504395
288,190,1.0,4.193154811859131
532,135,3.0,4.69645357131958
145,591,4.0,3.606450080871582
921,1287,1.0,1.193185806274414
161,1117,3.0,1.883073091506958
758,616,4.0,3.957069158554077
389,518,4.0,3.913228750228882
85,203,5.0,3.7810065746307373
321,507,3.0,3.5663044452667236
181,1252,1.0,1.503690481185913
49,557,3.0,2.7549567222595215
763,47,3.0,3.836480140686035
380,483,4.0,3.8577940464019775
514,228,5.0,3.8193600177764893
556,988,1.0,2.4938805103302
665,105,2.0,2.305912733078003
847,174,4.0,3.733192205429077
487,462,2.0,4.025516986846924
291,581,5.0,3.543123960494995
620,755,5.0,3.819314956665039
674,304,3.0,3.735153913497925
754,359,3.0,3.113044500350952
194,50,3.0,3.7343995571136475
381,526,4.0,4.195872783660889
347,356,5.0,3.2780826091766357
454,879,4.0,2.396324396133423
825,984,5.0,3.154947519302368
223,309,4.0,2.6860811710357666
450,381,2.0,3.8989546298980713
535,300,3.0,3.635810136795044
782,1379,3.0,3.028388261795044
711,248,5.0,3.87573504447937
165,202,4.0,3.8791377544403076
293,1421,2.0,2.85815691947937
532,815,4.0,3.909259080886841
299,378,3.0,3.517744779586792
682,742,3.0,3.285085678100586
83,993,2.0,3.570443868637085
681,898,4.0,3.277571439743042
592,15,5.0,3.832294225692749
535,121,4.0,3.38935923576355
204,1,2.0,3.661639451980591
381,724,3.0,3.5539638996124268
618,135,4.0,3.7243030071258545
643,845,3.0,3.3579933643341064
488,678,2.0,2.28556227684021
452,52,3.0,3.473907709121704
240,349,1.0,3.5083167552948
732,286,5.0,3.9287569522857666
468,955,4.0,3.6641616821289062
656,316,3.0,3.2443654537200928
313,98,4.0,4.137217998504639
262,44,2.0,3.219820261001587
216,405,3.0,3.386521100997925
305,1286,5.0,2.9218368530273438
901,259,2.0,3.1264374256134033
6,459,2.0,3.661609172821045
259,117,4.0,3.9321744441986084
92,674,4.0,3.062100648880005
271,705,4.0,3.8723132610321045
442,239,3.0,3.109006643295288
223,477,3.0,3.0054428577423096
6,405,1.0,2.937777280807495
922,77,4.0,3.124403238296509
269,64,4.0,3.938464403152466
347,392,2.0,3.6208956241607666
882,180,4.0,4.350257873535156
450,92,4.0,3.830919027328491
659,186,3.0,4.027157783508301
629,504,4.0,4.217332363128662
519,908,5.0,3.4897611141204834
308,419,4.0,3.706491231918335
409,170,4.0,4.057919979095459
356,315,4.0,4.186196327209473
239,195,5.0,4.095956325531006
919,270,4.0,3.525803804397583
293,732,3.0,3.0980441570281982
343,83,4.0,4.373859882354736
648,168,5.0,3.9183690547943115
450,608,4.0,4.232882976531982
847,756,1.0,2.1485378742218018
21,291,3.0,2.9833788871765137
880,12,5.0,4.524750709533691
234,136,4.0,3.6536104679107666
405,168,1.0,2.4882795810699463
402,471,4.0,3.707956552505493
500,10,3.0,3.7334916591644287
694,632,4.0,4.196568012237549
202,179,1.0,3.1091010570526123
405,171,1.0,2.4204442501068115
735,100,2.0,3.7918765544891357
595,273,3.0,3.4680721759796143
660,281,3.0,2.181082248687744
933,219,1.0,2.6631524562835693
422,181,4.0,3.991934061050415
829,124,4.0,3.8892481327056885
862,515,4.0,4.998675346374512
59,1050,2.0,3.7557313442230225
889,223,4.0,4.057772159576416
7,357,5.0,4.8025946617126465
1,183,5.0,3.8779213428497314
716,197,5.0,4.379550933837891
150,288,4.0,3.6579675674438477
551,230,5.0,3.860046625137329
60,8,3.0,4.221356391906738
382,717,3.0,2.2476649284362793
594,15,4.0,3.0346779823303223
279,96,4.0,4.140172958374023
184,478,4.0,4.230610370635986
554,238,3.0,3.7571322917938232
523,210,5.0,4.597273826599121
234,285,4.0,3.7049829959869385
592,70,4.0,3.9508817195892334
815,655,3.0,4.040753364562988
567,194,3.0,4.006857395172119
393,363,3.0,2.997770071029663
705,1544,4.0,2.712754011154175
790,213,3.0,3.712110757827759
276,325,3.0,2.8045101165771484
117,588,3.0,4.2185282707214355
375,233,4.0,3.2989094257354736
43,336,4.0,2.8076179027557373
153,22,2.0,3.5517594814300537
869,126,2.0,3.3103115558624268
401,477,1.0,2.5201852321624756
266,289,3.0,2.6885626316070557
235,135,4.0,4.030118465423584
585,1347,2.0,3.5823421478271484
724,327,4.0,2.287059783935547
287,168,5.0,4.486802101135254
366,436,5.0,4.408971786499023
70,398,2.0,2.0263617038726807
231,151,1.0,4.019237995147705
293,303,4.0,3.214392900466919
756,919,5.0,3.438263416290283
271,44,4.0,3.2684624195098877
711,380,3.0,3.3980414867401123
75,427,4.0,4.436979293823242
793,458,3.0,3.3475046157836914
595,676,2.0,3.103188991546631
747,1067,2.0,3.999987840652466
587,353,2.0,2.0816853046417236
766,194,3.0,3.639075517654419
746,566,4.0,3.4507319927215576
373,210,5.0,4.078358173370361
435,1028,2.0,2.7142646312713623
682,87,5.0,3.721440076828003
181,264,2.0,1.6220650672912598
682,1225,4.0,2.271949529647827
87,21,3.0,3.184675455093384
354,387,4.0,3.3270411491394043
12,318,5.0,4.835531234741211
308,428,5.0,4.051331520080566
885,213,3.0,3.7082765102386475
201,150,4.0,3.4135901927948
354,25,2.0,3.390336275100708
389,208,5.0,4.045480728149414
751,419,4.0,3.5455610752105713
751,739,3.0,3.1329331398010254
927,1415,4.0,2.7652029991149902
765,15,2.0,3.9766337871551514
83,71,3.0,3.952317476272583
193,82,2.0,3.6379644870758057
619,181,4.0,3.9538028240203857
332,1315,2.0,4.313598155975342
307,483,5.0,4.603060245513916
663,588,4.0,3.9481256008148193
339,9,5.0,4.02996301651001
184,568,2.0,3.629032850265503
483,257,2.0,3.4700257778167725
254,418,3.0,3.2010202407836914
142,362,3.0,2.9317917823791504
839,7,2.0,3.5980019569396973
537,705,3.0,3.255317449569702
293,22,3.0,3.687830686569214
584,423,4.0,3.6950342655181885
393,477,3.0,3.355773687362671
488,493,3.0,3.9041688442230225
406,652,2.0,3.6391875743865967
95,742,4.0,3.5203182697296143
773,29,2.0,2.270371675491333
435,4,4.0,3.401219129562378
397,95,4.0,3.665008544921875
892,480,4.0,4.83294677734375
804,39,2.0,3.3998868465423584
661,427,4.0,4.365641117095947
385,961,4.0,3.3085973262786865
588,73,3.0,3.6886680126190186
145,1215,2.0,1.8843214511871338
933,193,4.0,3.3255581855773926
40,333,4.0,2.977670907974243
125,153,2.0,3.7857985496520996
704,289,3.0,2.79463267326355
334,500,3.0,3.6547417640686035
10,505,4.0,4.353338718414307
450,619,3.0,3.6412436962127686
285,198,5.0,4.062605381011963
661,209,4.0,4.166494369506836
440,57,5.0,4.7140793800354
380,480,4.0,3.70495867729187
661,170,4.0,4.342133045196533
774,554,1.0,1.3072810173034668
870,802,3.0,2.3381474018096924
697,129,5.0,4.338674068450928
13,413,1.0,2.302351951599121
618,151,3.0,3.2683558464050293
864,794,3.0,3.922678232192993
4,288,4.0,4.360444068908691
757,399,3.0,3.131593942642212
109,122,2.0,2.246513843536377
312,97,5.0,4.051812648773193
921,932,3.0,2.6101760864257812
532,125,5.0,4.191400051116943
239,96,5.0,4.2753777503967285
795,72,3.0,2.768777847290039
94,1032,2.0,2.998908758163452
431,286,4.0,3.7543551921844482
59,111,4.0,3.749270439147949
344,235,3.0,2.8414480686187744
499,295,2.0,3.381840467453003
416,972,4.0,3.8470165729522705
222,198,4.0,3.873389482498169
423,898,4.0,3.128241777420044
152,25,3.0,4.409666061401367
59,429,4.0,4.2785210609436035
405,525,1.0,2.224266529083252
387,222,4.0,3.367868423461914
286,85,5.0,3.4943878650665283
642,133,5.0,4.353439807891846
910,125,3.0,2.9516184329986572
807,748,4.0,3.488354444503784
293,222,3.0,3.108269453048706
445,1378,2.0,1.5806951522827148
334,527,3.0,3.850172281265259
276,1081,3.0,3.613410711288452
296,652,4.0,4.205637454986572
795,771,3.0,2.0770113468170166
661,756,3.0,2.879411220550537
632,100,3.0,4.046945095062256
682,1220,4.0,3.0483920574188232
152,284,5.0,4.178608417510986
736,254,1.0,1.7788054943084717
484,315,3.0,4.544507026672363
73,59,5.0,3.918447732925415
393,684,4.0,3.8173651695251465
397,498,4.0,4.258738040924072
601,21,3.0,2.071021795272827
887,279,5.0,3.8883607387542725
195,651,5.0,3.998378038406372
250,340,4.0,3.8535940647125244
835,237,4.0,4.01824426651001
340,15,5.0,3.8160817623138428
530,357,5.0,4.471415996551514
707,221,4.0,3.6759750843048096
918,133,1.0,3.5135669708251953
85,194,4.0,3.8549106121063232
503,97,4.0,3.878819704055786
848,739,5.0,3.6107733249664307
847,109,5.0,2.8186662197113037
286,237,2.0,4.023768901824951
244,815,4.0,3.337635040283203
325,176,3.0,3.7854604721069336
180,235,4.0,3.2190499305725098
848,755,5.0,3.6218345165252686
889,575,3.0,2.25168776512146
416,1262,5.0,3.947263479232788
301,227,3.0,3.296891450881958
648,208,5.0,3.887582540512085
843,298,2.0,2.9170472621917725
58,1069,2.0,3.6276345252990723
758,1019,4.0,4.373538970947266
644,328,4.0,4.048985481262207
650,494,3.0,3.584178924560547
26,100,5.0,3.7383339405059814
610,195,3.0,3.728050947189331
60,502,4.0,4.074603080749512
316,100,4.0,3.5010688304901123
299,235,1.0,2.68818998336792
59,588,2.0,4.054158687591553
409,680,1.0,2.2235324382781982
255,879,3.0,2.665405511856079
293,29,1.0,2.076847791671753
551,979,4.0,3.661459445953369
500,729,4.0,3.2025046348571777
756,421,4.0,3.2470815181732178
660,95,2.0,2.9262192249298096
151,482,4.0,4.359889030456543
757,658,2.0,3.286726236343384
204,242,5.0,3.956749200820923
868,89,4.0,3.8386709690093994
233,47,5.0,4.087975978851318
253,79,5.0,4.183298587799072
49,313,3.0,3.626253128051758
672,1023,2.0,2.2388923168182373
566,386,1.0,2.5084877014160156
26,405,2.0,2.8199050426483154
125,258,5.0,3.7823479175567627
151,238,5.0,3.9868576526641846
425,670,3.0,2.6163127422332764
327,288,4.0,3.039585828781128
894,275,4.0,4.094537258148193
698,427,1.0,3.2519235610961914
60,661,4.0,4.42286491394043
786,179,4.0,4.151662826538086
12,300,4.0,4.026823043823242
775,286,4.0,3.723747968673706
293,51,3.0,2.9175608158111572
429,162,4.0,3.558335542678833
437,218,2.0,3.552586793899536
398,603,4.0,4.192568302154541
742,284,3.0,2.9831302165985107
503,174,5.0,4.440607070922852
181,275,3.0,2.152944326400757
479,472,1.0,2.738301992416382
89,26,3.0,3.8237404823303223
870,100,4.0,3.7691128253936768
864,12,5.0,4.670907020568848
821,707,5.0,4.572484493255615
407,147,4.0,3.315190553665161
298,153,3.0,4.020720958709717
221,1210,3.0,2.940670967102051
506,380,4.0,3.2404024600982666
593,40,1.0,3.140125036239624
243,13,4.0,3.356522560119629
104,124,2.0,3.358685255050659
188,164,4.0,3.640420436859131
755,301,3.0,3.0502161979675293
561,651,3.0,3.431236982345581
752,302,5.0,3.9983069896698
92,831,2.0,2.2130727767944336
882,25,2.0,3.8078291416168213
65,294,4.0,3.163998603820801
5,94,3.0,2.8563311100006104
70,128,4.0,3.4082744121551514
403,472,4.0,3.1875765323638916
844,241,4.0,3.327089548110962
128,280,1.0,3.098111867904663
92,363,3.0,2.660085916519165
45,473,3.0,3.468583345413208
1,190,5.0,4.163397789001465
660,392,2.0,2.7824628353118896
939,409,4.0,4.072201251983643
411,1475,3.0,3.209925413131714
757,64,5.0,4.425589561462402
537,208,4.0,3.2252700328826904
13,838,1.0,2.85971999168396
268,840,2.0,2.449321746826172
608,478,3.0,4.081334590911865
523,874,4.0,4.149482727050781
411,79,4.0,3.966512441635132
804,322,5.0,3.2149546146392822
47,874,3.0,3.558147668838501
758,506,3.0,4.136049270629883
658,182,5.0,3.8765885829925537
911,584,3.0,3.4527535438537598
899,663,4.0,3.7563095092773438
704,661,4.0,4.05135440826416
727,596,4.0,3.1004221439361572
624,1028,3.0,3.185704469680786
699,98,4.0,4.064686298370361
30,531,5.0,4.119844436645508
686,542,1.0,3.4329779148101807
839,532,3.0,3.296499013900757
639,750,2.0,3.071337938308716
592,619,1.0,3.558190107345581
614,1,5.0,3.754023790359497
831,28,3.0,3.8991949558258057
570,268,3.0,3.103712797164917
435,386,4.0,2.54968523979187
595,508,5.0,3.54229474067688
387,641,5.0,4.121846675872803
476,1118,3.0,3.3563170433044434
472,796,4.0,3.988898992538452
584,161,4.0,3.4934160709381104
548,50,5.0,4.633609294891357
181,1340,1.0,1.149091362953186
663,1067,3.0,3.8600876331329346
344,124,5.0,4.079830646514893
393,123,4.0,3.2584455013275146
716,620,3.0,3.2695729732513428
195,67,2.0,2.880716562271118
94,380,3.0,3.3186633586883545
130,24,5.0,4.222868919372559
654,431,4.0,3.559448480606079
727,840,2.0,2.5245862007141113
328,646,3.0,4.151504993438721
739,498,4.0,3.9712302684783936
606,228,5.0,4.140005588531494
491,654,5.0,4.100198268890381
527,507,5.0,3.707336187362671
467,7,5.0,3.7911243438720703
903,187,5.0,4.280675411224365
859,288,4.0,3.8823201656341553
429,66,2.0,3.3001935482025146
592,408,5.0,4.837891101837158
224,949,3.0,2.978595495223999
781,302,5.0,4.112083435058594
466,550,3.0,3.104217290878296
684,50,4.0,4.317955493927002
402,25,4.0,3.5682852268218994
580,271,5.0,3.3960838317871094
708,222,5.0,3.5725250244140625
59,258,3.0,4.003367900848389
10,663,3.0,4.228407382965088
381,228,4.0,3.9082448482513428
391,705,5.0,3.9239399433135986
749,571,3.0,2.6508822441101074
378,173,5.0,4.175114631652832
406,238,2.0,3.59635853767395
102,5,3.0,2.6566059589385986
659,762,3.0,3.4435818195343018
707,962,2.0,3.3737142086029053
370,523,3.0,3.943429708480835
921,132,3.0,3.8730905055999756
537,732,3.0,2.8892948627471924
853,264,3.0,2.5675199031829834
234,87,3.0,3.4333550930023193
303,100,5.0,4.129899024963379
672,1061,4.0,2.607353448867798
934,254,4.0,2.5380301475524902
275,96,3.0,3.713181257247925
776,187,4.0,4.036583423614502
628,326,5.0,4.339113712310791
62,742,2.0,3.259788751602173
397,183,4.0,3.869225263595581
420,251,5.0,4.446366786956787
217,403,5.0,3.1074182987213135
305,7,4.0,3.396594285964966
911,191,5.0,4.232675075531006
846,185,5.0,4.250234127044678
152,845,3.0,4.3636794090271
588,227,3.0,3.551293134689331
311,941,4.0,3.2150347232818604
230,240,1.0,3.115798234939575
53,845,3.0,3.6708712577819824
913,613,5.0,3.7102484703063965
551,658,5.0,3.6777822971343994
506,514,5.0,3.9259817600250244
339,939,4.0,3.9702703952789307
59,216,4.0,4.2191033363342285
747,40,2.0,3.256793260574341
54,7,4.0,4.0364556312561035
286,425,2.0,4.258535385131836
900,696,2.0,2.0512044429779053
498,933,3.0,2.2406697273254395
399,450,2.0,2.0092780590057373
796,86,5.0,4.041316986083984
843,82,3.0,2.9642574787139893
545,161,4.0,3.66302490234375
721,942,4.0,3.855121374130249
144,66,4.0,3.3288238048553467
509,326,4.0,2.4703919887542725
293,235,3.0,2.3254477977752686
85,416,3.0,3.225687265396118
38,406,2.0,3.0213897228240967
717,995,5.0,3.4914638996124268
561,505,4.0,3.4180257320404053
786,7,5.0,3.8618290424346924
894,886,3.0,3.2903435230255127
587,350,3.0,3.0179429054260254
13,21,3.0,2.485031843185425
828,313,3.0,3.8409245014190674
291,202,4.0,4.081307888031006
804,10,4.0,3.957641363143921
110,366,3.0,3.1254894733428955
125,482,1.0,4.1334757804870605
128,451,4.0,3.245197296142578
840,202,5.0,3.9778807163238525
202,423,3.0,2.8523271083831787
807,520,5.0,4.391355037689209
445,994,1.0,1.3169660568237305
416,176,4.0,4.387758731842041
406,492,4.0,3.6208598613739014
236,523,2.0,3.852306604385376
843,135,5.0,3.2595345973968506
535,1045,4.0,3.273742437362671
276,184,4.0,3.4894611835479736
11,180,2.0,3.932398557662964
682,991,2.0,2.0743460655212402
535,521,5.0,3.8233296871185303
682,722,4.0,2.438309669494629
758,200,5.0,4.183089256286621
272,11,4.0,4.060880184173584
6,192,4.0,4.054420471191406
881,215,3.0,3.536280393600464
536,117,4.0,3.8792507648468018
500,1166,4.0,3.1366946697235107
122,1268,2.0,4.223175048828125
567,1019,5.0,4.0199737548828125
144,410,3.0,3.018756151199341
119,257,4.0,4.352027416229248
181,369,3.0,1.265445590019226
262,358,3.0,2.376879930496216
916,806,4.0,3.409386157989502
942,435,5.0,4.336438179016113
561,735,3.0,3.235020399093628
200,1139,3.0,3.491680860519409
308,567,4.0,2.8466880321502686
267,67,3.0,3.259934663772583
275,625,2.0,2.9481875896453857
763,22,4.0,4.399851322174072
868,498,3.0,3.8877761363983154
222,94,3.0,2.894913911819458
831,64,5.0,4.406074523925781
551,96,5.0,4.352062702178955
658,86,4.0,3.7930009365081787
689,258,5.0,3.961519479751587
110,651,4.0,3.86030650138855
234,14,3.0,3.467456579208374
823,69,5.0,4.160473823547363
181,237,5.0,1.8674890995025635
198,684,3.0,3.319303274154663
102,447,4.0,2.6768596172332764
660,7,3.0,2.965481996536255
921,411,2.0,2.614150047302246
445,829,1.0,1.287375807762146
498,1103,4.0,3.6060941219329834
790,570,2.0,2.8418052196502686
250,993,5.0,3.8178865909576416
186,322,5.0,3.267409324645996
344,647,4.0,4.33736515045166
144,760,2.0,2.584501028060913
346,245,4.0,2.8148984909057617
94,586,1.0,2.7112176418304443
336,238,3.0,3.6519668102264404
18,863,3.0,4.089138507843018
655,98,4.0,3.6592135429382324
934,614,3.0,3.6332287788391113
373,1066,4.0,3.3379786014556885
302,301,4.0,2.5643675327301025
541,234,5.0,4.092154502868652
862,478,4.0,4.879714488983154
320,554,4.0,3.153639078140259
90,83,5.0,4.476020336151123
94,1217,3.0,3.064678907394409
407,250,4.0,3.2553725242614746
151,559,2.0,3.3658039569854736
118,816,3.0,3.632384777069092
552,252,2.0,2.7796928882598877
715,22,4.0,4.15813684463501
16,642,5.0,3.9840004444122314
629,566,5.0,3.8286755084991455
332,95,5.0,4.519246578216553
184,9,5.0,3.784492254257202
387,156,5.0,3.662968397140503
727,552,2.0,2.6099841594696045
716,81,4.0,3.767700672149658
474,448,5.0,3.7243621349334717
698,498,4.0,3.2532949447631836
699,596,3.0,3.1876652240753174
399,62,3.0,2.5987093448638916
303,77,4.0,3.2585604190826416
832,260,3.0,2.2193093299865723
425,841,1.0,2.0804851055145264
417,465,4.0,3.3636553287506104
661,219,2.0,3.41072940826416
497,169,4.0,4.399835109710693
293,239,3.0,2.9213149547576904
883,59,5.0,4.196498870849609
537,151,2.0,2.851386308670044
711,70,5.0,3.8491156101226807
642,165,4.0,4.524589538574219
527,91,2.0,3.5033035278320312
840,657,5.0,4.541418552398682
217,258,1.0,3.561824083328247
758,96,5.0,4.430385589599609
718,841,4.0,3.037365674972534
867,197,4.0,4.526941299438477
846,506,3.0,3.939882516860962
308,521,3.0,3.8692104816436768
843,582,2.0,2.717219114303589
924,1,5.0,3.760279417037964
417,588,3.0,3.6970443725585938
111,269,5.0,3.8797061443328857
459,301,2.0,3.3916611671447754
661,357,4.0,4.47277307510376
358,65,4.0,3.2254602909088135
420,127,5.0,4.491397857666016
687,749,4.0,3.2963764667510986
767,1068,4.0,4.164428234100342
917,328,2.0,3.4312751293182373
568,56,4.0,3.388902425765991
435,781,3.0,3.0945889949798584
921,280,3.0,2.8894858360290527
798,1183,1.0,2.7098007202148438
880,1000,3.0,3.1277756690979004
786,200,5.0,3.9307563304901123
699,111,3.0,3.3759853839874268
64,1139,1.0,2.6362662315368652
435,541,4.0,2.5638227462768555
442,89,4.0,3.901481866836548
583,12,5.0,4.62654972076416
405,1111,1.0,2.0250942707061768
886,228,4.0,3.6034915447235107
749,158,3.0,2.6333396434783936
181,884,1.0,1.526155948638916
293,213,3.0,3.4112744331359863
784,299,3.0,3.301248073577881
885,169,5.0,4.310107707977295
320,4,3.0,3.9411113262176514
682,808,4.0,2.473433494567871
233,117,3.0,4.016682147979736
343,471,4.0,3.8378384113311768
360,83,4.0,4.23422908782959
894,1403,3.0,3.086217164993286
346,31,4.0,3.4384796619415283
256,597,4.0,3.914787530899048
472,392,4.0,4.491209506988525
807,101,4.0,3.664888620376587
561,156,4.0,3.353907346725464
59,48,5.0,4.3896684646606445
126,350,2.0,3.493957281112671
484,393,1.0,3.8152620792388916
207,9,4.0,3.4648630619049072
629,50,5.0,4.70320987701416
498,1083,3.0,1.6642115116119385
654,81,2.0,3.656583786010742
758,168,5.0,4.368025302886963
592,988,1.0,2.522322654724121
408,1296,4.0,3.590845823287964
294,120,2.0,2.448190212249756
498,262,2.0,3.332259178161621
911,87,5.0,3.9315831661224365
509,266,1.0,1.6675341129302979
627,684,4.0,3.4762442111968994
682,192,3.0,4.061431407928467
345,1,3.0,3.987908124923706
10,418,4.0,3.8301215171813965
251,300,4.0,3.720590114593506
762,955,5.0,2.604645252227783
62,715,2.0,3.0474040508270264
722,118,4.0,3.4196736812591553
561,544,2.0,2.528871536254883
249,58,5.0,3.8965060710906982
91,651,5.0,4.115589141845703
222,735,5.0,3.594492197036743
158,798,4.0,2.870980739593506
868,64,5.0,4.0822434425354
417,42,4.0,3.5798380374908447
592,1012,5.0,3.7722666263580322
577,62,3.0,3.321157693862915
219,568,1.0,3.7193078994750977
82,79,3.0,3.57763934135437
486,696,3.0,2.9141228199005127
385,2,3.0,2.620659112930298
804,1285,2.0,3.406158685684204
184,528,5.0,4.211550712585449
144,33,5.0,3.282562255859375
57,248,5.0,3.877347230911255
172,612,3.0,3.388723611831665
263,177,4.0,4.0766801834106445
900,471,2.0,2.497589349746704
437,204,5.0,3.8458845615386963
89,277,4.0,3.8227732181549072
452,504,2.0,3.5309770107269287
92,155,2.0,2.930816888809204
106,692,3.0,3.5459020137786865
503,293,4.0,4.070157527923584
126,262,4.0,3.9313361644744873
890,423,5.0,3.841219186782837
222,385,4.0,3.4201159477233887
374,818,3.0,2.9449925422668457
650,502,3.0,3.286525011062622
210,969,4.0,4.131039142608643
392,297,4.0,4.369135856628418
699,9,2.0,3.600506544113159
846,65,3.0,3.689410924911499
378,220,2.0,3.2854206562042236
368,396,2.0,2.793006420135498
387,385,3.0,3.369004249572754
417,386,3.0,2.6411521434783936
576,137,3.0,4.002094745635986
455,14,3.0,3.8665106296539307
442,168,4.0,3.650542974472046
907,284,5.0,4.304059028625488
729,683,2.0,2.185774803161621
64,153,3.0,3.728060722351074
154,480,5.0,4.452690601348877
450,481,5.0,4.2297563552856445
851,252,3.0,3.1261205673217773
222,7,5.0,3.520725965499878
632,739,3.0,3.1731479167938232
788,739,2.0,3.099278688430786
710,874,3.0,3.1649158000946045
705,566,4.0,3.7261290550231934
860,381,3.0,3.2749335765838623
643,172,5.0,4.164299488067627
601,191,4.0,3.6893999576568604
409,283,4.0,3.530881643295288
850,88,5.0,3.9757025241851807
703,50,5.0,4.444736957550049
436,172,3.0,4.385324954986572
63,302,3.0,3.854973554611206
488,89,4.0,3.8917500972747803
104,246,3.0,3.1833813190460205
194,466,4.0,3.046433925628662
367,774,4.0,3.99320387840271
592,109,4.0,3.6467912197113037
543,443,4.0,3.665830373764038
250,204,2.0,4.08589506149292
826,426,2.0,3.5633695125579834
496,38,2.0,2.2455246448516846
697,886,5.0,3.7003414630889893
749,136,5.0,4.282392501831055
773,185,4.0,3.753819465637207
565,212,5.0,4.067826271057129
379,131,5.0,4.187856197357178
749,72,3.0,3.246401309967041
100,313,5.0,3.9923274517059326
686,182,5.0,4.673966884613037
487,431,3.0,3.662513494491577
345,473,2.0,3.220430850982666
648,596,3.0,3.24548077583313
271,477,3.0,2.980273485183716
613,50,5.0,4.745343208312988
894,293,4.0,3.999756097793579
385,511,4.0,3.837392568588257
13,145,2.0,2.1824774742126465
738,919,4.0,3.6800849437713623
222,1267,3.0,2.70145583152771
495,498,3.0,4.755495071411133
186,356,5.0,3.4263956546783447
150,278,2.0,3.5026142597198486
676,258,2.0,3.7142794132232666
149,302,4.0,3.707638740539551
918,520,3.0,3.6894285678863525
450,366,3.0,3.6719048023223877
894,198,4.0,4.2037739753723145
823,181,4.0,4.2281599044799805
540,591,3.0,3.626673460006714
911,143,5.0,3.6838526725769043
196,762,3.0,3.418898344039917
910,205,4.0,3.576139450073242
79,303,4.0,3.930889368057251
382,127,3.0,3.943889856338501
711,95,4.0,3.8973305225372314
280,8,5.0,4.1830902099609375
620,595,5.0,3.4728710651397705
405,447,4.0,2.1929986476898193
577,1046,4.0,3.3182151317596436
94,66,2.0,3.5717098712921143
56,22,5.0,4.476934432983398
654,1115,3.0,3.4353671073913574
234,463,4.0,3.259263515472412
897,550,3.0,3.6910369396209717
537,1050,2.0,2.7822906970977783
244,381,4.0,3.7579216957092285
932,632,4.0,4.085750102996826
219,546,4.0,3.0723512172698975
468,372,2.0,3.7933576107025146
710,886,3.0,2.864255666732788
282,305,4.0,4.013886451721191
145,282,5.0,3.7509419918060303
545,227,4.0,3.398115396499634
12,133,4.0,4.346550464630127
867,855,5.0,4.168921947479248
450,1041,4.0,3.3973028659820557
474,205,5.0,4.3374199867248535
72,509,4.0,3.9612972736358643
346,392,3.0,3.4299769401550293
281,258,2.0,3.92948842048645
435,434,2.0,3.749398946762085
334,387,4.0,3.187494993209839
291,140,4.0,3.468578577041626
830,480,5.0,4.3357415199279785
293,708,3.0,2.89897084236145
497,25,4.0,3.2357304096221924
181,1327,1.0,1.1969938278198242
807,498,4.0,4.564468860626221
95,97,4.0,3.713580369949341
655,1395,3.0,2.126112937927246
130,215,5.0,4.424788475036621
712,400,3.0,2.7755424976348877
213,597,5.0,3.7694461345672607
537,276,4.0,2.862656354904175
561,86,4.0,3.3373544216156006
595,948,3.0,2.040468692779541
186,385,4.0,3.796431064605713
89,381,4.0,3.908588171005249
13,771,3.0,2.2634685039520264
58,283,1.0,3.748431921005249
655,281,2.0,2.408902406692505
720,286,5.0,4.0551862716674805
470,742,4.0,3.4864180088043213
92,500,4.0,3.7436575889587402
92,508,5.0,3.5748088359832764
451,687,2.0,1.8098855018615723
556,604,5.0,4.2818498611450195
599,1048,2.0,3.7831504344940186
654,24,4.0,3.541466236114502
141,50,4.0,4.5252861976623535
303,99,4.0,3.692004919052124
256,771,2.0,3.414506673812866
417,212,1.0,3.1394176483154297
201,146,1.0,2.1612212657928467
187,300,4.0,3.707047700881958
291,588,4.0,4.190797805786133
70,751,4.0,3.1603434085845947
543,96,4.0,3.877390146255493
934,435,4.0,3.9540693759918213
561,794,2.0,2.9607279300689697
900,186,2.0,2.904547691345215
659,214,3.0,3.3862416744232178
243,1148,3.0,3.3864481449127197
10,200,5.0,4.166300296783447
655,1106,2.0,2.2235023975372314
629,58,4.0,3.818009853363037
13,911,2.0,2.828073740005493
774,1228,1.0,1.033414363861084
472,485,3.0,4.810492038726807
389,568,3.0,3.6654856204986572
313,684,4.0,3.617983102798462
310,748,3.0,3.366427183151245
271,28,5.0,3.858417272567749
562,4,1.0,3.5288445949554443
707,782,3.0,2.813525915145874
379,100,5.0,4.403115749359131
532,818,2.0,3.7562849521636963
766,90,1.0,2.6859610080718994
655,1140,3.0,1.5533682107925415
757,173,4.0,4.107333660125732
551,67,5.0,3.283637762069702
259,269,3.0,4.297806262969971
279,826,4.0,2.665867567062378
18,515,5.0,4.416007995605469
504,1421,4.0,3.626490592956543
496,443,2.0,3.256304979324341
747,467,4.0,4.11523962020874
343,583,4.0,3.5142805576324463
337,449,4.0,3.4093711376190186
528,168,4.0,4.036465167999268
417,732,4.0,3.506580352783203
425,53,4.0,2.5201566219329834
314,1165,2.0,2.5525965690612793
435,1215,3.0,1.5746517181396484
745,177,3.0,2.938220262527466
442,159,4.0,2.841961622238159
539,56,2.0,4.1762919425964355
296,221,5.0,4.242047309875488
378,768,4.0,2.8451344966888428
326,436,3.0,3.0965240001678467
157,50,4.0,4.682368755340576
889,169,5.0,4.401442050933838
254,71,3.0,3.606239080429077
347,930,2.0,2.6543452739715576
207,154,2.0,3.5460798740386963
346,4,4.0,3.4329583644866943
447,484,5.0,4.245113849639893
393,11,3.0,3.932706594467163
77,474,5.0,3.9319498538970947
321,647,3.0,4.090368270874023
426,211,4.0,3.9847567081451416
606,185,3.0,4.442010402679443
664,58,4.0,3.4501402378082275
244,1107,2.0,3.5301201343536377
328,347,5.0,3.336937189102173
113,262,2.0,4.143841743469238
144,280,1.0,2.9545485973358154
798,161,3.0,3.646552324295044
126,344,4.0,4.030130863189697
84,237,4.0,3.9848358631134033
905,333,3.0,3.3268792629241943
555,111,4.0,4.091097831726074
405,524,1.0,2.3625874519348145
361,513,5.0,4.367228984832764
433,276,5.0,3.39630389213562
542,179,4.0,3.942152261734009
163,98,4.0,3.7131659984588623
349,276,5.0,3.563342809677124
379,286,4.0,3.977125883102417
393,50,5.0,4.481391429901123
682,673,3.0,3.3143088817596436
617,448,3.0,2.7382442951202393
328,601,4.0,3.9470393657684326
748,408,5.0,4.347418308258057
828,57,3.0,3.608746290206909
740,302,5.0,4.137028217315674
907,924,5.0,4.448995113372803
64,718,4.0,3.685478925704956
171,344,3.0,3.6668732166290283
201,232,2.0,2.9114484786987305
297,284,4.0,2.8598344326019287
650,88,3.0,2.8949146270751953
887,633,5.0,4.4729509353637695
881,443,5.0,3.667973518371582
303,1118,3.0,3.3501036167144775
835,234,5.0,4.170984268188477
234,21,3.0,2.115363121032715
13,668,1.0,2.825554847717285
893,471,4.0,3.629619836807251
577,1054,3.0,2.5680596828460693
602,148,4.0,3.8215720653533936
833,943,4.0,3.056702136993408
806,484,4.0,4.219844818115234
387,434,5.0,3.6380531787872314
694,229,4.0,3.507805109024048
373,12,5.0,4.437454700469971
722,124,4.0,4.318967819213867
347,827,1.0,2.663327693939209
460,286,4.0,3.3972179889678955
449,640,5.0,3.251411199569702
276,81,4.0,3.740539312362671
763,702,3.0,3.3373241424560547
870,42,2.0,3.3900344371795654
932,169,5.0,4.768548965454102
99,273,5.0,3.7021126747131348
85,1121,3.0,3.551729917526245
276,386,3.0,2.8885068893432617
23,642,3.0,3.2563540935516357
655,1388,3.0,3.0641367435455322
172,606,3.0,3.6930575370788574
795,1030,3.0,1.693461298942566
347,227,4.0,3.351106643676758
32,250,4.0,3.1396644115448
796,145,2.0,2.6491782665252686
268,717,1.0,2.307201385498047
806,271,3.0,3.2096078395843506
483,195,3.0,3.495206594467163
405,588,2.0,2.4323582649230957
865,625,1.0,2.376267910003662
896,662,3.0,2.988095998764038
435,28,3.0,3.8231427669525146
385,922,4.0,3.6308553218841553
256,741,4.0,4.3693413734436035
109,55,2.0,3.6895477771759033
103,255,5.0,3.270273447036743
184,517,4.0,3.8661463260650635
346,92,4.0,3.3352060317993164
474,505,5.0,4.302732944488525
1,146,4.0,2.56534743309021
104,269,5.0,3.2429792881011963
308,1147,4.0,3.7957584857940674
532,946,5.0,3.86163067817688
805,396,4.0,2.8480417728424072
501,928,3.0,3.4640908241271973
525,269,5.0,3.9081547260284424
422,326,3.0,3.3043406009674072
322,89,3.0,4.427402973175049
314,959,3.0,3.9887912273406982
442,96,4.0,3.712902784347534
303,88,4.0,3.4542124271392822
354,511,4.0,4.283156394958496
707,170,5.0,4.0929155349731445
318,211,5.0,4.165947914123535
1,167,2.0,3.0047595500946045
20,98,3.0,3.7378461360931396
239,172,4.0,4.329770565032959
60,47,4.0,3.9270007610321045
880,628,2.0,3.723816156387329
181,222,4.0,1.9831616878509521
87,1047,3.0,3.17126727104187
892,133,3.0,4.445428371429443
145,1023,1.0,2.6082217693328857
506,432,4.0,3.7689192295074463
18,973,3.0,2.588686466217041
268,558,3.0,3.366222381591797
121,126,3.0,3.7033488750457764
936,276,5.0,3.853463888168335
560,260,1.0,2.487117290496826
26,840,2.0,2.3990824222564697
58,195,4.0,3.9098775386810303
870,186,4.0,3.6235172748565674
317,323,2.0,3.3894107341766357
595,1067,4.0,3.6672604084014893
213,273,5.0,4.184194087982178
403,147,5.0,3.6497414112091064
330,255,4.0,4.297868251800537
727,451,5.0,2.9568707942962646
500,129,4.0,3.7387969493865967
681,682,1.0,3.0185840129852295
203,282,1.0,3.8749682903289795
829,259,2.0,2.4082353115081787
254,64,4.0,4.271496295928955
642,412,2.0,2.6344082355499268
650,137,3.0,3.426715850830078
99,288,4.0,3.524721384048462
178,628,4.0,3.5868146419525146
92,1213,2.0,2.0863044261932373
174,332,5.0,3.5886406898498535
141,330,1.0,3.230888605117798
277,591,4.0,3.418137788772583
201,693,4.0,3.2611544132232666
192,276,2.0,3.5695431232452393
621,172,5.0,4.343851566314697
80,514,3.0,3.8870513439178467
878,531,2.0,3.4267733097076416
142,243,1.0,2.4377973079681396
622,391,2.0,2.851240873336792
250,294,1.0,3.444978713989258
532,100,5.0,4.7355475425720215
64,69,4.0,3.820000171661377
328,540,3.0,2.421254873275757
336,158,3.0,2.3392984867095947
170,348,3.0,4.090179443359375
94,528,5.0,4.312986373901367
29,539,2.0,2.674762010574341
561,240,1.0,2.201291799545288
394,132,4.0,4.53902006149292
269,902,5.0,3.221815347671509
889,488,2.0,4.078731060028076
817,273,5.0,3.653099298477173
234,280,3.0,2.536055088043213
758,25,4.0,3.7702884674072266
311,176,4.0,4.196862697601318
919,832,3.0,2.3836913108825684
811,690,5.0,4.128076553344727
174,221,4.0,4.013072490692139
560,546,2.0,2.809343099594116
709,182,4.0,4.029715538024902
436,11,5.0,4.092206954956055
181,259,1.0,1.5734608173370361
486,7,5.0,3.596381425857544
256,1119,3.0,4.233424663543701
534,919,5.0,4.63613224029541
159,988,3.0,2.650630235671997
397,134,5.0,4.249782085418701
504,1110,2.0,3.130094289779663
181,324,1.0,1.7172824144363403
719,254,1.0,1.92984938621521
255,185,4.0,3.567030668258667
399,71,3.0,3.4266247749328613
786,216,4.0,4.105682373046875
887,164,4.0,4.043969631195068
496,420,3.0,2.9705464839935303
524,514,5.0,3.7470180988311768
425,244,1.0,2.627863645553589
474,124,5.0,4.403158187866211
214,608,4.0,4.000894069671631
619,258,5.0,3.790727138519287
679,184,4.0,3.196953773498535
144,235,1.0,2.824575185775757
710,282,2.0,3.4685630798339844
354,958,4.0,3.9707891941070557
303,106,2.0,2.7568776607513428
334,792,4.0,3.5444586277008057
551,97,5.0,3.993147611618042
391,659,4.0,4.020978927612305
117,763,5.0,3.757761001586914
825,628,4.0,3.817257881164551
495,101,5.0,3.8687655925750732
141,826,2.0,2.7157771587371826
556,325,2.0,2.9502460956573486
144,100,5.0,3.985281229019165
229,260,1.0,2.1123862266540527
479,144,4.0,3.8153114318847656
311,671,3.0,3.9366419315338135
854,709,4.0,3.6183271408081055
682,237,3.0,3.3628406524658203
735,325,1.0,2.353908061981201
246,161,3.0,3.1312527656555176
26,116,2.0,3.3889241218566895
279,940,5.0,2.512969970703125
169,258,5.0,3.694528818130493
230,418,5.0,3.745173692703247
817,363,3.0,2.9538333415985107
880,396,2.0,3.222231864929199
500,250,4.0,3.1982991695404053
393,1337,3.0,2.257411241531372
703,276,3.0,3.6847646236419678
823,1217,1.0,3.2939412593841553
169,603,5.0,4.240200042724609
881,477,4.0,2.927349805831909
525,829,2.0,2.568964719772339
846,622,4.0,3.3837087154388428
634,300,3.0,3.6336781978607178
145,751,4.0,3.388140916824341
344,511,4.0,4.25191068649292
903,50,5.0,4.510426998138428
378,123,3.0,3.04606032371521
221,469,3.0,3.8394815921783447
387,232,2.0,3.050504446029663
251,50,5.0,4.4880690574646
846,131,3.0,4.043532848358154
303,1270,1.0,2.241637706756592
551,235,1.0,3.2917230129241943
101,123,2.0,2.8219878673553467
409,1020,5.0,3.624318838119507
815,444,2.0,2.939347505569458
437,288,2.0,3.448563814163208
7,341,3.0,3.860405206680298
92,620,3.0,3.0095627307891846
415,531,5.0,4.118676662445068
660,636,2.0,2.5070011615753174
378,591,4.0,3.53141713142395
603,230,4.0,3.6756856441497803
87,801,3.0,3.2360072135925293
899,685,3.0,3.10392427444458
933,597,1.0,2.3651390075683594
739,98,3.0,3.8799259662628174
608,283,4.0,3.6120316982269287
123,531,3.0,4.010238170623779
886,237,4.0,3.432657480239868
665,418,4.0,3.3823354244232178
727,392,4.0,3.3367249965667725
145,879,5.0,3.2520201206207275
553,181,4.0,4.08074951171875
1,214,4.0,3.264232873916626
265,742,5.0,3.6114585399627686
409,603,5.0,4.129313945770264
479,248,4.0,3.604323625564575
213,200,5.0,4.411160945892334
805,755,3.0,3.128659248352051
99,118,2.0,3.342897653579712
422,271,3.0,3.268186330795288
504,579,4.0,2.9703209400177
378,419,4.0,3.623919725418091
821,148,3.0,3.9167468547821045
276,183,5.0,4.079601764678955
392,847,4.0,4.207502365112305
151,659,5.0,4.3337626457214355
803,688,1.0,1.803680658340454
198,763,3.0,2.8850932121276855
234,609,3.0,3.017850637435913
250,184,1.0,3.717522382736206
401,70,4.0,3.067516803741455
619,568,5.0,3.60569167137146
896,127,5.0,3.8560445308685303
13,760,1.0,2.422281503677368
853,259,3.0,2.5118486881256104
536,584,5.0,3.7885987758636475
321,479,4.0,3.9821536540985107
383,654,5.0,4.496914863586426
318,134,5.0,4.461385250091553
409,1328,2.0,3.6618285179138184
463,116,5.0,3.2295234203338623
449,244,4.0,3.2464847564697266
130,622,3.0,4.033919811248779
537,753,2.0,3.0897133350372314
903,192,5.0,4.428527355194092
13,478,4.0,4.022696018218994
788,228,3.0,3.643564462661743
354,59,5.0,4.018003463745117
13,590,2.0,1.7999000549316406
712,796,4.0,3.323728084564209
892,70,4.0,4.152459144592285
18,492,4.0,3.8739354610443115
135,98,5.0,4.105018138885498
744,1,4.0,3.646332025527954
387,321,3.0,2.8175699710845947
63,322,2.0,2.6699440479278564
178,469,3.0,3.8339216709136963
734,111,3.0,3.2157630920410156
337,1133,4.0,3.4278132915496826
320,174,4.0,4.62426233291626
92,1157,2.0,2.9155972003936768
299,194,3.0,3.816547155380249
823,640,1.0,3.418429374694824
545,233,4.0,3.312822103500366
59,427,5.0,4.501152515411377
62,121,4.0,3.069514513015747
194,517,3.0,3.1915433406829834
343,198,4.0,4.41517972946167
442,433,4.0,3.398345708847046
109,809,4.0,3.164475202560425
234,229,4.0,2.5385537147521973
560,127,5.0,4.237911701202393
96,190,4.0,4.490663528442383
406,187,2.0,3.982682943344116
3,333,2.0,3.1591978073120117
779,294,5.0,3.45971941947937
521,56,4.0,3.667874574661255
373,99,5.0,3.788278102874756
390,277,2.0,3.834890127182007
649,323,3.0,3.125800848007202
468,318,5.0,4.670442581176758
59,140,1.0,3.294736623764038
94,248,4.0,3.8260867595672607
457,176,5.0,4.536331653594971
619,546,2.0,2.944129705429077
73,255,2.0,3.2123467922210693
82,274,3.0,3.017608880996704
595,546,4.0,2.81372332572937
416,4,4.0,3.906170606613159
405,747,1.0,2.229480743408203
286,1051,4.0,3.6322216987609863
618,506,4.0,3.4395408630371094
99,762,2.0,3.5391178131103516
938,126,4.0,3.9847958087921143
453,237,4.0,3.4111878871917725
417,767,1.0,2.542659044265747
126,315,4.0,4.271112442016602
756,755,3.0,2.9133400917053223
320,129,4.0,4.228477954864502
489,331,5.0,4.033181667327881
729,879,3.0,2.8725287914276123
244,433,5.0,3.949660539627075
176,319,3.0,3.385756254196167
623,815,2.0,2.9447853565216064
344,628,4.0,3.4745681285858154
456,357,4.0,4.190680503845215
539,661,5.0,4.295073509216309
647,1263,3.0,2.961196184158325
643,204,3.0,3.8052947521209717
762,421,4.0,2.729865312576294
682,380,4.0,2.9523167610168457
478,15,5.0,3.4119744300842285
682,95,5.0,3.4813361167907715
426,133,5.0,3.9401743412017822
151,1044,2.0,3.446345329284668
15,932,1.0,2.2294626235961914
648,713,2.0,3.6615641117095947
669,313,4.0,3.8951609134674072
308,47,4.0,3.7421555519104004
573,174,4.0,4.083253860473633
588,362,3.0,3.1507604122161865
393,385,4.0,3.800427198410034
627,300,4.0,3.3875691890716553
682,243,1.0,2.031531810760498
399,407,3.0,1.9587371349334717
373,83,5.0,4.19673490524292
301,228,3.0,3.750321626663208
661,566,4.0,3.570451021194458
852,473,3.0,3.4419243335723877
545,743,3.0,2.1070759296417236
223,975,1.0,2.8754749298095703
767,172,5.0,4.617468357086182
503,633,5.0,4.182735919952393
831,331,4.0,3.383631467819214
773,588,1.0,3.5005040168762207
181,125,3.0,1.8110501766204834
543,466,4.0,3.4964702129364014
535,269,4.0,4.006895065307617
659,58,4.0,3.5644469261169434
90,1200,4.0,4.341253757476807
599,846,5.0,3.7348694801330566
102,217,2.0,2.4033329486846924
299,1506,4.0,3.762744665145874
398,655,4.0,3.8142669200897217
545,680,2.0,2.6310956478118896
702,294,1.0,2.316539764404297
385,484,4.0,3.733229398727417
537,675,3.0,2.9495251178741455
592,180,5.0,4.27947473526001
588,384,1.0,3.1050450801849365
663,210,3.0,4.062183380126953
389,301,4.0,3.286261796951294
650,484,5.0,3.6562466621398926
64,679,3.0,2.9434735774993896
318,481,4.0,4.087854385375977
665,833,3.0,2.9804112911224365
580,619,3.0,3.460576295852661
919,315,3.0,4.054665565490723
305,97,4.0,3.3539021015167236
157,118,2.0,3.5362355709075928
200,552,4.0,3.682929754257202
451,307,4.0,3.219576597213745
158,516,5.0,4.203227519989014
18,168,3.0,4.097082614898682
151,661,4.0,4.412397861480713
655,503,3.0,3.034003496170044
387,769,1.0,2.1611011028289795
901,38,3.0,3.3228061199188232
184,591,3.0,3.5730597972869873
39,258,4.0,3.961806058883667
790,67,3.0,2.658686876296997
201,191,4.0,3.8354625701904297
591,856,4.0,3.778887987136841
379,527,3.0,4.292517185211182
537,730,3.0,2.900200605392456
890,172,5.0,4.193159580230713
762,515,5.0,3.4677042961120605
56,56,5.0,4.314610004425049
660,216,2.0,3.18935227394104
347,328,4.0,3.3829004764556885
167,237,4.0,3.550788164138794
846,28,5.0,4.160192966461182
622,190,4.0,4.2685651779174805
417,1036,3.0,2.5897276401519775
758,181,4.0,4.305355548858643
727,1215,2.0,1.5069644451141357
869,1163,2.0,2.3068535327911377
532,348,4.0,4.145174980163574
370,56,2.0,3.945185899734497
533,193,4.0,3.863307237625122
864,245,4.0,3.439922571182251
483,473,3.0,2.6789710521698
665,183,4.0,3.8682615756988525
361,443,3.0,3.7697980403900146
268,95,4.0,3.4087777137756348
746,186,4.0,3.9152047634124756
279,153,5.0,3.856999635696411
553,275,5.0,4.1329827308654785
426,601,3.0,4.028346061706543
543,56,5.0,3.8741390705108643
919,147,4.0,3.348464250564575
650,1110,4.0,2.2683539390563965
266,25,3.0,3.1492326259613037
92,660,4.0,3.7721641063690186
921,1034,3.0,2.141831159591675
405,173,5.0,2.6814239025115967
328,270,2.0,3.4737865924835205
495,176,5.0,4.503316879272461
798,2,4.0,3.240368127822876
561,197,4.0,3.5983726978302
405,1043,1.0,1.6808900833129883
43,731,4.0,3.2834157943725586
398,588,4.0,3.697687864303589
436,1178,3.0,2.9952876567840576
431,323,3.0,3.062126398086548
441,300,3.0,3.7644035816192627
936,815,3.0,3.4165894985198975
457,77,4.0,3.795222520828247
43,371,4.0,3.401923418045044
145,278,4.0,3.175386667251587
478,1221,2.0,3.284329891204834
407,216,4.0,3.916412591934204
795,39,4.0,2.870753049850464
291,829,2.0,3.08544921875
1,121,4.0,3.2871806621551514
210,4,4.0,3.9644691944122314
538,496,5.0,3.9032986164093018
181,744,2.0,1.5614737272262573
629,300,4.0,3.9357311725616455
683,56,5.0,3.7046163082122803
221,33,4.0,3.51114559173584
400,307,3.0,3.804370641708374
94,90,3.0,3.1831154823303223
55,7,3.0,3.45308518409729
222,82,4.0,3.5105316638946533
46,93,4.0,4.123133182525635
222,772,2.0,2.7240169048309326
540,742,4.0,3.605207920074463
540,515,5.0,4.412353038787842
548,603,5.0,4.585107326507568
125,451,4.0,3.2078442573547363
195,325,2.0,2.6810591220855713
457,160,4.0,3.858635663986206
425,1597,3.0,3.40804386138916
385,152,3.0,3.1525115966796875
331,69,5.0,3.715832471847534
59,131,4.0,4.100772857666016
435,609,4.0,3.369675874710083
501,13,4.0,3.8449790477752686
224,676,3.0,2.783102512359619
121,514,3.0,3.7049925327301025
188,692,5.0,3.638385534286499
523,430,4.0,4.660369396209717
48,289,1.0,2.9248287677764893
343,214,4.0,3.6152899265289307
253,1025,3.0,2.8341224193573
851,332,1.0,3.638690233230591
405,858,1.0,1.2635043859481812
454,746,2.0,2.8525922298431396
655,468,3.0,2.665095567703247
927,1,5.0,4.265509128570557
528,250,3.0,3.3654143810272217
214,45,4.0,4.08257532119751
426,132,4.0,4.028777122497559
159,1095,5.0,2.598144292831421
625,283,3.0,3.394958734512329
190,300,4.0,3.531592607498169
847,482,2.0,3.5916244983673096
454,1126,2.0,2.6912786960601807
650,121,3.0,2.8032541275024414
537,646,2.0,3.4690399169921875
383,479,4.0,4.565934181213379
854,93,5.0,3.306105852127075
380,97,3.0,3.074723243713379
5,397,2.0,2.2483699321746826
472,38,4.0,3.899446725845337
450,1479,3.0,3.4541103839874268
370,135,4.0,3.9388487339019775
747,476,3.0,3.260636329650879
749,433,3.0,3.8634111881256104
894,316,4.0,4.154743671417236
542,734,3.0,2.5447757244110107
361,283,4.0,3.640491247177124
577,29,3.0,2.9761545658111572
574,315,3.0,3.9704105854034424
97,195,5.0,4.094353199005127
178,326,4.0,3.303398609161377
686,480,5.0,4.967402935028076
346,685,3.0,3.0834872722625732
686,197,5.0,4.81691837310791
416,717,2.0,3.151115894317627
495,550,3.0,3.837210178375244
863,898,1.0,2.9235756397247314
378,86,4.0,3.9202682971954346
398,95,5.0,3.579075574874878
690,739,3.0,2.9703528881073
533,31,3.0,3.460883855819702
474,971,4.0,4.0311079025268555
34,1024,5.0,4.3453497886657715
82,484,4.0,3.7280995845794678
325,865,3.0,3.2050349712371826
26,871,2.0,2.0116970539093018
201,423,4.0,3.352647066116333
666,357,4.0,4.265707969665527
748,48,4.0,3.96274733543396
416,898,4.0,3.50602126121521
470,1134,4.0,3.334433078765869
399,153,2.0,3.374386787414551
479,177,4.0,3.759300947189331
271,40,1.0,2.7741479873657227
635,873,3.0,2.7247049808502197
484,228,5.0,4.219847679138184
892,150,5.0,4.320340156555176
721,682,3.0,3.197145700454712
537,741,2.0,2.825485944747925
365,326,2.0,3.2196576595306396
790,401,4.0,2.4027464389801025
407,288,4.0,3.286850690841675
378,479,4.0,4.25001859664917
354,451,3.0,3.2095935344696045
41,430,5.0,3.796010732650757
698,525,1.0,3.0394885540008545
393,1270,3.0,2.575284719467163
904,1152,4.0,3.529627561569214
323,322,2.0,3.067389488220215
104,328,3.0,2.6182196140289307
907,98,5.0,5.216128826141357
152,483,5.0,5.360379695892334
553,525,4.0,4.234277248382568
399,977,3.0,2.1397194862365723
783,876,4.0,3.2904465198516846
764,143,5.0,3.8106377124786377
385,1428,4.0,3.183285713195801
329,194,3.0,3.692830801010132
796,307,4.0,3.6173255443573
782,358,4.0,2.1663877964019775
927,328,4.0,3.8371975421905518
379,402,3.0,3.793261766433716
270,17,2.0,4.217841625213623
916,678,2.0,2.4717884063720703
499,692,4.0,3.4997546672821045
704,304,2.0,3.3716206550598145
296,294,1.0,3.5256869792938232
347,56,5.0,4.1165900230407715
342,1073,1.0,3.8446905612945557
454,22,4.0,3.40081524848938
900,200,2.0,2.7704248428344727
757,226,3.0,3.251159906387329
449,1318,2.0,2.425846576690674
405,782,1.0,1.8365416526794434
43,250,2.0,3.5323541164398193
186,288,1.0,3.5001275539398193
288,230,2.0,3.555931806564331
285,183,4.0,3.8744547367095947
484,399,4.0,3.778813123703003
402,1060,3.0,3.250164270401001
745,9,4.0,2.8841712474823
173,302,5.0,4.932743549346924
21,670,3.0,2.699037790298462
159,591,4.0,3.8293471336364746
545,73,4.0,3.552483558654785
887,1136,5.0,3.9032089710235596
277,221,4.0,3.7164828777313232
727,511,4.0,4.047918796539307
279,202,4.0,3.795013189315796
902,8,5.0,3.6196208000183105
724,877,1.0,2.095728635787964
751,70,4.0,3.5780293941497803
875,481,5.0,4.049979209899902
280,471,3.0,3.778519630432129
635,302,4.0,4.04695463180542
526,742,3.0,3.208397626876831
174,369,1.0,2.7425405979156494
314,393,4.0,3.7916598320007324
921,395,3.0,2.2028005123138428
747,1134,5.0,3.6337382793426514
521,227,3.0,2.899595260620117
798,168,4.0,4.038939476013184
299,483,5.0,4.324441909790039
693,178,5.0,3.8003995418548584
763,238,4.0,3.930769681930542
379,94,5.0,3.4605119228363037
846,1035,4.0,3.3081672191619873
682,948,2.0,1.829763412475586
506,239,3.0,3.521451950073242
92,304,4.0,3.4609248638153076
128,458,4.0,3.1583077907562256
304,278,4.0,3.176452875137329
793,181,4.0,4.115466594696045
378,806,4.0,3.6130666732788086
267,88,4.0,3.715812921524048
921,69,4.0,3.70294451713562
699,880,3.0,2.91064715385437
940,651,4.0,3.710089921951294
912,1041,4.0,2.829664468765259
771,137,4.0,3.9397451877593994
329,297,4.0,3.708916425704956
70,298,5.0,3.623476266860962
846,31,4.0,3.743790626525879
217,825,3.0,2.594831705093384
328,237,4.0,3.495617628097534
224,729,3.0,2.944626569747925
437,583,1.0,3.258652925491333
620,930,2.0,3.2024667263031006
6,318,4.0,4.208061218261719
130,538,5.0,4.205549240112305
638,183,4.0,3.653289318084717
592,188,5.0,3.8892061710357666
601,1039,4.0,3.417616605758667
459,117,5.0,3.720288038253784
554,582,3.0,3.6557466983795166
532,38,3.0,3.7003180980682373
796,849,4.0,2.904486894607544
387,95,2.0,3.42991042137146
345,367,4.0,3.640495538711548
378,418,3.0,3.422893762588501
115,269,3.0,4.129338264465332
286,738,5.0,3.425067663192749
686,430,4.0,4.663694858551025
234,12,1.0,3.7850139141082764
271,729,4.0,3.203251838684082
151,755,3.0,3.476830244064331
629,881,3.0,3.1670994758605957
746,523,3.0,4.031236171722412
340,969,5.0,3.9946892261505127
6,59,5.0,3.7773478031158447
527,279,4.0,3.149576425552368
345,312,3.0,3.260342836380005
158,238,5.0,3.98083233833313
455,1086,3.0,3.2177796363830566
608,42,5.0,3.598377227783203
373,142,3.0,3.1801064014434814
655,906,2.0,3.002521514892578
782,690,4.0,3.0122039318084717
303,236,4.0,3.714784860610962
94,188,4.0,3.7377912998199463
339,479,5.0,4.537132263183594
99,332,3.0,3.593461275100708
454,748,4.0,2.3619582653045654
108,405,3.0,3.1728618144989014
327,919,5.0,3.426231622695923
843,28,3.0,3.1739370822906494
878,59,3.0,3.577240467071533
92,77,3.0,3.178346872329712
450,378,5.0,4.031618118286133
361,639,4.0,3.568805694580078
894,479,5.0,4.3568220138549805
181,990,1.0,1.31815767288208
328,135,3.0,3.960451364517212
510,300,5.0,3.46244740486145
455,44,3.0,3.2831881046295166
838,584,4.0,3.701019525527954
708,471,4.0,3.4495937824249268
869,288,3.0,2.8492238521575928
883,241,4.0,3.7600505352020264
720,269,3.0,4.3289361000061035
92,11,4.0,3.779090642929077
237,176,3.0,4.211785793304443
244,739,3.0,3.4652225971221924
44,155,3.0,3.0916521549224854
720,310,4.0,4.030669689178467
417,1040,2.0,2.3261094093322754
870,248,4.0,3.367032766342163
399,928,2.0,2.5481228828430176
774,423,1.0,2.371150493621826
359,117,4.0,4.044348239898682
178,358,1.0,2.6595685482025146
727,849,2.0,2.38525128364563
406,629,3.0,3.0306308269500732
374,182,5.0,4.007822036743164
452,607,5.0,3.609452962875366
542,420,3.0,3.472968339920044
798,825,3.0,3.0134196281433105
883,137,5.0,4.129785537719727
316,162,3.0,3.1026089191436768
130,240,4.0,3.5739457607269287
305,749,2.0,2.843919277191162
176,328,4.0,3.5143215656280518
183,485,5.0,3.7209856510162354
308,91,4.0,3.7238738536834717
364,687,1.0,2.5804195404052734
116,260,2.0,2.203476667404175
509,345,1.0,2.66690731048584
365,473,4.0,3.0972514152526855
318,1030,2.0,2.3861143589019775
71,357,5.0,4.302457332611084
764,4,3.0,3.6782267093658447
378,476,3.0,2.978236436843872
313,1050,4.0,3.45497727394104
931,546,3.0,2.9951202869415283
543,521,4.0,3.603498697280884
756,122,1.0,1.950216293334961
437,654,5.0,4.270965099334717
489,324,3.0,3.6254212856292725
89,736,3.0,4.1526031494140625
873,348,3.0,2.673408269882202
840,187,3.0,4.401001453399658
517,873,3.0,2.8510076999664307
889,732,2.0,3.4901301860809326
582,748,3.0,3.076456308364868
90,486,5.0,4.242868900299072
389,29,2.0,2.717944383621216
846,177,3.0,4.011688709259033
92,628,4.0,3.4600327014923096
623,127,4.0,4.16855001449585
486,276,4.0,3.458700656890869
452,199,5.0,3.8056366443634033
299,396,4.0,2.72896409034729
577,294,4.0,3.318753480911255
268,33,3.0,3.086609125137329
201,186,3.0,3.52779221534729
552,829,3.0,2.5685389041900635
674,292,4.0,3.7810938358306885
44,193,3.0,4.048427581787109
833,302,3.0,3.7105019092559814
791,259,3.0,3.096212148666382
353,346,4.0,3.531843900680542
102,73,3.0,2.9740564823150635
615,699,3.0,3.6165974140167236
363,679,4.0,2.581993341445923
321,52,3.0,3.555786609649658
303,541,3.0,2.752925157546997
501,25,3.0,3.7972795963287354
669,133,4.0,3.5123438835144043
693,96,4.0,3.479871988296509
293,161,2.0,3.028986692428589
751,428,4.0,3.8904001712799072
886,483,4.0,4.344837665557861
634,147,2.0,3.422072649002075
592,1377,3.0,4.214363098144531
497,67,3.0,2.75144100189209
318,396,1.0,3.198786497116089
621,135,5.0,4.27987003326416
624,358,3.0,2.8003041744232178
303,715,4.0,3.3407795429229736
161,197,3.0,2.873748540878296
435,584,3.0,3.302530527114868
457,28,5.0,4.4763875007629395
655,1135,3.0,2.350743532180786
165,1119,3.0,3.6171233654022217
587,303,4.0,3.5473597049713135
774,229,2.0,1.815562129020691
648,1626,1.0,2.384758234024048
900,1298,2.0,2.818366527557373
475,539,3.0,2.400031566619873
411,38,4.0,2.7929937839508057
435,1419,2.0,2.1201045513153076
692,300,4.0,3.5315678119659424
279,375,1.0,2.240572929382324
916,111,4.0,3.314647912979126
708,269,3.0,3.9001686573028564
18,131,4.0,3.9687416553497314
634,100,4.0,4.11964750289917
417,411,2.0,2.678638219833374
18,79,4.0,4.1187944412231445
535,319,5.0,3.240539312362671
308,161,3.0,3.681288242340088
178,790,3.0,2.965744972229004
223,248,1.0,3.580104351043701
622,98,5.0,4.281297206878662
916,144,3.0,3.6903159618377686
584,449,2.0,2.9213454723358154
210,179,3.0,4.4340434074401855
916,748,2.0,2.887733221054077
244,100,4.0,4.28877592086792
504,517,4.0,3.9682867527008057
129,990,2.0,2.455787420272827
178,578,4.0,3.313636302947998
470,283,5.0,3.6977286338806152
417,946,4.0,2.890266180038452
916,204,3.0,3.5522384643554688
1,2,3.0,3.0275380611419678
526,323,2.0,2.5091211795806885
643,100,5.0,4.134465217590332
342,1048,1.0,2.835991621017456
868,202,3.0,3.2994585037231445
7,649,5.0,3.878068685531616
342,7,4.0,3.6729564666748047
398,50,5.0,4.24107027053833
345,974,3.0,2.9213078022003174
634,293,3.0,3.92751145362854
437,770,3.0,3.5406062602996826
796,147,5.0,3.555527448654175
560,257,3.0,3.787654161453247
506,187,5.0,4.201664924621582
313,44,3.0,3.32672381401062
312,506,4.0,4.123060703277588
343,569,3.0,3.141730546951294
533,150,3.0,3.7147674560546875
333,269,2.0,4.075629234313965
374,174,5.0,4.267369270324707
429,380,3.0,3.047146797180176
637,717,3.0,1.8283684253692627
31,299,4.0,3.0108654499053955
217,1303,2.0,1.9260542392730713
392,197,5.0,4.544264316558838
532,926,3.0,3.484513998031616
892,763,2.0,3.8288967609405518
291,577,1.0,2.674694299697876
417,668,2.0,2.9146876335144043
833,1012,4.0,2.996814012527466
514,191,5.0,4.3082170486450195
36,288,4.0,3.920945405960083
251,472,3.0,3.0489516258239746
443,313,4.0,4.511411666870117
159,880,1.0,3.389714479446411
468,137,4.0,4.1730170249938965
418,328,1.0,2.8253157138824463
328,651,5.0,3.9258620738983154
245,1033,5.0,2.3511314392089844
225,478,5.0,4.761168003082275
872,350,3.0,3.5708887577056885
682,124,2.0,3.8774306774139404
14,603,4.0,4.560219764709473
487,735,4.0,4.00796365737915
22,110,1.0,2.5968434810638428
339,238,5.0,4.037635326385498
943,121,3.0,3.3344852924346924
276,825,3.0,2.9640700817108154
460,676,4.0,2.9092257022857666
23,511,5.0,4.125179290771484
277,257,3.0,3.742649793624878
334,150,4.0,3.699653387069702
332,237,5.0,4.439741611480713
916,92,5.0,3.263134002685547
35,937,4.0,3.5566160678863525
256,576,3.0,3.855644941329956
804,380,4.0,3.339817762374878
293,742,2.0,2.974236249923706
826,99,3.0,4.096256732940674
64,82,3.0,3.6862986087799072
528,541,3.0,2.8499066829681396
943,423,3.0,3.7716829776763916
168,458,1.0,3.0936427116394043
890,632,5.0,3.939500570297241
393,1178,3.0,2.830829381942749
641,258,3.0,4.041163921356201
941,919,5.0,3.9927895069122314
21,325,4.0,2.2561652660369873
595,979,3.0,3.253680944442749
308,56,5.0,4.139851093292236
534,290,4.0,4.1300249099731445
470,305,4.0,3.7519147396087646
188,98,5.0,4.3456902503967285
524,479,4.0,4.135874271392822
757,82,4.0,3.666332960128784
201,23,4.0,3.711481809616089
711,404,3.0,3.7881319522857666
934,170,4.0,4.292526721954346
303,693,4.0,3.7168309688568115
22,186,5.0,3.9416215419769287
341,288,4.0,4.317533493041992
330,28,5.0,4.8343682289123535
846,1041,4.0,3.1642229557037354
939,121,5.0,4.381286144256592
600,1407,2.0,2.5667879581451416
896,222,4.0,3.189810037612915
42,405,4.0,3.431135416030884
774,518,1.0,2.41900897026062
937,9,5.0,3.4883742332458496
533,218,2.0,3.3534162044525146
64,227,3.0,3.2439815998077393
217,222,5.0,3.4319610595703125
758,603,5.0,4.687950611114502
796,578,4.0,3.401714563369751
303,382,3.0,3.6409542560577393
274,629,5.0,3.6805922985076904
894,512,5.0,4.287299633026123
447,79,3.0,4.096380710601807
374,628,3.0,3.4994022846221924
317,350,5.0,3.7462761402130127
269,499,4.0,3.595808744430542
789,508,4.0,3.5771172046661377
42,283,3.0,3.912903070449829
89,707,5.0,4.283302307128906
7,656,3.0,4.582442760467529
848,610,5.0,4.024095058441162
551,3,5.0,3.353508710861206
883,952,3.0,3.4321448802948
577,217,5.0,3.4100282192230225
848,496,2.0,4.4286723136901855
926,262,3.0,3.494119167327881
479,117,3.0,3.483407735824585
305,285,5.0,3.86822247505188
535,11,4.0,3.851184129714966
125,376,3.0,2.7510673999786377
399,72,4.0,2.716773748397827
891,756,4.0,3.5691397190093994
883,745,5.0,4.062651634216309
775,327,5.0,3.377880096435547
417,642,5.0,3.2777817249298096
298,194,5.0,4.235238552093506
864,9,5.0,4.1173858642578125
8,684,4.0,3.980144739151001
545,176,4.0,4.135857105255127
690,77,3.0,2.972810983657837
13,402,4.0,3.308964967727661
737,428,4.0,3.9046742916107178
416,97,5.0,4.043220043182373
18,285,5.0,4.314847469329834
250,678,2.0,3.176772356033325
130,1034,2.0,3.1872174739837646
326,452,3.0,2.20131778717041
13,2,3.0,2.8921663761138916
534,685,3.0,4.202425003051758
268,728,2.0,2.4628241062164307
297,736,4.0,3.625337600708008
923,763,4.0,4.081340312957764
536,387,3.0,3.6922595500946045
90,875,1.0,3.227811574935913
653,164,3.0,2.708843469619751
378,284,3.0,3.098618268966675
645,96,3.0,4.156657695770264
345,282,3.0,3.8253185749053955
933,63,2.0,2.279742956161499
57,410,3.0,3.35654616355896
286,191,4.0,4.616851806640625
74,245,3.0,3.0802977085113525
382,1229,5.0,1.5256366729736328
176,268,5.0,3.9224350452423096
799,127,4.0,4.4816508293151855
437,286,2.0,3.7490651607513428
354,1466,5.0,3.7672762870788574
59,177,4.0,4.068928241729736
592,184,5.0,3.613173723220825
498,210,2.0,3.516169786453247
130,692,5.0,4.2589006423950195
447,1028,3.0,3.02917742729187
896,789,2.0,3.193753957748413
301,216,4.0,3.9815399646759033
102,211,3.0,3.163668394088745
271,89,3.0,4.121036052703857
854,461,3.0,3.0946547985076904
870,64,5.0,4.177393913269043
72,234,4.0,3.8139097690582275
605,754,3.0,3.2192018032073975
851,1105,4.0,3.1103248596191406
487,188,4.0,3.7846033573150635
181,872,1.0,1.4066460132598877
823,128,2.0,3.8536970615386963
795,17,2.0,2.851008415222168
328,427,3.0,4.1797194480896
234,629,4.0,2.670029878616333
840,516,5.0,4.237071990966797
437,50,5.0,4.456563949584961
522,79,3.0,4.26141881942749
820,751,1.0,2.965407133102417
911,482,4.0,4.110428333282471
171,292,4.0,3.3676774501800537
214,246,2.0,3.9904983043670654
407,204,3.0,3.684170961380005
246,164,3.0,3.051053762435913
751,751,4.0,3.234748601913452
514,429,4.0,4.1099958419799805
210,25,4.0,3.8094441890716553
846,1220,2.0,3.4469950199127197
26,1010,2.0,3.103273391723633
293,366,2.0,2.739906072616577
878,60,4.0,3.670527219772339
133,316,4.0,3.701916456222534
830,385,4.0,3.6425621509552
151,741,2.0,3.803877115249634
567,190,4.0,4.210760593414307
927,274,1.0,3.9360926151275635
894,883,3.0,3.4587128162384033
932,174,4.0,4.487886905670166
405,469,1.0,2.2193658351898193
805,58,4.0,3.385579824447632
65,191,4.0,4.317769527435303
587,342,1.0,2.562634229660034
749,186,4.0,4.056931018829346
720,316,4.0,4.403132915496826
566,156,4.0,3.728851079940796
886,558,3.0,3.5085136890411377
876,435,4.0,4.069457530975342
174,278,5.0,3.332005500793457
665,508,2.0,3.5696537494659424
774,294,1.0,1.9005014896392822
290,227,2.0,3.0705792903900146
848,185,3.0,4.3890180587768555
791,304,4.0,3.8574039936065674
54,272,5.0,4.52984094619751
203,151,4.0,3.794055223464966
655,8,3.0,3.424840211868286
592,23,5.0,4.416540622711182
891,126,5.0,4.513149738311768
405,543,1.0,2.1072185039520264
242,268,5.0,4.6458611488342285
795,710,3.0,3.2726566791534424
671,578,3.0,3.4846084117889404
606,473,4.0,3.5636422634124756
671,22,4.0,4.403322696685791
823,17,4.0,3.5345020294189453
938,245,3.0,3.1498913764953613
554,21,1.0,2.7686219215393066
374,642,1.0,3.4174466133117676
197,1419,2.0,2.206256151199341
393,168,4.0,4.112964153289795
836,288,1.0,3.43666410446167
330,729,5.0,4.312747001647949
491,340,4.0,3.4232733249664307
870,111,3.0,3.202352285385132
42,735,4.0,4.011312961578369
854,125,3.0,2.9547693729400635
144,181,4.0,3.835693597793579
645,98,4.0,4.303155899047852
85,481,4.0,3.7803637981414795
101,257,4.0,3.691906213760376
452,641,3.0,4.0467963218688965
448,900,3.0,3.489549398422241
293,4,4.0,3.029057264328003
880,468,3.0,3.4559872150421143
680,845,4.0,3.5707459449768066
643,1028,3.0,2.997549295425415
577,44,3.0,3.6582443714141846
399,628,3.0,3.093947649002075
373,494,4.0,4.23764705657959
522,96,3.0,4.302067279815674
160,123,4.0,3.2634170055389404
519,1293,5.0,5.139233589172363
554,95,4.0,3.711214303970337
450,225,4.0,3.278801679611206
500,739,2.0,3.0824708938598633
903,1381,4.0,3.647725820541382
746,82,4.0,3.709825277328491
187,735,4.0,3.9260008335113525
499,87,4.0,3.944737672805786
16,234,5.0,4.264476299285889
95,70,4.0,3.6683530807495117
795,135,3.0,3.7021098136901855
566,2,5.0,2.8496267795562744
130,772,4.0,3.8403141498565674
846,441,4.0,2.9482808113098145
529,1038,4.0,3.2301008701324463
545,993,2.0,3.5492684841156006
224,333,3.0,3.167208671569824
735,319,4.0,2.894336462020874
694,22,5.0,4.524698257446289
885,278,3.0,2.86296010017395
313,117,4.0,3.4922807216644287
682,576,4.0,2.672081232070923
764,89,4.0,4.362769603729248
184,956,3.0,3.7071502208709717
178,792,5.0,3.7601563930511475
327,588,4.0,3.504664659500122
543,24,3.0,3.2714998722076416
197,227,3.0,3.1513831615448
232,651,3.0,4.047180652618408
869,1382,3.0,2.3115882873535156
527,511,5.0,4.145946025848389
121,458,1.0,2.938732862472534
307,1411,4.0,2.9456892013549805
444,251,5.0,4.460301399230957
87,367,4.0,3.867859125137329
393,378,4.0,3.8473269939422607
926,315,4.0,3.833894729614258
200,419,4.0,4.275116920471191
897,1033,4.0,2.9157521724700928
833,1070,5.0,3.3717453479766846
102,550,2.0,2.5136821269989014
236,265,2.0,3.7180159091949463
500,522,4.0,3.763329267501831
66,9,4.0,3.853294610977173
721,161,5.0,3.8765923976898193
476,67,4.0,2.969043016433716
437,423,5.0,3.852949380874634
64,969,3.0,3.675772190093994
213,511,4.0,4.8378705978393555
774,385,1.0,2.248965263366699
71,302,3.0,4.114060401916504
28,79,4.0,4.12575101852417
311,132,4.0,4.188668251037598
629,245,3.0,3.3846182823181152
859,1048,3.0,3.5488598346710205
344,284,3.0,3.0411813259124756
279,666,2.0,3.1669509410858154
663,299,2.0,2.972805976867676
402,222,4.0,3.830888032913208
624,269,4.0,4.16785192489624
52,1011,4.0,3.8676140308380127
749,99,5.0,3.7646324634552
860,204,4.0,3.482900619506836
90,306,4.0,4.441079616546631
63,678,2.0,2.3064825534820557
833,1154,4.0,2.261094570159912
721,229,5.0,3.4403908252716064
504,75,4.0,3.300502061843872
387,217,3.0,2.8168511390686035
878,659,4.0,3.6670403480529785
374,124,3.0,4.104665279388428
382,150,2.0,3.4616763591766357
200,227,5.0,4.011843681335449
31,490,4.0,4.041633129119873
222,465,2.0,3.2662458419799805
677,687,4.0,2.3625147342681885
488,299,3.0,2.3595526218414307
79,906,5.0,3.742682456970215
822,169,4.0,4.132421970367432
49,334,4.0,2.620168447494507
659,648,3.0,4.195126056671143
393,623,3.0,3.053053617477417
682,229,4.0,2.832221746444702
559,55,4.0,3.4724996089935303
708,25,3.0,3.309922695159912
253,1016,3.0,3.6065995693206787
318,127,5.0,4.4781928062438965
864,422,3.0,3.0744245052337646
890,101,2.0,3.3873260021209717
454,611,2.0,3.308234930038452
336,368,1.0,1.4438519477844238
13,439,1.0,1.1881706714630127
257,676,4.0,3.456038236618042
676,272,4.0,4.17954683303833
667,137,3.0,3.9761765003204346
16,158,4.0,3.1285152435302734
606,1151,3.0,2.5970845222473145
842,749,4.0,3.530973434448242
76,293,4.0,3.753403425216675
663,924,3.0,3.3885676860809326
293,160,4.0,2.7866127490997314
152,220,5.0,4.343667507171631
749,1337,3.0,2.1422741413116455
666,163,3.0,3.4236905574798584
807,505,3.0,4.266408443450928
457,370,3.0,3.3092644214630127
932,154,5.0,4.048551082611084
385,558,2.0,3.225551128387451
561,141,2.0,2.977989435195923
650,180,3.0,3.472498655319214
869,249,4.0,2.58695912361145
879,276,4.0,3.627847909927368
688,307,4.0,5.1538286209106445
525,595,2.0,2.7887775897979736
256,471,5.0,4.317476272583008
99,25,3.0,3.557382345199585
639,202,2.0,2.9281270503997803
714,111,3.0,3.7371561527252197
504,65,4.0,3.693058967590332
871,197,3.0,4.22609806060791
503,20,5.0,3.466146469116211
553,238,5.0,3.895770311355591
276,151,5.0,3.7657763957977295
608,44,4.0,3.28890323638916
890,530,4.0,4.2721028327941895
474,116,5.0,4.038139343261719
251,845,4.0,3.433371067047119
256,283,3.0,4.460347652435303
148,69,5.0,3.9137027263641357
92,42,4.0,3.6706063747406006
339,530,5.0,4.480980396270752
862,230,3.0,4.3499674797058105
854,514,4.0,3.4063334465026855
187,65,5.0,3.623636484146118
437,684,3.0,3.7777602672576904
296,523,4.0,4.467809200286865
655,860,3.0,1.994507074356079
929,195,4.0,3.584942102432251
279,1361,3.0,4.000975608825684
325,1118,3.0,3.044597864151001
757,1090,2.0,2.454376220703125
159,25,5.0,3.7014665603637695
97,435,4.0,4.121487617492676
883,19,2.0,4.107890605926514
694,660,3.0,4.142292499542236
158,182,5.0,4.234166622161865
460,293,4.0,3.6310722827911377
624,123,3.0,3.2724392414093018
521,1240,3.0,3.402327299118042
401,707,2.0,3.3706796169281006
207,568,4.0,3.309403896331787
316,531,5.0,3.2746212482452393
639,311,3.0,2.989941120147705
281,338,2.0,2.8420464992523193
378,1061,2.0,2.9365434646606445
565,83,5.0,4.707088470458984
747,1028,1.0,3.241725206375122
454,483,3.0,3.6489980220794678
151,196,4.0,4.181863784790039
566,856,5.0,3.692551612854004
903,129,3.0,4.011446475982666
592,1048,3.0,3.2009265422821045
653,573,1.0,2.3489792346954346
312,211,4.0,4.3406782150268555
867,603,5.0,4.663428783416748
854,173,4.0,3.7208800315856934
620,138,5.0,2.998516798019409
55,678,3.0,2.391763925552368
329,186,3.0,3.641930103302002
429,387,4.0,3.1833765506744385
323,7,2.0,3.787541627883911
325,650,3.0,3.129606246948242
56,483,4.0,4.755619049072266
521,203,3.0,3.5275485515594482
450,252,3.0,3.275264024734497
332,815,4.0,4.016218662261963
399,288,3.0,2.9571096897125244
456,50,4.0,4.17993688583374
551,155,4.0,3.368696451187134
890,286,5.0,3.737334728240967
67,546,3.0,3.572141408920288
268,1188,3.0,2.3258376121520996
164,117,5.0,4.339460372924805
595,845,3.0,3.2406997680664062
160,412,3.0,2.346181869506836
145,3,3.0,3.0394251346588135
81,410,4.0,3.002446413040161
193,1132,3.0,2.644803762435913
546,286,2.0,4.311487197875977
760,1037,5.0,1.4463194608688354
406,480,4.0,4.182713031768799
699,221,4.0,3.6874189376831055
220,294,4.0,3.3235862255096436
588,168,5.0,4.199426174163818
201,567,3.0,2.165930986404419
474,193,4.0,4.2749714851379395
378,727,4.0,3.331134080886841
483,91,3.0,3.244232654571533
916,1011,4.0,2.997251272201538
534,294,5.0,4.016481399536133
82,197,4.0,3.7410924434661865
125,210,5.0,3.9471967220306396
746,161,3.0,3.5370776653289795
160,3,3.0,3.2203919887542725
224,70,2.0,3.2696878910064697
775,750,5.0,3.9374945163726807
638,82,2.0,3.4785821437835693
497,96,4.0,3.916301965713501
454,82,4.0,2.9409029483795166
274,118,4.0,3.5992608070373535
488,178,4.0,4.027588367462158
450,421,4.0,3.918065309524536
924,526,3.0,3.966350793838501
648,629,4.0,3.130267381668091
854,945,3.0,3.4398419857025146
314,591,5.0,3.972770929336548
940,382,3.0,3.2898809909820557
235,7,4.0,3.7234835624694824
104,751,4.0,2.5955166816711426
279,94,3.0,3.2885384559631348
301,161,3.0,3.561800956726074
694,196,5.0,4.252453327178955
581,137,5.0,3.966470956802368
268,72,3.0,2.8208158016204834
508,568,4.0,3.560011625289917
894,698,4.0,3.206301212310791
510,294,3.0,2.865961790084839
86,889,5.0,3.8370487689971924
898,302,4.0,4.29260778427124
786,70,4.0,3.7739098072052
298,275,3.0,4.232579231262207
497,230,2.0,3.4128451347351074
104,1115,4.0,2.5616705417633057
753,304,4.0,3.086810350418091
883,338,4.0,2.9183766841888428
870,959,4.0,3.190563440322876
347,403,5.0,3.3773298263549805
458,209,4.0,3.9965364933013916
288,520,5.0,4.124077320098877
489,289,2.0,3.5766382217407227
82,241,3.0,3.086911916732788
648,21,3.0,2.6800358295440674
363,290,3.0,2.742893934249878
56,692,4.0,3.7792723178863525
898,286,2.0,3.7627623081207275
63,259,3.0,2.2428624629974365
794,14,5.0,4.427988529205322
714,477,2.0,3.414571523666382
217,576,1.0,2.6947433948516846
383,484,4.0,4.484530925750732
294,1047,3.0,2.985625982284546
435,549,3.0,3.4740726947784424
180,1131,5.0,4.414449214935303
603,250,5.0,3.4631807804107666
101,1051,2.0,2.9290759563446045
246,746,4.0,3.238919973373413
409,83,3.0,3.866868734359741
210,274,5.0,3.8710825443267822
703,9,2.0,3.8209879398345947
28,568,4.0,3.69325852394104
13,736,4.0,3.6612813472747803
521,496,2.0,3.7272448539733887
263,222,4.0,3.881255865097046
297,535,3.0,2.899808645248413
928,358,5.0,3.400280714035034
716,842,3.0,3.175347089767456
130,1248,3.0,3.8446638584136963
655,1268,3.0,3.327448844909668
18,198,3.0,4.195883274078369
246,97,3.0,3.270674467086792
141,880,1.0,3.247161388397217
716,122,2.0,2.385446548461914
314,1014,3.0,3.6493051052093506
455,1136,3.0,3.1872575283050537
828,270,5.0,3.070251703262329
890,174,5.0,4.341638088226318
694,127,5.0,4.61128044128418
553,178,5.0,4.530195713043213
344,473,4.0,3.044370651245117
694,483,5.0,4.803383827209473
336,275,4.0,3.8891794681549072
933,39,3.0,2.570734977722168
464,12,5.0,4.746158123016357
392,493,4.0,4.6241841316223145
707,163,2.0,3.381537914276123
365,948,1.0,2.161750316619873
932,890,1.0,2.3431735038757324
252,290,3.0,3.9609215259552
394,184,3.0,3.958235025405884
450,750,3.0,4.174167156219482
58,645,5.0,4.0650200843811035
214,652,4.0,3.8668200969696045
793,1365,2.0,2.772960901260376
1,5,3.0,3.102398633956909
417,783,3.0,2.5379092693328857
7,606,3.0,4.685059070587158
295,144,4.0,4.521432399749756
721,406,1.0,2.8012001514434814
398,403,4.0,3.192491292953491
399,164,2.0,3.080082893371582
844,216,5.0,3.786410093307495
250,235,2.0,3.3490793704986572
450,167,5.0,3.481951951980591
37,55,3.0,3.7962729930877686
624,319,3.0,3.395862102508545
798,671,2.0,3.82670259475708
381,283,5.0,3.8709661960601807
671,82,4.0,3.9178316593170166
773,639,4.0,3.3252665996551514
445,293,3.0,2.3952670097351074
766,518,3.0,3.4838144779205322
632,55,2.0,3.6386194229125977
838,153,4.0,3.962778329849243
872,363,4.0,3.0901262760162354
417,769,1.0,2.3994908332824707
141,825,4.0,3.120274782180786
689,717,3.0,2.943502426147461
711,729,3.0,3.524052381515503
537,484,4.0,3.4136545658111572
434,833,4.0,3.546994924545288
292,79,5.0,4.4603753089904785
73,657,5.0,4.188085556030273
374,717,3.0,2.7521767616271973
139,475,5.0,4.228965759277344
207,121,3.0,3.0400936603546143
92,191,4.0,4.210396766662598
889,195,4.0,3.738487958908081
864,73,5.0,3.838613271713257
28,529,4.0,4.082151889801025
585,1485,3.0,4.083265781402588
109,154,2.0,3.836850643157959
326,399,4.0,2.75981068611145
608,187,4.0,4.029214859008789
537,848,3.0,2.8501527309417725
918,174,3.0,3.827611207962036
297,22,4.0,4.01738977432251
327,559,2.0,2.788374185562134
660,259,4.0,1.8658397197723389
804,510,5.0,4.124686241149902
298,530,5.0,4.4387125968933105
442,42,4.0,3.3583824634552
846,11,5.0,3.988196611404419
643,177,4.0,3.8873612880706787
553,56,4.0,4.20252799987793
504,371,3.0,3.3967063426971436
583,175,5.0,4.288444519042969
90,482,5.0,4.544313907623291
222,396,1.0,2.679229974746704
691,227,4.0,3.7668471336364746
279,932,3.0,3.0032851696014404
541,924,5.0,3.614346504211426
133,294,3.0,2.654942512512207
615,937,2.0,3.538248300552368
930,244,4.0,2.451054573059082
192,235,3.0,2.900156259536743
469,610,4.0,4.330626487731934
92,260,1.0,2.505506753921509
312,611,5.0,4.498003959655762
583,483,5.0,4.828467845916748
345,747,3.0,3.564969778060913
160,150,4.0,3.9889156818389893
881,54,4.0,3.0053391456604004
222,358,2.0,2.2247579097747803
538,692,3.0,3.286836862564087
3,350,3.0,2.824876546859741
16,172,5.0,4.579033851623535
708,1280,1.0,2.729210615158081
286,405,3.0,3.676708221435547
154,191,4.0,4.361614227294922
498,191,4.0,3.824695348739624
507,338,5.0,4.030755996704102
457,66,4.0,3.9346721172332764
749,292,4.0,3.6703999042510986
151,419,3.0,3.8602559566497803
577,829,3.0,2.948150396347046
278,286,5.0,3.9319989681243896
43,280,3.0,3.298149347305298
422,276,5.0,3.6630594730377197
751,193,5.0,3.894152879714966
524,239,2.0,3.342489242553711
298,423,5.0,4.007828712463379
437,721,2.0,3.5323026180267334
695,268,5.0,3.729365110397339
59,1074,4.0,3.164571762084961
766,229,3.0,2.702726125717163
606,284,4.0,3.568351984024048
253,243,2.0,2.5498616695404053
92,934,2.0,2.6458661556243896
189,1065,5.0,3.6793365478515625
788,984,3.0,2.6338627338409424
486,995,4.0,2.97640323638916
524,480,4.0,4.222731590270996
393,724,3.0,3.600200891494751
318,892,3.0,2.810750722885132
825,926,4.0,3.053057909011841
629,317,4.0,4.2854790687561035
194,241,2.0,2.894656181335449
901,28,5.0,4.3016533851623535
566,763,4.0,3.044773817062378
130,329,4.0,3.957434892654419
659,134,4.0,4.377042293548584
815,402,5.0,3.5761935710906982
423,326,4.0,3.242727279663086
450,479,4.0,4.544023513793945
331,306,5.0,3.868726968765259
59,650,5.0,3.642904043197632
504,204,3.0,3.899702310562134
601,183,4.0,3.3515121936798096
54,302,4.0,4.481092929840088
483,99,3.0,3.261291265487671
655,734,3.0,2.0360145568847656
608,318,4.0,4.33070707321167
868,81,4.0,3.1556508541107178
130,121,5.0,4.130735874176025
548,924,3.0,3.5891971588134766
711,181,4.0,4.128228664398193
851,410,4.0,3.387307643890381
870,65,3.0,3.199732542037964
246,98,4.0,3.7778866291046143
416,937,2.0,3.843374490737915
109,924,3.0,3.2978992462158203
830,399,5.0,3.203552484512329
472,94,5.0,4.130073070526123
1,182,4.0,3.972956418991089
581,50,4.0,4.392156600952148
655,483,4.0,3.921961545944214
321,654,4.0,3.9131343364715576
527,324,3.0,2.8380789756774902
354,660,3.0,3.8179450035095215
222,375,1.0,1.7022364139556885
151,1006,1.0,3.426856279373169
883,208,4.0,4.156257152557373
503,246,5.0,4.094233512878418
295,812,4.0,3.6793482303619385
94,234,5.0,3.934392213821411
235,1464,4.0,2.440289258956909
294,363,1.0,3.02004337310791
693,428,3.0,3.3884432315826416
343,228,5.0,4.075151443481445
216,673,4.0,3.7560417652130127
648,164,4.0,3.4017696380615234
858,678,1.0,2.787903070449829
592,50,5.0,4.6610918045043945
392,179,5.0,4.3967976570129395
387,475,3.0,3.6843512058258057
1,43,4.0,2.838616132736206
653,258,3.0,3.000352382659912
548,185,5.0,4.343542098999023
90,317,4.0,4.369237422943115
648,722,3.0,2.6847903728485107
451,876,4.0,2.243774175643921
590,100,5.0,4.0323286056518555
397,358,2.0,2.42475962638855
788,7,4.0,3.630929708480835
49,172,1.0,3.4187026023864746
727,24,3.0,3.2297801971435547
823,26,5.0,3.7738382816314697
201,631,2.0,3.235443115234375
269,476,1.0,2.3601138591766357
276,800,3.0,3.0598690509796143
7,463,4.0,4.206550121307373
774,673,2.0,2.1562347412109375
452,481,5.0,3.566103458404541
882,11,4.0,4.1924872398376465
18,510,4.0,4.128269672393799
704,1299,3.0,2.8555119037628174
796,591,3.0,3.652465343475342
354,272,3.0,4.24807071685791
80,45,4.0,4.034994602203369
406,414,2.0,3.4299283027648926
570,258,3.0,3.1254751682281494
505,204,3.0,3.526885747909546
32,100,3.0,3.8976337909698486
883,306,3.0,4.209582328796387
606,100,5.0,4.450567722320557
506,261,3.0,2.402353525161743
447,508,3.0,3.686711311340332
106,211,4.0,4.04011869430542
151,462,4.0,4.071962833404541
774,218,1.0,2.2490603923797607
215,157,4.0,3.6206166744232178
882,369,3.0,3.027010679244995
888,153,4.0,4.112950325012207
608,157,1.0,3.4327094554901123
578,258,1.0,3.252467393875122
893,50,5.0,4.476587772369385
543,770,4.0,3.267500638961792
417,1539,2.0,1.8195302486419678
521,246,4.0,3.5280885696411133
861,45,5.0,4.255788803100586
25,7,4.0,3.9406282901763916
595,14,5.0,3.911940813064575
356,892,1.0,2.7161953449249268
85,516,4.0,3.8374338150024414
248,114,5.0,4.0418381690979
384,316,5.0,4.7013630867004395
720,345,2.0,3.831374406814575
634,1009,2.0,3.355722665786743
619,809,1.0,3.1235225200653076
216,172,4.0,4.333388805389404
676,250,4.0,3.2689740657806396
339,488,5.0,4.508465766906738
91,474,3.0,4.3585205078125
823,83,3.0,4.348310470581055
648,384,4.0,2.729444980621338
341,1527,4.0,3.2539262771606445
655,578,2.0,2.642024517059326
234,430,4.0,3.4695796966552734
144,73,3.0,3.3629744052886963
538,127,5.0,4.093298435211182
588,125,3.0,3.667795419692993
122,519,4.0,4.403571605682373
846,510,4.0,4.203060150146484
182,123,4.0,2.990058183670044
85,135,5.0,3.915458917617798
871,359,3.0,3.3534224033355713
184,22,3.0,4.261247158050537
943,443,2.0,3.8576700687408447
286,763,2.0,3.770258903503418
628,330,5.0,4.129051685333252
499,463,5.0,3.7728822231292725
250,159,4.0,3.6086599826812744
769,111,5.0,3.4542977809906006
870,603,5.0,4.002120494842529
632,763,3.0,3.2154407501220703
23,70,2.0,3.5087890625
655,144,3.0,3.3446555137634277
840,432,5.0,3.9682552814483643
938,240,2.0,2.9043333530426025
530,88,4.0,3.5525777339935303
293,39,3.0,2.6861112117767334
327,196,4.0,3.6269748210906982
399,697,2.0,3.0830276012420654
213,628,5.0,4.138426303863525
586,22,3.0,4.11004114151001
128,508,4.0,3.653968334197998
807,393,4.0,3.640645980834961
665,298,3.0,3.7356817722320557
24,763,5.0,3.899231195449829
284,301,5.0,3.2579119205474854
683,332,3.0,3.0526671409606934
806,200,4.0,3.864464044570923
486,879,3.0,3.0290606021881104
264,93,5.0,4.272751331329346
474,518,4.0,4.1375932693481445
95,144,5.0,3.90596079826355
213,151,5.0,4.221031188964844
457,222,5.0,4.1331868171691895
722,117,4.0,3.8094065189361572
209,127,5.0,3.938911199569702
56,720,3.0,3.1918766498565674
477,275,5.0,5.020357131958008
373,414,3.0,3.7642600536346436
796,48,3.0,4.279774188995361
739,751,3.0,2.986004114151001
608,268,4.0,3.6420187950134277
561,154,4.0,3.239755868911743
308,1126,3.0,3.594270706176758
65,476,3.0,3.1047165393829346
189,283,5.0,3.911297082901001
299,778,4.0,3.524977445602417
43,729,4.0,3.540693998336792
624,235,4.0,3.1679983139038086
899,483,4.0,4.387117385864258
115,20,3.0,3.4438538551330566
116,288,3.0,3.0071768760681152
827,329,3.0,3.108135461807251
207,282,4.0,3.3979222774505615
452,455,1.0,2.8593523502349854
425,271,5.0,2.7241909503936768
147,904,5.0,4.169988632202148
303,1411,2.0,2.7450239658355713
717,268,5.0,4.009342193603516
848,490,5.0,4.240350246429443
503,318,5.0,4.615542888641357
98,502,2.0,3.585327386856079
281,308,1.0,3.426835536956787
290,450,2.0,2.2070939540863037
417,208,3.0,3.8412129878997803
429,535,2.0,2.973585844039917
886,76,4.0,3.253704309463501
533,1291,1.0,2.590668201446533
314,72,2.0,3.6627538204193115
15,303,3.0,3.2713119983673096
616,292,4.0,3.7315518856048584
312,644,5.0,4.117533206939697
106,584,4.0,3.5160343647003174
592,92,5.0,3.761308193206787
293,258,3.0,3.237218141555786
630,975,4.0,2.98883318901062
373,186,5.0,4.080576419830322
533,147,1.0,3.27773380279541
7,431,4.0,3.947608232498169
221,386,3.0,2.9391367435455322
903,87,4.0,4.088536262512207
880,254,2.0,2.694359540939331
887,127,3.0,4.763254642486572
697,689,4.0,3.554499626159668
553,23,5.0,4.267294406890869
776,442,2.0,1.3382301330566406
907,934,4.0,3.9773528575897217
711,447,4.0,3.635085105895996
326,563,3.0,2.0232579708099365
330,252,4.0,3.885882616043091
394,228,5.0,4.308777332305908
751,434,4.0,3.834388256072998
5,371,1.0,2.8613638877868652
886,168,4.0,3.8447201251983643
429,250,2.0,3.1986825466156006
398,497,3.0,3.949469804763794
655,944,3.0,2.393662691116333
524,24,3.0,3.3404958248138428
64,1141,5.0,3.3246452808380127
802,56,3.0,4.151042938232422
446,340,2.0,3.021641731262207
924,258,3.0,3.6942059993743896
650,546,1.0,2.353928565979004
181,292,1.0,1.8083727359771729
11,11,2.0,3.761911630630493
291,168,5.0,4.365752220153809
410,328,3.0,3.019083261489868
790,959,3.0,3.2764170169830322
728,287,4.0,3.7706100940704346
506,699,4.0,3.638152837753296
825,595,3.0,3.2705070972442627
13,651,5.0,3.8500821590423584
514,713,3.0,3.803783655166626
734,607,5.0,3.6566321849823
287,347,4.0,3.9987242221832275
934,168,4.0,4.0439958572387695
592,295,4.0,3.6763038635253906
452,805,4.0,3.4658329486846924
650,197,4.0,3.668721914291382
339,186,4.0,4.226606369018555
573,127,4.0,4.12603759765625
293,67,3.0,2.3577516078948975
429,652,4.0,3.6649134159088135
38,678,5.0,3.3447976112365723
749,1274,2.0,2.002289056777954
813,243,3.0,2.125669002532959
318,968,3.0,3.8290653228759766
74,331,4.0,3.522239923477173
507,288,5.0,4.68164587020874
151,423,4.0,3.9993197917938232
387,772,4.0,2.6729049682617188
244,9,5.0,3.9465363025665283
130,627,5.0,3.9315664768218994
801,895,5.0,4.073822498321533
59,59,5.0,4.2385687828063965
11,718,5.0,3.680711507797241
206,300,1.0,2.5984039306640625
817,7,4.0,3.856736421585083
115,92,4.0,3.6259472370147705
213,405,3.0,3.8856728076934814
594,286,3.0,3.1568830013275146
535,506,5.0,3.802870512008667
600,449,4.0,3.150438070297241
600,176,5.0,4.194916248321533
691,182,5.0,4.3943328857421875
800,121,4.0,3.4291489124298096
586,581,2.0,3.065540313720703
244,40,2.0,3.219686269760132
741,95,2.0,3.6012675762176514
270,869,1.0,3.962165117263794
534,1028,5.0,3.938525915145874
21,979,2.0,2.971583604812622
142,28,4.0,4.0557990074157715
792,831,2.0,2.2734973430633545
664,302,4.0,4.162303924560547
254,230,4.0,3.335200071334839
663,121,4.0,3.4603121280670166
525,1011,3.0,3.140380620956421
21,696,2.0,2.710496187210083
835,210,5.0,4.308978080749512
943,229,2.0,3.09189772605896
10,495,4.0,4.002705097198486
658,69,4.0,3.7405478954315186
747,202,4.0,3.978536367416382
458,333,1.0,3.478222608566284
654,1035,4.0,3.241788148880005
347,268,4.0,3.8089616298675537
436,761,4.0,3.325012683868408
711,763,1.0,3.4730916023254395
206,314,1.0,1.2615735530853271
203,258,3.0,3.9714853763580322
178,783,4.0,2.780937910079956
234,1064,4.0,3.7043044567108154
559,508,3.0,3.4059486389160156
678,287,3.0,3.4572770595550537
275,173,3.0,3.8277652263641357
314,7,4.0,4.15869140625
148,501,4.0,3.4620282649993896
158,228,5.0,3.987252950668335
738,651,4.0,3.9516537189483643
378,1232,3.0,2.586354970932007
835,1673,3.0,2.993025064468384
807,168,4.0,4.26430606842041
243,191,5.0,4.157965183258057
110,28,4.0,3.830444097518921
773,809,1.0,2.766604423522949
417,420,4.0,3.4387853145599365
719,87,2.0,3.5497324466705322
479,304,4.0,3.4176435470581055
655,712,3.0,2.6715176105499268
764,216,4.0,4.101820468902588
648,62,5.0,2.9552648067474365
26,298,3.0,3.429485559463501
889,664,2.0,3.6785061359405518
749,240,1.0,2.8594419956207275
339,99,4.0,3.934307336807251
603,380,4.0,3.347832679748535
291,800,2.0,3.3902056217193604
488,418,3.0,3.065535068511963
833,226,3.0,2.8369436264038086
308,24,4.0,3.566906213760376
497,175,4.0,3.8140366077423096
303,997,2.0,2.0581958293914795
890,89,4.0,4.327345371246338
727,977,2.0,2.2586441040039062
385,631,3.0,3.2098491191864014
596,682,4.0,3.0113143920898438
798,602,3.0,3.727161169052124
846,562,5.0,3.303454637527466
478,780,3.0,2.8929026126861572
259,288,3.0,3.711703300476074
903,89,4.0,4.392937660217285
766,202,3.0,3.3624074459075928
605,210,3.0,3.971268892288208
588,24,2.0,3.6993062496185303
487,378,5.0,3.881481409072876
268,574,2.0,1.7266334295272827
396,260,3.0,2.909616708755493
546,590,4.0,2.770592451095581
435,64,5.0,4.33002233505249
489,303,4.0,4.282171726226807
455,279,3.0,3.1630606651306152
154,945,3.0,4.009401798248291
276,595,2.0,2.9940149784088135
207,88,2.0,3.1314165592193604
510,1025,3.0,2.467998743057251
59,134,5.0,4.52031946182251
416,588,5.0,4.164820194244385
530,64,5.0,4.587443828582764
281,310,4.0,3.780061960220337
533,88,4.0,3.3001973628997803
196,116,3.0,3.802175760269165
114,186,3.0,3.6252493858337402
894,289,2.0,3.123690366744995
539,258,4.0,3.891437292098999
900,480,4.0,3.25545597076416
904,603,4.0,4.574416160583496
159,364,1.0,3.1747453212738037
504,756,3.0,3.023547887802124
533,245,3.0,2.8360331058502197
846,1055,3.0,3.2363641262054443
38,465,5.0,4.050067901611328
296,248,5.0,4.104773998260498
798,38,4.0,3.003345251083374
837,535,1.0,3.0333473682403564
293,196,4.0,3.4131555557250977
407,316,4.0,3.97619366645813
234,482,4.0,3.613168954849243
11,107,4.0,3.5632216930389404
638,515,4.0,4.061564922332764
185,740,4.0,3.620757818222046
862,100,5.0,4.772947311401367
162,1011,4.0,3.4447736740112305
487,289,2.0,3.1511924266815186
771,243,3.0,2.3922500610351562
269,488,4.0,3.662623167037964
639,60,3.0,3.2744338512420654
407,218,4.0,3.3908731937408447
735,690,4.0,3.063408136367798
469,490,5.0,4.52411413192749
92,955,4.0,3.3918330669403076
393,153,3.0,3.8957016468048096
488,742,4.0,3.1509945392608643
181,1277,2.0,1.4088106155395508
58,955,4.0,3.4560041427612305
13,154,5.0,3.657794713973999
211,228,3.0,3.33756947517395
109,147,4.0,3.4311888217926025
117,895,2.0,3.539527416229248
566,705,4.0,3.7915761470794678
525,475,3.0,3.8969953060150146
361,226,3.0,3.239767551422119
290,515,3.0,4.095879077911377
664,678,2.0,2.6979801654815674
706,325,1.0,2.6046640872955322
474,737,4.0,3.39589524269104
566,378,4.0,3.482780694961548
804,468,4.0,3.3614161014556885
524,504,5.0,3.766575813293457
235,474,5.0,4.238461017608643
428,347,4.0,4.051385402679443
425,976,1.0,1.626396894454956
190,294,3.0,2.9474027156829834
45,476,3.0,3.3529112339019775
304,682,3.0,2.882300615310669
888,762,5.0,3.75490403175354
249,1069,5.0,4.025135517120361
846,232,3.0,3.4989001750946045
416,1400,4.0,3.715130090713501
72,471,4.0,3.5422263145446777
389,100,5.0,4.163185119628906
13,629,1.0,3.0185229778289795
533,1033,4.0,2.3117849826812744
638,204,5.0,3.50038743019104
615,300,4.0,3.642383098602295
843,25,2.0,2.9584009647369385
363,234,3.0,3.3853204250335693
304,893,3.0,2.420633554458618
200,380,5.0,3.94018816947937
13,750,5.0,3.7065749168395996
416,185,4.0,4.418135643005371
380,315,4.0,3.467043399810791
684,742,4.0,3.4597105979919434
299,607,4.0,3.7853500843048096
268,223,3.0,3.904651403427124
135,39,3.0,3.1175734996795654
342,1315,1.0,3.3559658527374268
184,117,2.0,3.6037352085113525
757,1016,3.0,3.3620543479919434
327,23,4.0,3.803494691848755
308,127,4.0,4.388757705688477
619,252,3.0,2.8836517333984375
249,476,3.0,3.4466562271118164
880,1423,3.0,2.566478967666626
151,628,5.0,3.7317721843719482
659,517,5.0,3.912168264389038
682,419,3.0,3.4006519317626953
766,136,3.0,3.8136355876922607
145,410,4.0,3.1730659008026123
766,499,3.0,3.7992067337036133
72,195,5.0,3.903705358505249
476,239,4.0,3.497695207595825
437,1206,4.0,2.9426772594451904
875,582,5.0,3.7832682132720947
796,449,4.0,3.176461696624756
606,11,5.0,4.1843132972717285
632,237,3.0,3.5479648113250732
660,210,4.0,3.158989191055298
62,91,4.0,3.381571054458618
918,381,5.0,3.1121609210968018
666,70,4.0,3.5447537899017334
132,124,4.0,3.9161932468414307
412,4,3.0,3.5388858318328857
670,175,2.0,3.9212124347686768
216,81,4.0,3.7882230281829834
324,873,5.0,3.9034130573272705
279,919,3.0,3.851580858230591
665,931,3.0,2.0889124870300293
781,318,3.0,4.361477851867676
244,550,1.0,3.5067625045776367
748,474,4.0,4.0633063316345215
239,701,5.0,4.117712020874023
83,756,4.0,2.943148136138916
347,182,5.0,4.06316614151001
476,451,3.0,3.249659299850464
899,51,1.0,3.340449094772339
623,15,4.0,3.400165319442749
462,288,5.0,3.887754201889038
398,654,4.0,4.055471420288086
219,269,5.0,4.102123260498047
328,754,4.0,3.0947158336639404
882,1412,3.0,2.2753162384033203
401,204,5.0,3.168480157852173
725,15,4.0,3.9271881580352783
459,596,3.0,3.4846432209014893
219,936,4.0,4.02692174911499
766,217,4.0,2.7399790287017822
697,7,5.0,4.210597515106201
787,305,3.0,3.6546213626861572
417,325,2.0,2.5795464515686035
450,728,3.0,3.27897047996521
186,298,3.0,3.912846803665161
665,234,3.0,3.7507550716400146
545,549,4.0,3.7271227836608887
435,211,4.0,3.830592393875122
805,223,5.0,4.109192371368408
321,730,3.0,3.401480197906494
763,462,5.0,4.01587438583374
291,571,2.0,2.938791513442993
263,378,5.0,3.930285692214966
572,300,4.0,3.198232650756836
831,328,3.0,3.236294984817505
639,197,3.0,3.372575521469116
815,127,3.0,4.407144546508789
711,365,3.0,3.4662017822265625
59,609,2.0,3.7639663219451904
222,418,2.0,3.199312925338745
387,1198,3.0,3.3244173526763916
5,110,1.0,2.3453402519226074
293,1147,4.0,3.15799880027771
283,168,5.0,4.5968804359436035
535,64,5.0,4.530060291290283
9,487,5.0,4.359289646148682
913,202,4.0,3.399153232574463
848,393,5.0,3.659639358520508
739,216,4.0,3.661057472229004
354,10,5.0,3.8726894855499268
897,405,5.0,3.5995657444000244
4,328,3.0,4.360935688018799
542,1,4.0,3.746509552001953
763,198,5.0,4.277218818664551
880,328,4.0,3.5519702434539795
748,86,4.0,3.7242891788482666
201,1128,4.0,2.395026922225952
830,56,2.0,4.056144714355469
38,211,1.0,4.463581085205078
189,276,3.0,3.798259735107422
334,403,4.0,3.193700075149536
224,329,3.0,2.7019431591033936
256,724,4.0,4.249631404876709
292,199,5.0,4.5958733558654785
11,291,4.0,3.283613920211792
498,50,4.0,3.9454939365386963
841,307,5.0,3.825775384902954
396,977,3.0,2.9165961742401123
378,1478,3.0,2.8689000606536865
416,284,4.0,3.5042316913604736
697,881,2.0,3.358475923538208
655,900,3.0,3.270057439804077
693,258,4.0,3.1891822814941406
637,13,1.0,2.6745822429656982
60,180,4.0,4.231784343719482
354,135,3.0,4.061319828033447
618,148,3.0,2.8525283336639404
36,875,3.0,3.3343679904937744
807,477,4.0,3.515245199203491
810,326,5.0,4.4116740226745605
625,528,3.0,3.8452017307281494
653,546,2.0,2.107276678085327
320,470,5.0,3.9728524684906006
6,521,4.0,3.5563607215881348
7,259,3.0,3.207820177078247
222,636,4.0,3.063884973526001
254,1444,3.0,2.208956241607666
23,275,5.0,3.840134859085083
374,233,3.0,3.192268133163452
295,389,4.0,4.057245254516602
846,95,3.0,3.8783066272735596
825,106,4.0,3.1969025135040283
483,405,3.0,2.781731367111206
843,145,3.0,2.0341010093688965
504,162,4.0,3.8446667194366455
330,204,5.0,4.639265060424805
897,498,5.0,4.600436687469482
276,463,4.0,3.9436333179473877
524,416,4.0,3.2495458126068115
465,603,4.0,3.8165595531463623
279,685,3.0,3.39841365814209
883,55,4.0,3.904512643814087
269,747,4.0,2.8576910495758057
787,350,1.0,3.1285035610198975
429,510,4.0,3.9009201526641846
181,1373,1.0,1.2291686534881592
682,943,3.0,3.3133304119110107
618,655,4.0,3.6131551265716553
301,790,4.0,2.899880886077881
254,103,2.0,1.9643046855926514
200,523,4.0,4.659460544586182
535,197,5.0,4.218299388885498
435,358,4.0,2.30643367767334
655,1011,3.0,2.6507351398468018
450,549,3.0,3.9738657474517822
318,94,4.0,3.3314805030822754
828,557,2.0,2.974083185195923
44,172,4.0,4.1908392906188965
749,984,3.0,2.8708956241607666
269,1154,3.0,2.1848390102386475
758,231,3.0,3.179222345352173
279,1162,3.0,1.537140130996704
94,472,3.0,2.986384630203247
485,321,3.0,2.679964780807495
299,602,3.0,3.4968831539154053
151,88,5.0,3.645738363265991
271,220,3.0,3.1573469638824463
45,15,4.0,3.8535501956939697
921,778,3.0,3.53395414352417
655,803,3.0,1.8229990005493164
864,734,3.0,3.0670559406280518
48,524,3.0,4.0092082023620605
416,213,5.0,4.283836364746094
593,4,4.0,3.706087827682495
514,682,4.0,2.8748116493225098
378,295,3.0,3.381810426712036
160,56,5.0,4.22222375869751
234,808,2.0,2.123305559158325
429,385,3.0,3.5152599811553955
843,379,2.0,2.0139763355255127
610,172,4.0,3.961864709854126
244,197,4.0,4.385295391082764
627,177,5.0,3.626434803009033
655,475,3.0,3.409928560256958
655,1213,2.0,1.7602403163909912
841,751,3.0,3.679013729095459
882,471,4.0,3.936992883682251
577,1271,3.0,3.1404826641082764
203,257,3.0,4.054988861083984
248,928,3.0,2.6719820499420166
288,286,4.0,3.6579573154449463
299,733,3.0,3.3829636573791504
653,765,1.0,1.989835500717163
880,375,1.0,2.3034980297088623
328,1109,3.0,3.204608917236328
58,9,4.0,3.7716171741485596
521,240,3.0,2.298441171646118
332,934,2.0,3.6958916187286377
845,1234,4.0,1.323909044265747
62,21,3.0,2.4095747470855713
698,516,2.0,2.926168203353882
215,288,2.0,3.438873291015625
548,370,3.0,3.089470624923706
339,156,5.0,4.224775314331055
159,117,5.0,3.880695104598999
194,640,1.0,2.424414873123169
194,417,2.0,2.4049832820892334
699,828,3.0,2.493401288986206
244,95,4.0,3.9082906246185303
145,486,3.0,3.88489031791687
267,685,3.0,3.5498878955841064
437,42,3.0,3.7959752082824707
880,85,3.0,3.2290689945220947
267,474,5.0,4.5325608253479
682,187,5.0,3.913578748703003
661,70,4.0,3.751819133758545
653,286,4.0,2.888303518295288
318,282,4.0,3.8479154109954834
690,70,2.0,3.415449619293213
21,980,2.0,2.912989854812622
297,588,4.0,3.621001720428467
897,179,3.0,4.336243152618408
523,662,4.0,4.223530292510986
663,260,2.0,2.7303340435028076
435,157,4.0,3.3769938945770264
59,47,5.0,3.8871748447418213
13,852,1.0,2.16750168800354
296,276,5.0,4.018911838531494
654,121,4.0,3.423499345779419
195,678,3.0,2.7163493633270264
3,344,4.0,3.4597442150115967
748,173,4.0,3.979135751724243
817,876,4.0,2.803898572921753
308,73,3.0,3.556267499923706
774,234,2.0,2.4477317333221436
414,313,4.0,4.652286052703857
18,242,5.0,4.232519626617432
407,202,4.0,3.6419782638549805
936,118,3.0,3.452252149581909
774,178,4.0,2.955167055130005
743,276,5.0,3.7217142581939697
354,47,4.0,3.6666102409362793
566,49,2.0,3.0318973064422607
221,358,3.0,2.716493844985962
268,949,2.0,3.0678751468658447
102,501,2.0,2.7378737926483154
782,1378,2.0,2.7465708255767822
795,588,5.0,3.474383592605591
1,175,5.0,3.9273664951324463
185,196,4.0,4.11587381362915
145,411,2.0,2.868741273880005
287,218,5.0,4.018024921417236
488,514,2.0,3.5038039684295654
750,269,4.0,3.93501877784729
336,619,3.0,3.165142059326172
6,490,5.0,3.6975860595703125
394,797,3.0,3.6972053050994873
197,306,2.0,3.8802969455718994
435,155,3.0,2.8028721809387207
43,531,4.0,4.045163154602051
201,222,3.0,3.230336904525757
532,22,5.0,4.857202053070068
664,513,4.0,4.4197611808776855
356,331,3.0,3.563983678817749
524,474,4.0,4.145140171051025
663,685,4.0,3.364546060562134
622,162,3.0,3.7610411643981934
44,196,4.0,4.021442890167236
457,318,5.0,4.9282355308532715
655,1018,3.0,2.7821671962738037
271,216,5.0,3.8600871562957764
13,821,3.0,2.7708804607391357
286,642,3.0,3.8979294300079346
130,413,3.0,3.4051918983459473
145,100,5.0,4.160122394561768
342,792,3.0,3.597426176071167
299,173,5.0,4.001267910003662
655,619,3.0,2.731961965560913
788,231,3.0,2.6088545322418213
417,743,2.0,1.822570562362671
401,724,4.0,2.8163678646087646
268,232,3.0,3.02764630317688
72,679,2.0,3.0657284259796143
921,924,3.0,3.0902392864227295
181,3,2.0,1.367023229598999
779,117,4.0,3.9282186031341553
774,1091,1.0,1.206738829612732
397,343,2.0,2.8846218585968018
843,227,3.0,2.8034636974334717
823,450,1.0,2.7879669666290283
113,292,3.0,3.9579966068267822
233,215,5.0,4.139039039611816
314,468,4.0,3.7327425479888916
454,185,2.0,3.2717039585113525
51,485,1.0,3.700228452682495
682,281,3.0,2.7374308109283447
257,531,5.0,4.1034088134765625
592,702,4.0,3.3653905391693115
328,528,5.0,4.079416751861572
13,327,3.0,3.113994836807251
213,97,5.0,4.323396682739258
176,151,4.0,3.7677791118621826
347,1,4.0,3.897808790206909
794,109,4.0,3.884485960006714
838,121,2.0,3.594683885574341
540,281,3.0,3.1666367053985596
903,59,4.0,4.151454448699951
312,968,5.0,4.027556419372559
271,642,5.0,3.2758800983428955
279,663,3.0,3.9609897136688232
533,591,4.0,3.4222123622894287
52,471,4.0,4.09906530380249
184,93,4.0,3.8039214611053467
195,135,5.0,4.032968044281006
828,316,5.0,3.5579137802124023
796,322,3.0,3.24280047416687
378,744,3.0,3.301703929901123
378,546,2.0,2.935091257095337
57,249,5.0,3.3852193355560303
189,199,5.0,4.3470139503479
667,23,3.0,4.1573100090026855
301,3,2.0,3.024116277694702
297,751,4.0,3.1108927726745605
515,258,4.0,3.442148208618164
796,282,4.0,3.7969563007354736
380,28,4.0,3.359440565109253
339,484,5.0,4.455729007720947
368,288,3.0,3.2181756496429443
72,45,5.0,4.031702041625977
618,181,5.0,3.6088616847991943
687,323,2.0,2.990612745285034
397,332,2.0,3.365734815597534
344,246,4.0,3.896162271499634
303,233,4.0,3.201508045196533
488,612,4.0,3.59828782081604
305,190,3.0,3.846583604812622
85,301,4.0,3.0726823806762695
9,50,5.0,4.748944282531738
125,238,3.0,3.7604453563690186
201,56,5.0,3.6459403038024902
934,771,3.0,2.6309115886688232
884,515,4.0,4.106732368469238
472,323,4.0,3.926466226577759
75,118,3.0,3.301386594772339
524,501,2.0,3.3019959926605225
151,301,4.0,3.444502592086792
197,177,5.0,3.6975724697113037
437,56,4.0,4.14724588394165
346,127,5.0,4.174577713012695
547,315,4.0,4.286228179931641
757,1240,3.0,3.7234880924224854
846,241,4.0,3.7025420665740967
682,623,3.0,2.510901927947998
639,61,3.0,3.1643407344818115
761,261,1.0,1.9752964973449707
76,1153,2.0,3.5793869495391846
904,815,4.0,3.4514386653900146
892,274,4.0,3.959643602371216
62,22,4.0,3.971039056777954
398,692,4.0,3.3741962909698486
192,284,5.0,3.0571558475494385
7,449,3.0,3.5178630352020264
241,880,5.0,2.742452621459961
741,239,2.0,3.3532979488372803
543,651,3.0,3.83321213722229
328,284,3.0,2.971558094024658
48,243,3.0,2.3315165042877197
627,2,3.0,2.857041835784912
934,660,5.0,3.8533918857574463
542,523,4.0,3.9635345935821533
786,429,4.0,4.16510009765625
707,9,5.0,3.589062452316284
609,287,5.0,2.954129457473755
286,1060,5.0,3.5455806255340576
542,23,5.0,4.030057430267334
37,403,5.0,3.4375293254852295
692,287,3.0,3.5443389415740967
303,763,4.0,3.2983951568603516
294,406,2.0,2.6772215366363525
387,203,4.0,3.6417958736419678
787,269,3.0,3.850975751876831
495,969,4.0,4.222663402557373
610,331,3.0,3.317868947982788
160,763,4.0,3.4808099269866943
249,89,5.0,4.621392726898193
918,213,5.0,3.506441116333008
459,678,4.0,2.9734036922454834
625,172,4.0,3.7902190685272217
566,33,2.0,3.1735589504241943
855,462,4.0,3.2999823093414307
648,225,1.0,2.793492078781128
663,544,4.0,3.291909694671631
301,429,4.0,4.040957927703857
230,211,5.0,4.264257431030273
346,1090,2.0,2.3833389282226562
229,358,1.0,1.9803283214569092
532,545,2.0,2.7093424797058105
747,649,3.0,3.6524806022644043
918,747,3.0,2.9790687561035156
279,659,5.0,4.177068710327148
900,1028,2.0,1.8728129863739014
457,53,4.0,3.518878936767578
291,413,4.0,3.0059444904327393
164,121,5.0,4.152248382568359
650,849,2.0,2.0396108627319336
541,1036,2.0,3.115974187850952
269,111,1.0,2.960510492324829
503,640,1.0,3.2829220294952393
545,578,4.0,3.350583791732788
130,393,5.0,4.0858588218688965
716,1050,4.0,3.722731351852417
102,436,2.0,2.7343857288360596
101,928,2.0,2.7711896896362305
380,1444,1.0,1.6802022457122803
919,1315,2.0,3.388842821121216
460,289,4.0,2.657459020614624
396,329,2.0,3.456198215484619
739,79,4.0,3.6927785873413086
185,480,4.0,4.507223606109619
385,367,4.0,3.0532314777374268
334,549,4.0,3.51310133934021
843,288,4.0,3.216841697692871
236,195,2.0,3.6778924465179443
405,521,4.0,2.2496140003204346
178,654,3.0,4.272377967834473
718,111,4.0,3.8207149505615234
254,82,4.0,3.5122392177581787
180,462,5.0,4.055361270904541
94,1224,3.0,2.9009039402008057
94,63,3.0,3.074880838394165
785,288,3.0,3.3763177394866943
342,762,2.0,3.2787699699401855
207,841,3.0,2.3369665145874023
625,945,3.0,3.5688817501068115
537,91,2.0,2.887510061264038
897,73,3.0,3.817070245742798
79,813,5.0,4.180423259735107
393,316,5.0,4.162734031677246
577,79,4.0,4.238916873931885
295,722,4.0,3.5299785137176514
118,919,5.0,4.6873602867126465
881,222,5.0,3.461564779281616
343,25,2.0,3.698167085647583
442,710,5.0,3.274212121963501
846,132,5.0,4.211663722991943
286,73,5.0,3.893101930618286
429,1011,4.0,3.0724945068359375
435,333,3.0,3.389402151107788
711,277,5.0,3.6403582096099854
287,50,5.0,4.838550090789795
851,693,5.0,3.904515027999878
804,2,4.0,3.271803617477417
616,313,5.0,4.509617328643799
454,238,3.0,2.9467313289642334
224,157,4.0,3.15640926361084
648,810,4.0,2.738708257675171
629,301,3.0,3.5694591999053955
650,97,3.0,3.187438726425171
320,148,4.0,3.639662981033325
625,433,3.0,3.4212682247161865
402,476,3.0,3.1900508403778076
416,684,5.0,4.029398441314697
921,328,5.0,3.1587202548980713
409,178,5.0,4.196165084838867
551,25,1.0,3.6909897327423096
715,276,3.0,3.5451595783233643
374,15,3.0,3.5417678356170654
306,1028,2.0,3.1580090522766113
344,1014,4.0,3.0831220149993896
121,717,5.0,2.493173122406006
347,273,5.0,3.5953004360198975
262,71,4.0,3.651397705078125
453,68,4.0,3.2744181156158447
508,181,3.0,3.908123731613159
472,229,5.0,4.101069927215576
883,61,5.0,4.180324077606201
149,258,3.0,3.287142038345337
706,245,3.0,2.8737728595733643
102,746,2.0,2.8599565029144287
315,276,4.0,3.8929855823516846
582,597,3.0,3.007859945297241
453,33,4.0,3.207449436187744
222,223,4.0,3.9768126010894775
378,559,4.0,3.1270382404327393
343,163,5.0,3.8564612865448
225,172,5.0,4.6829142570495605
796,1076,2.0,2.622051954269409
95,505,3.0,4.012238025665283
423,690,4.0,3.390549421310425
602,871,3.0,3.1295647621154785
129,288,1.0,2.7391357421875
774,449,1.0,2.000432014465332
230,371,4.0,3.5299856662750244
495,181,5.0,4.39266300201416
621,559,5.0,3.4111673831939697
679,8,2.0,3.852825880050659
202,286,1.0,2.7590115070343018
943,471,5.0,3.5283291339874268
22,386,3.0,2.718820810317993
181,118,2.0,1.5882031917572021
374,88,3.0,3.4133687019348145
435,52,5.0,3.660303831100464
437,417,5.0,3.187222719192505
664,276,5.0,3.5799856185913086
403,405,5.0,3.449026107788086
269,237,2.0,3.0293285846710205
38,69,5.0,4.318110942840576
376,707,4.0,3.909930467605591
268,780,3.0,2.7207281589508057
497,187,5.0,3.9926178455352783
896,358,1.0,2.0998761653900146
828,86,3.0,3.429744005203247
593,79,4.0,4.161403179168701
432,315,5.0,4.328526496887207
504,693,4.0,3.833155393600464
919,690,3.0,3.3181464672088623
299,435,3.0,3.7343971729278564
880,28,5.0,4.214870929718018
405,57,1.0,2.2827298641204834
687,340,4.0,3.5849790573120117
360,523,3.0,4.23410177230835
374,619,3.0,3.2676632404327393
361,514,5.0,3.7819902896881104
87,73,3.0,3.8144266605377197
833,127,5.0,3.827291488647461
499,193,4.0,3.9725420475006104
456,101,3.0,3.1224281787872314
125,1036,2.0,2.7312123775482178
699,764,3.0,2.705688714981079
778,712,3.0,2.5259087085723877
249,182,5.0,4.376139163970947
299,381,3.0,3.374105215072632
621,241,4.0,3.7724416255950928
92,101,2.0,3.2736871242523193
727,22,4.0,3.9947431087493896
889,60,3.0,3.9582908153533936
643,12,5.0,4.345746994018555
169,495,3.0,3.5427849292755127
437,781,4.0,3.347902536392212
877,226,3.0,3.4289915561676025
606,15,5.0,3.9399588108062744
10,698,4.0,3.486851215362549
592,985,4.0,3.324012041091919
399,1219,3.0,2.342005491256714
938,1152,3.0,3.3178350925445557
66,1,3.0,3.948943853378296
585,166,4.0,4.127693176269531
269,417,2.0,2.48172926902771
682,17,3.0,2.976825714111328
880,636,3.0,3.515857219696045
650,579,3.0,2.0684762001037598
354,515,3.0,4.3274736404418945
528,178,4.0,4.423242092132568
5,421,1.0,3.289224863052368
534,455,5.0,4.188165187835693
60,173,4.0,4.4219183921813965
452,509,4.0,3.5889577865600586
536,416,4.0,3.717428207397461
789,591,3.0,3.498321771621704
224,686,4.0,3.337620735168457
805,162,2.0,3.595571756362915
399,232,2.0,2.923708915710449
486,1322,3.0,2.7622601985931396
548,12,5.0,4.563381671905518
279,977,4.0,2.7727978229522705
21,853,5.0,3.3075854778289795
249,175,4.0,4.330549240112305
151,485,5.0,4.163719177246094
301,758,3.0,1.7995538711547852
683,132,5.0,3.685298204421997
659,241,3.0,3.616504669189453
802,219,5.0,3.4347622394561768
488,480,3.0,3.9795172214508057
712,812,4.0,3.271134614944458
881,202,4.0,3.532728910446167
68,1028,4.0,2.3803117275238037
880,109,4.0,3.580677032470703
660,219,1.0,2.558863639831543
548,504,5.0,4.147731304168701
457,436,4.0,4.059049606323242
38,218,3.0,3.9662067890167236
891,476,5.0,3.7494771480560303
181,262,2.0,1.789539098739624
391,12,5.0,4.219923496246338
315,178,4.0,4.663099765777588
472,100,5.0,4.921173095703125
896,1220,1.0,2.81854510307312
207,107,3.0,3.337818145751953
303,550,3.0,3.3041326999664307
458,499,4.0,4.075998783111572
453,423,4.0,3.5880634784698486
114,522,5.0,3.577906370162964
13,363,3.0,2.50602650642395
561,566,3.0,2.8902361392974854
612,100,4.0,4.132161617279053
833,64,3.0,4.0147199630737305
194,117,3.0,2.9286530017852783
184,275,5.0,4.029377460479736
201,358,1.0,2.0787312984466553
522,23,5.0,4.363583087921143
506,28,4.0,4.051309108734131
870,1134,4.0,3.0378458499908447
305,89,3.0,3.9013965129852295
91,527,4.0,4.073726654052734
682,720,4.0,2.5361387729644775
566,88,3.0,3.2005913257598877
880,195,4.0,4.109489917755127
179,362,1.0,2.58660626411438
383,504,4.0,4.209556579589844
79,10,5.0,4.046494483947754
567,109,2.0,3.368760347366333
177,689,3.0,2.8005454540252686
938,748,2.0,3.2638001441955566
376,328,3.0,3.2752702236175537
394,402,4.0,4.074817657470703
504,418,3.0,3.6160213947296143
21,50,3.0,4.017943382263184
262,931,2.0,1.9368674755096436
658,515,5.0,4.189829349517822
144,478,4.0,4.0891594886779785
189,474,5.0,4.450918197631836
364,325,4.0,3.2058424949645996
328,748,3.0,3.000922918319702
711,959,5.0,3.6992664337158203
201,286,2.0,3.247236728668213
851,147,4.0,3.63581919670105
297,53,3.0,2.6914784908294678
499,539,1.0,2.5197105407714844
58,462,4.0,3.864394426345825
846,216,4.0,4.161863803863525
416,469,4.0,4.0841474533081055
218,762,4.0,3.043921947479248
592,512,5.0,4.474990367889404
758,1025,3.0,3.0862648487091064
37,546,3.0,3.0789453983306885
445,1014,1.0,1.8002829551696777
705,655,3.0,4.133305072784424
554,79,5.0,4.026492595672607
201,559,2.0,2.692683458328247
932,67,2.0,3.1550748348236084
860,508,4.0,3.3371939659118652
686,170,5.0,4.89859676361084
269,602,4.0,3.1141674518585205
13,109,4.0,3.1860268115997314
642,443,2.0,4.246557235717773
284,751,3.0,3.3609602451324463
712,143,5.0,3.9516079425811768
852,121,4.0,3.661834239959717
782,323,3.0,2.476727247238159
336,186,4.0,3.840937376022339
291,379,3.0,3.4129154682159424
52,250,3.0,3.9354097843170166
303,739,5.0,3.2561023235321045
457,240,3.0,3.3226234912872314
262,443,3.0,3.672255754470825
882,568,5.0,3.9955461025238037
405,1266,1.0,2.1032791137695312
253,203,4.0,4.079905986785889
169,211,5.0,3.916043996810913
758,716,2.0,3.5442161560058594
712,173,5.0,4.419902801513672
569,124,5.0,4.049463748931885
514,778,4.0,3.7612416744232178
172,178,3.0,3.8137638568878174
514,98,5.0,4.269446849822998
157,100,5.0,4.400859355926514
650,151,3.0,3.0791656970977783
908,603,4.0,3.8475048542022705
496,921,5.0,3.3522322177886963
838,254,3.0,2.7385828495025635
637,127,2.0,3.5122416019439697
92,109,3.0,3.316894292831421
320,68,5.0,3.8799760341644287
393,270,5.0,3.704669952392578
429,357,5.0,4.248905181884766
378,401,4.0,2.741144895553589
865,547,5.0,2.3337514400482178
903,582,3.0,3.7929646968841553
919,327,4.0,3.2417919635772705
634,1008,2.0,3.613942861557007
342,833,3.0,2.90376353263855
536,167,3.0,3.448556423187256
782,1142,3.0,3.6121628284454346
13,908,1.0,2.201714277267456
910,597,3.0,2.554990291595459
3,329,4.0,2.69393253326416
167,1310,3.0,2.420855760574341
890,489,4.0,4.176197528839111
788,983,3.0,2.2035179138183594
450,142,5.0,3.3661978244781494
716,387,4.0,3.5189952850341797
815,471,2.0,3.6205880641937256
907,1220,5.0,4.473911285400391
823,52,3.0,4.1163105964660645
653,204,4.0,2.984800338745117
598,259,3.0,2.9336087703704834
115,177,5.0,3.9971182346343994
152,740,4.0,4.462520122528076
794,242,5.0,4.581777095794678
269,783,1.0,1.9904096126556396
315,654,5.0,4.459150791168213
349,9,4.0,3.6995656490325928
151,231,1.0,2.984525442123413
655,280,2.0,2.6188395023345947
795,265,3.0,3.5724008083343506
310,274,3.0,3.6657164096832275
6,22,3.0,3.9893252849578857
426,646,3.0,4.232811450958252
618,168,5.0,3.6715314388275146
355,689,4.0,3.7704546451568604
276,182,5.0,4.1746368408203125
679,172,5.0,3.993196725845337
393,195,3.0,3.9959027767181396
98,168,2.0,3.784985303878784
197,684,4.0,3.54738187789917
585,740,4.0,3.421356439590454
823,209,4.0,4.363722324371338
846,239,4.0,3.6303367614746094
479,205,3.0,3.956275701522827
328,582,5.0,3.5586459636688232
558,19,5.0,4.286421298980713
705,1043,5.0,3.010650396347046
897,670,3.0,3.5338966846466064
207,319,3.0,2.909562826156616
841,286,5.0,3.982492685317993
694,1126,5.0,3.851562738418579
722,597,3.0,3.345069646835327
640,1054,1.0,3.0803892612457275
669,614,4.0,3.1434919834136963
524,584,1.0,3.351733446121216
440,329,5.0,3.8926260471343994
16,69,5.0,4.338259220123291
425,540,2.0,2.012291431427002
804,257,5.0,3.951258420944214
897,28,4.0,4.28859281539917
684,66,4.0,3.379987955093384
85,1074,3.0,2.7244555950164795
566,69,4.0,3.659003973007202
128,258,2.0,3.816180944442749
886,29,1.0,2.4683821201324463
885,237,5.0,3.3521528244018555
32,298,5.0,3.58878493309021
422,126,4.0,3.9159529209136963
373,420,4.0,3.706041097640991
210,181,5.0,4.335402965545654
250,123,3.0,3.4535205364227295
269,886,3.0,2.4996016025543213
186,406,1.0,2.6491425037384033
496,417,1.0,2.4474823474884033
66,286,1.0,3.769544839859009
401,154,1.0,3.2378904819488525
38,616,3.0,4.085419178009033
257,50,5.0,4.612848281860352
201,59,4.0,3.5972893238067627
239,175,5.0,4.173112869262695
880,881,4.0,3.0261642932891846
11,121,3.0,3.2654974460601807
913,269,5.0,3.6556317806243896
306,289,3.0,3.1588046550750732
21,324,4.0,2.611480474472046
258,286,5.0,3.973214864730835
311,204,5.0,3.9066264629364014
344,106,2.0,2.7097342014312744
247,300,2.0,3.7954447269439697
851,1051,2.0,3.3768303394317627
428,896,4.0,4.517551898956299
22,216,4.0,3.9902894496917725
790,393,2.0,3.056509256362915
892,417,3.0,3.6650230884552
436,925,4.0,3.5727531909942627
343,252,4.0,3.2176506519317627
524,647,3.0,4.244088649749756
919,98,5.0,4.168554782867432
210,152,5.0,4.008306503295898
299,114,4.0,4.131221771240234
833,249,1.0,2.6569082736968994
795,121,3.0,2.9692471027374268
312,526,5.0,4.391307353973389
854,302,3.0,3.7351996898651123
190,7,4.0,3.6767804622650146
537,327,2.0,2.536439895629883
627,553,3.0,2.8972599506378174
788,125,3.0,3.2978789806365967
666,647,5.0,4.246598720550537
467,269,4.0,4.017021656036377
715,98,5.0,4.145562171936035
158,285,5.0,4.446246147155762
536,474,5.0,4.543462753295898
211,300,2.0,3.177539825439453
407,163,3.0,3.4635770320892334
622,79,5.0,4.094150543212891
716,604,3.0,4.2786736488342285
864,1217,3.0,3.4086849689483643
42,194,5.0,4.183633327484131
480,169,5.0,4.33085823059082
345,220,3.0,3.434830904006958
514,81,4.0,3.632176160812378
385,650,5.0,2.9539763927459717
804,33,4.0,3.514636278152466
577,97,5.0,3.920649766921997
495,234,5.0,4.251331806182861
173,269,4.0,4.746715545654297
416,619,4.0,3.646655321121216
116,539,2.0,2.060420274734497
623,227,4.0,3.154160261154175
936,127,5.0,4.551346302032471
897,849,4.0,3.1554315090179443
96,435,3.0,4.204611301422119
761,840,4.0,2.4819021224975586
551,91,1.0,3.923229932785034
380,923,3.0,3.61700177192688
790,1044,4.0,2.9798872470855713
869,298,3.0,3.2255053520202637
836,900,2.0,3.905503511428833
894,979,3.0,3.474916696548462
399,545,2.0,1.4277172088623047
257,151,4.0,3.84124493598938
796,22,4.0,4.3406524658203125
188,769,2.0,2.730201482772827
588,98,1.0,4.4082841873168945
838,83,5.0,4.232418060302734
378,550,2.0,3.272740602493286
4,301,5.0,4.261850833892822
294,544,4.0,3.3886406421661377
164,331,5.0,4.254847526550293
487,202,5.0,3.9036171436309814
326,515,5.0,3.8790438175201416
537,50,4.0,3.6202781200408936
455,629,3.0,3.071446180343628
342,764,1.0,2.6989123821258545
174,780,1.0,3.259035348892212
719,890,1.0,1.5995500087738037
276,959,4.0,3.6773200035095215
764,70,4.0,3.7700483798980713
398,495,4.0,3.495152711868286
113,242,2.0,4.491486549377441
642,969,2.0,4.171713829040527
201,144,4.0,3.4831960201263428
231,1,3.0,4.227476119995117
330,22,5.0,5.039549350738525
60,511,4.0,4.519582271575928
5,445,3.0,3.4292590618133545
666,127,5.0,4.194551944732666
506,538,3.0,3.4627299308776855
347,686,5.0,3.7802774906158447
189,486,5.0,4.001491069793701
308,432,4.0,3.786672830581665
553,646,4.0,4.387243747711182
585,463,5.0,3.7819724082946777
504,143,4.0,3.84076189994812
868,432,2.0,3.2896525859832764
393,51,4.0,3.625012159347534
107,321,2.0,2.690464735031128
299,462,5.0,3.6617796421051025
13,862,3.0,1.8597466945648193
593,966,5.0,4.172536373138428
820,343,4.0,2.5775249004364014
392,250,3.0,3.758953332901001
301,79,5.0,4.013261795043945
492,1121,2.0,3.14971661567688
328,568,3.0,3.496899127960205
151,420,5.0,3.8012936115264893
253,96,5.0,4.223947048187256
7,546,4.0,3.4559738636016846
251,147,3.0,3.522291421890259
721,681,3.0,3.0038745403289795
244,1188,4.0,2.978853940963745
508,219,1.0,3.2879207134246826
900,31,2.0,2.512047052383423
95,95,3.0,3.716569185256958
225,22,5.0,4.781723499298096
694,520,5.0,4.430314064025879
393,125,4.0,3.589128255844116
521,17,1.0,2.8087828159332275
276,67,3.0,3.061189889907837
930,151,2.0,2.9848530292510986
592,521,5.0,4.081132411956787
894,1009,4.0,3.4757511615753174
639,356,2.0,2.4242820739746094
280,11,5.0,4.034013748168945
606,530,4.0,4.559345722198486
935,15,5.0,3.927842378616333
551,66,2.0,3.7279322147369385
659,172,3.0,4.2025885581970215
92,202,3.0,3.6783230304718018
556,496,5.0,4.317305088043213
381,49,2.0,3.411836862564087
55,144,5.0,3.602773427963257
389,486,4.0,3.887953042984009
438,148,5.0,3.8164455890655518
223,322,4.0,2.9074490070343018
151,1,5.0,4.07483434677124
267,554,3.0,3.024653673171997
169,181,5.0,3.8576042652130127
268,238,3.0,3.454779624938965
267,216,4.0,4.261436939239502
658,511,4.0,4.145512104034424
458,582,1.0,3.5746095180511475
334,209,3.0,3.9467432498931885
349,100,4.0,4.041806221008301
916,1268,3.0,3.7020745277404785
649,257,5.0,4.020139217376709
932,606,4.0,4.484208106994629
388,300,4.0,4.172324180603027
427,1296,5.0,4.828516960144043
669,12,5.0,3.860504388809204
224,258,3.0,3.3862030506134033
776,182,3.0,3.903592348098755
907,25,5.0,4.535116195678711
100,328,4.0,2.983642578125
327,204,4.0,3.437366485595703
864,194,4.0,4.364930152893066
695,343,4.0,2.998964548110962
653,197,3.0,3.391073703765869
655,233,3.0,2.6052160263061523
308,634,4.0,3.6897661685943604
381,120,1.0,2.3613903522491455
286,411,2.0,3.3396427631378174
647,134,4.0,4.43440055847168
731,127,4.0,3.8645355701446533
230,234,4.0,4.061629772186279
715,95,4.0,3.643136739730835
535,44,4.0,3.455427408218384
151,210,4.0,4.173610687255859
198,820,1.0,2.220416307449341
201,134,4.0,3.879040002822876
532,147,4.0,4.185316562652588
267,214,4.0,3.5914480686187744
566,8,4.0,3.765742063522339
49,423,2.0,3.066786527633667
201,505,3.0,3.5899360179901123
1,252,2.0,2.76324200630188
151,168,5.0,4.2345075607299805
146,307,3.0,3.684921979904175
216,298,5.0,3.9947054386138916
360,69,3.0,4.046392917633057
42,467,3.0,4.0436692237854
416,761,4.0,3.356130361557007
588,934,4.0,3.062105894088745
147,269,4.0,4.441008567810059
537,990,2.0,2.3670177459716797
531,892,3.0,2.898463487625122
806,14,3.0,4.031087875366211
508,209,5.0,4.043685436248779
293,582,4.0,3.116075277328491
429,161,3.0,3.4329280853271484
312,121,3.0,3.7406437397003174
712,172,5.0,4.35971212387085
399,550,3.0,2.8578336238861084
296,659,5.0,4.509711742401123
892,288,4.0,3.8567631244659424
716,160,2.0,3.5202229022979736
342,975,2.0,2.9163553714752197
334,405,3.0,3.043736696243286
593,366,4.0,3.439710855484009
862,472,5.0,3.7689404487609863
56,423,5.0,4.020313739776611
457,588,5.0,4.313204288482666
367,333,4.0,4.313000679016113
887,318,5.0,4.895407199859619
262,1054,2.0,2.0915210247039795
117,151,4.0,4.0108819007873535
198,655,4.0,3.571303129196167
7,483,4.0,4.923541069030762
207,129,3.0,3.5896317958831787
844,24,5.0,3.2528905868530273
341,881,5.0,3.817440986633301
933,160,3.0,2.671236753463745
298,311,3.0,4.043160915374756
551,218,5.0,3.756118059158325
844,7,3.0,3.5425572395324707
305,203,4.0,3.5687766075134277
13,230,3.0,3.390803098678589
821,597,3.0,3.785684108734131
568,475,4.0,3.291431188583374
387,109,4.0,3.077603578567505
643,715,5.0,3.3453452587127686
154,302,4.0,4.3047590255737305
638,636,3.0,3.0319454669952393
747,17,4.0,3.4943103790283203
201,123,2.0,2.572617769241333
500,50,3.0,4.2377777099609375
782,894,2.0,1.413671851158142
682,924,5.0,3.031841278076172
488,205,4.0,3.6776010990142822
203,100,1.0,4.284149169921875
279,16,4.0,3.369752883911133
533,580,3.0,3.1121938228607178
152,1053,5.0,4.150793552398682
715,367,3.0,3.4296183586120605
890,1065,3.0,3.5273358821868896
323,294,3.0,3.0458686351776123
843,563,2.0,1.8984181880950928
559,265,4.0,3.7169692516326904
450,1020,4.0,4.127593040466309
57,1095,2.0,2.445030450820923
468,237,4.0,3.8182122707366943
192,125,3.0,3.374173879623413
909,300,5.0,4.242326259613037
804,24,5.0,3.5674383640289307
880,298,4.0,4.004620552062988
457,1012,4.0,4.0045013427734375
424,681,3.0,2.325352907180786
44,151,4.0,3.670910596847534
234,173,3.0,3.662890672683716
625,181,4.0,3.610795736312866
201,1425,3.0,2.217996835708618
334,902,4.0,3.652672052383423
326,519,5.0,3.6707746982574463
311,654,3.0,4.331706523895264
896,470,2.0,3.1216838359832764
270,727,5.0,4.32732629776001
880,187,5.0,4.365226745605469
571,69,2.0,3.3671905994415283
17,628,1.0,2.980426549911499
255,672,2.0,1.9018664360046387
145,869,4.0,2.9923255443573
337,392,5.0,3.904230833053589
608,100,4.0,3.9774563312530518
881,1089,1.0,1.9055755138397217
827,272,4.0,4.1805739402771
631,346,4.0,3.6284732818603516
537,47,4.0,2.913400888442993
618,729,3.0,3.004462242126465
634,125,4.0,3.445815324783325
632,720,3.0,2.7835536003112793
758,211,4.0,4.363794803619385
804,68,3.0,3.581509828567505
768,100,5.0,3.8434255123138428
698,1,4.0,2.842071771621704
523,289,4.0,3.7644665241241455
25,419,4.0,3.8202407360076904
318,63,3.0,3.2088019847869873
878,699,1.0,3.142059564590454
606,1149,4.0,4.37375020980835
297,574,1.0,1.8846707344055176
919,319,3.0,3.1490743160247803
345,708,3.0,3.583003044128418
307,230,5.0,3.6618452072143555
92,307,4.0,3.441180944442749
20,1,3.0,3.3693156242370605
655,1167,3.0,2.951406955718994
749,969,4.0,3.8410255908966064
7,423,5.0,4.202971458435059
798,231,2.0,2.864595651626587
935,284,4.0,3.554584264755249
104,333,2.0,2.837615728378296
207,826,2.0,2.1443674564361572
263,1,5.0,4.077192306518555
378,280,2.0,3.066979169845581
254,699,3.0,3.3514609336853027
870,505,4.0,3.6842970848083496
435,154,4.0,3.6607182025909424
10,133,5.0,4.302423000335693
437,191,4.0,4.335765361785889
472,577,3.0,3.2785942554473877
718,273,3.0,3.8336031436920166
455,204,4.0,3.642570734024048
184,1121,4.0,3.7288565635681152
585,30,4.0,4.087037563323975
943,230,1.0,3.5657732486724854
96,153,4.0,4.072242736816406
660,1074,1.0,2.091073513031006
293,17,2.0,2.664781093597412
500,735,4.0,3.6892526149749756
40,259,2.0,1.9995629787445068
280,232,3.0,3.6061222553253174
560,50,5.0,4.298323631286621
610,484,3.0,4.015557289123535
804,153,4.0,3.8712046146392822
867,258,3.0,4.117758274078369
698,153,2.0,2.7708840370178223
152,117,4.0,4.581236839294434
486,304,3.0,3.348402261734009
567,487,4.0,3.9897100925445557
121,25,5.0,3.223788022994995
621,55,5.0,3.9169037342071533
226,258,5.0,3.793574810028076
416,420,3.0,3.9065611362457275
524,402,2.0,3.361091136932373
154,515,4.0,4.432910442352295
271,81,3.0,3.4416849613189697
198,690,3.0,2.986891984939575
782,301,3.0,2.8635241985321045
752,589,4.0,3.8899080753326416
15,405,2.0,2.6887974739074707
763,1180,2.0,2.991636037826538
196,306,4.0,4.0872063636779785
765,283,4.0,4.126730918884277
882,841,1.0,3.161904811859131
234,625,3.0,2.7795326709747314
504,403,3.0,3.4979212284088135
276,919,4.0,3.915564775466919
363,1007,5.0,3.6793291568756104
228,56,2.0,3.5094103813171387
731,15,4.0,3.0935614109039307
378,792,4.0,3.6687777042388916
313,203,5.0,3.8466780185699463
617,1021,4.0,3.0136711597442627
533,177,4.0,3.72878098487854
631,873,2.0,2.8832314014434814
716,56,5.0,4.255222320556641
642,407,5.0,2.948338270187378
330,31,5.0,4.531331539154053
805,729,3.0,3.240124225616455
597,250,4.0,3.6601107120513916
288,205,5.0,4.033818244934082
487,288,4.0,3.5484888553619385
41,170,4.0,4.061893939971924
103,1089,1.0,2.1368086338043213
690,663,4.0,3.6265416145324707
442,436,3.0,3.188343048095703
303,518,4.0,3.8799431324005127
85,53,3.0,2.759138822555542
537,399,2.0,2.4576330184936523
246,402,3.0,3.04315447807312
796,810,3.0,3.00262713432312
378,739,4.0,3.227353572845459
411,655,4.0,3.886425733566284
221,346,5.0,3.7555177211761475
807,403,4.0,3.6400935649871826
96,484,5.0,4.464982032775879
669,517,3.0,3.38728928565979
150,100,2.0,4.359488487243652
561,1010,3.0,2.8670787811279297
541,627,4.0,3.485083818435669
44,123,4.0,3.1192493438720703
524,516,4.0,3.8587725162506104
280,203,4.0,4.125171661376953
666,613,5.0,3.91318678855896
445,1008,1.0,2.0772759914398193
13,747,4.0,3.249288320541382
138,111,4.0,3.6911346912384033
276,9,5.0,3.913630247116089
897,294,3.0,3.467085123062134
623,216,4.0,3.850525140762329
293,64,5.0,3.961932420730591
892,67,4.0,3.4985196590423584
43,321,3.0,3.330643892288208
897,436,4.0,3.9172842502593994
533,215,4.0,3.6080729961395264
91,498,3.0,4.3975701332092285
450,65,3.0,3.8600313663482666
698,526,2.0,3.011855363845825
709,56,5.0,4.083139896392822
10,479,5.0,4.603083610534668
7,623,3.0,3.3624353408813477
933,184,1.0,2.669219732284546
614,546,1.0,2.8442325592041016
499,100,4.0,4.085119724273682
172,1134,2.0,2.783778190612793
339,566,3.0,3.779064416885376
347,1291,1.0,2.8006608486175537
805,419,4.0,3.5327184200286865
64,194,5.0,3.9425790309906006
500,831,3.0,2.1173338890075684
649,471,5.0,3.6871769428253174
619,96,5.0,4.078832626342773
514,301,4.0,3.2705838680267334
1,184,4.0,3.28778076171875
653,157,5.0,2.770120143890381
665,181,4.0,3.894942045211792
757,270,3.0,3.496497392654419
693,88,3.0,2.8278491497039795
704,611,3.0,4.0265583992004395
380,631,4.0,3.020112991333008
606,472,4.0,3.3785183429718018
271,148,3.0,3.051837682723999
896,25,3.0,2.9257559776306152
768,237,4.0,3.344444990158081
128,729,2.0,3.3750810623168945
532,1407,2.0,3.2388103008270264
128,505,4.0,4.0440287590026855
505,435,3.0,3.679211378097534
457,631,4.0,4.160455226898193
850,742,5.0,4.041111946105957
450,174,5.0,4.557406902313232
406,163,3.0,3.3811614513397217
655,134,4.0,3.7236759662628174
665,98,4.0,4.166471004486084
290,243,3.0,2.1091527938842773
201,99,3.0,3.2342002391815186
892,436,3.0,4.05908727645874
586,1218,5.0,3.3831658363342285
933,183,4.0,3.2608401775360107
329,11,3.0,3.5169312953948975
221,1407,3.0,2.560276985168457
903,317,4.0,4.092696666717529
79,7,5.0,3.9284894466400146
429,48,3.0,4.0302886962890625
774,448,2.0,2.2913811206817627
624,294,3.0,3.2638978958129883
795,1199,3.0,2.3338046073913574
378,70,4.0,3.656388521194458
653,771,2.0,1.6035575866699219
246,133,3.0,3.5190775394439697
758,441,3.0,3.215583324432373
312,188,3.0,3.9640052318573
361,156,4.0,3.8584892749786377
618,939,2.0,3.356300115585327
102,210,3.0,3.1579201221466064
795,473,2.0,2.715346574783325
479,22,4.0,4.140919208526611
95,649,4.0,3.3928780555725098
454,504,2.0,3.062842607498169
790,1183,2.0,2.250898599624634
530,220,5.0,3.4285333156585693
144,172,4.0,4.015116214752197
921,720,4.0,2.6477177143096924
833,186,1.0,3.458512544631958
601,259,1.0,2.0528690814971924
576,475,1.0,4.02022647857666
102,70,3.0,3.044292449951172
847,234,2.0,3.2577197551727295
637,301,1.0,2.4681053161621094
170,304,4.0,4.202821254730225
416,220,4.0,3.6690785884857178
473,242,3.0,4.345240116119385
409,1093,2.0,2.8427298069000244
632,318,5.0,4.400195121765137
325,319,3.0,2.926853656768799
795,546,3.0,2.5211257934570312
216,231,2.0,2.9439990520477295
343,276,5.0,3.9248344898223877
437,475,3.0,4.049010753631592
284,322,3.0,3.12804913520813
222,200,3.0,3.589653253555298
