907,143,5.0,4.749523639678955
371,210,4.0,4.242651462554932
218,42,4.0,3.7275705337524414
829,170,4.0,4.136621952056885
733,277,1.0,3.183457851409912
363,1512,1.0,4.226335525512695
193,487,5.0,3.898286819458008
808,313,5.0,4.844545841217041
557,682,2.0,3.551262617111206
774,196,3.0,2.3765361309051514
638,118,3.0,2.8169965744018555
632,81,5.0,3.8555681705474854
417,200,4.0,3.7027487754821777
580,471,3.0,3.771601676940918
640,91,4.0,4.354917049407959
450,328,4.0,4.078417778015137
596,13,2.0,3.5936951637268066
586,467,4.0,3.4187934398651123
653,502,2.0,2.988152503967285
378,517,3.0,3.9244983196258545
405,65,1.0,1.9198678731918335
279,399,4.0,3.49495792388916
327,293,3.0,3.589850902557373
346,276,1.0,3.4757587909698486
59,928,4.0,3.347383499145508
514,22,4.0,4.497860431671143
807,402,5.0,4.04704475402832
473,327,3.0,3.5017027854919434
342,324,1.0,3.107820987701416
269,136,4.0,4.004018783569336
654,1,4.0,3.91855525970459
250,28,4.0,4.268966197967529
282,689,2.0,3.489452838897705
534,619,4.0,4.21151065826416
194,481,3.0,3.4752087593078613
184,118,2.0,3.1597819328308105
291,739,3.0,3.706183433532715
293,31,2.0,3.313962936401367
943,1028,2.0,3.2069950103759766
65,69,3.0,4.046971797943115
562,135,5.0,3.923030376434326
466,62,3.0,2.5944225788116455
847,317,3.0,3.556483745574951
650,521,3.0,3.498378276824951
656,326,1.0,2.3996787071228027
366,53,5.0,4.208617210388184
15,280,3.0,2.5025811195373535
474,322,4.0,2.9901654720306396
90,905,4.0,4.0383477210998535
503,19,5.0,4.436246871948242
334,1524,4.0,4.323875427246094
90,632,5.0,4.453075885772705
406,1118,3.0,3.221520185470581
899,515,3.0,4.346332550048828
13,339,3.0,2.7824971675872803
430,19,5.0,3.937645673751831
24,729,5.0,4.186161994934082
634,225,3.0,3.2394161224365234
727,89,5.0,4.090925216674805
429,596,3.0,3.219421625137329
62,127,4.0,4.352863311767578
771,241,1.0,3.72487735748291
733,762,4.0,3.0856854915618896
139,222,3.0,4.049375534057617
916,721,4.0,3.349248170852661
402,204,5.0,4.244955539703369
553,136,4.0,4.497588157653809
62,1073,4.0,3.8049323558807373
521,271,3.0,2.7118618488311768
488,358,3.0,2.431837797164917
7,231,3.0,3.3222579956054688
346,727,1.0,3.1803078651428223
423,823,3.0,2.822722911834717
405,575,5.0,1.2929091453552246
385,1158,5.0,3.382521629333496
630,125,3.0,3.6369571685791016
551,125,4.0,3.850252151489258
727,183,3.0,3.998577833175659
660,810,3.0,2.002889633178711
552,323,2.0,3.029435873031616
13,604,5.0,4.097047805786133
642,812,4.0,3.6451942920684814
240,269,5.0,4.760349750518799
321,191,3.0,4.184567451477051
85,921,3.0,3.7677557468414307
671,161,5.0,3.7174079418182373
253,97,4.0,3.9808743000030518
605,187,5.0,4.447432994842529
472,625,4.0,4.176270484924316
56,449,5.0,3.4420852661132812
881,141,3.0,3.5538344383239746
391,318,4.0,4.525625228881836
601,387,3.0,2.7788381576538086
497,475,4.0,3.6624691486358643
327,921,4.0,3.619462251663208
200,1033,2.0,3.6282477378845215
605,64,5.0,4.7928338050842285
796,879,4.0,3.6553683280944824
214,216,4.0,4.049990177154541
566,161,4.0,3.0813350677490234
653,423,2.0,2.9857115745544434
344,216,4.0,4.2001824378967285
151,664,5.0,4.311755657196045
64,751,2.0,3.5629472732543945
554,87,4.0,4.006704807281494
384,327,4.0,4.272066116333008
798,1032,3.0,3.299368143081665
622,90,4.0,3.1952319145202637
719,735,5.0,3.3834433555603027
424,740,5.0,3.0532326698303223
294,358,2.0,2.701164960861206
21,396,2.0,3.105187177658081
690,197,4.0,3.703805923461914
360,471,4.0,3.62924861907959
734,603,4.0,4.195775508880615
521,174,4.0,3.8495893478393555
484,300,4.0,4.168282508850098
128,50,4.0,4.524237632751465
633,921,3.0,3.6205461025238037
854,466,3.0,3.3034310340881348
493,751,5.0,3.695723056793213
504,392,5.0,3.8637137413024902
655,318,4.0,3.6749958992004395
650,157,3.0,3.232004165649414
104,273,3.0,2.7660696506500244
872,117,4.0,3.9217369556427
276,1170,4.0,3.228893518447876
146,258,4.0,4.120789527893066
222,1066,1.0,3.078371524810791
380,199,3.0,3.7543118000030518
618,195,3.0,3.732663154602051
358,1266,4.0,3.5763652324676514
871,813,3.0,3.8015522956848145
234,174,3.0,3.810281991958618
912,15,4.0,3.6483635902404785
75,237,2.0,4.0550856590271
713,270,2.0,2.955089569091797
251,33,3.0,3.607193946838379
275,199,4.0,3.7463459968566895
766,91,5.0,3.2544708251953125
22,204,5.0,4.20741081237793
487,591,2.0,4.052246570587158
827,316,3.0,3.8095779418945312
919,22,5.0,4.241385459899902
637,274,5.0,2.4980883598327637
666,856,5.0,3.83498477935791
349,458,4.0,3.1050634384155273
880,1197,3.0,4.028817653656006
30,892,4.0,2.6931042671203613
716,213,5.0,4.392738342285156
235,70,5.0,3.7792863845825195
291,1042,4.0,3.609402656555176
655,311,3.0,3.0541114807128906
387,642,4.0,3.4330921173095703
109,31,4.0,3.654524326324463
484,69,5.0,4.3984856605529785
393,7,4.0,3.466200113296509
314,53,1.0,3.748751640319824
845,1394,4.0,2.6241164207458496
532,311,2.0,4.627822399139404
195,558,3.0,3.862875461578369
89,151,5.0,3.942960739135742
824,243,1.0,2.693190574645996
632,11,4.0,4.0219926834106445
393,412,3.0,3.2992007732391357
887,121,5.0,4.268143177032471
682,412,1.0,2.334245443344116
406,210,5.0,3.80766224861145
795,552,2.0,2.652078866958618
774,546,1.0,1.463773488998413
47,304,3.0,3.7327733039855957
514,15,4.0,3.9633944034576416
804,175,4.0,3.943920135498047
804,1056,4.0,3.5995116233825684
21,243,2.0,1.5152039527893066
618,778,3.0,3.3468148708343506
151,222,5.0,3.868504047393799
224,583,1.0,2.928896427154541
283,709,5.0,4.590835094451904
504,185,5.0,4.154422760009766
553,135,4.0,4.254278659820557
846,203,5.0,4.135234355926514
773,52,3.0,3.6100716590881348
385,384,1.0,2.2320408821105957
346,720,2.0,2.9084644317626953
373,366,4.0,3.6042866706848145
881,474,3.0,4.278831958770752
537,845,2.0,2.460674524307251
474,50,5.0,4.848763465881348
293,77,2.0,2.6484436988830566
542,435,4.0,3.8498191833496094
262,111,4.0,3.214385986328125
109,1210,3.0,3.2544431686401367
181,1164,3.0,1.2443342208862305
847,96,4.0,3.6300008296966553
625,640,3.0,2.879971742630005
246,178,5.0,4.347454071044922
425,24,2.0,3.0101566314697266
749,712,3.0,3.4733967781066895
586,227,2.0,3.3163270950317383
410,754,3.0,3.0442070960998535
332,9,4.0,4.608358860015869
185,47,4.0,3.8063440322875977
582,826,3.0,1.9437854290008545
130,217,3.0,4.203032493591309
537,426,1.0,2.055304527282715
295,380,4.0,4.3908843994140625
756,151,4.0,3.388648509979248
749,826,3.0,2.500338554382324
405,657,1.0,2.7714765071868896
622,1407,1.0,2.073110580444336
425,825,2.0,2.769207715988159
372,56,4.0,4.640152931213379
338,1124,4.0,3.6900923252105713
795,568,3.0,3.215029716491699
99,694,1.0,4.2990946769714355
717,980,4.0,3.9743471145629883
470,952,3.0,3.367039442062378
268,153,5.0,3.684687614440918
425,853,4.0,3.2208642959594727
457,566,4.0,4.1906280517578125
73,433,4.0,3.6493968963623047
397,665,3.0,2.4496383666992188
466,357,4.0,4.3368706703186035
389,1114,2.0,3.8029890060424805
328,903,3.0,3.2309062480926514
378,742,4.0,3.5014452934265137
65,211,4.0,4.128943920135498
333,98,4.0,4.415696620941162
886,240,3.0,2.464783191680908
897,673,5.0,4.07439661026001
224,720,4.0,2.8562402725219727
934,526,2.0,3.902397632598877
181,931,1.0,1.217606544494629
839,50,5.0,4.240207195281982
782,322,4.0,2.879336357116699
181,263,1.0,1.2057465314865112
880,40,2.0,3.187872886657715
505,588,5.0,3.552323579788208
207,433,3.0,3.2385051250457764
500,619,3.0,3.154921054840088
181,360,1.0,1.3358254432678223
922,62,3.0,3.260316848754883
815,735,5.0,3.987102508544922
782,937,1.0,3.0255730152130127
894,638,3.0,4.033026218414307
551,698,4.0,3.529017686843872
246,1101,5.0,3.728729486465454
131,275,2.0,4.214633464813232
606,248,5.0,4.05185079574585
854,191,4.0,4.090125560760498
889,3,4.0,3.101962089538574
547,294,1.0,3.4385251998901367
211,303,3.0,3.0425872802734375
883,707,3.0,4.171750068664551
823,228,3.0,4.3733015060424805
889,173,5.0,4.0249857902526855
293,117,3.0,3.028597831726074
723,164,4.0,3.0518007278442383
313,720,2.0,2.9444897174835205
87,8,5.0,4.327198505401611
305,215,2.0,3.403931140899658
588,1411,1.0,3.4089293479919434
83,50,3.0,4.6604719161987305
81,432,2.0,3.710787773132324
372,77,5.0,4.434420108795166
409,1512,5.0,4.544522762298584
194,125,2.0,2.8367581367492676
745,510,3.0,3.080167770385742
749,191,4.0,4.577209949493408
821,117,3.0,4.6899733543396
552,926,2.0,2.955620765686035
541,659,5.0,4.484790325164795
682,735,4.0,3.5905752182006836
424,127,4.0,3.805159568786621
854,264,1.0,2.1331820487976074
389,492,5.0,4.166896820068359
354,208,4.0,3.9429614543914795
527,127,5.0,4.287436008453369
378,302,5.0,4.237202167510986
903,1009,4.0,3.6623501777648926
484,15,5.0,4.27741003036499
62,7,4.0,3.7643253803253174
387,692,1.0,3.399275779724121
641,270,3.0,4.0222578048706055
164,9,4.0,4.457045078277588
608,204,4.0,3.806870698928833
459,472,5.0,3.315896987915039
566,122,2.0,2.1500370502471924
398,4,2.0,3.559342384338379
407,274,3.0,3.3226873874664307
144,273,4.0,3.43708872795105
523,582,4.0,4.531894207000732
613,607,4.0,4.443619251251221
416,690,5.0,4.069605827331543
610,317,3.0,4.072017669677734
758,91,4.0,3.9797556400299072
308,58,3.0,3.6974878311157227
334,620,2.0,3.045313596725464
833,506,2.0,3.517801284790039
70,231,3.0,2.861268997192383
399,1035,3.0,2.9179587364196777
13,64,5.0,4.523953914642334
534,93,1.0,4.300756931304932
843,708,2.0,2.5670018196105957
639,714,2.0,2.5237834453582764
663,321,5.0,3.271306037902832
189,1402,4.0,2.7639431953430176
457,172,5.0,5.0187201499938965
640,580,5.0,4.107551574707031
94,356,4.0,3.5097227096557617
504,187,3.0,4.2348527908325195
436,288,4.0,3.8077034950256348
541,1030,3.0,2.1914212703704834
551,168,5.0,4.638587474822998
703,15,5.0,4.061331272125244
521,228,4.0,3.365715980529785
510,325,1.0,2.7778332233428955
463,689,2.0,2.111950159072876
312,499,4.0,4.523478984832764
533,357,3.0,4.157273769378662
393,794,4.0,3.4466447830200195
642,748,5.0,3.761568069458008
851,1291,2.0,2.8921420574188232
128,507,4.0,3.947709321975708
568,653,4.0,3.3832123279571533
325,1,2.0,3.6763081550598145
345,161,3.0,3.4052350521087646
741,280,3.0,2.9441351890563965
545,222,4.0,3.635179281234741
778,144,4.0,3.2212061882019043
874,137,4.0,3.9219565391540527
897,1254,2.0,2.2820370197296143
385,1143,4.0,3.6484923362731934
487,43,3.0,2.8531761169433594
425,269,4.0,3.5602407455444336
758,412,5.0,2.604428768157959
313,191,5.0,4.35221529006958
11,414,3.0,3.7026495933532715
225,1443,4.0,4.383686542510986
849,676,5.0,4.773932933807373
616,339,3.0,3.390536308288574
109,131,1.0,3.8040714263916016
548,164,5.0,3.9585413932800293
455,1034,2.0,2.2797555923461914
289,849,4.0,2.3891139030456543
896,148,2.0,2.2523226737976074
38,294,5.0,3.933166027069092
194,385,2.0,2.9604458808898926
385,235,5.0,2.4229836463928223
553,131,5.0,4.12854528427124
896,184,3.0,2.9430341720581055
940,315,4.0,3.8534133434295654
178,144,4.0,4.048201084136963
482,311,4.0,3.7018253803253174
327,663,4.0,3.6608729362487793
601,173,5.0,3.8681700229644775
345,150,5.0,4.229185581207275
761,1014,1.0,2.805553436279297
790,1119,4.0,3.4471395015716553
489,989,3.0,3.676002025604248
38,318,3.0,4.652082920074463
279,1496,3.0,3.329202651977539
923,591,5.0,4.438866138458252
323,215,5.0,3.911590099334717
376,181,4.0,4.022462844848633
927,541,5.0,3.520106315612793
416,1286,5.0,4.040843963623047
268,655,4.0,3.7712132930755615
64,196,4.0,4.022276401519775
271,427,5.0,4.397403240203857
122,511,5.0,4.504367828369141
167,404,3.0,3.8188984394073486
580,281,2.0,3.608374834060669
95,510,4.0,4.019009590148926
615,237,4.0,3.6862690448760986
663,25,4.0,3.5840306282043457
883,517,4.0,4.089589595794678
189,30,4.0,4.333951473236084
735,333,4.0,3.1964426040649414
711,272,5.0,4.71701192855835
874,124,4.0,4.255585670471191
796,525,4.0,4.152514457702637
668,596,3.0,3.3923749923706055
533,9,4.0,3.6542372703552246
851,248,4.0,4.10930871963501
360,14,5.0,4.243414878845215
62,181,4.0,3.9659013748168945
579,514,3.0,3.877448558807373
158,745,4.0,4.11754035949707
119,1052,4.0,2.725935459136963
275,162,3.0,3.2003233432769775
503,277,4.0,3.8584084510803223
710,496,4.0,4.161654472351074
660,550,2.0,2.445248603820801
42,151,4.0,3.793239116668701
479,147,3.0,3.1169121265411377
574,887,4.0,3.597749948501587
13,655,5.0,3.8647961616516113
593,220,3.0,3.5454342365264893
524,526,3.0,3.7172951698303223
244,721,5.0,3.6780571937561035
774,567,1.0,1.4943288564682007
848,132,5.0,4.6185383796691895
851,435,4.0,4.3784918785095215
198,58,3.0,3.403942584991455
286,210,5.0,4.1962785720825195
608,753,5.0,3.834444999694824
303,379,4.0,2.5060558319091797
271,221,3.0,3.926781415939331
492,650,2.0,3.069042205810547
782,1278,4.0,2.993952751159668
864,609,3.0,3.999920606613159
763,357,4.0,4.517970561981201
894,45,4.0,4.091622829437256
272,201,3.0,3.992644786834717
264,275,5.0,4.548167705535889
286,278,5.0,3.7586255073547363
190,508,3.0,3.771717071533203
80,194,3.0,4.127056121826172
916,222,3.0,3.393864154815674
532,495,4.0,4.576547145843506
929,136,3.0,4.027516841888428
178,731,4.0,3.4564032554626465
327,537,4.0,3.4875879287719727
591,172,3.0,4.280472755432129
679,268,4.0,3.7654356956481934
795,429,3.0,3.6688621044158936
234,321,2.0,2.539529800415039
698,275,4.0,3.018573760986328
385,503,3.0,3.142975091934204
268,746,3.0,3.479167938232422
682,774,4.0,2.938222646713257
244,287,3.0,3.8561556339263916
387,175,5.0,3.8537070751190186
707,194,4.0,3.904041290283203
216,189,3.0,4.56646203994751
524,523,4.0,3.9471402168273926
486,288,4.0,3.298689842224121
395,252,3.0,3.2253260612487793
620,78,4.0,3.6548633575439453
892,64,4.0,5.066553592681885
345,241,4.0,3.948707342147827
593,597,2.0,3.250386953353882
895,1,4.0,4.359545707702637
18,237,3.0,3.8028817176818848
60,151,5.0,3.9701762199401855
417,39,3.0,3.387968063354492
823,721,4.0,3.9914090633392334
286,231,3.0,3.6122236251831055
389,47,4.0,3.8842976093292236
298,1142,4.0,4.1249847412109375
216,200,5.0,4.23184871673584
236,204,3.0,3.6238553524017334
393,808,4.0,3.284440517425537
704,354,4.0,3.0666542053222656
416,1189,5.0,4.9269914627075195
349,696,3.0,3.0438971519470215
90,174,5.0,4.8033928871154785
828,1466,4.0,3.299834728240967
286,1239,3.0,3.0582799911499023
279,275,3.0,3.6273293495178223
451,322,4.0,2.902491569519043
405,959,1.0,1.9537878036499023
718,815,4.0,3.3203461170196533
321,116,3.0,3.686309337615967
334,134,5.0,4.2568864822387695
522,12,5.0,4.79596471786499
889,469,4.0,3.6185412406921387
930,282,4.0,2.8489737510681152
215,210,4.0,4.10439395904541
716,603,5.0,4.662736892700195
326,568,4.0,3.055481433868408
919,287,4.0,3.6486847400665283
344,25,4.0,3.4884262084960938
862,650,4.0,4.342385768890381
153,357,5.0,3.7022550106048584
627,521,2.0,3.624750852584839
901,1120,4.0,3.657644748687744
868,470,1.0,3.1497530937194824
267,47,5.0,4.295339584350586
361,166,4.0,4.114797115325928
417,217,4.0,3.376065492630005
459,546,1.0,3.3358731269836426
152,22,5.0,4.930452346801758
625,188,4.0,3.3519833087921143
401,294,1.0,2.6412415504455566
160,79,4.0,4.433286190032959
910,100,4.0,3.7414395809173584
179,905,4.0,3.326700210571289
379,502,5.0,4.328241348266602
796,371,5.0,3.5288305282592773
653,163,4.0,2.6669554710388184
746,208,4.0,4.1000752449035645
45,284,4.0,3.6119637489318848
766,526,2.0,3.5204992294311523
303,578,2.0,2.861964225769043
898,309,5.0,3.2074666023254395
593,866,5.0,3.42208194732666
643,144,4.0,4.032958984375
270,747,5.0,4.481998920440674
474,23,4.0,4.674898624420166
121,237,5.0,3.5361289978027344
479,474,5.0,4.405135154724121
532,771,3.0,3.4569578170776367
121,313,5.0,4.645621299743652
912,268,2.0,3.6955926418304443
764,673,4.0,3.896340847015381
387,1537,4.0,3.790520668029785
34,288,2.0,4.298434734344482
344,118,3.0,2.5515968799591064
482,127,4.0,4.21448278427124
456,697,4.0,3.3475775718688965
260,748,4.0,4.0733962059021
305,135,3.0,3.760855197906494
457,114,5.0,5.128225803375244
339,161,3.0,3.5838096141815186
18,702,3.0,3.214449882507324
918,190,5.0,3.849775791168213
614,14,3.0,3.696925640106201
470,7,3.0,3.707747459411621
93,934,3.0,3.2710916996002197
407,151,4.0,3.6358320713043213
466,173,3.0,4.178434371948242
279,824,4.0,3.209235668182373
401,185,4.0,3.5254220962524414
779,118,5.0,3.8627381324768066
184,629,3.0,3.3764700889587402
102,118,3.0,2.3704347610473633
313,636,4.0,3.3284170627593994
232,166,4.0,4.123293399810791
370,427,5.0,4.173350811004639
320,22,5.0,4.618098735809326
299,1021,3.0,3.7777135372161865
786,230,4.0,3.503495216369629
867,222,4.0,4.213703632354736
472,386,5.0,4.126116752624512
826,313,5.0,4.689831256866455
893,412,3.0,2.4484176635742188
757,570,3.0,3.161813735961914
709,431,5.0,3.7567310333251953
705,423,2.0,4.048818111419678
425,187,3.0,3.6901042461395264
268,325,3.0,2.1156671047210693
215,474,4.0,4.442811965942383
9,340,4.0,4.059991836547852
770,742,4.0,4.706882953643799
762,749,1.0,2.254361152648926
437,248,2.0,3.6649012565612793
13,88,4.0,3.2806785106658936
373,196,5.0,4.03118371963501
429,45,3.0,3.9969542026519775
560,7,3.0,3.681448459625244
123,127,5.0,4.572173118591309
405,226,2.0,1.7309856414794922
756,742,3.0,3.2638285160064697
276,665,3.0,2.815631866455078
63,25,4.0,3.2088704109191895
884,198,5.0,4.045938491821289
653,50,5.0,3.6594433784484863
677,288,5.0,3.6873950958251953
561,513,3.0,3.9866957664489746
213,294,3.0,3.9016690254211426
188,288,4.0,3.6261091232299805
634,866,3.0,3.3792848587036133
896,655,4.0,3.5777502059936523
653,223,3.0,3.397515296936035
817,327,4.0,3.572187900543213
585,855,3.0,3.835503101348877
782,908,3.0,2.528317451477051
758,234,4.0,4.1522955894470215
295,1459,5.0,4.553050518035889
655,262,5.0,3.0987932682037354
709,227,2.0,3.5090622901916504
64,64,4.0,4.620377540588379
201,289,2.0,2.53521990776062
291,79,5.0,4.791819095611572
452,94,1.0,2.831602096557617
474,651,5.0,4.634011745452881
234,1172,3.0,3.09627103805542
458,275,5.0,4.014557838439941
927,552,4.0,3.6758220195770264
321,1050,3.0,3.4974865913391113
113,303,5.0,3.9748029708862305
706,323,4.0,2.935469627380371
92,527,3.0,4.1997904777526855
83,233,4.0,3.7132017612457275
747,419,5.0,4.336820602416992
234,172,3.0,3.785613536834717
868,568,1.0,3.080080986022949
372,443,4.0,4.500794887542725
95,716,3.0,3.184960126876831
97,1,4.0,4.220344543457031
758,1052,5.0,2.3869519233703613
897,443,5.0,4.142151355743408
320,1011,3.0,3.788092613220215
279,169,5.0,4.164092063903809
291,1012,4.0,4.320523738861084
49,10,3.0,3.426530599594116
738,89,5.0,4.1221723556518555
711,403,4.0,3.722318410873413
524,508,5.0,3.5595664978027344
521,651,3.0,3.8064088821411133
633,581,3.0,3.22029972076416
574,213,4.0,4.0137200355529785
878,269,4.0,3.733738660812378
727,38,1.0,2.7674005031585693
610,318,5.0,4.53239107131958
592,461,4.0,4.299266815185547
562,684,4.0,3.7205147743225098
407,8,5.0,3.9946494102478027
938,756,3.0,2.955946207046509
671,327,1.0,3.6801323890686035
731,487,4.0,3.5727179050445557
933,227,1.0,2.3708629608154297
805,475,5.0,3.7659835815429688
592,345,4.0,3.6865806579589844
389,503,3.0,3.927907943725586
487,92,4.0,4.003946304321289
932,235,2.0,2.883087158203125
580,1028,3.0,3.594162702560425
761,1277,1.0,3.0010616779327393
386,181,3.0,4.120542526245117
145,155,2.0,3.334165334701538
181,148,2.0,1.41200852394104
618,68,3.0,3.1504054069519043
18,474,4.0,4.431140422821045
672,1190,2.0,3.0053577423095703
399,622,4.0,2.775625467300415
446,302,4.0,3.7521402835845947
848,511,4.0,4.772146701812744
144,262,3.0,3.827457904815674
660,99,2.0,2.902111768722534
892,1091,2.0,3.129849433898926
303,164,4.0,3.915086269378662
417,1210,2.0,3.1132686138153076
421,234,5.0,3.642092227935791
524,382,3.0,3.546475887298584
290,1091,2.0,3.072493076324463
18,8,5.0,4.137903213500977
311,785,3.0,3.737086772918701
727,202,4.0,3.6197333335876465
804,615,5.0,4.096027374267578
579,186,3.0,3.9165470600128174
303,1044,3.0,3.0048999786376953
161,204,2.0,2.4066381454467773
320,24,3.0,3.8910059928894043
562,806,1.0,3.469212770462036
10,558,4.0,4.20660400390625
881,49,5.0,3.3011856079101562
738,174,5.0,4.190865516662598
786,684,4.0,4.00912618637085
23,283,4.0,3.877639055252075
545,393,4.0,3.523041009902954
608,690,4.0,3.417919635772705
608,333,4.0,3.3906471729278564
194,79,3.0,3.6798884868621826
339,53,4.0,3.0804123878479004
162,179,3.0,4.047094345092773
650,117,4.0,3.055901288986206
442,226,3.0,3.028884172439575
867,28,5.0,4.356954097747803
435,125,3.0,3.4197394847869873
334,19,4.0,4.0070929527282715
804,210,5.0,4.006047248840332
849,421,5.0,4.963655948638916
543,9,4.0,3.716376781463623
181,620,2.0,1.4490785598754883
889,11,5.0,3.7256083488464355
313,231,2.0,2.8870744705200195
801,752,4.0,4.533216953277588
59,433,5.0,4.16091251373291
563,172,5.0,4.6403913497924805
712,462,3.0,4.0490522384643555
159,126,5.0,4.074160575866699
508,70,4.0,3.824124813079834
653,492,4.0,3.0755722522735596
407,588,4.0,3.8063013553619385
293,240,2.0,1.7740716934204102
210,243,2.0,2.4649176597595215
765,507,5.0,4.2860636711120605
102,1240,2.0,3.043074131011963
655,286,3.0,3.008807897567749
618,276,3.0,3.3800394535064697
916,474,4.0,4.233497619628906
943,581,4.0,3.4501845836639404
930,100,3.0,3.443265438079834
271,509,4.0,4.007413864135742
301,771,2.0,3.144695520401001
7,652,3.0,4.343214511871338
561,642,3.0,2.94293212890625
84,322,3.0,3.5996594429016113
116,270,3.0,3.1464672088623047
334,164,3.0,3.6079976558685303
764,77,4.0,3.7509241104125977
737,173,4.0,4.16301155090332
907,173,4.0,4.885589122772217
805,1033,3.0,2.693694591522217
141,237,4.0,3.713564157485962
145,1288,4.0,3.1661622524261475
901,560,3.0,3.1406631469726562
588,172,5.0,4.352598667144775
62,288,2.0,3.1788716316223145
62,228,3.0,3.658846855163574
444,751,4.0,3.977750301361084
450,82,3.0,4.240899085998535
389,386,3.0,2.5592586994171143
567,673,3.0,3.7577176094055176
670,232,3.0,3.4450671672821045
756,1074,4.0,2.857086658477783
387,1011,3.0,3.17756986618042
447,629,3.0,3.477804183959961
704,519,3.0,4.127565383911133
653,517,1.0,3.107646942138672
198,381,3.0,3.390624523162842
899,423,4.0,3.775728225708008
927,257,5.0,4.172937870025635
91,326,3.0,3.6155121326446533
244,156,4.0,4.09262228012085
943,56,5.0,4.215785026550293
880,186,4.0,4.253005027770996
843,392,2.0,2.711733818054199
339,97,4.0,4.173813343048096
199,14,4.0,3.9076898097991943
447,926,3.0,2.6303720474243164
629,234,4.0,4.368627071380615
694,528,3.0,4.561813831329346
314,15,5.0,4.114600658416748
524,116,4.0,3.63173770904541
432,295,3.0,3.813260555267334
655,340,3.0,2.871537923812866
334,311,4.0,3.781620979309082
747,408,5.0,5.062326908111572
506,660,3.0,4.0144476890563965
244,710,3.0,3.836055278778076
276,157,5.0,4.072572708129883
327,88,2.0,3.1305487155914307
702,258,5.0,3.2926344871520996
309,324,3.0,3.219700336456299
37,62,5.0,3.2603678703308105
148,172,5.0,4.44259786605835
417,545,1.0,2.247713804244995
650,301,2.0,2.860835313796997
94,97,4.0,4.244955539703369
332,12,5.0,5.233733654022217
536,209,2.0,4.326082229614258
698,220,3.0,2.4026193618774414
151,100,3.0,4.551079750061035
70,496,4.0,4.129902362823486
268,21,3.0,2.043872833251953
14,70,1.0,3.9852347373962402
690,239,2.0,3.143890857696533
458,589,4.0,4.20068359375
7,523,4.0,4.5417704582214355
378,793,3.0,3.6933393478393555
297,27,1.0,2.7891063690185547
59,208,5.0,4.394918441772461
18,116,5.0,3.9328482151031494
495,1118,5.0,3.934016466140747
396,245,3.0,3.54794979095459
837,277,2.0,3.6851909160614014
297,102,1.0,2.7710537910461426
846,55,5.0,4.009096622467041
368,441,3.0,2.8315436840057373
643,428,4.0,4.0493059158325195
62,245,2.0,2.401689291000366
383,180,5.0,4.416548252105713
804,1291,3.0,3.264704465866089
116,300,3.0,3.00905179977417
632,176,3.0,4.139283180236816
76,264,3.0,2.358912229537964
704,432,5.0,3.6911230087280273
773,268,4.0,3.526102304458618
413,222,4.0,3.638967990875244
374,69,5.0,3.82810640335083
201,210,2.0,3.4627718925476074
8,172,5.0,4.748016834259033
327,1012,2.0,3.3059215545654297
326,44,1.0,2.915146827697754
496,156,3.0,3.4533534049987793
296,111,3.0,3.8944051265716553
80,260,1.0,2.949398994445801
682,809,2.0,3.0428245067596436
700,98,3.0,4.150876045227051
293,79,3.0,3.998452663421631
130,761,3.0,3.9281959533691406
524,490,3.0,3.8766329288482666
699,762,3.0,3.013352870941162
730,685,2.0,2.8381783962249756
833,144,4.0,3.4879305362701416
777,286,2.0,3.9168429374694824
311,498,4.0,4.368984699249268
314,158,3.0,3.388418674468994
375,302,5.0,4.259556293487549
60,498,5.0,4.624922752380371
579,4,2.0,3.438300132751465
537,22,2.0,3.6511893272399902
377,200,5.0,4.176519393920898
828,921,4.0,3.4092493057250977
497,139,3.0,2.8395910263061523
591,516,3.0,4.0623674392700195
908,194,3.0,3.6517276763916016
198,153,4.0,3.5744800567626953
290,683,2.0,3.0021934509277344
815,87,5.0,4.238266468048096
59,237,3.0,4.131739616394043
422,590,2.0,1.9617756605148315
308,71,4.0,3.9547388553619385
394,98,5.0,4.890601634979248
62,98,4.0,4.407090663909912
829,410,3.0,3.0012574195861816
544,343,2.0,2.30110764503479
617,868,4.0,2.5932703018188477
56,71,4.0,4.096195220947266
429,514,3.0,3.940402030944824
339,1110,4.0,3.017786979675293
617,669,1.0,1.8316824436187744
549,1047,3.0,3.0320191383361816
647,255,4.0,3.7672390937805176
222,1206,2.0,2.476003885269165
363,739,3.0,2.555373191833496
291,184,4.0,4.084989547729492
301,271,4.0,3.57943058013916
118,188,5.0,4.7776265144348145
757,1188,3.0,2.7841544151306152
891,280,3.0,4.051847457885742
565,165,4.0,4.74495267868042
308,81,5.0,3.7307968139648438
530,470,3.0,3.697073221206665
243,93,2.0,3.7095255851745605
59,371,4.0,3.6616580486297607
664,1098,3.0,3.630986452102661
26,760,1.0,2.1032607555389404
830,211,4.0,4.22070837020874
900,9,2.0,2.7500948905944824
864,2,4.0,3.7006216049194336
597,242,4.0,4.326240539550781
22,792,4.0,4.1566267013549805
165,270,4.0,4.05123233795166
483,462,3.0,3.4053735733032227
593,144,4.0,4.075104713439941
299,461,3.0,3.5848498344421387
280,237,3.0,3.872375011444092
327,176,4.0,3.7283620834350586
200,196,4.0,4.417608261108398
264,672,3.0,2.8031699657440186
405,48,1.0,2.4532577991485596
429,961,3.0,3.7928833961486816
215,164,3.0,3.8212273120880127
569,340,4.0,3.772613525390625
621,804,4.0,3.1326417922973633
188,22,5.0,4.419142246246338
360,144,2.0,4.142109394073486
293,132,4.0,3.970705032348633
399,343,2.0,2.9443328380584717
456,86,2.0,3.87410044670105
407,157,2.0,3.6453356742858887
707,100,5.0,3.9150390625
328,750,4.0,3.849776268005371
488,173,4.0,3.8011627197265625
868,229,3.0,2.522731065750122
151,531,3.0,4.296267509460449
848,523,5.0,4.655772686004639
454,95,2.0,2.9561171531677246
368,7,4.0,3.6010167598724365
807,526,5.0,4.0313496589660645
708,15,3.0,3.8860857486724854
845,904,3.0,2.76711106300354
658,471,4.0,3.382777214050293
328,194,3.0,3.9921536445617676
663,473,3.0,3.2919442653656006
537,523,3.0,3.4735002517700195
323,1012,4.0,3.774897575378418
92,834,1.0,2.139460802078247
161,582,1.0,2.2465758323669434
198,568,3.0,3.1891512870788574
650,429,4.0,3.5698046684265137
776,708,5.0,3.414246082305908
617,320,5.0,2.4842052459716797
843,121,3.0,2.7189040184020996
196,173,2.0,4.185662269592285
37,273,3.0,3.767129421234131
402,410,1.0,3.342221260070801
487,1,5.0,4.2667460441589355
133,750,4.0,3.8826565742492676
123,23,4.0,4.524345874786377
788,1248,3.0,3.0649492740631104
606,1280,2.0,3.206643581390381
151,181,5.0,4.445558547973633
305,338,3.0,2.128995418548584
889,297,3.0,3.834744930267334
253,294,4.0,3.430211067199707
553,191,4.0,4.543673992156982
409,1541,4.0,3.260618209838867
285,150,5.0,3.85074520111084
77,268,5.0,3.6203243732452393
455,1137,3.0,4.124538421630859
483,313,2.0,3.8993587493896484
84,15,4.0,4.210389137268066
709,739,3.0,3.4765992164611816
579,7,3.0,3.7466721534729004
327,709,4.0,3.875349760055542
805,405,3.0,3.330562114715576
786,86,4.0,4.180481910705566
334,301,2.0,3.271709442138672
388,773,3.0,4.042292594909668
222,1419,1.0,1.8053059577941895
151,433,3.0,4.145705223083496
556,187,5.0,4.762053966522217
850,490,5.0,4.476938247680664
291,41,4.0,3.6976966857910156
846,739,4.0,3.284173011779785
332,97,5.0,4.6163835525512695
388,307,4.0,4.335607051849365
776,134,4.0,4.169656276702881
642,955,3.0,3.8201193809509277
622,402,3.0,3.4156460762023926
890,436,3.0,3.752424478530884
269,640,5.0,2.6814916133880615
6,32,4.0,3.739108085632324
313,155,2.0,3.148667812347412
417,452,2.0,3.0896005630493164
685,299,2.0,1.6699885129928589
469,64,5.0,5.15513277053833
806,455,3.0,3.135202169418335
370,64,4.0,4.409846782684326
313,582,2.0,3.714081287384033
303,873,3.0,2.3865225315093994
363,39,4.0,2.62532377243042
882,756,3.0,2.8516812324523926
466,909,5.0,3.7286972999572754
59,25,4.0,3.8941144943237305
186,588,4.0,3.7789740562438965
735,288,4.0,3.1270151138305664
52,288,3.0,4.151713848114014
624,255,3.0,3.4751601219177246
868,378,2.0,3.3487935066223145
847,367,3.0,3.0067710876464844
675,347,4.0,3.5403990745544434
210,97,5.0,4.325640678405762
929,654,3.0,3.8801324367523193
631,307,4.0,3.6133782863616943
72,382,4.0,3.7172322273254395
276,77,3.0,3.28462553024292
459,286,4.0,3.606982707977295
727,421,5.0,3.4058146476745605
75,137,4.0,4.308157920837402
486,327,3.0,3.262732982635498
882,432,5.0,4.416533946990967
919,1284,3.0,3.1940479278564453
149,310,2.0,3.116889476776123
5,454,1.0,2.4561986923217773
548,466,5.0,3.836977005004883
546,977,5.0,3.6538875102996826
87,196,5.0,4.257434844970703
847,1,3.0,3.414846897125244
579,88,4.0,3.287405014038086
345,956,4.0,4.001441955566406
327,715,4.0,3.1291794776916504
234,1221,4.0,2.6508684158325195
854,479,4.0,4.044954776763916
807,566,4.0,3.9754693508148193
396,472,5.0,3.5345096588134766
719,79,4.0,3.844101905822754
312,740,4.0,3.9824063777923584
436,785,2.0,3.8653759956359863
592,881,1.0,2.3498826026916504
624,886,4.0,3.3444533348083496
916,2,3.0,2.8765783309936523
95,71,5.0,3.6907379627227783
262,567,1.0,2.8208391666412354
606,168,5.0,4.4676713943481445
398,235,2.0,2.81712007522583
321,215,3.0,3.63480544090271
686,2,3.0,4.226410865783691
619,879,4.0,3.306039333343506
932,659,5.0,4.487852096557617
308,275,4.0,3.9367406368255615
782,1241,2.0,2.751314163208008
351,751,4.0,4.054184913635254
269,661,4.0,3.9589433670043945
93,118,3.0,3.5462234020233154
425,823,3.0,2.707634210586548
524,310,4.0,3.4937353134155273
618,371,3.0,2.788987636566162
268,182,4.0,3.9999289512634277
324,538,4.0,4.5228776931762695
899,740,5.0,3.301021099090576
87,80,4.0,3.693711996078491
825,925,4.0,3.838841438293457
378,272,4.0,4.366660118103027
774,135,3.0,2.5157413482666016
930,238,4.0,3.2285079956054688
704,604,5.0,4.098420143127441
854,509,4.0,3.659714698791504
704,185,4.0,4.1186065673828125
497,1407,3.0,2.433018684387207
429,166,5.0,4.050576210021973
255,597,4.0,2.308933734893799
406,136,4.0,4.0999603271484375
16,182,5.0,4.827226161956787
715,546,4.0,2.5078649520874023
465,151,3.0,3.1429386138916016
846,705,3.0,4.27667236328125
23,780,1.0,2.8754329681396484
336,785,1.0,3.111802339553833
214,196,4.0,4.039947032928467
669,56,2.0,3.933021306991577
846,135,4.0,4.315721035003662
181,1198,1.0,1.3945715427398682
896,392,3.0,2.932246208190918
22,687,1.0,1.539344072341919
396,288,3.0,3.6042304039001465
709,230,2.0,3.673135995864868
379,433,4.0,4.238835334777832
664,57,4.0,4.242255210876465
805,636,4.0,3.280642509460449
195,46,3.0,3.769352912902832
442,738,3.0,2.748871326446533
893,172,5.0,4.395174980163574
682,209,3.0,3.8687524795532227
234,626,4.0,1.2595078945159912
118,7,5.0,4.829370021820068
756,195,3.0,3.737555503845215
354,661,4.0,4.1972832679748535
766,606,3.0,3.6966161727905273
838,191,5.0,4.580831050872803
839,319,1.0,3.148926258087158
456,1009,5.0,3.3045856952667236
640,226,5.0,4.2101311683654785
274,88,4.0,4.114356517791748
85,631,4.0,3.574963331222534
774,22,2.0,2.8107357025146484
67,121,4.0,4.148079872131348
493,1013,1.0,2.348797082901001
339,133,4.0,4.3130388259887695
621,871,3.0,2.707334041595459
450,702,4.0,3.796621799468994
648,742,5.0,3.4236059188842773
294,928,3.0,3.2613964080810547
727,271,4.0,3.053563356399536
699,269,4.0,3.556185722351074
387,76,3.0,3.33799409866333
424,25,4.0,3.136213541030884
269,708,4.0,2.9891741275787354
911,197,4.0,4.112090587615967
738,429,3.0,3.9354450702667236
901,568,5.0,4.052555561065674
566,707,4.0,3.8362631797790527
881,417,2.0,3.150176525115967
450,969,4.0,4.12990140914917
47,321,4.0,3.211573600769043
44,71,3.0,3.8313939571380615
487,111,3.0,3.8191041946411133
234,530,4.0,3.722752571105957
795,319,4.0,3.005176067352295
443,260,1.0,2.7605948448181152
405,1566,1.0,1.4772686958312988
201,979,2.0,2.846057415008545
853,678,4.0,3.0051074028015137
151,190,4.0,4.700200080871582
347,411,5.0,2.837070941925049
489,243,4.0,3.119992256164551
414,288,5.0,3.8843157291412354
378,392,3.0,3.516111135482788
409,223,4.0,4.177120685577393
234,385,2.0,2.8994412422180176
450,221,4.0,4.232377052307129
95,591,5.0,3.689213752746582
42,371,4.0,3.6561100482940674
466,260,4.0,2.158595085144043
552,1,3.0,3.52217960357666
94,160,4.0,3.956181526184082
584,230,4.0,3.5653343200683594
109,452,2.0,3.2233166694641113
655,789,3.0,2.906174898147583
561,201,3.0,2.9606568813323975
406,123,4.0,3.0339767932891846
455,385,3.0,3.6382434368133545
144,124,4.0,4.152180194854736
435,1061,3.0,2.60026216506958
727,1034,2.0,2.016528367996216
602,880,4.0,3.7827253341674805
296,238,4.0,4.552305698394775
590,6,5.0,3.6671953201293945
916,256,3.0,3.939363479614258
262,447,3.0,3.310088634490967
661,647,4.0,4.506032943725586
56,930,3.0,2.962730884552002
117,156,4.0,4.502009868621826
804,511,4.0,4.277950286865234
591,435,4.0,3.9884488582611084
650,501,3.0,3.0827841758728027
343,531,5.0,4.4019951820373535
189,459,4.0,4.233315944671631
302,333,3.0,2.6217947006225586
666,866,2.0,3.1933343410491943
308,755,3.0,3.6447458267211914
854,1028,2.0,2.111424684524536
458,127,5.0,4.393373489379883
394,22,5.0,4.826022624969482
436,381,4.0,3.925166606903076
495,232,5.0,4.007833957672119
457,371,4.0,3.8232359886169434
417,963,4.0,4.113628387451172
145,358,4.0,2.728300094604492
417,561,3.0,3.3327324390411377
916,1217,1.0,2.2755284309387207
238,756,3.0,2.304572820663452
88,261,5.0,2.6231765747070312
334,1133,4.0,2.9938695430755615
622,418,3.0,3.5554699897766113
643,150,5.0,4.013884544372559
454,134,3.0,3.3798770904541016
6,480,4.0,4.171725749969482
738,659,4.0,4.003675937652588
458,134,5.0,4.355981349945068
252,149,5.0,4.2091875076293945
236,532,2.0,3.3104441165924072
84,597,3.0,3.688582420349121
92,200,3.0,3.871809244155884
848,1101,5.0,4.379842281341553
708,476,3.0,3.0491132736206055
503,197,5.0,4.491549015045166
70,229,3.0,3.102041244506836
561,133,3.0,3.3243296146392822
13,868,5.0,3.414930820465088
561,304,3.0,2.9132814407348633
151,549,4.0,3.830146074295044
938,405,3.0,3.5109376907348633
236,172,3.0,3.9994430541992188
795,550,3.0,2.975102663040161
393,1221,3.0,3.6802923679351807
942,261,4.0,2.894191265106201
7,676,3.0,3.8500173091888428
307,163,3.0,3.8300411701202393
450,735,4.0,4.176387310028076
92,31,4.0,3.6472630500793457
620,1,5.0,4.135849475860596
429,1119,3.0,3.5073516368865967
537,190,4.0,3.6097140312194824
593,845,3.0,3.5947012901306152
479,181,5.0,4.097850799560547
159,451,5.0,3.7454535961151123
495,228,5.0,4.175368785858154
13,127,5.0,4.294442653656006
747,178,5.0,4.957467555999756
886,11,5.0,3.8714599609375
623,234,4.0,3.674835681915283
886,419,3.0,3.7825121879577637
655,44,2.0,2.7622296810150146
938,1012,5.0,3.607983112335205
167,615,5.0,4.19290018081665
135,227,3.0,3.1802942752838135
472,758,1.0,3.301982879638672
823,156,5.0,4.5807671546936035
538,174,4.0,4.2139153480529785
334,71,3.0,3.640732765197754
870,22,4.0,4.187807559967041
495,68,5.0,4.107964038848877
262,423,4.0,3.547776699066162
383,663,5.0,4.249999046325684
380,86,4.0,3.3814191818237305
671,23,4.0,4.215866565704346
234,478,3.0,3.6644411087036133
201,1069,2.0,3.104297161102295
559,4,4.0,3.3202478885650635
181,758,1.0,1.144459843635559
56,794,3.0,3.8782567977905273
780,187,5.0,4.1396965980529785
497,1042,3.0,3.0690035820007324
505,182,1.0,3.7971553802490234
870,810,3.0,2.5026965141296387
303,1153,3.0,4.163703441619873
868,1098,5.0,3.139556884765625
303,186,4.0,4.536132335662842
201,47,4.0,3.115816593170166
416,184,4.0,4.079622745513916
246,219,5.0,3.141462564468384
909,224,5.0,4.399927616119385
407,173,5.0,4.15933895111084
137,300,5.0,4.465380668640137
43,17,3.0,3.723722219467163
318,237,5.0,3.966592788696289
885,1,5.0,3.6835122108459473
758,384,5.0,3.2206225395202637
10,275,4.0,4.367534637451172
499,486,3.0,3.8908774852752686
933,163,2.0,2.8853163719177246
305,204,2.0,3.508105754852295
370,608,4.0,3.8095154762268066
405,451,5.0,1.6144568920135498
940,316,4.0,3.843174457550049
372,200,5.0,4.492437839508057
128,15,4.0,3.8468313217163086
18,199,3.0,4.397876262664795
109,202,5.0,3.6404671669006348
837,1047,1.0,2.6289517879486084
387,744,3.0,3.367605209350586
655,291,3.0,2.6914830207824707
758,177,5.0,4.252965450286865
94,153,5.0,4.388947486877441
840,566,5.0,3.9808545112609863
608,956,3.0,3.6463024616241455
130,109,3.0,4.233151435852051
686,204,4.0,4.6067328453063965
329,483,4.0,4.334728717803955
378,1134,4.0,3.4530322551727295
900,121,2.0,1.7302006483078003
594,237,3.0,3.2407164573669434
843,1135,3.0,2.5308613777160645
389,490,3.0,4.365200519561768
655,1245,3.0,2.788668155670166
234,699,3.0,3.1937267780303955
92,173,3.0,4.237921714782715
519,299,5.0,4.197543144226074
301,111,1.0,3.681382179260254
435,22,4.0,4.310815811157227
815,527,5.0,4.383974075317383
806,1059,3.0,2.44258975982666
435,1291,1.0,2.5003132820129395
207,475,2.0,3.4286787509918213
617,653,4.0,3.065981388092041
812,288,4.0,3.6792259216308594
321,510,5.0,3.8665924072265625
406,203,4.0,3.6761655807495117
880,376,3.0,2.9509143829345703
497,62,4.0,3.026912212371826
904,300,4.0,3.9234893321990967
899,229,2.0,2.8608641624450684
26,508,3.0,3.439664363861084
854,1197,3.0,3.400388717651367
741,234,4.0,3.927248001098633
308,123,3.0,3.421109676361084
435,778,4.0,3.6769137382507324
299,94,1.0,2.8958563804626465
343,191,5.0,4.889939785003662
14,920,4.0,3.579834461212158
85,132,5.0,3.9368810653686523
694,496,4.0,4.483280658721924
553,611,5.0,4.473257541656494
382,177,4.0,3.4087820053100586
532,898,4.0,4.084024429321289
480,190,5.0,4.127018928527832
487,501,4.0,3.8902435302734375
389,923,5.0,4.67415189743042
189,274,4.0,3.6820387840270996
396,1399,3.0,3.017650604248047
467,288,4.0,3.5281307697296143
209,333,2.0,3.158825397491455
286,16,3.0,3.8439221382141113
716,58,5.0,3.9763729572296143
331,1194,3.0,3.9362950325012207
533,77,4.0,3.197082757949829
682,276,3.0,3.492138385772705
342,169,5.0,4.441983699798584
796,607,4.0,3.932422637939453
468,71,5.0,3.926379680633545
38,717,1.0,3.752505302429199
72,654,4.0,4.068324565887451
399,28,2.0,3.221146821975708
60,234,4.0,4.1160078048706055
701,285,5.0,4.817061424255371
424,538,5.0,3.1611886024475098
296,632,5.0,4.574935436248779
932,1149,4.0,4.464517116546631
721,264,1.0,3.3328893184661865
694,1221,3.0,4.0796427726745605
623,66,4.0,3.4613218307495117
56,210,5.0,4.17010498046875
158,431,5.0,3.837305784225464
268,402,1.0,3.058225154876709
738,169,5.0,4.3943705558776855
603,22,4.0,4.400344371795654
305,144,2.0,3.5912609100341797
573,162,4.0,3.5499110221862793
881,4,3.0,3.518096446990967
561,11,4.0,3.313555955886841
389,142,3.0,2.898287057876587
392,298,1.0,4.218678951263428
128,132,3.0,4.172486782073975
694,836,4.0,4.010660648345947
622,227,3.0,3.182858943939209
363,116,4.0,3.4980921745300293
388,117,5.0,4.6140618324279785
233,223,4.0,4.650971412658691
472,417,4.0,4.311777591705322
41,238,5.0,3.8383240699768066
553,1451,4.0,3.93942928314209
269,188,2.0,3.3213090896606445
663,1011,3.0,3.437286853790283
682,147,1.0,3.2848000526428223
834,342,2.0,3.2651448249816895
383,286,5.0,4.075311660766602
292,665,3.0,3.100982427597046
590,1061,2.0,2.1158862113952637
655,270,4.0,2.95782470703125
671,144,4.0,3.830723762512207
660,24,3.0,2.6377363204956055
654,111,4.0,3.584277391433716
503,443,5.0,4.314076900482178
552,591,3.0,3.31850528717041
405,728,4.0,1.434508204460144
296,282,4.0,3.880014181137085
551,1135,5.0,3.115328311920166
497,222,3.0,3.3819472789764404
327,718,4.0,3.598935127258301
861,292,4.0,3.9519271850585938
630,412,1.0,3.121438503265381
181,1034,1.0,1.214231014251709
106,526,4.0,3.8958871364593506
184,88,3.0,3.5777435302734375
244,553,5.0,3.5869150161743164
749,94,5.0,3.3639140129089355
374,97,5.0,3.706855535507202
585,113,3.0,4.179489612579346
912,474,3.0,4.194143295288086
500,93,4.0,3.601875066757202
536,283,3.0,4.1364240646362305
311,62,3.0,3.595108985900879
276,1239,1.0,1.93827486038208
825,1015,2.0,3.820427179336548
151,203,3.0,4.275273323059082
554,121,4.0,3.5415587425231934
432,871,2.0,3.0703022480010986
862,222,5.0,4.426620006561279
267,55,4.0,4.405833721160889
334,606,5.0,4.0520710945129395
469,607,5.0,4.568769931793213
694,491,3.0,4.183605194091797
780,427,3.0,4.24860143661499
461,121,2.0,2.7148239612579346
381,100,4.0,4.468075275421143
748,83,3.0,3.9345436096191406
600,62,4.0,3.261664867401123
795,209,5.0,3.688133478164673
234,523,4.0,3.6671242713928223
49,652,5.0,3.3556480407714844
127,229,5.0,3.883378267288208
230,673,3.0,3.876047134399414
757,350,3.0,3.266064167022705
854,144,3.0,3.5953495502471924
276,73,3.0,3.7484617233276367
714,291,3.0,3.6889781951904297
529,269,3.0,4.313328742980957
393,369,3.0,3.259695053100586
668,333,3.0,3.6439435482025146
605,302,4.0,4.468077182769775
437,47,4.0,3.5855066776275635
796,1049,4.0,2.7050435543060303
567,50,1.0,4.564935207366943
730,322,1.0,2.5792768001556396
83,322,3.0,3.377394676208496
474,170,4.0,4.574817657470703
552,873,3.0,3.0231337547302246
593,98,5.0,4.555751323699951
886,174,5.0,4.260504245758057
378,255,4.0,3.3148245811462402
783,881,4.0,3.8052334785461426
682,291,1.0,3.1329474449157715
747,154,3.0,4.454456806182861
361,218,3.0,3.370633602142334
502,683,3.0,2.930868148803711
566,137,5.0,3.725193500518799
128,172,3.0,4.326964855194092
285,269,4.0,4.056927680969238
830,2,3.0,3.0239827632904053
268,176,5.0,3.8655779361724854
78,301,5.0,3.037323474884033
586,17,5.0,3.274209499359131
102,208,4.0,3.104393482208252
114,646,4.0,3.8190813064575195
561,526,3.0,3.344334125518799
59,448,4.0,3.8536205291748047
233,249,5.0,4.161030292510986
210,523,4.0,4.688705921173096
35,264,2.0,3.1742262840270996
682,157,4.0,3.5205960273742676
201,238,3.0,3.4119577407836914
655,51,2.0,2.8353757858276367
373,1006,2.0,3.5180022716522217
42,135,4.0,4.155864715576172
864,94,4.0,3.5096511840820312
334,155,2.0,2.9373621940612793
15,924,3.0,2.87380313873291
756,739,4.0,3.0513367652893066
60,128,3.0,3.8907852172851562
311,479,5.0,4.3141350746154785
823,97,5.0,4.315084457397461
601,1540,2.0,1.7488127946853638
610,607,5.0,4.034808158874512
648,89,4.0,4.009491920471191
707,602,4.0,3.462723731994629
907,619,2.0,4.566392421722412
119,274,4.0,3.9848222732543945
880,22,4.0,4.567410469055176
524,928,4.0,3.2472662925720215
207,82,3.0,3.327453851699829
118,559,4.0,4.660202503204346
302,266,2.0,2.109123945236206
84,284,3.0,3.8495125770568848
195,59,3.0,4.181933879852295
601,127,4.0,4.017749309539795
130,33,5.0,4.335023880004883
269,208,2.0,3.642826557159424
363,849,2.0,2.0505998134613037
671,742,5.0,3.7521262168884277
235,523,5.0,4.308318614959717
87,157,3.0,4.078397750854492
660,100,3.0,3.353790521621704
537,1451,3.0,2.915132522583008
94,546,3.0,2.9533982276916504
347,432,4.0,3.8821027278900146
121,172,5.0,4.472840309143066
734,465,4.0,3.183159112930298
718,597,5.0,3.3071494102478027
712,794,4.0,3.9569578170776367
154,919,4.0,4.0600152015686035
143,328,4.0,3.8680176734924316
382,252,2.0,3.052245616912842
554,576,4.0,3.2518086433410645
695,302,4.0,3.9466843605041504
393,672,3.0,3.2783665657043457
234,617,3.0,3.1578097343444824
234,95,3.0,3.2105088233947754
311,527,4.0,4.199613571166992
603,449,4.0,3.554272174835205
183,380,4.0,3.095576763153076
690,554,3.0,2.787842273712158
796,217,4.0,3.528292417526245
334,238,4.0,3.8745999336242676
882,1,5.0,4.5619683265686035
268,333,4.0,3.223719596862793
177,276,5.0,3.6279149055480957
262,50,2.0,4.131028652191162
524,815,3.0,3.234968900680542
1,143,1.0,3.8505334854125977
815,240,2.0,2.6749792098999023
276,313,5.0,4.880812168121338
115,9,5.0,4.05687952041626
666,172,3.0,4.204859733581543
616,347,4.0,3.645416736602783
449,9,4.0,4.230166912078857
624,1120,4.0,3.1909658908843994
416,658,5.0,4.198770046234131
863,340,3.0,3.745577096939087
234,735,3.0,3.164127826690674
450,58,3.0,4.067967891693115
437,182,2.0,4.086656093597412
932,478,4.0,4.552577018737793
505,96,4.0,3.774070978164673
357,280,5.0,4.236482620239258
833,655,2.0,3.5194249153137207
450,546,4.0,3.619365692138672
327,327,3.0,2.984034299850464
793,148,4.0,3.409656047821045
70,99,4.0,3.6922519207000732
799,319,4.0,3.6001031398773193
593,237,4.0,3.90035343170166
409,168,5.0,4.109702110290527
297,257,3.0,3.6763548851013184
374,620,3.0,3.254485607147217
150,14,4.0,4.298243522644043
828,288,3.0,2.834974527359009
247,259,3.0,2.726428508758545
727,380,3.0,3.142817974090576
83,527,4.0,4.362166404724121
103,96,4.0,4.081603050231934
506,203,4.0,4.075313568115234
450,89,5.0,4.571784496307373
62,875,4.0,2.1575613021850586
401,553,5.0,2.6674113273620605
269,505,3.0,3.699929714202881
13,508,3.0,3.6597962379455566
388,53,5.0,4.034980773925781
666,489,4.0,4.021081447601318
373,259,5.0,2.999595880508423
403,123,3.0,3.523888111114502
89,216,5.0,4.242058277130127
790,108,3.0,3.139039993286133
393,932,3.0,3.361097574234009
624,534,3.0,3.896939754486084
216,122,5.0,2.065019369125366
11,738,3.0,2.9881997108459473
416,369,2.0,3.084425926208496
328,1139,1.0,2.7991702556610107
870,50,3.0,4.330747604370117
454,371,3.0,2.6514430046081543
325,134,4.0,4.056580543518066
305,79,3.0,3.8411307334899902
145,750,4.0,4.124253273010254
727,820,2.0,2.6449878215789795
279,61,4.0,3.6728198528289795
738,141,3.0,3.504749298095703
695,305,3.0,3.5729851722717285
707,504,1.0,3.7796554565429688
894,312,3.0,3.501713275909424
656,689,2.0,2.2005550861358643
890,98,4.0,4.7289228439331055
466,684,4.0,3.7714524269104004
389,58,4.0,3.999659776687622
291,825,4.0,3.283328056335449
748,50,5.0,4.291740417480469
721,260,3.0,3.3466081619262695
180,83,5.0,4.494781017303467
444,50,5.0,4.930680751800537
870,52,2.0,3.780280113220215
265,472,3.0,3.3873190879821777
707,1251,4.0,3.705693244934082
477,237,4.0,4.816310405731201
327,431,3.0,3.234797954559326
373,732,3.0,3.783456802368164
829,116,4.0,3.741887092590332
299,213,5.0,3.9995346069335938
405,561,1.0,1.5239412784576416
846,87,4.0,4.2927632331848145
82,208,3.0,3.7926249504089355
846,91,4.0,3.9244141578674316
276,125,4.0,3.5792880058288574
405,1518,2.0,1.4801607131958008
929,419,4.0,3.570444107055664
85,1166,4.0,3.141746997833252
862,930,5.0,3.75996732711792
868,211,3.0,3.5632731914520264
416,915,5.0,4.456501007080078
332,568,4.0,4.656452655792236
221,1017,4.0,3.5006308555603027
798,270,4.0,3.5115652084350586
457,708,4.0,4.18454647064209
432,181,5.0,4.144453048706055
751,917,2.0,3.305493116378784
774,1028,2.0,1.5285446643829346
210,210,5.0,4.533177852630615
749,117,4.0,3.8680214881896973
293,632,3.0,3.7652053833007812
892,615,5.0,4.583014488220215
813,538,3.0,3.30110239982605
905,294,3.0,2.8299145698547363
308,848,4.0,3.7027597427368164
162,358,3.0,3.1388564109802246
650,7,4.0,3.3788771629333496
875,23,5.0,4.595425128936768
343,387,4.0,3.536513328552246
175,183,4.0,4.0763444900512695
655,629,3.0,2.6879360675811768
865,111,1.0,2.6319782733917236
256,1033,4.0,3.650752067565918
276,931,2.0,1.7226970195770264
626,270,2.0,2.8451051712036133
506,945,4.0,4.219174385070801
865,685,3.0,2.2321901321411133
840,474,5.0,4.550243854522705
389,38,2.0,2.7819719314575195
889,881,3.0,2.7346789836883545
573,480,4.0,4.092124938964844
128,427,5.0,4.391216278076172
659,482,4.0,4.12378454208374
463,242,2.0,3.8953967094421387
886,12,5.0,4.451611042022705
451,324,4.0,2.701303482055664
114,89,5.0,3.8439385890960693
843,152,2.0,2.6812987327575684
144,313,5.0,4.3474440574646
535,612,4.0,4.03595495223999
453,871,1.0,2.1069798469543457
721,1065,5.0,3.799729824066162
826,294,4.0,3.8661930561065674
592,1097,4.0,3.9391164779663086
495,135,3.0,4.409173011779785
472,193,5.0,4.516781330108643
296,48,5.0,4.808292388916016
325,530,4.0,3.956954002380371
917,535,4.0,3.278797149658203
391,148,3.0,2.726625680923462
606,127,4.0,4.682456970214844
387,746,1.0,3.597066879272461
593,293,1.0,4.053339958190918
334,655,4.0,3.9168295860290527
98,523,5.0,3.978280544281006
763,609,4.0,3.7679364681243896
479,131,3.0,3.989236831665039
490,93,4.0,2.8980486392974854
846,602,4.0,3.9521536827087402
703,864,2.0,3.4056057929992676
234,91,5.0,3.0393052101135254
889,144,4.0,3.7261526584625244
710,330,3.0,3.0310182571411133
13,433,4.0,3.644289970397949
693,520,2.0,3.608577013015747
593,274,3.0,3.6368789672851562
59,595,3.0,3.091655731201172
254,219,1.0,3.0673716068267822
577,281,3.0,3.809143543243408
200,1049,3.0,3.293386220932007
405,418,5.0,1.845444917678833
504,705,4.0,4.01667594909668
634,595,4.0,3.1616387367248535
328,433,2.0,3.6199638843536377
835,287,4.0,4.247927665710449
712,42,1.0,4.023203372955322
524,275,3.0,3.7578911781311035
639,286,4.0,3.0039215087890625
897,871,3.0,3.416191577911377
311,161,4.0,3.834277868270874
780,515,3.0,4.287851810455322
416,103,3.0,2.6863515377044678
82,151,2.0,3.4575693607330322
450,633,5.0,4.37733268737793
419,705,5.0,4.31363582611084
20,323,4.0,2.9551303386688232
456,1198,4.0,3.5475945472717285
378,1221,3.0,3.503115177154541
436,400,3.0,2.7529613971710205
447,1046,3.0,3.1704115867614746
757,426,3.0,3.132720947265625
484,186,4.0,4.497470855712891
174,871,1.0,2.2650632858276367
249,191,4.0,4.887948513031006
315,12,5.0,4.772437572479248
1,88,4.0,3.5749120712280273
676,962,4.0,3.5624630451202393
56,405,4.0,3.7817811965942383
437,11,1.0,3.8619918823242188
271,506,4.0,3.9743058681488037
908,185,4.0,3.6667208671569824
936,1023,2.0,2.667335033416748
618,723,3.0,2.8352346420288086
650,1039,3.0,3.5751707553863525
579,111,4.0,3.30448842048645
223,173,5.0,4.188755989074707
535,566,3.0,3.7673909664154053
334,1073,4.0,3.8850414752960205
860,4,4.0,3.3013792037963867
838,143,5.0,4.141829490661621
889,250,4.0,3.2644429206848145
107,259,2.0,2.4613239765167236
222,186,5.0,4.006590843200684
399,127,2.0,3.5932106971740723
85,70,4.0,3.551859140396118
437,955,4.0,3.5590782165527344
299,606,4.0,3.9579427242279053
416,734,3.0,3.1349661350250244
332,284,5.0,4.263996601104736
372,441,4.0,4.039763927459717
393,805,2.0,3.5536272525787354
313,183,5.0,4.152326583862305
275,169,3.0,3.938117265701294
543,147,4.0,3.370347499847412
257,113,4.0,4.647806167602539
275,825,2.0,2.9310855865478516
37,161,5.0,3.681621551513672
501,124,4.0,4.2825798988342285
480,249,1.0,2.894928216934204
766,436,4.0,3.3287386894226074
130,305,4.0,4.451254844665527
830,424,1.0,1.0048798322677612
896,128,4.0,3.0345051288604736
708,405,4.0,3.3997130393981934
241,270,3.0,3.6310644149780273
303,50,5.0,5.029463291168213
889,39,2.0,3.146824598312378
130,472,4.0,4.0070695877075195
663,7,4.0,3.9210104942321777
795,655,3.0,3.5913052558898926
515,687,3.0,2.1154487133026123
484,1016,4.0,4.091839790344238
526,243,1.0,1.339064598083496
518,696,5.0,3.6626813411712646
334,1172,3.0,3.644857883453369
389,8,4.0,4.325360298156738
167,83,5.0,4.215768337249756
801,343,4.0,4.292860507965088
666,182,4.0,4.067244529724121
747,3,2.0,3.180192470550537
451,288,5.0,2.9017553329467773
878,111,4.0,3.0793263912200928
807,94,2.0,3.9419565200805664
49,413,1.0,1.5850119590759277
828,381,3.0,3.1815061569213867
546,313,2.0,4.6550116539001465
704,607,4.0,3.92526912689209
468,117,2.0,3.619041919708252
306,756,3.0,3.0453553199768066
588,1091,4.0,3.4122650623321533
393,73,4.0,3.5242433547973633
328,157,5.0,3.57407283782959
475,316,5.0,3.830352783203125
145,761,4.0,3.070150375366211
763,83,3.0,4.26251220703125
631,323,2.0,2.781550884246826
299,26,4.0,3.2679901123046875
778,204,4.0,3.137136459350586
840,185,5.0,4.359513282775879
480,603,4.0,4.246979713439941
489,898,3.0,3.9329001903533936
716,64,5.0,4.822865009307861
838,70,4.0,4.031972408294678
409,965,2.0,3.656358003616333
738,496,4.0,4.091392993927002
271,242,4.0,4.177839279174805
601,483,4.0,4.262521743774414
61,690,2.0,3.2414627075195312
101,282,3.0,3.446354866027832
172,177,4.0,3.387030839920044
161,174,2.0,2.934560537338257
435,254,3.0,2.09720516204834
471,172,4.0,3.8645966053009033
870,124,4.0,4.0772247314453125
890,121,2.0,2.597822666168213
32,222,3.0,3.413696765899658
374,7,1.0,3.767580986022949
862,831,3.0,3.42344331741333
201,1153,2.0,3.3055100440979004
60,405,4.0,3.9310927391052246
344,251,5.0,4.592130184173584
574,310,4.0,3.5709996223449707
582,932,2.0,2.133800983428955
338,479,5.0,4.224695205688477
731,378,1.0,3.3788158893585205
804,1222,3.0,3.4416983127593994
561,675,3.0,3.1272597312927246
795,201,4.0,3.207833766937256
913,203,4.0,3.5668320655822754
90,300,3.0,4.173455715179443
42,88,5.0,3.8948440551757812
666,646,3.0,4.138072967529297
642,585,5.0,3.5317599773406982
667,1101,3.0,3.9723434448242188
458,21,2.0,2.243271589279175
682,708,3.0,3.3519375324249268
13,463,5.0,3.7136857509613037
181,458,3.0,1.3879461288452148
347,240,5.0,2.8540027141571045
62,232,3.0,3.0588483810424805
113,246,5.0,4.179205417633057
586,470,4.0,3.385491371154785
937,515,5.0,4.29746675491333
398,414,3.0,3.715786933898926
41,209,4.0,3.977381706237793
889,514,1.0,3.79341983795166
279,1411,3.0,3.158043384552002
423,299,3.0,2.589911460876465
532,335,3.0,3.7379274368286133
932,576,2.0,2.727835178375244
907,685,5.0,4.610395908355713
242,111,4.0,4.523563861846924
441,683,2.0,3.0971145629882812
640,204,5.0,4.536402225494385
15,283,4.0,3.5338492393493652
655,1445,3.0,2.869262218475342
660,826,3.0,1.6765742301940918
251,248,4.0,3.9557549953460693
66,877,1.0,3.0035572052001953
699,1010,3.0,3.2077932357788086
145,281,4.0,3.269364833831787
640,47,4.0,4.242095947265625
445,221,1.0,2.4215340614318848
29,332,4.0,3.522918462753296
554,294,3.0,3.370241165161133
60,433,4.0,4.0449347496032715
717,271,2.0,3.7616400718688965
562,231,1.0,3.0617713928222656
711,660,5.0,4.146427631378174
5,1,4.0,3.6912386417388916
842,886,4.0,3.550363063812256
504,258,5.0,3.847555160522461
564,597,4.0,3.3069710731506348
308,1169,5.0,4.219273090362549
79,100,5.0,4.3155293464660645
883,856,5.0,4.056427478790283
305,257,2.0,3.5037055015563965
215,234,4.0,3.936589241027832
363,68,2.0,3.1315243244171143
629,4,3.0,4.090727806091309
57,240,2.0,3.142707109451294
484,202,5.0,4.244422435760498
237,357,4.0,4.38541316986084
828,170,3.0,3.716597557067871
579,83,5.0,4.016695499420166
259,294,3.0,3.648691177368164
330,419,5.0,4.735046863555908
318,105,1.0,2.9264070987701416
315,93,5.0,4.035293102264404
843,217,4.0,2.5281567573547363
896,562,2.0,2.472646951675415
500,1135,3.0,2.829989433288574
922,174,5.0,4.1099748611450195
222,1041,3.0,2.7917845249176025
82,482,4.0,3.963284492492676
782,752,4.0,2.89319109916687
238,151,2.0,3.9250004291534424
767,478,4.0,4.656703472137451
42,210,5.0,4.106875419616699
429,218,3.0,3.4351556301116943
20,405,3.0,3.040457010269165
337,106,2.0,3.1214072704315186
666,248,3.0,3.64548921585083
478,975,4.0,2.661417007446289
868,405,1.0,2.7118637561798096
189,255,2.0,3.506765365600586
499,207,5.0,3.8261165618896484
885,418,4.0,3.287032127380371
95,176,3.0,4.026383399963379
535,435,5.0,4.032951354980469
222,231,2.0,2.4507877826690674
292,855,5.0,4.4793620109558105
655,1644,1.0,2.134765148162842
69,475,3.0,4.338194370269775
385,661,4.0,3.768484592437744
618,433,2.0,3.4353318214416504
490,987,3.0,1.3430720567703247
792,24,3.0,3.3217194080352783
68,237,5.0,3.290844440460205
690,294,3.0,2.9753472805023193
846,673,4.0,3.927797794342041
90,223,4.0,4.7001800537109375
922,249,3.0,3.294462203979492
642,49,4.0,3.7639713287353516
244,232,4.0,3.654111623764038
528,213,4.0,4.149515151977539
16,204,5.0,4.555271148681641
788,670,3.0,3.1569013595581055
650,232,3.0,2.8804636001586914
62,174,4.0,4.289366722106934
334,640,4.0,3.166499137878418
269,642,3.0,3.0803537368774414
837,717,1.0,2.49515438079834
295,67,4.0,4.10942268371582
638,121,4.0,2.9974474906921387
588,8,5.0,4.125006675720215
311,436,3.0,3.808819055557251
407,388,2.0,2.2660906314849854
296,281,2.0,3.034640312194824
290,588,4.0,3.514744758605957
5,433,5.0,3.5208253860473633
592,324,4.0,3.433729887008667
707,902,5.0,3.6747725009918213
453,401,3.0,2.4857254028320312
653,153,2.0,3.037245035171509
711,710,4.0,4.024562358856201
796,77,5.0,3.6314892768859863
387,408,4.0,4.4487457275390625
459,300,4.0,3.6288065910339355
917,471,4.0,3.629115104675293
7,502,5.0,4.228099822998047
406,451,2.0,3.2722978591918945
141,118,5.0,3.6011996269226074
385,455,4.0,2.6658082008361816
445,1598,1.0,1.389198899269104
87,514,4.0,4.260321617126465
140,880,4.0,3.4416301250457764
804,632,3.0,3.9552674293518066
192,1160,4.0,3.328953266143799
38,252,5.0,3.9061145782470703
178,288,5.0,3.6593143939971924
311,443,3.0,3.962527275085449
749,755,4.0,3.491851329803467
43,699,4.0,3.9993491172790527
654,181,3.0,4.028131484985352
201,57,4.0,3.6007766723632812
716,141,4.0,3.862766742706299
943,526,4.0,3.983045816421509
181,1368,1.0,1.7258349657058716
718,282,5.0,3.978863000869751
216,93,4.0,4.095151424407959
378,323,3.0,2.7664449214935303
178,117,4.0,3.980045795440674
661,573,3.0,3.133575439453125
293,657,4.0,4.348922252655029
94,572,3.0,2.934978723526001
359,313,5.0,4.795710563659668
880,755,3.0,3.512669801712036
819,862,2.0,2.877262592315674
87,273,3.0,3.957529306411743
6,514,5.0,3.778347969055176
480,298,2.0,3.5762808322906494
347,943,4.0,3.683021068572998
618,210,3.0,3.648683786392212
940,151,3.0,3.4069924354553223
682,1305,3.0,2.949537992477417
399,235,4.0,2.755084276199341
493,59,5.0,4.267026424407959
402,100,5.0,4.591952800750732
559,233,3.0,3.3190126419067383
757,53,3.0,2.9699206352233887
313,479,5.0,4.30009126663208
194,540,1.0,1.7590588331222534
378,756,3.0,2.60054087638855
342,320,5.0,3.3567826747894287
7,404,5.0,4.117438316345215
7,640,3.0,3.6228253841400146
782,879,3.0,2.950406551361084
924,1400,4.0,3.2920284271240234
56,181,5.0,4.208892822265625
710,134,5.0,4.2682061195373535
393,250,4.0,3.312561511993408
301,384,5.0,3.3571081161499023
9,286,5.0,4.121529579162598
887,655,1.0,4.253386497497559
490,224,2.0,3.072080135345459
881,216,4.0,3.925875186920166
812,261,1.0,2.990312099456787
804,972,3.0,3.582022190093994
7,446,2.0,3.2545113563537598
239,483,5.0,4.904283046722412
627,649,4.0,3.1824398040771484
279,652,4.0,3.618022918701172
43,283,2.0,4.079700946807861
52,1085,4.0,4.054348945617676
534,276,5.0,4.185381889343262
749,100,3.0,4.383134841918945
293,156,4.0,3.8107640743255615
659,647,3.0,4.275038242340088
236,79,4.0,3.85593581199646
312,588,5.0,4.3331193923950195
844,294,2.0,2.870394468307495
192,277,3.0,3.6239120960235596
592,236,3.0,4.045584678649902
360,405,3.0,3.2960429191589355
393,342,5.0,3.289527416229248
498,9,2.0,3.4092562198638916
184,161,2.0,3.459287643432617
201,137,4.0,3.394345760345459
683,346,4.0,3.4584474563598633
374,1049,1.0,2.5211875438690186
49,462,2.0,3.3026912212371826
867,286,5.0,4.202725887298584
342,974,2.0,2.512507915496826
343,88,4.0,3.7408809661865234
358,59,4.0,3.828613758087158
450,650,4.0,4.085258483886719
100,892,2.0,2.1307296752929688
305,183,4.0,3.846679449081421
405,174,5.0,2.6241743564605713
631,877,2.0,2.586028575897217
660,196,4.0,3.1227011680603027
158,684,3.0,4.068513870239258
620,225,3.0,3.8088972568511963
267,62,3.0,3.3687281608581543
207,205,4.0,3.6088969707489014
806,504,4.0,4.036274433135986
923,248,4.0,4.445887565612793
208,194,5.0,4.025128364562988
931,111,3.0,3.6626858711242676
181,1026,1.0,1.3738106489181519
815,496,5.0,4.412299633026123
454,144,4.0,3.0140862464904785
879,111,4.0,3.615715742111206
577,237,4.0,4.030055522918701
567,168,5.0,4.224112033843994
234,268,2.0,3.2892799377441406
456,72,1.0,3.2133100032806396
843,95,2.0,2.7703781127929688
796,775,2.0,3.2728328704833984
276,541,3.0,2.4945554733276367
345,289,3.0,2.817309856414795
244,471,1.0,3.829620361328125
56,183,5.0,4.308600425720215
119,1086,4.0,4.027296543121338
655,111,2.0,2.8200430870056152
13,875,1.0,2.34511399269104
889,482,4.0,3.947908878326416
868,1076,1.0,1.7384278774261475
313,63,4.0,3.021589756011963
621,2,3.0,3.76623272895813
128,966,4.0,4.1557230949401855
943,97,2.0,3.849825143814087
160,59,4.0,4.425105571746826
642,82,5.0,4.0558648109436035
303,748,2.0,2.7935338020324707
125,709,3.0,4.262271881103516
116,872,3.0,2.578310012817383
537,79,3.0,3.4248244762420654
788,1478,3.0,2.8961877822875977
686,28,4.0,4.623284339904785
244,31,4.0,3.824110507965088
807,265,5.0,4.1298298835754395
256,276,3.0,4.172224044799805
181,926,1.0,1.261369228363037
8,457,1.0,1.7265362739562988
417,255,3.0,3.4456634521484375
601,98,3.0,4.074008464813232
454,118,4.0,2.7354068756103516
327,182,4.0,3.83573579788208
532,1162,2.0,1.964127779006958
867,651,5.0,4.672412395477295
13,893,3.0,1.8113678693771362
378,1439,3.0,3.240757942199707
486,595,2.0,2.7235865592956543
416,150,5.0,4.475705146789551
83,1165,2.0,2.257765531539917
540,1016,4.0,3.8739776611328125
533,480,4.0,4.085522651672363
334,502,3.0,3.792128086090088
1,131,1.0,4.297069549560547
382,1534,4.0,2.4348859786987305
815,28,4.0,4.152070045471191
303,328,3.0,3.323817491531372
102,396,2.0,2.379594087600708
305,56,1.0,3.870288610458374
580,250,5.0,3.510981798171997
152,255,5.0,4.504234313964844
23,512,5.0,4.175806045532227
210,88,4.0,4.135476589202881
207,273,4.0,3.059022903442383
436,1468,5.0,3.8526041507720947
559,527,4.0,3.9143049716949463
870,288,4.0,3.2565054893493652
472,27,4.0,4.331114292144775
650,160,3.0,3.049118995666504
629,271,4.0,3.475342273712158
140,334,2.0,3.6650633811950684
642,1039,5.0,4.040332794189453
95,31,4.0,3.624253034591675
705,28,4.0,4.060606002807617
671,583,3.0,3.5499277114868164
524,22,3.0,4.118716239929199
782,515,3.0,3.756037712097168
877,98,5.0,4.422156810760498
77,833,1.0,2.6435608863830566
911,1203,4.0,4.055741786956787
547,340,4.0,3.7831034660339355
456,188,4.0,3.601053237915039
275,1066,3.0,2.9553122520446777
115,22,3.0,4.518714427947998
167,288,3.0,3.469162940979004
303,183,5.0,4.650882720947266
709,747,2.0,3.5521340370178223
551,1314,2.0,2.373500347137451
24,662,5.0,4.203739166259766
468,742,3.0,3.4831788539886475
868,651,5.0,3.8689963817596436
334,678,3.0,2.3875620365142822
793,597,3.0,3.2922046184539795
178,176,4.0,4.164947032928467
7,670,5.0,3.709068536758423
459,255,4.0,3.458963394165039
378,68,2.0,3.5257716178894043
316,435,2.0,3.3778278827667236
298,132,5.0,4.259949684143066
882,199,5.0,4.938178539276123
576,259,2.0,3.1642634868621826
940,56,5.0,3.879051685333252
854,9,5.0,3.542201042175293
621,128,4.0,3.8414931297302246
160,276,5.0,3.9907946586608887
496,1060,1.0,2.271519422531128
889,95,4.0,3.6506736278533936
660,67,1.0,2.1425161361694336
33,292,4.0,3.761934518814087
389,474,5.0,4.618597507476807
207,316,5.0,3.595578908920288
560,197,4.0,3.94038462638855
234,601,3.0,3.4615426063537598
13,14,4.0,3.9481887817382812
130,798,1.0,3.909403085708618
421,183,5.0,3.948392391204834
659,616,4.0,3.6742193698883057
606,647,3.0,4.622495651245117
7,569,4.0,3.410029888153076
807,271,3.0,3.880671977996826
595,411,3.0,2.505424737930298
900,871,1.0,1.1201550960540771
834,762,4.0,3.662794589996338
840,504,3.0,4.2207512855529785
796,794,4.0,3.65341854095459
536,435,3.0,4.243442535400391
305,275,2.0,3.646851062774658
450,70,4.0,4.07421350479126
303,825,3.0,2.392770290374756
405,1560,1.0,1.8229568004608154
698,707,2.0,3.051966667175293
837,763,1.0,3.3353774547576904
230,8,5.0,4.1220011711120605
301,403,4.0,3.5476021766662598
477,369,4.0,4.134733200073242
674,1,4.0,4.142083644866943
410,289,1.0,2.906550645828247
83,566,4.0,3.834305763244629
308,675,4.0,3.689591884613037
327,682,3.0,2.474233388900757
569,276,4.0,3.8671603202819824
896,1267,2.0,2.6216888427734375
570,340,3.0,3.181042432785034
364,990,4.0,3.756704092025757
313,449,3.0,2.9938132762908936
49,80,1.0,1.942216157913208
151,836,4.0,3.866952419281006
141,407,2.0,3.2621145248413086
880,930,2.0,2.636002540588379
934,199,4.0,4.281867980957031
42,234,4.0,3.939070463180542
416,1264,4.0,3.880892515182495
868,1035,1.0,2.3046393394470215
675,900,4.0,4.149415493011475
637,93,3.0,2.8596534729003906
922,95,3.0,3.645995616912842
452,479,5.0,4.035580635070801
426,848,4.0,3.6981101036071777
59,1048,4.0,3.4305191040039062
187,134,3.0,4.541301727294922
295,965,4.0,4.478909015655518
168,259,2.0,2.6392648220062256
407,179,3.0,3.9566614627838135
109,227,5.0,3.485067844390869
354,20,5.0,3.4566893577575684
823,134,5.0,4.90448522567749
244,153,4.0,3.985762119293213
873,292,5.0,3.029949426651001
842,288,3.0,3.789896011352539
7,470,3.0,4.039268970489502
276,33,4.0,3.544783115386963
378,577,2.0,2.277506113052368
620,151,4.0,3.90850567817688
683,354,3.0,3.0759525299072266
749,77,3.0,3.5623698234558105
106,77,4.0,3.3410727977752686
345,268,4.0,4.177090167999268
269,192,4.0,3.9085021018981934
194,712,3.0,2.544536590576172
916,198,4.0,3.9833712577819824
704,514,4.0,3.9020447731018066
178,546,3.0,3.325901985168457
868,1188,1.0,2.089478015899658
450,56,4.0,4.499363422393799
186,299,3.0,3.390286684036255
339,402,3.0,3.6900646686553955
381,514,5.0,4.302070140838623
472,940,4.0,3.920264959335327
279,33,4.0,3.496084213256836
463,473,4.0,2.6993789672851562
379,28,4.0,4.423940658569336
38,71,5.0,4.336154460906982
342,216,5.0,3.924403667449951
465,475,3.0,3.421020030975342
795,118,2.0,2.8230509757995605
642,1033,3.0,3.582235336303711
587,886,2.0,2.8485918045043945
280,452,2.0,3.3789918422698975
561,2,3.0,2.394904613494873
887,419,2.0,4.174900054931641
450,865,4.0,3.957528591156006
694,663,4.0,4.2435102462768555
666,7,4.0,3.7852766513824463
930,106,4.0,2.371582269668579
303,568,4.0,3.7537615299224854
373,633,4.0,4.09215784072876
676,483,4.0,4.82302188873291
389,520,3.0,4.535104751586914
894,591,4.0,3.772243022918701
199,9,5.0,3.7160604000091553
653,54,3.0,2.4390339851379395
16,661,4.0,4.941519260406494
663,180,4.0,4.194664478302002
308,148,3.0,3.664767026901245
653,686,2.0,2.823786735534668
882,409,4.0,3.3661932945251465
468,143,5.0,3.9151155948638916
44,591,4.0,3.7821500301361084
95,392,3.0,3.4241220951080322
168,845,4.0,3.531733989715576
433,273,3.0,3.3298957347869873
932,494,4.0,4.484620094299316
327,1170,4.0,2.749952554702759
497,176,4.0,3.734606981277466
89,283,4.0,4.130326747894287
586,249,2.0,3.2727019786834717
757,423,3.0,3.84147310256958
458,144,4.0,3.958967924118042
374,823,1.0,3.211362838745117
669,183,3.0,3.8886661529541016
429,227,2.0,3.03878116607666
588,716,5.0,3.618067741394043
758,238,5.0,4.244429588317871
268,228,4.0,3.597005844116211
235,213,4.0,4.270412921905518
655,1426,2.0,2.6864564418792725
796,1217,3.0,3.310535430908203
579,523,3.0,4.059376239776611
666,518,4.0,3.8187050819396973
766,234,4.0,3.427011013031006
399,564,3.0,2.4191360473632812
790,268,4.0,3.6998467445373535
360,100,5.0,4.375381946563721
663,956,4.0,3.786770820617676
456,12,3.0,4.358519077301025
327,222,2.0,3.2323508262634277
8,177,4.0,4.408109664916992
591,709,4.0,4.18247127532959
201,269,3.0,3.5794897079467773
747,288,4.0,3.820277690887451
159,742,2.0,3.877150774002075
504,245,4.0,3.604383707046509
417,402,4.0,3.575648546218872
940,629,3.0,3.055266857147217
449,251,3.0,4.665475845336914
311,318,5.0,4.512613773345947
435,924,3.0,3.268960952758789
130,1215,2.0,2.7074971199035645
53,250,2.0,3.6496996879577637
13,360,4.0,3.1215944290161133
532,407,2.0,3.278020143508911
393,685,3.0,3.4571213722229004
650,200,4.0,3.369446277618408
399,176,3.0,3.290990114212036
648,323,5.0,2.913869857788086
295,735,5.0,4.551433563232422
487,399,5.0,3.362823009490967
692,249,3.0,3.1660330295562744
197,347,4.0,3.4067797660827637
246,576,1.0,2.2706756591796875
848,433,3.0,4.261366367340088
8,651,5.0,4.730536460876465
537,663,3.0,3.220974922180176
773,924,1.0,2.92108154296875
34,242,5.0,4.818339824676514
297,474,4.0,4.1712141036987305
186,742,3.0,3.727513074874878
305,971,4.0,3.4851582050323486
626,330,3.0,2.1451492309570312
934,13,5.0,3.516906976699829
389,395,2.0,2.0140342712402344
417,382,2.0,3.639387607574463
279,762,3.0,3.2989816665649414
850,173,5.0,4.601787567138672
708,289,4.0,2.9754204750061035
932,1184,3.0,2.150789260864258
327,865,5.0,3.28534197807312
472,254,4.0,3.8069722652435303
867,431,4.0,4.212536334991455
565,86,5.0,4.659133434295654
282,325,1.0,3.514167547225952
385,528,4.0,3.794633388519287
537,212,3.0,2.5731263160705566
694,378,3.0,4.1343488693237305
894,121,3.0,3.6419737339019775
906,117,4.0,4.080581188201904
936,108,4.0,3.6181321144104004
880,421,2.0,3.8325157165527344
195,1413,2.0,2.8808560371398926
474,549,5.0,3.8667008876800537
842,1105,2.0,3.0724689960479736
328,162,4.0,3.613182306289673
524,304,4.0,3.3632497787475586
401,276,4.0,3.0812559127807617
58,950,1.0,3.2348880767822266
21,619,2.0,3.1967644691467285
727,50,4.0,4.330126762390137
416,938,3.0,2.9728598594665527
919,293,4.0,3.8035531044006348
178,591,5.0,3.8526406288146973
110,294,3.0,3.1491172313690186
597,15,5.0,4.001420021057129
106,582,4.0,3.6704540252685547
21,981,2.0,1.3330024480819702
758,125,2.0,4.004659175872803
625,265,3.0,3.5855770111083984
271,356,4.0,3.0531973838806152
125,520,5.0,4.342425346374512
417,395,4.0,2.6857752799987793
292,194,4.0,4.719646453857422
708,934,4.0,2.7806344032287598
400,259,3.0,3.417072296142578
458,619,2.0,3.195652961730957
42,281,3.0,3.557283401489258
251,100,4.0,4.386662483215332
28,258,5.0,3.95786452293396
327,11,4.0,3.592237710952759
290,229,3.0,3.126577138900757
535,181,4.0,4.090991020202637
84,245,4.0,3.7541043758392334
286,186,5.0,4.168250560760498
416,1051,3.0,3.7562642097473145
791,331,1.0,3.886733055114746
373,81,2.0,3.8161025047302246
517,222,4.0,3.4793200492858887
493,404,4.0,3.87713885307312
670,611,5.0,4.212689399719238
825,9,3.0,3.862311363220215
854,274,3.0,2.964120864868164
653,232,2.0,2.5324862003326416
44,419,4.0,3.9050705432891846
223,929,3.0,2.450571298599243
370,514,4.0,3.8146321773529053
271,15,3.0,3.747076988220215
533,196,4.0,3.76438570022583
527,169,4.0,4.446470260620117
795,640,4.0,2.8680877685546875
57,411,4.0,3.13226318359375
393,1440,3.0,3.294294834136963
13,855,4.0,3.7927608489990234
424,990,5.0,3.1292965412139893
41,276,2.0,3.588838577270508
763,955,2.0,3.7467896938323975
246,567,5.0,2.1698925495147705
339,516,4.0,4.44312047958374
15,285,4.0,4.043124675750732
207,576,3.0,3.0541892051696777
825,515,4.0,4.353235721588135
180,121,5.0,3.360421657562256
503,427,5.0,4.716447353363037
59,404,3.0,4.13098669052124
823,230,3.0,3.806199073791504
322,150,4.0,4.15354585647583
312,543,5.0,4.283923625946045
385,462,2.0,3.4169957637786865
893,298,4.0,3.927957773208618
320,278,3.0,3.7593469619750977
489,1025,5.0,3.5400004386901855
291,117,5.0,4.295540809631348
927,422,4.0,3.3466601371765137
253,588,5.0,4.078737258911133
28,96,5.0,4.229116916656494
271,135,4.0,4.109369277954102
397,286,4.0,4.109413146972656
920,346,4.0,3.419247627258301
476,202,4.0,3.875175952911377
901,161,5.0,4.002525806427002
764,356,4.0,3.7484476566314697
396,597,4.0,3.5908634662628174
188,237,3.0,3.8662097454071045
6,272,4.0,4.277434349060059
221,250,5.0,3.4618546962738037
474,475,4.0,4.33436393737793
523,194,5.0,4.746509075164795
666,179,5.0,3.9392805099487305
545,450,2.0,2.862501621246338
659,489,4.0,4.079985618591309
254,112,2.0,2.330626964569092
871,1345,3.0,2.693979263305664
222,246,4.0,4.012061595916748
642,392,4.0,3.9845099449157715
407,455,3.0,3.07494854927063
297,265,3.0,3.782078742980957
922,159,3.0,3.4387097358703613
763,196,4.0,4.125081539154053
22,208,5.0,4.4278950691223145
908,423,4.0,3.405825614929199
184,522,3.0,3.9536819458007812
881,524,4.0,4.044124126434326
514,25,4.0,3.67730450630188
207,286,2.0,3.2586402893066406
489,321,3.0,3.7983500957489014
164,689,5.0,4.012022972106934
903,147,3.0,3.6996963024139404
30,69,5.0,4.245126247406006
51,655,3.0,3.754864454269409
194,570,3.0,2.611586809158325
90,650,5.0,4.141009330749512
454,435,2.0,3.070444345474243
335,347,5.0,3.517670154571533
805,9,3.0,3.6756081581115723
318,712,4.0,3.698019027709961
327,184,3.0,3.061811923980713
441,313,4.0,4.408803462982178
875,772,5.0,3.366654872894287
804,226,4.0,3.625051736831665
706,628,4.0,3.439131736755371
313,770,4.0,3.5257108211517334
417,185,3.0,4.006679058074951
601,185,4.0,3.793231964111328
875,496,4.0,4.499309062957764
416,864,3.0,3.894096851348877
308,147,3.0,3.7858729362487793
527,208,4.0,3.938556432723999
458,844,4.0,3.516785144805908
82,140,3.0,2.1497952938079834
850,480,5.0,4.688472270965576
452,73,3.0,3.224799633026123
844,95,4.0,3.6389894485473633
896,67,2.0,2.1220548152923584
455,52,3.0,3.858671188354492
266,285,4.0,4.271100044250488
292,193,4.0,4.5635786056518555
328,483,5.0,4.427353382110596
295,461,5.0,4.369354248046875
313,164,3.0,3.7164559364318848
332,833,5.0,4.262205123901367
292,276,5.0,4.256986618041992
353,328,2.0,3.0132694244384766
808,325,1.0,3.9271788597106934
826,91,4.0,4.0584187507629395
747,320,5.0,3.8035073280334473
627,92,4.0,3.3242478370666504
474,238,4.0,4.303048610687256
194,1044,2.0,2.5220706462860107
127,62,5.0,3.995664358139038
587,301,3.0,3.05678129196167
391,168,4.0,4.170108795166016
674,678,3.0,2.868713617324829
136,9,5.0,4.294891834259033
615,192,5.0,4.568427562713623
830,231,2.0,2.4651169776916504
234,589,3.0,3.6577725410461426
194,1028,2.0,2.203896999359131
436,200,3.0,4.063150882720947
15,289,3.0,2.274541139602661
407,508,4.0,3.717423439025879
439,14,5.0,4.1939616203308105
303,226,4.0,3.2084264755249023
299,286,4.0,3.6417489051818848
643,202,3.0,3.881572723388672
537,60,3.0,3.5017988681793213
443,269,3.0,4.333256244659424
849,15,5.0,5.0221476554870605
687,300,4.0,3.8068490028381348
26,597,2.0,2.477782726287842
782,271,2.0,2.8984460830688477
672,815,4.0,2.9939887523651123
234,552,2.0,2.13372540473938
363,82,3.0,3.4283394813537598
286,257,3.0,4.010834217071533
539,170,5.0,4.38202428817749
92,1214,2.0,2.4799644947052
280,742,4.0,3.8688485622406006
592,258,5.0,4.465567588806152
183,216,4.0,3.643521308898926
450,401,3.0,3.4137110710144043
690,238,5.0,3.5160112380981445
383,660,4.0,4.097342014312744
585,60,4.0,4.142561435699463
389,1204,4.0,4.0378851890563965
82,25,2.0,3.1284072399139404
943,570,1.0,3.3648831844329834
648,679,3.0,3.072504997253418
313,414,3.0,3.7488551139831543
416,151,3.0,4.270105361938477
521,156,4.0,3.5447940826416016
273,900,3.0,4.222120761871338
854,96,3.0,3.8009393215179443
197,431,3.0,3.521564245223999
540,1014,4.0,3.493757724761963
26,150,3.0,3.5903139114379883
301,252,3.0,3.4081642627716064
698,199,2.0,3.384002208709717
453,125,3.0,3.384059190750122
303,276,4.0,4.084345817565918
467,24,4.0,3.5758323669433594
382,56,5.0,3.6343393325805664
249,273,4.0,4.005113124847412
377,168,5.0,4.461983680725098
84,523,4.0,4.573278903961182
72,204,4.0,3.8205952644348145
92,231,3.0,2.691465377807617
846,651,3.0,4.522023677825928
561,473,3.0,2.522653579711914
895,742,4.0,3.781850576400757
544,327,2.0,2.886752128601074
399,727,4.0,2.8044815063476562
303,302,4.0,4.808180332183838
191,269,3.0,4.117245674133301
270,566,5.0,4.590468406677246
566,153,2.0,3.6969428062438965
802,260,4.0,3.360238790512085
27,742,3.0,3.319270133972168
338,427,4.0,4.275457859039307
374,741,3.0,3.594123125076294
295,357,4.0,4.916686534881592
494,845,4.0,3.5137269496917725
773,170,5.0,3.9191396236419678
896,1045,3.0,2.754734516143799
48,183,5.0,4.091745376586914
115,673,3.0,3.855008602142334
130,254,2.0,3.2781739234924316
373,70,4.0,3.789039134979248
130,144,5.0,4.454041957855225
393,186,3.0,3.620560646057129
605,245,3.0,3.0541458129882812
887,1029,5.0,2.9118995666503906
933,229,1.0,2.243177652359009
60,423,4.0,4.170605659484863
543,187,4.0,4.079225540161133
43,26,5.0,3.7778234481811523
234,521,3.0,3.418389320373535
712,215,3.0,4.073105335235596
332,235,3.0,4.091407299041748
450,1222,3.0,3.5602893829345703
308,633,4.0,4.006852626800537
202,318,1.0,3.560995578765869
542,864,3.0,3.2350339889526367
128,282,3.0,3.6385741233825684
18,425,3.0,3.9783947467803955
316,98,5.0,3.790543794631958
378,930,2.0,2.512766122817993
712,63,4.0,3.9030914306640625
924,300,2.0,3.5020577907562256
417,228,3.0,3.6741762161254883
417,95,5.0,3.6945488452911377
943,24,4.0,3.5874767303466797
655,249,3.0,2.641371250152588
788,132,5.0,3.9503173828125
650,158,2.0,2.2763044834136963
293,748,2.0,2.330150842666626
291,706,3.0,3.2606794834136963
417,176,5.0,3.8867740631103516
62,294,1.0,2.5280745029449463
288,180,5.0,4.274513244628906
99,258,5.0,3.946165084838867
851,11,5.0,4.308235168457031
640,66,4.0,4.379390716552734
921,257,3.0,3.4724979400634766
495,1110,4.0,3.776759147644043
268,101,2.0,2.9785401821136475
25,968,4.0,4.048815727233887
638,265,5.0,3.7568325996398926
435,33,3.0,3.3126306533813477
498,228,2.0,3.3591718673706055
413,333,2.0,3.5504331588745117
379,219,3.0,3.7534332275390625
90,836,5.0,4.1566619873046875
894,14,4.0,4.069108963012695
634,117,4.0,3.8218984603881836
240,343,3.0,3.4577865600585938
267,515,5.0,5.074709415435791
292,408,4.0,5.093080997467041
892,210,4.0,4.493034362792969
343,367,4.0,3.877378463745117
87,181,5.0,4.320805549621582
716,241,3.0,3.9244697093963623
647,490,4.0,4.103548049926758
768,235,2.0,2.6627912521362305
374,581,4.0,3.364621639251709
2,301,4.0,3.4852256774902344
320,56,5.0,4.449416637420654
380,845,4.0,2.6533308029174805
393,399,4.0,3.4628758430480957
625,584,3.0,3.262685537338257
708,352,1.0,2.2185704708099365
894,26,4.0,3.5965709686279297
471,878,4.0,3.0788681507110596
666,294,3.0,3.1700024604797363
270,335,3.0,4.134283065795898
886,42,5.0,3.8881731033325195
601,8,3.0,3.6624317169189453
251,258,3.0,4.083173751831055
6,506,4.0,3.7347967624664307
216,64,5.0,4.978869915008545
913,530,2.0,3.984180450439453
342,236,3.0,3.5560171604156494
316,678,1.0,2.05574893951416
889,762,3.0,3.2906832695007324
368,320,5.0,3.302032947540283
844,90,3.0,2.9783775806427
847,8,4.0,3.577605724334717
380,168,4.0,3.5586459636688232
922,411,1.0,3.070610523223877
841,288,3.0,3.92767333984375
435,520,4.0,4.238635540008545
267,114,5.0,5.080716609954834
495,431,5.0,4.221083164215088
533,191,4.0,4.127352237701416
343,334,5.0,3.811164379119873
782,260,2.0,2.7036375999450684
545,77,3.0,3.486642360687256
449,1005,5.0,4.079441070556641
88,1191,5.0,3.8791236877441406
453,318,4.0,4.518915176391602
435,1401,4.0,3.093813896179199
484,293,5.0,4.3740434646606445
684,158,3.0,2.7624778747558594
472,68,5.0,4.40413236618042
663,597,3.0,3.1418581008911133
406,124,4.0,4.024184226989746
13,515,2.0,4.326707363128662
582,235,3.0,2.7625980377197266
429,82,4.0,3.732724666595459
417,32,2.0,3.7872815132141113
710,269,3.0,4.059735298156738
276,50,5.0,4.9390716552734375
704,528,3.0,4.259862899780273
875,173,5.0,4.509115219116211
234,273,3.0,2.876060962677002
429,502,3.0,3.801530599594116
399,568,2.0,3.0925049781799316
913,466,3.0,3.3213577270507812
639,198,2.0,3.3069334030151367
878,154,3.0,3.543971300125122
646,678,3.0,2.7869558334350586
422,248,3.0,3.8633222579956055
751,56,4.0,4.1269121170043945
301,43,5.0,3.3393642902374268
423,304,4.0,3.6710309982299805
128,79,4.0,4.183457374572754
659,521,5.0,3.963681936264038
449,1142,4.0,4.372149467468262
447,175,3.0,4.107507705688477
888,69,4.0,4.489838600158691
389,579,1.0,2.4195616245269775
708,21,1.0,2.6536450386047363
417,449,3.0,3.2356019020080566
200,132,5.0,4.498713970184326
193,25,4.0,3.374744415283203
500,780,3.0,2.954763650894165
25,131,4.0,4.048609256744385
137,266,5.0,3.87131404876709
600,511,5.0,4.597514629364014
378,326,3.0,3.3337113857269287
731,1087,1.0,1.6105260848999023
503,79,5.0,4.508688926696777
454,182,3.0,3.2136685848236084
437,658,4.0,3.414388656616211
541,423,3.0,4.259235858917236
90,692,4.0,4.215820789337158
899,66,4.0,3.2468433380126953
152,794,5.0,4.54764986038208
305,168,4.0,3.841088056564331
589,336,1.0,3.4902801513671875
653,739,3.0,2.299459457397461
916,511,5.0,4.1669816970825195
892,239,4.0,3.9953207969665527
887,368,5.0,2.9273247718811035
363,802,2.0,2.173919916152954
83,575,4.0,2.703193187713623
346,186,3.0,3.801685333251953
18,382,3.0,3.7471072673797607
346,300,5.0,3.392695188522339
700,73,3.0,3.2300829887390137
874,289,4.0,2.480452060699463
332,452,4.0,3.8313214778900146
606,1039,4.0,4.387930870056152
500,358,4.0,2.4351606369018555
693,483,3.0,3.913522243499756
548,1025,4.0,3.177337884902954
350,483,5.0,4.883859157562256
524,212,5.0,3.290032148361206
916,229,3.0,2.807741165161133
758,33,4.0,3.86584734916687
815,732,5.0,3.9335594177246094
312,648,5.0,4.6129560470581055
727,68,4.0,3.3678946495056152
158,665,2.0,3.0972836017608643
429,77,3.0,3.08059024810791
268,452,1.0,2.170112371444702
279,490,3.0,3.7460713386535645
918,1099,4.0,2.9281013011932373
892,526,4.0,4.418717861175537
911,638,4.0,3.9762253761291504
177,1218,4.0,3.42838978767395
921,323,4.0,3.0347533226013184
60,59,5.0,4.404896259307861
943,31,4.0,3.735873222351074
484,135,4.0,4.533761024475098
405,1405,1.0,1.968700647354126
797,781,5.0,2.771009922027588
41,265,3.0,3.8474090099334717
339,150,4.0,4.280415058135986
773,12,3.0,4.210335731506348
347,204,4.0,3.9845869541168213
458,25,1.0,3.425025463104248
13,212,5.0,3.262557029724121
73,179,5.0,3.9898600578308105
179,751,1.0,3.3023734092712402
109,12,4.0,4.371459484100342
235,1,4.0,4.000854969024658
455,161,4.0,3.4470629692077637
315,168,4.0,4.41101598739624
99,121,3.0,3.6448187828063965
57,264,2.0,3.266106605529785
531,300,4.0,4.1300201416015625
391,646,4.0,4.246871471405029
677,740,1.0,3.642483711242676
527,285,5.0,4.259777545928955
297,154,5.0,3.741173267364502
263,520,3.0,4.653360843658447
883,956,4.0,3.920675754547119
582,547,4.0,3.338587999343872
561,65,3.0,2.9677343368530273
616,355,4.0,3.287038564682007
480,165,5.0,4.036623001098633
178,566,4.0,3.7778477668762207
94,1222,3.0,2.8971753120422363
655,282,3.0,2.905618667602539
90,177,5.0,4.436721324920654
59,425,4.0,4.285462379455566
354,171,4.0,3.9448440074920654
532,7,5.0,4.6353440284729
385,100,4.0,3.66804575920105
332,763,5.0,4.426081657409668
44,95,4.0,3.902231216430664
374,280,3.0,3.3625383377075195
459,651,3.0,4.0766682624816895
201,1267,3.0,2.6872217655181885
281,331,3.0,3.784964084625244
795,123,4.0,2.767246961593628
474,378,4.0,4.207580089569092
85,281,3.0,2.9499688148498535
453,117,4.0,3.456810474395752
887,240,5.0,3.830935478210449
170,876,3.0,3.570082664489746
838,96,4.0,4.354519844055176
301,51,4.0,3.6235976219177246
854,98,4.0,4.158100605010986
338,170,5.0,4.1345343589782715
806,1018,4.0,3.3284902572631836
537,697,2.0,2.5237910747528076
908,479,4.0,3.803738832473755
454,686,2.0,2.8531181812286377
749,204,4.0,4.13601016998291
13,179,2.0,3.9543228149414062
650,4,3.0,3.1033706665039062
887,1279,3.0,3.8684091567993164
763,190,4.0,4.443093776702881
487,686,4.0,4.042499542236328
423,620,4.0,3.192824363708496
766,672,3.0,2.429415464401245
330,559,3.0,4.543712139129639
902,754,3.0,2.7805752754211426
654,313,5.0,4.401129245758057
474,77,5.0,3.4884960651397705
618,203,3.0,3.5658955574035645
43,8,4.0,4.251152515411377
646,880,3.0,2.752880096435547
100,289,3.0,2.5772294998168945
592,508,5.0,4.352915287017822
168,288,1.0,3.621870994567871
602,118,3.0,4.104982852935791
303,1258,2.0,1.9647176265716553
782,873,4.0,2.794269323348999
382,531,4.0,3.3654139041900635
747,1375,4.0,4.551113605499268
934,1449,5.0,4.788637161254883
763,132,3.0,4.267958641052246
550,300,4.0,4.141676902770996
135,603,4.0,4.277023792266846
535,608,4.0,4.025390625
542,509,4.0,3.844542980194092
13,270,4.0,3.5058183670043945
882,294,4.0,3.549224376678467
655,815,2.0,2.665800094604492
234,144,3.0,3.3642117977142334
493,176,5.0,4.173725605010986
887,180,4.0,4.308613300323486
699,288,3.0,3.1443867683410645
234,77,3.0,2.5268986225128174
760,723,2.0,3.3946943283081055
426,432,3.0,3.760511875152588
87,578,3.0,3.968951463699341
899,195,4.0,4.0053300857543945
103,471,4.0,3.532712697982788
207,143,4.0,3.2372336387634277
537,1404,2.0,2.79148006439209
495,796,4.0,3.7857022285461426
385,346,3.0,3.223839282989502
312,503,5.0,4.111807823181152
585,1005,4.0,3.7255501747131348
788,1459,2.0,3.7881855964660645
659,89,4.0,4.221834659576416
640,941,5.0,3.8621487617492676
246,585,1.0,1.7066832780838013
511,292,5.0,4.145267009735107
655,88,2.0,2.8448925018310547
634,283,2.0,3.825284481048584
327,9,5.0,3.5587072372436523
286,251,5.0,4.4322075843811035
843,153,3.0,2.803919792175293
18,516,5.0,4.1473894119262695
398,132,5.0,4.108915328979492
699,532,3.0,3.1446304321289062
906,1011,4.0,3.5624423027038574
94,144,3.0,4.430176734924316
152,121,5.0,4.683666706085205
308,97,1.0,3.773263454437256
936,818,4.0,3.399562358856201
285,357,5.0,4.327088356018066
919,423,5.0,3.801074266433716
397,12,4.0,4.998603343963623
325,511,4.0,4.021866798400879
862,252,3.0,4.04362154006958
437,301,3.0,3.303119659423828
774,986,1.0,1.2327322959899902
246,413,4.0,1.716428279876709
387,1097,3.0,3.448683977127075
145,122,1.0,2.592224597930908
457,215,4.0,4.497326374053955
56,94,4.0,3.646068572998047
399,31,3.0,3.0254015922546387
285,222,4.0,3.850306510925293
457,94,3.0,3.605403423309326
429,467,4.0,3.8487887382507324
435,12,5.0,4.4743547439575195
661,304,2.0,3.7004261016845703
363,426,2.0,2.6508007049560547
390,181,4.0,4.354571342468262
206,683,1.0,1.3006765842437744
72,198,5.0,4.011702537536621
588,1053,3.0,3.5200486183166504
812,678,4.0,3.4289650917053223
130,342,3.0,3.8001699447631836
276,1220,4.0,3.5517168045043945
145,202,4.0,3.892970085144043
378,98,5.0,4.380122661590576
72,237,3.0,3.7189974784851074
669,310,4.0,3.208768606185913
540,270,4.0,3.8356173038482666
43,102,4.0,3.705442190170288
542,585,2.0,2.766491413116455
788,521,4.0,3.8047127723693848
871,271,5.0,3.4451169967651367
109,183,5.0,4.019311428070068
43,54,3.0,3.812563419342041
57,473,3.0,3.5580151081085205
749,125,5.0,3.7952704429626465
749,951,4.0,2.6288838386535645
184,410,3.0,3.289341926574707
7,616,4.0,4.069469451904297
773,13,4.0,3.172325611114502
854,482,3.0,3.8549413681030273
378,531,4.0,3.877936363220215
234,500,3.0,3.220132350921631
14,492,4.0,4.138679027557373
214,346,3.0,3.7986979484558105
566,235,3.0,2.7008485794067383
401,429,3.0,3.4277782440185547
606,194,4.0,4.4717607498168945
141,288,3.0,3.4981584548950195
780,300,3.0,3.652113914489746
846,142,3.0,3.1404762268066406
97,192,1.0,4.492976665496826
758,1001,5.0,2.398439407348633
653,265,4.0,3.1026532649993896
747,479,5.0,4.841841220855713
234,132,4.0,3.586940050125122
1,15,5.0,4.027113437652588
186,38,5.0,3.4929745197296143
500,325,3.0,2.626081943511963
586,76,5.0,3.313474655151367
881,663,5.0,3.9007081985473633
692,100,4.0,3.739546775817871
747,664,2.0,4.445526123046875
454,58,4.0,2.862013816833496
316,50,1.0,3.8651771545410156
622,135,4.0,4.124383449554443
873,879,2.0,2.281975746154785
840,606,4.0,4.313625812530518
790,202,3.0,3.6196300983428955
843,127,2.0,3.202707290649414
125,66,5.0,3.721869945526123
716,498,5.0,4.590456485748291
886,388,1.0,2.2432684898376465
472,385,5.0,4.6230645179748535
275,118,3.0,3.0634117126464844
778,246,2.0,3.3180088996887207
64,447,4.0,3.6772994995117188
876,523,5.0,4.437170505523682
387,98,4.0,4.333683013916016
230,140,3.0,3.79142165184021
890,185,5.0,4.427245616912842
339,286,5.0,4.1740593910217285
587,937,4.0,3.3315353393554688
46,286,5.0,4.196629524230957
417,871,2.0,2.784299850463867
494,199,4.0,4.530776500701904
18,213,5.0,4.236114501953125
606,591,3.0,4.053925514221191
429,631,4.0,3.6857457160949707
92,386,3.0,2.604898691177368
930,763,3.0,2.6063621044158936
385,79,3.0,3.6512703895568848
908,963,4.0,3.7736706733703613
537,670,2.0,1.8951928615570068
268,449,2.0,2.3169541358947754
180,423,4.0,4.258375644683838
766,382,3.0,3.2764945030212402
892,465,4.0,3.9882442951202393
280,934,2.0,3.4688191413879395
309,1025,5.0,3.2257628440856934
141,823,3.0,3.3140487670898438
148,474,5.0,4.508243560791016
144,281,3.0,3.202946901321411
122,1045,4.0,3.960264205932617
387,588,3.0,3.745561122894287
629,467,5.0,4.42930269241333
59,479,5.0,4.686050891876221
498,64,4.0,4.1012282371521
28,11,4.0,4.027536392211914
655,27,3.0,2.6669201850891113
864,577,3.0,2.4231929779052734
233,89,3.0,4.685490131378174
279,805,3.0,3.5928664207458496
682,111,3.0,3.3379971981048584
935,181,4.0,4.177291393280029
104,9,2.0,3.207277774810791
768,1061,1.0,2.4113078117370605
886,941,2.0,2.630889892578125
222,475,4.0,3.9495368003845215
472,760,5.0,4.0707573890686035
650,1419,3.0,1.9929789304733276
764,191,3.0,4.571326732635498
461,285,4.0,4.131479263305664
470,874,3.0,3.445051670074463
106,191,5.0,4.308588027954102
48,185,4.0,4.100938320159912
92,455,2.0,3.153369665145874
11,213,4.0,4.11101770401001
913,423,3.0,3.516697645187378
881,441,2.0,2.7309839725494385
256,127,4.0,4.724571704864502
148,114,5.0,4.5521039962768555
130,800,4.0,4.037678241729736
201,148,1.0,2.7187771797180176
707,212,4.0,3.2498295307159424
559,261,3.0,2.4889235496520996
416,625,5.0,4.026709079742432
480,183,4.0,3.972085475921631
269,959,5.0,3.193086862564087
259,271,3.0,3.745955467224121
474,671,3.0,4.203753471374512
71,248,3.0,3.725938081741333
291,50,5.0,5.132598876953125
141,7,5.0,3.6372904777526855
474,481,4.0,4.328402519226074
21,563,2.0,1.8431636095046997
665,496,3.0,3.9436585903167725
472,78,1.0,3.947420120239258
13,315,5.0,4.083219051361084
215,99,4.0,3.8668084144592285
682,300,2.0,3.3700098991394043
396,678,3.0,3.3587546348571777
256,487,5.0,4.413166522979736
234,921,4.0,3.366748571395874
566,219,1.0,3.1833927631378174
303,325,1.0,2.3635082244873047
405,1101,3.0,2.1176393032073975
606,841,3.0,3.0322318077087402
389,161,2.0,3.3956642150878906
76,385,2.0,3.345252513885498
593,501,2.0,3.725417375564575
593,393,4.0,3.5719544887542725
391,648,5.0,4.211048603057861
833,24,4.0,3.033782958984375
727,831,3.0,2.0666749477386475
301,232,4.0,3.5783896446228027
769,831,1.0,2.453911781311035
463,302,5.0,4.082245349884033
882,203,4.0,4.501526832580566
639,990,1.0,2.321958541870117
339,504,5.0,4.397378444671631
13,341,2.0,3.2422008514404297
332,1016,5.0,4.606329917907715
405,712,1.0,1.6654452085494995
64,154,4.0,3.9552359580993652
807,543,2.0,4.009355068206787
718,284,4.0,3.5515666007995605
22,161,4.0,3.2705698013305664
303,1021,4.0,4.347110271453857
757,27,4.0,3.1421356201171875
342,297,3.0,3.958571672439575
877,176,5.0,4.058255672454834
193,412,3.0,2.267056941986084
647,73,5.0,3.8460068702697754
727,810,2.0,2.7083563804626465
1,239,4.0,3.6574623584747314
14,628,5.0,3.9572205543518066
537,1025,1.0,1.1417025327682495
239,45,5.0,4.370628356933594
642,56,4.0,4.130030155181885
246,50,5.0,4.415611743927002
198,191,4.0,4.124217510223389
690,763,4.0,3.1117186546325684
846,748,3.0,3.2315003871917725
222,810,2.0,2.5156140327453613
458,178,4.0,4.4512529373168945
357,687,3.0,2.872988700866699
365,894,1.0,1.8497581481933594
276,200,5.0,4.2904205322265625
880,327,3.0,3.719623327255249
492,86,3.0,3.529087781906128
665,535,4.0,3.4180617332458496
94,347,5.0,3.983585834503174
592,333,5.0,3.7972934246063232
537,966,2.0,3.382582664489746
504,163,4.0,3.8849895000457764
846,357,4.0,4.635037422180176
617,519,3.0,3.1685233116149902
864,184,4.0,3.8270509243011475
911,199,3.0,4.305119514465332
444,245,4.0,3.19926118850708
622,184,5.0,3.4709632396698
240,358,2.0,2.7405154705047607
288,269,5.0,4.237972259521484
711,222,3.0,3.850224018096924
779,195,5.0,4.0472331047058105
366,413,4.0,3.7770447731018066
69,12,5.0,4.933919429779053
94,823,3.0,2.9449734687805176
129,307,2.0,2.878493309020996
193,689,2.0,2.843172073364258
620,740,5.0,3.866471290588379
498,522,3.0,3.5021939277648926
537,378,2.0,2.9969446659088135
528,484,3.0,4.2454118728637695
573,836,3.0,3.340665817260742
756,473,3.0,2.9434874057769775
425,690,1.0,2.98018741607666
393,365,3.0,3.547098159790039
657,327,1.0,3.1714470386505127
394,250,4.0,3.9589743614196777
180,367,1.0,3.8761162757873535
749,986,3.0,2.533719539642334
711,48,4.0,4.4899821281433105
145,216,5.0,4.118780136108398
334,945,4.0,3.9626340866088867
339,663,5.0,4.348746299743652
588,12,5.0,4.570469856262207
699,1187,4.0,3.2119033336639404
343,660,3.0,4.263550281524658
311,170,5.0,4.223973751068115
389,82,4.0,4.0223493576049805
497,810,3.0,2.917520761489868
586,69,4.0,3.502615451812744
268,1228,1.0,1.7431292533874512
758,889,3.0,4.068838119506836
896,133,2.0,3.5350542068481445
215,144,4.0,4.015430927276611
125,508,1.0,3.8554553985595703
66,248,4.0,3.731719970703125
181,1085,1.0,1.3930116891860962
21,184,4.0,3.429932117462158
815,79,4.0,4.341500282287598
42,679,2.0,3.515087604522705
940,474,3.0,4.059047222137451
338,708,5.0,3.452302932739258
543,568,3.0,3.484609365463257
307,403,3.0,3.6685564517974854
409,1070,4.0,3.711817741394043
42,423,5.0,3.9936680793762207
421,164,4.0,3.6788089275360107
153,265,4.0,3.272645950317383
541,732,3.0,4.100133419036865
373,735,5.0,3.8409762382507324
535,185,4.0,4.199890613555908
71,98,4.0,4.473844051361084
790,153,3.0,3.7388782501220703
13,872,3.0,2.5967817306518555
244,763,4.0,3.720355987548828
452,526,4.0,3.6750035285949707
59,527,5.0,4.571529865264893
253,82,3.0,4.021132946014404
430,42,3.0,3.791788101196289
726,832,5.0,2.291762351989746
44,240,4.0,2.859846591949463
618,724,3.0,3.272556781768799
654,588,4.0,3.879668712615967
788,317,4.0,3.856388568878174
871,289,3.0,3.287325143814087
270,703,4.0,4.512720584869385
73,202,2.0,3.6442019939422607
693,568,4.0,3.032313823699951
117,475,5.0,4.471895694732666
57,405,4.0,3.7694625854492188
508,238,4.0,4.015181541442871
695,307,4.0,3.4074454307556152
412,427,4.0,4.309079647064209
807,1483,4.0,3.9375476837158203
42,559,2.0,3.6813902854919434
921,252,4.0,3.0678906440734863
916,219,3.0,3.190615653991699
934,664,4.0,3.8816990852355957
144,4,4.0,3.513340711593628
862,177,4.0,4.380624294281006
244,13,4.0,3.6470561027526855
392,127,5.0,4.757131576538086
436,411,4.0,3.297598361968994
624,831,3.0,2.1792588233947754
169,705,5.0,4.0598955154418945
181,236,1.0,1.3853142261505127
184,238,4.0,3.919804811477661
823,187,5.0,4.825987339019775
15,9,4.0,3.529197931289673
824,304,3.0,3.0454869270324707
325,82,3.0,3.5177831649780273
872,237,4.0,3.778299331665039
867,655,4.0,4.383678913116455
458,742,4.0,3.2587900161743164
276,88,3.0,3.715860366821289
442,2,3.0,3.0510077476501465
683,187,5.0,3.952396869659424
627,549,3.0,3.2159411907196045
894,324,3.0,3.3197383880615234
889,204,4.0,3.7123003005981445
700,144,4.0,3.67022967338562
374,164,4.0,3.697521686553955
751,269,5.0,4.066634178161621
330,432,4.0,4.65387487411499
398,144,5.0,3.901658296585083
932,86,4.0,4.373154163360596
271,224,4.0,3.934072971343994
711,905,3.0,3.606916904449463
452,501,3.0,3.298049211502075
291,773,3.0,3.7795557975769043
747,357,5.0,4.923886775970459
280,392,5.0,3.847356081008911
301,451,4.0,3.734461545944214
117,405,5.0,3.8947086334228516
271,482,5.0,4.193172931671143
409,205,3.0,4.128757953643799
457,356,4.0,3.90397047996521
293,152,4.0,3.4520363807678223
234,747,3.0,2.825744152069092
346,237,4.0,3.52527117729187
463,283,5.0,3.6097092628479004
699,3,3.0,3.1748228073120117
13,91,2.0,3.478878974914551
295,420,4.0,4.347318172454834
351,1024,4.0,4.319313049316406
882,265,5.0,4.597390651702881
94,190,5.0,4.815783977508545
354,882,4.0,3.5036139488220215
660,90,2.0,2.3672244548797607
514,97,5.0,3.9632182121276855
375,566,4.0,3.6487090587615967
255,1034,1.0,1.4776521921157837
414,300,4.0,3.9350290298461914
752,539,4.0,2.850602865219116
813,892,1.0,2.4034037590026855
592,427,5.0,5.129111289978027
575,531,1.0,3.0928661823272705
532,26,3.0,4.42669153213501
454,528,4.0,3.3528037071228027
38,257,1.0,4.156986713409424
417,1215,2.0,2.205740213394165
807,1050,5.0,3.9096627235412598
320,202,4.0,4.050644874572754
327,589,3.0,3.8518970012664795
634,248,4.0,3.664956569671631
98,47,4.0,3.456759452819824
121,174,3.0,4.497830867767334
102,363,2.0,2.1982157230377197
271,602,3.0,3.6138477325439453
510,876,2.0,2.499770164489746
360,423,4.0,4.067492485046387
774,64,3.0,3.113577127456665
92,40,3.0,2.8316760063171387
583,655,5.0,4.4311747550964355
458,194,2.0,4.182677268981934
726,255,2.0,2.9084267616271973
917,50,3.0,4.588033199310303
378,97,5.0,3.7809019088745117
733,1115,3.0,3.1649699211120605
62,72,3.0,2.638059616088867
57,477,4.0,3.6374878883361816
524,52,4.0,3.711189031600952
113,273,4.0,3.892012357711792
177,238,3.0,3.865471601486206
452,615,3.0,3.8392999172210693
524,818,3.0,3.1070239543914795
313,193,4.0,3.991074562072754
28,441,2.0,3.078503370285034
537,457,1.0,1.034672737121582
119,616,2.0,4.053325176239014
326,230,3.0,2.927004814147949
868,156,3.0,3.553455352783203
381,1115,4.0,3.87157940864563
334,179,4.0,3.957463502883911
774,101,2.0,1.8493459224700928
168,1278,3.0,3.5333333015441895
892,484,5.0,4.73232364654541
676,265,5.0,4.14015531539917
863,900,3.0,4.241175651550293
442,26,3.0,3.167010545730591
919,58,5.0,3.641307830810547
71,52,4.0,4.001737594604492
911,216,4.0,3.985426902770996
226,513,3.0,4.446755886077881
774,117,2.0,1.9186811447143555
236,216,5.0,3.712132215499878
425,751,2.0,3.0308055877685547
880,379,4.0,3.1046767234802246
593,723,4.0,3.56172513961792
801,245,3.0,4.238996982574463
125,813,1.0,4.143701076507568
13,271,1.0,2.891169786453247
303,655,5.0,4.391505241394043
332,122,5.0,3.4079394340515137
201,15,3.0,3.2555084228515625
932,617,4.0,4.021815776824951
200,103,2.0,3.4645113945007324
863,242,4.0,4.373736381530762
450,1303,4.0,2.7457737922668457
897,528,3.0,4.486095905303955
378,411,3.0,2.745464324951172
37,930,3.0,2.626145362854004
497,1047,3.0,2.815596580505371
262,11,4.0,3.5714757442474365
712,724,3.0,3.8578598499298096
601,840,2.0,1.8926546573638916
768,16,3.0,3.08203387260437
133,243,3.0,1.5829541683197021
592,95,4.0,4.330130100250244
618,1058,3.0,2.877495765686035
634,269,4.0,4.049699306488037
939,326,5.0,4.616943359375
14,313,2.0,4.663747787475586
141,120,4.0,3.0103039741516113
896,546,2.0,2.0185587406158447
92,401,3.0,2.585731029510498
659,483,4.0,4.559503078460693
276,384,3.0,2.6526803970336914
704,381,3.0,3.5904746055603027
399,975,2.0,2.872629165649414
922,834,1.0,2.710413932800293
883,421,5.0,3.9722044467926025
234,358,1.0,1.806906819343567
592,246,5.0,4.6707072257995605
665,248,4.0,3.5145463943481445
562,194,5.0,4.007352352142334
95,648,3.0,4.16876220703125
87,382,3.0,4.201966285705566
834,288,5.0,3.75571608543396
435,84,2.0,2.5164899826049805
498,212,3.0,2.9975810050964355
775,344,5.0,3.7563676834106445
884,179,5.0,3.9834647178649902
574,288,4.0,3.3527402877807617
330,554,3.0,4.259693622589111
910,117,4.0,2.89912486076355
235,346,4.0,3.7985377311706543
318,289,3.0,3.530860662460327
92,476,2.0,2.8860509395599365
275,418,3.0,3.1486668586730957
370,172,4.0,4.109100341796875
660,755,2.0,2.3226983547210693
321,224,3.0,3.764455795288086
224,678,3.0,2.7091028690338135
757,574,3.0,2.2343502044677734
342,531,3.0,3.828439474105835
399,265,3.0,3.238629102706909
451,989,1.0,2.798161506652832
557,1244,2.0,3.5731263160705566
144,223,4.0,4.131982326507568
222,403,3.0,3.372363567352295
465,511,4.0,3.7215471267700195
924,285,4.0,4.231759071350098
457,98,5.0,5.137630939483643
527,153,5.0,3.8223278522491455
122,11,1.0,4.162490367889404
537,337,3.0,2.6523985862731934
499,181,3.0,4.018670558929443
378,450,3.0,2.4593656063079834
311,431,4.0,3.868847608566284
367,288,5.0,4.442099094390869
342,220,1.0,3.1718976497650146
20,176,2.0,3.3215787410736084
270,265,4.0,4.75656270980835
416,795,2.0,2.463280200958252
201,230,3.0,2.9166622161865234
634,477,3.0,3.3613147735595703
198,241,3.0,3.3399312496185303
595,293,4.0,4.167639255523682
910,182,4.0,3.721611499786377
894,166,4.0,4.14524507522583
406,99,5.0,3.5700764656066895
464,176,4.0,4.589590549468994
790,583,2.0,3.0058159828186035
412,150,4.0,3.8640193939208984
699,222,3.0,3.3393001556396484
702,230,4.0,2.8171234130859375
344,322,2.0,2.396221160888672
5,427,3.0,4.122389793395996
13,813,1.0,3.9854633808135986
67,1093,5.0,3.9032795429229736
489,259,2.0,3.662224531173706
811,895,5.0,4.052218437194824
276,734,1.0,2.3947997093200684
370,425,3.0,3.7220001220703125
543,586,3.0,2.574049234390259
711,217,4.0,3.286276340484619
548,696,4.0,3.713038682937622
271,1411,2.0,2.6922643184661865
840,1214,1.0,3.415802240371704
165,15,5.0,4.053989887237549
761,289,2.0,2.699129343032837
454,70,4.0,2.869173526763916
693,572,2.0,2.683229684829712
654,109,3.0,3.48378849029541
654,196,5.0,3.964761257171631
429,999,2.0,2.8553194999694824
374,1014,1.0,3.3199095726013184
360,744,4.0,3.6634316444396973
882,176,4.0,4.660806655883789
378,22,5.0,4.3155436515808105
5,404,2.0,3.486588478088379
370,100,4.0,3.9806370735168457
443,271,4.0,3.5125808715820312
174,823,4.0,3.0300867557525635
94,154,5.0,4.430732250213623
308,226,3.0,3.606167793273926
622,217,4.0,3.1393051147460938
280,215,3.0,3.825392484664917
184,527,4.0,4.1672139167785645
600,174,4.0,4.625148296356201
415,322,4.0,3.2483692169189453
792,591,2.0,3.5070815086364746
239,530,5.0,4.542761325836182
472,1034,3.0,3.6493048667907715
216,416,3.0,3.7355051040649414
931,286,5.0,3.8762001991271973
751,172,5.0,4.241261959075928
60,272,4.0,4.662033557891846
189,526,4.0,4.249847888946533
888,792,5.0,4.343645095825195
296,242,4.0,4.774559497833252
397,474,5.0,4.835195064544678
503,546,4.0,2.8082799911499023
239,133,3.0,4.26035737991333
613,478,5.0,4.633534908294678
326,493,5.0,3.7559542655944824
833,654,5.0,3.756342887878418
198,474,5.0,4.1256513595581055
158,116,5.0,4.062166213989258
303,200,4.0,4.274535179138184
1,99,3.0,4.064142227172852
13,786,3.0,2.726140022277832
315,466,1.0,3.9647562503814697
782,288,4.0,2.9158544540405273
151,224,5.0,4.325043201446533
528,239,5.0,3.51688814163208
738,423,4.0,3.7781219482421875
710,1101,4.0,3.841188430786133
264,856,3.0,4.484785556793213
92,778,4.0,3.7165029048919678
627,58,5.0,3.379087209701538
373,24,4.0,3.585880756378174
293,206,4.0,3.384472131729126
783,260,4.0,3.6999430656433105
394,179,5.0,4.506111145019531
831,479,4.0,4.359857559204102
846,423,4.0,4.153524398803711
342,746,4.0,3.643672466278076
615,179,4.0,4.302754878997803
293,845,2.0,2.9837231636047363
648,559,2.0,3.215139627456665
105,286,4.0,3.7124838829040527
593,685,3.0,3.524836540222168
939,1023,4.0,3.5499727725982666
881,21,3.0,2.566364049911499
344,22,3.0,4.660236835479736
269,65,4.0,3.1246132850646973
887,496,4.0,4.381834983825684
82,191,4.0,4.2053399085998535
490,993,1.0,2.6488583087921143
897,521,5.0,4.200924873352051
456,655,3.0,3.8344345092773438
280,233,4.0,3.725707769393921
541,755,5.0,3.610841751098633
129,311,3.0,3.198333740234375
884,463,5.0,3.7428276538848877
58,923,5.0,4.53570556640625
870,549,2.0,3.3575148582458496
159,1132,5.0,3.374537229537964
502,680,3.0,3.0280039310455322
92,15,3.0,3.8018388748168945
104,302,5.0,3.655677080154419
385,1154,5.0,2.240219831466675
399,291,3.0,2.929863691329956
875,135,4.0,4.348234176635742
210,301,4.0,3.855456829071045
629,322,3.0,3.036896228790283
587,315,4.0,3.8643083572387695
798,845,5.0,3.3182339668273926
303,1157,2.0,2.506544589996338
771,408,5.0,4.359049320220947
786,404,4.0,3.890697479248047
627,76,3.0,3.1567397117614746
804,159,4.0,3.7452516555786133
405,1549,1.0,1.327686071395874
835,673,4.0,4.152803897857666
402,32,3.0,4.37593412399292
346,470,3.0,3.442012310028076
495,218,4.0,4.121371269226074
456,568,2.0,3.495225667953491
331,653,3.0,3.8328123092651367
66,21,1.0,3.142443895339966
262,125,3.0,3.2783803939819336
715,685,3.0,3.012683868408203
409,499,3.0,4.040353775024414
6,538,2.0,3.1162126064300537
708,294,3.0,3.1937148571014404
409,518,1.0,3.8070502281188965
665,186,4.0,3.756293773651123
413,14,5.0,4.15989351272583
401,316,5.0,3.5012574195861816
455,343,4.0,3.171773910522461
23,597,3.0,2.7624948024749756
591,285,5.0,4.32404899597168
545,395,4.0,2.704225778579712
378,441,3.0,2.8380813598632812
594,222,4.0,3.1400146484375
66,237,4.0,3.822144031524658
442,188,3.0,3.432760715484619
489,908,5.0,3.317150354385376
387,477,1.0,2.9950194358825684
913,169,4.0,4.284234046936035
532,168,5.0,4.911377906799316
714,1014,3.0,3.564823627471924
495,392,5.0,4.1978230476379395
7,593,5.0,3.7568600177764893
210,98,5.0,4.924861431121826
246,250,4.0,3.1780049800872803
935,300,4.0,4.120141983032227
222,1438,4.0,1.8466951847076416
345,660,5.0,4.117127895355225
499,347,4.0,3.544247627258301
393,419,4.0,3.5352773666381836
665,293,4.0,3.632866382598877
65,77,5.0,3.7562100887298584
896,422,3.0,1.719407558441162
382,168,4.0,3.6051387786865234
648,1092,1.0,2.6817739009857178
262,1013,2.0,2.286918878555298
775,269,4.0,3.9412784576416016
522,200,4.0,4.149078845977783
94,159,3.0,3.346163511276245
62,171,4.0,3.9505698680877686
756,99,3.0,3.4646990299224854
881,742,4.0,3.3996591567993164
451,328,5.0,3.0376675128936768
320,95,3.0,4.1670427322387695
916,451,3.0,2.9463436603546143
535,338,3.0,3.276160955429077
425,174,3.0,3.7579777240753174
49,50,1.0,3.9272704124450684
237,83,4.0,4.129955291748047
643,410,4.0,3.3557777404785156
59,951,3.0,2.7264437675476074
780,423,5.0,3.7983715534210205
412,634,5.0,3.6217899322509766
790,208,3.0,3.855107069015503
91,338,4.0,2.999086856842041
648,231,2.0,2.942329168319702
601,928,1.0,2.0233020782470703
405,735,5.0,2.007697105407715
880,4,4.0,3.817988157272339
442,150,4.0,3.591545820236206
504,240,1.0,3.4424026012420654
561,98,4.0,3.894638776779175
435,627,3.0,3.0631232261657715
826,385,5.0,4.260664463043213
682,211,4.0,3.801051139831543
880,217,4.0,3.4773926734924316
268,384,3.0,2.1801557540893555
664,631,4.0,3.7967026233673096
274,71,4.0,4.356032848358154
567,96,4.0,4.206962585449219
279,1321,4.0,2.6422622203826904
269,723,1.0,2.5396487712860107
840,196,4.0,4.1872429847717285
85,647,4.0,4.102632999420166
883,224,4.0,4.071803092956543
222,96,5.0,4.105964660644531
434,815,4.0,3.9166059494018555
826,11,4.0,4.18853759765625
569,405,3.0,3.265957832336426
114,56,3.0,3.7715182304382324
435,1103,4.0,3.9566617012023926
299,1103,4.0,3.829092502593994
733,1129,4.0,3.5477161407470703
736,253,5.0,2.898729085922241
52,463,5.0,4.4776129722595215
911,435,5.0,3.9807138442993164
363,47,5.0,3.273261308670044
494,528,3.0,4.5042195320129395
889,96,4.0,3.9271883964538574
146,262,4.0,4.171768665313721
637,150,1.0,3.0247766971588135
835,281,4.0,3.99808669090271
829,276,4.0,3.6049537658691406
810,342,5.0,4.0635504722595215
919,596,3.0,3.333057403564453
768,288,4.0,3.2179853916168213
409,136,4.0,4.3040924072265625
199,1354,1.0,1.04032564163208
429,628,3.0,3.4439971446990967
303,294,4.0,2.8981881141662598
622,1207,2.0,2.06307053565979
690,223,4.0,3.7880053520202637
770,15,5.0,4.77646541595459
170,328,3.0,4.415716171264648
158,511,5.0,4.493943214416504
664,431,2.0,3.5900001525878906
87,228,5.0,4.1258544921875
537,506,3.0,3.2007875442504883
148,529,5.0,4.216767311096191
112,325,1.0,3.242816925048828
303,559,4.0,3.039149284362793
373,727,4.0,3.469350814819336
101,284,4.0,3.0639255046844482
693,130,1.0,2.543935537338257
707,719,3.0,2.7640867233276367
523,168,4.0,4.724780082702637
13,86,1.0,3.918511390686035
536,679,4.0,3.6375675201416016
59,559,5.0,3.621976375579834
804,208,5.0,4.001175403594971
276,100,5.0,4.613336086273193
254,629,2.0,2.971339702606201
543,1073,3.0,3.7858786582946777
94,1011,4.0,3.7170181274414062
22,167,3.0,3.055450916290283
573,134,4.0,4.102186679840088
655,1045,3.0,2.6870126724243164
136,15,4.0,4.297083854675293
293,122,3.0,1.4831194877624512
561,1210,1.0,1.9014701843261719
757,17,3.0,3.259781837463379
429,1016,4.0,3.2704052925109863
887,288,4.0,3.9956231117248535
721,872,3.0,3.4976773262023926
212,427,4.0,4.300105571746826
189,294,5.0,3.2740113735198975
45,276,5.0,3.9864704608917236
59,243,1.0,2.3588476181030273
102,993,2.0,2.6568360328674316
450,611,5.0,4.6089091300964355
185,181,4.0,4.211124897003174
187,792,5.0,4.002205848693848
865,763,1.0,2.24235463142395
699,283,4.0,3.3474373817443848
174,384,1.0,2.921416759490967
83,127,4.0,4.534434795379639
716,260,1.0,2.512877941131592
517,823,2.0,3.1263091564178467
308,520,4.0,4.225385665893555
263,99,3.0,4.160849571228027
563,220,4.0,3.825078010559082
672,25,5.0,3.2404465675354004
308,141,3.0,3.5905654430389404
286,142,4.0,3.7516374588012695
466,679,3.0,2.8317313194274902
351,258,5.0,4.211763381958008
239,382,3.0,4.111666202545166
509,294,2.0,2.279503583908081
640,1016,3.0,4.441580772399902
187,651,5.0,4.489978313446045
184,1014,2.0,3.1938037872314453
699,16,3.0,3.1601409912109375
815,485,4.0,4.184682846069336
665,1,4.0,3.6728062629699707
937,508,1.0,3.66408634185791
290,625,4.0,3.1173558235168457
315,211,4.0,4.27747917175293
797,300,2.0,3.011094331741333
368,11,4.0,3.658320426940918
159,756,4.0,2.9835152626037598
536,432,4.0,4.057394981384277
887,443,4.0,4.130361557006836
60,673,4.0,3.9887919425964355
232,357,4.0,4.403121471405029
871,50,5.0,4.215396404266357
5,457,1.0,1.4165761470794678
363,571,1.0,1.788512110710144
360,187,4.0,4.459190368652344
636,118,5.0,4.328646183013916
823,87,5.0,4.623900890350342
757,333,4.0,3.4922924041748047
600,181,4.0,4.364400386810303
366,853,5.0,4.528565883636475
405,8,4.0,2.3279783725738525
118,79,5.0,5.015284538269043
880,38,3.0,3.156161308288574
781,232,3.0,3.0564486980438232
234,506,4.0,3.394411563873291
293,183,4.0,3.9948501586914062
806,82,4.0,3.8015952110290527
87,182,4.0,4.417174339294434
639,153,3.0,3.0747182369232178
234,99,5.0,3.189723014831543
290,22,5.0,3.9452781677246094
928,173,4.0,4.834313869476318
632,168,4.0,4.24072265625
654,408,5.0,4.496089458465576
328,182,2.0,3.9939987659454346
593,159,4.0,3.507589817047119
922,431,4.0,3.5563740730285645
561,1024,3.0,3.185553789138794
624,126,4.0,4.16002893447876
752,322,1.0,3.205881118774414
682,1178,1.0,2.431117534637451
398,173,4.0,4.200491428375244
198,237,2.0,3.332771062850952
293,15,3.0,3.5067131519317627
738,357,4.0,4.259634971618652
354,473,3.0,3.1828360557556152
74,121,4.0,3.583160161972046
345,238,5.0,4.261551856994629
889,385,3.0,3.5126476287841797
543,188,4.0,3.5842854976654053
253,895,4.0,3.4912619590759277
727,33,3.0,3.220505714416504
456,845,3.0,3.2830231189727783
574,258,5.0,3.7111480236053467
249,271,4.0,3.7206850051879883
416,431,4.0,4.305710315704346
378,11,3.0,3.8989317417144775
381,1407,3.0,2.2506837844848633
330,393,4.0,4.653233528137207
329,512,4.0,3.9385595321655273
274,69,5.0,4.665736675262451
711,345,4.0,3.659590244293213
339,343,3.0,3.185985565185547
87,651,4.0,4.5373101234436035
145,559,2.0,3.4645771980285645
881,15,3.0,3.7330527305603027
125,98,5.0,4.479184627532959
704,134,5.0,4.293387413024902
364,269,4.0,4.237142086029053
790,405,3.0,3.1076080799102783
234,284,3.0,2.5438294410705566
405,1193,1.0,2.6134512424468994
478,710,5.0,3.545991897583008
693,281,3.0,2.773972511291504
339,139,3.0,2.9502956867218018
755,259,3.0,2.4137704372406006
747,429,4.0,4.599697113037109
470,824,4.0,3.138214349746704
21,322,3.0,2.3855106830596924
620,7,4.0,4.0063042640686035
412,211,4.0,3.967742443084717
562,190,4.0,4.167470455169678
269,497,3.0,3.749969720840454
715,50,5.0,4.529905319213867
303,250,4.0,3.608044147491455
398,1020,3.0,3.948276996612549
896,481,4.0,3.592747449874878
490,1386,4.0,1.9999158382415771
44,257,4.0,3.9219563007354736
838,313,5.0,4.654232501983643
17,245,2.0,2.2501375675201416
210,300,4.0,4.154849052429199
301,105,3.0,2.8934693336486816
903,127,5.0,4.526761531829834
153,325,2.0,2.2200162410736084
92,159,4.0,3.157468557357788
637,282,3.0,2.615370750427246
376,357,4.0,4.351980686187744
779,235,4.0,3.564650535583496
880,720,2.0,3.096832513809204
393,1179,4.0,2.9691162109375
229,313,2.0,3.7449252605438232
87,433,3.0,4.067423343658447
224,555,3.0,2.1582858562469482
942,95,5.0,4.367528438568115
280,699,4.0,3.8088512420654297
716,549,4.0,3.7445755004882812
468,647,5.0,4.699208736419678
889,615,3.0,3.9050958156585693
537,1009,2.0,2.3955800533294678
283,71,4.0,4.513360500335693
191,343,3.0,3.0059404373168945
669,511,5.0,4.058894157409668
437,842,4.0,3.0862390995025635
239,589,3.0,4.48708963394165
705,286,3.0,3.851081132888794
458,189,4.0,4.210476398468018
200,82,5.0,4.4637370109558105
387,559,3.0,2.8926162719726562
809,299,4.0,2.3761484622955322
537,323,1.0,1.3314306735992432
308,495,3.0,3.7231876850128174
66,742,5.0,3.804382801055908
7,385,5.0,4.179783821105957
99,79,4.0,4.234609603881836
255,984,1.0,1.9482934474945068
535,162,3.0,3.8065433502197266
464,709,5.0,4.736578464508057
393,81,2.0,3.4594693183898926
524,133,5.0,3.716197967529297
295,1050,5.0,4.3931708335876465
339,88,4.0,3.7789130210876465
168,222,5.0,3.7712764739990234
72,566,4.0,3.5974297523498535
42,73,4.0,3.811096668243408
82,518,4.0,3.6760094165802
276,586,3.0,2.290904998779297
889,1069,1.0,3.4617133140563965
896,705,5.0,3.652315378189087
458,64,4.0,4.622884750366211
577,727,5.0,3.6995115280151367
886,55,4.0,3.689034938812256
932,399,4.0,2.9937310218811035
786,588,5.0,4.01392936706543
489,895,4.0,3.8732194900512695
448,1022,5.0,3.3381330966949463
486,689,2.0,2.8037593364715576
833,22,3.0,3.943463087081909
416,272,5.0,4.961963176727295
75,820,3.0,2.8783974647521973
30,688,3.0,2.1038691997528076
423,282,4.0,3.6341609954833984
682,217,4.0,3.073761463165283
494,121,4.0,3.2195088863372803
572,1171,3.0,2.9420876502990723
87,321,2.0,3.7869186401367188
524,135,3.0,3.8406014442443848
435,760,1.0,2.4735488891601562
313,195,5.0,4.04910135269165
291,175,2.0,4.600427150726318
346,38,3.0,2.9625728130340576
291,89,3.0,4.893396854400635
847,144,4.0,3.4304327964782715
30,135,5.0,4.380402088165283
308,452,2.0,3.3009166717529297
295,227,4.0,4.297828197479248
486,475,4.0,3.795980215072632
388,569,5.0,3.99735689163208
642,1287,2.0,2.698737859725952
276,373,2.0,2.4367527961730957
881,27,3.0,3.0846986770629883
11,652,4.0,3.924598217010498
413,326,3.0,3.1842753887176514
542,168,4.0,3.998292922973633
628,305,5.0,4.812323093414307
105,268,4.0,3.766251564025879
145,265,5.0,4.100090503692627
454,707,3.0,3.1034703254699707
58,45,5.0,4.14362096786499
195,508,3.0,3.8288049697875977
585,863,5.0,4.0224175453186035
174,31,4.0,4.176003456115723
587,272,5.0,4.109745025634766
301,233,4.0,3.64967679977417
586,117,4.0,3.6917171478271484
818,286,4.0,3.7108373641967773
405,1230,1.0,1.3341798782348633
870,188,5.0,3.5875144004821777
660,298,2.0,2.9197630882263184
535,179,4.0,4.059395790100098
94,88,3.0,3.8306336402893066
943,1011,2.0,3.4268274307250977
892,403,3.0,3.9386544227600098
844,690,3.0,3.3177356719970703
886,819,4.0,2.2196121215820312
160,282,4.0,3.7815446853637695
496,1133,3.0,2.487807512283325
449,15,4.0,4.057036876678467
916,713,3.0,3.5923562049865723
783,331,3.0,3.9765617847442627
144,91,2.0,3.595313549041748
642,1311,3.0,3.5999536514282227
23,28,3.0,3.9256114959716797
478,12,5.0,4.366793632507324
606,161,4.0,3.9306092262268066
178,173,5.0,4.347034931182861
117,109,4.0,3.984482526779175
698,28,2.0,2.9484639167785645
84,529,5.0,4.464693069458008
699,322,3.0,3.2310051918029785
303,430,4.0,4.5265326499938965
621,176,3.0,4.329715251922607
316,530,2.0,3.6118521690368652
394,72,4.0,3.929117202758789
456,216,4.0,3.8533365726470947
22,405,1.0,3.2860209941864014
595,763,3.0,3.2560229301452637
74,126,3.0,3.9619100093841553
301,393,3.0,3.6892499923706055
469,286,5.0,4.367220878601074
782,887,4.0,3.117717981338501
566,82,4.0,3.591280460357666
137,257,5.0,4.4300432205200195
843,271,5.0,2.567204713821411
932,238,3.0,4.294948101043701
907,278,5.0,4.52006196975708
118,433,5.0,4.828453063964844
525,237,4.0,3.7385709285736084
553,487,5.0,4.214996337890625
638,174,5.0,4.089597702026367
244,278,3.0,3.4580864906311035
504,186,3.0,4.019433975219727
427,258,4.0,4.970584392547607
474,523,5.0,4.534246921539307
92,780,3.0,3.0062899589538574
397,492,4.0,4.235085487365723
442,90,3.0,2.907022476196289
677,322,4.0,3.735388994216919
76,1158,4.0,3.8667683601379395
733,471,3.0,3.1254639625549316
880,179,4.0,4.247498512268066
537,271,2.0,2.1325368881225586
739,22,5.0,3.994053363800049
832,873,2.0,2.8806569576263428
599,111,5.0,4.2363104820251465
894,343,2.0,3.456615686416626
561,1009,4.0,2.6630465984344482
379,637,2.0,3.2984375953674316
500,471,4.0,3.376890182495117
422,129,4.0,4.0495524406433105
374,443,5.0,3.8490450382232666
841,748,4.0,3.687816619873047
102,29,1.0,2.2006192207336426
94,471,4.0,3.8731496334075928
297,471,3.0,3.2917873859405518
655,448,4.0,2.7872161865234375
416,143,5.0,4.28138542175293
293,297,4.0,3.867400884628296
405,795,2.0,1.2627555131912231
533,190,2.0,4.0823974609375
8,187,4.0,4.703361988067627
764,151,4.0,3.9193058013916016
487,572,1.0,3.033210277557373
344,288,4.0,3.4450595378875732
626,748,2.0,1.8618547916412354
476,343,4.0,3.1668143272399902
174,9,5.0,4.523401737213135
472,365,4.0,4.436682224273682
932,528,5.0,4.654102325439453
536,80,2.0,3.40993595123291
506,77,3.0,3.4395971298217773
721,938,3.0,3.263200283050537
796,761,3.0,3.3873796463012695
815,95,3.0,4.035506248474121
535,707,4.0,4.070422649383545
733,922,3.0,3.7100071907043457
254,449,5.0,2.771029472351074
244,1209,3.0,2.8910720348358154
64,748,1.0,2.8783936500549316
489,322,5.0,3.921074867248535
916,82,4.0,3.6270296573638916
297,271,2.0,2.887990951538086
637,985,2.0,2.303149700164795
203,294,2.0,3.394613742828369
788,879,4.0,3.2133407592773438
872,892,3.0,3.2112839221954346
566,100,5.0,3.962352752685547
334,521,4.0,3.9229605197906494
659,490,4.0,4.076013088226318
407,402,2.0,3.2827305793762207
920,313,5.0,4.096865177154541
823,474,5.0,4.9362874031066895
222,739,4.0,2.8148791790008545
682,294,3.0,3.0249834060668945
344,9,5.0,4.086474418640137
229,269,4.0,3.4441380500793457
658,724,3.0,3.4613897800445557
827,358,2.0,3.041036367416382
110,64,4.0,4.159306049346924
5,446,4.0,2.385563373565674
251,210,4.0,4.242353439331055
650,747,3.0,2.9522523880004883
398,708,3.0,3.452188014984131
570,286,4.0,3.423553943634033
848,215,5.0,4.291933059692383
326,564,3.0,1.7302329540252686
229,311,5.0,3.1857128143310547
425,83,2.0,3.5749216079711914
18,194,3.0,4.226033687591553
216,3,4.0,2.957535743713379
500,662,2.0,3.274165153503418
320,895,4.0,3.821664810180664
717,343,4.0,3.554847002029419
604,670,5.0,2.652686357498169
727,260,1.0,2.470099925994873
12,15,5.0,4.309737205505371
537,588,1.0,3.0397133827209473
493,546,5.0,3.1654155254364014
301,82,5.0,3.8637452125549316
246,294,2.0,2.607311725616455
609,259,1.0,1.9217876195907593
181,1028,2.0,1.3851861953735352
544,332,3.0,2.7557976245880127
201,654,3.0,3.623889684677124
145,1210,1.0,2.9944849014282227
883,896,5.0,4.1126017570495605
796,1163,3.0,3.4762723445892334
453,85,3.0,2.9703006744384766
442,184,2.0,3.155961513519287
303,1230,1.0,1.4377892017364502
10,194,4.0,4.534566879272461
620,112,4.0,3.6578729152679443
687,678,4.0,2.6166493892669678
379,93,3.0,4.225420951843262
361,517,5.0,3.9369306564331055
93,235,4.0,3.33451771736145
303,215,5.0,4.102713584899902
807,1039,4.0,4.116905212402344
175,12,4.0,4.428492069244385
318,404,3.0,3.837899684906006
682,393,4.0,3.1932075023651123
788,445,4.0,3.730684757232666
392,347,4.0,3.9536218643188477
580,249,5.0,3.547679901123047
902,87,4.0,3.758751153945923
553,1200,3.0,4.086169242858887
116,180,5.0,3.5954251289367676
894,255,3.0,3.6155309677124023
406,130,3.0,2.6357579231262207
102,235,3.0,2.2617268562316895
361,197,5.0,4.149007320404053
85,14,4.0,3.8309288024902344
387,176,3.0,3.9697823524475098
553,648,4.0,4.375452041625977
94,182,5.0,4.6575117111206055
307,472,3.0,3.1510791778564453
682,802,2.0,2.736984968185425
303,948,2.0,1.569204568862915
405,698,1.0,1.677389144897461
87,202,5.0,4.05949592590332
328,665,2.0,2.8887290954589844
265,125,4.0,3.7741270065307617
145,257,5.0,3.9886016845703125
918,606,4.0,3.6617536544799805
543,1014,4.0,3.098125696182251
85,237,3.0,3.5452518463134766
13,657,4.0,4.369091987609863
254,624,2.0,2.8955674171447754
521,268,5.0,3.4008264541625977
233,499,3.0,4.535332202911377
42,96,5.0,4.218947887420654
782,1283,2.0,2.6374974250793457
848,478,5.0,4.677316188812256
453,578,3.0,2.9903552532196045
842,752,4.0,3.736266613006592
543,324,3.0,3.0896737575531006
232,194,4.0,4.168126583099365
58,175,5.0,4.027744293212891
851,331,3.0,3.8916149139404297
941,124,5.0,4.509311199188232
84,31,4.0,4.168403625488281
474,923,4.0,4.772690773010254
544,258,3.0,3.5104258060455322
450,722,5.0,3.543738842010498
907,1016,5.0,4.812478542327881
518,276,5.0,3.7651116847991943
731,66,4.0,2.971297264099121
21,995,2.0,3.1391382217407227
536,378,5.0,4.113827228546143
37,82,1.0,4.098420143127441
160,455,4.0,3.376068115234375
748,451,1.0,3.3005833625793457
595,298,4.0,4.035749912261963
293,121,3.0,2.356600046157837
308,502,5.0,3.812318801879883
191,313,5.0,4.430886268615723
675,86,4.0,4.131511688232422
179,691,3.0,3.2933216094970703
881,7,4.0,3.793602705001831
533,109,2.0,3.2834129333496094
129,313,3.0,3.9316859245300293
638,410,4.0,2.971897602081299
450,663,4.0,4.301234722137451
450,521,4.0,4.313631057739258
292,249,3.0,3.5421595573425293
698,283,2.0,2.92246150970459
276,204,5.0,4.258721351623535
862,180,5.0,4.535297870635986
622,94,2.0,3.0283851623535156
642,1,5.0,4.002884387969971
49,301,3.0,2.669556140899658
892,385,3.0,4.110510349273682
828,1646,4.0,3.180305004119873
504,559,5.0,3.6859724521636963
222,144,5.0,3.9049289226531982
524,661,3.0,4.041061878204346
236,88,2.0,3.2982635498046875
406,596,3.0,3.1772778034210205
200,409,2.0,4.102458477020264
804,259,4.0,3.317307472229004
506,490,3.0,4.2918314933776855
416,161,4.0,4.103114604949951
840,659,5.0,4.324172496795654
519,264,2.0,4.055474758148193
416,405,5.0,4.034089088439941
627,28,3.0,3.59189510345459
486,282,2.0,3.4346721172332764
214,56,5.0,4.222951889038086
94,61,5.0,4.534124851226807
97,135,5.0,4.340121746063232
724,1176,1.0,2.792553424835205
13,441,1.0,2.3348772525787354
653,136,1.0,3.4881751537323
261,342,3.0,3.8877129554748535
796,418,4.0,3.7226548194885254
881,186,3.0,3.953113317489624
94,1223,4.0,3.643643856048584
459,926,4.0,3.1487271785736084
8,511,5.0,4.747146129608154
715,125,3.0,3.2993364334106445
194,471,3.0,2.962287425994873
920,682,3.0,2.8252816200256348
829,190,4.0,4.233952045440674
264,559,5.0,3.7538106441497803
556,127,5.0,4.877943515777588
276,1245,3.0,3.8159682750701904
521,99,3.0,3.319777488708496
273,272,4.0,4.587490081787109
782,1670,3.0,2.7516069412231445
464,289,4.0,3.585113048553467
316,318,5.0,3.8817739486694336
39,294,4.0,3.6454837322235107
13,833,2.0,2.8481156826019287
878,286,4.0,3.4212002754211426
857,325,1.0,3.1792285442352295
786,357,5.0,4.542562961578369
442,29,3.0,2.6080265045166016
123,275,4.0,4.1944451332092285
780,275,4.0,3.8778579235076904
94,183,5.0,4.660850524902344
345,291,3.0,3.3556294441223145
826,550,3.0,4.021643161773682
195,809,3.0,3.02514910697937
289,254,1.0,2.0710082054138184
42,720,4.0,3.45391583442688
624,628,4.0,3.7581372261047363
707,533,5.0,3.5499186515808105
370,181,4.0,3.8751161098480225
472,234,4.0,4.43147087097168
299,1073,4.0,3.7909131050109863
608,262,3.0,3.8692290782928467
145,943,3.0,3.7318527698516846
363,174,4.0,4.020054817199707
23,463,4.0,3.824341297149658
774,453,2.0,1.2364643812179565
119,405,4.0,4.006338119506836
633,5,3.0,3.4025378227233887
627,227,3.0,2.9366579055786133
579,216,5.0,3.863849401473999
95,328,5.0,3.3144984245300293
942,300,5.0,4.349723815917969
875,358,3.0,2.584160327911377
293,47,3.0,3.3686861991882324
776,1219,3.0,2.844186782836914
299,208,4.0,3.8512704372406006
924,174,5.0,4.214946746826172
716,662,3.0,3.581038475036621
457,385,4.0,4.266883850097656
883,239,3.0,3.880045175552368
290,28,5.0,3.5580084323883057
429,265,4.0,3.92411470413208
270,282,3.0,4.783454418182373
195,234,5.0,3.893045425415039
867,7,5.0,4.270308494567871
145,275,2.0,4.099598407745361
15,13,1.0,3.150637626647949
586,356,4.0,3.3562002182006836
6,174,4.0,4.165553569793701
357,748,5.0,4.226410388946533
327,33,3.0,2.9841744899749756
518,742,5.0,3.8945565223693848
524,492,3.0,3.6783289909362793
407,559,3.0,3.0306856632232666
171,313,4.0,4.207559108734131
121,740,3.0,3.186605215072632
42,367,2.0,3.7872185707092285
582,328,3.0,3.2352724075317383
533,443,3.0,3.723620891571045
298,946,3.0,3.7381134033203125
551,156,5.0,4.495124340057373
226,23,3.0,4.255967617034912
716,1269,4.0,4.194722652435303
875,50,5.0,4.769289493560791
870,55,3.0,3.578138828277588
393,84,3.0,3.235917091369629
857,328,3.0,3.792316436767578
648,576,4.0,3.0413336753845215
288,528,4.0,4.434134006500244
200,393,4.0,4.273965358734131
542,871,2.0,2.7285804748535156
617,674,3.0,2.296968460083008
621,257,5.0,4.157215118408203
297,277,3.0,3.3629651069641113
144,1285,3.0,3.295607328414917
650,243,2.0,2.01727294921875
802,259,2.0,3.4658732414245605
323,475,3.0,4.2174601554870605
205,300,3.0,3.1095058917999268
634,919,2.0,3.7699060440063477
130,272,5.0,4.9212260246276855
664,89,5.0,4.349605560302734
671,56,1.0,4.078108787536621
835,179,5.0,4.316042423248291
788,43,3.0,2.838088035583496
533,19,3.0,3.8457906246185303
331,132,3.0,3.916001319885254
74,302,4.0,4.295521259307861
621,250,4.0,3.7512598037719727
92,322,3.0,2.8011021614074707
59,28,5.0,4.339625358581543
871,97,3.0,3.586846351623535
401,196,5.0,3.356550455093384
250,270,4.0,4.09958553314209
453,628,3.0,3.5076537132263184
546,322,4.0,4.079415321350098
236,191,4.0,4.0650553703308105
387,81,3.0,3.653895616531372
116,297,3.0,3.4936275482177734
514,116,4.0,4.0108819007873535
49,1074,2.0,2.1254801750183105
927,227,2.0,3.9479196071624756
405,178,3.0,2.752124309539795
143,325,5.0,3.410245180130005
627,182,4.0,3.787217378616333
64,100,4.0,4.191167831420898
295,174,4.0,4.847917079925537
551,176,4.0,4.5371479988098145
43,950,3.0,3.666499137878418
866,344,2.0,2.797046661376953
251,748,2.0,3.2397170066833496
860,315,3.0,3.902271270751953
895,885,2.0,2.4407358169555664
305,664,2.0,3.5747718811035156
579,238,3.0,3.8170812129974365
326,205,4.0,3.6051175594329834
365,309,1.0,2.820067882537842
426,527,3.0,4.1375508308410645
450,724,5.0,3.9461112022399902
588,131,5.0,4.003081798553467
393,290,3.0,3.1968650817871094
848,509,4.0,4.475716590881348
405,1247,1.0,1.2309452295303345
246,1039,4.0,3.9279427528381348
405,202,4.0,2.035083770751953
435,174,5.0,4.283247947692871
506,168,5.0,4.336032867431641
863,990,1.0,2.8596901893615723
276,128,4.0,3.7931976318359375
901,430,3.0,4.209142684936523
887,432,5.0,4.093728065490723
280,9,5.0,3.79927921295166
373,435,4.0,4.036514759063721
303,546,2.0,2.5490546226501465
588,1061,5.0,3.430760383605957
345,988,2.0,1.8460310697555542
95,378,4.0,3.832124710083008
630,240,3.0,3.2598159313201904
654,302,5.0,4.2381062507629395
894,311,4.0,3.8881168365478516
311,258,4.0,3.86869478225708
939,591,5.0,4.8274641036987305
216,234,4.0,4.206705570220947
815,313,5.0,4.624021053314209
387,581,4.0,3.1854867935180664
181,111,3.0,1.3948471546173096
188,1213,2.0,2.547276735305786
194,692,2.0,3.013087034225464
253,966,5.0,4.289941310882568
104,508,2.0,3.092954635620117
532,235,3.0,4.044193744659424
851,930,3.0,2.631885051727295
916,569,2.0,2.4565212726593018
716,385,1.0,3.7152748107910156
445,433,2.0,2.2565972805023193
622,276,4.0,3.762167453765869
864,969,4.0,4.154799938201904
75,322,1.0,2.9991631507873535
214,131,3.0,3.9877853393554688
327,333,2.0,3.1460280418395996
450,38,4.0,3.633558750152588
279,1435,3.0,2.7847602367401123
764,15,4.0,4.025580883026123
256,11,5.0,4.391679286956787
15,308,5.0,2.6733312606811523
179,353,1.0,2.4898672103881836
257,381,5.0,4.112325668334961
911,151,5.0,3.6863293647766113
458,529,3.0,4.096307277679443
355,882,4.0,4.402061462402344
249,135,5.0,4.5985541343688965
249,317,5.0,4.573930263519287
271,692,4.0,3.4606266021728516
94,157,5.0,4.16865873336792
774,585,1.0,1.2657214403152466
474,485,4.0,4.351166725158691
497,720,2.0,2.9540839195251465
506,148,3.0,3.206571102142334
227,411,4.0,2.233686923980713
527,201,3.0,3.5099520683288574
216,763,4.0,3.2246203422546387
373,195,4.0,4.091036796569824
778,197,4.0,3.446296215057373
807,1066,5.0,3.816873073577881
314,66,5.0,4.0702996253967285
151,405,3.0,3.426906108856201
276,223,5.0,4.665350437164307
100,905,3.0,3.0467844009399414
536,546,2.0,3.511984348297119
592,409,1.0,2.7731573581695557
312,8,5.0,4.487975120544434
416,794,5.0,4.29189395904541
630,237,5.0,3.5879926681518555
410,312,2.0,2.9985737800598145
648,477,3.0,3.133789300918579
13,191,3.0,4.288818836212158
632,275,3.0,4.077779769897461
799,479,5.0,4.587187767028809
608,79,5.0,4.107935905456543
618,8,3.0,3.7425732612609863
880,476,3.0,3.245155096054077
788,754,4.0,3.1693928241729736
718,742,5.0,3.8410685062408447
335,340,5.0,3.580968141555786
378,91,3.0,3.648094415664673
184,170,5.0,4.1915740966796875
894,1005,5.0,3.8440804481506348
933,934,1.0,1.561885118484497
721,125,3.0,3.9104983806610107
500,97,4.0,3.640838146209717
618,12,4.0,4.187595367431641
495,191,3.0,4.698567867279053
626,294,3.0,1.946703553199768
670,482,5.0,4.0775146484375
758,514,5.0,4.298404216766357
314,1016,4.0,4.150204181671143
835,180,5.0,4.435692310333252
101,118,3.0,2.9146296977996826
416,246,4.0,4.603150844573975
125,94,5.0,3.4321048259735107
927,560,2.0,3.1013503074645996
818,271,4.0,2.7317557334899902
236,282,5.0,3.3824262619018555
181,1245,1.0,1.383801817893982
551,286,4.0,4.294971466064453
399,746,5.0,3.086794853210449
708,1023,3.0,2.416724681854248
385,673,2.0,3.0949831008911133
213,2,4.0,4.070724964141846
452,187,3.0,3.977437973022461
192,813,4.0,4.154091835021973
141,300,5.0,3.715545415878296
919,321,2.0,3.2838332653045654
659,603,5.0,4.404382228851318
293,94,2.0,2.323516607284546
906,475,3.0,4.047649383544922
22,175,4.0,4.335391044616699
854,56,5.0,3.89512300491333
459,291,4.0,3.419019937515259
246,94,2.0,2.495307683944702
804,625,3.0,3.488967180252075
682,235,1.0,2.903630256652832
78,1160,5.0,3.174699306488037
880,1277,4.0,3.662308692932129
235,303,4.0,3.831310987472534
769,824,2.0,2.873502016067505
321,48,4.0,3.997375011444092
654,250,1.0,3.4386703968048096
452,462,4.0,3.664036989212036
715,64,5.0,4.6333794593811035
773,238,4.0,3.6149396896362305
123,22,4.0,4.555269718170166
221,259,4.0,3.3977582454681396
90,208,3.0,4.498984336853027
784,271,3.0,3.880070447921753
100,689,3.0,2.554466724395752
498,14,4.0,3.5563290119171143
934,172,5.0,4.249486446380615
344,715,4.0,3.5635647773742676
135,77,4.0,3.2543067932128906
836,496,4.0,4.460867404937744
445,689,1.0,1.5380479097366333
503,736,4.0,4.3404388427734375
435,393,2.0,3.2013962268829346
896,739,2.0,2.2931203842163086
326,183,5.0,3.605175018310547
592,60,4.0,4.9617838859558105
541,1412,1.0,1.9349019527435303
883,752,4.0,3.8302412033081055
11,90,2.0,3.169342279434204
201,1163,1.0,2.6138434410095215
318,66,4.0,3.8848366737365723
503,127,5.0,4.7234320640563965
75,108,4.0,3.586064100265503
109,239,4.0,3.535109281539917
222,162,2.0,3.728013038635254
313,420,5.0,3.6884939670562744
846,50,5.0,4.736775875091553
488,207,3.0,3.437525749206543
279,1059,4.0,3.3145713806152344
401,1011,3.0,2.780557155609131
177,307,4.0,3.5213592052459717
537,855,3.0,3.1272599697113037
223,1014,4.0,3.042184829711914
234,610,4.0,3.1349239349365234
741,94,3.0,2.9460196495056152
456,218,4.0,3.4293224811553955
805,319,2.0,3.200443744659424
181,104,1.0,1.2047688961029053
458,307,4.0,3.5433430671691895
707,723,3.0,3.254746913909912
13,241,3.0,3.5395989418029785
474,380,4.0,3.555680274963379
299,1132,1.0,2.691869020462036
422,257,4.0,4.015561580657959
934,492,4.0,3.863431453704834
474,414,4.0,4.112093925476074
641,198,5.0,4.342735290527344
804,550,4.0,3.69674015045166
150,181,5.0,4.3246893882751465
807,968,4.0,4.024964332580566
308,614,3.0,3.8209290504455566
292,491,4.0,4.48672342300415
710,268,4.0,3.8014581203460693
650,447,3.0,3.174793004989624
383,205,4.0,4.425568580627441
201,385,2.0,3.007500410079956
272,238,5.0,4.403266906738281
806,655,3.0,3.993908405303955
301,100,5.0,4.105199813842773
382,481,5.0,3.425600051879883
721,284,4.0,3.522796392440796
378,143,4.0,3.6821401119232178
296,1142,5.0,4.626478672027588
481,66,3.0,3.733198404312134
807,199,5.0,4.293931007385254
588,566,2.0,3.822526454925537
64,347,3.0,3.5738542079925537
708,118,5.0,3.115248203277588
933,476,2.0,1.9640862941741943
643,419,4.0,3.9603185653686523
665,255,4.0,3.435654640197754
233,216,5.0,4.4821248054504395
263,416,5.0,3.8606090545654297
587,261,3.0,1.965648889541626
379,300,3.0,3.866314649581909
346,932,2.0,2.623934507369995
346,89,4.0,4.019828796386719
790,209,1.0,3.9233665466308594
848,1063,5.0,4.1920647621154785
453,1145,2.0,2.4893722534179688
605,237,3.0,3.8933873176574707
532,510,5.0,4.80256462097168
231,255,3.0,3.866117238998413
699,685,3.0,3.207808256149292
738,151,4.0,3.5776925086975098
921,202,4.0,3.376866340637207
848,520,5.0,4.75516939163208
74,333,4.0,3.6974077224731445
160,461,5.0,4.032728672027588
332,975,3.0,4.093072891235352
653,1620,2.0,2.2217626571655273
246,932,1.0,1.845988392829895
301,173,4.0,4.170760631561279
709,781,3.0,3.4718563556671143
450,1435,4.0,2.3796446323394775
291,563,3.0,2.90110445022583
396,406,2.0,3.170654773712158
327,659,4.0,3.8129262924194336
357,274,4.0,4.52573823928833
130,100,3.0,4.687314510345459
650,1215,3.0,1.6835060119628906
655,12,3.0,3.6807804107666016
911,659,3.0,4.1123127937316895
194,371,3.0,2.579073905944824
625,732,3.0,3.3464958667755127
432,313,4.0,4.51745080947876
758,656,5.0,4.531269550323486
846,789,4.0,3.9355273246765137
663,546,3.0,3.033775806427002
351,286,5.0,4.175560474395752
667,223,5.0,4.289069652557373
309,879,4.0,3.604084014892578
276,1028,3.0,2.8383736610412598
331,414,4.0,3.532731056213379
453,272,5.0,4.412397384643555
401,203,4.0,3.2570502758026123
796,815,4.0,3.521318197250366
843,515,3.0,3.2382824420928955
314,996,4.0,2.8751723766326904
896,458,1.0,2.5173540115356445
85,702,2.0,3.0082781314849854
40,268,4.0,3.101834774017334
342,57,3.0,4.062434196472168
109,520,5.0,4.135740756988525
538,168,3.0,4.020333290100098
410,303,3.0,3.2886300086975098
884,116,4.0,3.755072832107544
774,185,2.0,2.610668182373047
525,125,3.0,3.451906681060791
165,332,4.0,3.94445538520813
1,255,2.0,3.201986312866211
305,83,3.0,3.816880702972412
943,227,1.0,3.4286022186279297
560,476,2.0,2.886540174484253
46,333,5.0,4.0702338218688965
244,54,2.0,3.697968006134033
327,24,2.0,3.1555776596069336
379,345,3.0,3.772169589996338
495,54,5.0,4.049544811248779
897,409,4.0,3.918576240539551
401,188,1.0,3.127429485321045
896,132,3.0,3.7695159912109375
177,47,3.0,3.575148820877075
690,705,1.0,3.6016221046447754
119,392,4.0,4.157414436340332
59,622,4.0,3.6954426765441895
595,108,2.0,3.415257453918457
177,1,3.0,3.8703536987304688
537,486,3.0,3.150887966156006
635,886,4.0,2.9827792644500732
899,121,5.0,2.8456263542175293
170,881,3.0,3.7743582725524902
538,568,3.0,3.2728993892669678
863,876,2.0,1.8437533378601074
263,183,4.0,4.53693151473999
917,282,4.0,3.6946706771850586
763,87,2.0,4.175695896148682
92,39,3.0,3.093045949935913
677,1240,5.0,3.8923680782318115
72,644,4.0,3.8305304050445557
145,405,3.0,3.5645666122436523
615,736,5.0,4.203144550323486
358,1159,5.0,3.078052043914795
660,675,3.0,2.869993209838867
312,528,5.0,4.721391201019287
707,345,5.0,3.222045421600342
334,153,4.0,3.829169750213623
498,527,3.0,3.715725898742676
698,144,2.0,2.9626646041870117
48,423,4.0,3.84004282951355
716,163,4.0,3.731822967529297
168,280,4.0,3.188906669616699
796,500,4.0,3.746073007583618
595,815,3.0,2.872227668762207
267,222,4.0,4.191883087158203
566,170,5.0,4.014142990112305
272,32,4.0,4.407227516174316
40,286,2.0,3.0543768405914307
144,68,2.0,3.5082645416259766
409,6,4.0,3.460003137588501
81,42,4.0,3.8432931900024414
265,1197,2.0,3.7075605392456055
37,176,4.0,4.293481826782227
648,218,3.0,3.3585054874420166
198,455,3.0,2.743320941925049
77,176,4.0,3.828017234802246
314,132,4.0,4.335699558258057
487,470,5.0,3.985379219055176
349,126,2.0,3.901118278503418
412,939,4.0,3.642329692840576
417,943,3.0,3.517181873321533
151,260,1.0,2.4670605659484863
105,258,5.0,3.7676024436950684
887,1012,1.0,4.117590427398682
676,902,4.0,4.104996681213379
919,183,3.0,4.05277681350708
268,286,5.0,3.6041173934936523
883,228,4.0,3.9902737140655518
463,284,3.0,2.65447998046875
750,300,3.0,3.585798740386963
450,506,5.0,4.299792289733887
699,477,3.0,3.0502426624298096
201,581,3.0,2.8286852836608887
550,252,1.0,3.42002534866333
880,316,5.0,4.362851142883301
95,855,3.0,3.895867347717285
542,399,2.0,3.3704562187194824
360,248,4.0,3.8706912994384766
655,1529,2.0,3.0036087036132812
435,91,4.0,3.619110107421875
605,276,4.0,3.90608811378479
648,222,5.0,3.4593846797943115
727,385,3.0,3.415802240371704
541,625,4.0,3.828873634338379
374,274,4.0,3.4728264808654785
270,943,5.0,4.5880656242370605
908,216,3.0,3.5044937133789062
332,118,5.0,4.189504623413086
943,419,2.0,3.895759344100952
318,187,4.0,4.3348212242126465
515,1399,4.0,2.3034121990203857
123,182,4.0,4.3633222579956055
354,508,3.0,3.7157883644104004
892,435,4.0,4.473783016204834
598,312,5.0,3.5780506134033203
201,596,4.0,2.806192398071289
669,749,3.0,2.412628173828125
679,111,3.0,3.3516228199005127
138,137,5.0,4.224576950073242
943,485,5.0,4.029810428619385
749,385,3.0,3.881099224090576
315,209,5.0,4.345180988311768
766,77,2.0,2.9765677452087402
588,25,4.0,3.7400739192962646
606,178,5.0,4.7403364181518555
56,98,4.0,4.561788558959961
94,944,1.0,2.955641984939575
837,276,1.0,3.792440414428711
447,153,4.0,4.048533916473389
903,281,4.0,3.2958333492279053
283,291,2.0,4.129201412200928
727,258,2.0,3.7009024620056152
889,1589,5.0,2.9713165760040283
234,451,3.0,2.4905991554260254
870,1090,2.0,2.0269861221313477
293,455,2.0,2.691005229949951
399,228,2.0,3.1047587394714355
854,475,4.0,3.6869301795959473
268,121,2.0,2.6462550163269043
807,969,4.0,4.021439075469971
145,53,2.0,3.222968816757202
207,1046,4.0,3.1271262168884277
788,531,4.0,3.721519947052002
554,678,3.0,2.89924693107605
249,333,4.0,4.061997413635254
643,732,3.0,3.849612236022949
514,631,4.0,3.9271326065063477
919,237,4.0,3.685331106185913
262,790,3.0,2.8553948402404785
267,50,5.0,5.168481826782227
42,173,5.0,4.316745758056641
288,345,5.0,3.3219428062438965
484,879,4.0,3.7689967155456543
508,52,4.0,4.0104289054870605
795,120,3.0,2.031930446624756
845,311,4.0,3.031223773956299
199,408,5.0,4.505697727203369
713,310,4.0,2.94267201423645
639,179,1.0,3.2498974800109863
57,56,3.0,4.408047199249268
201,737,2.0,2.6809678077697754
782,254,2.0,2.4556665420532227
452,971,4.0,3.588806629180908
402,10,2.0,4.480264186859131
274,276,4.0,4.432270526885986
890,1039,4.0,4.253543376922607
577,452,3.0,3.5163803100585938
116,1244,2.0,2.535701274871826
391,479,4.0,4.327147006988525
782,1243,3.0,3.1728932857513428
184,676,4.0,3.4041428565979004
276,474,5.0,4.8074445724487305
83,235,1.0,3.436026096343994
459,455,2.0,3.397700548171997
361,319,5.0,3.2248754501342773
82,1078,3.0,2.073836326599121
374,231,2.0,3.185778856277466
401,604,4.0,3.5338385105133057
707,900,4.0,3.783581256866455
457,168,5.0,4.87516975402832
71,429,4.0,4.126276969909668
904,709,3.0,4.177104473114014
454,1003,2.0,2.5966458320617676
796,230,5.0,3.6877150535583496
805,108,3.0,3.1397523880004883
635,262,5.0,3.8792171478271484
795,386,3.0,2.6535398960113525
653,135,5.0,3.2577059268951416
664,449,2.0,2.5428647994995117
815,559,3.0,3.289214611053467
625,588,4.0,3.5091309547424316
646,294,2.0,2.912609338760376
468,1168,2.0,3.365041494369507
541,826,3.0,2.5647454261779785
646,272,4.0,3.804365634918213
334,887,5.0,3.6776928901672363
587,691,4.0,3.23555064201355
639,580,2.0,2.5959317684173584
148,50,5.0,4.6398701667785645
694,489,4.0,4.372210502624512
878,22,2.0,3.9620742797851562
934,550,4.0,3.6215739250183105
268,1035,2.0,2.3947947025299072
261,1025,5.0,3.7891688346862793
189,209,1.0,4.387551784515381
642,220,4.0,3.768721580505371
202,258,4.0,2.896698474884033
758,414,4.0,4.055124282836914
807,63,5.0,3.8643627166748047
119,655,5.0,4.302501201629639
885,420,4.0,3.4289634227752686
328,405,4.0,3.2124104499816895
545,95,4.0,3.710714817047119
593,117,4.0,3.8669090270996094
618,496,4.0,3.897456645965576
435,1,5.0,3.9129228591918945
459,22,5.0,4.148480415344238
267,202,5.0,4.431118011474609
486,476,3.0,2.863369941711426
913,346,3.0,3.4160733222961426
64,381,4.0,3.7490222454071045
43,411,3.0,3.269883871078491
276,1131,3.0,4.758938312530518
618,697,3.0,3.078809976577759
356,286,3.0,3.816016912460327
416,1041,3.0,3.7476515769958496
49,542,2.0,1.67178213596344
514,87,5.0,4.196787357330322
280,550,2.0,3.7318291664123535
881,575,2.0,2.2193191051483154
210,435,4.0,4.513926029205322
622,403,4.0,3.509441614151001
642,1152,5.0,3.853701114654541
109,367,3.0,3.582542657852173
452,135,3.0,3.798309326171875
488,705,4.0,3.6012332439422607
497,382,4.0,3.4044556617736816
707,527,5.0,3.9424691200256348
59,132,5.0,4.51808500289917
233,261,5.0,3.255223035812378
861,14,4.0,4.222103595733643
633,252,3.0,3.253218650817871
797,298,3.0,3.304292678833008
758,554,3.0,3.3786582946777344
151,1113,4.0,3.7824907302856445
421,12,5.0,4.300539970397949
889,12,5.0,4.305759429931641
595,928,3.0,2.849574565887451
843,205,4.0,3.02176570892334
682,339,2.0,2.960163116455078
270,123,5.0,4.29565954208374
334,419,3.0,3.788667678833008
387,1538,3.0,3.5074336528778076
511,271,5.0,3.9606785774230957
405,586,4.0,1.3793667554855347
329,655,4.0,3.709805727005005
305,14,4.0,3.710050106048584
144,1286,4.0,3.3971798419952393
271,1117,3.0,2.872732639312744
131,286,5.0,4.033961296081543
484,449,4.0,3.41245174407959
64,218,1.0,3.502194881439209
537,633,3.0,3.2972335815429688
692,411,4.0,3.0964255332946777
280,161,4.0,3.83413028717041
69,42,5.0,4.248786449432373
395,210,5.0,4.2641987800598145
363,531,4.0,3.575061082839966
533,48,4.0,3.940160036087036
643,432,5.0,3.9166221618652344
42,265,3.0,4.073646545410156
62,96,4.0,4.036477565765381
215,239,3.0,3.651188373565674
724,338,3.0,1.7729828357696533
92,947,4.0,3.674196720123291
585,736,4.0,3.8992512226104736
393,456,3.0,3.1794590950012207
654,14,2.0,4.001685619354248
365,151,4.0,3.7867321968078613
239,47,2.0,3.9697790145874023
23,202,3.0,3.7524447441101074
84,1,2.0,4.346962928771973
145,134,4.0,4.439935207366943
928,134,5.0,4.875171184539795
370,923,4.0,4.230299949645996
234,505,4.0,3.507969379425049
301,871,4.0,2.994886636734009
239,605,4.0,3.8499646186828613
327,285,4.0,4.016927242279053
276,746,4.0,4.052439212799072
524,284,3.0,3.192021131515503
893,24,4.0,3.6525166034698486
592,273,5.0,3.8016602993011475
551,1267,4.0,3.554128885269165
405,233,1.0,1.6953914165496826
671,257,5.0,3.7749691009521484
606,713,4.0,4.110295295715332
18,111,3.0,3.5955610275268555
398,183,4.0,4.129116535186768
193,1258,3.0,2.3673784732818604
387,33,3.0,3.1668918132781982
67,1095,4.0,2.97633695602417
919,93,5.0,3.667780876159668
145,933,1.0,2.9860405921936035
85,476,3.0,2.885563850402832
867,276,1.0,4.1038923263549805
303,25,4.0,3.644069194793701
327,186,2.0,3.713278293609619
865,456,1.0,1.0717597007751465
457,401,3.0,3.1447207927703857
367,258,4.0,4.54804801940918
659,507,5.0,3.8845086097717285
514,344,3.0,4.083990097045898
503,463,1.0,4.180108070373535
833,806,4.0,3.0517163276672363
747,517,5.0,4.481322765350342
660,207,4.0,2.9778780937194824
320,188,4.0,4.024171829223633
492,291,4.0,2.7341272830963135
639,83,4.0,3.3441762924194336
109,317,2.0,3.905181646347046
587,875,1.0,2.6192705631256104
162,230,2.0,3.7750048637390137
409,538,3.0,3.2524890899658203
151,529,5.0,4.453711986541748
634,744,5.0,3.597781181335449
838,455,4.0,3.9252665042877197
663,330,4.0,3.2528374195098877
43,1,5.0,4.135183811187744
880,1014,4.0,3.4179811477661133
184,855,4.0,3.8927416801452637
648,181,5.0,3.8174374103546143
436,21,3.0,3.2213897705078125
805,216,2.0,3.795799970626831
96,187,5.0,4.459910869598389
865,222,2.0,2.7248752117156982
98,88,3.0,3.332711935043335
249,174,4.0,4.8491010665893555
815,871,1.0,2.247894525527954
676,288,1.0,3.485332727432251
381,525,5.0,4.5310139656066895
921,419,5.0,3.4556124210357666
576,471,4.0,3.6469669342041016
870,813,4.0,3.9169037342071533
799,307,3.0,3.833561420440674
299,175,5.0,3.7940149307250977
117,96,5.0,4.628323078155518
322,197,5.0,4.3737077713012695
831,749,2.0,3.021359443664551
222,1239,2.0,1.8523895740509033
656,312,1.0,2.3226609230041504
316,97,5.0,3.1331028938293457
894,107,3.0,3.757376194000244
77,246,5.0,3.7986674308776855
369,919,5.0,4.271675109863281
828,1462,3.0,3.6020524501800537
500,301,2.0,3.1918692588806152
806,522,3.0,3.9855563640594482
293,195,3.0,3.8921127319335938
429,134,5.0,4.26871395111084
653,7,2.0,3.036614418029785
65,178,5.0,4.535145282745361
895,748,3.0,3.2716116905212402
207,458,3.0,3.0704030990600586
354,733,3.0,3.6485841274261475
835,591,4.0,4.1845245361328125
907,1157,5.0,4.496914386749268
763,629,5.0,3.382643699645996
56,636,4.0,3.7113475799560547
18,60,4.0,4.297047138214111
830,661,4.0,4.495789051055908
690,4,3.0,3.169945240020752
659,448,4.0,3.517620801925659
669,902,2.0,3.583159923553467
370,22,4.0,4.163431644439697
189,405,2.0,3.530296802520752
527,87,3.0,3.9694597721099854
314,405,4.0,3.962921142578125
537,770,3.0,2.690289258956909
795,797,3.0,2.728052854537964
327,428,4.0,3.617530345916748
542,15,2.0,3.6617093086242676
234,950,2.0,2.7049014568328857
110,1250,3.0,1.9667905569076538
13,810,5.0,2.348670482635498
234,1400,3.0,2.7224695682525635
882,82,5.0,4.421292304992676
551,343,4.0,3.275902271270752
349,847,4.0,3.818399667739868
385,156,4.0,3.483757734298706
354,50,4.0,4.417878150939941
534,240,5.0,4.042163372039795
332,156,4.0,4.728848934173584
942,258,4.0,4.30471134185791
642,364,5.0,3.63623309135437
883,750,3.0,4.14446496963501
336,845,1.0,3.31640625
385,4,2.0,3.0564370155334473
402,510,5.0,4.468052387237549
322,489,3.0,4.350576400756836
616,316,4.0,4.203597068786621
195,753,3.0,3.9413156509399414
265,100,5.0,4.055063724517822
93,15,5.0,3.7462236881256104
378,277,4.0,3.5843515396118164
360,124,5.0,4.447595119476318
888,137,4.0,4.483274459838867
295,99,4.0,4.411913871765137
711,463,5.0,4.175748348236084
807,496,5.0,4.188841342926025
342,223,4.0,4.135265827178955
621,769,3.0,2.7018954753875732
504,122,1.0,3.1442720890045166
897,646,5.0,4.4134840965271
768,742,3.0,3.130420446395874
592,854,5.0,4.217766284942627
711,1119,4.0,3.846376657485962
87,1072,3.0,3.285003185272217
222,72,4.0,2.960423469543457
838,235,2.0,3.7439393997192383
250,969,5.0,4.102283954620361
625,393,4.0,3.123563289642334
920,328,2.0,3.167686939239502
334,462,4.0,3.8649868965148926
450,239,5.0,4.0056586265563965
524,895,4.0,3.2398133277893066
897,826,4.0,3.453110694885254
452,404,4.0,3.4805164337158203
807,239,4.0,3.910827875137329
588,31,3.0,3.8754029273986816
6,504,3.0,3.8123931884765625
576,100,4.0,4.051797389984131
479,471,4.0,3.438652992248535
788,1518,3.0,2.8683218955993652
569,19,5.0,4.238513469696045
890,205,5.0,4.422970294952393
472,682,4.0,4.095022678375244
109,1157,4.0,3.384073257446289
308,367,4.0,3.690103054046631
524,435,4.0,3.772360324859619
435,31,5.0,3.6089563369750977
851,544,4.0,3.650519847869873
207,8,3.0,3.518214225769043
346,571,3.0,2.401578903198242
833,346,5.0,3.289588451385498
207,1242,5.0,2.893346071243286
874,357,5.0,4.407369136810303
629,144,5.0,4.453648567199707
90,197,5.0,4.615981578826904
806,419,5.0,3.8546719551086426
248,64,5.0,4.241008758544922
458,143,4.0,3.6251790523529053
409,289,1.0,2.2452597618103027
301,550,3.0,3.6579627990722656
778,42,5.0,3.2467050552368164
537,676,4.0,2.4607770442962646
727,783,3.0,2.5518922805786133
82,174,5.0,4.162171363830566
200,660,3.0,4.313945293426514
766,22,3.0,3.92192006111145
141,244,5.0,3.4150917530059814
567,847,4.0,3.9273228645324707
499,511,5.0,4.2517852783203125
854,979,4.0,2.9099996089935303
199,117,3.0,2.987954616546631
865,472,1.0,1.7354271411895752
271,511,5.0,4.332282066345215
256,117,5.0,4.5675272941589355
495,444,3.0,3.638664722442627
447,5,3.0,3.2511696815490723
916,118,2.0,2.611448287963867
916,58,5.0,3.5785837173461914
398,735,4.0,3.7255804538726807
357,118,5.0,4.224512577056885
822,408,5.0,4.098911762237549
249,237,5.0,4.260273456573486
845,286,5.0,2.9859204292297363
747,183,5.0,4.6940765380859375
896,203,5.0,3.4952352046966553
12,28,5.0,4.386363506317139
291,928,2.0,3.5477404594421387
380,428,3.0,3.303684949874878
618,651,5.0,3.9526846408843994
806,421,4.0,3.5382165908813477
843,191,3.0,3.1980435848236084
104,181,5.0,3.3873775005340576
57,318,5.0,4.734364032745361
409,321,2.0,2.780545234680176
648,2,4.0,3.264822483062744
233,193,4.0,4.433627128601074
223,216,5.0,3.9643466472625732
42,781,4.0,3.6175765991210938
450,597,4.0,3.7242660522460938
497,172,5.0,3.9795966148376465
698,25,2.0,2.520517587661743
95,22,4.0,4.325704574584961
544,302,5.0,4.0084452629089355
795,226,3.0,2.90948486328125
568,59,1.0,3.48285174369812
220,995,3.0,3.6290528774261475
181,874,1.0,1.407105565071106
636,15,5.0,4.459165573120117
868,1031,1.0,2.095226287841797
542,433,3.0,3.630192518234253
162,181,4.0,4.078689098358154
779,71,4.0,4.118655681610107
892,125,4.0,4.023659706115723
453,56,5.0,4.192598819732666
399,426,3.0,2.87178897857666
435,825,3.0,2.6267881393432617
244,1017,4.0,3.629232168197632
50,475,5.0,4.050716400146484
124,172,3.0,3.7585103511810303
928,878,5.0,4.017054080963135
481,153,5.0,4.002894401550293
342,433,5.0,3.700064182281494
898,242,4.0,4.152781963348389
48,71,3.0,3.8619277477264404
497,545,3.0,1.9965425729751587
303,801,1.0,2.4869589805603027
249,1039,5.0,4.59904670715332
906,740,4.0,3.6663191318511963
648,50,5.0,4.248693943023682
569,291,4.0,3.273798942565918
659,496,5.0,4.191055774688721
58,652,5.0,4.071924209594727
307,509,3.0,4.1583147048950195
243,713,3.0,3.727872371673584
201,37,2.0,2.324265718460083
1,134,4.0,4.735533237457275
622,542,2.0,2.3169853687286377
416,468,5.0,3.943402051925659
117,1095,3.0,2.4498848915100098
551,1253,2.0,2.577880859375
606,209,4.0,4.401836395263672
126,310,2.0,3.701171875
499,527,5.0,4.151621341705322
790,83,3.0,3.9728269577026367
354,724,2.0,3.5530033111572266
562,56,1.0,4.032463550567627
207,18,2.0,2.936262607574463
839,100,3.0,3.9144721031188965
911,134,4.0,4.306581497192383
8,510,4.0,4.4956536293029785
416,1053,4.0,3.8919620513916016
235,69,4.0,3.9844212532043457
763,11,4.0,4.060156345367432
184,86,5.0,4.001699924468994
434,147,3.0,4.132859230041504
305,474,5.0,4.047698020935059
92,758,1.0,1.6180472373962402
301,693,5.0,3.688947916030884
804,402,3.0,3.787648916244507
395,172,5.0,4.536971569061279
679,100,3.0,4.069877624511719
313,161,4.0,3.454270124435425
802,670,4.0,3.602374792098999
243,813,4.0,4.012226104736328
374,467,4.0,3.8010830879211426
85,502,4.0,3.6604440212249756
605,357,5.0,4.587620735168457
568,462,4.0,3.2422385215759277
702,289,2.0,2.261702299118042
919,937,4.0,3.525777578353882
363,1157,2.0,2.305248498916626
881,420,3.0,3.615077257156372
758,471,3.0,3.9952728748321533
737,89,4.0,4.183984279632568
927,738,3.0,3.6655492782592773
536,405,2.0,3.8836822509765625
617,242,3.0,3.1450624465942383
748,528,3.0,4.100292682647705
321,704,3.0,2.9143261909484863
195,921,3.0,4.010018825531006
207,367,3.0,3.159442901611328
682,304,1.0,3.377002716064453
524,1204,3.0,3.552384376525879
851,405,5.0,3.6995253562927246
488,732,4.0,3.3189826011657715
378,703,4.0,3.572596549987793
758,447,4.0,3.969204902648926
868,447,2.0,3.178558588027954
296,61,3.0,4.65134334564209
144,1016,3.0,3.587634801864624
825,685,4.0,3.7977664470672607
405,519,2.0,2.4762468338012695
384,989,4.0,3.904510021209717
787,300,4.0,3.484158992767334
720,304,4.0,3.819338798522949
232,474,5.0,4.373233318328857
886,96,3.0,4.07304048538208
447,252,3.0,2.8733725547790527
56,196,2.0,4.145522117614746
234,193,4.0,3.445223808288574
286,640,5.0,3.5396597385406494
128,506,4.0,4.013043403625488
378,1,4.0,3.9176509380340576
181,1356,1.0,1.42173433303833
682,423,5.0,3.6921582221984863
327,190,4.0,3.9940083026885986
24,367,2.0,4.201951026916504
581,1097,4.0,3.792775869369507
818,887,4.0,3.580702781677246
773,780,4.0,2.5267257690429688
394,89,5.0,4.729761123657227
320,300,4.0,4.149238586425781
773,258,5.0,3.527453660964966
222,1087,1.0,1.4204238653182983
271,241,3.0,3.639338970184326
924,429,4.0,3.959526777267456
258,300,5.0,3.9815189838409424
295,210,4.0,4.700206279754639
274,1060,4.0,3.3755950927734375
788,748,3.0,3.1097326278686523
633,183,4.0,3.80987286567688
660,235,3.0,2.192108631134033
624,302,4.0,4.493639945983887
405,530,1.0,2.53664493560791
275,50,4.0,3.908017158508301
83,254,2.0,2.6269521713256836
868,1,4.0,3.4694337844848633
625,202,3.0,3.3784565925598145
716,468,3.0,3.3258261680603027
717,322,5.0,3.353698253631592
459,79,3.0,3.950640916824341
496,1074,2.0,2.2442545890808105
207,302,4.0,3.7217962741851807
144,20,4.0,3.444514513015747
43,486,4.0,4.116966247558594
241,307,4.0,3.5338692665100098
483,318,3.0,3.972874402999878
922,739,3.0,3.3662469387054443
599,245,3.0,4.032146453857422
144,823,3.0,3.0604703426361084
553,481,3.0,4.154973030090332
551,268,4.0,4.3492326736450195
339,218,3.0,3.834195137023926
842,340,5.0,3.941474199295044
95,573,1.0,3.083770751953125
617,136,3.0,3.3136842250823975
916,475,4.0,3.850724458694458
788,755,3.0,3.2169694900512695
731,494,3.0,3.670535087585449
401,520,3.0,3.62577486038208
177,358,2.0,2.4199001789093018
501,1081,3.0,3.9000508785247803
83,35,1.0,2.7337253093719482
770,288,4.0,4.55608606338501
790,186,3.0,3.872678279876709
181,1165,1.0,1.1585674285888672
62,436,3.0,3.515092372894287
757,248,4.0,3.668081283569336
709,860,3.0,2.693563222885132
843,265,3.0,2.8815245628356934
438,866,5.0,4.00785493850708
456,179,5.0,3.8750686645507812
248,257,3.0,3.5227725505828857
429,207,4.0,3.8060379028320312
194,227,1.0,2.6012825965881348
468,91,5.0,3.9156746864318848
843,162,2.0,2.700571060180664
214,195,4.0,4.099799633026123
253,328,4.0,3.7213287353515625
851,353,3.0,2.2797884941101074
268,546,4.0,2.272350311279297
500,479,5.0,4.134635925292969
373,82,1.0,3.8884878158569336
727,184,3.0,3.2878873348236084
106,12,4.0,4.4608473777771
484,143,4.0,4.177751541137695
655,607,4.0,3.192970037460327
645,239,3.0,3.598480463027954
524,23,5.0,4.087791919708252
591,202,3.0,3.7673513889312744
553,603,5.0,4.618680477142334
303,1286,4.0,3.4394359588623047
43,289,4.0,3.4727590084075928
1,210,4.0,4.274266242980957
412,208,4.0,3.967184543609619
564,245,4.0,3.300487756729126
881,204,4.0,3.8375983238220215
578,325,1.0,2.628365993499756
205,333,4.0,3.09481143951416
205,304,3.0,3.130486249923706
854,1134,3.0,3.005929946899414
133,245,3.0,2.5265212059020996
456,710,3.0,3.5970678329467773
764,321,1.0,3.568608283996582
817,405,3.0,3.4741110801696777
31,498,4.0,4.450880527496338
655,867,4.0,3.0021471977233887
130,1039,4.0,4.592487335205078
401,143,4.0,3.081490993499756
314,423,4.0,4.179439067840576
795,402,2.0,3.060628890991211
484,692,5.0,4.2059502601623535
130,95,5.0,4.509461879730225
434,1,4.0,4.163153648376465
144,747,5.0,3.4195144176483154
259,772,4.0,3.6785526275634766
311,781,2.0,3.5964231491088867
613,1157,2.0,3.1965043544769287
351,678,4.0,3.7805747985839844
188,742,5.0,3.8303020000457764
408,300,3.0,4.010183334350586
618,1212,2.0,2.3765876293182373
602,257,4.0,4.197636127471924
81,282,5.0,3.5624449253082275
233,191,4.0,4.793031692504883
211,890,2.0,2.6893467903137207
859,1315,4.0,4.045708656311035
385,221,5.0,3.4032816886901855
862,416,3.0,4.32344388961792
776,496,3.0,4.063104152679443
90,136,5.0,4.796154499053955
713,347,4.0,2.829253673553467
377,272,5.0,4.710982799530029
615,319,4.0,3.2607812881469727
12,174,5.0,4.650458335876465
327,72,2.0,2.6971864700317383
942,607,5.0,4.451047897338867
455,504,4.0,3.948019504547119
52,333,4.0,4.280210494995117
447,209,4.0,4.233022212982178
454,651,4.0,3.3289072513580322
276,751,4.0,3.8871355056762695
777,273,4.0,3.797377824783325
145,219,5.0,3.5785117149353027
655,574,2.0,2.3221242427825928
805,559,3.0,3.27079176902771
515,344,2.0,3.4497106075286865
283,194,4.0,4.549376010894775
236,443,4.0,3.6613235473632812
385,58,4.0,3.2026450634002686
110,38,3.0,3.1373753547668457
766,265,3.0,3.561587333679199
200,43,3.0,3.9287269115448
339,515,5.0,4.764725208282471
557,198,5.0,4.272274017333984
221,32,4.0,3.8262593746185303
566,134,5.0,4.124659538269043
234,238,3.0,3.377286434173584
417,708,2.0,3.4617257118225098
201,436,3.0,3.189373016357422
383,19,4.0,4.346527576446533
396,117,4.0,3.9788732528686523
198,98,4.0,4.178471088409424
10,703,5.0,4.090809345245361
551,720,2.0,3.0087132453918457
892,216,5.0,4.478495121002197
795,367,3.0,3.1781556606292725
405,1207,1.0,1.3168470859527588
487,56,4.0,4.4959564208984375
790,449,2.0,2.7337169647216797
796,403,4.0,3.5277421474456787
503,286,3.0,4.165030479431152
417,78,2.0,2.829702854156494
478,42,5.0,3.803356170654297
386,50,4.0,4.551799297332764
844,1039,4.0,3.881354331970215
157,410,4.0,3.7209417819976807
709,540,3.0,2.848264455795288
536,582,2.0,3.962944984436035
327,411,3.0,2.2024614810943604
363,652,4.0,3.657771587371826
621,890,1.0,2.460261344909668
294,678,2.0,2.7376434803009033
782,1608,3.0,2.396507501602173
124,166,5.0,3.5804762840270996
468,662,4.0,3.590998411178589
938,105,1.0,2.6569390296936035
267,403,4.0,4.063977241516113
495,674,3.0,3.8607332706451416
334,183,4.0,4.088766098022461
852,930,3.0,3.2074365615844727
916,523,3.0,4.050608158111572
840,1018,3.0,3.8574328422546387
226,25,4.0,3.4991040229797363
883,1404,3.0,3.9486262798309326
154,475,4.0,4.197308540344238
417,461,3.0,3.587698459625244
151,318,5.0,4.891509532928467
284,332,3.0,3.420578956604004
219,4,4.0,3.7948949337005615
595,109,2.0,3.644258499145508
932,230,4.0,3.578125238418579
934,1065,2.0,3.6961703300476074
151,663,4.0,4.367064476013184
38,95,5.0,4.210127830505371
319,259,2.0,3.0440285205841064
568,638,3.0,3.3072221279144287
262,736,3.0,3.6219985485076904
299,433,5.0,3.6172642707824707
916,234,4.0,3.7025537490844727
805,346,4.0,3.5445075035095215
506,715,2.0,3.7006187438964844
301,772,3.0,3.531308650970459
503,205,4.0,4.51528787612915
308,109,3.0,3.5524017810821533
771,173,4.0,4.062173366546631
210,692,4.0,4.197214126586914
896,274,2.0,2.920083522796631
907,813,5.0,4.8547492027282715
921,422,3.0,2.90251088142395
486,332,3.0,3.18695068359375
853,877,2.0,2.971606969833374
646,682,3.0,2.811216354370117
458,330,3.0,3.006598949432373
487,419,3.0,4.175931453704834
385,794,2.0,3.182687997817993
474,259,1.0,2.6553122997283936
373,132,3.0,4.174060821533203
5,369,1.0,2.151560068130493
283,95,5.0,4.387333393096924
907,277,5.0,4.627486705780029
567,1012,3.0,3.7761688232421875
406,393,4.0,3.255500555038452
668,355,2.0,3.1552305221557617
837,284,1.0,3.2474586963653564
457,931,2.0,2.2533514499664307
551,144,5.0,4.4204020500183105
526,750,4.0,3.9520089626312256
181,334,1.0,1.3868725299835205
449,212,5.0,3.648024320602417
186,303,3.0,3.551135778427124
87,323,3.0,3.676812171936035
164,472,5.0,4.079867362976074
268,233,3.0,2.8229072093963623
601,154,5.0,3.51037859916687
60,842,4.0,3.7598443031311035
738,470,4.0,3.544355630874634
352,96,4.0,4.064358711242676
148,8,4.0,4.215005874633789
273,304,3.0,3.7809066772460938
18,64,5.0,4.66624116897583
879,304,4.0,3.6513233184814453
468,89,4.0,4.646005153656006
22,546,3.0,2.6391751766204834
276,108,3.0,3.5070841312408447
401,97,4.0,3.1795132160186768
378,1063,4.0,3.6802597045898438
117,307,5.0,4.115696907043457
110,326,4.0,3.315077304840088
297,301,4.0,3.1142725944519043
234,176,3.0,3.4908485412597656
650,630,5.0,2.7324419021606445
227,137,5.0,4.0746355056762695
763,464,3.0,3.8472518920898438
214,482,4.0,4.197322368621826
552,284,3.0,3.023892879486084
293,135,5.0,3.9245452880859375
808,300,4.0,4.415440559387207
294,405,4.0,3.630983829498291
504,678,4.0,3.311837911605835
201,685,3.0,2.726511240005493
83,118,3.0,3.5079994201660156
655,1082,3.0,2.6367392539978027
125,914,1.0,2.566725730895996
262,955,2.0,3.2685623168945312
653,187,4.0,3.4284849166870117
870,641,4.0,4.166615009307861
833,443,3.0,3.541656970977783
308,665,4.0,3.4259848594665527
276,159,3.0,3.1620543003082275
864,531,5.0,4.271144866943359
603,748,5.0,3.6580748558044434
756,230,3.0,3.206143856048584
7,677,3.0,3.195769786834717
292,659,5.0,4.698681831359863
906,276,5.0,3.778777837753296
13,448,1.0,3.273303508758545
230,951,5.0,3.3545308113098145
747,94,4.0,3.179788589477539
363,100,5.0,3.8648276329040527
311,79,4.0,4.157139301300049
690,218,5.0,3.181678056716919
621,1228,3.0,2.734178066253662
288,900,5.0,4.1149163246154785
747,508,5.0,4.291919231414795
429,63,2.0,2.683696746826172
241,887,4.0,3.7244760990142822
410,316,4.0,3.657062530517578
159,72,3.0,3.6459691524505615
332,472,3.0,4.032031536102295
761,245,5.0,2.791233777999878
458,527,2.0,4.221105098724365
841,322,4.0,3.5097475051879883
892,1454,3.0,4.008129119873047
405,1570,1.0,1.4835474491119385
262,755,3.0,3.0680713653564453
653,967,2.0,2.487041711807251
575,181,2.0,3.25227689743042
380,750,4.0,3.3897063732147217
101,756,3.0,2.402170181274414
465,286,4.0,3.2524707317352295
603,747,3.0,3.707127571105957
840,216,4.0,4.197286128997803
160,32,5.0,4.232312202453613
301,514,3.0,3.9391942024230957
551,780,5.0,3.297273635864258
847,98,4.0,3.9101977348327637
870,949,3.0,3.2988221645355225
294,334,4.0,3.7106165885925293
805,476,1.0,3.0831918716430664
655,210,3.0,3.199244499206543
551,226,5.0,3.5755455493927
466,27,3.0,2.780484199523926
130,125,5.0,4.5356550216674805
738,603,5.0,4.3047194480896
752,332,4.0,3.330230712890625
60,82,3.0,4.167696475982666
336,367,3.0,3.5137670040130615
735,813,4.0,3.768756866455078
280,975,4.0,3.536304473876953
738,230,4.0,3.3748836517333984
85,250,3.0,3.267867088317871
337,471,5.0,3.90726375579834
555,762,4.0,3.797152042388916
570,327,4.0,2.7447469234466553
685,269,3.0,2.6452677249908447
447,290,4.0,3.3803319931030273
23,219,1.0,3.333796739578247
334,93,4.0,3.703770399093628
155,331,3.0,2.8733572959899902
493,357,5.0,4.514248371124268
820,315,3.0,4.058268070220947
698,478,4.0,3.25828218460083
618,507,4.0,3.5909085273742676
435,185,4.0,4.131398677825928
821,435,4.0,4.594292640686035
634,933,3.0,3.1310689449310303
49,657,5.0,3.8785886764526367
476,173,5.0,4.325395584106445
86,328,2.0,3.6611275672912598
429,587,3.0,3.617539405822754
452,153,4.0,3.6282193660736084
712,501,3.0,3.8507862091064453
290,323,3.0,3.1828813552856445
378,1181,2.0,2.699327230453491
693,176,2.0,3.3924965858459473
17,151,4.0,3.2570154666900635
354,953,3.0,3.545332908630371
10,340,4.0,4.058233261108398
181,13,2.0,1.4059877395629883
177,7,4.0,3.794330596923828
293,11,3.0,3.7065818309783936
5,385,4.0,3.252999782562256
712,1040,4.0,3.6970956325531006
326,554,3.0,2.4780232906341553
474,1063,5.0,4.065832138061523
14,302,5.0,4.500724792480469
198,200,4.0,3.553239107131958
787,906,1.0,3.5343499183654785
49,625,3.0,2.806058883666992
766,209,3.0,3.658203125
642,622,4.0,3.651233196258545
152,354,3.0,4.6125030517578125
880,70,4.0,3.973578453063965
487,689,1.0,3.0894837379455566
787,258,5.0,3.705836772918701
144,58,3.0,3.662684917449951
530,319,3.0,3.447964668273926
696,285,4.0,4.853695392608643
523,533,4.0,4.549497127532959
301,203,4.0,3.829392910003662
890,167,2.0,2.7521228790283203
808,262,5.0,4.358959674835205
943,226,4.0,3.4715940952301025
44,274,4.0,3.518765926361084
193,690,4.0,3.3744444847106934
516,474,5.0,4.575565338134766
332,928,5.0,4.129323482513428
286,747,4.0,3.8348464965820312
249,69,5.0,4.463278293609619
13,430,5.0,3.9771995544433594
654,3,3.0,3.3217639923095703
293,65,3.0,3.3080856800079346
892,88,4.0,4.038666248321533
486,280,2.0,2.97238826751709
890,496,5.0,4.485063552856445
109,322,2.0,3.4326283931732178
780,705,5.0,3.9215197563171387
846,768,4.0,2.829385757446289
145,894,1.0,2.033653497695923
437,393,3.0,3.2903361320495605
267,550,4.0,3.875181198120117
880,310,3.0,3.9409775733947754
405,1487,1.0,1.303025484085083
280,409,3.0,3.615429401397705
641,528,4.0,4.533040523529053
281,288,4.0,3.7522857189178467
207,38,3.0,3.0802724361419678
899,69,3.0,3.8492274284362793
123,480,3.0,4.524719715118408
208,88,5.0,3.734621047973633
650,230,4.0,2.9577698707580566
910,50,5.0,4.079559326171875
162,174,4.0,4.339437961578369
323,886,3.0,2.930724620819092
298,474,4.0,4.48007345199585
882,79,5.0,4.762288570404053
128,54,2.0,3.347243070602417
1,264,2.0,2.534594774246216
840,707,5.0,4.230044841766357
566,202,4.0,3.5768909454345703
500,210,3.0,3.8483753204345703
125,163,5.0,3.7849438190460205
653,719,3.0,1.931046724319458
141,591,4.0,3.6211745738983154
406,39,4.0,3.132063865661621
862,484,4.0,4.647744178771973
96,173,3.0,4.44166374206543
361,435,5.0,3.9801268577575684
330,121,4.0,4.766482830047607
303,318,5.0,5.0441575050354
8,336,3.0,2.69903564453125
334,130,4.0,2.387319803237915
627,576,3.0,2.775562286376953
24,69,5.0,4.357996463775635
120,9,4.0,4.019658088684082
887,932,2.0,3.8230018615722656
334,38,2.0,2.770949363708496
908,631,4.0,3.275409460067749
846,202,5.0,4.0263824462890625
501,922,4.0,4.1111979484558105
115,922,3.0,4.217928409576416
94,51,3.0,3.976954221725464
7,607,3.0,4.373398303985596
548,275,3.0,4.072338581085205
429,651,4.0,4.217390537261963
303,53,3.0,2.6851541996002197
746,168,3.0,4.2341694831848145
62,1134,2.0,3.1771926879882812
26,864,2.0,2.846301555633545
498,657,3.0,3.9538214206695557
83,932,4.0,2.9761557579040527
255,665,3.0,2.256456136703491
864,665,3.0,3.3068268299102783
87,519,4.0,4.422811508178711
249,302,4.0,4.7983269691467285
486,255,3.0,3.136660099029541
586,735,3.0,3.502397060394287
922,69,3.0,3.7241525650024414
478,604,3.0,4.0335516929626465
216,368,2.0,1.3083350658416748
288,211,5.0,4.091912269592285
782,1615,3.0,2.7387900352478027
329,258,3.0,3.5978283882141113
94,381,4.0,4.20133113861084
627,176,5.0,3.6798434257507324
535,1039,4.0,4.101685047149658
342,26,2.0,3.3464975357055664
91,735,4.0,3.878786563873291
727,358,2.0,2.4036338329315186
316,1039,5.0,3.451916217803955
862,173,5.0,4.618325233459473
445,504,3.0,2.5380454063415527
277,24,4.0,3.4574379920959473
197,288,3.0,3.3248276710510254
757,323,3.0,2.719114303588867
450,488,4.0,4.645249366760254
796,357,4.0,4.313572406768799
303,746,4.0,4.00749397277832
450,35,2.0,2.980836868286133
436,435,4.0,4.200141429901123
727,109,2.0,3.3294057846069336
332,257,4.0,4.6186909675598145
551,470,5.0,4.115696907043457
200,1073,3.0,4.427506923675537
97,526,3.0,4.216815948486328
231,252,4.0,3.7568697929382324
479,629,3.0,3.145969867706299
205,875,2.0,2.53952693939209
405,579,1.0,1.3689411878585815
788,284,3.0,3.111835479736328
245,717,4.0,2.8631680011749268
85,222,2.0,3.444549560546875
609,294,2.0,2.3909246921539307
694,188,5.0,4.016394138336182
1,227,4.0,3.121392250061035
144,105,2.0,2.4789202213287354
144,32,4.0,3.8639490604400635
901,1047,3.0,3.5302445888519287
13,514,5.0,3.9006729125976562
883,30,4.0,4.1633172035217285
847,66,3.0,2.883967399597168
613,303,4.0,4.210576057434082
271,471,3.0,3.4059314727783203
543,936,4.0,3.780688524246216
938,225,4.0,3.2285006046295166
394,77,3.0,3.9986767768859863
823,164,3.0,4.1310133934021
671,250,5.0,3.4448461532592773
757,751,3.0,3.504460334777832
426,504,4.0,3.9747371673583984
210,134,5.0,4.839794158935547
700,48,4.0,3.9103846549987793
472,313,5.0,4.808345317840576
758,887,5.0,4.04752254486084
716,418,4.0,3.703192710876465
64,568,4.0,3.5620851516723633
919,253,3.0,3.5273818969726562
327,250,2.0,3.055668354034424
201,61,2.0,3.4957730770111084
861,301,4.0,3.70131778717041
922,250,2.0,3.259765386581421
286,792,3.0,3.92307186126709
574,333,3.0,3.479763984680176
18,59,4.0,4.21380615234375
682,201,4.0,3.3884530067443848
668,311,4.0,3.8588976860046387
630,409,3.0,3.3545751571655273
374,1277,3.0,3.504730463027954
932,527,4.0,4.547244548797607
588,638,4.0,4.056085586547852
766,577,3.0,2.244392156600952
805,322,2.0,3.1363914012908936
798,196,3.0,3.5126705169677734
121,631,4.0,3.6834380626678467
130,949,3.0,4.1596879959106445
177,260,2.0,2.4863667488098145
130,1013,4.0,3.1889255046844482
541,1315,1.0,3.8122339248657227
145,123,4.0,3.374946117401123
420,14,5.0,4.149758815765381
624,298,4.0,4.0504326820373535
798,734,3.0,3.1033661365509033
640,12,5.0,5.076725959777832
95,186,5.0,4.0112996101379395
750,881,2.0,2.345970869064331
532,506,5.0,4.741006374359131
214,509,4.0,4.04000186920166
727,235,3.0,2.82865047454834
184,582,4.0,3.695725440979004
417,260,3.0,3.0034570693969727
308,402,4.0,3.7630364894866943
545,1228,3.0,2.7747225761413574
193,1406,4.0,3.4423699378967285
749,434,4.0,4.207154750823975
630,295,4.0,3.427546501159668
676,845,5.0,3.385716199874878
474,650,4.0,3.9359211921691895
552,258,4.0,3.4337878227233887
453,476,3.0,2.792599678039551
897,609,5.0,3.9410576820373535
226,182,1.0,4.094944477081299
18,402,3.0,3.518381118774414
306,1251,5.0,4.032561779022217
499,525,4.0,4.187130928039551
272,474,5.0,4.817355632781982
555,118,4.0,4.025283336639404
750,323,3.0,2.4529402256011963
145,343,5.0,3.339298725128174
360,170,5.0,4.42717170715332
528,505,4.0,4.050445556640625
580,123,4.0,3.4326529502868652
334,47,4.0,3.584277868270874
348,1028,4.0,4.121287822723389
896,258,5.0,3.4683680534362793
200,172,5.0,4.653192043304443
151,660,4.0,4.188395977020264
246,721,4.0,3.306877613067627
582,181,4.0,4.156233310699463
279,167,3.0,3.357815742492676
421,89,5.0,4.0407395362854
815,99,4.0,3.974649429321289
582,50,5.0,4.600788593292236
551,415,4.0,2.6647746562957764
231,15,4.0,4.018509387969971
345,285,5.0,4.653571128845215
867,180,5.0,4.5439629554748535
677,742,4.0,3.9119372367858887
94,176,4.0,4.550137996673584
879,117,4.0,3.7344493865966797
62,83,5.0,4.056507110595703
218,164,3.0,3.3986613750457764
95,15,4.0,3.7788286209106445
896,658,4.0,2.9450340270996094
429,729,2.0,3.3516170978546143
174,98,5.0,5.068043231964111
294,257,3.0,4.129437446594238
61,304,4.0,3.283416271209717
264,202,5.0,4.34153938293457
119,995,4.0,3.91961932182312
538,210,3.0,3.7775280475616455
11,58,3.0,3.694652557373047
234,433,2.0,3.1865429878234863
332,31,4.0,4.605204105377197
109,223,4.0,4.077139854431152
338,462,4.0,3.853151798248291
489,359,5.0,4.023918628692627
399,769,3.0,2.776599168777466
426,661,4.0,4.215261936187744
16,100,5.0,4.83637809753418
406,22,3.0,4.134766578674316
305,792,4.0,3.4380156993865967
752,751,4.0,3.217825412750244
425,398,1.0,2.4037976264953613
505,172,3.0,3.934770345687866
85,596,3.0,3.158050775527954
815,176,4.0,4.240017890930176
933,157,4.0,3.155648708343506
393,1215,3.0,2.806155204772949
568,423,4.0,3.1385679244995117
102,288,2.0,2.5939249992370605
854,235,2.0,2.3773696422576904
934,961,4.0,3.8083534240722656
216,1101,4.0,4.230928421020508
7,609,3.0,4.004514694213867
775,333,4.0,3.6174392700195312
542,401,3.0,3.000633716583252
493,191,4.0,4.4843268394470215
546,569,4.0,3.8832223415374756
920,333,4.0,3.241375207901001
344,97,3.0,3.909156560897827
222,28,5.0,3.897207260131836
766,193,3.0,3.572059392929077
406,32,5.0,3.735952854156494
16,479,5.0,4.978329181671143
177,223,4.0,4.137465476989746
118,132,4.0,5.022839546203613
537,1070,3.0,3.047908306121826
406,240,4.0,2.7948391437530518
629,15,5.0,4.283997058868408
262,185,3.0,3.808671474456787
262,762,2.0,3.1365509033203125
327,180,4.0,3.8274221420288086
798,1544,3.0,3.228384017944336
542,87,3.0,3.8951022624969482
7,600,4.0,2.635511875152588
798,29,4.0,3.3420238494873047
323,289,2.0,2.5439646244049072
283,70,4.0,4.2147321701049805
110,63,3.0,3.1393988132476807
930,8,3.0,3.3460044860839844
246,919,4.0,3.694533348083496
938,1016,3.0,3.6784231662750244
472,831,5.0,3.705392837524414
517,748,4.0,3.2741565704345703
127,450,5.0,3.7947568893432617
160,969,1.0,4.069305419921875
343,1211,4.0,4.025001049041748
757,69,3.0,3.868393898010254
328,31,4.0,3.519571304321289
326,226,5.0,2.7503273487091064
527,86,4.0,3.9496536254882812
427,938,5.0,4.604559421539307
208,435,5.0,3.872565269470215
727,159,2.0,3.067972421646118
916,708,4.0,3.316396474838257
60,50,5.0,4.753857135772705
694,197,5.0,4.395341396331787
382,546,2.0,3.058407783508301
600,566,3.0,3.846534013748169
83,38,5.0,3.370044708251953
639,285,1.0,3.5618598461151123
897,478,3.0,4.384571075439453
773,386,3.0,2.245223045349121
296,521,4.0,4.597196102142334
503,237,4.0,3.9723329544067383
170,294,3.0,4.170945644378662
181,288,4.0,1.420811653137207
454,81,1.0,2.8847527503967285
545,550,3.0,3.500805139541626
535,156,2.0,4.037962436676025
13,485,1.0,3.877150297164917
654,282,3.0,3.764892578125
29,326,2.0,3.4911813735961914
579,748,3.0,2.6387901306152344
405,401,1.0,1.5314059257507324
184,250,4.0,3.4448018074035645
223,225,3.0,2.7606289386749268
26,456,1.0,1.7270517349243164
523,163,5.0,4.653637409210205
267,545,2.0,1.9024125337600708
682,24,4.0,3.335479736328125
811,258,5.0,4.225861072540283
524,117,3.0,3.645873546600342
454,199,3.0,3.377203941345215
727,71,3.0,3.5629940032958984
62,118,2.0,2.2663025856018066
699,225,3.0,3.0923540592193604
59,199,4.0,4.704945087432861
117,288,3.0,3.9807779788970947
417,156,3.0,3.84475040435791
846,134,4.0,4.573347568511963
385,340,4.0,3.0924322605133057
144,815,1.0,3.203779935836792
313,683,3.0,2.4367518424987793
342,95,4.0,3.7350480556488037
405,435,1.0,2.2371814250946045
291,756,3.0,3.023801565170288
637,833,1.0,2.2633464336395264
484,597,3.0,3.526825428009033
63,328,2.0,3.0295205116271973
254,176,3.0,3.6708250045776367
840,50,4.0,4.681870460510254
389,501,5.0,3.785285711288452
661,204,5.0,4.076970100402832
504,5,4.0,3.7593095302581787
363,429,5.0,3.740525484085083
85,71,4.0,3.5491175651550293
338,792,4.0,3.705955743789673
628,984,5.0,4.262501239776611
774,68,3.0,1.9490869045257568
699,308,4.0,3.16268253326416
246,1222,3.0,2.163748264312744
276,1031,2.0,2.6198649406433105
116,603,3.0,3.871363639831543
401,519,4.0,3.519826650619507
715,179,4.0,4.067053318023682
676,546,3.0,2.512150287628174
424,989,2.0,3.04032564163208
276,854,4.0,4.084380626678467
637,257,2.0,2.9582080841064453
59,727,2.0,3.7637076377868652
279,1498,4.0,3.3162498474121094
435,424,1.0,1.2577654123306274
492,153,4.0,3.3945271968841553
280,750,5.0,3.9249446392059326
254,50,5.0,4.113087177276611
847,645,3.0,3.5090510845184326
222,56,5.0,4.152314186096191
493,317,3.0,4.170307636260986
690,284,4.0,2.946650981903076
885,588,4.0,3.6446261405944824
189,268,4.0,4.164031982421875
23,479,5.0,4.290169715881348
67,472,4.0,3.815770149230957
22,878,1.0,1.8623195886611938
484,150,4.0,4.376733779907227
334,58,4.0,3.677297592163086
918,1195,4.0,3.146206855773926
145,635,4.0,3.0721254348754883
215,380,3.0,3.5718932151794434
570,358,2.0,1.4190165996551514
56,1057,3.0,2.7031471729278564
933,25,2.0,2.841916561126709
272,514,5.0,4.457241058349609
606,151,5.0,4.024812698364258
276,1044,3.0,3.226839065551758
566,64,5.0,4.391562461853027
501,741,5.0,3.9578921794891357
453,385,3.0,3.4860024452209473
830,925,4.0,2.7266204357147217
217,27,1.0,2.9189741611480713
299,144,4.0,3.767179250717163
308,1286,3.0,3.58113169670105
448,338,1.0,2.5020766258239746
541,596,4.0,3.700861930847168
192,515,4.0,4.474164009094238
583,519,5.0,4.605409145355225
290,139,2.0,2.9820213317871094
256,778,4.0,4.27809476852417
178,124,4.0,4.353686332702637
316,22,4.0,3.729301691055298
833,428,2.0,3.4934918880462646
660,159,1.0,2.275050401687622
938,328,2.0,3.5883922576904297
919,332,4.0,3.5316829681396484
682,710,3.0,3.534557580947876
670,945,4.0,3.957085609436035
335,323,4.0,3.0564370155334473
94,738,2.0,2.8510560989379883
211,205,5.0,3.3994252681732178
186,177,4.0,3.7042829990386963
206,1394,1.0,2.0379014015197754
193,276,4.0,3.5753536224365234
805,742,3.0,3.480161666870117
96,445,4.0,4.247213363647461
158,583,3.0,3.415148973464966
863,350,1.0,2.910806179046631
524,107,3.0,3.471670627593994
741,1090,1.0,2.0911946296691895
425,562,1.0,2.8790059089660645
354,480,4.0,4.244387626647949
389,77,2.0,3.287472724914551
314,743,1.0,2.747454881668091
280,286,4.0,3.719616413116455
770,50,3.0,5.33317232131958
379,522,5.0,4.453496932983398
858,754,4.0,3.421870470046997
799,1545,4.0,2.1783549785614014
378,69,3.0,3.902153491973877
932,447,3.0,3.9321374893188477
128,387,2.0,3.451855182647705
450,1091,4.0,3.478079319000244
505,77,3.0,3.2241358757019043
727,465,2.0,3.3012876510620117
83,828,3.0,2.787899971008301
922,1035,3.0,3.254696846008301
301,756,4.0,3.198152780532837
293,433,3.0,3.5247042179107666
59,764,4.0,3.252680540084839
360,933,3.0,2.548905849456787
358,114,5.0,4.089808464050293
125,926,3.0,2.8547329902648926
45,21,3.0,2.9690723419189453
276,248,4.0,4.0400800704956055
880,732,4.0,3.967996120452881
181,285,2.0,1.8987562656402588
744,603,5.0,4.266031265258789
695,682,1.0,3.146686553955078
286,14,4.0,4.167893409729004
815,1299,3.0,3.339478015899658
863,319,2.0,3.384718179702759
901,174,5.0,4.460288047790527
779,447,4.0,3.7680745124816895
267,1035,4.0,3.369870185852051
49,299,2.0,1.8553838729858398
889,540,2.0,2.5729236602783203
564,313,4.0,4.214267253875732
204,304,3.0,3.334671974182129
682,85,3.0,2.962678909301758
927,568,5.0,4.208922386169434
621,222,4.0,4.046996593475342
295,158,4.0,3.6848413944244385
322,513,4.0,4.748550891876221
312,659,5.0,4.555140972137451
85,357,4.0,4.186892509460449
126,678,3.0,3.436584711074829
856,678,3.0,1.9293514490127563
934,432,5.0,3.771414279937744
521,290,3.0,2.750964641571045
163,56,4.0,3.703648567199707
92,737,4.0,3.1854357719421387
303,845,4.0,3.4874267578125
804,328,4.0,3.750187873840332
130,158,5.0,3.5698814392089844
77,121,2.0,2.4357213973999023
338,490,5.0,4.02345609664917
669,114,5.0,4.185894012451172
234,404,4.0,3.1575076580047607
880,546,3.0,3.1477208137512207
642,53,2.0,3.6546528339385986
805,433,4.0,3.571460723876953
578,300,4.0,2.9437217712402344
130,183,5.0,4.6815009117126465
521,967,3.0,2.829256534576416
186,754,2.0,3.503936290740967
38,423,5.0,4.239574432373047
788,289,4.0,2.958014726638794
251,144,5.0,4.153390407562256
18,775,3.0,2.657073736190796
308,486,4.0,3.881455659866333
751,734,1.0,2.6053290367126465
402,124,4.0,4.66416597366333
179,750,1.0,3.743527412414551
492,242,5.0,3.6587493419647217
397,56,5.0,4.601984024047852
807,358,3.0,3.751267433166504
551,471,5.0,3.9240407943725586
322,194,5.0,4.394894599914551
425,12,5.0,3.9444515705108643
250,475,4.0,4.28477668762207
271,134,3.0,4.366995811462402
58,69,1.0,3.9859395027160645
156,11,2.0,3.6809024810791016
268,82,3.0,3.553781032562256
3,320,5.0,3.044386148452759
405,1591,1.0,1.961596965789795
95,450,2.0,2.284604549407959
872,332,3.0,3.6591272354125977
561,772,4.0,2.3356986045837402
151,322,2.0,2.877229690551758
137,243,4.0,3.4747557640075684
184,262,5.0,3.887274742126465
497,225,3.0,2.930210828781128
121,298,2.0,3.747974395751953
7,52,4.0,4.305819988250732
472,117,3.0,4.679817199707031
229,328,1.0,2.896636486053467
791,300,5.0,4.122708797454834
932,198,4.0,4.463796615600586
65,365,3.0,3.7618634700775146
864,951,3.0,2.7551751136779785
877,59,5.0,4.151556491851807
374,229,5.0,3.319885730743408
299,785,2.0,3.0542593002319336
931,100,4.0,4.234902858734131
655,205,3.0,3.3401503562927246
416,218,3.0,4.205728530883789
325,114,5.0,4.1322431564331055
495,441,3.0,3.5934276580810547
327,10,4.0,3.7331995964050293
268,50,5.0,4.34328556060791
235,647,4.0,4.4368367195129395
416,765,4.0,3.4022376537323
642,441,1.0,3.485713481903076
169,331,5.0,3.562394142150879
795,1555,3.0,2.770089626312256
805,420,4.0,3.485001802444458
758,536,2.0,4.014482021331787
256,203,4.0,4.318965435028076
248,210,3.0,3.667490005493164
330,102,4.0,4.649205684661865
625,546,2.0,2.9173285961151123
536,427,5.0,4.599717617034912
735,275,4.0,3.678835391998291
43,501,4.0,3.7673211097717285
665,194,3.0,3.876905679702759
738,210,5.0,3.891329050064087
894,137,5.0,3.963916540145874
601,91,5.0,3.1496458053588867
181,302,2.0,1.8331727981567383
453,356,2.0,3.1591343879699707
250,64,5.0,4.902650833129883
588,159,1.0,3.8165154457092285
65,1142,4.0,4.1165876388549805
413,628,4.0,3.572131633758545
633,1132,2.0,3.1500473022460938
640,14,4.0,4.598424434661865
62,1074,4.0,2.201188802719116
405,175,1.0,2.189506769180298
880,230,3.0,3.745290994644165
404,1238,3.0,3.3541910648345947
718,756,5.0,2.8051671981811523
796,685,4.0,3.6095361709594727
293,230,2.0,3.042187213897705
488,9,4.0,3.45656156539917
70,181,4.0,3.968626022338867
234,558,4.0,3.2151873111724854
829,198,4.0,4.02881383895874
765,151,4.0,4.078910827636719
514,172,4.0,4.443528175354004
343,324,5.0,3.4435043334960938
733,13,3.0,3.1526942253112793
352,228,3.0,3.7674713134765625
60,616,3.0,3.967771530151367
621,301,4.0,3.675023078918457
839,742,3.0,3.241905450820923
21,320,3.0,3.432359218597412
344,45,5.0,4.286744117736816
588,313,5.0,4.491611957550049
766,434,5.0,3.5631442070007324
481,210,4.0,4.123995304107666
537,83,4.0,3.389052629470825
715,24,3.0,3.4857633113861084
435,45,5.0,4.018567085266113
922,80,3.0,3.088365077972412
734,162,3.0,3.5367255210876465
81,1,4.0,3.84529972076416
7,151,4.0,4.072606086730957
499,588,4.0,3.870208263397217
634,276,5.0,3.6383280754089355
733,1085,4.0,3.0361804962158203
33,288,4.0,3.6674704551696777
148,228,4.0,3.9850103855133057
271,12,4.0,4.551023960113525
214,960,2.0,3.661802291870117
800,257,4.0,3.8650014400482178
858,292,3.0,3.658339023590088
456,479,5.0,4.154135704040527
416,1014,3.0,3.8474955558776855
588,71,4.0,4.068057060241699
347,1059,3.0,2.758399248123169
246,158,1.0,1.7808167934417725
693,1248,3.0,2.724801540374756
655,273,4.0,2.768549919128418
881,112,2.0,2.279700756072998
222,1439,3.0,2.988955497741699
592,132,5.0,4.835567951202393
798,720,5.0,3.366076946258545
290,162,3.0,3.372514009475708
588,660,4.0,3.887463092803955
406,612,5.0,3.791414260864258
153,322,3.0,2.3586084842681885
456,91,2.0,3.5275304317474365
379,56,5.0,4.653712272644043
798,584,3.0,3.2696533203125
124,157,2.0,3.208120822906494
189,639,4.0,4.006962776184082
850,969,5.0,4.384219646453857
94,273,4.0,3.861243963241577
635,1025,2.0,2.2688896656036377
521,117,4.0,3.016479015350342
613,1,4.0,4.385674953460693
130,993,5.0,4.308188438415527
551,315,5.0,4.642149448394775
710,504,4.0,3.9705159664154053
727,17,1.0,3.138469696044922
474,136,4.0,4.671017169952393
479,604,3.0,4.224118232727051
711,476,4.0,3.0200419425964355
870,469,4.0,3.645822525024414
707,770,3.0,3.282609462738037
331,269,5.0,3.8958523273468018
498,109,3.0,3.020599365234375
254,504,3.0,3.651967763900757
122,660,3.0,4.098556041717529
279,1017,3.0,3.3772196769714355
354,186,4.0,3.9605324268341064
381,1018,4.0,3.630796194076538
209,269,2.0,3.87800931930542
518,934,3.0,3.348374843597412
832,328,3.0,3.162203550338745
711,958,5.0,4.410797595977783
393,922,4.0,3.6341798305511475
804,655,4.0,3.972606897354126
606,202,4.0,4.098100185394287
377,288,5.0,3.817643165588379
896,1622,2.0,1.5240964889526367
644,597,4.0,4.114020347595215
773,14,5.0,3.7228236198425293
109,178,3.0,4.282703399658203
181,109,1.0,1.408172369003296
406,942,4.0,3.4331870079040527
504,127,5.0,4.350742816925049
299,742,4.0,3.214125871658325
522,128,4.0,3.836045742034912
234,20,4.0,2.8694419860839844
256,657,5.0,4.799221038818359
405,449,1.0,1.5976529121398926
781,327,4.0,2.990938186645508
269,639,4.0,3.2076730728149414
393,725,2.0,3.364180088043213
308,705,5.0,3.9804019927978516
385,37,4.0,2.034921169281006
378,276,4.0,3.6752123832702637
10,245,4.0,3.8886914253234863
787,938,3.0,2.6300103664398193
128,715,4.0,3.5494940280914307
903,120,2.0,2.300532341003418
537,528,3.0,3.588925838470459
870,1210,1.0,2.397322177886963
109,762,3.0,3.3611583709716797
367,876,3.0,3.629368543624878
222,849,4.0,2.232675790786743
60,138,2.0,2.884587287902832
280,1063,3.0,3.6839871406555176
62,204,3.0,3.708523750305176
394,416,5.0,4.159690856933594
454,527,4.0,3.2512307167053223
177,87,4.0,3.9671730995178223
151,478,5.0,4.583842754364014
510,259,2.0,2.737870454788208
159,456,3.0,2.599653720855713
313,485,3.0,3.986278772354126
318,210,4.0,4.106703281402588
659,610,3.0,3.741950750350952
843,432,2.0,2.736539840698242
913,419,5.0,3.496401071548462
286,83,5.0,4.268399715423584
934,190,4.0,4.270143032073975
16,237,5.0,4.321478843688965
452,211,2.0,3.7450060844421387
239,171,5.0,4.33278226852417
492,83,4.0,3.6531686782836914
815,435,4.0,4.192983627319336
940,285,4.0,4.036977291107178
627,660,4.0,3.4596974849700928
254,679,2.0,2.805208683013916
437,566,3.0,3.483351707458496
478,143,5.0,3.4840710163116455
225,245,2.0,4.029873847961426
727,121,4.0,3.0949902534484863
532,834,4.0,3.1299400329589844
299,100,3.0,4.000451564788818
886,512,1.0,4.132864475250244
384,328,4.0,4.264533042907715
286,20,4.0,3.835944414138794
246,201,5.0,3.384979248046875
712,1037,4.0,3.230940580368042
23,90,2.0,3.090522527694702
313,142,3.0,3.0797977447509766
505,66,4.0,3.3452417850494385
792,840,2.0,2.9454169273376465
923,257,5.0,4.483709812164307
691,304,3.0,4.08451509475708
416,281,5.0,3.639194965362549
253,510,5.0,4.208820819854736
682,719,2.0,2.5453953742980957
70,538,2.0,3.4750912189483643
712,177,2.0,4.029060363769531
347,203,5.0,3.9559054374694824
489,325,5.0,3.7480969429016113
558,269,4.0,4.500422954559326
74,237,4.0,3.798651695251465
509,260,2.0,1.68281888961792
817,147,3.0,3.5864429473876953
15,476,4.0,2.350923538208008
843,210,3.0,2.9122867584228516
248,806,3.0,3.252755880355835
846,490,4.0,4.351752758026123
502,333,4.0,3.5828840732574463
586,273,5.0,3.2968595027923584
888,535,4.0,4.030749320983887
758,746,4.0,4.087646484375
114,210,3.0,3.613095760345459
201,774,1.0,2.6073966026306152
244,738,4.0,3.326122283935547
677,243,3.0,3.2059073448181152
500,402,3.0,3.285470485687256
347,806,3.0,3.672668695449829
749,472,4.0,3.1288704872131348
932,1121,5.0,4.143413543701172
174,721,2.0,4.064885139465332
659,345,4.0,3.5395760536193848
889,1073,5.0,3.7498865127563477
18,195,3.0,4.127992630004883
587,902,2.0,3.6355669498443604
648,200,2.0,3.6224071979522705
301,265,4.0,3.927661657333374
338,212,4.0,3.3864195346832275
654,114,5.0,4.371622085571289
174,155,4.0,3.2554872035980225
606,38,4.0,3.414849042892456
454,451,4.0,2.7664613723754883
561,163,3.0,2.880648136138916
402,151,5.0,4.0936150550842285
311,22,4.0,4.354979515075684
650,1135,2.0,2.59502911567688
875,514,5.0,4.2775492668151855
1,202,5.0,4.053036212921143
823,89,5.0,4.828711986541748
13,797,5.0,2.4294865131378174
805,678,4.0,2.8273725509643555
246,652,5.0,3.848201274871826
466,385,4.0,3.368274211883545
283,845,4.0,4.127861022949219
823,96,4.0,4.709941864013672
151,522,5.0,4.364977836608887
184,368,1.0,1.7462515830993652
326,174,4.0,3.7592735290527344
83,468,4.0,3.650604248046875
854,156,3.0,3.666682004928589
545,648,3.0,4.045319080352783
545,234,3.0,3.707352638244629
671,810,2.0,3.390410900115967
757,328,3.0,3.382180690765381
209,351,2.0,2.114567279815674
815,154,5.0,4.120612621307373
368,50,4.0,4.2178730964660645
417,163,4.0,3.6168227195739746
716,614,4.0,4.099813938140869
188,554,2.0,3.2837181091308594
1,59,5.0,4.5439372062683105
73,28,3.0,3.8264551162719727
283,294,4.0,4.07322359085083
643,200,3.0,3.96567964553833
92,421,4.0,3.5529215335845947
666,195,3.0,3.967358112335205
301,7,4.0,3.8140788078308105
195,99,3.0,3.8232638835906982
339,737,3.0,3.4924561977386475
923,181,5.0,4.5710625648498535
305,289,4.0,2.378842830657959
62,365,2.0,2.6415867805480957
655,698,4.0,2.602931261062622
355,306,4.0,4.4854536056518555
496,825,3.0,2.0880508422851562
280,364,3.0,3.4990789890289307
1,17,3.0,3.3187406063079834
561,515,3.0,3.8597171306610107
249,195,4.0,4.584835529327393
64,436,5.0,3.7292637825012207
314,628,5.0,4.006468772888184
543,576,4.0,2.982778549194336
498,558,4.0,3.349335193634033
349,288,3.0,3.4226975440979004
339,182,5.0,4.523609638214111
102,405,2.0,2.472203254699707
267,393,3.0,3.771078109741211
325,105,3.0,2.017993927001953
943,569,2.0,3.1259918212890625
222,58,3.0,3.68998384475708
773,23,5.0,4.019117832183838
880,976,2.0,2.114131450653076
763,819,2.0,2.395963668823242
274,815,3.0,3.3850107192993164
707,297,3.0,3.7903590202331543
753,653,4.0,3.6619961261749268
128,190,4.0,4.347621917724609
848,485,5.0,4.472692012786865
840,257,3.0,4.067108631134033
632,227,3.0,3.1373705863952637
200,89,5.0,4.611262798309326
432,546,3.0,3.6261441707611084
416,652,4.0,4.540714740753174
184,1148,3.0,3.640167236328125
35,876,2.0,2.9009056091308594
702,895,1.0,2.549659013748169
334,675,4.0,3.6694014072418213
85,221,2.0,3.710022211074829
92,82,2.0,3.816908121109009
699,475,4.0,3.4136857986450195
254,94,3.0,2.940603256225586
894,847,4.0,3.8891994953155518
301,132,4.0,4.079184055328369
731,140,2.0,2.6262683868408203
450,336,3.0,3.242586612701416
245,597,4.0,3.151797294616699
698,481,3.0,3.0122218132019043
58,475,5.0,4.097378253936768
87,1182,3.0,2.9192779064178467
308,1028,2.0,3.5401525497436523
402,529,4.0,4.4945855140686035
308,856,4.0,3.8733582496643066
216,1218,3.0,3.7101101875305176
721,8,4.0,4.035366535186768
605,1,4.0,4.148526668548584
427,292,2.0,4.9590983390808105
372,448,4.0,4.324138641357422
72,792,3.0,3.6909310817718506
620,699,5.0,4.078172206878662
875,654,4.0,4.444158554077148
846,484,5.0,4.5060200691223145
357,820,4.0,3.955204486846924
847,200,3.0,3.3623414039611816
150,151,4.0,3.9722650051116943
246,410,1.0,2.895092487335205
295,216,5.0,4.591399192810059
201,268,4.0,3.327495574951172
727,206,3.0,3.4915449619293213
892,56,4.0,4.651456832885742
393,815,4.0,3.40266752243042
308,135,5.0,4.019450664520264
500,1012,4.0,3.529654026031494
683,607,5.0,3.7114346027374268
864,96,5.0,4.493720531463623
864,642,3.0,3.982287883758545
908,127,4.0,3.8561131954193115
428,268,4.0,4.1731743812561035
878,462,4.0,3.5503103733062744
389,629,2.0,3.3823227882385254
877,371,5.0,3.592194080352783
833,58,2.0,3.2683944702148438
717,290,3.0,3.6830484867095947
506,449,2.0,2.9744038581848145
832,326,4.0,3.126544952392578
916,12,4.0,4.385723114013672
383,657,5.0,4.708362102508545
70,96,4.0,4.041910648345947
314,283,4.0,4.091135025024414
189,132,5.0,4.442458629608154
846,849,3.0,2.6896092891693115
782,1226,2.0,2.913308620452881
621,107,4.0,3.994699239730835
454,742,3.0,2.8444929122924805
838,275,5.0,4.208725929260254
323,172,5.0,4.534587383270264
533,371,3.0,3.1201348304748535
407,123,3.0,3.000901699066162
373,286,3.0,3.8413732051849365
715,231,3.0,2.4099721908569336
303,1090,1.0,1.8527381420135498
316,286,5.0,3.196960926055908
933,265,4.0,3.449834108352661
69,151,5.0,3.9350619316101074
432,222,4.0,3.968327522277832
160,302,5.0,4.552783966064453
416,662,4.0,4.158788204193115
279,1007,4.0,3.6894257068634033
590,1017,4.0,3.4973511695861816
459,866,5.0,3.3283565044403076
697,595,4.0,3.3225231170654297
640,56,5.0,4.744504928588867
650,191,4.0,3.8515920639038086
653,4,3.0,2.746737003326416
829,151,4.0,3.6030402183532715
780,186,4.0,3.9242780208587646
312,481,5.0,4.392477035522461
354,216,3.0,3.9332942962646484
498,176,2.0,3.5717697143554688
695,903,4.0,3.2581403255462646
934,419,4.0,3.815110921859741
286,315,5.0,4.28833532333374
48,654,5.0,4.098163604736328
71,135,4.0,4.131149768829346
277,258,4.0,3.815495729446411
355,271,3.0,4.256394386291504
402,235,3.0,2.955115795135498
7,562,5.0,3.751681327819824
177,197,4.0,4.053267002105713
880,928,2.0,3.2497315406799316
933,433,1.0,3.2450084686279297
805,1008,4.0,3.482719898223877
308,671,4.0,3.7954957485198975
116,303,3.0,3.2316017150878906
10,488,5.0,4.705563545227051
882,227,4.0,3.7240822315216064
499,357,5.0,4.348188400268555
59,418,2.0,3.966887950897217
828,246,2.0,3.5035147666931152
456,210,3.0,3.867875337600708
311,754,3.0,3.6419291496276855
747,23,5.0,4.8517608642578125
94,390,5.0,3.6248722076416016
357,932,4.0,3.6384525299072266
11,549,4.0,3.5551109313964844
474,479,5.0,4.664979457855225
655,371,3.0,2.642122745513916
216,184,4.0,3.6339786052703857
452,88,2.0,3.2270803451538086
498,1426,3.0,2.8162760734558105
843,91,3.0,2.631657838821411
790,665,3.0,2.7469069957733154
727,367,3.0,3.407073497772217
292,28,4.0,4.5134148597717285
457,175,5.0,4.676224231719971
481,4,3.0,3.7016777992248535
62,4,4.0,3.421515464782715
747,279,4.0,3.9112467765808105
284,345,4.0,3.489616632461548
697,975,1.0,3.5923361778259277
144,880,5.0,3.1875357627868652
796,488,2.0,4.249575138092041
449,1367,4.0,5.13839864730835
183,144,3.0,3.5690972805023193
621,876,2.0,2.868889808654785
16,531,5.0,4.578300476074219
390,742,4.0,3.9469223022460938
214,327,5.0,3.656390428543091
197,518,1.0,3.729032278060913
38,70,5.0,4.037527084350586
894,534,4.0,3.708828926086426
72,100,5.0,4.06771993637085
548,255,4.0,3.739731788635254
293,605,3.0,3.214646339416504
407,565,3.0,2.303971767425537
197,550,3.0,3.361203193664551
198,824,2.0,1.9341020584106445
392,650,5.0,3.990823268890381
741,215,4.0,3.84770131111145
59,127,5.0,4.74379825592041
398,732,4.0,3.6720376014709473
417,419,4.0,3.697388172149658
643,1149,3.0,4.210933208465576
429,96,4.0,4.0741705894470215
102,597,3.0,2.345700263977051
118,551,5.0,3.9150640964508057
334,905,1.0,3.313281774520874
6,259,1.0,1.714972972869873
456,772,4.0,3.115776538848877
741,118,1.0,2.8592450618743896
829,129,4.0,3.8023204803466797
339,45,5.0,4.423309326171875
864,628,4.0,3.940330743789673
292,125,2.0,3.8529818058013916
424,15,4.0,3.268007516860962
521,659,4.0,3.6680402755737305
504,94,4.0,3.7331035137176514
49,813,3.0,3.4531517028808594
537,265,3.0,3.1767845153808594
458,654,5.0,4.194279193878174
397,172,5.0,4.750488758087158
69,50,5.0,4.913320541381836
524,461,3.0,3.5203192234039307
87,1187,2.0,4.045066833496094
492,64,4.0,4.097420692443848
120,546,2.0,2.9339640140533447
165,174,4.0,4.494825839996338
784,678,4.0,3.502211570739746
497,1615,3.0,2.8201489448547363
642,231,3.0,3.6279239654541016
291,760,2.0,3.127220630645752
886,164,4.0,3.594985008239746
380,614,3.0,3.2033257484436035
450,936,5.0,4.270521640777588
943,122,1.0,2.590951442718506
676,117,4.0,3.4312407970428467
115,181,4.0,4.230398178100586
405,141,2.0,1.9562076330184937
405,580,1.0,1.824958324432373
895,275,5.0,4.396612644195557
436,159,4.0,3.8089380264282227
246,809,2.0,2.5809600353240967
633,28,4.0,3.6112117767333984
568,604,4.0,3.5001444816589355
561,99,3.0,3.1594667434692383
128,568,4.0,3.656357526779175
776,483,5.0,4.431551456451416
806,483,4.0,4.595860004425049
150,246,5.0,4.305309772491455
479,324,1.0,3.121267557144165
437,1262,3.0,3.5881128311157227
310,116,5.0,4.198154926300049
210,99,4.0,4.295591831207275
880,188,4.0,3.9734835624694824
398,174,5.0,4.290157794952393
940,508,5.0,3.488584041595459
734,662,3.0,3.1570372581481934
677,101,5.0,3.809691905975342
2,280,3.0,3.048306941986084
658,235,2.0,2.8554296493530273
846,376,2.0,2.820011615753174
886,1435,3.0,1.5564899444580078
312,480,5.0,4.739348888397217
68,245,3.0,2.1169381141662598
935,546,4.0,3.845902442932129
862,429,5.0,4.4708380699157715
653,70,2.0,2.8813581466674805
224,326,4.0,3.0375871658325195
795,62,4.0,2.7699499130249023
765,222,2.0,4.211545467376709
574,344,5.0,3.7835617065429688
565,52,5.0,4.582016468048096
660,167,2.0,2.2703909873962402
880,405,4.0,3.6014509201049805
429,662,3.0,3.3093132972717285
406,1194,4.0,3.9462499618530273
115,284,2.0,3.607424259185791
693,488,4.0,3.65816593170166
405,425,2.0,2.151709794998169
436,423,4.0,4.1061859130859375
574,1022,2.0,3.5413620471954346
435,54,4.0,3.2075233459472656
905,137,3.0,3.8365256786346436
416,980,4.0,4.084068298339844
766,380,2.0,2.9839112758636475
405,639,1.0,1.949462890625
100,990,3.0,2.794426441192627
862,64,5.0,4.981973648071289
727,147,3.0,3.229524612426758
445,1011,1.0,1.8810181617736816
870,238,4.0,3.7850329875946045
672,874,4.0,3.138201951980591
621,180,4.0,4.428775310516357
852,926,3.0,3.343532085418701
326,521,2.0,3.4433562755584717
494,50,5.0,4.695666790008545
328,232,3.0,3.2406067848205566
85,180,4.0,3.9454293251037598
622,161,3.0,3.3357901573181152
671,66,5.0,3.697674512863159
374,12,4.0,4.405035495758057
655,462,3.0,3.1240735054016113
416,742,4.0,4.2033796310424805
786,174,4.0,4.4737935066223145
642,90,4.0,3.513517379760742
264,602,4.0,4.2574462890625
43,49,4.0,3.7601656913757324
368,201,5.0,3.330915927886963
198,480,4.0,4.0853352546691895
561,474,5.0,3.8327910900115967
22,791,1.0,2.379927158355713
44,245,4.0,3.208195209503174
387,324,4.0,3.030608654022217
805,357,5.0,4.17864465713501
295,151,4.0,4.335621356964111
524,484,4.0,4.030900955200195
365,137,3.0,4.007518768310547
825,740,2.0,3.693394660949707
345,303,4.0,4.088061332702637
158,502,4.0,4.063897609710693
868,739,2.0,2.419161319732666
187,710,4.0,3.9638781547546387
393,71,3.0,3.730559825897217
736,515,5.0,4.132599353790283
428,269,5.0,4.394197463989258
102,239,3.0,2.6275393962860107
444,906,4.0,4.099594593048096
796,1032,3.0,3.3169445991516113
23,73,3.0,3.432218313217163
432,411,3.0,3.470836639404297
654,367,4.0,3.5788328647613525
766,443,3.0,3.529468536376953
757,405,4.0,3.295252561569214
436,174,3.0,4.518929958343506
6,165,5.0,4.040553092956543
521,755,3.0,2.6810109615325928
243,708,3.0,3.523813247680664
71,100,4.0,4.22646951675415
95,506,3.0,3.9574508666992188
428,879,4.0,4.163656234741211
181,1394,1.0,1.3427236080169678
561,4,3.0,2.9856128692626953
634,237,5.0,3.724663734436035
5,395,2.0,1.9051806926727295
525,255,1.0,3.213737964630127
387,564,1.0,1.3992443084716797
606,477,4.0,3.7248241901397705
639,483,5.0,3.8028500080108643
496,150,2.0,3.3679773807525635
454,736,3.0,3.072399377822876
223,259,3.0,2.511528968811035
933,840,3.0,1.6576337814331055
880,678,3.0,2.730029344558716
799,50,4.0,4.77097225189209
38,127,2.0,4.511352062225342
179,914,5.0,2.601961612701416
191,345,4.0,3.421428680419922
509,754,1.0,2.3282806873321533
58,1102,1.0,3.8159523010253906
653,1087,2.0,1.5527305603027344
184,65,4.0,3.5788464546203613
244,946,4.0,3.4943618774414062
413,100,4.0,4.291860103607178
16,467,5.0,4.578759670257568
749,431,5.0,3.8679933547973633
453,214,3.0,3.4753599166870117
750,286,4.0,3.9789302349090576
13,720,4.0,2.3346471786499023
748,181,4.0,3.8604836463928223
334,190,4.0,4.24370002746582
401,527,4.0,3.5513060092926025
399,710,2.0,3.0441250801086426
59,519,4.0,4.540584564208984
345,315,5.0,4.470006942749023
682,756,2.0,2.5611188411712646
394,577,2.0,2.67771053314209
342,1012,4.0,3.582348108291626
696,310,4.0,4.012966632843018
221,824,3.0,3.289102554321289
256,1,5.0,4.42455530166626
296,923,5.0,5.051072597503662
659,559,1.0,3.566864013671875
5,144,3.0,3.696403741836548
286,746,4.0,4.061849594116211
1,203,4.0,4.217857837677002
668,286,4.0,3.8131537437438965
632,609,3.0,3.7035717964172363
584,227,4.0,3.4256834983825684
256,473,5.0,3.977695941925049
275,69,3.0,3.3550729751586914
796,869,4.0,3.4136343002319336
83,685,4.0,3.692065715789795
894,595,3.0,3.217151641845703
445,208,2.0,2.520616054534912
257,14,5.0,4.418894290924072
437,412,3.0,2.319641590118408
826,511,3.0,4.549948215484619
290,174,5.0,3.917710304260254
548,305,1.0,3.9811222553253174
676,539,4.0,1.9175667762756348
332,159,5.0,4.375508785247803
654,275,5.0,3.955622673034668
870,96,4.0,3.972775459289551
403,1047,2.0,3.0615110397338867
197,226,4.0,3.2882814407348633
450,495,4.0,4.093667507171631
405,669,1.0,1.3256546258926392
486,713,3.0,3.612182140350342
122,582,5.0,4.055139541625977
286,298,4.0,4.006763935089111
650,1050,3.0,3.1658434867858887
239,836,5.0,4.028672218322754
566,575,1.0,2.0348567962646484
200,570,4.0,4.027052879333496
313,845,3.0,3.4179415702819824
522,135,5.0,4.354310989379883
732,304,5.0,3.8130929470062256
435,1044,4.0,3.16045880317688
916,7,4.0,3.7407479286193848
693,378,2.0,3.2175824642181396
64,173,5.0,4.2567291259765625
543,161,4.0,3.351580858230591
168,744,5.0,3.7091259956359863
194,526,4.0,3.4361066818237305
363,1014,1.0,2.6999621391296387
863,321,4.0,3.0248990058898926
286,280,4.0,3.736523151397705
148,521,1.0,4.142515659332275
505,526,5.0,3.587681770324707
31,32,5.0,4.038060665130615
914,313,3.0,4.335234642028809
379,63,2.0,2.992053508758545
312,521,5.0,4.4154839515686035
184,836,4.0,3.616478443145752
721,22,5.0,4.317290306091309
514,380,4.0,3.4928035736083984
919,301,3.0,3.2890841960906982
845,272,3.0,3.5547120571136475
75,294,3.0,3.2716379165649414
474,174,5.0,4.678255558013916
642,1054,3.0,3.306880235671997
234,492,3.0,3.351545810699463
110,790,4.0,3.078272581100464
896,1303,4.0,1.335898756980896
644,546,4.0,4.079382419586182
160,209,4.0,4.367408752441406
415,258,4.0,4.222644805908203
608,506,4.0,3.921283483505249
457,699,4.0,4.5048112869262695
883,312,3.0,3.744386672973633
107,286,2.0,3.413524866104126
875,603,4.0,4.712635517120361
627,693,2.0,3.3801183700561523
1,9,5.0,4.213370323181152
361,203,5.0,3.8676693439483643
79,313,2.0,4.583005905151367
709,29,3.0,3.0018374919891357
932,675,4.0,4.0296502113342285
201,1010,3.0,3.0513570308685303
125,1204,3.0,3.848273515701294
524,277,3.0,3.387523889541626
378,780,2.0,3.1297082901000977
130,385,5.0,4.591898441314697
659,96,4.0,4.103064060211182
845,690,5.0,2.7627828121185303
890,480,5.0,4.617371559143066
144,319,3.0,3.32576322555542
848,23,2.0,4.796424865722656
909,289,3.0,3.9928345680236816
65,25,4.0,3.7349627017974854
62,402,3.0,3.0503828525543213
693,117,4.0,3.096856117248535
660,485,3.0,3.1250925064086914
374,1513,2.0,2.602698564529419
749,823,3.0,3.0997684001922607
13,917,4.0,3.056467056274414
814,413,2.0,2.6158995628356934
206,1429,1.0,2.5164976119995117
852,7,3.0,4.00882625579834
334,510,4.0,3.970679759979248
276,340,5.0,3.995429039001465
271,300,2.0,3.401756525039673
391,59,5.0,4.161970615386963
346,77,4.0,3.2025351524353027
271,97,5.0,3.7522132396698
479,54,3.0,3.1011641025543213
648,227,3.0,3.205909013748169
884,921,5.0,3.866147994995117
533,15,4.0,3.581606388092041
851,159,3.0,3.5587158203125
718,982,4.0,2.49843692779541
22,121,3.0,3.0156803131103516
222,723,3.0,3.0539581775665283
661,615,4.0,4.3119659423828125
660,315,4.0,3.348423957824707
474,182,5.0,4.513875961303711
675,1007,4.0,4.143120765686035
696,347,1.0,3.924001932144165
758,550,4.0,3.846867084503174
3,325,1.0,2.607532262802124
95,182,2.0,4.1337571144104
450,427,5.0,4.677964210510254
919,236,5.0,3.6032321453094482
608,70,4.0,3.673689842224121
621,1029,2.0,2.0094974040985107
268,52,3.0,3.741854190826416
13,565,1.0,2.024360418319702
339,235,3.0,3.147123098373413
314,934,4.0,3.6459264755249023
314,785,3.0,3.994854688644409
432,7,2.0,3.9588539600372314
69,1016,3.0,3.2436373233795166
649,147,4.0,3.7813117504119873
234,1458,4.0,1.971037745475769
249,628,3.0,4.058670520782471
293,264,3.0,2.088824987411499
244,451,4.0,3.757047653198242
5,90,3.0,2.8864715099334717
367,53,4.0,4.154976844787598
815,131,2.0,4.135490894317627
58,1106,4.0,2.551846981048584
726,845,3.0,2.8649206161499023
178,204,4.0,4.034348487854004
201,597,2.0,2.613785982131958
473,319,3.0,3.575706958770752
864,70,4.0,4.114920616149902
452,1089,1.0,1.9194679260253906
69,628,3.0,3.572422981262207
606,98,5.0,4.730132579803467
374,1215,1.0,2.2111570835113525
189,990,3.0,3.3936853408813477
303,785,3.0,3.1579504013061523
429,768,3.0,2.4840548038482666
178,846,3.0,3.3052453994750977
907,1,5.0,4.808484077453613
781,483,5.0,4.82719087600708
729,690,2.0,3.147404193878174
320,42,4.0,4.218199253082275
634,9,5.0,3.816823720932007
666,206,4.0,3.5635504722595215
479,148,2.0,2.7160000801086426
463,20,5.0,3.0592572689056396
320,79,4.0,4.42025899887085
709,28,5.0,3.9541521072387695
571,174,4.0,3.8021302223205566
930,64,4.0,3.851954936981201
7,496,5.0,4.586306095123291
145,1087,1.0,1.984639286994934
869,287,2.0,3.079899787902832
344,431,3.0,3.628410816192627
712,568,5.0,4.117616653442383
899,710,3.0,3.6238296031951904
41,195,4.0,3.9492645263671875
891,934,3.0,3.7086009979248047
793,685,3.0,3.4844179153442383
298,127,5.0,4.485662937164307
214,20,4.0,3.57338547706604
424,243,4.0,2.8238956928253174
768,9,5.0,3.687455892562866
527,93,4.0,3.6969282627105713
892,233,5.0,3.7505316734313965
313,182,4.0,4.148987770080566
929,31,2.0,3.3477230072021484
26,313,5.0,4.112865924835205
642,1473,4.0,3.7156472206115723
804,55,4.0,3.748413324356079
655,1378,3.0,2.5859427452087402
484,550,4.0,3.97713303565979
823,144,5.0,4.497969627380371
517,405,4.0,3.358933925628662
498,136,3.0,3.831234931945801
378,254,1.0,2.2965078353881836
223,1088,4.0,1.7768789529800415
943,184,5.0,3.5245118141174316
870,763,4.0,2.956902027130127
123,64,3.0,4.801684856414795
507,328,5.0,4.932126998901367
99,4,5.0,3.6830272674560547
72,582,4.0,3.623661518096924
468,55,5.0,4.069736480712891
13,137,5.0,3.8237903118133545
935,471,4.0,4.0768280029296875
250,629,4.0,3.911952495574951
394,31,3.0,4.224598407745361
645,175,5.0,4.186378002166748
13,558,1.0,3.6770081520080566
399,320,3.0,2.986316680908203
82,826,3.0,1.5389105081558228
883,277,4.0,3.88130784034729
710,483,5.0,4.530101299285889
417,428,3.0,3.7863752841949463
145,983,1.0,2.390984535217285
311,12,4.0,4.518517971038818
207,53,1.0,2.9946129322052
429,1224,2.0,2.632253885269165
297,1073,3.0,3.7552595138549805
435,219,5.0,3.3667354583740234
758,230,4.0,3.93192720413208
262,235,2.0,2.844304084777832
28,323,3.0,2.9962542057037354
264,558,5.0,4.387236595153809
457,831,2.0,2.423426866531372
561,109,1.0,2.8339481353759766
672,515,5.0,4.099005222320557
102,792,3.0,2.887085437774658
280,155,5.0,3.6117000579833984
215,8,2.0,4.1495747566223145
256,761,4.0,4.036128044128418
536,50,5.0,4.7327399253845215
77,215,2.0,3.497344493865967
354,494,4.0,4.056948184967041
474,244,4.0,3.289844274520874
72,70,4.0,3.6566834449768066
533,1086,3.0,3.2307302951812744
290,121,4.0,3.47328782081604
62,357,4.0,4.387226104736328
504,1415,3.0,2.8300609588623047
539,306,4.0,4.230493545532227
535,1098,5.0,3.8128209114074707
325,616,4.0,3.409785032272339
710,127,5.0,4.30559778213501
508,234,4.0,3.9230473041534424
506,482,5.0,4.339603424072266
640,210,5.0,4.60818338394165
933,471,3.0,2.8621416091918945
551,127,5.0,4.853373050689697
83,1060,3.0,3.4378185272216797
5,405,3.0,2.9531478881835938
291,423,4.0,4.549346923828125
674,323,3.0,3.0765128135681152
268,7,4.0,3.676313877105713
121,137,5.0,3.9660074710845947
716,238,4.0,4.173676013946533
308,1046,4.0,3.5865941047668457
49,238,4.0,3.3146214485168457
499,173,5.0,4.18975305557251
178,763,4.0,3.6871399879455566
890,1,4.0,4.072210311889648
787,294,3.0,3.144899845123291
878,275,4.0,3.6018729209899902
379,1,4.0,4.421257019042969
933,732,3.0,3.1505625247955322
49,13,3.0,2.885432243347168
18,972,3.0,3.6611900329589844
675,874,4.0,3.133936882019043
196,286,5.0,3.7613983154296875
251,866,2.0,3.3703105449676514
679,168,5.0,4.0547895431518555
877,531,5.0,3.9199700355529785
178,183,4.0,4.275659561157227
130,1019,4.0,4.560336589813232
661,480,5.0,4.518540859222412
916,196,4.0,3.850555181503296
937,294,1.0,2.7660088539123535
715,117,3.0,3.3480722904205322
60,194,4.0,4.417124271392822
91,193,3.0,4.070820331573486
251,151,5.0,3.9287171363830566
453,456,3.0,1.9447859525680542
683,269,3.0,3.8224236965179443
519,339,3.0,4.200785160064697
283,435,5.0,4.402599811553955
682,299,4.0,2.6992218494415283
936,927,4.0,4.130886077880859
727,366,3.0,3.139357805252075
639,604,4.0,3.384761333465576
425,5,1.0,2.927612781524658
450,1297,4.0,2.9032363891601562
445,840,1.0,1.3610926866531372
638,210,4.0,3.781552314758301
886,655,4.0,3.9275267124176025
537,405,2.0,2.267245292663574
429,464,3.0,3.628406524658203
867,172,5.0,4.689892292022705
293,497,4.0,3.940650463104248
128,371,1.0,3.265054225921631
94,89,3.0,4.753198146820068
381,403,3.0,3.7610011100769043
416,472,4.0,3.521418571472168
846,90,2.0,3.4037697315216064
393,80,3.0,3.257495880126953
13,442,1.0,1.1204277276992798
382,59,5.0,3.5970005989074707
500,70,4.0,3.581648111343384
429,217,3.0,2.974794626235962
878,70,3.0,3.3412468433380127
391,322,3.0,2.4965314865112305
833,675,4.0,3.2726259231567383
300,1012,4.0,4.150364398956299
457,44,4.0,4.104386329650879
660,483,4.0,3.771878957748413
807,231,4.0,3.7159805297851562
457,403,4.0,4.119918346405029
43,235,3.0,3.5221564769744873
13,559,1.0,2.8474907875061035
620,758,2.0,3.1007280349731445
658,772,3.0,2.9875617027282715
399,66,3.0,3.064960479736328
181,256,1.0,1.6183167695999146
445,644,3.0,2.46696400642395
601,131,4.0,3.540727138519287
622,88,3.0,3.5289998054504395
334,449,3.0,2.76601505279541
653,214,3.0,2.616440773010254
551,331,5.0,3.9620072841644287
324,250,4.0,4.366164207458496
66,597,3.0,3.460655450820923
927,404,4.0,4.048851490020752
615,187,5.0,4.590810298919678
10,144,4.0,4.312292098999023
686,527,3.0,4.855188846588135
919,787,3.0,3.481738328933716
141,410,4.0,3.4350547790527344
625,255,2.0,3.0734164714813232
837,596,3.0,3.4090633392333984
465,408,5.0,3.9501421451568604
797,327,2.0,2.8665738105773926
790,364,2.0,2.650224208831787
404,288,3.0,3.3983540534973145
45,108,4.0,3.6220755577087402
840,1639,4.0,4.819525241851807
865,455,4.0,2.2776660919189453
159,127,5.0,4.503016948699951
13,400,4.0,1.7319989204406738
716,142,3.0,3.011225938796997
231,181,4.0,4.0881123542785645
804,576,4.0,3.515657424926758
537,385,2.0,2.585209369659424
335,307,5.0,3.5730743408203125
363,239,3.0,3.1261749267578125
417,1095,3.0,2.5662622451782227
338,1,3.0,3.8676466941833496
463,121,3.0,2.250624895095825
500,77,3.0,3.135288715362549
886,117,2.0,3.3990447521209717
370,433,3.0,3.597449779510498
60,131,4.0,4.207067966461182
712,174,5.0,4.237046718597412
493,925,3.0,3.321735143661499
368,100,4.0,3.8921375274658203
363,449,3.0,2.362811326980591
301,685,3.0,3.627464771270752
761,402,3.0,3.0687460899353027
407,844,2.0,3.4681737422943115
655,1062,3.0,3.2191710472106934
378,148,4.0,3.1854119300842285
319,346,3.0,3.7894480228424072
194,228,1.0,3.291792631149292
293,765,3.0,1.916853427886963
83,121,4.0,3.7067453861236572
800,292,5.0,3.6523008346557617
815,423,5.0,4.088891506195068
79,262,5.0,4.063019752502441
279,869,1.0,3.293302536010742
606,204,4.0,4.235633373260498
560,222,4.0,3.450740098953247
343,715,5.0,3.858950614929199
327,215,4.0,3.4245259761810303
878,116,2.0,3.4541146755218506
500,836,5.0,3.437178611755371
4,357,4.0,5.153219699859619
675,318,5.0,4.686864376068115
527,64,3.0,4.516947269439697
290,125,3.0,3.5054054260253906
605,133,5.0,4.143900394439697
622,1419,2.0,2.0061380863189697
439,273,2.0,3.6710472106933594
535,238,4.0,3.9765329360961914
399,203,4.0,3.153414726257324
663,652,4.0,4.024794101715088
535,639,4.0,3.8347864151000977
297,211,4.0,3.828481674194336
541,419,5.0,4.210840225219727
758,23,4.0,4.616280555725098
354,610,4.0,3.698791980743408
181,1336,1.0,1.2184540033340454
251,111,3.0,3.7471415996551514
761,9,2.0,3.5055794715881348
749,98,5.0,4.630508899688721
7,530,5.0,4.593231201171875
69,742,3.0,3.2525393962860107
890,194,5.0,4.374203681945801
368,53,2.0,2.9695725440979004
892,648,4.0,4.663196563720703
457,623,3.0,3.104382038116455
25,258,5.0,3.9750027656555176
524,318,4.0,4.276350975036621
455,57,4.0,4.062586307525635
18,968,3.0,3.8826146125793457
840,732,3.0,3.9993457794189453
823,90,4.0,3.50911283493042
514,183,3.0,4.309251308441162
437,244,3.0,3.0976133346557617
699,1284,3.0,3.092620372772217
875,42,4.0,4.226450443267822
935,125,4.0,4.166727542877197
910,1,4.0,3.4478728771209717
566,98,4.0,4.209726810455322
392,538,2.0,3.872241497039795
749,389,3.0,3.610480785369873
837,274,4.0,3.50687837600708
497,432,3.0,3.5015242099761963
327,550,2.0,2.9181933403015137
160,1223,4.0,3.5418291091918945
500,1014,2.0,2.9694325923919678
534,756,4.0,3.989009380340576
815,1157,2.0,2.857175827026367
498,656,3.0,3.750582695007324
588,713,3.0,3.883322238922119
664,192,4.0,4.320606231689453
69,1142,4.0,4.333768367767334
489,333,4.0,4.113919258117676
632,7,3.0,3.964689254760742
271,847,4.0,3.8415651321411133
230,588,5.0,4.072243690490723
60,494,4.0,4.392927646636963
828,902,4.0,3.3863601684570312
151,114,5.0,4.78904914855957
645,963,4.0,4.534631252288818
577,407,4.0,3.357926368713379
95,443,3.0,3.9332528114318848
484,468,5.0,3.831305742263794
790,781,4.0,3.103982448577881
359,455,4.0,3.826727867126465
786,281,4.0,2.8483498096466064
925,788,3.0,2.1738131046295166
894,323,2.0,3.1574482917785645
11,239,4.0,3.5144202709198
916,121,3.0,2.824204921722412
628,288,5.0,4.632493495941162
345,1221,3.0,3.501068115234375
94,99,3.0,4.263721466064453
91,333,5.0,3.729302406311035
809,313,4.0,4.763392925262451
585,212,5.0,3.514345169067383
836,216,4.0,4.1430439949035645
405,623,1.0,1.3511888980865479
401,121,3.0,2.849760055541992
303,1007,5.0,4.470315456390381
548,659,4.0,4.2184062004089355
87,709,3.0,4.456789016723633
854,111,3.0,3.0655782222747803
277,284,4.0,3.0630993843078613
215,215,3.0,3.8960821628570557
65,88,4.0,3.905935525894165
862,143,5.0,4.386086463928223
151,1047,2.0,2.601972818374634
819,302,5.0,4.635623455047607
372,100,3.0,4.643876552581787
223,619,2.0,3.232269763946533
85,782,2.0,3.033632755279541
910,748,3.0,2.360537052154541
681,259,2.0,3.393193244934082
334,306,4.0,3.994838237762451
747,423,5.0,4.353132247924805
7,269,3.0,4.4843878746032715
551,1376,1.0,2.1293091773986816
782,1589,3.0,2.7918925285339355
493,134,3.0,4.452558517456055
145,237,5.0,3.8696043491363525
457,239,5.0,4.170413970947266
932,144,3.0,4.280094146728516
85,521,3.0,3.7912769317626953
930,24,1.0,2.831056594848633
629,632,3.0,4.491831302642822
884,1073,4.0,3.849890947341919
499,497,2.0,4.080308437347412
622,4,4.0,3.653076410293579
254,575,3.0,2.2525410652160645
335,333,4.0,3.5981078147888184
45,282,4.0,4.031468391418457
426,143,3.0,3.6445515155792236
635,323,3.0,2.4628350734710693
297,114,5.0,4.21507453918457
478,403,2.0,3.273948907852173
223,369,1.0,2.3752541542053223
694,52,4.0,4.202794075012207
442,834,2.0,2.287897825241089
617,563,1.0,1.974961519241333
821,106,2.0,3.9160192012786865
405,774,1.0,1.5584614276885986
429,425,3.0,3.8477702140808105
234,48,2.0,3.6393656730651855
754,282,4.0,3.6505563259124756
303,815,3.0,2.6776864528656006
606,175,4.0,4.276321887969971
833,449,2.0,2.3077728748321533
497,257,4.0,3.5621066093444824
321,515,5.0,4.2224555015563965
456,57,4.0,3.991367816925049
716,622,3.0,3.4663877487182617
296,256,5.0,4.692028522491455
156,157,4.0,3.4652905464172363
825,325,5.0,3.6304032802581787
16,448,5.0,4.052986145019531
389,182,5.0,4.415336608886719
548,218,4.0,3.829986572265625
825,1051,4.0,3.7195026874542236
330,100,4.0,4.833589553833008
58,1101,5.0,3.9421699047088623
117,195,5.0,4.551520824432373
400,332,2.0,3.851409435272217
77,134,4.0,4.178876876831055
239,671,5.0,4.160806179046631
269,514,4.0,3.6270697116851807
459,1016,4.0,3.647599697113037
297,1007,4.0,3.861171007156372
130,289,5.0,3.965411901473999
519,340,5.0,4.400016784667969
942,662,4.0,4.230706214904785
503,509,5.0,4.354896545410156
629,81,3.0,4.283744812011719
724,678,2.0,1.6273720264434814
135,234,4.0,3.695828437805176
13,144,4.0,3.829399585723877
7,658,3.0,4.025909900665283
747,69,5.0,4.439648151397705
277,15,4.0,3.7254252433776855
6,197,5.0,3.9386990070343018
665,301,4.0,3.2431697845458984
751,274,4.0,3.4021999835968018
12,159,4.0,4.219155311584473
262,628,2.0,3.2374706268310547
802,443,4.0,3.81744384765625
49,473,3.0,2.505221366882324
293,521,3.0,3.7921247482299805
426,492,5.0,3.8525290489196777
883,49,3.0,3.813117742538452
181,879,2.0,1.361595630645752
435,1047,3.0,2.525714635848999
892,837,5.0,4.431347846984863
290,429,4.0,3.662290096282959
159,546,4.0,3.3513402938842773
216,143,2.0,3.910809278488159
435,1240,4.0,3.9173803329467773
328,294,3.0,3.0495426654815674
95,843,4.0,3.252222776412964
664,427,4.0,4.455786228179932
442,810,2.0,2.7666001319885254
934,663,5.0,3.9370079040527344
592,1079,1.0,1.584854006767273
436,226,4.0,3.801975727081299
406,509,3.0,3.783134937286377
13,273,3.0,3.2944705486297607
118,324,4.0,4.450552940368652
748,96,5.0,3.9337685108184814
303,842,2.0,2.8549580574035645
790,792,2.0,3.6274993419647217
224,162,4.0,3.2412619590759277
44,228,5.0,3.8818585872650146
551,774,5.0,3.1152431964874268
312,614,4.0,4.293262004852295
815,159,3.0,3.2879726886749268
203,181,5.0,4.3340253829956055
551,72,5.0,3.487417459487915
50,124,1.0,4.311593532562256
608,695,5.0,2.4892094135284424
796,1511,3.0,3.7112579345703125
397,221,4.0,4.2343244552612305
524,204,3.0,3.688796043395996
684,94,3.0,3.359764575958252
485,302,5.0,3.949707508087158
851,681,1.0,2.5151307582855225
394,158,3.0,3.03572678565979
620,15,5.0,4.104240417480469
691,1172,5.0,4.254981517791748
110,586,3.0,2.906726837158203
626,324,4.0,2.3338348865509033
387,549,5.0,3.3848538398742676
334,82,4.0,3.742448329925537
399,452,3.0,2.7737417221069336
13,205,2.0,4.086297988891602
943,274,3.0,3.5397748947143555
308,481,4.0,3.920144557952881
617,569,1.0,2.144752264022827
551,393,5.0,3.5824198722839355
824,319,2.0,2.882148504257202
870,496,5.0,4.06076717376709
213,24,5.0,4.101016998291016
213,515,4.0,4.932650089263916
617,313,1.0,3.4280338287353516
930,405,3.0,2.628554105758667
303,1209,2.0,1.872655987739563
107,323,1.0,2.4552626609802246
648,566,4.0,3.362090587615967
59,1047,2.0,2.973017454147339
13,58,4.0,3.6077327728271484
313,423,4.0,3.9006240367889404
450,196,5.0,4.31635856628418
854,195,3.0,3.7480309009552
388,680,5.0,3.7142467498779297
326,657,5.0,3.8746843338012695
679,318,5.0,4.410306453704834
618,966,4.0,3.7989227771759033
429,462,4.0,3.876814365386963
300,100,3.0,4.310428142547607
72,241,4.0,3.6500213146209717
186,117,5.0,3.8776140213012695
175,136,4.0,4.230146884918213
363,128,5.0,3.1252496242523193
772,326,4.0,4.208523273468018
900,294,4.0,1.902878999710083
181,1348,1.0,1.388116478919983
553,524,5.0,4.309000015258789
327,508,2.0,3.4422526359558105
14,430,5.0,4.300353527069092
517,1,3.0,3.585433006286621
339,204,3.0,4.2789387702941895
642,1413,3.0,3.743596076965332
315,461,4.0,4.010500907897949
460,146,4.0,2.8838744163513184
405,1548,1.0,1.4539108276367188
723,433,3.0,3.1822867393493652
232,919,3.0,3.8531665802001953
11,504,3.0,3.9765512943267822
648,410,2.0,3.176370620727539
881,229,4.0,3.0341343879699707
397,338,4.0,2.0666329860687256
899,250,2.0,3.287142753601074
112,891,3.0,3.208258628845215
167,675,1.0,3.820809841156006
789,100,5.0,4.104029178619385
748,328,4.0,3.3333568572998047
49,1021,5.0,3.2924270629882812
399,172,3.0,3.5262527465820312
6,135,5.0,3.8921890258789062
334,125,3.0,3.380481719970703
621,25,4.0,3.8672497272491455
601,257,2.0,3.427483320236206
373,401,4.0,3.0562021732330322
244,118,2.0,3.5470519065856934
892,27,4.0,3.5760061740875244
38,405,5.0,4.042346477508545
527,492,3.0,3.830145835876465
854,3,1.0,2.3596343994140625
128,684,4.0,3.9006664752960205
718,820,2.0,3.0893898010253906
75,240,1.0,2.7625489234924316
805,148,2.0,3.28116774559021
81,169,4.0,4.419129371643066
511,333,4.0,4.1857733726501465
655,25,3.0,2.816582202911377
561,319,2.0,2.7287397384643555
7,238,5.0,4.310572147369385
655,451,3.0,2.7576372623443604
334,98,4.0,4.341954231262207
665,483,4.0,4.312105655670166
109,566,4.0,3.6016478538513184
867,31,5.0,4.169286251068115
373,1079,4.0,2.383171319961548
299,24,3.0,3.3507065773010254
316,58,3.0,3.106578826904297
601,455,4.0,2.600430965423584
86,872,3.0,3.278109073638916
608,218,4.0,3.402275800704956
368,234,3.0,3.5800232887268066
727,1165,2.0,1.7653844356536865
535,168,5.0,4.181425094604492
109,69,4.0,3.7945303916931152
301,42,4.0,3.8880956172943115
881,103,1.0,2.1813862323760986
422,295,3.0,3.620781898498535
474,423,5.0,4.251796245574951
507,313,5.0,5.234078407287598
22,430,4.0,4.4947590827941895
291,7,5.0,4.515743255615234
804,1488,3.0,3.6722307205200195
82,411,3.0,1.8203480243682861
7,47,5.0,4.020249366760254
87,384,4.0,3.6851699352264404
23,56,4.0,4.162332057952881
472,370,4.0,4.040619850158691
185,15,3.0,3.964975357055664
757,685,3.0,3.2474255561828613
527,190,4.0,4.236857891082764
457,368,1.0,1.8076012134552002
38,445,2.0,4.172720432281494
124,144,4.0,3.4039268493652344
332,120,4.0,3.0570716857910156
327,811,4.0,3.644693374633789
312,143,4.0,4.194736480712891
132,154,4.0,3.767401695251465
279,502,5.0,3.553269863128662
62,117,4.0,3.122548818588257
26,7,3.0,3.549764633178711
474,607,4.0,4.365874767303467
82,237,3.0,3.3822569847106934
189,83,4.0,4.437012195587158
527,193,3.0,3.9206721782684326
459,323,3.0,3.257798671722412
2,291,3.0,3.3389406204223633
684,781,3.0,3.360546827316284
758,597,2.0,3.444174289703369
684,692,4.0,3.666132688522339
385,160,4.0,2.984346389770508
807,151,4.0,3.8521127700805664
931,304,4.0,3.6622314453125
345,568,4.0,3.7771360874176025
201,51,2.0,3.0309722423553467
421,156,5.0,3.795656204223633
53,15,5.0,3.9360456466674805
414,748,3.0,3.193089723587036
144,293,4.0,3.8249306678771973
343,234,1.0,4.321178436279297
44,678,3.0,2.6761507987976074
174,160,5.0,4.088334560394287
429,88,3.0,3.397939682006836
159,1190,5.0,3.4837448596954346
566,23,4.0,4.114223480224609
494,86,3.0,4.231847286224365
495,154,4.0,4.268560886383057
303,386,4.0,2.3126871585845947
874,276,4.0,3.687164068222046
901,78,4.0,3.2450573444366455
506,1244,2.0,2.917156934738159
937,126,4.0,3.806220293045044
634,597,4.0,3.345111608505249
45,472,3.0,3.285696268081665
450,568,4.0,4.183784484863281
224,962,2.0,3.0519795417785645
600,96,5.0,4.437685012817383
125,50,5.0,4.557546138763428
456,208,4.0,3.8630034923553467
541,756,4.0,2.8120346069335938
741,367,2.0,3.5780587196350098
833,205,4.0,3.7609639167785645
606,825,5.0,3.2641773223876953
886,188,4.0,3.694145679473877
608,287,3.0,3.607463836669922
387,414,4.0,3.6302452087402344
471,596,1.0,3.1884732246398926
794,238,5.0,4.470772743225098
417,202,4.0,3.6186423301696777
269,482,3.0,3.8086531162261963
743,294,2.0,3.171494960784912
151,154,4.0,4.315147876739502
327,249,2.0,2.8115367889404297
543,134,5.0,4.157723903656006
608,265,3.0,3.9081947803497314
650,1060,3.0,2.590878486633301
144,15,4.0,3.728297233581543
722,25,4.0,3.7617311477661133
474,530,5.0,4.585708141326904
128,73,3.0,3.5673186779022217
863,294,4.0,2.7715985774993896
399,96,3.0,3.372382402420044
615,678,1.0,1.6896188259124756
828,512,5.0,3.704777240753174
650,658,3.0,2.9604063034057617
874,302,5.0,4.287826061248779
289,363,3.0,2.4990644454956055
280,100,3.0,4.078319549560547
622,665,2.0,2.822117805480957
406,638,4.0,3.7839221954345703
451,887,1.0,3.1031975746154785
312,587,3.0,4.123586654663086
129,268,1.0,3.269066333770752
648,930,3.0,2.7015087604522705
230,742,5.0,3.990055799484253
387,496,3.0,4.142063617706299
195,265,4.0,4.027621746063232
456,1267,4.0,3.21690034866333
551,508,4.0,4.277319431304932
524,1126,1.0,3.3598251342773438
497,77,3.0,3.1846835613250732
487,226,3.0,3.5459418296813965
766,238,4.0,3.5191457271575928
257,237,2.0,4.118734836578369
655,855,3.0,3.103261709213257
313,82,3.0,3.8465521335601807
851,264,2.0,3.1026759147644043
790,10,1.0,3.8925998210906982
845,306,2.0,3.2299952507019043
70,15,3.0,3.7224767208099365
653,367,3.0,2.6678085327148438
875,171,5.0,4.296255588531494
90,178,5.0,4.905743598937988
398,283,3.0,3.8643510341644287
807,1016,4.0,4.105696201324463
561,578,3.0,2.27805233001709
715,250,2.0,3.3611724376678467
361,707,4.0,4.011521339416504
311,433,3.0,3.788996696472168
860,312,4.0,2.7188801765441895
656,327,2.0,2.534635066986084
736,50,3.0,4.266147613525391
659,173,4.0,4.200862407684326
886,196,3.0,3.936385154724121
81,79,5.0,4.045352458953857
49,581,3.0,2.6854634284973145
308,181,4.0,4.009248733520508
727,234,2.0,3.6922779083251953
525,332,4.0,3.2636547088623047
64,420,3.0,3.7120888233184814
727,808,2.0,2.696221351623535
303,150,5.0,4.337191581726074
559,521,2.0,3.7152554988861084
308,151,4.0,3.656825065612793
896,379,2.0,1.986358880996704
770,295,4.0,4.611752510070801
230,7,3.0,3.9300098419189453
622,144,5.0,3.986431360244751
344,290,2.0,3.1420979499816895
244,468,1.0,3.6114859580993652
498,554,3.0,2.542705774307251
642,141,4.0,3.768519878387451
255,452,3.0,2.1318650245666504
339,213,4.0,4.5318450927734375
307,746,4.0,3.9503884315490723
727,55,3.0,3.602447748184204
483,380,3.0,3.0194311141967773
13,235,2.0,2.6314010620117188
328,1217,3.0,2.7231340408325195
276,168,5.0,4.5982489585876465
468,144,5.0,4.316972255706787
588,51,4.0,3.7510812282562256
276,840,3.0,2.677701473236084
447,133,4.0,4.0942206382751465
391,1101,4.0,3.8735690116882324
293,426,1.0,2.541606903076172
927,780,1.0,3.8957366943359375
833,647,4.0,3.901380777359009
14,922,4.0,4.278280258178711
859,762,5.0,3.8891584873199463
495,578,3.0,3.9639768600463867
223,409,3.0,2.8459441661834717
267,195,4.0,4.733707904815674
264,4,4.0,4.159570217132568
758,61,3.0,4.331870079040527
302,680,2.0,2.090097188949585
627,39,4.0,2.9156880378723145
390,275,5.0,4.282062530517578
184,70,4.0,3.728747606277466
144,591,3.0,3.651134729385376
293,162,3.0,3.528491497039795
7,681,1.0,2.782703161239624
429,124,4.0,4.178619861602783
59,193,4.0,4.3770341873168945
202,516,4.0,3.0977816581726074
106,699,4.0,3.763580799102783
683,895,2.0,2.888589382171631
653,1035,2.0,2.2059993743896484
52,427,5.0,4.977677822113037
643,49,3.0,3.4779574871063232
347,280,4.0,3.253366470336914
68,111,3.0,3.0191845893859863
378,568,4.0,3.6018242835998535
332,470,5.0,4.528174877166748
420,275,5.0,4.103696346282959
38,590,1.0,3.247559070587158
224,149,1.0,2.9522604942321777
618,790,3.0,2.44694185256958
554,11,4.0,3.891165256500244
303,90,4.0,3.240861654281616
846,498,4.0,4.607841491699219
474,411,2.0,2.7451248168945312
864,216,4.0,4.3671088218688965
249,24,4.0,4.055291652679443
605,949,5.0,3.6740150451660156
214,257,3.0,3.919811964035034
540,9,5.0,3.9261443614959717
758,657,5.0,4.7387566566467285
192,252,1.0,2.5610742568969727
801,681,1.0,3.4445302486419678
542,732,3.0,3.5967612266540527
889,737,3.0,3.0578055381774902
664,845,2.0,3.327366352081299
870,475,5.0,3.816348075866699
490,293,2.0,3.074742317199707
201,216,4.0,3.469623565673828
85,310,3.0,3.5097241401672363
90,900,4.0,4.516707897186279
453,204,4.0,3.8948066234588623
547,319,4.0,3.5455453395843506
7,556,3.0,3.358579635620117
114,640,2.0,2.8440585136413574
406,1147,4.0,3.589080333709717
776,661,5.0,4.112490177154541
887,168,4.0,4.310993194580078
328,561,3.0,2.995694875717163
433,435,4.0,4.046163082122803
804,160,4.0,3.5732994079589844
457,226,3.0,3.8729782104492188
22,403,5.0,3.675445795059204
268,735,3.0,3.5341796875
885,50,3.0,4.2243452072143555
250,480,5.0,4.625686168670654
349,596,2.0,3.283573865890503
230,91,3.0,3.885944366455078
168,181,4.0,4.219878196716309
840,82,3.0,4.149557113647461
382,98,3.0,3.8675999641418457
290,550,3.0,3.3306777477264404
592,79,4.0,4.864760875701904
901,405,4.0,3.873401403427124
198,184,3.0,3.0341482162475586
660,1178,1.0,1.7005231380462646
11,110,3.0,2.6723077297210693
474,514,4.0,4.357023239135742
858,293,3.0,3.905028820037842
326,237,2.0,3.170301914215088
848,432,2.0,4.2949442863464355
833,378,3.0,3.351407051086426
406,20,3.0,3.3165183067321777
619,1231,2.0,2.6216399669647217
261,875,5.0,3.891148805618286
846,650,5.0,3.8726205825805664
670,515,2.0,4.3209943771362305
345,620,2.0,3.2524149417877197
671,204,5.0,3.828260660171509
97,482,5.0,4.423925876617432
823,100,5.0,4.742178440093994
870,202,3.0,3.6041500568389893
339,240,4.0,2.7414257526397705
907,326,5.0,4.702992916107178
636,258,5.0,4.36246919631958
401,528,5.0,3.652879238128662
178,405,3.0,3.688417911529541
863,326,5.0,2.9486138820648193
489,539,4.0,3.4012563228607178
869,50,4.0,3.8972434997558594
387,984,1.0,2.1831963062286377
84,276,4.0,4.1045241355896
409,199,4.0,4.314176082611084
864,161,4.0,3.8345818519592285
271,479,4.0,4.346640586853027
457,769,2.0,2.610395908355713
387,22,5.0,4.269103527069092
472,101,5.0,4.412113189697266
21,53,4.0,2.5444846153259277
243,26,3.0,3.465864896774292
897,120,3.0,3.1856284141540527
42,143,4.0,3.863084554672241
395,300,3.0,3.992422103881836
870,945,4.0,3.8730664253234863
940,173,4.0,3.930499315261841
886,202,3.0,3.715045928955078
768,332,4.0,2.993499517440796
256,387,4.0,4.323836803436279
87,49,5.0,3.948698043823242
405,77,1.0,1.6620137691497803
500,161,2.0,3.2267627716064453
807,135,5.0,4.051328182220459
701,275,5.0,4.466991901397705
894,125,3.0,3.842001438140869
405,231,3.0,1.4811111688613892
293,233,2.0,2.656724214553833
597,111,3.0,3.8859636783599854
588,286,4.0,3.8654325008392334
798,28,4.0,3.5575857162475586
537,53,2.0,1.7954760789871216
423,333,3.0,3.6140129566192627
491,19,4.0,4.121046543121338
654,172,4.0,4.262115478515625
698,513,2.0,3.5604019165039062
130,343,4.0,4.1556315422058105
385,523,4.0,3.6761157512664795
648,143,4.0,3.4792277812957764
591,66,2.0,3.4458980560302734
311,134,5.0,4.334490776062012
279,364,4.0,3.3195362091064453
493,173,4.0,4.3558125495910645
322,192,5.0,4.4634270668029785
99,369,4.0,2.930778741836548
405,182,1.0,2.435767889022827
190,898,2.0,3.1539759635925293
659,720,3.0,3.3765578269958496
369,114,5.0,4.835602283477783
122,427,3.0,4.569488525390625
197,323,3.0,2.9273300170898438
403,476,4.0,3.3900933265686035
368,670,3.0,3.12876558303833
269,13,4.0,3.0635383129119873
497,725,3.0,2.6695852279663086
167,1305,1.0,2.7808148860931396
639,323,1.0,2.0235867500305176
58,773,4.0,2.940497636795044
627,191,4.0,3.9904446601867676
181,266,1.0,1.2794395685195923
303,251,4.0,4.833403587341309
835,200,4.0,4.170853614807129
804,624,2.0,3.574795961380005
560,249,5.0,3.092773675918579
279,1488,4.0,3.504242181777954
642,58,3.0,3.818582534790039
727,249,2.0,3.050053596496582
297,596,3.0,3.086103677749634
921,274,4.0,3.1927216053009033
97,603,4.0,4.70452356338501
566,327,3.0,3.1377508640289307
313,624,4.0,3.241746425628662
897,201,5.0,3.949028491973877
682,77,3.0,3.174560070037842
114,191,3.0,3.9511184692382812
919,755,3.0,3.4729957580566406
521,96,4.0,3.6685123443603516
317,683,2.0,3.0276856422424316
201,211,3.0,3.477982759475708
764,50,3.0,4.702987194061279
49,129,2.0,3.2618722915649414
742,546,1.0,2.420466661453247
311,966,4.0,4.1294050216674805
311,921,4.0,3.977043390274048
334,569,2.0,2.7496213912963867
756,404,3.0,3.433481216430664
130,1028,4.0,4.082388401031494
863,910,2.0,1.5412081480026245
833,233,2.0,2.643554210662842
928,48,5.0,4.809326648712158
545,194,3.0,4.0084686279296875
897,40,3.0,3.975343704223633
95,195,5.0,4.033870697021484
332,22,5.0,5.070194244384766
367,670,4.0,4.358724594116211
262,929,3.0,2.693638801574707
721,292,3.0,3.7381439208984375
630,280,2.0,3.3120555877685547
311,1232,4.0,3.1067066192626953
768,535,3.0,2.843473434448242
707,517,3.0,3.7067887783050537
650,62,3.0,2.638669490814209
268,1231,2.0,1.8697880506515503
263,98,4.0,4.790119171142578
621,233,3.0,3.7848644256591797
655,1108,3.0,2.446809768676758
455,234,4.0,3.771289587020874
82,596,3.0,2.9482438564300537
488,258,4.0,3.432112693786621
53,156,4.0,4.0187458992004395
275,62,3.0,2.991499185562134
1,39,4.0,2.9386863708496094
524,289,4.0,3.119018793106079
269,778,3.0,3.2268800735473633
913,227,1.0,2.681633949279785
691,98,4.0,4.923120498657227
930,137,2.0,3.2105040550231934
712,699,5.0,4.0358052253723145
23,211,4.0,3.9995954036712646
222,193,4.0,3.9711356163024902
215,451,3.0,3.5814666748046875
553,199,4.0,4.510444164276123
303,872,3.0,2.7831602096557617
363,322,2.0,2.3398325443267822
579,69,2.0,3.7798266410827637
408,302,5.0,4.475954532623291
251,249,5.0,3.4536309242248535
766,72,2.0,2.9548158645629883
882,143,4.0,4.260397911071777
618,197,3.0,3.8095173835754395
363,431,2.0,3.2245030403137207
189,618,2.0,4.048083782196045
308,566,4.0,3.7092080116271973
416,934,2.0,3.3283157348632812
394,979,5.0,4.0346598625183105
457,54,4.0,3.906050682067871
460,847,3.0,3.5586655139923096
815,484,4.0,4.45152473449707
385,705,3.0,3.522900104522705
899,147,2.0,3.075939655303955
344,1165,1.0,1.237472653388977
704,492,5.0,3.8152427673339844
882,378,5.0,4.452708721160889
798,785,3.0,3.4185843467712402
756,225,1.0,2.847656726837158
32,249,4.0,2.983705520629883
919,328,2.0,3.57952618598938
774,44,1.0,1.8955931663513184
915,302,4.0,3.8448598384857178
184,382,5.0,3.680551767349243
650,195,4.0,3.5609586238861084
102,226,2.0,2.4489479064941406
381,501,4.0,3.8778440952301025
880,1225,2.0,2.7642576694488525
606,187,4.0,4.5665669441223145
489,299,2.0,3.6924192905426025
572,9,5.0,3.4563965797424316
777,212,5.0,3.7853710651397705
416,203,3.0,4.452245235443115
158,226,3.0,3.4919705390930176
290,1028,3.0,3.258681297302246
567,1204,5.0,3.8556623458862305
479,82,4.0,3.7751340866088867
222,1336,2.0,1.2294241189956665
786,237,5.0,3.8162460327148438
883,559,3.0,3.8324363231658936
587,330,3.0,2.858901023864746
279,227,4.0,3.429267644882202
405,1471,1.0,1.2933341264724731
56,410,4.0,3.6588611602783203
712,97,5.0,4.0516557693481445
763,144,3.0,4.060701370239258
299,152,4.0,3.5611281394958496
305,921,5.0,3.598867177963257
844,549,3.0,3.3579773902893066
837,19,4.0,4.162489891052246
312,414,3.0,4.1778178215026855
768,173,5.0,4.03205680847168
561,24,3.0,2.8943986892700195
693,1522,3.0,2.3539745807647705
294,743,2.0,2.026500701904297
592,55,4.0,4.263945579528809
363,505,3.0,3.7484447956085205
486,1137,5.0,4.025779724121094
449,971,4.0,4.1582560539245605
144,126,4.0,3.8508098125457764
748,174,5.0,4.121232032775879
427,322,3.0,4.887831211090088
417,101,3.0,3.5204169750213623
342,165,3.0,4.1419758796691895
624,127,4.0,4.5888848304748535
402,475,3.0,4.4032883644104
128,660,2.0,3.8618295192718506
653,96,4.0,3.287806272506714
7,443,5.0,4.320895195007324
542,273,3.0,3.3772478103637695
450,123,2.0,3.7667813301086426
846,495,4.0,4.019457817077637
378,319,3.0,3.3785440921783447
321,499,3.0,3.926867961883545
790,41,3.0,2.919046401977539
615,528,4.0,4.636353969573975
222,972,2.0,3.5169923305511475
370,494,3.0,3.9454429149627686
144,847,4.0,3.7680912017822266
470,19,4.0,3.9113810062408447
223,111,4.0,3.4630208015441895
126,302,4.0,3.9440603256225586
210,657,4.0,4.951834678649902
416,815,4.0,3.6375818252563477
521,191,4.0,3.8846774101257324
299,115,3.0,3.7135543823242188
826,1,4.0,4.2072577476501465
312,14,5.0,4.455136299133301
417,1209,3.0,2.852865695953369
912,517,4.0,3.7917838096618652
807,28,4.0,4.124473571777344
455,191,5.0,4.277478218078613
655,959,3.0,2.9248709678649902
405,101,1.0,1.776294469833374
498,1495,3.0,3.752748489379883
850,71,5.0,4.572046279907227
532,419,5.0,4.6310505867004395
822,189,4.0,3.761643171310425
334,684,4.0,3.7967443466186523
14,792,5.0,4.019482135772705
930,143,2.0,2.9593772888183594
835,176,4.0,4.33663272857666
789,50,5.0,4.429764270782471
221,29,3.0,3.3565545082092285
864,128,4.0,3.906336545944214
919,1137,4.0,4.099725246429443
267,239,4.0,4.106196403503418
303,176,5.0,4.507829189300537
345,879,2.0,3.1522116661071777
405,397,4.0,1.3473411798477173
749,181,5.0,4.277614116668701
270,237,1.0,4.712036609649658
882,284,3.0,3.7077043056488037
422,250,5.0,3.570882797241211
761,924,4.0,2.974818229675293
145,1292,1.0,1.4811439514160156
21,987,3.0,1.4466696977615356
43,482,4.0,4.338764667510986
876,48,5.0,4.432834148406982
466,518,4.0,3.844686985015869
479,356,3.0,3.08980393409729
267,56,5.0,4.8568596839904785
130,411,5.0,3.825143337249756
308,172,4.0,4.2432332038879395
58,98,4.0,4.533417224884033
682,94,3.0,3.072597026824951
31,1019,5.0,4.107751846313477
870,433,3.0,3.6066513061523438
478,237,5.0,3.5189356803894043
762,256,3.0,3.397139072418213
878,136,4.0,3.9266815185546875
495,217,5.0,3.950774669647217
393,4,4.0,3.3171632289886475
21,674,2.0,2.8062901496887207
194,98,4.0,3.9483392238616943
716,185,5.0,4.397034168243408
630,282,3.0,3.6791322231292725
711,286,4.0,4.124397277832031
747,509,5.0,4.528406620025635
551,1118,5.0,3.790802001953125
495,208,5.0,4.355311393737793
216,129,4.0,4.262251377105713
297,508,4.0,3.5943069458007812
748,180,4.0,3.948538303375244
681,294,5.0,3.479153633117676
629,331,3.0,3.9565823078155518
753,195,1.0,3.662161111831665
516,523,3.0,4.392675399780273
352,194,3.0,4.085597991943359
87,802,4.0,3.686666965484619
827,331,3.0,3.212829828262329
343,235,4.0,2.9760360717773438
387,113,4.0,4.183253288269043
880,411,4.0,2.9168479442596436
5,234,2.0,3.6082377433776855
543,22,3.0,4.1782121658325195
125,202,5.0,3.847151756286621
894,750,4.0,4.047700881958008
764,118,3.0,3.5114431381225586
83,79,5.0,4.3196916580200195
257,269,3.0,4.504697799682617
802,333,4.0,3.69674015045166
13,239,4.0,3.316829204559326
830,98,5.0,4.638022422790527
195,242,4.0,4.178308963775635
246,196,3.0,3.8422951698303223
795,108,3.0,2.9131388664245605
244,673,3.0,3.770261287689209
234,82,3.0,3.1892364025115967
234,531,3.0,3.338646411895752
145,273,5.0,3.6347496509552
184,15,3.0,3.788113594055176
487,1220,4.0,3.734130859375
424,690,3.0,3.000296115875244
354,42,2.0,3.8750386238098145
450,170,5.0,4.5370402336120605
297,50,5.0,4.302840709686279
7,433,5.0,4.147364139556885
870,504,5.0,3.869628667831421
313,428,3.0,3.9412155151367188
504,409,4.0,3.6301727294921875
59,1113,4.0,3.895341634750366
843,569,1.0,2.490683078765869
532,452,5.0,3.7753467559814453
500,255,3.0,3.120558738708496
833,182,5.0,3.746027946472168
297,485,3.0,3.805243730545044
796,1228,4.0,2.9570932388305664
854,11,5.0,3.5757317543029785
455,22,4.0,4.26619815826416
308,526,3.0,3.8961446285247803
743,308,2.0,3.339785575866699
934,1425,1.0,3.2428016662597656
622,86,4.0,4.081618785858154
478,81,4.0,3.6099586486816406
486,236,3.0,3.501680612564087
923,174,5.0,4.801577091217041
910,24,3.0,3.0117976665496826
805,25,4.0,3.3280527591705322
514,268,4.0,4.010623455047607
618,95,3.0,3.467207908630371
570,321,1.0,2.5047738552093506
276,710,4.0,4.063723087310791
236,483,5.0,4.295182228088379
833,79,3.0,3.742035150527954
907,697,5.0,4.649276256561279
679,721,3.0,3.3994853496551514
601,508,4.0,3.34543514251709
848,462,5.0,4.414960861206055
918,289,2.0,2.428509473800659
406,601,3.0,3.808316946029663
854,528,4.0,4.022161483764648
553,434,3.0,4.173618316650391
611,311,4.0,4.084676742553711
363,550,4.0,2.895059108734131
264,746,3.0,4.331274509429932
462,237,5.0,4.370735168457031
79,900,4.0,4.1840715408325195
204,170,5.0,4.122493267059326
921,1279,2.0,3.0271005630493164
215,77,3.0,3.545616865158081
43,82,4.0,4.062333583831787
405,666,1.0,1.5841209888458252
416,144,5.0,4.494779109954834
60,515,5.0,4.660085201263428
85,508,2.0,3.5865416526794434
471,768,3.0,3.280877113342285
942,31,5.0,4.300900459289551
551,9,5.0,4.374634265899658
323,121,3.0,2.885219097137451
655,650,3.0,2.8552510738372803
864,209,3.0,4.445035457611084
750,325,1.0,2.48816180229187
854,619,2.0,2.813847541809082
256,120,1.0,3.3409535884857178
515,342,3.0,2.727623224258423
76,1154,5.0,2.2896580696105957
833,649,3.0,3.0223138332366943
269,531,5.0,3.5216903686523438
495,229,3.0,3.853137731552124
320,974,3.0,3.495297431945801
524,515,4.0,4.167884349822998
489,681,3.0,3.3448543548583984
881,678,2.0,2.4676051139831543
92,707,4.0,4.046271324157715
80,423,3.0,3.880537509918213
292,100,5.0,4.7306437492370605
377,100,3.0,4.4770708084106445
303,576,3.0,2.600440740585327
916,106,3.0,2.3945841789245605
445,895,2.0,1.8021621704101562
333,435,4.0,4.0089945793151855
746,181,5.0,4.143735408782959
886,919,4.0,3.7793195247650146
234,221,2.0,3.351641893386841
566,273,5.0,3.261654853820801
751,849,2.0,2.635967254638672
73,272,4.0,4.431310176849365
864,629,3.0,3.771818161010742
91,423,5.0,3.9803695678710938
374,23,3.0,4.210572242736816
721,748,3.0,3.6182737350463867
181,934,3.0,1.3839751482009888
646,1237,3.0,3.0129947662353516
385,435,3.0,3.474928855895996
500,196,4.0,3.8237929344177246
342,475,5.0,3.894587278366089
782,1598,2.0,2.7881109714508057
121,100,4.0,4.296445846557617
666,300,3.0,3.5402631759643555
821,118,3.0,4.196327209472656
537,382,3.0,2.756767511367798
303,80,4.0,2.453864574432373
835,127,4.0,4.652857303619385
690,276,3.0,3.278454303741455
276,147,4.0,3.4204516410827637
577,866,5.0,3.700073003768921
450,191,5.0,4.679325580596924
450,657,4.0,4.759597301483154
57,117,4.0,4.061090469360352
648,47,2.0,3.412656307220459
798,173,5.0,3.733593702316284
311,97,4.0,3.8367760181427
323,332,3.0,3.149540662765503
354,900,4.0,3.9606847763061523
422,267,4.0,3.5193030834198
804,528,4.0,4.284644603729248
818,328,4.0,2.9597320556640625
881,1411,2.0,2.8925437927246094
753,673,1.0,3.2902894020080566
206,889,2.0,2.5692930221557617
248,282,2.0,3.35292649269104
684,121,3.0,3.4759862422943115
864,972,2.0,3.95011568069458
836,89,4.0,4.4908766746521
389,497,4.0,4.380605697631836
388,294,4.0,4.160105228424072
405,1297,1.0,1.3056871891021729
758,1142,5.0,4.303430080413818
749,448,2.0,3.7102084159851074
707,603,3.0,4.1841206550598145
16,655,5.0,4.654739856719971
805,71,3.0,3.654010772705078
735,9,4.0,3.5778250694274902
455,275,4.0,3.9053735733032227
456,550,2.0,3.3098807334899902
880,147,4.0,3.694350242614746
214,705,4.0,4.074470043182373
539,340,2.0,3.8327550888061523
894,905,3.0,3.68051815032959
653,746,5.0,2.8465068340301514
661,117,4.0,3.6043813228607178
234,647,3.0,3.795938491821289
617,452,1.0,2.0828499794006348
26,15,4.0,3.4209766387939453
569,7,4.0,4.034878730773926
881,176,4.0,3.9681968688964844
487,88,4.0,3.808873176574707
83,568,4.0,3.945892810821533
276,915,4.0,4.308927536010742
601,591,3.0,3.2173357009887695
694,183,5.0,4.4217119216918945
184,604,4.0,4.152875900268555
758,291,4.0,3.754000186920166
437,436,4.0,3.685422420501709
234,511,5.0,3.7829644680023193
791,322,4.0,3.466352939605713
59,273,2.0,3.882960081100464
825,456,3.0,3.2746055126190186
796,215,5.0,3.749768018722534
201,421,2.0,3.0119996070861816
168,930,3.0,2.4328603744506836
823,56,5.0,4.75629186630249
899,172,4.0,4.242832183837891
98,194,5.0,3.956063985824585
916,91,4.0,3.4675381183624268
635,328,3.0,3.2262566089630127
313,837,4.0,3.952144145965576
202,173,2.0,3.2980430126190186
11,659,5.0,4.079972743988037
601,921,5.0,3.515042781829834
543,207,5.0,3.6973414421081543
851,680,3.0,2.7006773948669434
345,98,5.0,4.728906154632568
520,311,3.0,4.148288249969482
512,527,5.0,4.648045539855957
54,685,3.0,3.859297752380371
147,339,5.0,3.817471742630005
125,585,4.0,2.6753616333007812
840,499,4.0,4.292510509490967
559,398,3.0,2.612910270690918
466,92,4.0,3.5591297149658203
401,588,2.0,3.2723748683929443
291,90,5.0,3.7713065147399902
881,217,3.0,3.1206135749816895
514,511,3.0,4.442657947540283
271,77,4.0,2.967944383621216
387,91,4.0,3.5040273666381836
250,89,4.0,4.559974670410156
270,226,4.0,4.477858066558838
567,273,5.0,3.5841991901397705
643,820,3.0,2.8762080669403076
542,150,2.0,3.761033296585083
679,531,4.0,3.815065383911133
292,748,3.0,3.2739663124084473
708,271,1.0,3.314986228942871
782,1383,3.0,2.2373673915863037
293,300,2.0,3.139087438583374
798,281,4.0,3.3843154907226562
6,302,4.0,4.1311140060424805
887,284,4.0,3.876589775085449
648,79,5.0,3.90791392326355
913,19,5.0,3.78623366355896
13,492,5.0,3.813870429992676
59,321,4.0,3.5798754692077637
557,150,3.0,4.0759453773498535
145,412,4.0,2.4916367530822754
301,193,3.0,3.938133955001831
661,603,3.0,4.635377407073975
393,982,3.0,3.271652936935425
303,1016,3.0,3.3748977184295654
868,145,1.0,1.8404507637023926
704,214,2.0,3.289294719696045
561,79,3.0,3.587890863418579
474,131,4.0,4.301974773406982
87,575,3.0,3.228318691253662
342,581,3.0,3.2626988887786865
397,475,4.0,4.366611957550049
505,705,3.0,3.671938896179199
667,461,4.0,3.821453094482422
128,151,3.0,3.740556240081787
773,172,5.0,3.9954874515533447
894,16,3.0,3.612985134124756
267,147,3.0,3.8882853984832764
262,735,4.0,3.4461934566497803
932,30,4.0,4.349687099456787
892,180,5.0,4.619877338409424
321,432,5.0,3.640883445739746
52,237,4.0,4.416941165924072
290,181,5.0,3.6569619178771973
476,33,4.0,3.4907779693603516
588,720,4.0,3.5399789810180664
345,234,4.0,4.167728900909424
790,572,3.0,2.7042665481567383
194,175,3.0,3.43705415725708
796,636,2.0,3.551152229309082
621,588,3.0,4.192257881164551
758,790,4.0,3.322934627532959
479,172,4.0,4.339489459991455
894,237,4.0,3.833946704864502
524,1152,3.0,3.3374624252319336
751,347,4.0,3.5328545570373535
326,523,4.0,3.621471881866455
109,826,3.0,2.95941162109375
821,357,5.0,4.981851100921631
254,62,3.0,2.8238542079925537
595,1142,5.0,4.261696815490723
279,1025,2.0,3.352501153945923
393,332,4.0,3.5099661350250244
305,246,3.0,3.6916720867156982
405,1177,1.0,1.2792450189590454
222,26,3.0,3.344205856323242
598,260,3.0,3.0205740928649902
939,424,3.0,2.1344892978668213
59,142,1.0,3.3570101261138916
269,739,1.0,2.1351702213287354
846,558,4.0,4.072079658508301
655,417,2.0,2.6675844192504883
301,182,5.0,4.096046447753906
236,69,5.0,3.640385150909424
198,131,3.0,3.6520090103149414
416,235,2.0,3.672454357147217
642,1136,4.0,3.845906972885132
476,738,3.0,2.8769402503967285
194,519,4.0,3.7065436840057373
347,177,5.0,4.020267963409424
318,157,5.0,3.8412585258483887
712,790,4.0,3.8255515098571777
175,96,3.0,4.04992151260376
927,91,4.0,4.097030162811279
435,752,3.0,3.2782068252563477
854,135,4.0,3.780463695526123
854,484,3.0,3.989560842514038
922,219,1.0,3.315002202987671
592,181,3.0,4.7207417488098145
916,206,3.0,3.4895036220550537
293,186,2.0,3.8871145248413086
793,250,4.0,3.4465956687927246
819,1537,5.0,4.2469329833984375
318,517,3.0,4.042762279510498
30,780,4.0,3.4943735599517822
509,301,2.0,2.632073402404785
940,610,1.0,3.471587896347046
715,405,3.0,3.120565891265869
795,186,3.0,3.6374454498291016
930,300,4.0,2.834080219268799
764,275,4.0,4.199221611022949
395,98,5.0,4.655882835388184
301,127,4.0,4.304897785186768
140,302,4.0,4.4773640632629395
92,712,3.0,3.1288769245147705
660,191,4.0,3.548409938812256
109,1013,3.0,2.7554774284362793
425,178,3.0,3.85693097114563
542,508,3.0,3.6370255947113037
788,183,5.0,3.9705188274383545
271,338,1.0,2.161043882369995
145,731,3.0,3.348798990249634
610,11,4.0,3.949728488922119
758,301,3.0,3.6848268508911133
881,430,4.0,3.9888057708740234
758,213,5.0,4.4634928703308105
535,71,4.0,4.0129218101501465
788,665,2.0,2.9607388973236084
25,520,3.0,4.370304107666016
577,133,4.0,3.998840093612671
190,302,5.0,4.252524375915527
201,188,4.0,3.2208056449890137
912,611,3.0,4.123692512512207
796,283,3.0,3.8189964294433594
312,484,5.0,4.6820831298828125
363,699,2.0,3.4295413494110107
59,756,2.0,2.8277151584625244
296,89,5.0,4.887943267822266
784,315,4.0,4.334604263305664
484,578,3.0,3.71708345413208
527,23,5.0,4.239608287811279
145,393,5.0,3.560292959213257
627,947,3.0,3.3080925941467285
299,950,2.0,3.1427650451660156
656,270,3.0,2.787782907485962
195,276,4.0,3.7476234436035156
505,7,3.0,3.5151867866516113
726,833,5.0,2.811650276184082
753,199,5.0,3.932044744491577
479,566,3.0,3.4473090171813965
435,895,3.0,3.0820775032043457
42,866,4.0,3.582512140274048
507,294,5.0,4.737320423126221
408,242,4.0,4.344651222229004
840,357,5.0,4.580131530761719
200,118,4.0,4.210285186767578
399,386,3.0,2.8994970321655273
417,475,4.0,3.814635992050171
394,405,3.0,4.016939163208008
268,63,1.0,2.312636137008667
405,47,5.0,1.925300121307373
114,204,3.0,3.5063538551330566
269,198,4.0,3.7375757694244385
210,654,5.0,4.678091526031494
794,100,5.0,4.6907525062561035
13,157,3.0,3.572319269180298
380,170,4.0,3.607736349105835
457,841,4.0,2.952533721923828
293,7,3.0,3.674269676208496
862,496,5.0,4.608518600463867
243,111,4.0,3.568011999130249
482,289,3.0,3.3514363765716553
6,513,4.0,4.39771032333374
344,14,5.0,4.278103828430176
428,343,2.0,4.052305221557617
145,51,3.0,3.719334840774536
751,494,4.0,4.0776047706604
279,68,4.0,3.522217273712158
15,322,3.0,2.163658380508423
13,334,1.0,3.2796525955200195
561,186,3.0,3.479919195175171
628,1025,5.0,4.204710006713867
630,687,3.0,2.8364453315734863
324,288,5.0,4.449864864349365
230,95,5.0,4.005753517150879
897,864,4.0,3.8127799034118652
785,69,4.0,3.8067405223846436
130,888,3.0,4.525131702423096
279,1072,4.0,3.214559316635132
275,230,3.0,3.131117343902588
647,136,5.0,4.310824871063232
778,11,5.0,3.201107978820801
707,507,5.0,3.6642463207244873
437,156,2.0,3.937258720397949
442,231,3.0,2.729733943939209
896,768,2.0,1.9182103872299194
393,893,3.0,3.288602352142334
500,768,2.0,2.645695924758911
399,506,3.0,3.2382025718688965
497,240,4.0,2.8280506134033203
296,194,5.0,4.784911632537842
291,356,4.0,3.9729418754577637
533,1173,4.0,2.9515695571899414
770,282,5.0,4.831168174743652
387,102,3.0,2.7265255451202393
528,258,4.0,3.8469433784484863
936,405,2.0,3.719383716583252
453,164,3.0,3.6688499450683594
627,568,2.0,3.2562034130096436
68,596,2.0,2.7760403156280518
307,197,4.0,4.2949676513671875
292,250,3.0,3.886711835861206
639,528,4.0,3.5250086784362793
753,50,4.0,4.096935272216797
218,12,5.0,4.291008472442627
445,1081,1.0,2.051151990890503
99,107,3.0,3.79274320602417
300,456,4.0,3.599597215652466
504,419,3.0,3.848496198654175
863,302,4.0,4.537802219390869
413,258,4.0,3.9883713722229004
189,855,3.0,4.221431255340576
474,663,4.0,4.339012622833252
747,70,4.0,4.234513282775879
213,164,5.0,4.382519721984863
5,105,3.0,1.9021817445755005
778,82,3.0,3.0462307929992676
878,168,4.0,3.7648160457611084
226,191,4.0,4.298171520233154
389,25,3.0,3.6505348682403564
846,388,3.0,2.4876339435577393
200,54,4.0,4.221768379211426
833,100,4.0,3.765817642211914
773,792,4.0,3.450788974761963
251,172,5.0,4.515125751495361
392,463,3.0,4.2500810623168945
359,748,3.0,3.6696300506591797
600,79,4.0,4.454876899719238
291,551,2.0,2.8620238304138184
506,731,4.0,3.239915132522583
642,65,4.0,3.742964267730713
224,300,4.0,3.160776138305664
465,357,4.0,3.821302890777588
293,69,3.0,3.6930158138275146
609,319,1.0,2.774219512939453
161,56,3.0,2.782351016998291
846,204,3.0,4.163915634155273
451,681,1.0,2.6154651641845703
504,402,4.0,3.841580390930176
13,566,5.0,3.3258676528930664
504,1030,3.0,2.793905735015869
280,200,5.0,3.777768135070801
807,133,5.0,4.0540876388549805
794,751,3.0,4.0757222175598145
784,333,4.0,4.03261661529541
868,385,2.0,3.0158743858337402
63,286,4.0,3.577360153198242
450,44,3.0,3.9790239334106445
181,1081,1.0,1.4061474800109863
399,84,2.0,2.799370288848877
25,969,3.0,4.045290470123291
314,1178,2.0,3.3146307468414307
916,9,5.0,3.7471022605895996
655,942,4.0,2.8638439178466797
256,265,4.0,4.474928379058838
537,150,3.0,3.1532833576202393
892,100,5.0,4.637343883514404
373,497,3.0,4.156192302703857
782,326,5.0,2.9916532039642334
627,729,1.0,3.1222715377807617
298,511,4.0,4.413557529449463
932,855,5.0,4.235442161560059
417,1023,4.0,2.853543281555176
864,151,5.0,4.068011283874512
429,71,3.0,3.6179885864257812
659,467,3.0,3.877682685852051
328,344,4.0,3.77207612991333
648,83,4.0,3.8914973735809326
345,1117,4.0,3.1421189308166504
32,628,4.0,3.341306686401367
197,127,5.0,4.186422824859619
419,191,4.0,4.6420793533325195
840,473,5.0,3.649716377258301
13,150,5.0,3.810445785522461
804,841,4.0,3.2214603424072266
877,14,5.0,4.042815208435059
236,174,3.0,4.026207447052002
49,151,5.0,3.0704331398010254
347,172,5.0,4.360175132751465
622,109,5.0,3.5278573036193848
756,622,3.0,3.0333847999572754
335,748,2.0,3.347421169281006
600,182,4.0,4.460769176483154
271,707,4.0,4.037187099456787
503,732,3.0,4.0194926261901855
445,12,2.0,3.122952461242676
883,50,4.0,4.623575687408447
387,99,5.0,3.656926155090332
342,58,5.0,3.665968894958496
595,1047,2.0,2.4752085208892822
712,399,5.0,3.973188877105713
708,274,4.0,3.5205087661743164
62,451,3.0,2.70375394821167
268,1118,3.0,3.0884549617767334
373,214,4.0,3.5193536281585693
712,234,2.0,3.9903550148010254
390,302,5.0,4.56454610824585
98,321,3.0,2.9905214309692383
431,332,3.0,3.6573691368103027
727,100,2.0,4.004391670227051
433,246,4.0,4.0844879150390625
158,174,5.0,4.52157735824585
526,333,3.0,3.2460391521453857
622,178,4.0,4.477281093597412
512,286,5.0,4.2619123458862305
483,68,1.0,3.0701751708984375
684,38,3.0,3.195340633392334
896,235,1.0,2.341855525970459
71,177,2.0,4.015025615692139
244,215,4.0,3.8985512256622314
344,1142,5.0,4.253221035003662
128,393,4.0,3.341116428375244
430,168,4.0,4.0328545570373535
405,356,5.0,1.7005984783172607
323,467,5.0,4.124968528747559
394,773,4.0,3.795039653778076
835,526,3.0,4.234532356262207
91,357,5.0,4.461882591247559
261,687,5.0,3.143092632293701
343,606,5.0,4.653357028961182
637,685,3.0,2.311074733734131
181,873,1.0,1.4388301372528076
221,218,4.0,3.662142038345337
321,607,4.0,3.833338975906372
362,689,5.0,2.8150408267974854
883,531,3.0,4.043027400970459
911,478,5.0,4.177037715911865
535,727,4.0,3.558414936065674
851,174,5.0,4.697279930114746
458,56,5.0,4.207787990570068
622,404,3.0,3.8065903186798096
110,67,3.0,3.1076416969299316
766,483,3.0,4.157981872558594
345,1247,2.0,1.6510635614395142
197,340,2.0,3.4700775146484375
393,5,3.0,3.4984209537506104
533,988,2.0,2.173861026763916
533,289,2.0,2.898233652114868
788,380,3.0,3.2717156410217285
252,276,5.0,4.274805545806885
825,258,4.0,3.8319029808044434
562,727,5.0,3.2825655937194824
883,89,5.0,4.384373188018799
862,657,5.0,4.827110767364502
707,64,3.0,4.3442487716674805
846,1066,3.0,3.4520745277404785
189,157,4.0,4.039395332336426
97,133,1.0,4.2157182693481445
87,570,3.0,3.8141822814941406
901,929,4.0,3.4592933654785156
800,864,4.0,3.3919572830200195
288,132,3.0,4.241560459136963
234,464,4.0,3.0885393619537354
391,15,4.0,3.7485389709472656
605,176,4.0,4.247097969055176
30,231,2.0,3.177065134048462
870,477,4.0,2.980482578277588
764,323,3.0,3.155886173248291
630,153,3.0,3.546196937561035
751,302,4.0,4.217251777648926
806,1012,4.0,3.6688828468322754
851,818,2.0,3.333662986755371
454,56,3.0,3.2374699115753174
579,173,5.0,4.113718509674072
383,137,5.0,4.196855545043945
847,153,4.0,3.379439353942871
311,651,4.0,4.283166885375977
532,242,4.0,4.8996148109436035
249,708,4.0,4.051280498504639
85,192,4.0,4.020430088043213
58,311,4.0,3.8734970092773438
891,742,4.0,4.432340145111084
384,258,4.0,4.23720645904541
299,55,2.0,3.593363046646118
293,510,3.0,3.863037109375
427,331,4.0,4.8127217292785645
903,324,4.0,3.419602870941162
178,619,3.0,3.651477813720703
118,180,5.0,5.007585048675537
73,135,5.0,4.050051212310791
427,319,3.0,4.709906578063965
262,252,3.0,2.8363993167877197
56,993,3.0,3.768895149230957
207,11,3.0,3.383525848388672
758,386,3.0,3.139528751373291
804,72,4.0,3.686920404434204
339,160,5.0,3.8945727348327637
712,776,4.0,4.064767360687256
501,544,4.0,3.6571898460388184
249,741,4.0,4.214948654174805
271,414,4.0,3.7293190956115723
298,205,5.0,4.277518272399902
773,568,1.0,3.2063164710998535
342,98,3.0,4.330625534057617
941,300,4.0,4.035702228546143
868,164,2.0,3.1773111820220947
433,919,5.0,3.866461753845215
847,507,3.0,3.4067912101745605
786,187,4.0,4.402374744415283
648,82,5.0,3.611370325088501
897,523,5.0,4.363027095794678
24,655,5.0,4.410841464996338
721,325,3.0,3.4825026988983154
314,1221,3.0,4.194028377532959
334,290,3.0,3.143826961517334
500,204,3.0,3.7455596923828125
493,435,5.0,4.126690864562988
13,292,5.0,3.452516794204712
826,241,4.0,4.11123514175415
645,203,4.0,4.124633312225342
378,436,4.0,3.722362518310547
465,114,4.0,3.83068585395813
557,50,4.0,4.654027462005615
642,801,3.0,3.6130921840667725
49,231,3.0,1.9594085216522217
1,55,5.0,4.017861366271973
346,616,1.0,3.4722132682800293
311,495,4.0,3.7806010246276855
640,926,3.0,3.5133066177368164
48,650,3.0,3.629457950592041
817,289,2.0,3.1603455543518066
115,642,5.0,3.8125674724578857
595,1094,3.0,2.011566638946533
647,588,4.0,4.02291202545166
852,274,3.0,3.80863881111145
114,505,3.0,3.6574182510375977
158,50,4.0,4.6920857429504395
169,443,4.0,3.984607458114624
664,663,4.0,4.0677361488342285
135,802,2.0,2.7923741340637207
201,62,1.0,2.605043411254883
592,1070,5.0,4.412839889526367
416,67,4.0,3.5513081550598145
757,203,5.0,3.8231828212738037
516,181,4.0,4.275935649871826
825,323,4.0,3.698634624481201
645,709,3.0,4.4547648429870605
128,118,5.0,3.076155662536621
889,657,4.0,4.233772277832031
347,1047,1.0,2.814488410949707
201,448,3.0,2.939152240753174
661,178,4.0,4.623873710632324
49,406,2.0,1.5196385383605957
497,71,4.0,3.5161924362182617
437,381,5.0,3.6572728157043457
408,358,4.0,3.038350820541382
264,645,4.0,4.589047908782959
740,242,4.0,4.12044095993042
833,288,2.0,2.954805850982666
907,79,5.0,4.8648529052734375
254,231,3.0,2.6775965690612793
561,480,4.0,3.7870945930480957
748,135,4.0,3.87068510055542
439,475,3.0,4.137264251708984
780,294,3.0,3.3437554836273193
679,56,4.0,4.083990573883057
660,748,3.0,2.276801586151123
882,122,2.0,2.6237173080444336
232,215,3.0,3.8265037536621094
666,616,3.0,3.6153154373168945
445,748,1.0,1.6410893201828003
848,481,3.0,4.449927806854248
830,193,5.0,4.218239784240723
588,370,5.0,3.1889355182647705
291,232,4.0,4.054084300994873
328,4,3.0,3.4365243911743164
305,582,4.0,3.3216471672058105
85,610,3.0,3.569545269012451
423,258,5.0,3.9905524253845215
63,480,3.0,4.088307857513428
394,568,5.0,4.268290996551514
318,143,5.0,3.9017858505249023
81,318,5.0,4.400826930999756
374,5,4.0,3.4634079933166504
297,209,4.0,3.896183490753174
753,134,4.0,3.933506488800049
915,286,4.0,3.381990671157837
480,527,4.0,4.00532865524292
393,8,3.0,3.6530423164367676
305,45,5.0,3.7191684246063232
916,597,2.0,2.5717387199401855
233,588,5.0,4.5239644050598145
194,628,3.0,2.982107639312744
804,1028,3.0,3.561549186706543
426,1064,4.0,4.365429401397705
392,260,1.0,2.658034324645996
178,196,4.0,4.112581729888916
5,226,3.0,2.933945894241333
181,1390,1.0,1.3975316286087036
271,317,3.0,4.075182914733887
763,59,5.0,4.270748138427734
893,771,3.0,2.667534828186035
582,124,4.0,4.347265720367432
161,100,4.0,2.765982151031494
308,637,3.0,3.28312349319458
490,292,3.0,2.7320966720581055
497,151,3.0,3.3931877613067627
878,707,2.0,3.651721715927124
255,564,1.0,1.2071596384048462
655,1636,4.0,2.5524985790252686
222,1,4.0,3.8969545364379883
769,1322,2.0,3.078176975250244
135,642,4.0,3.4647483825683594
674,866,5.0,3.542990207672119
870,255,2.0,3.0045065879821777
619,245,4.0,3.1664907932281494
542,235,3.0,3.1735599040985107
850,228,5.0,4.370205402374268
825,930,5.0,3.518139123916626
887,756,5.0,3.7484309673309326
387,25,2.0,3.31545352935791
116,145,2.0,2.2765564918518066
843,214,3.0,2.4988861083984375
497,194,3.0,3.8401355743408203
938,595,2.0,3.1514265537261963
556,513,4.0,5.020904064178467
145,763,4.0,3.552961587905884
249,298,4.0,4.355119705200195
201,751,3.0,3.0230565071105957
504,1444,3.0,3.2695207595825195
851,95,4.0,4.233300685882568
318,326,4.0,3.8552560806274414
653,202,3.0,2.909562349319458
633,498,2.0,4.012487411499023
59,583,5.0,3.6132874488830566
387,1187,4.0,3.6221470832824707
653,708,2.0,2.6433892250061035
64,70,5.0,3.7676706314086914
318,501,4.0,3.692385196685791
834,294,3.0,3.6426377296447754
633,148,1.0,3.4186909198760986
322,272,4.0,4.639803886413574
763,111,2.0,3.6299915313720703
393,223,4.0,3.804185628890991
301,1,4.0,3.890101909637451
2,316,5.0,4.355883598327637
405,854,1.0,1.9620574712753296
453,826,1.0,2.1220180988311768
381,682,2.0,3.0825586318969727
592,1264,4.0,3.403238296508789
398,56,4.0,4.149043560028076
268,16,3.0,3.012025833129883
297,300,3.0,3.2941744327545166
198,31,3.0,3.26381778717041
892,542,1.0,2.746151924133301
151,51,4.0,3.8750734329223633
374,829,2.0,3.076000690460205
552,7,3.0,3.4461562633514404
642,118,3.0,3.8845016956329346
320,368,3.0,2.3507447242736816
234,959,2.0,3.0720696449279785
676,168,5.0,4.383732795715332
878,921,4.0,3.5651893615722656
295,232,3.0,4.3301215171813965
314,73,4.0,4.035261154174805
355,288,5.0,4.254926681518555
929,515,5.0,4.111491680145264
453,22,5.0,4.36128044128418
213,475,4.0,4.512022972106934
659,712,3.0,3.5374865531921387
184,208,4.0,3.990602970123291
682,1135,2.0,2.9062135219573975
922,227,4.0,3.338087558746338
346,365,1.0,3.226041793823242
731,215,5.0,3.3264806270599365
429,1028,3.0,2.7143239974975586
748,227,3.0,3.186901092529297
886,132,3.0,4.079261779785156
551,62,5.0,3.184922456741333
623,275,5.0,3.808919668197632
303,501,4.0,3.859337329864502
648,17,2.0,3.1945395469665527
677,845,3.0,3.6727654933929443
897,660,4.0,4.103509902954102
144,286,4.0,3.7212648391723633
543,748,3.0,3.099658489227295
435,69,4.0,3.8974251747131348
870,503,4.0,3.5104236602783203
693,99,3.0,3.1406116485595703
188,443,4.0,4.0266900062561035
339,1135,2.0,3.025411605834961
682,431,4.0,3.4391963481903076
363,169,5.0,4.216008186340332
406,180,5.0,3.9345054626464844
215,180,3.0,4.231236934661865
804,32,3.0,3.934337854385376
883,886,3.0,3.7665696144104004
506,489,4.0,4.295804023742676
643,127,5.0,4.4659295082092285
279,184,5.0,3.4103355407714844
308,198,3.0,4.058752536773682
846,86,5.0,4.272956371307373
590,1014,3.0,2.8873419761657715
397,65,2.0,3.767441987991333
399,455,4.0,2.9158389568328857
416,269,4.0,4.681887149810791
301,496,5.0,4.160953998565674
405,1338,1.0,1.8174757957458496
487,586,2.0,2.572648048400879
614,9,4.0,3.5498526096343994
541,993,4.0,3.925642967224121
816,258,3.0,4.401465892791748
269,246,5.0,3.653186321258545
514,430,4.0,4.219147205352783
326,176,2.0,3.496734142303467
267,22,4.0,5.02554178237915
339,134,5.0,4.695068836212158
110,22,4.0,3.9128918647766113
464,328,3.0,4.152137756347656
365,271,4.0,3.3199892044067383
293,679,2.0,2.505369186401367
881,98,5.0,4.33209753036499
346,29,4.0,2.7054691314697266
553,132,4.0,4.323584079742432
383,193,4.0,4.26694917678833
634,272,5.0,4.329776287078857
215,98,5.0,4.496077537536621
773,531,5.0,3.5775344371795654
335,313,3.0,4.365090847015381
560,11,4.0,3.7387518882751465
428,877,5.0,3.6242308616638184
400,304,4.0,3.806898355484009
698,22,1.0,3.4071030616760254
276,1090,1.0,2.071854591369629
764,100,4.0,4.377251148223877
642,462,4.0,3.958453416824341
540,741,3.0,3.742708444595337
255,443,1.0,3.6724696159362793
551,217,1.0,3.4486067295074463
871,752,3.0,3.4367854595184326
385,215,2.0,3.2335619926452637
907,202,5.0,4.6700944900512695
245,21,3.0,2.953134059906006
907,869,5.0,4.406916618347168
94,127,5.0,4.866362571716309
316,521,5.0,3.3729286193847656
551,340,4.0,4.1099443435668945
51,184,3.0,3.240880012512207
26,476,3.0,2.4833083152770996
138,662,4.0,4.03944730758667
23,432,4.0,3.798609972000122
846,505,5.0,4.31105375289917
505,71,4.0,3.526066303253174
313,778,2.0,3.70703387260437
24,582,4.0,4.196550369262695
851,1676,2.0,3.023756980895996
659,97,5.0,3.783454418182373
152,204,4.0,4.77925443649292
793,1,4.0,3.926480770111084
943,808,4.0,3.079435110092163
151,686,3.0,4.027933597564697
1,251,4.0,4.705572605133057
148,418,3.0,3.6447134017944336
292,343,2.0,3.2705092430114746
246,409,2.0,2.3160576820373535
314,983,4.0,3.0643889904022217
470,295,3.0,3.4881229400634766
504,504,4.0,4.015660762786865
123,132,3.0,4.346459865570068
815,88,4.0,3.6525983810424805
308,396,4.0,3.2777843475341797
777,521,5.0,4.103926658630371
381,742,4.0,3.7302536964416504
918,170,4.0,3.7528867721557617
456,414,3.0,3.6028995513916016
896,23,2.0,4.007866382598877
790,1074,3.0,2.728541135787964
389,612,4.0,4.2639312744140625
312,515,5.0,4.819066524505615
110,2,3.0,3.263193130493164
331,268,5.0,3.6375746726989746
518,222,5.0,3.8880441188812256
466,55,4.0,3.6587483882904053
320,27,3.0,3.9007368087768555
299,480,4.0,4.15269660949707
119,222,5.0,4.181841850280762
110,333,4.0,3.300509214401245
123,482,4.0,4.360958099365234
12,157,5.0,4.221858024597168
100,691,4.0,3.1645164489746094
592,1226,4.0,3.7912330627441406
320,685,4.0,3.9577109813690186
863,895,5.0,2.983523368835449
880,603,5.0,4.653696537017822
405,1579,1.0,1.4874690771102905
537,639,2.0,2.8343653678894043
670,245,4.0,3.2815263271331787
487,746,4.0,4.083520889282227
556,321,4.0,3.1662793159484863
184,285,5.0,4.31182336807251
2,282,4.0,3.662456512451172
514,189,5.0,4.331866264343262
280,678,2.0,3.4031786918640137
476,999,2.0,3.178253650665283
907,815,5.0,4.526930809020996
5,227,4.0,2.8827037811279297
620,91,2.0,4.01982307434082
382,334,5.0,2.9452948570251465
343,199,5.0,4.856709957122803
43,291,3.0,3.7550034523010254
280,7,4.0,3.787199020385742
738,91,4.0,3.5509839057922363
889,1134,4.0,3.2944211959838867
455,241,4.0,3.6657047271728516
90,156,4.0,4.489614963531494
176,258,4.0,3.933072805404663
871,511,2.0,4.017253398895264
107,268,4.0,3.4677858352661133
270,581,5.0,4.382538318634033
321,7,4.0,3.699371814727783
298,294,3.0,3.8120803833007812
298,178,5.0,4.543542385101318
774,550,2.0,1.817423939704895
112,689,4.0,3.38083553314209
703,127,5.0,4.659053325653076
897,69,5.0,4.199141025543213
340,186,4.0,4.263737678527832
899,89,4.0,4.200903415679932
668,347,4.0,3.591912269592285
429,496,4.0,4.162161827087402
13,475,3.0,3.9060797691345215
293,89,5.0,4.108099937438965
221,475,4.0,3.8536136150360107
474,208,3.0,4.373847007751465
311,233,4.0,3.722365379333496
738,209,4.0,3.954716682434082
883,251,5.0,4.430185794830322
500,170,5.0,4.044474124908447
846,1267,3.0,3.473294734954834
891,459,5.0,4.478555202484131
890,214,4.0,3.485067367553711
429,546,3.0,2.643411159515381
128,237,4.0,3.773106575012207
524,607,3.0,3.7787678241729736
848,164,5.0,4.272202491760254
409,153,4.0,3.7784245014190674
541,418,5.0,3.941096067428589
363,1,2.0,3.586864471435547
435,818,2.0,2.8899874687194824
318,40,4.0,3.6332108974456787
346,842,1.0,3.037841320037842
288,435,4.0,4.073030948638916
249,124,5.0,4.766086101531982
392,321,5.0,3.4407410621643066
405,1035,1.0,1.5453135967254639
109,234,4.0,3.7130117416381836
58,137,5.0,4.010103702545166
782,1534,2.0,2.1146862506866455
883,867,5.0,3.959376335144043
429,89,4.0,4.192940711975098
291,456,3.0,2.593437671661377
234,557,1.0,2.7684450149536133
269,122,1.0,1.3207980394363403
43,127,4.0,4.549979209899902
795,234,4.0,3.4569413661956787
267,230,4.0,4.013984680175781
291,404,4.0,4.3937506675720215
884,529,5.0,4.030910015106201
457,934,3.0,3.1687753200531006
619,295,4.0,3.4466400146484375
554,735,3.0,3.765882730484009
896,651,4.0,3.930234909057617
612,926,2.0,2.9280855655670166
269,148,1.0,2.086099863052368
178,180,3.0,4.264007091522217
705,546,3.0,3.7483391761779785
472,609,5.0,4.27758264541626
648,177,5.0,3.711514472961426
389,559,3.0,3.183647632598877
342,654,4.0,4.083855628967285
655,514,5.0,3.1852409839630127
274,211,5.0,4.765576362609863
158,550,3.0,3.583125114440918
886,1,4.0,3.8879611492156982
435,1225,3.0,2.4000654220581055
405,241,1.0,1.990652084350586
94,334,3.0,3.8630292415618896
532,879,3.0,4.290623664855957
67,871,3.0,3.167966842651367
464,482,5.0,4.694600582122803
151,89,5.0,4.637613296508789
315,271,3.0,3.3384437561035156
661,144,5.0,4.133023262023926
796,234,2.0,3.7774620056152344
645,185,5.0,4.427681922912598
216,466,4.0,3.98475980758667
198,369,1.0,1.7744425535202026
774,293,1.0,2.324399948120117
875,921,5.0,4.248413562774658
222,729,4.0,3.3454599380493164
532,345,4.0,4.404966831207275
793,117,4.0,3.804680347442627
50,327,3.0,3.5952987670898438
886,288,4.0,3.360048294067383
276,458,4.0,3.1649041175842285
379,194,5.0,4.628601551055908
174,763,1.0,3.558638572692871
308,219,3.0,3.561391592025757
178,125,4.0,3.8966832160949707
894,558,5.0,3.862114906311035
73,197,5.0,4.096560955047607
854,358,2.0,1.7415146827697754
236,135,2.0,3.775660514831543
16,178,5.0,5.093955993652344
481,163,4.0,3.813929319381714
49,148,1.0,2.239753484725952
568,301,1.0,2.622620105743408
561,1039,3.0,3.4668192863464355
198,249,2.0,2.752262592315674
192,258,5.0,3.938711404800415
274,274,4.0,4.00089693069458
337,1016,4.0,3.8557333946228027
270,145,3.0,3.9943675994873047
757,969,3.0,3.727832317352295
916,77,3.0,2.919614315032959
715,155,4.0,2.7248406410217285
744,657,5.0,4.271297454833984
753,316,4.0,3.7494359016418457
554,1284,3.0,3.1716368198394775
643,482,4.0,4.254714488983154
84,98,4.0,4.809434413909912
255,976,1.0,1.3125176429748535
109,425,2.0,3.7664880752563477
405,214,4.0,1.8480855226516724
13,161,5.0,2.986684560775757
545,174,4.0,4.174694061279297
306,287,4.0,3.849945545196533
711,313,4.0,4.750576496124268
249,188,4.0,4.282741546630859
416,86,1.0,4.589967250823975
114,171,4.0,3.6101062297821045
907,144,5.0,4.7559590339660645
936,221,4.0,4.1968841552734375
429,97,4.0,3.718283176422119
259,200,4.0,4.046273708343506
452,684,4.0,3.5957937240600586
940,521,4.0,3.693319082260132
919,310,3.0,3.6308255195617676
551,49,3.0,3.7428171634674072
25,208,4.0,4.110507488250732
425,831,3.0,2.360689401626587
781,172,5.0,4.476088047027588
559,566,5.0,3.371180534362793
591,70,4.0,3.7409729957580566
176,250,4.0,3.633922576904297
381,259,2.0,2.723858118057251
450,467,4.0,4.227631568908691
407,712,2.0,3.026731014251709
492,187,5.0,3.7677371501922607
320,238,4.0,4.215323448181152
327,651,4.0,3.95587158203125
878,497,2.0,3.7360196113586426
279,751,4.0,3.366210460662842
487,385,4.0,3.8807177543640137
618,588,4.0,3.5243265628814697
796,134,3.0,4.251883029937744
217,566,4.0,3.181382894515991
42,64,5.0,4.680394172668457
216,655,5.0,4.3487958908081055
854,756,3.0,1.740243911743164
780,498,5.0,4.252688407897949
670,949,2.0,3.423145294189453
44,553,3.0,3.303346633911133
479,62,3.0,2.6028709411621094
280,3,2.0,3.6461143493652344
650,780,2.0,2.6826891899108887
70,542,2.0,2.540566921234131
642,409,5.0,3.7525832653045654
354,483,4.0,4.5163445472717285
416,311,3.0,4.415092468261719
499,153,4.0,3.8587822914123535
398,485,5.0,3.963068962097168
924,50,5.0,4.38545560836792
410,689,2.0,2.869580030441284
313,175,4.0,3.9517040252685547
455,39,2.0,3.2431764602661133
120,127,4.0,4.498396873474121
393,1092,3.0,3.3235549926757812
659,423,4.0,3.8777847290039062
691,603,5.0,4.944827556610107
450,179,5.0,4.3481340408325195
90,647,5.0,4.78790283203125
119,382,5.0,4.204349994659424
479,283,4.0,3.9143402576446533
643,68,3.0,3.650073289871216
308,4,5.0,3.5481436252593994
711,317,4.0,4.363156318664551
466,7,4.0,3.8128671646118164
85,658,3.0,3.2913639545440674
721,243,3.0,2.9802560806274414
846,205,5.0,4.402594566345215
299,93,2.0,3.6096420288085938
161,22,2.0,2.9690918922424316
478,11,4.0,3.778120994567871
618,633,3.0,3.7337841987609863
406,466,4.0,3.5027153491973877
342,288,5.0,3.3530263900756836
846,98,4.0,4.658414363861084
934,502,4.0,3.8185713291168213
116,346,4.0,3.2116575241088867
608,487,4.0,3.988377571105957
317,260,4.0,3.2410812377929688
921,1,3.0,3.546427011489868
13,706,1.0,2.2232069969177246
324,268,4.0,4.560584545135498
5,364,1.0,2.448493242263794
399,722,2.0,2.6394543647766113
880,570,3.0,3.474886894226074
425,338,1.0,2.689648389816284
719,50,2.0,4.213653087615967
363,222,5.0,3.2183938026428223
442,22,2.0,4.026687145233154
370,50,4.0,4.30637264251709
329,286,4.0,3.5427093505859375
846,289,4.0,3.046884298324585
530,181,3.0,4.056259632110596
292,7,3.0,4.439523696899414
849,121,5.0,5.062100887298584
432,845,4.0,3.731065273284912
790,17,2.0,3.1351418495178223
722,291,4.0,3.7055559158325195
717,260,1.0,2.9561405181884766
575,98,4.0,3.6749613285064697
286,1504,4.0,3.8260157108306885
932,436,3.0,3.97166109085083
796,1415,3.0,2.689147472381592
115,1073,5.0,4.126380920410156
409,318,4.0,4.516678810119629
251,742,5.0,3.6970391273498535
622,101,5.0,3.3366098403930664
682,1079,3.0,2.0900163650512695
42,591,4.0,3.8278422355651855
868,843,1.0,2.7645089626312256
826,226,4.0,3.9461135864257812
217,1034,3.0,2.139188051223755
648,118,4.0,3.1612250804901123
475,306,5.0,3.752375364303589
222,173,5.0,4.203762054443359
693,504,5.0,3.3753867149353027
280,1297,4.0,3.149472951889038
652,538,4.0,3.328467845916748
316,276,2.0,3.093177318572998
715,145,2.0,2.044548273086548
576,237,4.0,3.710148334503174
314,1063,5.0,3.963667869567871
807,743,3.0,3.2911105155944824
451,749,3.0,2.810971736907959
324,292,3.0,4.5443291664123535
435,834,5.0,2.133610963821411
567,1,3.0,4.024101734161377
757,22,4.0,4.281784534454346
786,692,4.0,3.6579339504241943
95,465,3.0,3.4081850051879883
193,476,2.0,2.902782440185547
128,265,5.0,4.0209641456604
591,921,4.0,3.95686936378479
13,351,1.0,2.242018938064575
415,641,3.0,4.687736988067627
377,164,4.0,4.062262535095215
417,1135,4.0,3.265695571899414
655,382,3.0,2.9272637367248535
452,945,4.0,3.761683464050293
885,65,2.0,3.337671995162964
472,196,4.0,4.543697834014893
345,148,3.0,3.0248420238494873
76,56,5.0,4.189491271972656
305,655,4.0,3.626657485961914
450,1135,4.0,3.6638388633728027
659,636,3.0,3.5423614978790283
437,168,3.0,4.080721378326416
618,23,5.0,3.993572235107422
925,245,3.0,3.277050495147705
5,176,3.0,3.8131494522094727
398,94,2.0,2.9187726974487305
416,240,1.0,3.2836151123046875
398,133,3.0,3.9152073860168457
569,111,3.0,3.585145950317383
452,924,5.0,3.0466065406799316
930,1315,3.0,2.730654716491699
617,413,1.0,1.9615159034729004
271,582,3.0,3.658191680908203
82,194,4.0,3.9515421390533447
863,691,3.0,3.56205415725708
293,658,1.0,3.057799816131592
252,7,4.0,4.441221237182617
497,550,4.0,3.2214717864990234
750,294,4.0,2.9582293033599854
445,762,1.0,2.000676393508911
708,926,3.0,2.5835092067718506
401,322,2.0,2.6560277938842773
280,496,5.0,4.1340742111206055
291,376,3.0,3.219707727432251
174,143,5.0,4.19923734664917
746,423,3.0,3.9831461906433105
416,125,5.0,4.248726844787598
215,227,5.0,3.479421854019165
678,14,3.0,3.833282947540283
936,476,4.0,3.356588840484619
763,730,5.0,3.880915880203247
913,318,4.0,4.270453929901123
199,221,4.0,3.7549452781677246
678,50,4.0,4.290985584259033
663,129,3.0,3.9570953845977783
346,578,2.0,3.1076393127441406
477,66,5.0,4.734553337097168
481,198,4.0,4.212286949157715
603,62,2.0,3.63503360748291
807,374,3.0,3.400853157043457
7,213,3.0,4.529634475708008
486,248,4.0,3.553737163543701
43,385,5.0,4.095572471618652
299,118,2.0,2.805514335632324
527,134,5.0,4.250044345855713
269,1103,5.0,3.633335590362549
536,561,3.0,3.628753900527954
711,269,5.0,4.436935901641846
804,566,4.0,3.7338201999664307
184,1398,5.0,4.100724220275879
456,23,4.0,4.164055347442627
600,1004,4.0,3.408161163330078
308,213,4.0,4.113853454589844
405,1027,1.0,1.6753859519958496
694,385,4.0,4.175792694091797
111,304,4.0,3.4197757244110107
364,262,3.0,4.030796527862549
435,763,5.0,3.1940653324127197
690,1210,3.0,2.8110063076019287
883,386,3.0,3.591343879699707
788,554,3.0,2.9020256996154785
305,793,5.0,3.316016674041748
603,227,3.0,3.677219867706299
616,299,3.0,3.067863702774048
49,1071,3.0,2.324293613433838
660,63,2.0,2.097651720046997
313,218,2.0,3.5642409324645996
334,275,4.0,3.9165496826171875
592,56,5.0,4.924599647521973
290,527,4.0,3.7899129390716553
445,458,2.0,1.6678348779678345
886,101,4.0,3.194645881652832
476,80,3.0,2.8663196563720703
292,320,5.0,3.885132312774658
393,380,2.0,3.4672579765319824
7,99,5.0,4.148656368255615
405,996,1.0,1.2245408296585083
494,507,4.0,4.119138240814209
614,476,3.0,3.105414867401123
409,343,3.0,2.364567518234253
463,149,2.0,2.991896629333496
169,174,4.0,4.349491119384766
181,1382,1.0,1.301588535308838
654,66,4.0,3.628054141998291
887,559,4.0,4.017266750335693
693,180,3.0,3.488696336746216
236,200,3.0,3.5704288482666016
374,1001,1.0,2.5347819328308105
831,877,2.0,2.224926710128784
710,64,4.0,4.535109043121338
460,258,3.0,3.5670528411865234
514,582,4.0,3.871006488800049
303,366,3.0,3.1144285202026367
577,1531,4.0,3.7749290466308594
184,218,3.0,3.555241823196411
366,448,5.0,4.365189075469971
551,68,2.0,3.929339647293091
235,269,4.0,4.2438459396362305
503,430,5.0,4.427815914154053
374,289,1.0,3.246460199356079
268,114,5.0,4.255518913269043
648,527,4.0,3.9503884315490723
7,418,4.0,4.066287040710449
707,694,4.0,3.9644789695739746
486,25,4.0,3.332062244415283
345,202,3.0,4.069241523742676
650,550,3.0,2.8316097259521484
648,121,5.0,3.3310837745666504
241,302,3.0,4.2986159324646
815,526,4.0,4.137918949127197
292,174,5.0,4.885871410369873
343,747,4.0,3.7136921882629395
6,477,1.0,2.7124431133270264
707,1174,5.0,3.4063243865966797
886,709,3.0,4.135738849639893
841,333,4.0,4.066530227661133
882,205,5.0,4.768887042999268
364,1048,5.0,3.4570446014404297
496,204,3.0,3.3013782501220703
430,152,4.0,3.5221011638641357
450,492,5.0,4.227658271789551
679,95,3.0,3.6924071311950684
1,213,2.0,4.551332473754883
835,354,3.0,4.177434921264648
715,237,4.0,3.6624934673309326
314,1139,5.0,3.686026096343994
727,802,2.0,2.5925698280334473
7,637,4.0,3.5388617515563965
416,41,3.0,3.7628531455993652
731,1269,3.0,3.508601188659668
383,513,5.0,4.776673793792725
782,1096,2.0,2.6167330741882324
321,736,4.0,3.8071980476379395
899,385,3.0,3.3644185066223145
654,153,4.0,3.8682427406311035
678,1129,1.0,3.708496570587158
92,665,3.0,2.8227486610412598
830,88,4.0,3.5240859985351562
160,328,3.0,3.5600473880767822
286,993,2.0,3.8615469932556152
620,393,5.0,4.032628536224365
409,608,4.0,3.903942584991455
305,326,2.0,2.719935894012451
587,259,4.0,2.5250492095947266
269,179,4.0,3.680795669555664
534,288,4.0,4.203458786010742
690,546,4.0,2.9265995025634766
201,157,4.0,3.18703556060791
897,127,5.0,4.551506996154785
922,380,4.0,3.4081602096557617
59,1118,2.0,3.7850162982940674
244,707,4.0,4.125082492828369
267,364,2.0,3.1477067470550537
932,274,5.0,3.5702924728393555
655,1214,2.0,2.5645360946655273
504,399,4.0,3.725607395172119
405,372,1.0,1.9495899677276611
354,1017,3.0,3.4702024459838867
162,147,4.0,3.836320161819458
222,167,3.0,2.905648708343506
85,270,3.0,3.5211105346679688
491,408,5.0,4.59318733215332
25,143,3.0,4.044347763061523
887,393,4.0,4.112933158874512
174,88,5.0,3.923550844192505
454,660,3.0,2.92714262008667
280,50,3.0,4.404055118560791
655,215,2.0,3.0308072566986084
887,13,1.0,3.943845272064209
538,238,5.0,3.7663426399230957
554,405,4.0,3.5115184783935547
659,1044,4.0,3.660231113433838
836,163,5.0,3.484236240386963
404,300,4.0,3.61574125289917
643,70,3.0,3.855194568634033
514,109,3.0,3.665200710296631
482,288,3.0,3.51108455657959
343,89,3.0,4.782398700714111
478,300,3.0,3.327667713165283
457,959,4.0,4.364994525909424
454,317,4.0,3.108762502670288
183,202,4.0,3.4177112579345703
160,137,4.0,4.211171627044678
567,299,4.0,2.6859922409057617
802,565,3.0,3.3377928733825684
889,210,4.0,3.8151159286499023
479,295,1.0,3.406057596206665
271,487,4.0,4.057651996612549
650,602,4.0,3.1841115951538086
59,147,5.0,3.8381853103637695
446,879,3.0,2.838520050048828
605,521,5.0,4.192004680633545
659,505,4.0,4.035314559936523
7,578,3.0,3.7146410942077637
345,278,3.0,2.869197130203247
767,222,5.0,4.335875988006592
523,1041,4.0,4.380097389221191
292,248,4.0,4.224192142486572
654,926,4.0,2.8403444290161133
904,778,3.0,3.7910494804382324
877,949,3.0,3.5121378898620605
643,959,3.0,3.805039882659912
407,177,4.0,3.8823342323303223
478,79,4.0,4.005415439605713
60,496,4.0,4.483876705169678
474,357,5.0,4.747025012969971
10,175,3.0,4.339128017425537
425,576,3.0,2.797110080718994
215,692,3.0,3.7982265949249268
880,394,3.0,3.7728724479675293
419,100,5.0,4.448004245758057
194,25,2.0,2.9326894283294678
554,179,3.0,3.987865924835205
484,71,2.0,4.33786678314209
843,71,2.0,2.7472751140594482
189,121,2.0,3.37668514251709
622,125,3.0,3.478518486022949
642,393,5.0,3.902434825897217
664,12,5.0,4.609406471252441
749,11,5.0,4.149317741394043
669,508,3.0,3.423428773880005
474,79,5.0,4.507983684539795
378,1220,3.0,3.477757692337036
537,972,3.0,2.7406773567199707
330,570,4.0,4.406321048736572
552,249,3.0,3.0948896408081055
313,482,5.0,4.146623611450195
82,304,3.0,3.2241363525390625
382,474,5.0,3.8143348693847656
351,748,4.0,4.055335521697998
648,172,5.0,4.051421642303467
839,813,4.0,3.8263635635375977
923,148,4.0,4.320744037628174
932,498,5.0,4.716615200042725
184,708,4.0,3.5466811656951904
303,160,4.0,3.788645029067993
694,300,4.0,4.075551986694336
489,351,5.0,3.726787567138672
343,116,5.0,4.308158874511719
23,116,5.0,3.8365869522094727
385,486,2.0,3.398486614227295
523,186,3.0,4.623179912567139
210,176,4.0,4.5609612464904785
172,430,3.0,3.4932656288146973
464,984,2.0,3.2203869819641113
654,591,5.0,3.704819679260254
297,47,2.0,3.4356112480163574
536,49,3.0,3.828251361846924
487,229,3.0,3.3634471893310547
267,198,5.0,4.786728858947754
463,224,3.0,3.6464853286743164
591,357,5.0,4.376006126403809
488,429,4.0,3.635408401489258
95,274,4.0,3.3899857997894287
207,15,4.0,3.2691659927368164
496,727,5.0,2.7747385501861572
886,4,3.0,3.5347816944122314
189,134,5.0,4.6307806968688965
458,86,5.0,4.048079490661621
911,99,3.0,3.7623796463012695
711,316,4.0,4.461336135864258
204,269,4.0,4.029463291168213
429,293,4.0,3.851370096206665
682,570,2.0,3.0295047760009766
373,211,4.0,4.05145263671875
269,120,1.0,1.0784659385681152
899,660,4.0,3.7365286350250244
825,742,4.0,3.9631195068359375
716,651,5.0,4.504638671875
798,105,3.0,3.239253282546997
675,305,4.0,3.9631600379943848
608,1101,4.0,3.8267650604248047
154,286,4.0,4.027270317077637
669,79,2.0,3.8922688961029053
184,451,4.0,3.4054324626922607
379,175,5.0,4.433162689208984
617,174,1.0,3.320859909057617
796,546,4.0,3.4464359283447266
60,237,4.0,4.120561599731445
207,192,3.0,3.674877405166626
400,313,5.0,4.525344371795654
856,316,5.0,4.315269470214844
879,121,4.0,3.38730525970459
671,255,5.0,3.575127363204956
933,96,2.0,3.6640288829803467
401,144,5.0,3.296072244644165
429,176,3.0,3.9898808002471924
429,1217,2.0,2.4463305473327637
291,735,4.0,4.4357757568359375
416,29,2.0,3.1378045082092285
773,462,5.0,3.6029999256134033
567,79,2.0,4.224154472351074
805,716,4.0,3.207740545272827
619,566,4.0,3.4929261207580566
378,106,2.0,2.889197826385498
181,277,1.0,1.3931876420974731
566,157,5.0,3.5074210166931152
312,69,4.0,4.356508255004883
286,629,5.0,3.8517098426818848
522,521,5.0,4.278010845184326
828,900,2.0,3.5077333450317383
449,274,2.0,3.56813383102417
313,186,3.0,4.0265302658081055
918,656,4.0,3.76698637008667
488,292,3.0,3.230907440185547
805,1232,3.0,2.7077033519744873
702,313,5.0,3.897726058959961
331,160,5.0,3.3356189727783203
109,597,2.0,3.448382616043091
497,260,4.0,2.7667956352233887
417,1057,2.0,2.6687281131744385
694,132,5.0,4.401510715484619
502,751,3.0,3.4160943031311035
660,1133,2.0,2.2899863719940186
894,61,4.0,4.068536281585693
294,249,5.0,3.55686616897583
537,694,4.0,3.4656267166137695
417,444,4.0,3.0371551513671875
606,91,5.0,3.9981043338775635
821,125,4.0,4.583027362823486
216,651,5.0,4.660643577575684
314,8,4.0,4.26258659362793
363,218,2.0,3.1416738033294678
815,433,3.0,3.9733574390411377
629,876,3.0,2.4752001762390137
275,186,3.0,3.4540581703186035
291,1505,4.0,3.2886962890625
495,421,1.0,4.150577068328857
721,319,3.0,3.4900856018066406
911,174,4.0,4.299502372741699
407,859,3.0,2.7254488468170166
321,863,3.0,3.9303646087646484
748,237,4.0,3.557981014251709
456,588,3.0,3.7582006454467773
292,111,4.0,3.952908992767334
605,523,5.0,4.374843120574951
2,13,4.0,3.73258113861084
561,117,3.0,2.769083023071289
420,116,4.0,3.9775428771972656
131,302,5.0,4.497117519378662
90,659,4.0,4.616203308105469
846,674,4.0,3.295915365219116
299,88,3.0,3.3207573890686035
932,524,5.0,4.479215145111084
375,773,3.0,3.33563232421875
380,81,3.0,3.115176200866699
239,509,5.0,4.311244010925293
325,554,1.0,2.5624237060546875
833,47,5.0,3.161761999130249
924,701,4.0,3.9249939918518066
106,495,4.0,3.7229299545288086
127,300,5.0,4.217343330383301
645,483,5.0,4.848505020141602
343,631,4.0,4.17426061630249
568,213,4.0,3.4889321327209473
116,323,3.0,2.4758644104003906
567,12,4.0,4.585533618927002
735,300,4.0,3.211137294769287
82,357,4.0,4.257511615753174
478,282,3.0,3.3419833183288574
422,436,3.0,3.8841538429260254
623,504,3.0,3.8515655994415283
913,92,4.0,3.28139591217041
13,329,2.0,2.947347402572632
361,705,5.0,4.024749279022217
14,507,4.0,4.145478248596191
1,27,2.0,2.867522716522217
7,638,4.0,4.362502098083496
585,1021,3.0,3.8598074913024902
279,1113,3.0,3.416576623916626
498,464,4.0,3.2502410411834717
287,252,1.0,3.4620251655578613
318,193,3.0,4.08394718170166
90,212,4.0,3.9768624305725098
458,423,2.0,3.859119415283203
88,898,4.0,3.543804168701172
735,50,5.0,4.182600975036621
620,465,4.0,4.065687656402588
251,418,4.0,3.7571322917938232
862,1050,5.0,4.275252342224121
191,86,5.0,4.025325298309326
402,257,4.0,4.252695560455322
516,199,3.0,4.542301654815674
90,367,4.0,4.094287872314453
831,690,4.0,3.5294532775878906
693,449,2.0,2.7218027114868164
303,734,1.0,2.1756834983825684
331,198,4.0,3.8859987258911133
933,95,3.0,3.255599021911621
671,55,3.0,3.6620521545410156
874,116,4.0,3.8240976333618164
374,566,3.0,3.5725512504577637
123,13,3.0,3.704005479812622
880,150,4.0,4.13226842880249
444,286,2.0,4.246242523193359
880,176,5.0,4.268088340759277
379,636,3.0,3.508553981781006
422,15,3.0,3.950606346130371
676,50,5.0,4.724555492401123
409,497,3.0,4.046024799346924
123,288,3.0,3.5575735569000244
262,217,3.0,3.0010175704956055
802,194,4.0,4.0161027908325195
174,458,4.0,3.434126138687134
756,566,4.0,3.263152599334717
87,64,5.0,4.855536460876465
13,281,3.0,2.508626937866211
466,273,4.0,3.3512628078460693
42,222,4.0,3.9036178588867188
630,123,4.0,3.2153077125549316
693,181,3.0,3.4054574966430664
190,310,4.0,3.704434394836426
574,750,3.0,3.8612618446350098
301,515,3.0,4.337162494659424
1,137,5.0,4.264110565185547
327,156,4.0,3.6831884384155273
26,50,4.0,4.169846534729004
896,201,3.0,3.147310972213745
534,1059,4.0,4.033624649047852
87,318,4.0,4.766756534576416
654,963,4.0,4.243980884552002
788,144,4.0,3.7430598735809326
919,11,4.0,3.8247733116149902
537,236,3.0,2.7831854820251465
6,133,4.0,3.6897997856140137
160,488,5.0,4.608330249786377
377,682,3.0,3.3181989192962646
804,282,4.0,3.9268057346343994
398,49,3.0,3.272010564804077
82,87,3.0,3.818260669708252
625,200,3.0,3.4625635147094727
749,498,4.0,4.5799360275268555
862,432,5.0,4.308897495269775
92,631,4.0,3.7699289321899414
721,995,3.0,3.602227210998535
551,89,4.0,4.740208148956299
870,313,4.0,4.272488594055176
498,1404,3.0,3.1975326538085938
125,996,3.0,2.2595198154449463
846,1107,4.0,3.2215654850006104
287,111,3.0,4.161752700805664
437,588,3.0,3.841825008392334
291,418,4.0,4.23546028137207
640,761,5.0,3.794271945953369
72,161,5.0,3.6413793563842773
291,293,5.0,4.551826000213623
932,530,4.0,4.582494258880615
10,692,4.0,4.286582946777344
372,595,4.0,4.181540489196777
503,134,5.0,4.68604040145874
681,894,1.0,2.639533519744873
163,318,4.0,4.019163131713867
683,311,3.0,3.555628776550293
276,154,4.0,4.373415470123291
593,660,5.0,3.9717047214508057
299,318,4.0,4.34088134765625
288,173,3.0,4.365407466888428
468,1016,3.0,3.4850974082946777
41,28,4.0,3.8147969245910645
923,405,4.0,4.349780082702637
363,588,2.0,3.5054454803466797
198,188,5.0,3.4213624000549316
729,333,4.0,3.2225048542022705
370,603,5.0,4.24971866607666
758,253,5.0,3.886763572692871
126,258,4.0,3.5939712524414062
892,1285,4.0,3.6162219047546387
303,289,2.0,2.6133689880371094
618,50,5.0,4.165046691894531
428,303,3.0,4.139143466949463
798,432,4.0,3.387031078338623
125,175,2.0,4.025373458862305
343,333,3.0,3.8005781173706055
471,8,5.0,3.637005090713501
430,748,3.0,2.5124711990356445
191,751,3.0,3.568881034851074
14,813,2.0,4.308162689208984
938,929,2.0,3.0099260807037354
381,887,3.0,4.0511884689331055
296,7,5.0,4.474968433380127
363,1101,3.0,3.538300037384033
19,288,3.0,3.4310266971588135
932,1449,5.0,5.1874284744262695
450,1197,3.0,4.153916358947754
931,258,3.0,3.9314136505126953
109,409,2.0,3.4264323711395264
405,1224,1.0,1.5217260122299194
537,664,3.0,3.1538689136505127
588,154,4.0,3.988203525543213
168,866,5.0,3.2713632583618164
342,143,5.0,3.5746140480041504
796,486,5.0,3.8562612533569336
338,215,3.0,3.7292895317077637
660,182,2.0,3.3339626789093018
533,66,4.0,3.3265912532806396
493,1088,2.0,2.1140224933624268
612,15,4.0,3.734478712081909
933,585,1.0,1.1240949630737305
75,476,1.0,3.108874559402466
887,105,3.0,3.524336099624634
24,402,4.0,4.2748847007751465
435,121,3.0,3.139476776123047
841,270,4.0,4.127561569213867
593,196,5.0,4.1394853591918945
843,616,3.0,2.642462730407715
25,633,4.0,4.151771068572998
130,392,4.0,4.462824821472168
848,172,5.0,4.773016452789307
389,510,3.0,4.300588607788086
98,116,5.0,3.6628782749176025
749,393,5.0,3.5730671882629395
251,1,4.0,4.171565055847168
648,288,4.0,3.261061668395996
347,742,5.0,3.641146659851074
643,186,4.0,4.134620666503906
242,361,5.0,4.496416091918945
398,519,4.0,4.131414890289307
796,248,3.0,3.703723430633545
195,258,4.0,3.901670455932617
610,79,3.0,4.176916599273682
716,497,3.0,4.349771976470947
655,410,2.0,2.6233038902282715
524,94,2.0,3.3186912536621094
880,24,3.0,3.7704200744628906
647,174,4.0,4.318063259124756
210,127,5.0,4.877185344696045
343,11,5.0,4.402736663818359
374,526,4.0,3.8400754928588867
445,291,2.0,1.843932867050171
670,659,5.0,4.057068824768066
18,729,3.0,3.5326197147369385
276,728,2.0,2.6564385890960693
479,121,4.0,2.855473041534424
416,347,4.0,4.137639999389648
592,338,2.0,2.3958919048309326
466,4,3.0,3.504495143890381
293,248,3.0,3.409092426300049
272,1101,5.0,4.3402628898620605
236,194,3.0,3.8599822521209717
657,628,3.0,3.298220157623291
43,95,4.0,4.041529178619385
308,121,3.0,3.782820701599121
500,569,4.0,2.7789924144744873
605,70,3.0,3.952587366104126
450,704,3.0,3.7568678855895996
279,109,5.0,3.384031057357788
940,628,4.0,3.267984390258789
506,425,4.0,4.092483043670654
864,356,4.0,3.752385377883911
942,969,4.0,4.305727958679199
700,169,3.0,4.262234210968018
249,467,4.0,4.436254978179932
352,385,4.0,3.5999722480773926
860,294,2.0,2.6543502807617188
846,751,5.0,3.816511869430542
269,665,1.0,1.9709632396697998
654,210,5.0,3.9893431663513184
523,202,4.0,4.533731460571289
43,705,4.0,4.215912342071533
721,145,4.0,3.2720603942871094
18,1,5.0,4.0219340324401855
880,412,3.0,2.44404673576355
360,45,4.0,4.265928745269775
457,179,4.0,4.753139972686768
286,476,4.0,3.630281925201416
186,470,5.0,3.5713882446289062
262,191,4.0,3.9993679523468018
219,132,5.0,4.4305949211120605
724,683,1.0,1.5237771272659302
279,284,1.0,3.314645767211914
378,47,4.0,3.6224465370178223
577,226,4.0,3.8087947368621826
276,1240,4.0,4.392187595367432
916,203,4.0,3.750537157058716
743,301,4.0,3.506981372833252
486,1609,3.0,1.4450618028640747
911,530,4.0,4.2069549560546875
863,750,4.0,4.2288923263549805
60,430,5.0,4.3322038650512695
798,378,4.0,3.5564212799072266
334,313,4.0,4.362056255340576
308,143,4.0,3.7659687995910645
204,748,1.0,2.52354097366333
632,134,5.0,4.418116569519043
664,215,4.0,3.829296112060547
416,127,5.0,4.927750110626221
429,42,5.0,3.88930344581604
823,53,5.0,3.093421459197998
488,70,3.0,3.3245649337768555
393,546,2.0,3.3724358081817627
795,25,5.0,3.1075246334075928
28,380,4.0,3.592322587966919
22,209,4.0,4.5315842628479
313,127,5.0,4.3578386306762695
341,358,1.0,3.724916934967041
641,511,5.0,4.526345729827881
551,587,4.0,4.166529655456543
896,1437,1.0,1.2692326307296753
883,270,4.0,4.027938365936279
385,208,3.0,3.502364158630371
834,292,5.0,3.850179672241211
18,204,3.0,3.9899067878723145
412,276,5.0,3.658829689025879
645,319,3.0,3.4597315788269043
543,97,3.0,3.6435706615448
852,827,2.0,3.1887943744659424
181,116,1.0,1.4690141677856445
385,46,5.0,3.1723763942718506
447,17,3.0,3.435835599899292
218,47,4.0,3.3780341148376465
472,216,4.0,4.565279006958008
776,135,4.0,3.912029981613159
298,276,2.0,3.844259738922119
372,1212,4.0,4.147843360900879
327,338,1.0,2.2182505130767822
409,1558,5.0,3.19240403175354
900,129,4.0,2.7566747665405273
903,56,5.0,4.3411760330200195
222,97,4.0,3.7239880561828613
22,29,1.0,2.2611889839172363
13,116,5.0,3.725931167602539
132,806,3.0,3.439422607421875
437,95,4.0,3.787057399749756
606,483,5.0,4.9069600105285645
934,529,5.0,4.023655891418457
624,1017,3.0,3.760145902633667
278,603,5.0,4.675972938537598
201,1421,3.0,2.771024703979492
537,1010,2.0,2.719759941101074
524,7,2.0,3.6448006629943848
412,508,4.0,3.740011215209961
201,25,3.0,2.952317476272583
706,24,3.0,3.392759323120117
620,294,5.0,3.8770012855529785
342,293,4.0,3.828214168548584
128,603,5.0,4.467583179473877
380,582,4.0,3.0368590354919434
585,190,4.0,4.23166561126709
654,1048,3.0,3.1867005825042725
368,17,5.0,3.1367154121398926
835,458,4.0,4.00648307800293
928,749,5.0,4.3700127601623535
64,174,5.0,4.346395015716553
486,882,2.0,3.290982723236084
116,349,2.0,2.5489258766174316
236,614,5.0,3.577138900756836
839,244,3.0,2.9098801612854004
339,461,5.0,4.117160320281982
11,332,5.0,3.436023712158203
843,385,3.0,2.75284481048584
796,873,3.0,3.350283145904541
642,422,3.0,3.515890121459961
116,730,4.0,3.208740234375
126,346,3.0,3.559734344482422
233,462,5.0,4.409260272979736
5,432,4.0,3.5675292015075684
450,78,2.0,3.0818378925323486
716,609,3.0,3.8676185607910156
181,7,4.0,1.5180962085723877
372,148,5.0,4.4471869468688965
66,7,3.0,3.871506690979004
882,969,5.0,4.3721604347229
354,83,4.0,4.060681343078613
24,127,5.0,4.788290023803711
189,179,5.0,4.331357479095459
228,427,4.0,3.8050296306610107
223,866,4.0,3.0454912185668945
279,1133,2.0,3.256561279296875
291,573,4.0,3.8029448986053467
62,273,4.0,3.226888656616211
198,156,3.0,3.696942090988159
561,346,5.0,3.1449429988861084
303,800,3.0,2.5808603763580322
210,44,3.0,4.008530616760254
119,182,4.0,4.471099376678467
697,235,4.0,3.6273040771484375
254,678,3.0,2.5130019187927246
346,216,3.0,3.774446964263916
291,1078,4.0,3.4762725830078125
301,702,4.0,3.433180809020996
907,271,5.0,4.559816837310791
344,213,4.0,4.425375461578369
614,458,4.0,3.251187324523926
64,160,4.0,3.544041395187378
352,234,4.0,3.7844815254211426
886,380,3.0,3.14031982421875
454,323,2.0,2.649010181427002
943,182,5.0,4.192519187927246
490,137,3.0,3.076211452484131
280,180,4.0,4.060853004455566
701,289,4.0,3.123770236968994
154,414,4.0,3.945845603942871
497,739,4.0,3.1302247047424316
761,458,1.0,2.856062173843384
308,506,4.0,3.929312229156494
347,173,2.0,4.2972731590271
194,435,4.0,3.4847288131713867
181,1392,1.0,1.1557358503341675
646,683,3.0,2.694606065750122
236,294,2.0,2.9840590953826904
354,847,3.0,3.780266046524048
161,1266,2.0,2.4113802909851074
405,770,1.0,1.867891788482666
178,64,5.0,4.710683345794678
425,232,3.0,2.919227123260498
378,636,3.0,3.2928736209869385
450,794,5.0,4.049093246459961
910,307,2.0,3.0700788497924805
919,5,4.0,3.4464993476867676
347,385,4.0,3.7657737731933594
385,896,5.0,3.4734034538269043
29,245,3.0,3.202457904815674
6,216,5.0,3.762190818786621
145,66,4.0,3.7101967334747314
933,144,4.0,3.44600248336792
177,302,4.0,4.18990421295166
474,28,4.0,4.318553447723389
234,418,3.0,2.8990960121154785
453,763,4.0,3.1545250415802
459,111,3.0,3.5117242336273193
871,127,5.0,4.089359283447266
659,670,2.0,3.5537171363830566
804,139,3.0,3.311485767364502
419,275,5.0,4.2699737548828125
942,313,3.0,4.875677585601807
722,845,5.0,3.7042157649993896
710,23,5.0,4.25777006149292
727,827,3.0,2.321983814239502
224,751,3.0,3.0553693771362305
713,302,4.0,3.4472970962524414
488,707,2.0,3.6095118522644043
854,273,4.0,3.0517168045043945
444,1483,2.0,3.756981134414673
886,715,1.0,3.419980525970459
883,387,5.0,3.961585760116577
848,419,5.0,4.338641166687012
447,260,2.0,2.639829635620117
271,493,4.0,4.358522891998291
135,324,3.0,3.102199077606201
774,468,2.0,1.7881770133972168
710,300,3.0,3.4528300762176514
498,538,1.0,3.057370901107788
294,472,3.0,3.164121389389038
196,153,5.0,3.85469126701355
393,689,3.0,3.2147397994995117
601,82,1.0,3.313749313354492
909,1121,5.0,4.384105205535889
862,568,3.0,4.44091272354126
425,1,2.0,3.3913073539733887
868,426,4.0,2.5293667316436768
387,558,4.0,3.689284563064575
541,254,3.0,2.429847240447998
230,174,5.0,4.376357555389404
883,20,4.0,3.8392117023468018
142,333,5.0,3.6364917755126953
147,937,3.0,4.045069217681885
749,501,4.0,3.800175428390503
256,831,4.0,3.4218077659606934
498,156,5.0,3.5297462940216064
378,179,2.0,3.9956321716308594
489,270,4.0,4.17495059967041
925,567,3.0,3.1805524826049805
237,423,4.0,3.903900146484375
262,546,2.0,2.8860950469970703
715,157,4.0,3.702261447906494
896,429,5.0,3.683875799179077
654,54,3.0,3.497805595397949
558,283,3.0,4.276007175445557
83,768,4.0,3.194139003753662
751,100,4.0,4.112799167633057
267,1185,2.0,2.4142961502075195
405,1231,1.0,1.3957651853561401
773,181,5.0,3.7390482425689697
757,229,3.0,3.0939226150512695
416,274,4.0,4.094892501831055
227,823,2.0,2.461416244506836
385,1097,5.0,3.055440902709961
533,148,3.0,3.104142189025879
458,302,5.0,4.298128128051758
324,410,5.0,4.3829474449157715
22,510,5.0,4.473827362060547
95,787,2.0,3.417825698852539
606,93,4.0,4.091948986053467
621,722,4.0,3.365187168121338
151,971,5.0,4.228932857513428
900,237,4.0,2.519099712371826
495,655,5.0,4.326742649078369
321,513,4.0,4.333150863647461
250,44,4.0,3.9250574111938477
532,277,5.0,4.504716873168945
354,423,4.0,3.8346261978149414
642,998,3.0,3.6499686241149902
238,252,3.0,2.57308030128479
56,568,4.0,3.9622509479522705
921,284,4.0,3.05462646484375
459,1013,3.0,2.762042999267578
511,880,5.0,3.7978127002716064
527,543,4.0,3.7845587730407715
765,242,5.0,4.510006427764893
295,7,5.0,4.433420658111572
90,923,5.0,4.897828102111816
371,55,4.0,3.9850172996520996
271,476,1.0,2.5812010765075684
682,942,2.0,3.425848960876465
868,133,2.0,3.4753713607788086
848,151,4.0,4.186607837677002
311,484,4.0,4.26716423034668
727,154,3.0,3.7684597969055176
42,50,5.0,4.576920032501221
937,874,3.0,3.1113719940185547
331,514,3.0,3.7760114669799805
442,1218,2.0,3.216533660888672
54,313,4.0,4.639739036560059
487,841,2.0,2.6513986587524414
761,263,1.0,1.9625284671783447
805,735,4.0,3.595548629760742
472,172,5.0,4.669332027435303
545,80,3.0,3.151684284210205
788,174,2.0,4.131559371948242
591,47,3.0,3.6417076587677
391,47,4.0,3.6085309982299805
896,489,5.0,3.7434778213500977
878,50,4.0,4.097949504852295
498,185,4.0,3.6915934085845947
144,300,3.0,3.606905698776245
683,22,4.0,4.051382541656494
450,717,4.0,3.254143238067627
495,413,5.0,3.217332363128662
561,426,1.0,2.3812944889068604
65,514,4.0,4.1115617752075195
776,174,5.0,4.162577152252197
125,475,1.0,4.043145656585693
918,196,3.0,3.536807060241699
700,423,4.0,3.6097850799560547
542,321,4.0,3.221039295196533
554,67,3.0,3.252537488937378
144,89,3.0,4.166501045227051
279,411,3.0,3.3724887371063232
415,1524,5.0,4.755429744720459
450,1282,3.0,3.980348587036133
250,98,5.0,4.720815181732178
782,339,3.0,2.761897563934326
392,1007,5.0,4.441498756408691
608,735,4.0,3.6883888244628906
543,64,4.0,4.42462682723999
381,313,2.0,4.735551834106445
286,689,5.0,3.593090534210205
721,288,3.0,3.6436798572540283
747,174,5.0,4.855117321014404
406,23,4.0,4.103842258453369
319,261,3.0,2.467050790786743
109,294,4.0,3.4511630535125732
829,255,3.0,3.0245890617370605
456,1019,4.0,3.8658571243286133
42,953,2.0,3.737308979034424
128,487,5.0,4.063899040222168
786,504,4.0,4.183182239532471
121,192,4.0,4.390832424163818
158,250,4.0,3.6563968658447266
294,100,4.0,4.418464660644531
604,185,2.0,4.0484819412231445
843,77,2.0,2.579653024673462
805,455,4.0,3.256113052368164
788,553,3.0,3.149881362915039
435,169,5.0,4.486752510070801
346,879,5.0,3.1687397956848145
670,195,4.0,3.979992151260376
313,163,2.0,3.6005194187164307
390,989,5.0,3.048525094985962
880,248,4.0,3.953707218170166
5,135,4.0,3.8343560695648193
552,127,4.0,3.9369752407073975
696,178,4.0,4.939234256744385
665,748,4.0,3.3682188987731934
622,62,4.0,2.899717330932617
786,211,4.0,4.169942855834961
119,349,3.0,3.5719027519226074
554,284,3.0,3.3540685176849365
522,530,4.0,4.51231050491333
318,182,4.0,4.241860389709473
588,204,5.0,4.003706932067871
438,269,4.0,4.501087665557861
512,186,5.0,4.489005088806152
745,96,4.0,3.1601414680480957
59,654,4.0,4.544703960418701
178,62,4.0,3.42185115814209
385,526,3.0,3.4262914657592773
357,407,3.0,3.3986849784851074
412,172,5.0,4.244828701019287
344,319,1.0,3.378849506378174
393,40,1.0,3.4632883071899414
457,755,4.0,3.7679615020751953
523,1472,5.0,3.2042791843414307
394,97,4.0,4.291380882263184
305,50,5.0,4.175071716308594
738,183,5.0,4.029824256896973
890,163,3.0,3.4526305198669434
210,419,4.0,4.371574878692627
694,665,4.0,3.543217182159424
535,381,3.0,3.757976531982422
138,222,4.0,4.154059410095215
385,175,4.0,3.4272541999816895
623,692,3.0,3.548503875732422
574,347,3.0,3.434692621231079
314,869,4.0,3.7484281063079834
632,215,4.0,3.8560190200805664
379,47,5.0,4.093876838684082
111,272,3.0,4.226358890533447
514,729,4.0,3.632389545440674
450,776,4.0,3.952070474624634
533,111,4.0,3.343203544616699
11,740,4.0,3.4255216121673584
5,216,1.0,3.763608694076538
230,504,3.0,4.0857462882995605
62,132,5.0,4.062160968780518
506,554,3.0,3.0241539478302
788,429,3.0,3.8761394023895264
654,147,3.0,3.601928949356079
833,645,3.0,3.5665550231933594
537,230,2.0,2.5117411613464355
555,274,4.0,3.9449682235717773
42,603,4.0,4.520266056060791
703,300,4.0,3.715453863143921
467,93,4.0,3.79921817779541
79,19,5.0,4.228043079376221
844,258,4.0,3.67269229888916
85,1065,3.0,3.5011284351348877
298,503,4.0,3.8842575550079346
50,324,5.0,3.333637237548828
933,578,1.0,2.082732915878296
404,689,2.0,3.196443557739258
293,571,2.0,1.396695852279663
11,660,3.0,3.7752625942230225
455,258,5.0,3.779914379119873
94,686,4.0,4.135496616363525
458,317,5.0,4.073731422424316
880,948,4.0,2.2855372428894043
354,638,4.0,3.9240927696228027
630,12,4.0,4.1579413414001465
250,195,2.0,4.3644022941589355
524,898,4.0,3.2498416900634766
90,1204,4.0,4.264628887176514
314,28,5.0,4.191226959228516
416,865,3.0,4.200329303741455
311,39,4.0,3.645167827606201
106,313,4.0,4.381989479064941
561,733,3.0,3.0630764961242676
450,318,5.0,4.825680255889893
398,276,4.0,3.677394390106201
712,1503,4.0,3.6804676055908203
864,382,3.0,4.082297325134277
708,1061,3.0,2.7804179191589355
655,59,4.0,3.32316255569458
913,235,1.0,2.377761125564575
268,768,3.0,2.145827293395996
365,1017,4.0,3.6227378845214844
417,792,4.0,3.626511573791504
8,518,4.0,4.361861705780029
846,435,5.0,4.2474799156188965
916,190,4.0,4.188508987426758
630,465,1.0,3.5287413597106934
379,577,4.0,2.07132625579834
286,1047,1.0,3.5384323596954346
940,751,3.0,3.270409345626831
85,8,4.0,3.863767623901367
538,276,1.0,3.5092267990112305
85,298,4.0,3.6241421699523926
686,23,5.0,4.979629993438721
505,271,4.0,3.1717395782470703
334,1048,4.0,2.927741050720215
298,485,3.0,4.114103317260742
269,393,1.0,2.495769739151001
197,328,4.0,3.401679515838623
474,610,3.0,4.108635425567627
807,428,4.0,4.057204246520996
833,289,1.0,2.3237690925598145
1,180,3.0,4.555759906768799
785,195,4.0,3.9282965660095215
837,225,3.0,2.8864874839782715
506,135,5.0,4.255800247192383
43,202,5.0,3.9656224250793457
181,1,3.0,1.5262452363967896
495,185,5.0,4.507871627807617
777,42,5.0,4.058442115783691
910,300,4.0,2.98260498046875
388,895,4.0,4.129495143890381
774,238,5.0,2.3432087898254395
303,24,3.0,3.7671749591827393
123,289,1.0,2.733825922012329
417,552,2.0,3.172240734100342
6,473,2.0,2.7300050258636475
897,95,3.0,4.204102993011475
642,153,3.0,3.95499587059021
285,300,4.0,3.8547122478485107
639,204,3.0,3.0416417121887207
398,73,3.0,3.4248287677764893
592,685,2.0,3.22554612159729
207,290,2.0,2.888277530670166
223,329,2.0,3.1304688453674316
13,612,4.0,3.8940439224243164
743,302,5.0,4.466349124908447
905,879,3.0,2.9237143993377686
144,96,5.0,4.047730922698975
267,715,4.0,4.1142730712890625
763,173,4.0,4.359534740447998
562,318,3.0,4.358780384063721
669,514,3.0,3.694559097290039
387,1078,1.0,2.4984278678894043
7,680,4.0,2.959409713745117
350,1039,4.0,4.3648295402526855
232,191,4.0,4.373199462890625
151,133,5.0,4.331356525421143
878,274,3.0,2.988701820373535
463,741,1.0,3.3014869689941406
686,172,4.0,4.9562225341796875
920,299,2.0,2.7246317863464355
365,275,4.0,4.066648006439209
864,8,5.0,4.426828861236572
654,265,5.0,3.956115245819092
721,172,5.0,4.26295804977417
495,168,5.0,4.489406108856201
474,14,5.0,4.391061305999756
457,134,5.0,5.052563190460205
456,125,4.0,3.469034194946289
901,451,4.0,3.980386972427368
514,42,5.0,4.09796142578125
407,313,4.0,4.3612542152404785
269,346,2.0,3.323659896850586
484,222,5.0,4.187043190002441
79,1,4.0,4.1004319190979
916,727,4.0,3.1540493965148926
454,649,2.0,2.7057981491088867
44,90,2.0,3.26839017868042
629,880,4.0,3.5661115646362305
825,137,2.0,3.9023914337158203
591,923,4.0,4.40167236328125
523,634,5.0,4.489089488983154
684,371,2.0,3.374453067779541
587,539,3.0,2.2512669563293457
196,70,3.0,3.7090647220611572
804,152,4.0,3.7249860763549805
347,117,5.0,3.7662513256073
881,143,5.0,3.615455150604248
805,552,3.0,3.023467540740967
397,334,3.0,3.5480828285217285
349,20,5.0,3.452507972717285
144,302,3.0,4.184421062469482
339,23,5.0,4.684632778167725
92,725,3.0,2.340934991836548
867,216,3.0,4.402580738067627
749,56,2.0,4.397247791290283
276,426,3.0,3.1410255432128906
527,508,3.0,3.71138334274292
336,1051,2.0,2.8524603843688965
859,293,4.0,4.151631832122803
405,1200,1.0,2.1217427253723145
634,50,4.0,4.421599388122559
6,238,5.0,3.71798038482666
797,328,2.0,2.835545301437378
795,154,3.0,3.53312349319458
661,172,5.0,4.4947590827941895
550,258,5.0,4.186270713806152
363,283,2.0,3.5530638694763184
343,69,5.0,4.3891706466674805
411,449,3.0,3.008234977722168
881,1215,1.0,1.7051758766174316
465,56,4.0,3.6168782711029053
788,151,1.0,3.5183866024017334
640,170,5.0,4.782181262969971
343,86,5.0,4.53046989440918
332,271,4.0,4.333526611328125
244,716,3.0,3.566775321960449
823,77,4.0,3.497736930847168
727,53,1.0,2.810208559036255
770,302,2.0,5.111889839172363
497,405,3.0,3.1917967796325684
919,419,5.0,3.752678394317627
935,846,4.0,3.836596727371216
445,246,1.0,2.5309064388275146
339,250,5.0,3.7521257400512695
181,1284,1.0,1.3686140775680542
387,294,2.0,2.7612037658691406
5,424,1.0,1.2631558179855347
608,1204,2.0,3.706585168838501
126,905,2.0,3.6192407608032227
772,259,2.0,3.4889121055603027
162,208,3.0,4.035029411315918
658,276,4.0,3.5429928302764893
328,627,3.0,3.121547222137451
62,225,3.0,2.134615898132324
655,276,4.0,2.931952953338623
49,324,4.0,2.535137414932251
793,928,3.0,3.3019018173217773
379,514,3.0,4.4735941886901855
368,98,3.0,4.139511585235596
69,289,4.0,2.4825785160064697
623,50,5.0,4.312685012817383
332,367,4.0,4.533222675323486
808,312,3.0,4.107510566711426
292,118,3.0,3.219374895095825
85,923,4.0,4.212558746337891
387,447,4.0,3.534968137741089
495,582,4.0,4.10045051574707
551,692,4.0,3.9787356853485107
49,325,3.0,1.8644970655441284
642,234,1.0,3.8975093364715576
283,209,4.0,4.479451656341553
796,178,3.0,4.347153663635254
328,1021,3.0,3.7804131507873535
446,888,1.0,3.0228829383850098
881,528,5.0,4.219010829925537
474,221,4.0,4.2701544761657715
264,1118,4.0,3.941620349884033
354,1007,4.0,3.9762086868286133
622,679,3.0,3.0290133953094482
637,286,5.0,2.9202911853790283
143,331,5.0,3.6828291416168213
1,207,5.0,4.149250507354736
624,121,3.0,3.3861377239227295
457,193,5.0,4.723191261291504
201,789,3.0,3.145062208175659
835,196,5.0,4.285579204559326
527,283,4.0,3.8171582221984863
936,1315,3.0,3.796359062194824
370,153,2.0,3.7152271270751953
865,99,1.0,2.9759347438812256
62,238,5.0,3.8409311771392822
793,237,3.0,3.733553886413574
606,662,4.0,3.9553749561309814
622,364,1.0,2.6944634914398193
338,79,4.0,4.067699432373047
870,527,5.0,4.032442092895508
527,962,3.0,3.4306068420410156
635,246,5.0,4.006825923919678
177,508,4.0,3.7090964317321777
908,694,4.0,3.71224308013916
712,1220,5.0,4.073862075805664
217,96,4.0,3.7537622451782227
497,655,4.0,3.6733832359313965
308,490,4.0,4.055481910705566
732,937,4.0,3.852951765060425
378,728,3.0,2.863345146179199
173,292,5.0,4.551011085510254
655,153,2.0,3.087197780609131
458,98,3.0,4.441049098968506
405,1544,1.0,1.4780775308609009
527,191,5.0,4.28181266784668
919,111,4.0,3.550102710723877
171,269,4.0,3.89391827583313
660,122,1.0,1.6921718120574951
751,28,5.0,3.9083244800567627
425,455,2.0,2.8807597160339355
339,447,4.0,4.0289130210876465
297,419,3.0,3.643765449523926
721,358,1.0,3.310032367706299
22,377,1.0,1.7490558624267578
28,89,4.0,4.34788703918457
119,28,5.0,4.2757768630981445
597,151,4.0,3.8951451778411865
655,271,3.0,2.679734706878662
178,83,4.0,4.250012397766113
873,294,4.0,2.3107266426086426
10,116,4.0,4.241381645202637
325,305,2.0,3.625027656555176
243,196,4.0,3.931443214416504
450,1402,2.0,3.393378257751465
378,709,4.0,4.163210391998291
92,148,2.0,3.019443988800049
334,475,4.0,3.9059154987335205
450,821,2.0,3.680912733078003
181,477,1.0,1.4352633953094482
815,239,5.0,3.6873772144317627
665,631,2.0,3.52317214012146
194,7,3.0,3.3732426166534424
901,66,5.0,3.9807796478271484
458,484,5.0,4.288654804229736
932,497,5.0,4.475930690765381
246,231,1.0,2.122746467590332
63,283,4.0,3.6622564792633057
201,325,5.0,2.453477382659912
919,322,3.0,3.3047871589660645
280,204,3.0,3.93198823928833
586,780,4.0,3.3443281650543213
872,284,3.0,3.4317245483398438
185,286,4.0,3.9579434394836426
437,433,3.0,3.7126216888427734
747,461,5.0,4.244016647338867
401,13,2.0,2.945460796356201
267,480,4.0,4.994992256164551
269,1133,1.0,2.4284236431121826
85,325,2.0,2.709869623184204
429,843,1.0,3.179473400115967
314,1297,4.0,3.1704611778259277
593,164,4.0,3.8809006214141846
198,501,4.0,3.210630416870117
846,99,4.0,4.029145240783691
463,892,2.0,1.4139758348464966
145,628,2.0,3.709805965423584
768,255,4.0,2.9833905696868896
145,44,5.0,3.6253461837768555
380,182,3.0,3.5555152893066406
449,118,1.0,2.833390474319458
102,443,3.0,3.051520824432373
38,1031,5.0,3.8670411109924316
844,144,3.0,3.7429087162017822
804,747,3.0,3.6253504753112793
160,628,3.0,3.7747929096221924
638,144,5.0,3.7010979652404785
548,282,4.0,4.026556968688965
207,23,4.0,3.7692136764526367
449,60,5.0,4.593145370483398
916,642,3.0,3.3972008228302
359,295,3.0,3.983149528503418
450,430,4.0,4.3893327713012695
788,135,3.0,3.881012439727783
393,147,5.0,3.6032967567443848
369,752,4.0,3.972468852996826
194,199,4.0,3.8639962673187256
303,1023,2.0,1.9044721126556396
682,568,3.0,3.4222702980041504
330,67,4.0,4.411618709564209
814,288,4.0,2.8918533325195312
101,979,2.0,3.2726211547851562
3,303,3.0,3.3211417198181152
320,340,2.0,3.9372143745422363
303,452,2.0,2.3946592807769775
360,303,3.0,3.985185384750366
303,172,5.0,4.83219051361084
280,660,5.0,3.769718647003174
385,483,4.0,4.072474479675293
707,367,4.0,3.3571605682373047
95,1188,2.0,2.657318115234375
409,303,4.0,3.6458168029785156
32,118,3.0,2.7495856285095215
942,272,5.0,4.842113018035889
875,258,4.0,4.1400651931762695
870,127,5.0,4.204710483551025
870,513,4.0,4.347671031951904
655,292,2.0,2.8888349533081055
901,391,5.0,3.357963800430298
486,813,5.0,3.896535873413086
124,11,5.0,3.4033820629119873
324,846,5.0,4.317997932434082
809,678,2.0,2.1851413249969482
326,550,5.0,2.8008439540863037
224,287,3.0,3.2270681858062744
130,554,4.0,3.9209401607513428
919,70,4.0,3.6475536823272705
385,425,3.0,3.3891615867614746
932,77,2.0,3.190896511077881
768,845,2.0,3.1352462768554688
398,393,5.0,3.1202774047851562
640,126,4.0,4.50123405456543
601,276,4.0,3.2746362686157227
75,273,5.0,3.8140435218811035
301,50,5.0,4.430935382843018
894,676,3.0,3.548276901245117
328,258,5.0,3.699662208557129
502,682,5.0,3.2488739490509033
92,4,4.0,3.605733871459961
363,979,1.0,2.977046251296997
380,177,3.0,3.3359668254852295
198,411,1.0,1.9200472831726074
5,168,3.0,3.9145889282226562
83,240,1.0,3.1509108543395996
90,639,5.0,4.216325283050537
559,73,4.0,3.3857007026672363
327,396,3.0,2.7972044944763184
470,50,5.0,4.32460355758667
175,98,5.0,4.329532146453857
851,690,4.0,3.8836071491241455
665,117,4.0,3.762754201889038
94,62,3.0,3.0782880783081055
178,333,3.0,3.7981715202331543
640,55,5.0,4.354984760284424
349,118,2.0,2.957085609436035
527,203,4.0,3.811931610107422
407,134,5.0,4.256083965301514
153,50,1.0,3.7965407371520996
865,501,1.0,2.7394866943359375
276,123,4.0,3.2289438247680664
346,168,4.0,3.918207883834839
356,288,4.0,3.6089138984680176
577,200,3.0,3.9163355827331543
133,304,3.0,3.3363046646118164
535,686,5.0,3.782721519470215
402,13,3.0,3.864734411239624
184,143,3.0,3.6960535049438477
398,502,3.0,3.8228020668029785
62,582,4.0,3.5078837871551514
222,364,1.0,2.4634060859680176
486,460,4.0,3.0958456993103027
28,174,5.0,4.416580677032471
411,603,5.0,4.371442794799805
316,988,1.0,1.6364948749542236
160,604,4.0,4.461423397064209
522,168,5.0,4.434543609619141
73,152,3.0,3.5767292976379395
808,346,5.0,4.24818754196167
650,174,4.0,3.8165042400360107
109,531,4.0,3.770312786102295
14,181,5.0,4.290750026702881
254,286,1.0,3.4286487102508545
455,463,4.0,3.7760515213012695
300,288,4.0,4.03213357925415
64,238,4.0,3.9711883068084717
661,168,5.0,4.351208209991455
323,15,3.0,3.907604455947876
839,713,2.0,3.542009115219116
705,22,5.0,4.301762580871582
721,984,3.0,3.3964316844940186
745,230,2.0,2.4566702842712402
2,14,4.0,4.245680809020996
504,69,4.0,3.9204492568969727
244,214,5.0,3.5704498291015625
277,111,4.0,3.4215145111083984
18,529,5.0,4.1396636962890625
314,288,5.0,3.9119551181793213
409,631,3.0,3.584017276763916
533,292,4.0,3.4315505027770996
643,82,3.0,3.9488773345947266
715,4,4.0,3.5914664268493652
327,1017,2.0,3.1448276042938232
773,840,1.0,2.2647128105163574
871,1197,3.0,3.6045095920562744
354,507,3.0,3.8413496017456055
3,264,2.0,2.5833632946014404
299,209,3.0,3.919529914855957
556,64,5.0,5.107454776763916
514,153,4.0,4.049655437469482
279,41,2.0,3.4223079681396484
548,991,1.0,2.900035858154297
541,405,3.0,3.7207300662994385
622,685,2.0,3.2091970443725586
518,288,3.0,3.6722168922424316
150,123,4.0,3.763399124145508
437,94,4.0,3.1423420906066895
432,257,5.0,3.9609479904174805
533,25,4.0,3.3066821098327637
880,1052,1.0,2.226898431777954
352,92,3.0,3.6244735717773438
772,327,4.0,4.282260894775391
719,468,3.0,2.6977787017822266
125,283,5.0,3.961230754852295
848,973,5.0,3.3105084896087646
782,293,2.0,3.2795674800872803
722,294,2.0,3.563159704208374
721,582,3.0,3.7377076148986816
201,98,4.0,3.862562894821167
773,286,3.0,3.472334384918213
694,172,5.0,4.555988788604736
620,98,4.0,4.453580856323242
883,151,5.0,3.8398942947387695
639,648,3.0,3.4188802242279053
748,58,4.0,3.548722267150879
160,273,5.0,3.733813524246216
854,1,3.0,3.580653190612793
293,182,5.0,4.003543376922607
495,790,3.0,3.741701364517212
521,732,3.0,3.249346971511841
334,52,4.0,3.8698477745056152
89,86,5.0,4.262822151184082
224,243,2.0,2.4018819332122803
160,202,4.0,4.0636725425720215
498,673,3.0,3.1984517574310303
151,488,4.0,4.711079120635986
894,1658,4.0,3.448239803314209
811,286,5.0,4.189658164978027
894,1080,4.0,4.190168857574463
612,259,3.0,3.0158095359802246
387,431,3.0,3.43717622756958
144,316,5.0,4.058203220367432
630,717,3.0,3.230097770690918
796,172,4.0,4.218038558959961
255,748,1.0,2.4600706100463867
85,1169,4.0,4.0673980712890625
539,242,5.0,4.303384780883789
621,71,3.0,4.19523286819458
650,199,4.0,3.821620225906372
154,479,4.0,4.527924060821533
109,245,3.0,3.429534912109375
844,403,3.0,3.2684333324432373
791,269,4.0,4.472438812255859
846,1118,5.0,3.6277213096618652
225,482,5.0,4.750831604003906
883,694,5.0,4.3472795486450195
342,378,4.0,3.7532870769500732
627,273,4.0,3.1473402976989746
486,235,2.0,2.8745336532592773
268,298,3.0,3.5779972076416016
840,664,3.0,4.1168107986450195
181,307,1.0,1.4222736358642578
294,1254,3.0,1.4765839576721191
498,607,3.0,3.5311427116394043
252,1,5.0,4.525722026824951
298,502,5.0,4.031670570373535
583,276,4.0,4.151388168334961
804,378,4.0,3.885345220565796
397,243,1.0,1.4153966903686523
7,614,5.0,4.236710071563721
123,483,4.0,4.796677112579346
808,327,5.0,4.336016654968262
303,252,3.0,2.4027786254882812
271,199,4.0,4.36553430557251
363,582,2.0,3.331946849822998
354,136,5.0,4.240131378173828
120,744,4.0,3.683469295501709
806,96,5.0,4.139421463012695
268,433,4.0,3.5507073402404785
193,286,4.0,3.6741867065429688
283,216,4.0,4.411984443664551
215,202,4.0,3.8640451431274414
290,205,3.0,3.7540371417999268
280,715,2.0,3.56618070602417
896,426,2.0,2.5102782249450684
378,317,5.0,4.0128045082092285
379,161,2.0,3.5791430473327637
253,689,5.0,3.2229743003845215
49,403,3.0,2.7975354194641113
39,313,4.0,4.285435676574707
172,514,3.0,3.4258594512939453
586,257,3.0,3.4524402618408203
299,182,3.0,3.9912991523742676
207,70,3.0,3.2099318504333496
863,902,5.0,4.095418453216553
607,100,4.0,4.136110782623291
328,271,3.0,3.1417267322540283
269,1438,3.0,1.1505975723266602
102,840,2.0,2.2376866340637207
91,322,4.0,3.275320291519165
330,66,5.0,4.714113712310791
801,302,4.0,5.1345696449279785
499,202,4.0,3.7395336627960205
286,703,2.0,3.8655686378479004
648,90,3.0,2.9966444969177246
845,900,3.0,3.198880434036255
383,166,4.0,4.378183841705322
95,542,2.0,2.356069564819336
456,214,4.0,3.3314623832702637
899,96,4.0,4.0811662673950195
804,588,4.0,3.9198145866394043
919,333,4.0,3.584087371826172
276,627,3.0,3.071406364440918
407,569,3.0,2.6827645301818848
94,448,5.0,3.8385093212127686
833,526,4.0,3.4982361793518066
194,580,4.0,2.875373363494873
407,4,4.0,3.527150869369507
409,58,4.0,3.5913901329040527
650,290,2.0,2.759397506713867
119,1101,5.0,4.215539932250977
85,483,5.0,4.3870978355407715
506,608,4.0,4.179998397827148
212,197,5.0,4.075207710266113
629,292,4.0,4.082581996917725
247,251,4.0,4.561141490936279
650,50,5.0,3.9805967807769775
417,1183,4.0,2.9876108169555664
524,482,5.0,3.9244046211242676
327,475,4.0,3.656223773956299
125,692,3.0,3.805732011795044
94,302,4.0,4.771117687225342
308,615,3.0,4.060441017150879
512,1459,4.0,4.432467937469482
500,289,4.0,2.798346519470215
880,627,3.0,3.441558837890625
724,538,2.0,2.416581392288208
606,96,5.0,4.450521945953369
614,1142,3.0,3.6679134368896484
758,425,5.0,4.205772876739502
642,148,5.0,3.893136501312256
295,143,4.0,4.504004955291748
277,628,4.0,3.4509530067443848
311,231,4.0,3.430302381515503
399,155,2.0,2.914534568786621
246,145,1.0,1.783884048461914
457,47,4.0,4.338601589202881
425,912,2.0,2.8578062057495117
63,1028,3.0,2.5414304733276367
921,173,5.0,3.8270859718322754
121,479,5.0,4.490396022796631
450,490,5.0,4.425962448120117
592,255,4.0,3.3402204513549805
233,64,5.0,5.0281662940979
916,578,1.0,2.755281448364258
287,117,5.0,4.343569755554199
897,77,4.0,4.03442907333374
727,585,2.0,2.263190507888794
323,327,4.0,3.3114867210388184
798,172,4.0,3.7964954376220703
930,176,3.0,3.3266685009002686
833,262,2.0,3.466944456100464
268,116,4.0,3.6323482990264893
130,363,3.0,3.879446029663086
186,243,2.0,3.122600555419922
119,813,4.0,4.392143249511719
54,258,4.0,4.06877326965332
374,122,2.0,2.813218116760254
313,531,3.0,3.9033281803131104
537,284,3.0,2.22692608833313
665,196,4.0,3.7190122604370117
930,14,4.0,3.3124852180480957
707,81,2.0,3.5310657024383545
200,720,4.0,4.076834201812744
189,1099,5.0,3.7076163291931152
708,864,3.0,3.3263533115386963
186,31,4.0,3.6458559036254883
262,40,4.0,2.9377503395080566
927,217,1.0,3.9224164485931396
169,480,4.0,4.346508979797363
21,443,4.0,4.232663631439209
155,990,3.0,2.4586243629455566
116,322,2.0,2.608820676803589
592,686,5.0,4.139809608459473
407,189,4.0,4.110579013824463
230,99,3.0,3.850919246673584
374,106,3.0,3.1834094524383545
500,370,3.0,2.414703845977783
234,209,4.0,3.562518358230591
795,152,4.0,3.343684673309326
863,270,3.0,3.735694408416748
188,76,4.0,3.6239988803863525
500,393,3.0,3.149092674255371
429,44,3.0,3.3587594032287598
542,73,3.0,3.506655693054199
293,572,2.0,2.0403244495391846
118,17,3.0,4.670212268829346
100,347,4.0,3.2195544242858887
597,118,3.0,3.6402599811553955
457,31,4.0,4.334487438201904
683,328,2.0,3.060370922088623
721,228,5.0,3.805903434753418
435,709,4.0,4.158482551574707
5,419,3.0,3.5857903957366943
18,778,2.0,3.7859249114990234
165,304,3.0,3.899944305419922
393,790,4.0,3.3354732990264893
10,686,4.0,4.183887958526611
389,674,2.0,3.0696017742156982
78,880,5.0,2.9311299324035645
494,322,2.0,2.8499412536621094
174,1139,2.0,2.938800811767578
380,570,3.0,2.4501779079437256
405,1069,1.0,1.9204661846160889
308,537,4.0,3.788968324661255
403,1199,2.0,3.4141178131103516
177,527,4.0,4.112880706787109
489,1612,5.0,4.063382625579834
223,476,3.0,2.8567087650299072
605,318,5.0,4.7040534019470215
5,208,4.0,3.7804946899414062
722,333,5.0,3.8645076751708984
234,782,3.0,2.5420024394989014
92,732,3.0,3.7349491119384766
130,284,2.0,4.1412434577941895
429,654,4.0,4.107011318206787
856,749,3.0,2.889915943145752
226,98,5.0,4.351470947265625
940,657,4.0,4.139285564422607
339,428,5.0,4.3158369064331055
44,507,3.0,3.9601902961730957
497,433,3.0,3.4679460525512695
788,11,2.0,3.7425150871276855
59,664,4.0,4.304775714874268
417,404,3.0,3.5901873111724854
311,203,5.0,3.8963778018951416
254,548,2.0,2.345226287841797
851,833,3.0,3.537191390991211
315,98,4.0,4.673476696014404
7,667,5.0,2.603562116622925
255,234,5.0,3.5231761932373047
568,661,4.0,3.6432700157165527
673,311,4.0,4.0471062660217285
360,181,4.0,4.26986026763916
881,294,3.0,3.0386734008789062
614,405,2.0,3.3419578075408936
60,799,4.0,3.622584342956543
450,211,5.0,4.336627006530762
8,82,5.0,4.261941909790039
378,732,4.0,3.716129779815674
224,736,3.0,3.447936534881592
690,722,3.0,2.7344441413879395
385,23,5.0,3.8112130165100098
407,657,4.0,4.368124961853027
642,398,2.0,3.442244052886963
863,268,5.0,4.0422682762146
109,508,4.0,3.648770809173584
666,210,2.0,3.9320876598358154
660,1139,2.0,1.986151933670044
749,1188,3.0,2.9793128967285156
174,70,5.0,4.362630844116211
883,64,4.0,4.727049350738525
153,174,1.0,3.632448196411133
313,162,3.0,3.7681713104248047
541,941,4.0,3.185288906097412
178,508,3.0,3.9051191806793213
795,70,3.0,3.3580188751220703
658,100,4.0,4.000528812408447
561,1074,3.0,2.1107983589172363
406,624,5.0,3.128772735595703
94,72,3.0,3.3864965438842773
64,98,4.0,4.438542366027832
330,237,4.0,4.795870304107666
92,577,3.0,2.086014747619629
704,461,3.0,3.6170854568481445
305,249,3.0,2.773702383041382
13,362,4.0,2.3060667514801025
7,197,4.0,4.498367786407471
234,183,4.0,3.614163398742676
417,238,4.0,3.783320903778076
506,182,5.0,4.341967582702637
655,939,3.0,2.8946022987365723
497,951,2.0,2.6596689224243164
649,815,3.0,3.408067226409912
21,321,3.0,3.0117242336273193
627,541,4.0,2.622274398803711
94,464,5.0,4.122906684875488
249,203,5.0,4.418067455291748
653,575,1.0,1.7085622549057007
286,537,4.0,3.977327823638916
747,608,4.0,4.519430637359619
492,523,4.0,3.6968014240264893
117,121,4.0,3.7479958534240723
82,582,4.0,3.4082701206207275
472,403,5.0,4.273683547973633
528,526,4.0,3.9318065643310547
883,727,3.0,3.737607479095459
734,15,4.0,3.536593437194824
504,742,4.0,3.8915586471557617
617,670,1.0,2.2076523303985596
294,299,3.0,2.9124553203582764
57,323,3.0,3.1532440185546875
653,38,3.0,2.2090210914611816
416,1516,5.0,4.328167915344238
532,660,4.0,4.589792728424072
653,161,4.0,2.447693347930908
269,255,1.0,2.5854880809783936
665,369,4.0,3.1726620197296143
885,274,5.0,3.1808836460113525
716,673,4.0,3.8688430786132812
579,268,3.0,3.728243589401245
514,175,4.0,4.108628273010254
467,117,2.0,3.7862772941589355
125,269,1.0,4.185645580291748
561,483,4.0,4.0637359619140625
444,258,3.0,4.301455974578857
95,207,5.0,3.8448338508605957
735,327,3.0,3.0520315170288086
276,254,2.0,1.9392832517623901
329,282,3.0,3.233079195022583
320,771,3.0,3.2705440521240234
647,748,4.0,3.6998038291931152
298,196,4.0,4.117072582244873
291,49,4.0,4.054172992706299
889,31,3.0,3.4936270713806152
903,30,5.0,4.192540645599365
721,299,3.0,3.4317307472229004
329,81,2.0,3.486628770828247
11,603,4.0,4.381016254425049
271,605,4.0,3.4556126594543457
659,185,4.0,4.1386799812316895
932,429,5.0,4.419620990753174
234,501,4.0,2.9725775718688965
128,378,5.0,3.905325412750244
325,32,3.0,3.678255081176758
221,1073,4.0,3.8327395915985107
106,161,3.0,3.432546377182007
798,1035,4.0,3.3340048789978027
256,210,4.0,4.56179666519165
1,196,5.0,4.317581653594971
326,491,4.0,3.3743157386779785
551,505,5.0,4.553687572479248
110,385,3.0,3.4848546981811523
922,258,4.0,3.651258707046509
396,25,3.0,3.642028570175171
497,743,3.0,2.065645217895508
43,140,4.0,3.5749874114990234
711,1053,4.0,3.5391480922698975
360,748,2.0,2.950894355773926
92,367,3.0,3.5536961555480957
663,978,4.0,2.3670713901519775
308,558,4.0,3.7758097648620605
901,402,4.0,3.9947969913482666
781,324,4.0,2.91009783744812
210,49,3.0,3.9493024349212646
474,70,4.0,4.111991882324219
217,797,4.0,2.8009867668151855
7,68,4.0,4.00988245010376
524,530,4.0,3.998600959777832
327,66,3.0,3.0428011417388916
533,23,3.0,4.085147857666016
803,321,4.0,3.0357720851898193
115,847,4.0,4.024043083190918
380,498,4.0,3.7846646308898926
896,11,2.0,3.5253310203552246
393,28,4.0,3.6239686012268066
90,97,5.0,4.296319007873535
921,215,4.0,3.4089038372039795
795,1101,4.0,3.5043442249298096
752,678,3.0,2.9760444164276123
180,785,4.0,3.5133748054504395
389,482,5.0,4.412972450256348
862,1117,4.0,4.0704240798950195
336,407,1.0,2.071148157119751
256,742,5.0,4.4126410484313965
524,95,3.0,3.627169609069824
863,303,1.0,3.930306911468506
543,403,4.0,3.3368217945098877
833,28,3.0,3.4735360145568848
648,103,1.0,2.491722583770752
379,143,4.0,4.064424514770508
727,588,4.0,3.7418158054351807
120,121,4.0,3.3099865913391113
56,295,3.0,3.792891263961792
378,304,4.0,3.56007719039917
777,509,4.0,4.106709003448486
602,508,3.0,4.082074165344238
877,553,4.0,3.599151849746704
472,720,5.0,4.275218486785889
339,67,3.0,3.0137107372283936
312,489,5.0,4.531788349151611
514,732,5.0,3.8984460830688477
331,1141,3.0,3.2656445503234863
630,477,4.0,3.272368907928467
94,674,3.0,3.2507848739624023
13,685,5.0,2.9030795097351074
330,1028,4.0,4.486703872680664
450,705,4.0,4.350882053375244
929,100,4.0,3.8795278072357178
655,1070,4.0,3.0583345890045166
563,237,5.0,4.134762763977051
115,96,3.0,4.303682327270508
823,631,4.0,4.282616138458252
747,393,2.0,3.4595861434936523
804,22,5.0,4.3331522941589355
318,629,4.0,3.7534191608428955
772,264,4.0,3.6625218391418457
603,271,2.0,3.689121961593628
207,293,2.0,3.3623056411743164
666,513,4.0,4.419055461883545
374,322,4.0,3.3261890411376953
562,118,3.0,3.2915053367614746
615,509,4.0,4.216031551361084
6,529,4.0,3.8794431686401367
896,760,2.0,1.7591661214828491
416,106,3.0,3.4484024047851562
5,228,5.0,3.5671238899230957
213,778,5.0,4.249580383300781
697,815,3.0,3.59488582611084
703,410,4.0,3.351975679397583
897,193,3.0,4.184742450714111
826,678,4.0,3.4322173595428467
453,421,4.0,3.5308961868286133
499,307,4.0,3.59965181350708
476,579,2.0,2.6315600872039795
615,211,5.0,4.229121208190918
46,294,2.0,3.6944713592529297
279,625,3.0,3.3042151927948
276,58,4.0,4.125731945037842
270,672,5.0,3.9696242809295654
630,1023,4.0,3.190462112426758
199,269,5.0,4.026200771331787
200,378,5.0,4.446559429168701
299,185,3.0,4.0038299560546875
230,963,5.0,4.331458568572998
786,451,2.0,3.252469539642334
92,71,5.0,3.7036705017089844
899,238,2.0,3.8864822387695312
650,644,3.0,3.4328079223632812
276,420,4.0,4.064975261688232
436,187,5.0,4.447511196136475
543,111,4.0,3.4000329971313477
851,160,5.0,3.9217259883880615
682,143,3.0,3.5025863647460938
201,582,5.0,3.1745026111602783
262,727,3.0,3.0523056983947754
854,512,3.0,3.9005188941955566
848,165,5.0,4.703278064727783
128,702,3.0,3.1893558502197266
54,597,2.0,3.669800043106079
327,962,3.0,3.1448049545288086
551,1518,4.0,2.891878604888916
693,471,3.0,2.9797797203063965
315,180,4.0,4.408636093139648
770,275,5.0,4.82940673828125
59,550,5.0,3.802131414413452
427,341,5.0,4.9213786125183105
877,203,4.0,3.8989758491516113
60,211,4.0,4.279498100280762
194,735,4.0,3.2253589630126953
907,125,4.0,4.841047763824463
568,30,4.0,3.3087940216064453
222,816,1.0,2.2048444747924805
328,82,4.0,3.689215898513794
104,405,3.0,2.543788433074951
830,226,5.0,3.1730077266693115
529,875,4.0,3.3893775939941406
262,1147,4.0,3.44240140914917
270,200,5.0,4.598316192626953
326,565,3.0,2.3769094944000244
184,231,3.0,2.907930850982666
749,1228,4.0,2.475994825363159
246,1044,1.0,2.7147881984710693
783,880,4.0,3.790318727493286
689,121,5.0,3.7417805194854736
880,879,3.0,3.494197368621826
515,292,3.0,3.17905855178833
545,524,4.0,3.978867530822754
780,467,3.0,3.798269271850586
391,180,5.0,4.167729377746582
318,1063,3.0,3.7985239028930664
655,694,3.0,3.390632390975952
376,197,4.0,4.095799922943115
679,322,3.0,2.5657246112823486
445,831,1.0,1.0972167253494263
773,895,2.0,2.741425037384033
450,274,4.0,3.9724721908569336
405,1580,1.0,1.4469188451766968
405,643,1.0,1.9564712047576904
889,433,4.0,3.576237678527832
271,461,5.0,3.7383577823638916
483,101,2.0,3.076324462890625
396,106,4.0,3.40558123588562
199,322,2.0,1.9001455307006836
145,331,3.0,3.645758628845215
768,682,3.0,2.5981619358062744
82,414,4.0,3.4793970584869385
83,717,4.0,2.9914770126342773
297,17,3.0,3.038125991821289
327,1100,4.0,2.461576223373413
299,503,4.0,3.525156021118164
299,1068,3.0,3.5498762130737305
405,806,1.0,1.8748717308044434
927,204,4.0,4.278515338897705
927,38,5.0,3.7701058387756348
287,346,5.0,4.215258598327637
94,684,4.0,4.345596790313721
156,48,4.0,3.921602249145508
916,561,3.0,2.587620258331299
483,1,4.0,3.4198687076568604
727,63,2.0,2.7900500297546387
137,748,4.0,4.188812732696533
883,347,4.0,3.813309669494629
878,515,4.0,4.009164810180664
671,864,3.0,3.391655921936035
474,736,3.0,4.339733600616455
272,98,4.0,4.870620250701904
892,845,4.0,3.853764533996582
450,388,3.0,3.1069164276123047
713,272,4.0,3.571394681930542
531,751,4.0,4.003668308258057
254,238,3.0,3.5673718452453613
57,194,4.0,4.382936477661133
314,1291,1.0,3.529146194458008
533,328,4.0,3.279409408569336
698,435,3.0,3.0217418670654297
639,660,2.0,2.991166591644287
305,527,5.0,3.8836052417755127
379,186,5.0,4.507989406585693
487,978,1.0,2.3091683387756348
373,651,4.0,4.31105899810791
334,483,5.0,4.518781661987305
42,28,5.0,4.046710014343262
393,930,3.0,3.3379223346710205
13,226,4.0,2.9748036861419678
566,1437,2.0,1.8381562232971191
524,443,4.0,3.726264476776123
64,77,3.0,3.141305446624756
177,156,5.0,3.92690110206604
567,640,4.0,3.334315061569214
254,622,4.0,2.954583168029785
908,322,2.0,2.7802603244781494
165,260,3.0,3.411907434463501
7,9,5.0,4.251511573791504
389,475,5.0,4.2358245849609375
269,940,1.0,1.4389230012893677
877,748,4.0,3.5834975242614746
553,134,4.0,4.511905670166016
382,276,3.0,3.1770737171173096
279,71,3.0,3.7626423835754395
284,315,5.0,4.191077709197998
839,825,4.0,2.6704037189483643
110,68,2.0,3.2654409408569336
94,41,3.0,3.2138171195983887
320,3,4.0,3.8487701416015625
75,408,4.0,4.907754421234131
232,98,4.0,4.426498889923096
863,344,4.0,4.104159832000732
145,69,5.0,4.047033309936523
401,275,4.0,3.3516337871551514
15,931,1.0,1.378637433052063
371,237,5.0,4.016576766967773
862,174,5.0,4.707991123199463
198,203,3.0,3.5758957862854004
72,233,4.0,3.5480329990386963
734,483,4.0,4.35089635848999
864,231,3.0,3.1689252853393555
925,185,4.0,3.8777036666870117
101,840,3.0,2.6755945682525635
537,4,2.0,2.79191255569458
697,682,2.0,3.5061683654785156
30,678,2.0,2.8517191410064697
866,889,2.0,2.6116788387298584
529,288,4.0,3.771961212158203
346,358,4.0,2.627497911453247
162,403,3.0,3.615032434463501
776,5,4.0,3.274240016937256
416,418,4.0,4.24704122543335
653,210,4.0,3.108546257019043
393,9,4.0,3.488193988800049
200,188,4.0,4.229466915130615
314,12,4.0,4.708049297332764
726,535,3.0,2.865750551223755
158,659,5.0,4.334387302398682
748,183,4.0,3.960191011428833
497,29,4.0,2.7873659133911133
437,812,3.0,2.8075742721557617
234,1020,4.0,3.4388437271118164
214,462,4.0,3.979246139526367
938,275,4.0,3.892983913421631
300,948,4.0,3.528569459915161
104,313,4.0,3.8090009689331055
782,349,3.0,2.8034701347351074
593,211,4.0,4.159753799438477
766,179,4.0,3.602008819580078
308,679,4.0,3.439514636993408
561,428,4.0,3.3394875526428223
56,386,3.0,3.254444122314453
239,923,5.0,4.7297444343566895
93,125,1.0,3.808042049407959
707,1381,3.0,3.371429204940796
703,323,2.0,2.6088461875915527
59,232,3.0,3.7912187576293945
409,339,2.0,2.615889549255371
567,513,4.0,4.581858158111572
346,134,5.0,4.095602035522461
405,1408,1.0,1.2723162174224854
489,245,3.0,3.8845160007476807
637,690,5.0,2.5983171463012695
641,209,4.0,4.317831039428711
344,530,4.0,4.538757801055908
194,22,5.0,3.8870973587036133
438,118,4.0,4.071031093597412
234,2,2.0,2.4437451362609863
184,496,5.0,4.1955389976501465
429,679,4.0,2.899977207183838
914,692,3.0,3.4601857662200928
16,197,5.0,4.80419397354126
94,216,3.0,4.5077433586120605
709,219,4.0,3.512787103652954
841,331,5.0,3.8807213306427
506,194,5.0,4.340122222900391
256,728,4.0,4.045816898345947
243,69,3.0,3.8697400093078613
234,515,5.0,3.8902747631073
708,319,5.0,3.483388900756836
758,236,4.0,3.9939842224121094
590,864,1.0,3.090299367904663
253,806,4.0,3.7736775875091553
217,405,3.0,3.0067672729492188
774,233,2.0,1.7514598369598389
158,514,3.0,4.200344562530518
299,965,4.0,3.650275468826294
618,531,4.0,3.5868897438049316
2,307,3.0,3.753570079803467
336,1249,3.0,2.54133939743042
517,1047,2.0,3.143564224243164
48,690,4.0,3.4391140937805176
694,15,4.0,4.075854778289795
92,28,3.0,3.967885971069336
777,202,5.0,3.8993444442749023
361,53,2.0,2.466020345687866
694,448,3.0,3.813400983810425
50,823,3.0,3.043715476989746
250,196,4.0,4.304549217224121
798,1337,3.0,3.2045350074768066
497,603,3.0,4.120214939117432
746,720,3.0,2.826097011566162
60,1060,4.0,3.665160655975342
682,175,3.0,3.7432379722595215
457,232,4.0,4.007958889007568
365,124,4.0,4.316890716552734
1,101,2.0,3.306784152984619
496,147,3.0,2.668735980987549
567,199,4.0,4.400043964385986
409,708,4.0,3.2696690559387207
500,43,3.0,2.619534969329834
666,566,3.0,3.492783784866333
59,926,1.0,2.846191167831421
56,7,5.0,4.023293495178223
181,476,4.0,1.4421422481536865
834,316,5.0,4.309772491455078
1,28,4.0,4.235290050506592
308,17,4.0,3.5392987728118896
870,395,3.0,1.9307981729507446
436,1119,4.0,4.021653652191162
323,873,3.0,2.3457586765289307
312,513,5.0,4.929762363433838
253,132,5.0,4.306705951690674
939,890,2.0,3.2004847526550293
504,476,5.0,3.4917707443237305
315,164,4.0,3.9175381660461426
767,141,4.0,4.119938850402832
101,1,3.0,3.8401129245758057
782,298,4.0,3.1958508491516113
244,66,4.0,3.8110451698303223
190,696,3.0,3.238299608230591
207,79,4.0,3.6022984981536865
91,64,4.0,4.66709566116333
427,263,5.0,4.242300033569336
101,846,3.0,2.7386293411254883
655,895,3.0,2.64579176902771
234,874,1.0,2.6837821006774902
889,177,4.0,3.747981309890747
551,17,5.0,3.640812873840332
409,171,4.0,3.9644882678985596
334,268,4.0,3.7901382446289062
932,7,4.0,4.2216291427612305
90,705,5.0,4.513797283172607
405,708,1.0,1.8542155027389526
150,13,4.0,3.88789701461792
406,663,5.0,3.767956256866455
916,211,4.0,3.881875991821289
213,181,4.0,4.595165729522705
30,181,4.0,4.3702006340026855
533,322,4.0,2.948539972305298
739,359,5.0,2.9992403984069824
456,582,5.0,3.5681262016296387
761,243,3.0,2.112067461013794
178,96,4.0,4.249236583709717
27,123,5.0,2.9466779232025146
254,313,5.0,4.054827690124512
659,492,3.0,3.87770938873291
295,559,4.0,4.307383060455322
210,121,4.0,3.75787353515625
450,96,4.0,4.453013896942139
378,620,3.0,3.1487441062927246
429,222,4.0,3.510833501815796
136,257,3.0,4.284905910491943
389,72,3.0,3.205312967300415
457,169,5.0,5.248989582061768
280,845,3.0,3.6296768188476562
345,1096,3.0,2.2470831871032715
653,294,2.0,2.3438527584075928
665,96,3.0,3.8556673526763916
851,338,3.0,2.886772394180298
49,70,2.0,3.0946669578552246
807,140,3.0,3.911072254180908
871,237,3.0,3.647247314453125
653,1139,3.0,2.076578140258789
498,985,1.0,2.7658374309539795
563,70,4.0,4.100891590118408
84,4,3.0,3.9954333305358887
59,710,3.0,4.1289825439453125
385,606,4.0,3.6209259033203125
131,100,5.0,4.392663955688477
278,315,4.0,4.395366668701172
158,1098,4.0,3.877666473388672
846,570,4.0,3.402419328689575
886,475,5.0,3.9166126251220703
648,122,1.0,2.618375539779663
392,180,5.0,4.539966583251953
56,38,2.0,3.4601287841796875
457,559,4.0,3.76129412651062
558,286,4.0,4.187884330749512
92,1207,3.0,2.088576555252075
525,762,4.0,3.5186567306518555
405,1210,1.0,1.4985530376434326
653,1023,3.0,1.847983717918396
684,181,4.0,3.9806149005889893
680,9,4.0,4.088993072509766
59,241,4.0,4.126400947570801
336,276,4.0,3.727454423904419
206,362,1.0,1.6651278734207153
164,748,5.0,4.203314304351807
499,98,4.0,4.371566295623779
215,238,2.0,4.02872371673584
1,123,4.0,3.083988904953003
3,343,3.0,2.796818733215332
716,470,4.0,3.869414806365967
119,9,4.0,4.201211452484131
831,245,2.0,2.8362488746643066
295,951,5.0,3.6785686016082764
920,301,2.0,3.058480739593506
97,357,5.0,4.659438610076904
313,588,4.0,3.904156446456909
82,275,2.0,3.7592828273773193
504,384,2.0,3.4587130546569824
181,763,1.0,1.3904790878295898
28,12,4.0,4.607687950134277
635,300,3.0,3.4584481716156006
416,433,4.0,4.3448638916015625
488,69,4.0,3.5050063133239746
92,402,3.0,3.3856210708618164
225,64,4.0,5.19155740737915
230,420,5.0,3.7863237857818604
829,408,4.0,4.447268962860107
862,205,4.0,4.544317722320557
346,132,4.0,3.9072799682617188
35,258,2.0,3.797483205795288
11,383,2.0,2.410006284713745
216,210,4.0,4.322421073913574
6,257,2.0,3.594848155975342
298,208,5.0,4.136783599853516
116,324,2.0,2.716108798980713
332,245,4.0,4.155240058898926
896,1217,2.0,1.8914752006530762
497,195,4.0,3.7420945167541504
18,88,3.0,3.587378740310669
95,385,4.0,3.5237486362457275
745,203,3.0,2.9143714904785156
878,15,4.0,3.3692922592163086
843,228,4.0,2.7519142627716064
299,692,4.0,3.3988239765167236
192,1061,4.0,2.5149827003479004
178,458,3.0,3.5721750259399414
49,346,4.0,3.1128358840942383
475,313,2.0,4.119593143463135
91,172,4.0,4.366348743438721
315,504,3.0,4.290719032287598
714,410,3.0,3.621455192565918
619,188,4.0,3.6521973609924316
125,999,4.0,3.3758199214935303
112,331,4.0,3.6722891330718994
453,427,3.0,4.371199131011963
539,275,4.0,4.152204513549805
554,717,3.0,2.9087271690368652
518,829,3.0,3.265442371368408
817,597,2.0,3.255314826965332
299,1050,4.0,3.48374342918396
627,175,1.0,3.589933395385742
405,719,1.0,1.4073169231414795
592,305,4.0,4.474540710449219
232,170,5.0,4.230914115905762
413,284,4.0,3.1649608612060547
307,1,5.0,4.112053871154785
650,443,5.0,3.460340976715088
75,742,1.0,3.72222900390625
234,588,3.0,3.265110969543457
318,64,4.0,4.680222034454346
484,161,4.0,3.992197036743164
234,428,4.0,3.3700451850891113
617,582,4.0,2.6911935806274414
32,271,3.0,2.932981491088867
546,7,5.0,4.154753684997559
268,721,3.0,3.2664103507995605
214,302,4.0,4.313291549682617
161,181,2.0,2.622335433959961
745,531,3.0,2.9350085258483887
151,657,5.0,4.825427055358887
167,1308,1.0,1.865823745727539
400,690,3.0,3.605031967163086
425,294,2.0,2.834934949874878
815,179,2.0,4.219428062438965
705,797,4.0,3.7713890075683594
157,289,4.0,3.2790377140045166
95,62,4.0,2.911111831665039
787,748,4.0,3.1386399269104004
577,996,3.0,2.9712789058685303
49,1075,2.0,3.1160175800323486
452,164,4.0,3.3966777324676514
592,178,5.0,5.193975448608398
642,378,3.0,4.038687705993652
587,289,3.0,2.691133975982666
178,984,2.0,3.0248985290527344
437,496,4.0,4.15156364440918
831,237,4.0,3.7117860317230225
334,86,4.0,3.956495761871338
293,272,4.0,4.309791564941406
586,295,3.0,3.3699135780334473
280,5,4.0,3.7429521083831787
428,751,5.0,4.0108256340026855
218,209,5.0,3.863752841949463
397,1001,1.0,1.316291332244873
495,403,5.0,3.977515697479248
707,1281,4.0,3.184713363647461
16,11,5.0,4.593155384063721
840,134,3.0,4.518441677093506
752,750,2.0,3.6517934799194336
567,127,5.0,4.438897609710693
189,197,5.0,4.4362897872924805
395,240,1.0,3.1381139755249023
322,64,5.0,4.835102081298828
135,653,4.0,3.898738384246826
559,191,5.0,4.080949783325195
445,272,3.0,2.9913177490234375
913,222,3.0,3.1797797679901123
15,754,5.0,2.6091573238372803
495,577,1.0,2.968270778656006
293,425,4.0,3.703235626220703
452,172,4.0,4.022092342376709
445,121,1.0,1.5135300159454346
401,511,2.0,3.642214298248291
234,516,3.0,3.497368574142456
434,237,5.0,4.168999671936035
201,1423,3.0,1.8259851932525635
846,195,4.0,4.302001953125
85,589,3.0,3.9699044227600098
244,1132,4.0,3.3967905044555664
137,1028,5.0,4.207548141479492
60,229,4.0,3.722447156906128
475,302,3.0,3.9565699100494385
331,486,3.0,3.7087020874023438
666,23,4.0,4.228267669677734
548,291,5.0,3.6949429512023926
436,132,1.0,4.3376874923706055
591,523,4.0,4.163228511810303
790,72,2.0,3.0291247367858887
804,128,5.0,3.6256110668182373
566,133,4.0,3.7426295280456543
472,419,4.0,4.481868267059326
87,153,5.0,4.160917282104492
308,100,5.0,4.11476993560791
386,982,3.0,3.0468573570251465
463,1067,2.0,3.4602348804473877
126,323,3.0,3.530477523803711
327,1141,3.0,3.0555591583251953
91,183,5.0,4.232071876525879
332,64,5.0,5.316608905792236
416,157,4.0,4.298973083496094
303,3,3.0,2.8031957149505615
516,212,4.0,3.716247320175171
916,558,3.0,3.647859573364258
566,755,2.0,2.9209370613098145
798,996,3.0,3.0953640937805176
815,217,3.0,3.2699031829833984
389,283,5.0,4.153909206390381
276,210,4.0,4.3809919357299805
188,159,3.0,3.6273791790008545
849,133,5.0,5.028387546539307
627,597,3.0,2.8474814891815186
276,1109,3.0,3.640779495239258
484,172,5.0,4.757544040679932
913,164,2.0,3.274139881134033
587,271,4.0,2.922313690185547
889,493,3.0,4.113259315490723
698,132,4.0,3.1853928565979004
150,325,1.0,3.6116795539855957
921,760,2.0,2.916665554046631
537,226,2.0,2.246762275695801
450,727,4.0,3.8632214069366455
218,654,4.0,3.9452788829803467
398,284,2.0,3.078352928161621
293,474,5.0,4.253064155578613
260,270,5.0,4.30305290222168
940,1167,4.0,3.4028337001800537
805,135,4.0,3.859328269958496
728,1355,4.0,2.892956256866455
95,1227,2.0,2.1991500854492188
708,742,1.0,3.5690038204193115
577,71,5.0,4.154018878936768
109,550,5.0,3.573338031768799
151,66,4.0,3.635852336883545
537,192,4.0,3.522641658782959
62,483,4.0,4.587431907653809
276,76,4.0,3.7790496349334717
49,1069,3.0,2.969061851501465
280,172,3.0,4.206782341003418
561,1267,3.0,2.4751415252685547
20,423,2.0,3.2042694091796875
378,222,3.0,3.616302967071533
12,195,4.0,4.3861918449401855
157,405,3.0,3.788790464401245
632,131,4.0,4.034756183624268
894,1592,4.0,3.713967800140381
892,265,4.0,4.459805965423584
717,748,3.0,3.5508594512939453
768,597,2.0,2.6737070083618164
642,155,3.0,3.7488536834716797
346,210,4.0,3.7889857292175293
592,121,4.0,3.0496976375579834
581,844,5.0,3.5922598838806152
94,1012,4.0,4.105316162109375
7,583,2.0,3.7704944610595703
488,510,4.0,3.611701726913452
4,362,5.0,4.0539870262146
421,197,3.0,3.9220213890075684
222,409,3.0,2.646287202835083
18,191,4.0,4.4311065673828125
437,710,4.0,3.680691719055176
456,403,2.0,3.3535892963409424
592,1039,4.0,4.728687286376953
936,312,3.0,3.561954975128174
269,22,1.0,4.037837982177734
276,276,4.0,4.112690448760986
927,82,2.0,4.266037464141846
506,66,4.0,3.6162919998168945
79,311,4.0,4.002570629119873
781,286,1.0,3.8377678394317627
690,186,4.0,3.6043806076049805
776,192,5.0,4.064884185791016
112,289,5.0,3.398939847946167
87,121,5.0,4.145396709442139
425,293,4.0,3.351367950439453
499,430,3.0,4.0282745361328125
274,234,5.0,4.587574005126953
350,1,4.0,4.2445597648620605
806,254,3.0,2.0607142448425293
782,1511,2.0,3.022256374359131
933,1028,2.0,1.780653476715088
181,871,2.0,1.2964708805084229
713,344,5.0,3.122265338897705
193,294,1.0,3.027040958404541
290,216,4.0,3.603634834289551
805,94,1.0,3.269752264022827
429,473,3.0,3.0811638832092285
298,98,4.0,4.5333380699157715
853,748,2.0,3.1058483123779297
221,407,2.0,3.162566900253296
7,23,3.0,4.682422637939453
1,13,5.0,3.758772134780884
892,739,4.0,3.53092622756958
410,690,4.0,3.049873113632202
442,569,2.0,2.787775993347168
682,395,3.0,2.2823681831359863
835,257,3.0,4.229368209838867
664,318,5.0,4.603501796722412
268,679,4.0,2.6863601207733154
630,568,4.0,3.584078550338745
798,748,5.0,3.3368332386016846
265,237,5.0,3.747408866882324
624,15,4.0,4.037515640258789
650,162,3.0,3.280028820037842
426,435,3.0,3.9465601444244385
25,527,4.0,4.287118434906006
200,99,5.0,4.259705066680908
125,734,3.0,2.862617015838623
64,476,1.0,2.778593063354492
328,56,4.0,4.017264366149902
399,432,3.0,3.087596893310547
828,328,3.0,2.643312931060791
648,70,2.0,3.5119218826293945
867,186,5.0,4.429819107055664
391,480,4.0,4.337440490722656
417,725,4.0,2.9127261638641357
58,514,5.0,4.086986541748047
210,173,4.0,4.743048191070557
787,347,4.0,3.4293816089630127
70,1035,3.0,3.0513367652893066
880,1041,4.0,3.3755416870117188
174,126,5.0,4.554752349853516
216,221,4.0,4.296786308288574
85,588,3.0,3.7089121341705322
567,9,4.0,3.9601590633392334
286,329,4.0,3.7591323852539062
394,795,2.0,2.520969867706299
486,1047,2.0,2.6136460304260254
690,208,5.0,3.5868091583251953
916,69,4.0,3.77390193939209
436,1489,2.0,2.453979969024658
189,498,5.0,4.665274620056152
378,722,3.0,2.8857321739196777
499,191,5.0,4.318266868591309
790,977,1.0,2.246225357055664
80,64,5.0,4.567263603210449
389,181,4.0,4.318967342376709
195,386,2.0,2.5772132873535156
64,333,3.0,3.4905662536621094
264,656,4.0,4.793057441711426
200,373,4.0,3.8432846069335938
262,1048,2.0,2.811920642852783
650,823,3.0,2.52309250831604
726,274,4.0,2.898068428039551
199,285,4.0,4.296327114105225
780,97,5.0,3.7040414810180664
154,137,3.0,4.148813724517822
361,26,3.0,3.28658127784729
131,1281,4.0,3.7746329307556152
152,451,5.0,4.637491703033447
85,79,3.0,3.9478511810302734
330,117,5.0,4.932995796203613
92,558,3.0,3.833400011062622
899,291,4.0,3.060763359069824
918,487,4.0,3.5743980407714844
292,173,5.0,4.796205043792725
472,581,4.0,4.213194370269775
624,690,4.0,3.730741500854492
119,407,3.0,3.0745656490325928
548,762,4.0,3.593081474304199
437,82,3.0,3.7738585472106934
613,64,5.0,5.029982089996338
280,673,4.0,3.740605354309082
374,117,5.0,3.8014168739318848
823,770,4.0,4.017093181610107
210,864,3.0,3.790557384490967
496,532,5.0,2.995800256729126
311,177,5.0,3.960740327835083
506,274,4.0,3.5964484214782715
378,496,3.0,4.188503265380859
760,185,2.0,3.899864673614502
661,174,5.0,4.5215229988098145
109,88,4.0,3.6930811405181885
279,172,2.0,3.9338226318359375
343,744,4.0,3.852794647216797
92,196,4.0,4.003468990325928
94,50,5.0,4.9923996925354
591,72,3.0,3.2131433486938477
450,51,4.0,4.000751972198486
226,480,4.0,4.256341934204102
268,455,3.0,2.8463761806488037
864,230,2.0,3.914862871170044
804,1411,3.0,3.326300859451294
806,923,3.0,4.421321392059326
336,1011,2.0,3.3044002056121826
13,90,3.0,2.953545093536377
216,97,4.0,4.093531131744385
650,357,4.0,3.8863110542297363
312,713,5.0,4.2146406173706055
263,1020,3.0,4.3560919761657715
130,721,3.0,4.296781063079834
43,215,5.0,3.997659921646118
268,188,4.0,3.5315704345703125
13,860,1.0,1.813894271850586
882,147,4.0,3.9049956798553467
769,473,3.0,3.0379140377044678
343,260,1.0,2.388430595397949
92,53,3.0,2.8760414123535156
201,919,3.0,3.3059797286987305
553,485,3.0,4.177737712860107
889,160,4.0,3.353027820587158
853,333,4.0,3.210676908493042
718,405,5.0,3.6717779636383057
605,269,4.0,4.317459583282471
303,255,4.0,3.2183876037597656
416,401,2.0,3.3031904697418213
715,233,3.0,3.0288119316101074
42,63,4.0,3.5053515434265137
727,1437,2.0,1.954787015914917
44,175,4.0,4.004546165466309
621,383,2.0,2.6062917709350586
586,186,2.0,3.5412888526916504
181,413,2.0,1.266778826713562
896,86,1.0,3.6299266815185547
402,19,4.0,4.5044660568237305
59,489,4.0,4.488784313201904
796,447,3.0,3.5943713188171387
519,874,5.0,4.402356147766113
883,724,4.0,3.8094260692596436
807,172,5.0,4.261549472808838
727,90,3.0,3.024085521697998
682,772,4.0,3.0313401222229004
645,195,4.0,4.3152642250061035
336,202,1.0,3.780407190322876
492,69,3.0,3.42317795753479
311,83,5.0,4.140722274780273
875,176,4.0,4.327027797698975
279,44,1.0,3.4426119327545166
72,972,4.0,3.4918787479400635
504,72,4.0,3.7481913566589355
468,248,4.0,3.9902281761169434
932,611,5.0,4.643473148345947
802,444,4.0,3.2074344158172607
59,428,5.0,4.327174663543701
495,1079,5.0,2.805072784423828
716,484,4.0,4.488635540008545
404,307,4.0,3.4851303100585938
342,179,5.0,3.9461350440979004
442,144,4.0,3.6106200218200684
251,535,3.0,3.401488780975342
63,277,4.0,3.3098084926605225
255,324,5.0,2.8167481422424316
263,294,2.0,3.292325496673584
48,209,5.0,4.016637325286865
796,326,4.0,3.7015607357025146
655,1022,3.0,2.9094886779785156
466,117,5.0,3.2842836380004883
416,591,5.0,4.298830032348633
693,196,2.0,3.339352607727051
104,271,1.0,2.466456890106201
189,15,2.0,4.11680269241333
201,855,4.0,3.381939649581909
255,872,4.0,2.4384560585021973
690,1,4.0,3.520893096923828
660,328,3.0,2.4825143814086914
177,210,4.0,3.9411416053771973
221,568,4.0,3.7738208770751953
472,29,5.0,4.128386974334717
354,694,5.0,4.141582489013672
501,181,4.0,4.123161315917969
109,742,5.0,3.710357666015625
339,81,5.0,4.1487884521484375
308,480,4.0,4.26701545715332
655,129,3.0,3.103423595428467
318,121,1.0,3.884661912918091
923,1028,4.0,4.207103729248047
379,52,4.0,4.414866924285889
721,327,2.0,3.7907137870788574
833,379,2.0,2.1820199489593506
363,940,2.0,1.9477953910827637
637,1060,2.0,2.0603232383728027
851,455,3.0,3.6014480590820312
903,994,3.0,3.32523512840271
5,214,3.0,3.2033333778381348
406,216,3.0,3.793123722076416
453,158,2.0,2.2216036319732666
416,1011,4.0,3.9466335773468018
130,174,5.0,4.8425421714782715
487,720,4.0,3.000310182571411
223,185,2.0,4.12657356262207
638,554,3.0,2.6314830780029297
815,1133,3.0,3.203216552734375
84,546,3.0,3.5851099491119385
747,672,4.0,2.3695034980773926
758,298,4.0,4.125655651092529
339,241,4.0,4.060938835144043
412,70,4.0,3.705329179763794
802,197,3.0,3.9949162006378174
896,343,1.0,2.25382137298584
456,485,4.0,3.8403234481811523
262,22,4.0,3.9880881309509277
200,229,5.0,4.034394264221191
694,237,4.0,4.095419883728027
704,193,5.0,3.909928560256958
416,202,4.0,4.343393325805664
773,72,3.0,2.670973062515259
92,66,3.0,3.3977885246276855
892,367,4.0,4.035933017730713
345,200,4.0,4.180980682373047
215,179,4.0,4.111587047576904
648,498,3.0,4.119759559631348
1,268,5.0,4.185393810272217
698,588,4.0,2.8635635375976562
181,1376,1.0,1.1927591562271118
145,1102,1.0,3.956207275390625
875,131,4.0,4.222500324249268
934,462,4.0,3.891430377960205
933,70,2.0,3.2097020149230957
575,357,5.0,3.6553092002868652
311,211,3.0,4.023560523986816
524,66,3.0,3.477480888366699
127,227,4.0,3.999208927154541
243,86,5.0,3.9622507095336914
652,288,2.0,3.2554683685302734
653,1444,3.0,1.8832883834838867
339,80,3.0,2.8737456798553467
18,142,4.0,3.0270183086395264
88,886,5.0,3.586784601211548
551,827,5.0,2.4996461868286133
595,289,4.0,2.7730274200439453
339,121,3.0,3.3476078510284424
358,1529,3.0,3.502779245376587
97,429,4.0,4.335248947143555
262,195,2.0,3.696254253387451
22,648,4.0,4.638359069824219
671,779,3.0,3.171950101852417
821,281,3.0,4.139828681945801
630,732,4.0,3.48228120803833
85,42,3.0,3.7457919120788574
537,654,3.0,3.438699245452881
593,234,2.0,3.996263027191162
405,1575,1.0,1.4705098867416382
620,678,3.0,3.7482616901397705
333,748,4.0,3.7355992794036865
833,657,4.0,4.030656814575195
145,592,3.0,3.2622194290161133
495,843,3.0,3.7907285690307617
468,39,3.0,3.094907283782959
342,1008,3.0,3.5556492805480957
778,168,5.0,3.4820003509521484
747,519,5.0,4.696374416351318
902,181,3.0,3.771507740020752
169,683,3.0,2.393887519836426
764,22,4.0,4.560046672821045
416,339,5.0,3.7691988945007324
373,166,5.0,4.14424467086792
246,226,2.0,2.9033026695251465
913,180,3.0,3.880772113800049
796,553,4.0,3.543682098388672
936,14,4.0,4.317790508270264
605,132,5.0,4.337608814239502
550,50,5.0,4.81549596786499
454,603,4.0,3.481757164001465
1,106,4.0,2.49105167388916
548,9,1.0,3.9713284969329834
601,71,1.0,3.1748433113098145
92,452,2.0,2.636306047439575
710,318,4.0,4.446329116821289
373,843,3.0,3.344099283218384
936,281,4.0,3.380331516265869
27,925,3.0,3.127204418182373
476,715,4.0,3.610826015472412
280,499,4.0,4.014695167541504
760,71,4.0,3.6918869018554688
828,547,2.0,2.749378204345703
109,940,3.0,3.0518484115600586
452,186,1.0,3.762019634246826
59,959,4.0,4.0829081535339355
56,73,4.0,3.8554368019104004
331,277,4.0,3.3936190605163574
534,151,4.0,4.210369110107422
691,50,4.0,5.001481533050537
880,845,3.0,3.6365671157836914
873,342,4.0,1.7920122146606445
239,187,5.0,4.563889980316162
126,266,5.0,3.390629768371582
321,275,4.0,3.812462329864502
391,491,3.0,3.919830322265625
194,792,4.0,3.2797720432281494
289,742,4.0,2.978415012359619
525,248,4.0,3.7417993545532227
767,242,4.0,4.597091197967529
592,173,5.0,4.977834701538086
496,483,4.0,4.058626174926758
361,129,4.0,3.8743479251861572
442,31,3.0,3.3631391525268555
814,565,3.0,2.6879072189331055
733,1023,1.0,1.9718337059020996
938,476,4.0,3.2635674476623535
128,955,5.0,3.661771535873413
829,222,4.0,3.439187526702881
121,282,1.0,3.2178802490234375
536,699,3.0,4.056071758270264
805,121,3.0,3.395573854446411
61,333,3.0,3.24774169921875
206,690,2.0,2.361597776412964
532,982,3.0,3.1881167888641357
401,173,3.0,3.589900016784668
363,1010,4.0,3.208801746368408
92,116,3.0,3.8681774139404297
363,227,4.0,2.7628679275512695
784,328,3.0,4.027034759521484
119,154,5.0,4.244319915771484
141,245,3.0,3.441877603530884
176,508,3.0,3.8602070808410645
682,581,2.0,3.194430112838745
179,271,1.0,3.2308173179626465
193,182,4.0,4.023736953735352
932,64,2.0,4.949024200439453
332,370,2.0,3.5553841590881348
395,750,5.0,4.255133628845215
303,427,4.0,4.8964409828186035
889,294,3.0,3.102036952972412
435,265,3.0,3.9504828453063965
446,326,2.0,2.881401300430298
48,680,3.0,2.952972888946533
524,199,4.0,4.096765995025635
843,183,5.0,3.031937599182129
871,1024,3.0,3.6177566051483154
557,271,4.0,3.782524585723877
43,931,1.0,2.545718193054199
627,518,4.0,3.538677930831909
186,226,5.0,3.5286295413970947
416,737,3.0,3.8334767818450928
188,1263,3.0,3.1504006385803223
514,49,2.0,3.533961057662964
848,209,5.0,4.563631534576416
829,70,4.0,3.629019260406494
17,1,4.0,3.4809370040893555
836,56,4.0,4.421981334686279
604,200,1.0,3.715505599975586
760,98,3.0,4.143860816955566
887,100,2.0,4.326079368591309
561,204,3.0,3.249584436416626
151,28,4.0,4.322762966156006
851,302,5.0,4.646505832672119
72,2,3.0,3.5442845821380615
198,187,4.0,4.010251045227051
808,872,5.0,4.013762474060059
181,989,1.0,1.3168104887008667
219,303,4.0,4.003341197967529
51,173,5.0,3.9981753826141357
534,282,5.0,4.514976978302002
316,463,5.0,3.204805374145508
405,1567,1.0,1.471397876739502
269,154,3.0,3.5495986938476562
233,495,4.0,4.344210624694824
413,275,5.0,4.113830089569092
647,147,4.0,3.9250595569610596
923,1001,1.0,3.295461654663086
487,566,4.0,3.8334479331970215
484,226,4.0,3.8859784603118896
7,367,5.0,4.0082478523254395
294,751,4.0,3.8239352703094482
577,5,4.0,3.881781578063965
280,90,4.0,3.3763632774353027
621,94,2.0,3.6209781169891357
406,715,4.0,3.3029637336730957
778,738,1.0,2.0025625228881836
305,70,4.0,3.374924659729004
449,273,4.0,3.677610397338867
790,144,4.0,3.7710161209106445
130,477,4.0,4.148176670074463
358,558,4.0,3.51287841796875
450,277,3.0,4.006921768188477
363,444,4.0,2.766676902770996
250,151,4.0,4.015495300292969
139,460,3.0,3.7311625480651855
194,165,4.0,3.750253200531006
524,466,4.0,3.4866647720336914
372,218,5.0,4.4810051918029785
271,507,2.0,3.916994094848633
279,922,3.0,3.687368631362915
551,825,5.0,2.902653932571411
311,56,5.0,4.1862969398498535
771,542,4.0,3.3714451789855957
328,23,3.0,4.155022144317627
727,191,4.0,4.1984663009643555
711,496,5.0,4.538855075836182
666,181,2.0,3.9708757400512695
871,313,5.0,4.157136917114258
561,559,1.0,2.444784641265869
321,61,5.0,3.857952833175659
823,1,4.0,4.5075554847717285
328,685,4.0,3.1726744174957275
397,345,4.0,3.417576789855957
488,28,4.0,3.5311269760131836
234,125,3.0,2.775461435317993
709,172,5.0,4.287089824676514
95,190,4.0,4.29202938079834
655,125,2.0,2.8566250801086426
276,215,4.0,4.147658348083496
933,172,2.0,3.885862112045288
263,879,2.0,3.3777730464935303
116,888,2.0,2.9479565620422363
629,416,4.0,3.937246084213257
896,237,5.0,3.241657257080078
825,406,2.0,3.412687301635742
872,323,2.0,3.4736154079437256
286,402,3.0,3.9971446990966797
251,281,4.0,3.159055233001709
94,1065,4.0,4.073648452758789
463,1383,2.0,1.063279151916504
103,487,4.0,3.9792370796203613
592,24,4.0,3.901358127593994
378,59,4.0,4.109523296356201
864,404,4.0,4.112844467163086
29,182,4.0,4.322011470794678
254,386,2.0,2.704375743865967
12,4,5.0,4.0418381690979
336,410,3.0,3.114262104034424
145,22,5.0,4.460423469543457
357,291,4.0,4.437398910522461
919,272,5.0,4.292502403259277
130,58,2.0,4.321377277374268
330,549,5.0,4.657108306884766
711,941,3.0,2.8638367652893066
308,186,4.0,3.9831604957580566
682,125,4.0,3.3824386596679688
440,512,3.0,4.790320873260498
246,559,3.0,2.7471182346343994
374,483,3.0,4.482903480529785
76,769,1.0,1.74665367603302
437,213,4.0,4.0948920249938965
823,210,4.0,4.5452494621276855
332,38,2.0,4.027647972106934
707,499,4.0,3.8514151573181152
749,167,2.0,3.400254726409912
157,515,5.0,4.8702850341796875
487,181,4.0,4.376321792602539
744,28,3.0,3.7924752235412598
740,294,4.0,2.921334743499756
110,578,3.0,3.1988277435302734
129,300,3.0,2.7633228302001953
409,429,5.0,3.9837703704833984
476,66,3.0,3.57161808013916
799,292,4.0,3.8774545192718506
222,1042,4.0,2.7173759937286377
338,488,5.0,4.242743492126465
198,101,5.0,2.8754849433898926
676,688,1.0,1.375984787940979
294,1245,3.0,3.8021349906921387
506,684,5.0,4.053284168243408
620,416,4.0,4.014246463775635
234,686,3.0,3.0988640785217285
57,1071,3.0,3.618544340133667
508,1135,3.0,2.823550224304199
44,194,5.0,4.199985027313232
361,659,5.0,4.162505149841309
7,662,3.0,3.9851937294006348
405,463,1.0,2.0681984424591064
181,460,1.0,1.4227123260498047
922,391,3.0,2.9219186305999756
90,644,5.0,4.410975933074951
892,118,4.0,3.429462432861328
178,194,4.0,4.270475387573242
223,977,2.0,2.244846820831299
292,197,5.0,4.698460102081299
881,94,2.0,3.079988479614258
554,9,4.0,3.8459420204162598
606,201,4.0,3.921536922454834
151,195,3.0,4.442040920257568
642,1023,3.0,3.563810348510742
426,430,3.0,4.014203071594238
919,297,4.0,3.9339101314544678
693,423,3.0,3.251952648162842
230,511,2.0,4.348723411560059
655,192,3.0,3.4032702445983887
95,28,4.0,3.9384348392486572
702,683,1.0,1.694698452949524
146,347,3.0,3.844334602355957
56,280,4.0,3.5859878063201904
405,510,1.0,2.2976980209350586
206,260,3.0,1.5339001417160034
158,210,4.0,4.222040176391602
21,567,2.0,2.328653335571289
79,740,4.0,3.7044053077697754
177,135,5.0,3.990131139755249
189,9,3.0,4.189433574676514
892,82,3.0,4.310161113739014
405,80,1.0,1.464540958404541
378,1037,2.0,1.605747938156128
526,181,4.0,3.9946770668029785
308,448,3.0,3.548757314682007
637,475,1.0,3.1346683502197266
193,301,4.0,3.2326672077178955
886,783,1.0,2.444416046142578
405,1072,1.0,1.2938064336776733
880,144,5.0,4.151342868804932
710,192,5.0,4.163434028625488
671,4,5.0,3.497368812561035
533,676,5.0,3.2104740142822266
870,13,4.0,3.3600518703460693
795,3,2.0,2.815542221069336
416,451,5.0,4.028803825378418
262,660,4.0,3.468620777130127
405,673,5.0,1.9558532238006592
709,92,4.0,3.686504364013672
664,22,2.0,4.44586706161499
391,69,4.0,3.9104812145233154
170,687,3.0,2.9620046615600586
286,3,2.0,3.800982713699341
746,8,4.0,4.15012788772583
230,447,1.0,3.781198501586914
532,692,5.0,4.659681797027588
526,475,5.0,3.9512434005737305
618,150,2.0,3.5893547534942627
717,291,4.0,3.819365978240967
268,288,4.0,3.161620616912842
174,902,3.0,4.5562920570373535
458,509,4.0,4.023332595825195
871,515,4.0,4.121623992919922
215,28,4.0,4.044228553771973
655,512,3.0,3.3719711303710938
37,7,4.0,4.118887901306152
934,483,3.0,4.545225143432617
262,15,3.0,3.453622341156006
848,476,3.0,3.5611228942871094
751,1,3.0,3.8977012634277344
271,218,3.0,3.4195683002471924
280,86,4.0,3.940235137939453
715,158,2.0,2.0316364765167236
203,477,4.0,3.502129077911377
809,331,2.0,3.6874899864196777
893,1245,2.0,3.6503822803497314
43,123,1.0,3.598822593688965
82,475,1.0,3.7952725887298584
632,508,2.0,3.8737454414367676
63,106,2.0,2.4156856536865234
308,254,2.0,2.8906846046447754
369,346,4.0,4.187491416931152
318,12,4.0,4.597347259521484
745,169,4.0,3.605119466781616
456,69,4.0,3.7815895080566406
472,51,5.0,4.3496785163879395
82,919,3.0,3.6062355041503906
862,196,5.0,4.451898574829102
929,188,4.0,3.4683966636657715
890,186,2.0,4.274500846862793
491,493,4.0,4.384584426879883
886,64,5.0,4.534486770629883
790,283,2.0,3.7337088584899902
653,973,2.0,2.088536262512207
494,143,5.0,3.8464608192443848
141,323,4.0,3.4602980613708496
864,755,4.0,3.6518330574035645
13,799,4.0,2.4285128116607666
751,90,3.0,3.157235622406006
880,467,4.0,4.1269965171813965
553,1,3.0,4.1345014572143555
635,688,2.0,1.6390548944473267
299,289,3.0,2.6722631454467773
889,513,4.0,4.302083492279053
303,93,5.0,4.123798847198486
881,97,3.0,3.732877016067505
85,157,3.0,3.5338175296783447
297,984,1.0,2.277164936065674
121,736,5.0,4.03380012512207
256,829,4.0,3.912564277648926
661,665,3.0,2.810702085494995
608,126,1.0,3.8625569343566895
519,1280,5.0,4.091336727142334
879,292,4.0,3.7222678661346436
496,554,2.0,2.2701823711395264
81,756,1.0,2.5725817680358887
308,591,3.0,3.730727195739746
236,117,3.0,3.404780864715576
393,15,3.0,3.5626378059387207
308,802,3.0,3.345008611679077
59,56,5.0,4.558212757110596
606,729,4.0,3.9488236904144287
836,1065,4.0,3.669194221496582
246,173,5.0,4.152531623840332
48,433,3.0,3.714372158050537
407,153,4.0,3.8283677101135254
13,82,2.0,3.6473617553710938
634,1011,4.0,3.3436503410339355
361,216,5.0,3.9750566482543945
101,820,3.0,2.6479313373565674
112,346,5.0,3.8940181732177734
705,526,3.0,3.9674816131591797
535,632,4.0,4.00142240524292
189,99,5.0,4.086578369140625
394,383,2.0,2.7179603576660156
201,31,1.0,3.101250171661377
373,423,2.0,3.9425594806671143
337,228,5.0,4.162048816680908
918,499,4.0,3.6441221237182617
164,678,4.0,3.7420661449432373
763,28,3.0,4.089498996734619
666,1474,3.0,3.0453906059265137
763,418,4.0,3.639982223510742
59,616,5.0,4.083017826080322
94,81,4.0,4.255023956298828
727,199,4.0,4.165235996246338
109,250,2.0,3.400444746017456
500,281,3.0,2.8947157859802246
450,878,2.0,2.912783145904541
504,181,3.0,4.045523166656494
868,233,2.0,2.6321873664855957
188,678,3.0,2.955120801925659
660,97,3.0,2.890650987625122
871,937,3.0,3.4484920501708984
361,655,3.0,3.952779769897461
733,14,5.0,3.6993935108184814
488,478,3.0,3.768364429473877
266,874,2.0,2.9067583084106445
815,228,5.0,4.027420520782471
13,194,5.0,4.077249050140381
323,772,3.0,2.8713572025299072
78,411,4.0,2.803699016571045
440,751,3.0,4.209117412567139
200,195,5.0,4.415690898895264
29,678,3.0,2.601804256439209
201,651,4.0,3.7299232482910156
429,23,4.0,4.258277893066406
932,863,4.0,4.459686756134033
301,269,5.0,4.059034824371338
815,135,2.0,4.261224746704102
234,604,5.0,3.6232614517211914
159,881,1.0,3.063171863555908
896,685,3.0,2.6059906482696533
185,514,5.0,4.150640964508057
506,494,5.0,4.315925598144531
601,204,2.0,3.426295042037964
921,728,3.0,3.056671380996704
3,300,2.0,3.1190216541290283
864,226,3.0,3.728363037109375
326,170,2.0,3.6574153900146484
322,656,5.0,4.472752571105957
32,245,2.0,2.7528347969055176
378,96,4.0,4.10051155090332
630,323,4.0,3.3425254821777344
907,1051,5.0,4.522763729095459
405,480,4.0,2.631544589996338
90,31,4.0,4.1799750328063965
43,751,2.0,3.7557520866394043
671,159,5.0,3.671238422393799
533,651,4.0,4.044260501861572
569,321,4.0,3.1820058822631836
27,515,4.0,3.9667978286743164
110,550,3.0,3.260761022567749
830,241,4.0,3.813241958618164
578,346,3.0,3.075982093811035
504,1084,4.0,4.015753269195557
456,608,4.0,3.8410627841949463
7,619,3.0,3.869626998901367
405,439,1.0,1.2494711875915527
151,10,5.0,4.439391136169434
223,423,3.0,3.8453686237335205
889,81,4.0,3.575451612472534
727,405,3.0,3.1269803047180176
711,168,4.0,4.468013286590576
223,295,3.0,3.435706377029419
594,515,5.0,3.89133358001709
807,298,4.0,4.0271830558776855
689,300,5.0,3.916034698486328
21,103,1.0,1.5695827007293701
543,660,3.0,3.6587448120117188
790,1132,2.0,2.757693290710449
294,286,5.0,4.0597615242004395
503,321,2.0,3.2824740409851074
215,300,3.0,3.771758556365967
407,405,3.0,3.1339664459228516
399,175,3.0,3.213651180267334
551,79,5.0,4.638629913330078
881,1046,3.0,2.9907329082489014
531,908,1.0,2.71317195892334
802,183,5.0,4.021286964416504
560,235,2.0,2.8894495964050293
693,298,3.0,3.1746599674224854
275,627,3.0,3.098013162612915
790,771,4.0,2.3311784267425537
669,172,3.0,4.061712265014648
929,318,4.0,4.2199578285217285
870,272,4.0,4.238924026489258
201,402,2.0,2.8745455741882324
391,134,4.0,4.347502708435059
478,182,5.0,4.011307239532471
650,432,4.0,3.3203885555267334
54,240,4.0,3.3868813514709473
221,566,3.0,3.662233829498291
900,618,4.0,2.559674024581909
887,1079,1.0,3.3190386295318604
86,327,4.0,3.684361219406128
49,347,3.0,2.9091148376464844
378,213,5.0,4.131831645965576
629,732,5.0,4.207423686981201
886,128,4.0,3.4263458251953125
561,239,3.0,2.8572232723236084
335,355,3.0,3.18727445602417
660,347,3.0,2.6838669776916504
446,880,2.0,2.7665951251983643
840,1451,5.0,3.983084201812744
867,68,4.0,4.099417686462402
83,56,1.0,4.348849296569824
575,322,3.0,1.958760380744934
270,93,5.0,4.569234371185303
328,117,4.0,3.5047812461853027
113,424,1.0,2.3644814491271973
675,750,4.0,4.13713264465332
283,56,5.0,4.57448673248291
790,451,3.0,3.134533166885376
749,50,5.0,4.7088704109191895
158,221,2.0,4.113476276397705
141,597,4.0,3.4847915172576904
221,150,5.0,3.7899317741394043
151,83,5.0,4.519618511199951
665,125,4.0,3.6503608226776123
74,285,3.0,4.363107204437256
619,403,5.0,3.404733657836914
95,89,3.0,4.229443550109863
356,258,5.0,3.8712306022644043
392,316,5.0,4.535668849945068
850,705,5.0,4.45030403137207
660,89,3.0,3.4339029788970947
934,414,5.0,3.711737871170044
864,186,4.0,4.394347190856934
320,82,3.0,4.216240882873535
5,435,4.0,3.766115188598633
303,97,5.0,4.10934591293335
308,216,3.0,3.9559223651885986
188,151,3.0,3.7784011363983154
94,824,4.0,2.73227858543396
435,200,5.0,3.8274691104888916
796,559,3.0,3.575654983520508
383,14,5.0,4.3020477294921875
527,513,4.0,4.430396556854248
847,173,5.0,3.7384755611419678
621,746,4.0,4.069478511810303
758,968,5.0,4.109992027282715
286,1118,1.0,3.7523765563964844
13,857,3.0,2.2349228858947754
781,1500,5.0,4.50153112411499
780,497,2.0,4.012004375457764
435,572,2.0,2.7579293251037598
83,739,5.0,3.5753443241119385
926,321,3.0,2.8838582038879395
579,676,3.0,3.161530017852783
694,133,5.0,4.2078022956848145
642,1146,1.0,3.7082643508911133
478,866,1.0,2.8857192993164062
296,187,5.0,4.885219097137451
933,234,3.0,3.343883514404297
715,81,4.0,3.7715611457824707
922,181,5.0,3.849226474761963
658,518,4.0,3.7428369522094727
504,973,4.0,3.4979350566864014
90,1206,2.0,3.3388633728027344
181,147,1.0,1.3726630210876465
98,435,5.0,3.8035006523132324
755,269,5.0,3.9723916053771973
751,50,5.0,4.438534259796143
842,344,1.0,4.22704553604126
608,4,3.0,3.522150993347168
436,95,4.0,4.054950714111328
495,186,5.0,4.372882843017578
716,507,5.0,4.142862796783447
864,693,4.0,4.109705924987793
264,345,4.0,3.985849142074585
188,300,4.0,3.846342086791992
660,474,2.0,3.5501163005828857
276,794,2.0,4.096696376800537
207,423,4.0,3.3598270416259766
648,216,4.0,3.764110565185547
158,79,4.0,4.3513054847717285
85,520,3.0,4.073511600494385
145,316,5.0,4.255864143371582
654,117,4.0,3.7872469425201416
854,100,5.0,3.8758955001831055
2,304,4.0,3.7192652225494385
466,510,2.0,3.988973379135132
770,255,4.0,4.502669334411621
291,85,2.0,3.7037928104400635
525,123,3.0,3.0934877395629883
669,187,5.0,4.016356945037842
470,919,3.0,3.672909736633301
151,516,5.0,4.461437702178955
234,316,4.0,3.613675117492676
399,735,3.0,3.0843288898468018
286,655,3.0,4.122110843658447
590,298,2.0,3.8659989833831787
537,185,4.0,3.451122283935547
889,24,4.0,3.3452298641204834
186,770,2.0,3.3965492248535156
773,769,1.0,1.813398838043213
868,232,1.0,2.842784881591797
343,118,2.0,2.9524896144866943
373,506,4.0,4.014616966247559
810,294,5.0,4.459873676300049
932,180,4.0,4.502347946166992
698,482,2.0,3.214430332183838
891,409,4.0,3.97143292427063
334,425,4.0,3.8359427452087402
263,210,3.0,4.398436069488525
646,310,3.0,3.1427834033966064
770,258,5.0,4.7039475440979
85,161,4.0,3.2547876834869385
684,553,4.0,3.3391060829162598
622,434,4.0,4.043722629547119
320,97,5.0,4.111593723297119
493,171,5.0,4.142952919006348
200,1060,3.0,4.043170928955078
246,235,3.0,2.5296781063079834
772,302,5.0,4.77272891998291
564,289,4.0,3.2004170417785645
189,517,4.0,4.260223388671875
332,409,3.0,4.109111309051514
551,527,5.0,4.6811041831970215
552,280,3.0,3.0907979011535645
626,272,5.0,3.78236722946167
497,42,4.0,3.6340298652648926
897,484,3.0,4.446788311004639
786,195,4.0,4.209527015686035
610,699,2.0,3.7973270416259766
450,837,4.0,4.27925443649292
44,174,5.0,4.366210460662842
627,732,3.0,3.379750967025757
501,696,4.0,3.9186956882476807
552,117,3.0,3.4920666217803955
498,83,3.0,3.6568350791931152
862,151,5.0,4.217702865600586
575,50,2.0,3.7495946884155273
757,11,4.0,3.8651723861694336
184,57,5.0,4.118967056274414
817,24,4.0,3.4897522926330566
298,546,3.0,3.7929749488830566
661,280,3.0,3.0199995040893555
244,458,3.0,3.6083078384399414
506,215,5.0,3.9984991550445557
64,419,2.0,3.8638622760772705
868,209,4.0,3.683558464050293
276,1407,1.0,1.934358835220337
711,283,4.0,4.212520122528076
750,688,1.0,1.569389820098877
606,176,5.0,4.366231918334961
627,423,3.0,3.538853645324707
292,124,4.0,4.802856922149658
95,728,3.0,2.689830780029297
394,222,4.0,4.255307674407959
232,64,4.0,4.608334064483643
922,222,4.0,3.5575408935546875
814,559,3.0,2.88494610786438
244,744,3.0,3.7659189701080322
301,229,3.0,3.4516971111297607
222,9,5.0,3.858502149581909
318,167,4.0,3.6314809322357178
868,506,4.0,3.5151877403259277
734,282,4.0,3.2895314693450928
157,258,3.0,4.334832191467285
119,562,4.0,3.924955368041992
335,260,3.0,2.9257972240448
167,1126,5.0,3.635030746459961
98,629,5.0,3.12764310836792
815,9,4.0,4.077504634857178
509,258,4.0,3.2065107822418213
221,53,4.0,3.4204177856445312
321,709,4.0,4.020954132080078
394,780,2.0,3.759978771209717
650,100,4.0,3.6699886322021484
497,174,4.0,4.0063605308532715
535,9,5.0,3.9174723625183105
474,92,4.0,4.015209197998047
293,436,3.0,3.425036668777466
458,126,4.0,3.9314985275268555
843,590,3.0,2.4790053367614746
230,378,5.0,4.037774085998535
8,385,1.0,3.9929635524749756
347,928,3.0,3.1605663299560547
429,441,3.0,2.541673183441162
495,631,2.0,4.16212272644043
880,44,4.0,3.7240352630615234
399,383,2.0,2.7391581535339355
212,179,1.0,3.970275640487671
500,83,4.0,3.9612233638763428
311,465,4.0,3.8175740242004395
524,649,4.0,3.3225388526916504
393,569,4.0,3.278578281402588
222,294,3.0,2.8244214057922363
161,315,5.0,2.760615110397339
904,274,5.0,3.7231621742248535
269,654,4.0,3.824648380279541
459,275,4.0,3.7876553535461426
590,126,5.0,4.011412143707275
213,234,4.0,4.388573169708252
58,222,4.0,3.5379128456115723
417,121,3.0,3.5483007431030273
655,367,3.0,2.8368520736694336
548,316,4.0,4.228604316711426
325,137,5.0,3.6571145057678223
405,1359,1.0,1.1205185651779175
22,118,4.0,2.8029234409332275
254,768,3.0,2.697371006011963
650,809,3.0,2.703887701034546
716,740,4.0,3.629866600036621
238,181,3.0,4.277761459350586
894,300,4.0,3.8140792846679688
672,15,3.0,3.515371084213257
301,1012,4.0,3.698476791381836
478,64,5.0,4.449669361114502
56,523,4.0,4.3256330490112305
665,238,4.0,3.667924404144287
693,192,2.0,3.5639290809631348
429,183,4.0,4.100593090057373
500,1385,4.0,2.837059736251831
417,674,2.0,3.313471794128418
943,139,1.0,3.0633201599121094
339,183,4.0,4.52694845199585
526,270,3.0,3.4580154418945312
610,751,4.0,3.5482866764068604
454,1190,3.0,2.672306537628174
137,250,5.0,4.161446571350098
145,636,4.0,3.5201897621154785
334,300,3.0,3.455378532409668
271,504,3.0,4.048367023468018
10,357,5.0,4.769561290740967
2,313,5.0,4.645124435424805
416,727,5.0,3.999695062637329
697,118,3.0,3.6359524726867676
216,790,3.0,2.69010591506958
250,676,5.0,3.85412859916687
535,953,5.0,3.698375940322876
776,675,3.0,3.5821709632873535
862,238,4.0,4.393805503845215
803,339,3.0,2.8666977882385254
90,185,5.0,4.651544094085693
782,344,3.0,3.3035292625427246
754,293,4.0,3.833954334259033
682,1303,2.0,2.1705081462860107
407,186,4.0,3.962167739868164
567,223,4.0,4.2912139892578125
795,4,4.0,3.2024283409118652
401,663,1.0,3.346529960632324
870,569,2.0,2.542891502380371
868,427,4.0,3.9545631408691406
118,421,4.0,4.868814945220947
189,137,4.0,4.231314182281494
639,662,2.0,2.577486753463745
844,97,3.0,3.604560375213623
232,270,3.0,3.7216718196868896
51,479,3.0,4.074565410614014
342,289,2.0,2.7285573482513428
643,423,4.0,4.00871467590332
299,1258,2.0,2.1679530143737793
655,24,3.0,2.799044609069824
655,19,2.0,3.25978946685791
886,467,4.0,3.847658634185791
227,127,4.0,4.544262886047363
541,142,5.0,3.3406193256378174
42,468,4.0,3.646575450897217
661,215,3.0,3.9727957248687744
22,89,5.0,4.699039936065674
391,300,2.0,3.4146206378936768
410,538,3.0,3.119680643081665
350,127,5.0,4.659355640411377
559,238,1.0,3.6668953895568848
279,147,4.0,3.6353790760040283
788,712,3.0,3.177612781524658
94,288,3.0,3.8132271766662598
920,307,3.0,3.3048481941223145
562,435,4.0,3.8547894954681396
615,523,5.0,4.509621620178223
326,48,3.0,3.6150712966918945
44,183,4.0,4.205169200897217
416,66,5.0,4.192520618438721
122,70,5.0,4.026548385620117
707,449,2.0,3.0445380210876465
717,111,4.0,4.036816120147705
523,72,4.0,4.4959025382995605
548,283,3.0,3.9797887802124023
216,1161,4.0,2.808384895324707
11,745,5.0,3.863125801086426
897,161,5.0,4.146155834197998
846,215,5.0,4.058420181274414
454,55,2.0,2.8691530227661133
249,68,5.0,4.046889781951904
436,715,4.0,3.741610050201416
909,326,4.0,4.318758010864258
456,42,4.0,3.79508113861084
425,529,4.0,3.509037494659424
363,435,3.0,3.664304733276367
508,82,3.0,3.8769891262054443
764,696,3.0,3.59497332572937
567,83,4.0,4.207737922668457
279,105,4.0,3.20349383354187
182,111,4.0,3.49406099319458
311,523,5.0,4.183403015136719
128,380,4.0,3.364021062850952
643,794,3.0,3.830073833465576
645,258,3.0,4.093343734741211
503,582,5.0,4.007180690765381
307,215,4.0,3.9745306968688965
506,218,3.0,3.7143678665161133
768,151,2.0,3.5085504055023193
12,684,5.0,4.288111209869385
864,800,1.0,3.298799991607666
621,1016,4.0,3.989964008331299
838,50,5.0,4.712491512298584
796,274,5.0,3.575457811355591
329,198,4.0,3.854954481124878
343,528,3.0,4.830153465270996
279,1266,1.0,3.582932472229004
741,131,4.0,4.018308639526367
280,40,5.0,3.6863937377929688
757,97,4.0,3.747143030166626
848,153,5.0,4.379143714904785
373,510,3.0,4.076175689697266
704,180,4.0,4.094997882843018
664,96,3.0,4.22413969039917
243,137,3.0,3.863175630569458
60,606,4.0,4.385612964630127
528,210,5.0,4.006123065948486
840,172,3.0,4.484597682952881
666,98,4.0,4.323770999908447
38,161,5.0,4.157642841339111
94,125,1.0,3.7534372806549072
639,673,4.0,2.806669235229492
825,1087,3.0,2.8636765480041504
828,322,3.0,1.8493170738220215
885,756,2.0,2.460742950439453
653,732,2.0,2.8411474227905273
437,287,2.0,3.6677780151367188
295,98,5.0,4.940063953399658
474,528,5.0,4.657315731048584
211,526,4.0,3.202521324157715
717,866,1.0,3.690659761428833
940,153,2.0,3.5995283126831055
568,631,5.0,3.024786949157715
507,298,5.0,4.980832576751709
34,310,4.0,4.498976230621338
334,69,1.0,3.8639845848083496
707,582,5.0,3.470980405807495
463,985,1.0,2.5836853981018066
59,699,4.0,4.1931681632995605
752,690,4.0,3.1672074794769287
902,300,4.0,3.212818145751953
694,138,3.0,2.8052785396575928
552,628,3.0,3.2312331199645996
92,134,4.0,4.334667682647705
406,665,3.0,2.9346375465393066
676,315,4.0,4.387294769287109
195,384,2.0,2.6549367904663086
736,533,3.0,3.4321093559265137
654,742,4.0,3.660980224609375
551,281,5.0,3.186922311782837
350,340,4.0,3.9430105686187744
125,513,4.0,4.574468612670898
930,1010,2.0,2.8783621788024902
387,268,3.0,3.7637438774108887
244,676,4.0,3.6071319580078125
610,7,2.0,3.900840997695923
503,121,3.0,3.185771942138672
458,514,5.0,4.027669906616211
7,626,5.0,2.48225736618042
943,234,3.0,3.8895578384399414
18,189,5.0,4.253832817077637
164,281,4.0,4.195033073425293
269,167,1.0,2.370565176010132
466,172,4.0,4.241336822509766
716,1020,5.0,4.20700216293335
870,378,3.0,3.656766414642334
805,603,4.0,4.223729133605957
697,50,5.0,5.004112720489502
267,64,5.0,5.271955966949463
422,379,2.0,2.8814215660095215
635,307,4.0,3.5392212867736816
151,492,3.0,4.293488025665283
674,313,5.0,4.62465763092041
711,425,4.0,4.224462985992432
684,716,2.0,3.3436484336853027
268,525,4.0,4.0707831382751465
59,181,5.0,4.438578128814697
57,588,4.0,4.139950752258301
264,671,4.0,4.406922817230225
201,26,4.0,2.91334867477417
588,451,5.0,3.861909866333008
863,328,5.0,3.1972274780273438
838,318,5.0,4.727185249328613
468,12,4.0,4.905806064605713
831,307,2.0,3.587970018386841
24,100,5.0,4.588591575622559
913,11,4.0,3.5969276428222656
586,39,4.0,3.3212780952453613
870,333,3.0,3.31874680519104
398,208,5.0,3.9857492446899414
207,127,5.0,3.817016839981079
26,831,2.0,1.726099967956543
621,87,5.0,4.327963829040527
770,919,5.0,4.681478977203369
235,96,4.0,4.221750259399414
666,264,3.0,2.8988351821899414
924,605,3.0,3.429603338241577
90,505,5.0,4.548178672790527
634,273,3.0,3.478461265563965
561,942,3.0,2.950441837310791
487,231,1.0,2.953737258911133
334,577,2.0,2.0842607021331787
624,295,3.0,3.7013843059539795
523,306,5.0,4.668393611907959
491,124,5.0,4.3029632568359375
493,475,3.0,4.101587295532227
387,446,2.0,2.323380470275879
343,510,5.0,4.567868709564209
650,692,3.0,3.0809240341186523
318,722,4.0,3.385876178741455
195,887,4.0,3.7838821411132812
327,778,3.0,3.338229179382324
650,480,5.0,3.8147196769714355
452,492,4.0,3.6360373497009277
870,653,4.0,3.895808219909668
315,732,3.0,3.98933482170105
429,475,4.0,3.9177427291870117
668,993,4.0,3.590740919113159
270,283,5.0,4.604386806488037
445,823,1.0,1.4579440355300903
87,871,4.0,3.216459274291992
487,300,5.0,3.8282458782196045
393,280,4.0,3.3390283584594727
535,83,4.0,4.165050506591797
293,257,2.0,3.626208543777466
344,176,5.0,4.290068626403809
234,318,4.0,3.996368408203125
181,975,2.0,1.4680397510528564
42,496,5.0,4.306939601898193
553,615,5.0,4.295269012451172
178,294,2.0,3.4981813430786133
884,213,4.0,4.112793922424316
938,928,5.0,3.343893527984619
787,352,2.0,2.347487211227417
378,44,3.0,3.4608922004699707
481,204,4.0,4.021179676055908
398,197,5.0,4.10274600982666
537,1197,3.0,2.9469852447509766
359,546,3.0,3.475351095199585
848,72,5.0,3.8618507385253906
913,741,4.0,3.2903690338134766
747,653,5.0,4.590686321258545
663,151,3.0,3.7541849613189697
798,87,3.0,3.5497546195983887
628,938,5.0,4.099926948547363
269,616,4.0,3.2218239307403564
936,106,3.0,3.1889286041259766
627,144,2.0,3.5630974769592285
901,756,4.0,3.3975114822387695
295,290,4.0,4.105123043060303
207,845,3.0,3.064608335494995
290,385,4.0,3.5547711849212646
436,642,4.0,3.882664680480957
459,181,4.0,3.8601644039154053
399,24,4.0,2.85381817817688
645,512,5.0,4.451890468597412
346,273,4.0,3.2904162406921387
489,302,5.0,4.519802570343018
194,62,2.0,2.2572522163391113
653,125,2.0,2.5604701042175293
716,154,5.0,4.157723426818848
499,7,4.0,3.83307147026062
409,115,2.0,3.7245235443115234
862,250,5.0,4.127091407775879
181,278,2.0,1.3948272466659546
135,183,4.0,4.002128601074219
653,1014,2.0,2.3933281898498535
908,318,5.0,3.9970510005950928
151,770,4.0,3.8526804447174072
74,300,3.0,3.7787842750549316
664,160,3.0,3.5512053966522217
704,269,4.0,4.0584564208984375
497,679,3.0,2.989392042160034
115,172,4.0,4.464382171630859
504,834,2.0,3.042461633682251
15,742,2.0,2.912533760070801
411,73,4.0,3.5025529861450195
911,465,5.0,3.6462881565093994
268,566,3.0,3.2322866916656494
130,433,3.0,4.375216960906982
504,295,4.0,3.7299792766571045
868,621,2.0,2.819763660430908
390,740,4.0,3.7754123210906982
468,772,4.0,3.065699577331543
296,285,5.0,4.973449230194092
804,651,4.0,4.261340141296387
537,133,4.0,3.1612634658813477
774,228,4.0,2.1963613033294678
130,419,5.0,4.45070219039917
650,530,4.0,3.727271795272827
238,258,3.0,4.079793930053711
733,245,3.0,2.520689010620117
331,302,5.0,4.046469688415527
639,28,4.0,3.111510753631592
767,648,4.0,4.64979362487793
864,805,4.0,4.246993064880371
141,1013,1.0,3.0566515922546387
194,182,3.0,3.6833150386810303
393,77,3.0,3.479074478149414
660,17,1.0,2.431288719177246
771,181,4.0,3.8910908699035645
311,180,4.0,4.154717445373535
287,815,3.0,3.717947006225586
887,289,5.0,3.832310438156128
303,284,4.0,3.187591314315796
840,607,4.0,4.198981285095215
798,265,5.0,3.557483673095703
8,96,3.0,4.587316513061523
6,301,2.0,2.936850070953369
138,133,4.0,4.242012977600098
875,22,3.0,4.626349449157715
466,882,5.0,3.2814781665802
250,174,3.0,4.628668308258057
72,480,5.0,4.219964981079102
399,475,5.0,3.2224373817443848
719,69,5.0,3.5587317943573
59,473,3.0,3.594928741455078
59,647,5.0,4.683836936950684
721,680,3.0,3.280925750732422
763,61,5.0,4.161433696746826
766,1050,3.0,3.2461190223693848
85,195,3.0,3.8538570404052734
49,147,1.0,2.553614616394043
28,227,4.0,3.4998509883880615
336,692,3.0,3.526106119155884
774,186,3.0,2.4763991832733154
450,305,4.0,4.216003894805908
844,168,4.0,3.9610939025878906
293,168,4.0,4.004327774047852
243,1115,3.0,3.5391690731048584
488,176,4.0,3.619075298309326
222,627,3.0,2.850797653198242
174,147,4.0,3.689673662185669
807,399,4.0,3.934460163116455
11,526,3.0,3.8933093547821045
943,625,3.0,3.519052028656006
655,1007,3.0,3.230431318283081
159,595,5.0,3.226224422454834
933,710,2.0,3.152679443359375
385,745,4.0,3.354022979736328
453,90,3.0,3.127967357635498
561,284,1.0,2.502279758453369
693,77,2.0,2.846464157104492
605,14,5.0,4.231657028198242
268,450,1.0,1.8303680419921875
429,591,3.0,3.6280405521392822
593,157,3.0,3.879298686981201
59,705,4.0,4.409731388092041
327,302,3.0,3.9493417739868164
932,482,5.0,4.508298397064209
239,114,3.0,4.718050479888916
483,9,2.0,3.355926513671875
497,268,4.0,3.54669189453125
818,751,5.0,3.3739676475524902
738,136,4.0,4.183627605438232
66,281,4.0,3.471597194671631
768,257,4.0,3.6656856536865234
117,268,5.0,4.3561177253723145
290,546,2.0,3.202746868133545
374,24,3.0,3.4445066452026367
85,629,3.0,3.164206027984619
804,288,1.0,3.6152868270874023
102,202,4.0,2.8746461868286133
405,1556,1.0,1.691582441329956
438,284,2.0,3.9829518795013428
343,134,5.0,4.8581719398498535
416,1428,3.0,4.410562992095947
409,210,4.0,3.8466498851776123
450,423,5.0,4.227734088897705
470,319,3.0,3.2760097980499268
10,371,4.0,4.0107927322387695
604,637,4.0,2.781601905822754
707,478,4.0,3.9478015899658203
543,183,4.0,3.9896035194396973
280,1048,4.0,3.383639335632324
334,1051,4.0,2.9608426094055176
328,570,3.0,3.075687885284424
94,100,5.0,4.666664123535156
200,202,5.0,4.272367000579834
44,1058,4.0,3.377347230911255
119,492,5.0,4.222659587860107
271,13,4.0,3.4873738288879395
452,234,3.0,3.581515312194824
869,412,5.0,1.8711464405059814
318,610,5.0,3.890115737915039
109,159,4.0,3.625601291656494
34,299,5.0,3.5306808948516846
473,9,5.0,4.197542190551758
711,58,4.0,4.065817356109619
747,625,3.0,3.8767547607421875
721,755,4.0,3.7024025917053223
790,91,3.0,3.502383232116699
393,802,3.0,3.2954869270324707
304,879,3.0,3.3676207065582275
393,356,3.0,3.437058210372925
805,588,2.0,3.7006642818450928
392,1226,4.0,3.8398375511169434
655,293,4.0,3.1018929481506348
852,100,4.0,4.2999467849731445
184,399,3.0,3.2371609210968018
184,182,4.0,4.130631923675537
935,118,4.0,3.996948719024658
637,744,4.0,2.60009765625
586,756,1.0,3.1897029876708984
896,511,5.0,3.9655404090881348
885,949,4.0,3.2327237129211426
275,419,3.0,3.2819411754608154
650,969,3.0,3.2880260944366455
154,496,3.0,4.441728115081787
69,235,3.0,2.6895809173583984
1,112,1.0,1.8761985301971436
194,762,3.0,2.935854911804199
789,1007,4.0,3.988095283508301
635,358,1.0,2.28000807762146
884,285,4.0,4.313358783721924
774,54,1.0,1.7721675634384155
177,322,2.0,2.817843437194824
469,641,4.0,4.887526035308838
474,173,5.0,4.588589191436768
10,712,4.0,4.0077714920043945
276,388,2.0,2.1858344078063965
757,260,3.0,2.600022792816162
48,202,4.0,3.7129008769989014
587,304,4.0,3.2705883979797363
630,243,2.0,3.026111125946045
831,56,5.0,4.232019901275635
507,250,5.0,4.715150356292725
479,325,1.0,2.291318893432617
459,220,3.0,3.398681402206421
886,144,4.0,3.872004985809326
216,56,5.0,4.5637736320495605
451,1280,1.0,2.703390121459961
472,400,5.0,3.751007556915283
561,48,4.0,3.6088078022003174
604,567,5.0,2.2963767051696777
479,500,4.0,3.8151464462280273
745,79,3.0,3.214810609817505
847,164,3.0,3.1224403381347656
361,1074,3.0,2.3529231548309326
299,347,4.0,3.396831750869751
347,282,5.0,3.7647244930267334
14,276,4.0,3.938735246658325
648,178,4.0,4.18053674697876
122,469,5.0,4.104087829589844
422,200,5.0,4.0040364265441895
371,186,5.0,4.255350589752197
167,726,1.0,2.5229129791259766
97,100,2.0,4.435441493988037
288,237,4.0,3.65270733833313
121,118,2.0,2.1640896797180176
221,24,5.0,3.5057013034820557
608,56,5.0,4.137093544006348
627,183,5.0,3.790555953979492
542,70,4.0,3.6023435592651367
14,81,5.0,4.012297630310059
313,121,4.0,3.338008403778076
77,518,4.0,3.6705732345581055
373,238,4.0,3.9800963401794434
268,83,4.0,3.9614367485046387
334,50,5.0,4.420315265655518
56,233,1.0,3.7636306285858154
416,42,3.0,4.5109477043151855
167,831,3.0,1.8909928798675537
504,257,5.0,3.8620176315307617
249,125,3.0,4.058866500854492
207,185,4.0,3.6207215785980225
933,392,3.0,2.757561683654785
417,684,3.0,3.7054648399353027
441,25,3.0,3.6612401008605957
645,208,5.0,4.263279438018799
65,237,4.0,3.9389829635620117
806,133,5.0,3.951935052871704
790,131,2.0,3.7832350730895996
286,107,1.0,3.9883131980895996
805,212,3.0,3.289438486099243
416,278,3.0,3.5939674377441406
640,1073,5.0,4.520853519439697
591,367,3.0,3.566542863845825
591,238,5.0,3.932029962539673
73,1073,4.0,3.839569568634033
579,1047,3.0,2.19940447807312
265,294,4.0,3.4668734073638916
842,313,4.0,4.725597381591797
448,750,5.0,3.667609453201294
308,98,3.0,4.362144470214844
56,447,4.0,3.819209575653076
712,228,3.0,4.023645401000977
18,223,5.0,4.289045810699463
2,315,1.0,4.366122722625732
495,1135,5.0,3.802205801010132
434,15,3.0,4.131544589996338
563,692,5.0,4.122097492218018
258,315,3.0,4.310035228729248
116,191,4.0,3.7967820167541504
655,127,5.0,3.534058094024658
537,515,4.0,3.696650981903076
248,405,4.0,3.109753131866455
13,234,5.0,3.7317025661468506
253,175,2.0,4.126284122467041
853,334,3.0,2.9200501441955566
13,202,5.0,3.641788959503174
152,313,4.0,5.015133380889893
320,147,4.0,4.113651275634766
817,124,4.0,4.176159858703613
892,1444,3.0,2.8007795810699463
429,820,3.0,2.5290277004241943
330,91,4.0,4.673997402191162
653,429,3.0,3.2258293628692627
58,240,4.0,2.1749801635742188
21,406,1.0,1.7154335975646973
882,33,2.0,3.939377784729004
909,286,4.0,4.259741306304932
496,22,4.0,3.8282861709594727
201,1229,3.0,1.8160501718521118
59,367,4.0,3.9632885456085205
214,151,5.0,3.7508931159973145
269,3,3.0,2.1704204082489014
342,135,3.0,3.987931966781616
13,662,5.0,3.2006161212921143
234,724,4.0,3.027592182159424
474,509,5.0,4.354191303253174
577,684,4.0,3.9709746837615967
618,485,3.0,3.668192148208618
80,58,4.0,3.720771312713623
42,729,3.0,3.7714285850524902
889,193,4.0,3.7923595905303955
167,364,3.0,2.569981575012207
178,222,4.0,3.8751423358917236
261,117,4.0,4.529114246368408
477,36,4.0,3.449784994125366
379,398,1.0,2.0959062576293945
796,623,3.0,3.3142621517181396
318,132,4.0,4.224997520446777
467,1017,2.0,3.568087339401245
21,447,5.0,3.8015120029449463
279,1288,4.0,3.3732988834381104
650,449,3.0,2.6075754165649414
840,179,5.0,4.219018459320068
315,185,4.0,4.429481506347656
506,749,4.0,3.2621493339538574
671,1597,1.0,3.8854832649230957
244,220,2.0,3.6159560680389404
249,161,3.0,3.8956069946289062
308,649,4.0,3.594790458679199
831,742,3.0,3.3248074054718018
870,1073,5.0,3.7831101417541504
176,475,5.0,4.0478973388671875
313,417,2.0,3.287865161895752
417,1047,4.0,3.082099437713623
397,171,5.0,4.391801834106445
536,275,5.0,4.228973865509033
303,230,3.0,3.5409696102142334
587,264,4.0,2.5926899909973145
622,1039,5.0,4.124876499176025
293,429,4.0,3.8783962726593018
343,1067,3.0,4.2294745445251465
671,226,3.0,3.5532424449920654
828,753,4.0,3.3523077964782715
350,50,5.0,4.7853922843933105
393,826,3.0,3.2910943031311035
805,338,1.0,2.9089982509613037
151,176,2.0,4.434553623199463
303,778,4.0,4.001378059387207
407,525,4.0,4.156716346740723
846,401,5.0,2.814739465713501
423,329,3.0,3.250972032546997
56,237,5.0,3.972231864929199
128,131,5.0,3.9774482250213623
190,333,4.0,3.56512713432312
398,134,3.0,4.297237396240234
929,284,2.0,2.8883776664733887
373,181,5.0,4.094554424285889
487,559,3.0,3.4445416927337646
807,597,4.0,3.856149911880493
823,418,4.0,3.932105302810669
90,69,1.0,4.4175705909729
286,781,4.0,3.754634380340576
346,302,3.0,4.037748336791992
307,431,4.0,3.847707748413086
345,1281,4.0,3.1004714965820312
248,475,5.0,3.6231350898742676
503,303,5.0,4.1232008934021
933,210,3.0,3.4462156295776367
883,8,4.0,4.198710918426514
94,673,3.0,4.068766117095947
883,770,4.0,3.7412922382354736
380,956,4.0,3.0606627464294434
798,1446,4.0,3.3487801551818848
110,791,2.0,2.995333671569824
833,234,3.0,3.392364025115967
934,313,3.0,4.388499736785889
1,222,4.0,3.747037887573242
99,300,4.0,3.8494462966918945
331,221,4.0,3.6891424655914307
57,1093,3.0,3.53143310546875
287,39,5.0,3.913114309310913
896,719,1.0,1.705868124961853
378,674,3.0,3.139463424682617
763,845,4.0,3.486724376678467
201,212,4.0,2.91391658782959
393,272,4.0,3.9860827922821045
886,234,3.0,3.7931630611419678
899,111,4.0,3.364356517791748
352,653,3.0,3.987391471862793
790,585,2.0,2.2311925888061523
515,347,3.0,3.1049156188964844
480,319,3.0,3.1115245819091797
532,226,4.0,4.360043525695801
299,487,5.0,3.8658487796783447
121,742,5.0,2.947493553161621
504,755,4.0,3.724900722503662
374,466,5.0,3.609445333480835
314,819,4.0,3.390362024307251
855,171,3.0,3.4167964458465576
379,9,4.0,4.36055850982666
291,655,4.0,4.62911319732666
847,11,3.0,3.410334587097168
201,636,2.0,2.759192705154419
224,54,3.0,2.9845354557037354
749,944,4.0,3.1310222148895264
363,29,1.0,2.0857434272766113
816,259,2.0,3.817051887512207
747,14,3.0,4.567923069000244
119,194,5.0,4.4692535400390625
234,662,3.0,2.7877519130706787
694,131,5.0,4.206472396850586
699,929,3.0,3.033982276916504
16,227,5.0,3.7098748683929443
551,70,4.0,4.232715606689453
624,411,4.0,2.7715296745300293
63,596,2.0,3.0442581176757812
403,477,4.0,3.5889668464660645
531,688,1.0,2.1689281463623047
390,475,1.0,4.271427631378174
538,215,5.0,3.547488212585449
324,282,5.0,4.761383533477783
256,552,3.0,3.9706737995147705
919,748,1.0,3.369187593460083
52,498,5.0,4.981765270233154
198,180,3.0,3.889836311340332
655,31,3.0,2.914426803588867
305,482,2.0,3.844658613204956
123,185,4.0,4.375853538513184
297,100,5.0,3.977105140686035
87,111,4.0,4.068503379821777
471,627,1.0,3.4396677017211914
903,410,4.0,3.5228586196899414
79,370,2.0,3.0743396282196045
345,387,4.0,3.4851648807525635
796,728,3.0,3.379822015762329
429,732,4.0,3.6507656574249268
805,89,4.0,4.041181564331055
826,771,3.0,3.3861336708068848
764,595,4.0,3.2231497764587402
934,174,5.0,4.27625036239624
716,499,4.0,4.330030918121338
264,240,4.0,3.134209632873535
132,50,3.0,4.329069137573242
851,831,5.0,2.29699444770813
883,96,4.0,4.265603542327881
880,554,3.0,3.1911044120788574
846,212,5.0,3.7082419395446777
189,105,2.0,2.2167649269104004
534,687,5.0,3.617114782333374
835,654,5.0,4.453762531280518
188,470,5.0,3.7450642585754395
502,258,2.0,3.707134246826172
417,157,4.0,3.5742220878601074
721,197,4.0,4.102310657501221
90,258,3.0,4.344676494598389
125,198,3.0,4.175792217254639
840,495,3.0,3.987095594406128
428,332,4.0,4.15556526184082
488,56,4.0,3.7497148513793945
200,652,2.0,4.349564552307129
401,117,3.0,2.982156753540039
304,322,4.0,3.093256950378418
269,504,4.0,3.6603386402130127
919,1173,3.0,3.2793965339660645
406,664,2.0,3.7126474380493164
919,21,2.0,3.058065891265869
896,121,3.0,2.362332820892334
145,394,1.0,3.7238972187042236
308,663,5.0,3.9307548999786377
394,156,4.0,4.484677791595459
178,295,3.0,3.7200748920440674
382,756,3.0,2.921888828277588
805,569,1.0,3.0549325942993164
640,315,5.0,4.718866348266602
693,79,4.0,3.4923181533813477
405,1470,2.0,1.4298975467681885
220,300,5.0,3.9092867374420166
554,202,4.0,3.740324020385742
683,271,3.0,2.90861439704895
684,386,3.0,3.0203237533569336
435,90,4.0,3.1234612464904785
481,88,4.0,3.792602062225342
23,224,5.0,3.922182321548462
159,1013,4.0,2.5439515113830566
503,166,5.0,4.467902183532715
112,327,1.0,3.841970443725586
862,70,4.0,4.276228427886963
13,233,4.0,2.9149961471557617
882,243,4.0,2.324777603149414
308,203,5.0,3.8389642238616943
70,431,3.0,3.568443536758423
804,447,3.0,3.6551523208618164
760,202,3.0,3.5118279457092285
230,10,3.0,4.10944128036499
411,566,4.0,3.5183753967285156
486,1405,5.0,3.5270133018493652
839,458,5.0,2.965953826904297
587,268,4.0,3.5713913440704346
838,283,5.0,4.116176605224609
758,705,5.0,4.33004093170166
829,1120,2.0,2.7029056549072266
217,176,4.0,3.6694724559783936
716,102,2.0,3.157196283340454
868,327,4.0,2.8383755683898926
264,23,5.0,4.878068447113037
417,727,5.0,3.3106093406677246
618,1,4.0,3.605745315551758
497,722,3.0,2.7956576347351074
193,259,2.0,2.628680944442749
184,742,3.0,3.5397047996520996
56,597,3.0,3.530432939529419
655,66,2.0,2.819303512573242
868,189,5.0,3.750366449356079
130,82,5.0,4.55866003036499
429,431,5.0,3.518254280090332
345,235,3.0,2.966679334640503
561,72,2.0,2.38893723487854
280,225,4.0,3.5415496826171875
1,93,5.0,4.046996593475342
69,321,4.0,3.021009683609009
49,433,5.0,3.1240406036376953
740,340,4.0,3.608576774597168
450,417,4.0,3.9218826293945312
193,195,1.0,3.9238507747650146
397,322,1.0,2.354590654373169
699,870,3.0,2.968280792236328
757,195,4.0,3.98995041847229
246,672,4.0,1.73462975025177
230,568,3.0,3.997836112976074
883,168,5.0,4.282752990722656
616,349,4.0,3.1928791999816895
85,433,3.0,3.5797085762023926
634,819,2.0,2.867649555206299
738,403,3.0,3.377042770385742
676,144,4.0,4.1321187019348145
893,258,3.0,3.9632227420806885
212,631,5.0,3.7194595336914062
308,265,3.0,3.937232732772827
922,596,4.0,3.2381362915039062
56,451,3.0,3.816864490509033
447,474,3.0,4.508053302764893
429,167,3.0,2.9184751510620117
686,26,5.0,4.283854961395264
435,53,3.0,2.8577747344970703
747,580,5.0,3.819078207015991
222,51,3.0,3.494765520095825
44,946,3.0,3.2118005752563477
794,150,4.0,4.438405990600586
405,860,1.0,1.3212745189666748
881,432,3.0,3.735114574432373
753,272,4.0,4.0051116943359375
20,931,1.0,2.669074535369873
880,295,5.0,3.7525200843811035
932,529,4.0,4.4224467277526855
164,237,2.0,4.560787200927734
58,483,5.0,4.710244655609131
377,154,5.0,4.241138935089111
29,270,4.0,3.8900015354156494
643,451,2.0,3.45231032371521
389,722,2.0,2.7969894409179688
321,205,5.0,3.982046604156494
286,168,4.0,4.284773826599121
63,475,4.0,3.7473983764648438
263,323,1.0,2.790149688720703
394,96,5.0,4.610990524291992
268,823,2.0,2.2764856815338135
234,646,3.0,3.6978583335876465
614,25,1.0,3.3052282333374023
83,1035,4.0,3.4595890045166016
388,266,5.0,3.7492480278015137
881,188,4.0,3.6735916137695312
804,141,3.0,3.6194682121276855
244,856,5.0,4.009759902954102
546,294,1.0,3.996769428253174
622,215,3.0,3.854236602783203
442,943,4.0,3.276590347290039
13,915,5.0,3.771449089050293
531,895,2.0,3.7441983222961426
241,288,5.0,3.3804476261138916
44,636,4.0,3.4154810905456543
16,202,5.0,4.423234462738037
18,56,5.0,4.251144886016846
631,332,3.0,3.3935327529907227
776,234,5.0,3.6952359676361084
727,5,3.0,2.9847819805145264
495,144,4.0,4.271220684051514
94,235,4.0,3.136927843093872
495,452,2.0,3.588944435119629
940,692,4.0,3.3118832111358643
360,511,5.0,4.502974987030029
498,186,4.0,3.5566861629486084
766,481,4.0,3.544499158859253
610,527,4.0,4.219390869140625
751,479,2.0,4.254749774932861
775,315,5.0,3.9759180545806885
835,310,4.0,4.230067729949951
708,538,2.0,3.6221418380737305
640,732,4.0,4.373712062835693
332,696,3.0,4.264073848724365
334,537,4.0,3.76877760887146
823,79,4.0,4.7271342277526855
219,13,1.0,3.7080678939819336
405,1509,1.0,1.2595531940460205
674,827,4.0,2.761974811553955
800,25,4.0,3.5813238620758057
328,614,4.0,3.7093095779418945
839,117,5.0,3.3686742782592773
18,963,5.0,4.347359657287598
907,172,4.0,4.939950942993164
714,15,3.0,3.8910186290740967
495,357,5.0,4.728489875793457
452,102,2.0,2.8471856117248535
641,484,5.0,4.493732929229736
43,315,4.0,4.3387556076049805
561,52,4.0,3.3389296531677246
37,79,4.0,4.39496374130249
669,190,3.0,4.078932285308838
891,978,4.0,3.1692211627960205
421,516,5.0,3.8645639419555664
393,751,2.0,3.334127902984619
738,164,5.0,3.5970144271850586
933,866,2.0,2.291877031326294
268,70,3.0,3.5194804668426514
92,88,3.0,3.4855360984802246
433,303,4.0,3.7818472385406494
908,133,5.0,3.4436187744140625
407,182,4.0,4.084625244140625
128,276,4.0,3.7409658432006836
854,1013,1.0,1.3795193433761597
414,272,5.0,5.103287220001221
303,300,1.0,3.6514158248901367
883,83,3.0,4.266378402709961
424,427,4.0,3.798466205596924
618,497,2.0,3.797818183898926
344,12,5.0,4.823775768280029
527,275,3.0,3.909707546234131
155,988,2.0,1.5384382009506226
115,357,5.0,4.559916019439697
848,195,3.0,4.535514831542969
66,471,5.0,3.758962631225586
870,1014,2.0,2.879148244857788
379,64,5.0,5.0688090324401855
805,1,4.0,3.7395505905151367
488,245,3.0,2.757829189300537
94,581,4.0,3.724369764328003
283,588,4.0,4.453823566436768
38,1033,5.0,3.6177053451538086
406,154,5.0,3.7160398960113525
665,147,4.0,3.593474864959717
849,588,5.0,5.124029636383057
21,741,3.0,3.7825326919555664
883,98,3.0,4.5452141761779785
214,154,3.0,3.972907066345215
405,842,5.0,1.5593843460083008
246,735,4.0,3.577134370803833
661,255,3.0,3.289379119873047
68,275,5.0,3.74953031539917
1,126,2.0,4.220517635345459
393,56,2.0,3.766284465789795
230,419,4.0,3.946993350982666
379,701,4.0,4.504872798919678
556,302,4.0,4.782698154449463
730,258,5.0,3.551353693008423
655,1194,5.0,3.335519790649414
235,701,4.0,4.1279730796813965
130,930,3.0,3.549968957901001
429,233,3.0,3.065305709838867
280,58,4.0,3.68222713470459
327,298,3.0,3.454036235809326
851,261,3.0,2.2220306396484375
10,168,4.0,4.530478000640869
12,97,5.0,4.289680004119873
828,961,2.0,3.298550844192505
786,28,5.0,4.095600128173828
722,458,4.0,3.6384143829345703
534,1047,4.0,4.05535888671875
13,589,3.0,4.101753234863281
343,64,5.0,5.125074863433838
916,164,4.0,3.4882240295410156
406,661,5.0,4.057112693786621
484,554,4.0,3.4655961990356445
276,354,4.0,3.511556625366211
435,39,3.0,3.0658955574035645
3,271,3.0,2.8603837490081787
126,340,5.0,3.5174899101257324
916,566,3.0,3.315124750137329
406,528,4.0,4.086259365081787
82,474,3.0,4.217325210571289
788,684,5.0,3.678496837615967
561,660,3.0,3.199108839035034
823,172,5.0,4.870641708374023
432,249,5.0,3.694093704223633
769,222,4.0,3.457895278930664
524,168,3.0,3.9208338260650635
780,385,4.0,3.7454686164855957
554,22,4.0,4.307777404785156
630,871,2.0,3.161936044692993
888,237,5.0,4.411102294921875
20,22,5.0,3.6143264770507812
870,7,4.0,3.7138917446136475
788,73,3.0,3.389431953430176
299,297,3.0,3.8757717609405518
593,210,2.0,4.16406774520874
455,455,3.0,3.283327579498291
239,482,3.0,4.468564510345459
703,508,3.0,4.083000183105469
693,216,4.0,3.351485252380371
49,90,1.0,2.491457462310791
932,489,4.0,4.464498996734619
532,1221,5.0,4.611484050750732
10,420,4.0,4.075917720794678
299,1056,4.0,2.927400588989258
774,250,3.0,1.9223958253860474
699,886,3.0,3.114673614501953
216,181,3.0,4.444139003753662
537,216,3.0,3.2264480590820312
460,458,2.0,3.0803730487823486
297,4,1.0,3.3960349559783936
485,319,3.0,2.9531095027923584
42,121,4.0,3.7781996726989746
887,993,5.0,4.032386779785156
708,845,5.0,3.4745635986328125
271,276,3.0,3.7026469707489014
802,264,4.0,3.263123035430908
588,133,5.0,4.004411697387695
96,183,4.0,4.370289325714111
445,276,3.0,2.2085840702056885
473,285,4.0,4.648622035980225
676,286,4.0,3.997666597366333
299,14,4.0,3.8684842586517334
916,1109,3.0,3.1852684020996094
238,458,4.0,3.110772132873535
279,191,3.0,3.999434471130371
896,1423,2.0,1.2366056442260742
357,826,3.0,3.386481761932373
890,215,4.0,3.8461673259735107
92,931,1.0,1.9183331727981567
83,748,2.0,3.5230603218078613
450,1192,5.0,3.977323055267334
494,194,4.0,4.358933448791504
890,501,4.0,3.6027910709381104
416,678,2.0,3.063660144805908
798,941,3.0,3.411316394805908
119,174,4.0,4.635478973388672
561,243,1.0,1.379078984260559
221,763,4.0,3.653693914413452
417,508,3.0,3.626945972442627
823,762,4.0,3.9538002014160156
919,112,3.0,2.7768468856811523
387,208,3.0,3.9306082725524902
305,471,4.0,3.118579864501953
294,347,5.0,3.838520050048828
379,447,4.0,4.108489036560059
389,955,4.0,3.8137319087982178
524,215,2.0,3.5833001136779785
210,763,2.0,3.870802879333496
310,257,5.0,4.2123589515686035
629,265,4.0,4.502490520477295
94,1188,3.0,2.8058042526245117
181,1242,1.0,1.4172141551971436
650,479,5.0,3.8042051792144775
639,962,1.0,2.673858642578125
921,1028,4.0,3.141141176223755
806,188,3.0,3.7605268955230713
894,83,4.0,4.169614315032959
276,797,3.0,2.8170382976531982
868,480,4.0,3.914801597595215
682,274,4.0,3.247372627258301
682,697,4.0,3.2746224403381348
115,117,4.0,4.083921909332275
409,514,5.0,3.91607928276062
882,290,4.0,3.7293620109558105
721,329,3.0,3.5956246852874756
752,286,1.0,3.446465015411377
222,391,3.0,2.1331658363342285
747,8,5.0,4.600761413574219
387,678,3.0,2.1061575412750244
348,628,4.0,4.223356246948242
528,193,4.0,3.9833669662475586
42,66,4.0,3.846135139465332
23,694,4.0,4.197658061981201
748,222,4.0,3.4766554832458496
833,1149,4.0,3.695958375930786
296,10,2.0,4.66535758972168
806,518,3.0,3.913966655731201
331,190,3.0,4.091136455535889
339,32,5.0,4.31674337387085
406,206,1.0,3.4391250610351562
363,561,2.0,2.442709445953369
201,1169,4.0,3.7237541675567627
409,504,2.0,3.9501242637634277
821,1,5.0,4.5657877922058105
13,906,3.0,3.5253214836120605
176,257,1.0,3.9475347995758057
181,1379,1.0,1.376503348350525
406,173,2.0,4.0175323486328125
276,268,4.0,4.292119979858398
407,135,3.0,3.998457908630371
892,90,2.0,3.6132969856262207
429,1285,3.0,2.95162034034729
44,24,3.0,3.596787929534912
151,191,3.0,4.745154857635498
405,775,1.0,1.400770664215088
16,22,5.0,5.019173622131348
588,144,3.0,3.990863084793091
495,448,5.0,3.964505195617676
416,187,5.0,4.811860084533691
256,1228,1.0,3.622678756713867
455,286,5.0,3.724700450897217
77,250,3.0,3.0771400928497314
696,1062,4.0,4.507646083831787
439,240,3.0,2.7669405937194824
630,191,3.0,4.005681991577148
87,396,1.0,3.650740385055542
268,381,3.0,3.5008323192596436
907,317,5.0,4.825153827667236
42,742,4.0,3.910130023956299
756,66,4.0,3.239802598953247
155,286,4.0,3.2110707759857178
464,127,5.0,4.9058146476745605
934,705,4.0,3.9866549968719482
432,298,3.0,3.934481382369995
735,1,4.0,3.6417675018310547
535,192,4.0,4.25404691696167
802,323,5.0,3.498410224914551
460,13,3.0,3.266425609588623
480,96,4.0,3.939689874649048
294,235,3.0,3.3091280460357666
372,581,5.0,4.276659965515137
145,544,4.0,3.4338793754577637
903,1073,3.0,4.11752462387085
139,458,4.0,3.7123780250549316
210,15,4.0,4.325816631317139
541,1442,1.0,3.4806389808654785
49,320,5.0,2.7709479331970215
268,1046,3.0,2.4383063316345215
500,421,4.0,3.403712749481201
279,671,2.0,3.5148515701293945
238,220,3.0,3.355936288833618
331,238,4.0,3.722036838531494
504,386,3.0,3.4593396186828613
42,111,1.0,3.792663097381592
21,774,2.0,2.4331583976745605
342,866,1.0,2.981971025466919
276,732,4.0,4.065781116485596
537,307,3.0,2.7168617248535156
437,86,4.0,3.9577245712280273
360,194,3.0,4.364383697509766
60,507,4.0,4.177329063415527
721,318,4.0,4.474924564361572
299,259,3.0,2.435955047607422
312,505,5.0,4.487116813659668
931,121,2.0,3.5217642784118652
900,288,2.0,2.2592339515686035
551,721,5.0,3.9836232662200928
392,324,1.0,3.5490188598632812
327,178,4.0,4.101024627685547
297,69,3.0,3.7375612258911133
913,789,4.0,3.3085007667541504
18,6,5.0,3.7794952392578125
666,162,4.0,3.6864280700683594
481,238,4.0,4.048325061798096
99,111,1.0,3.7340850830078125
474,478,4.0,4.555790901184082
733,546,1.0,2.3853726387023926
308,42,4.0,3.8976666927337646
364,875,3.0,3.4610915184020996
512,258,3.0,4.3171257972717285
519,259,1.0,4.221765995025635
286,250,4.0,3.7410826683044434
776,95,4.0,3.6985979080200195
95,1219,1.0,2.4972500801086426
13,844,1.0,3.3820650577545166
537,19,4.0,3.336063861846924
405,422,1.0,1.4683356285095215
627,174,3.0,3.951596975326538
480,863,4.0,3.9177708625793457
672,225,2.0,2.8804144859313965
600,89,5.0,4.556455135345459
486,15,3.0,3.632974147796631
10,707,5.0,4.419475078582764
881,542,1.0,2.409179210662842
215,523,4.0,4.259922027587891
198,215,4.0,3.438279867172241
222,40,1.0,2.5888326168060303
912,523,4.0,4.011253356933594
215,432,5.0,3.899094343185425
751,117,4.0,3.6124956607818604
823,708,4.0,3.9548439979553223
389,154,3.0,4.188556671142578
469,511,5.0,4.853516578674316
334,208,5.0,3.9453988075256348
197,1228,4.0,2.551987648010254
588,1180,2.0,3.392195224761963
796,284,3.0,3.4349780082702637
366,201,5.0,4.390069484710693
897,117,3.0,4.343291759490967
498,10,5.0,3.5766077041625977
796,1057,2.0,2.8557028770446777
49,300,1.0,2.8313794136047363
551,159,4.0,3.4527978897094727
622,204,3.0,3.9584109783172607
585,1475,3.0,3.52382755279541
104,412,3.0,1.591500997543335
313,176,4.0,4.041614055633545
288,289,3.0,2.41634464263916
445,64,2.0,3.2175469398498535
57,682,3.0,3.377195119857788
223,819,3.0,2.309778928756714
883,1592,5.0,3.9481725692749023
758,151,5.0,4.006464004516602
31,328,2.0,3.7272419929504395
421,238,5.0,3.734226703643799
224,328,4.0,3.070746421813965
224,28,4.0,3.4267563819885254
774,1118,3.0,1.8372454643249512
634,294,4.0,3.394296884536743
837,181,3.0,4.1444549560546875
201,282,2.0,3.0165085792541504
56,426,4.0,3.623852014541626
815,216,3.0,4.197696685791016
343,196,4.0,4.4802093505859375
271,187,5.0,4.2884979248046875
87,451,4.0,4.121582508087158
832,323,3.0,2.837890625
345,742,4.0,3.5301570892333984
472,168,5.0,4.5663886070251465
205,984,1.0,2.444815158843994
181,925,2.0,1.360609531402588
305,512,4.0,3.8837625980377197
358,639,4.0,3.4152634143829346
936,358,4.0,2.801624298095703
854,919,4.0,3.4978926181793213
633,654,3.0,3.816290855407715
262,1095,2.0,2.260524034500122
181,948,1.0,1.2238197326660156
562,174,5.0,4.173577308654785
479,190,4.0,4.360146522521973
546,413,4.0,3.659677505493164
623,659,5.0,3.9549872875213623
847,301,5.0,2.7945079803466797
901,322,4.0,3.759009838104248
420,288,3.0,3.66683292388916
200,892,4.0,3.625257968902588
295,739,4.0,4.302550792694092
749,402,4.0,3.73239803314209
56,230,5.0,3.8631961345672607
766,747,5.0,3.075685501098633
648,4,1.0,3.3563315868377686
92,521,4.0,4.000741481781006
401,404,2.0,3.127662181854248
312,498,5.0,4.783904552459717
44,449,5.0,3.0738539695739746
405,1139,1.0,1.4680054187774658
435,462,5.0,3.898427963256836
173,258,4.0,4.661803245544434
254,164,4.0,3.3371167182922363
541,403,3.0,3.842841625213623
642,88,5.0,3.9887261390686035
397,8,4.0,4.42587423324585
421,194,4.0,3.9432082176208496
536,489,4.0,4.351688385009766
320,77,3.0,3.993263006210327
334,154,4.0,3.8586478233337402
682,68,5.0,3.346217632293701
389,1451,5.0,3.9831655025482178
345,226,3.0,3.3194596767425537
363,7,3.0,3.542057752609253
343,153,5.0,4.368668079376221
429,195,4.0,3.997368097305298
537,117,2.0,2.49668288230896
804,135,3.0,4.055037021636963
409,664,4.0,3.820124387741089
375,761,3.0,3.2231998443603516
798,465,4.0,3.4868977069854736
650,163,3.0,3.0598702430725098
795,1095,3.0,2.0552432537078857
328,696,3.0,3.078310966491699
296,1160,4.0,3.6222240924835205
130,739,5.0,4.221150875091553
916,593,4.0,2.7971339225769043
877,727,4.0,3.5334317684173584
345,1315,3.0,3.582766532897949
450,609,5.0,3.9592137336730957
167,232,1.0,3.361666202545166
882,177,5.0,4.565889358520508
279,233,5.0,3.511416435241699
185,703,4.0,3.7564940452575684
13,312,1.0,2.810863971710205
261,288,4.0,4.151888370513916
544,292,4.0,3.211845874786377
655,793,3.0,2.9271421432495117
778,117,3.0,2.7012388706207275
201,544,2.0,2.7554049491882324
586,229,3.0,3.2044219970703125
786,708,4.0,3.6109459400177
56,68,3.0,3.833672285079956
575,96,5.0,3.3179993629455566
87,208,5.0,4.277145862579346
291,455,5.0,3.8753914833068848
291,31,4.0,4.303543567657471
504,364,2.0,3.505098342895508
13,822,3.0,2.4727468490600586
709,127,5.0,4.3583245277404785
697,1012,1.0,4.215346813201904
686,64,5.0,5.256968975067139
363,549,4.0,3.1673152446746826
92,168,4.0,4.157273769378662
393,85,3.0,3.238084077835083
157,120,1.0,2.2768914699554443
382,258,2.0,3.316737174987793
409,530,4.0,4.212440490722656
299,83,5.0,3.9689903259277344
782,295,2.0,2.953141212463379
246,475,4.0,3.883570909500122
660,164,2.0,2.7683067321777344
328,159,3.0,3.1758508682250977
854,492,4.0,3.5798206329345703
943,284,2.0,3.373504161834717
896,85,3.0,2.49453067779541
267,1401,4.0,3.6503679752349854
378,230,3.0,3.459243059158325
847,121,3.0,2.5719141960144043
371,431,5.0,3.991135835647583
788,498,5.0,4.173133373260498
27,1017,4.0,3.123445749282837
886,81,4.0,3.714876890182495
280,127,5.0,4.278017520904541
453,496,4.0,4.234240531921387
336,105,4.0,1.9198095798492432
787,1671,1.0,2.8426012992858887
489,340,4.0,3.983271598815918
559,519,5.0,3.883358955383301
60,835,4.0,4.285274028778076
836,654,5.0,4.3973188400268555
345,508,4.0,4.0950188636779785
506,418,4.0,3.703760862350464
637,149,2.0,2.4994990825653076
833,1017,4.0,3.0230331420898438
554,204,5.0,3.877857208251953
655,60,3.0,3.401186466217041
198,230,3.0,3.027311325073242
532,143,4.0,4.620255947113037
345,655,4.0,4.300822734832764
293,554,1.0,2.2350656986236572
221,737,4.0,3.3189549446105957
790,1040,2.0,2.031373977661133
123,606,3.0,4.329966068267822
861,52,5.0,4.129339218139648
741,5,3.0,2.948843240737915
456,447,3.0,3.5169801712036133
477,731,4.0,4.3893632888793945
787,324,2.0,3.1035828590393066
592,169,5.0,5.295130252838135
880,365,2.0,3.5689897537231445
225,603,5.0,5.031428813934326
254,1060,3.0,2.7785000801086426
880,71,4.0,4.0056257247924805
846,474,5.0,4.605149269104004
295,72,4.0,4.362850189208984
12,172,4.0,4.623693943023682
417,222,3.0,3.6168789863586426
167,392,1.0,3.440031051635742
601,365,3.0,2.467503786087036
500,122,3.0,2.29896879196167
11,227,3.0,3.330703020095825
535,268,3.0,3.892070770263672
222,386,2.0,2.374755382537842
229,316,1.0,3.466845989227295
83,751,3.0,3.7402076721191406
429,81,3.0,3.718165874481201
588,578,5.0,3.7126035690307617
447,7,5.0,4.022823333740234
486,408,3.0,4.347081184387207
770,303,4.0,4.650508880615234
286,790,1.0,3.6789371967315674
338,663,5.0,3.898729085922241
659,143,5.0,3.734832286834717
577,82,4.0,4.077189922332764
385,48,5.0,3.669715404510498
527,174,4.0,4.242964744567871
814,53,4.0,2.7385921478271484
610,477,2.0,3.1108005046844482
306,242,5.0,4.215057373046875
406,845,3.0,3.231299877166748
870,447,4.0,3.485053062438965
398,2,3.0,3.0756640434265137
872,820,3.0,3.4562206268310547
238,286,5.0,4.024580001831055
884,736,3.0,3.9073293209075928
92,433,5.0,3.789173126220703
663,265,4.0,4.03459358215332
181,718,1.0,1.5105539560317993
62,86,2.0,3.919999122619629
82,111,4.0,3.150642156600952
95,226,4.0,3.1933774948120117
361,70,4.0,3.685586452484131
6,211,5.0,3.7874977588653564
472,233,4.0,4.368918418884277
27,118,3.0,3.1288020610809326
200,495,3.0,4.301275253295898
393,833,4.0,3.3313097953796387
798,568,4.0,3.5422348976135254
18,971,4.0,3.93220853805542
90,489,5.0,4.592850208282471
7,430,3.0,4.434634208679199
308,208,4.0,3.9655892848968506
197,302,3.0,4.091177463531494
499,251,5.0,4.256538391113281
253,679,3.0,3.3972949981689453
44,427,3.0,4.4036970138549805
343,124,4.0,4.768078327178955
156,58,4.0,3.497437000274658
487,732,5.0,4.065224647521973
210,238,3.0,4.457507610321045
28,448,4.0,3.5942420959472656
236,56,5.0,3.8850936889648438
201,326,2.0,2.7903833389282227
495,226,4.0,4.012346267700195
648,429,4.0,3.822765350341797
826,228,3.0,4.102413654327393
10,657,4.0,4.819911956787109
10,192,4.0,4.603099346160889
166,258,4.0,3.905111789703369
398,993,3.0,3.4807279109954834
653,239,5.0,2.6379294395446777
582,508,4.0,3.851616382598877
214,461,4.0,3.7932369709014893
268,399,3.0,2.5869340896606445
620,795,4.0,3.404545307159424
363,180,3.0,3.8473610877990723
870,180,3.0,3.987545967102051
21,564,3.0,1.1478497982025146
330,95,5.0,4.793807029724121
807,1078,4.0,3.9095299243927
833,826,2.0,1.768017053604126
94,76,4.0,3.8811659812927246
332,44,3.0,4.4563374519348145
162,254,3.0,2.8490214347839355
398,969,4.0,3.72615909576416
736,1089,1.0,1.139198660850525
721,294,3.0,3.603513240814209
705,196,4.0,4.022440433502197
59,528,4.0,4.678387641906738
168,284,2.0,3.313176393508911
930,107,3.0,2.9281625747680664
892,760,3.0,2.9512405395507812
486,270,2.0,3.531001091003418
7,499,4.0,4.4669270515441895
567,185,5.0,4.242578029632568
524,403,4.0,3.279232978820801
621,546,3.0,3.384824752807617
502,264,3.0,3.136091709136963
60,514,4.0,4.262116432189941
388,9,3.0,4.373194217681885
24,249,4.0,4.040751934051514
184,476,2.0,3.0610599517822266
496,53,3.0,2.29951810836792
119,109,5.0,3.927741289138794
707,168,3.0,3.899951934814453
840,419,5.0,4.050222396850586
363,200,3.0,3.5291905403137207
497,185,3.0,3.8545122146606445
276,523,4.0,4.6245551109313965
630,1040,4.0,3.00972580909729
254,843,2.0,2.92681622505188
271,196,4.0,3.9933533668518066
658,195,3.0,3.8914899826049805
417,625,4.0,3.320680618286133
121,744,3.0,3.3004415035247803
823,747,4.0,3.8389923572540283
588,597,4.0,3.626723289489746
391,1163,2.0,2.821444034576416
930,117,3.0,2.8127787113189697
42,2,5.0,3.747063398361206
605,275,4.0,4.185594081878662
568,134,5.0,3.7091474533081055
622,166,5.0,4.163872241973877
601,153,4.0,3.4612622261047363
479,213,4.0,4.210109233856201
711,197,4.0,4.450915813446045
758,239,3.0,3.878932476043701
650,519,4.0,3.6640584468841553
6,530,4.0,4.074709415435791
508,175,4.0,4.028724670410156
922,202,5.0,3.570089101791382
25,141,4.0,3.8689441680908203
687,988,3.0,2.12294602394104
626,302,4.0,3.6414074897766113
293,202,3.0,3.5195093154907227
805,83,4.0,3.923186779022217
389,489,4.0,4.369173526763916
95,110,2.0,2.379573106765747
164,411,2.0,3.9094362258911133
666,32,4.0,3.8603782653808594
389,155,2.0,2.997570514678955
54,252,3.0,3.4757628440856934
109,97,3.0,3.67327880859375
429,499,4.0,4.042782783508301
765,237,3.0,4.235818862915039
145,450,3.0,2.615650177001953
193,237,4.0,3.5978240966796875
477,90,4.0,4.285833835601807
548,156,5.0,4.091818332672119
879,763,5.0,3.432163953781128
642,1509,2.0,3.173567056655884
585,224,2.0,3.85650897026062
253,100,4.0,4.332720756530762
256,684,5.0,4.371320724487305
541,655,4.0,4.33900260925293
94,443,4.0,4.457007884979248
641,1194,3.0,4.393031120300293
496,652,5.0,3.439548969268799
385,273,2.0,2.9214653968811035
518,121,5.0,3.7950923442840576
163,433,1.0,3.3072938919067383
13,518,4.0,3.8017168045043945
303,475,4.0,4.475407123565674
538,181,3.0,3.8904504776000977
280,690,2.0,3.4921624660491943
62,1135,2.0,2.1795787811279297
894,885,2.0,2.816049814224243
151,81,5.0,4.142918586730957
537,518,4.0,3.1427416801452637
27,978,2.0,2.6394848823547363
619,405,3.0,3.3678464889526367
454,87,4.0,3.1054606437683105
693,514,4.0,3.345900058746338
239,419,3.0,4.174169063568115
751,704,2.0,3.113722324371338
258,313,5.0,4.5890374183654785
927,623,3.0,3.5510430335998535
709,363,3.0,3.156938076019287
57,475,2.0,4.205269813537598
682,801,3.0,2.800753116607666
248,156,5.0,3.6532492637634277
276,928,3.0,2.8763227462768555
786,709,2.0,4.34902811050415
514,405,2.0,3.4774646759033203
301,582,2.0,3.6705374717712402
716,568,4.0,3.7736892700195312
330,151,4.0,4.562680244445801
878,179,4.0,3.642786741256714
326,1,3.0,3.400285243988037
23,227,3.0,3.0722036361694336
320,760,3.0,3.416813850402832
260,272,3.0,4.624139308929443
630,1047,4.0,3.2635080814361572
1,246,5.0,4.376073837280273
18,28,3.0,4.032557010650635
38,383,2.0,3.4694628715515137
840,493,5.0,4.509969234466553
804,127,3.0,4.35005521774292
790,159,3.0,3.046628713607788
82,121,4.0,2.412759304046631
90,9,4.0,4.3691253662109375
274,742,4.0,4.011043548583984
815,614,3.0,4.0627031326293945
58,491,4.0,3.998713493347168
918,529,3.0,3.611232042312622
762,875,5.0,1.8278839588165283
886,631,4.0,3.6824564933776855
263,484,4.0,4.637725353240967
217,679,5.0,2.8180389404296875
717,302,5.0,4.718149185180664
2,251,5.0,4.509994029998779
865,117,2.0,2.537017822265625
785,886,3.0,3.40250301361084
417,384,4.0,3.137770652770996
391,131,2.0,3.9632298946380615
270,242,5.0,4.753310203552246
515,294,3.0,2.8672356605529785
396,840,3.0,3.4794723987579346
401,638,4.0,3.359971046447754
505,496,5.0,3.862062454223633
721,1026,3.0,3.5879297256469727
887,1116,5.0,3.8223609924316406
796,739,5.0,3.618529796600342
537,203,4.0,3.1243858337402344
878,781,1.0,2.844283103942871
110,338,1.0,2.9810421466827393
465,32,3.0,3.3930444717407227
536,510,4.0,4.283103942871094
870,570,2.0,2.968696117401123
462,100,4.0,4.676092147827148
793,106,3.0,3.1266372203826904
919,276,5.0,3.6010541915893555
790,358,2.0,2.3716354370117188
393,21,3.0,3.3742101192474365
13,333,3.0,3.3173000812530518
44,99,4.0,3.829087734222412
102,204,4.0,2.9626247882843018
919,282,4.0,3.756749153137207
110,230,3.0,3.3050482273101807
733,515,5.0,4.061312675476074
397,192,5.0,4.668480396270752
863,288,4.0,3.45902156829834
771,283,4.0,3.7260327339172363
942,1028,4.0,3.8831915855407715
487,546,3.0,3.0516300201416016
618,427,5.0,4.034415245056152
738,211,3.0,3.887014865875244
514,328,3.0,3.564276695251465
751,178,5.0,4.370377063751221
782,532,2.0,2.990086555480957
41,181,4.0,3.95278263092041
870,382,3.0,3.457183599472046
125,722,3.0,3.138460636138916
315,17,1.0,3.463376998901367
92,132,3.0,4.146345615386963
450,685,4.0,3.958540439605713
448,303,4.0,3.430788040161133
648,5,4.0,3.2113852500915527
338,650,5.0,3.536353349685669
22,241,3.0,3.970494508743286
394,84,4.0,3.2586519718170166
256,82,5.0,4.477536678314209
870,203,4.0,3.729206085205078
278,752,5.0,3.7383005619049072
753,64,4.0,4.200409889221191
262,145,1.0,2.5850250720977783
744,237,4.0,3.5453922748565674
371,175,1.0,4.1805243492126465
92,591,4.0,3.712223529815674
708,147,4.0,3.492612361907959
194,582,1.0,3.164372444152832
654,143,5.0,3.6899218559265137
709,217,5.0,3.4861435890197754
442,367,2.0,3.2751476764678955
178,866,4.0,3.5367441177368164
13,819,1.0,1.9629583358764648
798,400,3.0,3.236098289489746
896,824,1.0,1.8593785762786865
396,300,3.0,3.821617603302002
643,665,3.0,3.0250141620635986
236,237,4.0,3.462955951690674
228,651,4.0,3.723872184753418
894,887,4.0,3.784189224243164
234,192,3.0,3.7162656784057617
197,68,2.0,3.408445358276367
912,97,4.0,3.6481878757476807
592,223,5.0,4.954054355621338
566,97,3.0,3.576838493347168
926,288,3.0,3.246295213699341
353,326,2.0,2.7646560668945312
200,11,5.0,4.377879619598389
535,971,2.0,3.8916897773742676
493,274,5.0,3.631976366043091
130,672,5.0,3.532911777496338
201,923,3.0,3.86932110786438
417,180,5.0,3.9858341217041016
416,696,3.0,3.777139663696289
112,888,4.0,3.954868793487549
13,511,5.0,4.222337245941162
426,510,4.0,3.9862208366394043
94,392,3.0,3.7602696418762207
293,251,4.0,4.1604390144348145
758,752,3.0,3.8065552711486816
804,988,4.0,2.7534596920013428
686,806,5.0,4.391420364379883
256,288,5.0,4.190300941467285
218,695,3.0,2.396307945251465
267,227,3.0,3.7078633308410645
846,184,5.0,3.6795010566711426
398,69,5.0,3.9008688926696777
387,195,4.0,3.9772698879241943
616,343,4.0,3.428030014038086
13,229,4.0,2.803816080093384
666,604,3.0,4.089488983154297
551,468,5.0,3.515986442565918
846,1069,4.0,3.9130859375
88,881,5.0,3.1827149391174316
6,81,4.0,3.4905574321746826
860,302,4.0,4.01824951171875
682,385,3.0,3.4503729343414307
263,199,5.0,4.703589916229248
41,100,4.0,4.058303356170654
699,991,3.0,2.9817233085632324
374,173,3.0,4.12426233291626
724,259,2.0,1.7452185153961182
398,1119,4.0,3.5261735916137695
601,195,3.0,3.6630334854125977
182,69,5.0,3.857158660888672
33,895,3.0,3.599534273147583
907,647,3.0,4.939549922943115
20,678,4.0,2.9001383781433105
495,91,2.0,4.1246514320373535
458,321,3.0,3.0450801849365234
256,864,4.0,4.037015438079834
125,63,3.0,3.247504711151123
507,334,5.0,4.635599613189697
921,71,4.0,3.511146068572998
21,558,5.0,3.9861457347869873
653,471,2.0,2.6502039432525635
276,916,4.0,2.771462917327881
385,218,2.0,2.9644250869750977
518,370,4.0,3.109880208969116
406,211,5.0,3.8033480644226074
56,473,2.0,3.5195255279541016
405,943,1.0,1.8616511821746826
199,539,1.0,1.3376810550689697
222,196,5.0,3.9619553089141846
813,259,2.0,2.6748762130737305
450,288,3.0,3.9536640644073486
407,201,4.0,3.5147109031677246
503,234,5.0,4.211584568023682
868,825,1.0,2.085437059402466
130,168,3.0,4.672227382659912
90,26,4.0,3.988070487976074
254,234,4.0,3.4752376079559326
279,741,5.0,3.50431227684021
394,218,4.0,4.159132957458496
405,734,2.0,1.476407527923584
110,69,4.0,3.4995012283325195
276,655,4.0,4.40736722946167
64,190,4.0,4.340287685394287
406,410,4.0,3.1408538818359375
291,71,4.0,4.444189548492432
735,285,4.0,4.028904438018799
70,230,4.0,3.4222426414489746
312,633,5.0,4.479185581207275
289,109,3.0,3.0341603755950928
184,79,3.0,4.124739646911621
301,196,4.0,3.936307430267334
479,380,3.0,3.1325626373291016
236,185,5.0,3.874358892440796
489,313,4.0,4.682825565338135
393,303,4.0,3.4238529205322266
62,421,5.0,3.2938244342803955
551,410,5.0,3.5593440532684326
887,225,4.0,3.8892016410827637
524,831,3.0,2.586312770843506
903,61,4.0,4.194523334503174
439,405,4.0,3.458369731903076
111,344,2.0,3.7613720893859863
405,923,2.0,2.7538814544677734
796,934,3.0,3.306128978729248
561,925,3.0,2.1039865016937256
222,90,2.0,3.0581536293029785
405,58,1.0,2.0003819465637207
293,208,3.0,3.828364133834839
532,338,3.0,3.664928436279297
253,496,5.0,4.38847541809082
497,153,4.0,3.585723400115967
834,276,5.0,3.8740005493164062
688,338,5.0,4.682727336883545
846,42,5.0,4.193936824798584
840,855,4.0,4.1090922355651855
203,475,3.0,4.250881671905518
537,472,2.0,1.59971022605896
939,15,5.0,4.8900580406188965
349,25,3.0,3.4560694694519043
23,131,4.0,3.9271655082702637
5,368,1.0,1.3786753416061401
92,528,4.0,4.306648254394531
76,182,4.0,4.163050174713135
724,989,1.0,1.6859718561172485
642,1091,4.0,3.5892727375030518
200,679,4.0,4.003629684448242
591,13,4.0,3.547893524169922
549,282,3.0,4.095550537109375
543,199,4.0,4.156261920928955
35,243,2.0,2.6459665298461914
337,135,5.0,4.395853042602539
712,996,4.0,3.6048176288604736
195,451,5.0,3.2541065216064453
655,186,3.0,3.2184600830078125
896,139,2.0,2.1134777069091797
862,92,5.0,4.302580833435059
263,521,3.0,4.3711256980896
522,179,5.0,4.312514305114746
514,118,2.0,3.1725916862487793
13,323,3.0,2.185965061187744
933,151,4.0,3.1905908584594727
682,1016,2.0,3.350739002227783
796,409,3.0,3.4861507415771484
142,463,3.0,4.04632043838501
551,28,4.0,4.449199676513672
458,435,4.0,4.021711349487305
495,417,3.0,3.9946129322052
653,213,2.0,3.336075782775879
450,312,4.0,3.83805513381958
655,1634,2.0,2.5340781211853027
294,872,4.0,3.3084821701049805
833,1335,2.0,2.432555913925171
727,196,4.0,3.8355000019073486
308,616,2.0,3.677985668182373
680,117,4.0,3.8110034465789795
450,1208,3.0,3.7444210052490234
321,153,4.0,3.7250823974609375
226,527,4.0,4.131526470184326
253,192,1.0,4.390255451202393
144,190,5.0,4.229087829589844
458,301,1.0,3.2760839462280273
269,793,4.0,3.2256016731262207
934,661,4.0,4.2261643409729
435,271,4.0,3.124235153198242
752,301,4.0,3.073256015777588
625,183,3.0,3.7573013305664062
882,98,5.0,5.024707317352295
592,320,5.0,3.710179328918457
56,728,3.0,3.347695827484131
342,212,5.0,3.3580820560455322
506,10,2.0,4.239431381225586
327,90,3.0,2.7950053215026855
229,875,1.0,2.5775890350341797
882,208,5.0,4.628152370452881
342,287,3.0,3.6089797019958496
761,237,5.0,3.3482704162597656
301,288,4.0,3.576509714126587
383,134,5.0,4.5963215827941895
114,183,5.0,3.751591205596924
12,471,5.0,4.284010410308838
646,895,3.0,2.9150569438934326
222,571,2.0,1.930342197418213
223,535,3.0,3.0810282230377197
655,236,3.0,2.9079699516296387
135,5,3.0,3.1456801891326904
821,742,4.0,4.534694194793701
837,286,4.0,3.8912734985351562
334,204,4.0,3.8325142860412598
307,401,1.0,2.939772129058838
151,491,4.0,4.307158470153809
728,286,3.0,4.0221147537231445
291,546,3.0,3.440706729888916
58,56,5.0,4.300156116485596
504,462,4.0,3.9214515686035156
843,132,3.0,3.008359909057617
429,7,2.0,3.815286636352539
613,603,5.0,4.869853973388672
901,498,4.0,4.501861572265625
13,520,4.0,4.205359935760498
620,118,4.0,4.014695644378662
311,553,3.0,3.6342992782592773
758,269,4.0,4.418245792388916
923,338,4.0,3.925673484802246
236,686,3.0,3.4362640380859375
353,333,4.0,3.3561086654663086
532,352,3.0,3.1234664916992188
222,575,3.0,1.916225790977478
406,485,3.0,3.7801103591918945
393,243,4.0,3.2184739112854004
2,283,5.0,4.1070685386657715
505,56,1.0,3.820420742034912
354,603,5.0,4.3612236976623535
52,277,5.0,4.2294793128967285
276,591,3.0,4.026726722717285
7,11,3.0,4.29673433303833
249,405,3.0,3.8355445861816406
328,448,3.0,3.3360390663146973
532,292,4.0,4.544766902923584
795,181,4.0,3.663534164428711
230,607,3.0,4.063976764678955
385,128,5.0,2.948000907897949
756,527,3.0,3.8740241527557373
481,484,4.0,4.363284587860107
668,403,4.0,3.513261079788208
880,383,3.0,2.3860857486724854
472,660,5.0,4.44003438949585
354,896,4.0,3.9069042205810547
457,125,4.0,4.147684574127197
223,1009,1.0,3.276350498199463
21,977,2.0,1.7423666715621948
466,210,4.0,3.9006123542785645
104,301,2.0,2.636594533920288
864,780,2.0,3.490368366241455
184,127,5.0,4.33948278427124
707,1018,3.0,3.237118721008301
457,48,5.0,4.897139072418213
551,385,5.0,3.9631242752075195
405,52,1.0,2.183379650115967
234,496,4.0,3.6907002925872803
416,307,1.0,4.2058610916137695
374,77,5.0,3.5127148628234863
938,273,5.0,3.447972059249878
528,751,4.0,3.555903434753418
452,207,4.0,3.595553398132324
877,549,4.0,3.7252132892608643
64,435,4.0,4.027606964111328
740,326,3.0,3.1252551078796387
927,395,3.0,3.008627414703369
626,268,4.0,3.1348507404327393
711,180,4.0,4.465633869171143
632,91,3.0,3.695617437362671
825,322,5.0,3.7865710258483887
876,527,5.0,4.453381061553955
588,40,4.0,3.6071300506591797
870,134,4.0,4.167319297790527
733,1,2.0,3.569706678390503
387,7,5.0,3.782172679901123
758,290,5.0,3.588681221008301
102,67,1.0,2.3169424533843994
270,218,5.0,4.586883544921875
624,1089,2.0,2.130661725997925
388,672,4.0,3.642059087753296
407,127,3.0,4.293476104736328
230,385,1.0,4.088190078735352
909,165,5.0,4.606856822967529
130,330,4.0,4.09526252746582
235,705,5.0,4.1235270500183105
821,15,5.0,4.534178256988525
276,603,5.0,4.88241720199585
312,214,3.0,3.906381368637085
790,417,2.0,3.022451162338257
291,670,5.0,3.7469584941864014
761,1272,1.0,2.238194465637207
654,1009,3.0,3.5367484092712402
862,120,3.0,3.3425886631011963
130,743,2.0,2.8222155570983887
379,197,5.0,4.607414722442627
18,367,4.0,3.649017572402954
273,345,3.0,3.6814165115356445
327,132,5.0,3.818873167037964
293,155,2.0,2.2947330474853516
38,780,4.0,3.978529453277588
298,183,3.0,4.280150890350342
742,7,3.0,3.8517050743103027
573,22,4.0,4.122674942016602
812,333,5.0,3.8180832862854004
114,180,3.0,3.739938497543335
42,1040,3.0,2.7180962562561035
167,949,1.0,3.5270280838012695
116,596,5.0,2.818803548812866
198,631,3.0,3.405409097671509
731,136,4.0,3.845986843109131
486,127,5.0,4.184342861175537
455,402,4.0,3.497584104537964
473,508,2.0,4.096126556396484
94,12,4.0,5.012998104095459
527,429,5.0,3.9875447750091553
10,711,4.0,3.7050392627716064
297,699,4.0,3.591890811920166
824,321,2.0,2.890409469604492
151,781,3.0,3.4471240043640137
465,845,4.0,2.788424015045166
399,742,4.0,3.1153948307037354
707,311,4.0,3.6020798683166504
94,436,5.0,4.156032562255859
864,275,4.0,4.347927093505859
130,237,5.0,4.511525630950928
709,665,3.0,3.2751922607421875
775,690,3.0,3.341982364654541
829,639,4.0,3.563427448272705
429,193,4.0,3.9393417835235596
782,1296,3.0,2.9363226890563965
293,73,2.0,3.120884418487549
682,658,4.0,3.2937498092651367
299,820,3.0,2.533663511276245
405,1119,3.0,1.896382451057434
658,9,4.0,3.7214889526367188
264,320,4.0,4.086052417755127
550,877,4.0,3.0665087699890137
308,792,3.0,3.7379813194274902
268,479,4.0,4.159501075744629
861,381,4.0,3.9155354499816895
326,96,3.0,3.5781970024108887
846,555,2.0,1.9512195587158203
914,732,2.0,3.620112180709839
814,145,2.0,2.6409847736358643
405,1435,1.0,1.2391899824142456
293,651,3.0,4.134223937988281
498,381,3.0,3.249760389328003
593,106,2.0,3.0726284980773926
251,405,3.0,3.5277483463287354
353,340,4.0,3.6258933544158936
92,271,2.0,3.15138578414917
24,275,5.0,4.410561561584473
716,257,5.0,4.104628562927246
392,191,5.0,4.7515082359313965
854,1086,3.0,2.849324941635132
406,170,3.0,4.003761291503906
495,55,2.0,4.124719619750977
262,609,3.0,3.2792561054229736
314,71,5.0,4.276019096374512
653,55,3.0,2.8793346881866455
221,161,3.0,3.7370495796203613
463,150,2.0,3.639252185821533
910,9,4.0,3.4149272441864014
197,176,5.0,3.8701977729797363
312,169,5.0,4.945836067199707
411,209,4.0,4.021440029144287
429,498,5.0,4.303208351135254
92,106,3.0,2.721498727798462
661,48,4.0,4.373178482055664
896,1240,4.0,3.5622479915618896
479,173,5.0,4.27658748626709
645,191,5.0,4.618378162384033
305,269,4.0,3.8100109100341797
521,829,2.0,2.2737624645233154
869,1132,1.0,2.317356824874878
109,72,5.0,3.572026252746582
100,1236,3.0,2.419111490249634
514,890,1.0,2.1069839000701904
385,185,5.0,3.6671767234802246
200,1028,2.0,4.131503105163574
659,606,5.0,4.092792510986328
357,1047,4.0,3.800713539123535
222,77,4.0,3.029956340789795
110,794,3.0,3.30366849899292
123,134,4.0,4.534781455993652
753,211,4.0,3.6225767135620117
782,1014,2.0,2.805758476257324
156,180,5.0,3.8972532749176025
533,692,4.0,3.413773536682129
531,259,1.0,3.0740885734558105
852,264,3.0,3.444976568222046
496,433,4.0,3.207707405090332
18,221,5.0,3.9841575622558594
518,919,5.0,3.8966901302337646
401,655,3.0,3.3475699424743652
181,221,1.0,1.5088999271392822
311,519,3.0,4.168668270111084
181,680,1.0,1.2362502813339233
567,271,4.0,3.2961137294769287
302,258,3.0,2.962341785430908
808,875,4.0,3.9055871963500977
872,272,4.0,4.247324466705322
1,257,4.0,4.159735679626465
848,197,5.0,4.612369537353516
223,1150,2.0,3.2107908725738525
406,825,4.0,2.8510537147521973
194,135,3.0,3.611203193664551
193,96,1.0,4.00065279006958
193,94,3.0,3.0718812942504883
573,144,4.0,3.7066078186035156
795,407,3.0,2.3242621421813965
15,244,2.0,2.568420886993408
911,205,3.0,4.135828971862793
452,265,3.0,3.7160916328430176
759,257,4.0,4.313892364501953
211,257,5.0,3.144469738006592
518,289,4.0,3.4649953842163086
666,410,2.0,3.2588396072387695
796,871,1.0,2.9712746143341064
207,471,3.0,3.246293306350708
457,792,4.0,4.4923834800720215
450,223,3.0,4.537265300750732
194,405,2.0,2.668765068054199
741,67,3.0,2.738104820251465
493,284,4.0,3.447789192199707
865,928,1.0,1.800406813621521
399,431,2.0,3.075005054473877
194,9,4.0,3.3788421154022217
387,731,1.0,2.863197088241577
210,502,3.0,4.375035285949707
627,399,3.0,2.934171199798584
622,229,2.0,3.059042453765869
650,662,3.0,2.927420139312744
620,627,5.0,4.062149524688721
7,659,5.0,4.498589038848877
566,20,4.0,3.25905704498291
542,97,4.0,3.661533832550049
334,508,3.0,3.7182254791259766
780,79,4.0,4.040843486785889
181,121,4.0,1.3133527040481567
330,651,5.0,4.931741237640381
91,131,2.0,4.01683235168457
893,759,3.0,2.202005386352539
603,176,2.0,4.101022720336914
886,940,2.0,2.241041421890259
737,357,5.0,4.321447372436523
291,619,3.0,4.011086463928223
435,729,2.0,3.4107673168182373
279,151,4.0,3.399430751800537
204,301,4.0,3.092946767807007
667,962,2.0,3.6145997047424316
59,288,5.0,3.857081651687622
201,375,3.0,1.8300154209136963
921,194,3.0,3.7505269050598145
340,172,4.0,4.523810863494873
843,204,3.0,2.830569267272949
515,538,3.0,3.097612142562866
844,117,4.0,3.349008083343506
499,258,2.0,3.8207030296325684
83,732,4.0,3.9181172847747803
401,157,3.0,3.107471466064453
452,86,4.0,3.755545139312744
144,961,3.0,3.7672977447509766
403,925,4.0,3.4605586528778076
222,12,5.0,4.484535217285156
782,1292,3.0,1.9831359386444092
716,83,4.0,4.362194061279297
903,179,5.0,4.18994665145874
569,748,2.0,2.9205918312072754
932,177,4.0,4.308370113372803
844,2,4.0,3.015942096710205
840,644,4.0,4.118945598602295
363,187,2.0,3.948636054992676
887,206,5.0,3.978215456008911
486,1014,3.0,2.9857473373413086
635,268,5.0,3.827285051345825
59,200,5.0,4.243548393249512
889,509,2.0,3.79058837890625
776,50,5.0,4.333085060119629
629,22,5.0,4.869716167449951
130,321,5.0,4.094712257385254
472,66,5.0,4.460935115814209
437,276,5.0,3.638272523880005
314,150,4.0,4.109368324279785
682,895,4.0,3.05615496635437
406,7,4.0,3.660851001739502
830,487,5.0,4.25368595123291
880,783,1.0,2.914368152618408
676,271,3.0,3.031663417816162
315,301,2.0,3.554684638977051
214,522,4.0,4.022736072540283
284,340,4.0,3.6859564781188965
319,880,4.0,3.341874122619629
234,1447,3.0,1.9951399564743042
846,836,5.0,3.8461403846740723
197,258,4.0,3.6832354068756104
419,617,4.0,3.9631564617156982
521,90,2.0,2.699049472808838
487,85,2.0,3.3140125274658203
194,549,3.0,3.000326633453369
144,303,4.0,3.6897716522216797
85,372,4.0,3.473006248474121
11,731,4.0,3.199744701385498
7,485,5.0,4.358689785003662
534,748,4.0,4.183294296264648
18,427,5.0,4.429745197296143
47,683,3.0,2.07907772064209
13,340,2.0,3.4957995414733887
198,871,1.0,1.6337755918502808
655,1370,3.0,2.6885852813720703
383,357,5.0,4.6580119132995605
731,611,3.0,3.8228845596313477
698,202,3.0,2.7839889526367188
697,1059,2.0,3.1401495933532715
396,717,3.0,3.358705520629883
63,121,1.0,2.82586669921875
573,286,3.0,3.581177234649658
864,722,2.0,3.26021671295166
758,288,4.0,3.8269379138946533
648,500,5.0,3.579455852508545
500,294,3.0,2.964110851287842
200,465,4.0,4.339888095855713
237,174,4.0,4.316643714904785
506,465,4.0,3.635977268218994
452,318,5.0,4.234058856964111
141,100,4.0,3.928410768508911
311,499,4.0,4.108559608459473
474,435,5.0,4.359467029571533
94,385,2.0,3.8718833923339844
190,100,4.0,4.148071765899658
437,249,5.0,3.207301616668701
897,925,5.0,4.044259548187256
235,1134,4.0,3.3807902336120605
303,474,5.0,4.897836208343506
484,153,5.0,4.36367130279541
286,372,4.0,3.8687305450439453
525,118,3.0,2.9247817993164062
83,728,4.0,3.2576112747192383
860,894,2.0,1.4079757928848267
315,46,4.0,4.000579833984375
800,223,5.0,4.206042766571045
296,79,4.0,4.7847981452941895
59,53,5.0,3.335294246673584
262,845,4.0,3.094788074493408
916,132,3.0,4.013373851776123
436,856,4.0,4.12229061126709
548,293,4.0,3.9953315258026123
825,100,4.0,4.121273040771484
889,386,3.0,2.8682074546813965
178,276,3.0,3.8239376544952393
253,4,4.0,3.7660937309265137
922,1,5.0,3.739650011062622
545,810,4.0,3.214160680770874
608,661,3.0,4.228120803833008
26,109,3.0,3.1007423400878906
805,99,2.0,3.5727529525756836
810,338,4.0,4.02475643157959
563,118,4.0,3.552978038787842
676,748,4.0,2.731043815612793
488,1025,2.0,2.4104366302490234
116,532,2.0,3.04797101020813
697,326,4.0,3.954573154449463
400,689,3.0,3.5283398628234863
440,300,3.0,4.462446689605713
531,311,4.0,4.285238265991211
49,547,5.0,2.6913604736328125
254,435,3.0,3.6237905025482178
919,1134,2.0,3.431429386138916
631,334,2.0,3.4335403442382812
932,470,3.0,3.88484263420105
90,906,2.0,4.173189163208008
490,919,4.0,2.9884252548217773
164,823,4.0,4.003030776977539
756,176,4.0,3.730067729949951
188,100,4.0,4.23634672164917
314,932,4.0,3.4886109828948975
878,796,2.0,2.5227222442626953
405,442,1.0,1.23227858543396
756,419,3.0,3.540681838989258
158,430,5.0,4.270431995391846
925,327,3.0,3.4858791828155518
85,152,5.0,3.537525177001953
394,62,4.0,3.6573479175567627
325,58,3.0,3.4693374633789062
320,195,5.0,4.326264381408691
497,1077,4.0,3.0156936645507812
374,975,4.0,3.3069047927856445
350,183,3.0,4.453843116760254
433,95,3.0,3.7728490829467773
299,20,3.0,3.301539897918701
854,122,3.0,1.6073520183563232
184,210,4.0,3.9954748153686523
625,476,2.0,2.868027687072754
445,100,2.0,2.7115955352783203
847,735,4.0,3.2303335666656494
215,22,3.0,4.4314985275268555
928,877,5.0,4.140047073364258
643,5,3.0,3.2341370582580566
877,83,3.0,4.143320560455322
804,1,5.0,3.9352591037750244
158,163,4.0,3.7830607891082764
109,796,3.0,3.3493175506591797
542,282,3.0,3.692340850830078
551,735,5.0,4.26140022277832
870,208,4.0,3.8558311462402344
406,591,3.0,3.5231385231018066
653,180,5.0,3.3290817737579346
942,315,4.0,4.596675872802734
695,286,3.0,3.4835281372070312
311,70,4.0,3.7611470222473145
741,70,4.0,3.818694591522217
650,1474,3.0,2.585934638977051
145,1245,5.0,3.661298990249634
766,131,3.0,3.5180718898773193
62,697,4.0,3.1507649421691895
222,154,3.0,3.902269124984741
325,133,3.0,3.6745505332946777
291,84,3.0,3.1507954597473145
413,690,4.0,3.5908594131469727
604,183,3.0,4.039289474487305
615,286,4.0,3.993166446685791
13,287,1.0,3.534116744995117
738,152,4.0,3.6102676391601562
31,611,4.0,4.377737998962402
643,671,4.0,3.9469563961029053
552,815,3.0,3.112225294113159
301,235,2.0,3.3732287883758545
892,671,5.0,4.318068981170654
85,95,4.0,3.654144287109375
255,827,2.0,1.7810370922088623
181,18,1.0,1.4037508964538574
600,435,5.0,4.306360244750977
554,411,3.0,3.051908254623413
31,303,3.0,3.8638834953308105
40,316,3.0,3.375082492828369
714,7,4.0,3.866415023803711
796,1042,4.0,3.560784339904785
659,153,4.0,3.8698911666870117
816,326,4.0,4.398791790008545
301,184,4.0,3.5709967613220215
703,1012,4.0,3.928624391555786
290,596,4.0,3.1424567699432373
500,396,3.0,3.0218729972839355
914,371,4.0,3.016545057296753
374,1197,4.0,3.7029037475585938
393,423,3.0,3.61979079246521
267,3,4.0,3.4968814849853516
234,519,5.0,3.6623544692993164
303,81,4.0,4.129870891571045
44,91,2.0,3.7263288497924805
892,151,4.0,4.179398059844971
145,109,4.0,3.6277639865875244
416,990,2.0,3.8953068256378174
240,751,3.0,4.169958114624023
710,234,4.0,3.793785572052002
456,268,5.0,3.7077434062957764
73,64,5.0,4.626607894897461
138,117,4.0,4.314653396606445
5,412,3.0,1.9588677883148193
292,511,5.0,4.858236789703369
373,946,5.0,3.358811855316162
405,33,1.0,1.773995280265808
23,174,4.0,4.303445816040039
450,842,4.0,3.8083648681640625
158,283,5.0,4.095770359039307
455,237,3.0,3.6753792762756348
416,1495,3.0,4.79394006729126
795,97,2.0,3.4172091484069824
529,310,4.0,3.9575562477111816
185,515,4.0,4.548609256744385
277,405,3.0,3.1217756271362305
43,301,5.0,3.618952751159668
727,176,4.0,3.8878650665283203
290,210,5.0,3.618173599243164
223,1197,3.0,3.756833076477051
882,407,2.0,2.5870542526245117
211,199,5.0,3.5588886737823486
624,689,3.0,3.039902687072754
363,216,3.0,3.6592345237731934
193,210,4.0,3.888580322265625
397,325,3.0,2.161583423614502
276,240,4.0,2.541818141937256
645,430,5.0,4.322146892547607
310,251,5.0,4.749373912811279
104,1017,1.0,2.8057122230529785
178,280,4.0,3.4803342819213867
339,469,5.0,4.191878318786621
833,328,2.0,2.800004005432129
450,630,3.0,3.904059410095215
537,86,4.0,3.254155158996582
263,678,2.0,2.5608456134796143
916,48,5.0,4.046271800994873
719,410,1.0,2.73695707321167
417,685,1.0,3.4501914978027344
351,289,5.0,3.915579319000244
798,486,4.0,3.4639976024627686
896,135,3.0,3.730062961578369
256,370,3.0,3.794135332107544
326,479,5.0,3.7469747066497803
144,514,5.0,3.9139626026153564
64,11,4.0,3.957350969314575
471,477,5.0,3.186833620071411
336,294,4.0,2.8745837211608887
178,118,4.0,3.4785642623901367
12,402,5.0,4.279452800750732
908,12,3.0,4.002835273742676
279,101,3.0,3.552311897277832
60,660,4.0,4.09144926071167
244,155,3.0,3.523286819458008
11,196,5.0,3.9430432319641113
757,161,3.0,3.374018430709839
749,172,5.0,4.511598110198975
690,514,1.0,3.5699853897094727
60,513,5.0,4.770780563354492
543,44,3.0,3.343135118484497
466,226,4.0,3.0369086265563965
503,213,5.0,4.522816181182861
653,151,3.0,2.8571243286132812
645,243,1.0,1.7550559043884277
194,661,5.0,3.8134469985961914
92,273,4.0,3.4863791465759277
727,2,4.0,3.086111545562744
478,150,4.0,3.768113374710083
155,288,3.0,2.814290761947632
719,66,3.0,2.9649102687835693
524,823,4.0,3.091855525970459
863,329,2.0,3.0559184551239014
685,302,3.0,2.838468313217163
942,216,4.0,4.449352741241455
321,1028,2.0,2.8268980979919434
916,101,3.0,3.074484348297119
216,408,3.0,4.912097454071045
660,470,2.0,2.752525568008423
710,22,3.0,4.288694381713867
500,175,5.0,3.786247968673706
406,9,5.0,3.672931432723999
44,147,4.0,3.559399127960205
659,178,5.0,4.392879009246826
867,690,5.0,3.9029839038848877
393,66,3.0,3.5680229663848877
435,821,2.0,2.8239076137542725
201,215,2.0,3.256786346435547
561,228,3.0,3.1998815536499023
423,879,3.0,3.194554328918457
770,294,3.0,4.315121650695801
804,737,3.0,3.381204128265381
435,715,3.0,3.4691460132598877
450,491,3.0,4.241329669952393
405,436,1.0,1.9792704582214355
747,480,5.0,4.852135181427002
363,121,2.0,2.658945083618164
95,32,1.0,3.9268906116485596
650,510,3.0,3.5454440116882324
394,67,5.0,3.576028823852539
354,650,3.0,3.5740818977355957
226,270,4.0,3.6710386276245117
321,212,3.0,3.291935682296753
207,265,3.0,3.439805507659912
290,818,3.0,3.0447592735290527
269,411,1.0,1.554076075553894
405,540,1.0,1.349510669708252
906,284,4.0,3.5731735229492188
487,540,2.0,2.5301008224487305
193,100,5.0,4.0328898429870605
648,565,3.0,2.755293607711792
393,99,3.0,3.4503161907196045
503,416,2.0,3.758518934249878
450,604,4.0,4.498342514038086
568,1050,4.0,2.9291534423828125
181,411,3.0,1.3042359352111816
527,183,5.0,4.081923961639404
500,554,3.0,2.7564198970794678
303,1335,3.0,2.858065366744995
18,488,3.0,4.397030353546143
792,546,3.0,3.0189247131347656
257,59,5.0,4.5276360511779785
169,243,3.0,2.209148406982422
229,286,4.0,3.142193555831909
757,693,4.0,3.6827380657196045
181,682,4.0,1.4977062940597534
435,384,3.0,2.6656367778778076
932,1456,4.0,4.497823238372803
44,480,4.0,4.363227844238281
856,322,4.0,2.3779163360595703
279,517,4.0,3.597109317779541
790,235,1.0,2.8062236309051514
309,1393,2.0,2.8644213676452637
858,334,4.0,3.452218532562256
405,2,1.0,1.624315857887268
130,731,3.0,4.0714826583862305
919,892,3.0,2.82106351852417
655,133,4.0,3.1323351860046387
373,748,4.0,3.4025559425354004
350,589,5.0,4.466665744781494
378,566,3.0,3.5320796966552734
413,236,4.0,3.714707612991333
655,761,2.0,2.6046061515808105
505,151,3.0,3.3483619689941406
232,133,4.0,3.9594011306762695
416,331,4.0,4.079877853393555
661,173,4.0,4.431856632232666
425,259,1.0,2.7850522994995117
864,511,4.0,4.653550148010254
472,21,3.0,4.143733501434326
909,86,5.0,4.449483394622803
698,1149,3.0,3.1704182624816895
162,237,4.0,3.884040355682373
406,382,5.0,3.502908945083618
445,174,4.0,2.880174160003662
113,100,4.0,4.260161876678467
271,518,4.0,3.9153659343719482
189,588,4.0,4.209788799285889
747,651,5.0,4.810873031616211
936,321,3.0,3.553973436355591
551,578,5.0,3.37583589553833
378,631,4.0,3.7448160648345947
334,310,3.0,3.6013388633728027
574,312,4.0,3.224586009979248
240,898,5.0,3.392108917236328
43,479,4.0,4.492231845855713
11,435,4.0,3.9483742713928223
836,611,5.0,4.551854133605957
57,111,4.0,3.8779900074005127
802,681,4.0,3.20864200592041
880,287,4.0,3.9732930660247803
161,135,2.0,2.6740975379943848
181,1384,1.0,1.2523099184036255
679,222,4.0,3.4478979110717773
261,892,5.0,3.6096348762512207
269,1040,1.0,1.122260332107544
918,83,4.0,3.6732630729675293
311,43,4.0,3.388237237930298
70,820,1.0,2.8523049354553223
901,82,5.0,4.109670162200928
459,108,1.0,3.262730121612549
305,511,4.0,3.980926275253296
271,169,5.0,4.563421726226807
391,427,5.0,4.3779096603393555
346,182,5.0,3.924142599105835
33,313,5.0,4.382260322570801
84,203,3.0,4.286253929138184
456,143,3.0,3.5684540271759033
896,198,4.0,3.727595567703247
234,607,4.0,3.4573440551757812
807,610,3.0,4.008825778961182
311,468,4.0,3.6281375885009766
619,144,5.0,3.83005690574646
7,561,4.0,3.553624391555786
455,144,3.0,3.850131034851074
313,151,1.0,3.7001945972442627
865,240,2.0,1.588102102279663
476,70,3.0,3.84879732131958
1,98,4.0,4.8206000328063965
146,294,1.0,3.4463047981262207
698,86,2.0,3.046232223510742
854,1077,3.0,2.660789966583252
222,377,1.0,1.7698535919189453
148,432,5.0,3.9645256996154785
506,67,3.0,3.01000714302063
693,1145,2.0,2.6494317054748535
206,903,2.0,2.206087112426758
291,1273,2.0,3.335761308670044
540,455,4.0,3.596592664718628
709,427,4.0,4.351340293884277
391,58,4.0,3.715163230895996
296,475,4.0,4.603085994720459
152,412,2.0,3.7364797592163086
249,411,3.0,3.055110454559326
385,421,2.0,2.9883623123168945
900,318,4.0,3.471956253051758
933,94,1.0,2.0218355655670166
565,1396,5.0,4.73353910446167
96,195,5.0,4.2753777503967285
537,224,3.0,3.1605119705200195
690,402,3.0,3.213841199874878
387,511,3.0,4.213901519775391
456,71,3.0,3.614272117614746
592,251,5.0,5.054307460784912
730,7,4.0,3.5637223720550537
676,916,5.0,2.514735698699951
23,385,4.0,3.456852674484253
588,485,5.0,4.052273750305176
716,655,4.0,4.215905666351318
461,305,2.0,3.659597873687744
13,806,5.0,3.358872175216675
867,64,5.0,4.990638256072998
405,1475,1.0,1.8235864639282227
822,358,3.0,2.183734178543091
207,68,2.0,3.1714401245117188
509,705,4.0,3.381485939025879
798,1076,3.0,3.11997127532959
385,423,2.0,3.3132314682006836
330,38,4.0,4.452050685882568
834,258,4.0,4.028047561645508
345,903,3.0,3.5258312225341797
548,443,4.0,4.040711879730225
1,34,2.0,2.6609368324279785
898,312,2.0,3.490633726119995
634,991,3.0,2.663593292236328
495,139,2.0,3.62160062789917
881,1057,1.0,2.1647722721099854
708,866,5.0,3.2422752380371094
221,38,2.0,3.520268440246582
788,22,5.0,4.159127235412598
14,242,4.0,4.369421005249023
761,7,4.0,3.493499279022217
430,293,3.0,3.756781816482544
416,164,5.0,4.352107048034668
833,980,3.0,3.0187559127807617
643,1065,4.0,3.7991726398468018
488,58,3.0,3.318319082260132
710,286,4.0,3.747196674346924
378,88,4.0,3.5361013412475586
524,751,4.0,3.3413922786712646
181,685,2.0,1.3993901014328003
216,82,4.0,4.081985950469971
450,87,5.0,4.366972923278809
486,301,4.0,3.1899852752685547
535,792,4.0,3.819723606109619
458,410,1.0,3.094655990600586
59,15,5.0,4.192429065704346
297,298,5.0,3.606090545654297
854,87,4.0,3.7099180221557617
323,764,3.0,2.521177291870117
727,195,4.0,3.895352840423584
777,692,5.0,4.040038585662842
486,299,1.0,2.63362455368042
10,521,4.0,4.373945236206055
178,597,4.0,3.424779176712036
782,1315,3.0,2.925403356552124
622,176,4.0,4.103177070617676
525,405,4.0,3.237269163131714
178,588,4.0,4.02748966217041
405,389,2.0,1.735819697380066
208,186,4.0,3.9045162200927734
727,135,2.0,3.909071683883667
22,62,4.0,2.763077974319458
529,321,4.0,3.5952489376068115
576,7,5.0,3.760676383972168
863,879,2.0,2.747326612472534
271,1133,3.0,2.9021201133728027
128,742,3.0,3.514996290206909
622,845,3.0,3.402212142944336
692,211,4.0,3.590923309326172
417,153,5.0,3.7378904819488525
392,173,4.0,4.6229939460754395
399,110,2.0,2.7799038887023926
92,230,3.0,3.4220457077026367
894,257,3.0,3.9120492935180664
766,228,3.0,3.410000801086426
102,328,2.0,2.515385389328003
901,768,3.0,3.6033387184143066
535,207,4.0,3.8984365463256836
532,1496,2.0,3.8109445571899414
802,358,3.0,3.3610281944274902
468,135,5.0,4.464151859283447
532,248,4.0,4.598847389221191
715,234,4.0,3.861644744873047
406,727,3.0,3.1989846229553223
500,709,4.0,4.023146152496338
595,336,2.0,2.3165063858032227
446,690,2.0,3.0044636726379395
313,505,5.0,4.0581536293029785
442,56,5.0,3.8580055236816406
507,302,5.0,5.103151798248291
291,204,4.0,4.558112621307373
601,1615,4.0,1.7131540775299072
889,700,3.0,2.746760368347168
783,258,4.0,4.134423732757568
790,1063,5.0,3.5517992973327637
826,501,3.0,3.906083583831787
664,227,3.0,3.065169095993042
748,483,4.0,4.390207290649414
758,312,3.0,3.6325931549072266
5,233,4.0,2.8761796951293945
364,302,4.0,4.387759685516357
326,1231,3.0,2.3038034439086914
301,866,4.0,3.4852123260498047
709,295,3.0,3.6028308868408203
621,82,5.0,4.1346540451049805
890,229,2.0,2.7583677768707275
717,1282,4.0,4.0434112548828125
806,1074,3.0,2.7518351078033447
763,382,5.0,3.7823398113250732
850,318,5.0,4.8766560554504395
891,116,3.0,4.40974760055542
806,222,4.0,3.581810474395752
600,391,3.0,2.6850972175598145
592,514,5.0,4.653237819671631
851,352,1.0,2.3624017238616943
177,433,4.0,3.702263832092285
640,550,4.0,4.294103145599365
586,195,4.0,3.5638604164123535
94,201,4.0,4.029983997344971
790,176,3.0,3.8877618312835693
531,302,5.0,4.702650547027588
54,595,3.0,3.465128183364868
66,257,3.0,3.873600721359253
330,161,4.0,4.735860347747803
188,176,4.0,4.119820594787598
500,16,4.0,3.18809175491333
293,724,3.0,3.344744920730591
347,239,5.0,3.6341969966888428
429,495,3.0,3.6961655616760254
91,657,4.0,4.512233257293701
269,276,5.0,3.2889652252197266
474,8,5.0,4.4238996505737305
412,193,4.0,3.9493002891540527
164,282,5.0,4.632205486297607
269,432,4.0,3.3913443088531494
243,215,3.0,3.7477145195007324
320,292,3.0,4.023468971252441
901,275,3.0,4.127030372619629
327,195,4.0,3.735849618911743
537,196,3.0,3.216989755630493
262,432,3.0,3.455683708190918
707,165,3.0,3.9737629890441895
82,1101,4.0,3.63968825340271
796,12,5.0,4.435910224914551
620,8,3.0,4.137390613555908
1,130,3.0,2.14043927192688
643,176,5.0,4.149704933166504
892,186,3.0,4.505733489990234
290,474,3.0,3.956592082977295
846,463,5.0,4.103688716888428
416,241,5.0,4.30248498916626
889,655,4.0,3.781674861907959
3,341,1.0,3.030813694000244
48,302,4.0,4.202012538909912
527,192,4.0,4.145272254943848
749,24,2.0,3.7689402103424072
1,218,3.0,3.6508724689483643
95,24,3.0,3.5108413696289062
533,525,3.0,3.9962165355682373
744,963,5.0,4.107278347015381
886,772,1.0,2.93660306930542
727,542,2.0,2.360430955886841
249,318,5.0,5.034303665161133
804,238,4.0,3.930377244949341
882,988,5.0,2.26570200920105
330,11,4.0,4.757147312164307
603,326,4.0,3.8291802406311035
911,98,2.0,4.39164924621582
144,632,4.0,3.884878158569336
618,969,3.0,3.4193830490112305
860,516,3.0,3.808668613433838
932,222,4.0,3.7810916900634766
280,118,2.0,3.747347831726074
25,25,5.0,3.9051342010498047
405,1553,1.0,1.9501572847366333
217,7,4.0,3.4948782920837402
823,709,3.0,4.772640228271484
250,328,3.0,4.016767501831055
510,288,3.0,3.243191957473755
435,1069,4.0,3.6120033264160156
846,102,2.0,3.286447048187256
664,664,4.0,4.002060890197754
877,475,4.0,3.9861178398132324
432,121,4.0,3.930828094482422
195,877,3.0,2.3498339653015137
456,1324,4.0,2.610614061355591
293,638,4.0,3.806882858276367
711,216,4.0,4.324252128601074
727,413,2.0,2.272672176361084
313,843,3.0,3.297605037689209
457,871,1.0,2.5850629806518555
459,216,3.0,3.8068370819091797
929,431,1.0,3.3135313987731934
181,1163,2.0,1.3728841543197632
313,132,5.0,4.132124900817871
325,197,4.0,3.8620893955230713
107,902,5.0,3.531961441040039
360,520,4.0,4.485997676849365
875,195,4.0,4.33451509475708
7,564,3.0,2.1749660968780518
173,995,5.0,4.331903457641602
633,128,3.0,3.3107810020446777
222,227,3.0,3.0287299156188965
514,176,4.0,4.198538303375244
416,1300,3.0,2.4377553462982178
826,29,3.0,3.5041348934173584
327,152,3.0,3.3659987449645996
267,77,3.0,3.7574806213378906
796,393,4.0,3.6713218688964844
416,24,5.0,4.100980281829834
6,484,5.0,4.10207986831665
796,1197,3.0,3.756901741027832
810,878,4.0,3.6405301094055176
405,960,1.0,1.886819839477539
815,196,4.0,4.187653064727783
346,172,5.0,4.061758041381836
596,678,3.0,3.1912765502929688
914,736,3.0,3.8844635486602783
880,407,1.0,2.545145034790039
387,258,4.0,3.7650952339172363
7,481,5.0,4.335925102233887
391,132,4.0,4.159180641174316
287,222,5.0,4.272206783294678
60,735,5.0,4.103183746337891
276,1413,1.0,2.8883650302886963
711,88,5.0,3.7162652015686035
339,411,2.0,2.732999563217163
532,914,5.0,3.182856798171997
727,117,3.0,3.4186086654663086
878,588,2.0,3.46146821975708
889,627,2.0,3.1882519721984863
417,242,3.0,3.976450204849243
805,154,5.0,3.7187163829803467
130,1267,4.0,4.255824089050293
314,246,5.0,4.236814498901367
7,577,2.0,2.5820789337158203
195,1415,1.0,1.897385835647583
393,1182,3.0,3.077632427215576
870,655,4.0,3.8271570205688477
316,64,4.0,3.963902473449707
429,481,3.0,3.9117815494537354
275,300,4.0,3.2166948318481445
747,1,5.0,4.456082820892334
91,1126,1.0,3.661789655685425
871,955,3.0,3.4586193561553955
615,303,5.0,3.931729793548584
23,162,3.0,3.7564175128936768
416,417,3.0,3.917198657989502
54,50,5.0,4.697998046875
885,71,4.0,3.4748282432556152
374,1,4.0,3.84360408782959
332,53,3.0,4.072808742523193
308,589,4.0,4.121778964996338
497,80,3.0,2.8645925521850586
881,795,2.0,1.9984405040740967
314,412,3.0,3.1650404930114746
7,550,4.0,3.9384708404541016
361,451,3.0,2.8570680618286133
286,1265,5.0,3.6369576454162598
58,123,4.0,2.9439167976379395
452,515,4.0,4.1255927085876465
378,275,5.0,3.954718589782715
82,671,1.0,3.6016855239868164
846,176,4.0,4.294514179229736
622,1552,2.0,2.920413017272949
426,200,2.0,3.809569835662842
514,647,3.0,4.4548020362854
363,79,2.0,3.849782943725586
813,270,5.0,3.4685678482055664
758,489,5.0,4.409094333648682
695,323,2.0,3.2498793601989746
486,887,5.0,3.5677576065063477
615,428,5.0,4.134405136108398
877,463,4.0,3.8674306869506836
887,140,5.0,4.03351354598999
472,411,4.0,4.170998573303223
85,630,3.0,3.081312656402588
785,423,2.0,3.7798192501068115
872,685,4.0,3.6062827110290527
622,769,1.0,2.14319109916687
276,195,5.0,4.504296779632568
280,38,3.0,3.626887083053589
424,333,5.0,3.2256860733032227
868,136,5.0,3.909409999847412
526,272,5.0,4.430023193359375
76,1157,1.0,2.3149733543395996
524,192,4.0,3.993455410003662
742,294,3.0,2.738875150680542
774,72,1.0,1.7029783725738525
654,288,3.0,3.479404926300049
474,283,3.0,4.252448081970215
683,626,3.0,1.8180673122406006
532,840,4.0,3.85383939743042
488,71,3.0,3.3129212856292725
878,317,4.0,3.659959316253662
222,1178,2.0,2.027549982070923
881,214,4.0,3.404000997543335
184,92,3.0,3.6676623821258545
71,151,1.0,3.759197473526001
568,319,2.0,2.659754753112793
66,50,5.0,4.488363265991211
661,135,5.0,4.270975589752197
49,594,3.0,1.5744911432266235
498,258,2.0,3.3848071098327637
190,273,4.0,3.505192518234253
804,87,4.0,4.032078742980957
110,195,2.0,3.6210575103759766
542,451,3.0,3.4898171424865723
429,178,4.0,4.363985538482666
499,328,5.0,3.5361061096191406
200,509,4.0,4.40724515914917
871,909,3.0,3.636068344116211
453,402,3.0,3.330077648162842
141,333,5.0,3.625429153442383
227,293,5.0,4.0690693855285645
838,124,4.0,4.458968639373779
830,651,4.0,4.501631259918213
516,660,5.0,4.0447845458984375
343,403,4.0,3.7756831645965576
561,709,3.0,3.625476837158203
896,482,3.0,3.798553466796875
125,1037,2.0,1.8055634498596191
11,365,3.0,3.399082660675049
82,514,4.0,3.774965763092041
95,552,1.0,2.7655396461486816
174,715,3.0,4.042969226837158
41,357,4.0,4.282299995422363
104,307,2.0,2.866542339324951
49,287,4.0,3.025698661804199
416,258,5.0,4.424561977386475
60,490,4.0,4.368833541870117
694,484,4.0,4.522505760192871
84,294,3.0,3.8185951709747314
145,470,5.0,3.7863457202911377
268,1208,2.0,2.683568239212036
152,410,4.0,4.412622928619385
917,9,5.0,3.9832570552825928
905,508,4.0,3.6890454292297363
536,480,5.0,4.559249401092529
106,956,3.0,3.689152717590332
642,928,5.0,3.828078031539917
497,274,3.0,3.1896464824676514
450,1263,4.0,3.4275193214416504
304,298,5.0,3.8474233150482178
766,318,5.0,4.07944917678833
22,173,5.0,4.678067207336426
840,632,3.0,4.161045074462891
43,58,3.0,3.9329984188079834
6,134,5.0,4.187695026397705
758,176,5.0,4.347883224487305
505,176,4.0,3.6897811889648438
10,604,4.0,4.558656692504883
355,682,4.0,4.052744388580322
301,117,5.0,3.9537360668182373
301,180,3.0,4.087732791900635
694,205,5.0,4.419079780578613
297,282,3.0,3.30849027633667
336,1183,1.0,2.2432167530059814
907,185,4.0,4.853516101837158
285,194,4.0,4.0920939445495605
110,905,3.0,3.2543957233428955
779,15,4.0,3.957237482070923
236,1013,2.0,2.214876651763916
884,275,4.0,3.9141314029693604
14,25,2.0,3.8987879753112793
387,202,3.0,3.6540651321411133
122,1044,5.0,4.082749366760254
805,772,3.0,3.205965280532837
311,942,5.0,3.775830030441284
864,43,3.0,3.068364143371582
68,742,1.0,2.724881410598755
450,91,4.0,4.071892261505127
113,116,3.0,4.069426536560059
562,393,2.0,3.435506582260132
450,194,5.0,4.474252700805664
279,1497,2.0,3.5250680446624756
291,369,3.0,3.0128273963928223
537,1011,3.0,2.468496799468994
268,860,1.0,1.7348544597625732
215,181,4.0,4.143181800842285
705,720,5.0,3.7857422828674316
567,357,2.0,4.46319580078125
1,188,3.0,4.038308143615723
676,300,4.0,3.5410804748535156
784,327,4.0,4.034568786621094
167,465,5.0,3.4365460872650146
747,591,2.0,4.136441230773926
343,708,4.0,3.8388123512268066
59,770,4.0,3.911670207977295
269,441,1.0,1.9067127704620361
840,654,4.0,4.356738567352295
405,675,1.0,2.0052273273468018
194,204,4.0,3.3415818214416504
189,129,3.0,4.213438034057617
270,509,3.0,4.702679634094238
313,629,3.0,3.3737540245056152
75,25,5.0,3.801478147506714
362,323,2.0,2.5486392974853516
756,245,3.0,2.9574899673461914
62,511,4.0,4.264363765716553
269,186,2.0,3.7022457122802734
243,223,4.0,4.152349472045898
318,191,5.0,4.445087909698486
911,479,5.0,4.286226272583008
354,497,4.0,4.0482587814331055
804,154,3.0,3.9144248962402344
471,465,5.0,3.443206310272217
497,721,3.0,3.2661948204040527
561,1,2.0,3.318068265914917
417,825,4.0,3.158750057220459
1,242,5.0,4.534270286560059
773,367,2.0,3.1731765270233154
922,451,4.0,3.4658260345458984
543,318,3.0,4.335846900939941
143,322,4.0,3.5857319831848145
848,845,5.0,3.97182559967041
852,407,3.0,3.1177215576171875
669,649,4.0,3.04842472076416
152,871,3.0,3.8252148628234863
5,373,3.0,2.251950263977051
11,258,5.0,3.808445930480957
600,578,2.0,3.445887804031372
128,181,4.0,4.092980861663818
648,23,3.0,4.074829578399658
351,750,5.0,4.305429935455322
535,196,4.0,4.027620792388916
59,529,4.0,4.446732044219971
648,523,3.0,3.9341773986816406
254,415,3.0,2.5214784145355225
7,489,3.0,4.475235939025879
756,435,3.0,3.6830332279205322
692,66,2.0,3.380496025085449
397,1018,4.0,3.3115453720092773
711,955,1.0,3.892209053039551
210,568,4.0,4.2063751220703125
868,567,1.0,2.16793155670166
627,288,3.0,3.114931583404541
936,253,5.0,3.8267874717712402
615,1021,5.0,4.119725227355957
845,1434,4.0,2.4774413108825684
639,423,2.0,3.0231847763061523
239,208,3.0,4.330899715423584
11,24,3.0,3.4977400302886963
679,327,4.0,3.185105323791504
943,1047,2.0,2.9021081924438477
385,945,5.0,3.505178689956665
543,1555,3.0,3.064476251602173
299,89,5.0,4.086985111236572
144,197,4.0,4.047782897949219
584,450,2.0,2.85880184173584
711,393,4.0,3.4200892448425293
213,985,3.0,4.013176918029785
73,748,2.0,2.4448108673095703
749,661,5.0,4.48827600479126
889,265,4.0,3.7818875312805176
457,122,2.0,2.707895278930664
588,316,5.0,4.202371120452881
106,463,3.0,3.807161331176758
295,794,4.0,4.396819591522217
807,8,4.0,4.080998420715332
178,823,2.0,3.2930245399475098
193,541,1.0,2.6349830627441406
368,567,3.0,2.9082016944885254
757,183,4.0,4.093175411224365
764,633,5.0,4.269333839416504
177,168,4.0,4.070363521575928
815,229,3.0,3.2049360275268555
395,1028,2.0,3.415578842163086
97,89,5.0,4.521975517272949
727,815,3.0,2.8700742721557617
11,728,3.0,2.9791486263275146
130,1231,4.0,3.496328353881836
391,507,4.0,3.910775661468506
332,226,5.0,4.374880313873291
828,1062,4.0,3.476604700088501
221,298,4.0,3.725681781768799
327,1,4.0,3.5971596240997314
864,423,5.0,4.2684407234191895
447,13,5.0,3.7098281383514404
188,484,5.0,4.331326484680176
864,625,4.0,3.841844320297241
206,1022,1.0,2.482299566268921
21,242,3.0,4.434784412384033
14,23,5.0,4.548142433166504
72,48,4.0,4.0746026039123535
463,103,1.0,1.2758978605270386
272,79,5.0,4.60820198059082
833,1628,3.0,3.3728652000427246
487,313,3.0,4.749320030212402
349,1128,3.0,2.922076463699341
308,293,4.0,3.8597331047058105
279,70,1.0,3.4576427936553955
445,9,2.0,2.3878495693206787
207,204,3.0,3.370218276977539
457,956,4.0,4.42199182510376
495,629,3.0,4.033349990844727
648,637,2.0,2.940018653869629
660,41,1.0,2.214724540710449
373,380,4.0,3.6034116744995117
62,159,3.0,2.5285868644714355
919,300,4.0,3.665463447570801
663,243,3.0,2.280386209487915
214,166,4.0,4.153007984161377
622,22,4.0,4.402498722076416
339,383,1.0,2.154052972793579
553,589,5.0,4.356607437133789
146,302,4.0,4.528731822967529
514,294,3.0,3.265204429626465
487,652,5.0,4.294506549835205
679,215,3.0,3.658311128616333
450,1054,2.0,2.686340808868408
343,147,4.0,3.4389166831970215
454,1,3.0,3.0397379398345947
371,97,5.0,4.035114765167236
167,222,4.0,3.618568181991577
347,24,3.0,3.6175169944763184
385,671,3.0,3.318310022354126
450,1119,4.0,4.167614459991455
797,243,2.0,1.9424127340316772
328,798,2.0,2.8101909160614014
1,270,5.0,3.867720603942871
200,841,3.0,3.815399169921875
151,507,5.0,4.300286769866943
655,628,3.0,2.85640287399292
95,523,4.0,4.154128551483154
606,827,3.0,2.891446352005005
444,307,3.0,3.9764575958251953
94,68,4.0,3.878448247909546
393,1210,3.0,3.240856647491455
642,1011,3.0,3.6387786865234375
180,191,4.0,4.7203168869018555
378,234,4.0,3.8206348419189453
524,175,3.0,3.7294845581054688
380,496,4.0,3.6243395805358887
707,869,1.0,3.048537492752075
122,1168,4.0,4.154694080352783
465,191,4.0,3.7865843772888184
444,275,4.0,4.426915168762207
578,324,1.0,2.661076784133911
530,607,5.0,4.004627704620361
757,1210,2.0,2.754560947418213
671,195,5.0,3.9549567699432373
426,617,3.0,3.74044132232666
94,228,4.0,4.301897048950195
828,340,5.0,3.0704262256622314
660,1035,2.0,2.147705554962158
544,270,3.0,3.2651476860046387
784,323,4.0,3.7034430503845215
244,685,2.0,3.677344799041748
315,137,5.0,4.188943386077881
622,742,3.0,3.4331717491149902
927,237,4.0,4.218902587890625
102,82,2.0,2.876812696456909
470,285,3.0,4.170907497406006
551,1067,2.0,4.285767555236816
506,183,5.0,4.345305919647217
932,480,5.0,4.672059535980225
1,170,5.0,4.617794513702393
554,692,4.0,3.720808982849121
450,59,4.0,4.462025165557861
611,301,4.0,3.631302833557129
697,301,5.0,3.8745028972625732
215,23,3.0,4.400574207305908
890,403,1.0,3.390921115875244
277,121,2.0,2.985156297683716
85,238,2.0,3.7429163455963135
859,25,4.0,4.0471954345703125
301,109,5.0,3.538236618041992
883,589,5.0,4.304848670959473
601,419,4.0,3.3948936462402344
416,475,2.0,4.539387226104736
815,418,4.0,3.688870429992676
347,70,2.0,3.8206753730773926
363,181,5.0,3.736574649810791
390,286,4.0,4.1013898849487305
648,38,5.0,3.0582189559936523
648,399,4.0,3.201542377471924
666,510,4.0,3.9524970054626465
193,56,1.0,4.047002792358398
758,922,5.0,4.346418857574463
274,845,5.0,3.9537010192871094
264,42,5.0,4.509093761444092
344,476,3.0,2.578105926513672
314,1074,3.0,3.722043991088867
135,321,4.0,3.0717790126800537
340,418,5.0,4.194977283477783
293,70,3.0,3.4878804683685303
727,62,3.0,2.8636627197265625
892,1,5.0,4.42224645614624
92,183,4.0,4.166546821594238
833,761,2.0,2.145469903945923
7,133,5.0,4.31082820892334
922,810,4.0,3.146972179412842
130,269,4.0,4.64115047454834
657,873,3.0,2.6762773990631104
474,529,5.0,4.425660610198975
693,272,4.0,3.732912540435791
917,473,3.0,3.2851738929748535
269,51,2.0,3.0699613094329834
524,708,4.0,3.368813991546631
786,285,3.0,4.490604877471924
311,648,4.0,4.198036193847656
747,169,5.0,5.05862283706665
450,790,2.0,3.6004788875579834
23,217,2.0,2.9972963333129883
394,90,3.0,3.7369236946105957
711,1221,4.0,3.6107523441314697
270,53,4.0,4.296353340148926
934,498,3.0,4.317823886871338
296,209,4.0,4.72048807144165
181,1371,1.0,1.164296269416809
326,419,3.0,3.3123245239257812
458,427,4.0,4.386388301849365
116,325,3.0,2.480557918548584
346,96,5.0,3.9010586738586426
276,232,3.0,3.568622589111328
66,405,3.0,3.6344940662384033
868,132,4.0,3.708277940750122
634,150,3.0,3.843517303466797
101,826,3.0,2.224780321121216
796,660,5.0,3.752903461456299
271,514,4.0,4.014321804046631
650,452,2.0,2.4669604301452637
280,554,1.0,3.382864475250244
650,928,2.0,2.651431083679199
615,988,1.0,1.1713086366653442
268,627,3.0,2.570880174636841
416,333,4.0,4.2214460372924805
344,272,5.0,4.711353302001953
474,1421,4.0,3.5612783432006836
488,22,4.0,3.9183969497680664
496,561,5.0,2.300434112548828
910,684,4.0,3.3659181594848633
796,258,4.0,3.7860867977142334
169,301,4.0,3.41188907623291
311,118,3.0,3.660036563873291
890,136,5.0,4.612006664276123
390,1296,2.0,3.8321642875671387
269,205,3.0,3.837604284286499
299,482,4.0,3.9889349937438965
92,515,4.0,4.404324054718018
747,603,5.0,4.9689717292785645
149,346,4.0,3.2329840660095215
751,209,4.0,4.031877040863037
15,748,3.0,2.429795265197754
94,993,4.0,3.92124080657959
13,173,2.0,4.160305500030518
92,949,3.0,3.4971909523010254
470,9,5.0,3.719827651977539
655,518,2.0,3.0950369834899902
59,503,4.0,4.0688042640686035
104,25,3.0,2.770249366760254
556,327,5.0,3.4067471027374268
321,283,3.0,3.7199130058288574
75,597,3.0,3.1061229705810547
416,526,5.0,4.509425640106201
450,136,5.0,4.63323974609375
13,128,1.0,3.325286865234375
416,689,4.0,3.5430102348327637
588,393,4.0,3.8029963970184326
727,755,2.0,3.049509286880493
290,252,3.0,3.1891307830810547
224,1053,3.0,2.880354404449463
6,274,4.0,2.9997951984405518
276,322,3.0,2.7772135734558105
942,265,5.0,4.430663108825684
217,550,1.0,3.0364418029785156
932,414,4.0,4.036314487457275
290,699,3.0,3.411550998687744
736,1388,5.0,3.398691177368164
683,133,5.0,3.64886474609375
627,47,2.0,3.2860677242279053
387,286,2.0,3.7099761962890625
892,155,2.0,3.4783363342285156
606,197,3.0,4.450573444366455
897,238,4.0,4.149079322814941
881,177,4.0,3.873279571533203
524,235,1.0,3.1123437881469727
504,234,3.0,3.838930606842041
937,268,1.0,3.7557573318481445
181,1361,1.0,1.6692031621932983
747,488,5.0,4.859889030456543
624,300,4.0,3.7422900199890137
227,150,3.0,4.061291217803955
894,305,4.0,3.9318296909332275
110,1090,2.0,2.850015640258789
653,472,1.0,2.128671169281006
206,310,5.0,2.473374366760254
276,383,2.0,1.924645185470581
416,388,2.0,2.9468722343444824
938,288,5.0,3.454073667526245
200,578,5.0,4.188724994659424
21,873,2.0,2.215517997741699
7,386,4.0,3.212355852127075
347,163,4.0,3.7138795852661133
650,211,4.0,3.5210065841674805
450,601,3.0,4.341595649719238
374,692,5.0,3.6905770301818848
303,260,3.0,2.150205612182617
652,259,2.0,2.8158600330352783
500,285,3.0,4.164723873138428
213,144,5.0,4.467414855957031
435,159,5.0,3.134852170944214
393,949,3.0,3.284160614013672
595,820,2.0,2.62969970703125
748,154,3.0,3.7300732135772705
639,519,4.0,3.391956329345703
374,193,4.0,3.8916358947753906
301,802,2.0,3.342020034790039
454,228,3.0,2.9376535415649414
705,578,3.0,3.8351378440856934
936,410,3.0,3.6454639434814453
181,1339,1.0,1.3620541095733643
486,328,2.0,3.245192527770996
660,1181,1.0,1.8765791654586792
627,1478,3.0,2.7036657333374023
533,659,4.0,3.901315212249756
168,931,3.0,2.0107815265655518
279,64,1.0,4.234569072723389
541,393,3.0,3.713164806365967
194,168,5.0,3.686445713043213
166,894,4.0,2.666598320007324
518,147,4.0,3.8645973205566406
264,606,5.0,4.683688640594482
661,97,4.0,3.9724626541137695
710,181,3.0,4.000378131866455
931,900,4.0,4.103445053100586
195,227,3.0,3.1554982662200928
694,1455,3.0,3.2239785194396973
648,484,5.0,4.017938613891602
188,468,4.0,3.5821104049682617
618,4,2.0,3.252566337585449
484,141,4.0,4.09819221496582
715,941,2.0,2.4692955017089844
83,301,2.0,3.559626817703247
771,114,4.0,4.23458194732666
710,204,4.0,3.8357925415039062
17,7,4.0,3.439828395843506
299,508,4.0,3.6240971088409424
117,597,4.0,3.48235821723938
428,690,5.0,3.9091885089874268
171,326,2.0,3.284945011138916
881,1078,3.0,2.870386838912964
7,603,4.0,4.799633026123047
838,257,5.0,4.151431560516357
830,568,4.0,3.6402528285980225
893,117,4.0,3.818603992462158
766,520,4.0,3.849740743637085
921,1016,4.0,3.403881311416626
848,451,4.0,3.9679439067840576
399,763,2.0,3.024583101272583
59,23,5.0,4.6959710121154785
10,157,5.0,4.164791107177734
456,60,4.0,4.072200775146484
49,1009,3.0,2.641242504119873
58,191,5.0,4.480117321014404
523,412,3.0,3.6310675144195557
642,368,4.0,2.8931686878204346
194,518,4.0,3.3992090225219727
782,258,4.0,3.2311158180236816
435,585,3.0,2.244381904602051
332,323,5.0,3.816507339477539
521,239,5.0,3.029141426086426
893,410,4.0,3.440807819366455
366,288,4.0,4.407106876373291
230,96,2.0,4.1888933181762695
523,382,5.0,4.676202297210693
537,460,2.0,2.299473762512207
796,485,4.0,3.9177145957946777
145,682,3.0,3.183366298675537
243,7,3.0,3.8092145919799805
730,1012,5.0,3.340834617614746
455,288,2.0,3.421506404876709
25,134,4.0,4.421995639801025
158,1011,4.0,3.577699661254883
10,176,4.0,4.4290385246276855
637,591,3.0,2.774876117706299
33,751,4.0,3.615841865539551
802,484,3.0,4.1220808029174805
707,1628,5.0,3.5865767002105713
537,188,4.0,2.9553542137145996
387,435,3.0,3.9044198989868164
758,831,4.0,2.5029475688934326
435,172,5.0,4.256483554840088
416,833,3.0,3.8731110095977783
276,31,4.0,3.9417338371276855
76,7,4.0,3.839435338973999
276,1478,3.0,2.647805690765381
268,67,3.0,2.3255763053894043
393,825,4.0,3.3814282417297363
556,340,5.0,3.9505984783172607
344,122,1.0,1.7611196041107178
748,194,4.0,3.955007314682007
203,7,3.0,4.148426055908203
567,257,3.0,3.9501726627349854
450,923,5.0,4.7349138259887695
258,311,4.0,4.008601665496826
897,451,4.0,4.124017238616943
457,144,5.0,4.651381015777588
770,328,3.0,4.617947101593018
358,221,5.0,3.598965644836426
399,420,3.0,2.989373207092285
301,431,4.0,3.791170120239258
524,77,3.0,3.3692007064819336
359,472,4.0,3.4798777103424072
583,286,4.0,4.250221252441406
665,1315,4.0,3.4257638454437256
94,34,1.0,3.0645720958709717
570,301,3.0,2.798696517944336
182,423,5.0,3.83023738861084
736,748,2.0,2.2387454509735107
339,317,4.0,4.412818431854248
815,616,1.0,3.89546275138855
707,1397,1.0,3.700395107269287
500,82,4.0,3.6626081466674805
14,100,5.0,4.396270751953125
85,751,3.0,3.3683671951293945
653,431,4.0,2.716866970062256
688,288,5.0,5.074646472930908
454,162,3.0,2.88631010055542
467,181,3.0,4.084506034851074
561,549,2.0,2.896353006362915
339,655,4.0,4.355011940002441
189,253,4.0,3.657062530517578
409,527,4.0,4.168224334716797
234,162,3.0,3.187432289123535
393,265,4.0,3.629324436187744
102,79,2.0,3.236166000366211
620,173,5.0,4.271767616271973
249,129,5.0,4.438838005065918
883,265,3.0,4.120301723480225
389,1286,5.0,3.483531951904297
590,15,3.0,3.8243587017059326
915,346,2.0,3.3132176399230957
773,109,4.0,3.0955090522766113
314,147,4.0,4.104335308074951
451,984,4.0,2.7892584800720215
94,750,4.0,4.513289928436279
551,917,3.0,3.635519027709961
345,40,3.0,2.8269758224487305
210,172,5.0,4.80595064163208
73,285,4.0,4.362748146057129
244,1012,2.0,3.7881414890289307
119,459,4.0,4.245093822479248
409,206,4.0,3.4903831481933594
213,678,4.0,3.209987163543701
269,252,1.0,1.694366693496704
222,448,3.0,3.373373031616211
58,174,4.0,4.441270351409912
150,147,4.0,4.132055282592773
279,203,2.0,3.529553174972534
312,132,5.0,4.5610880851745605
108,125,3.0,3.692478656768799
361,194,4.0,4.1652326583862305
747,596,5.0,3.653350591659546
470,93,4.0,3.608058214187622
474,469,4.0,4.1821441650390625
788,828,3.0,2.5157241821289062
328,318,5.0,4.343581199645996
89,880,5.0,3.6347544193267822
75,1151,2.0,1.932819128036499
748,326,3.0,3.2859880924224854
612,477,2.0,3.340296983718872
943,391,2.0,2.7251248359680176
655,1466,3.0,3.062725067138672
486,1302,3.0,3.841723918914795
340,50,4.0,4.721083641052246
886,1231,3.0,2.204709768295288
332,291,4.0,4.367231369018555
642,357,2.0,4.339913845062256
328,523,5.0,4.014370441436768
432,405,4.0,3.803466320037842
342,1016,1.0,3.297858238220215
561,952,3.0,2.5965986251831055
387,856,5.0,3.8288559913635254
846,1133,2.0,3.3134021759033203
69,427,3.0,4.780298709869385
561,679,3.0,2.386983871459961
533,44,4.0,3.2809953689575195
374,427,3.0,4.251415252685547
584,108,3.0,3.284074544906616
858,181,2.0,4.054544448852539
312,483,5.0,5.011305809020996
181,1346,1.0,1.3550361394882202
869,294,3.0,2.5016849040985107
766,375,2.0,2.05344557762146
92,672,3.0,2.2876291275024414
622,46,4.0,3.795651912689209
463,1284,4.0,1.8854376077651978
482,301,4.0,3.3661434650421143
45,278,3.0,3.3550965785980225
401,88,4.0,2.9357595443725586
137,546,5.0,4.138106346130371
38,940,1.0,3.606175184249878
899,597,2.0,2.5830185413360596
69,288,5.0,3.469639301300049
523,155,4.0,4.359366416931152
574,900,4.0,3.883179187774658
153,64,5.0,3.895265817642212
327,129,4.0,3.5688204765319824
393,323,2.0,3.4057605266571045
342,488,5.0,4.243250370025635
610,378,5.0,3.8343520164489746
291,95,4.0,4.49126672744751
943,685,4.0,3.4621245861053467
878,517,4.0,3.571652889251709
515,243,3.0,2.314441204071045
406,431,3.0,3.4604287147521973
246,369,3.0,1.8362503051757812
147,292,5.0,4.1056365966796875
21,15,4.0,3.918621063232422
846,76,4.0,3.758530855178833
908,434,4.0,3.487361431121826
87,2,4.0,4.055051803588867
126,990,4.0,3.563178539276123
521,147,4.0,2.833543300628662
477,739,4.0,4.6147284507751465
593,815,3.0,3.2597155570983887
747,82,4.0,4.245859622955322
465,428,3.0,3.380523204803467
56,265,4.0,4.136876106262207
437,186,3.0,3.9641988277435303
627,79,3.0,3.781325101852417
807,118,4.0,3.97255802154541
303,120,2.0,1.5535591840744019
305,15,1.0,3.402970314025879
305,382,5.0,3.256683588027954
5,80,2.0,2.414672374725342
405,446,1.0,1.5253010988235474
634,137,3.0,3.8587045669555664
425,96,4.0,3.5741686820983887
293,1286,4.0,2.9484143257141113
151,692,3.0,3.830885410308838
934,514,5.0,3.9550182819366455
471,422,5.0,3.1232714653015137
313,655,4.0,3.9803898334503174
407,68,4.0,3.430755615234375
847,602,3.0,3.1334950923919678
662,319,3.0,3.683107852935791
173,984,4.0,3.5593628883361816
269,448,2.0,2.931516647338867
416,111,4.0,4.19342565536499
218,789,3.0,3.4072794914245605
264,1069,5.0,4.204166889190674
268,790,2.0,2.254375696182251
303,423,4.0,4.210457801818848
529,301,4.0,3.6158154010772705
373,559,3.0,3.5040626525878906
311,520,5.0,4.282799243927002
393,196,4.0,3.585803508758545
387,972,2.0,3.447017192840576
633,226,4.0,3.3373286724090576
447,866,2.0,3.311220169067383
506,271,4.0,3.3731331825256348
485,301,2.0,2.913449764251709
782,270,4.0,3.1235058307647705
322,196,4.0,4.237000465393066
145,823,3.0,3.132002353668213
846,967,3.0,3.540313243865967
881,511,5.0,4.212316513061523
146,311,4.0,4.111319541931152
869,310,4.0,3.0468673706054688
244,193,4.0,4.0841064453125
315,230,4.0,3.6282715797424316
749,233,5.0,3.5470852851867676
788,679,2.0,3.0593950748443604
758,676,2.0,3.771326780319214
527,129,2.0,3.832702159881592
619,226,5.0,3.3357293605804443
932,211,5.0,4.365667819976807
534,595,4.0,4.0500311851501465
293,367,2.0,3.1993565559387207
539,357,4.0,4.554231643676758
279,22,1.0,3.988154888153076
256,233,4.0,4.250509262084961
625,705,3.0,3.628746509552002
371,746,4.0,4.013542652130127
222,441,2.0,2.4531617164611816
852,289,2.0,3.586134433746338
301,81,3.0,3.7212259769439697
63,748,4.0,2.671351909637451
354,321,2.0,3.196946144104004
343,303,4.0,4.236060619354248
580,1014,3.0,3.4754977226257324
694,203,4.0,4.151719570159912
361,430,5.0,4.065182685852051
297,690,5.0,3.2918038368225098
328,744,4.0,3.4136109352111816
896,836,3.0,3.109673023223877
805,470,5.0,3.4633655548095703
807,398,3.0,3.6005606651306152
274,924,3.0,3.89422869682312
854,249,3.0,2.699547052383423
256,100,4.0,4.524873733520508
500,1048,3.0,2.876248836517334
16,125,3.0,4.041909694671631
850,50,5.0,4.861961841583252
214,179,5.0,4.071722507476807
151,1041,3.0,3.1212759017944336
267,127,5.0,5.042444705963135
72,770,4.0,3.4352903366088867
107,258,4.0,3.468738555908203
297,153,5.0,3.7116951942443848
624,1289,3.0,1.9429537057876587
333,513,4.0,4.51098108291626
686,191,5.0,5.021833896636963
486,544,4.0,3.135108470916748
313,497,4.0,4.114256381988525
561,582,4.0,3.0730555057525635
270,98,5.0,4.990797519683838
497,840,3.0,2.893376350402832
825,235,3.0,3.5435309410095215
393,1285,3.0,3.3764584064483643
378,665,2.0,2.9781248569488525
378,949,3.0,3.466862440109253
118,164,5.0,4.968163967132568
387,665,2.0,2.509204864501953
234,45,4.0,3.48759126663208
151,546,2.0,2.8693056106567383
874,311,4.0,3.7997632026672363
168,151,5.0,3.8674538135528564
629,196,4.0,4.51802921295166
85,530,3.0,4.025575637817383
224,748,3.0,2.901703357696533
591,1028,3.0,2.9381206035614014
324,331,4.0,4.397952079772949
181,251,1.0,1.822942852973938
913,151,4.0,3.374229669570923
293,1057,2.0,1.3335886001586914
416,1037,2.0,1.9242992401123047
327,517,2.0,3.6314034461975098
407,729,4.0,3.357067823410034
782,313,5.0,3.7878849506378174
785,661,3.0,4.142476558685303
256,550,5.0,4.271754264831543
381,133,5.0,4.248351573944092
826,946,3.0,3.797001361846924
650,520,4.0,3.770115852355957
457,157,5.0,4.415473461151123
399,1179,2.0,2.4848337173461914
682,627,4.0,3.099644184112549
406,129,5.0,3.6969358921051025
70,82,4.0,3.762559175491333
469,654,4.0,4.726527690887451
254,384,1.0,2.6693408489227295
234,97,2.0,3.1783835887908936
416,763,5.0,4.000866889953613
851,1245,4.0,3.902996063232422
373,842,3.0,3.398714303970337
839,111,4.0,3.279831886291504
43,323,3.0,3.2915875911712646
437,281,1.0,3.0300915241241455
378,405,3.0,3.3372507095336914
230,739,5.0,3.8508970737457275
671,511,3.0,4.191588878631592
648,127,3.0,4.12265682220459
625,4,4.0,3.19648814201355
566,78,1.0,2.1415352821350098
389,686,3.0,3.922544002532959
416,452,3.0,3.348217725753784
612,476,3.0,3.2394800186157227
911,483,3.0,4.568476676940918
269,133,3.0,3.536534547805786
276,765,3.0,2.6594417095184326
273,313,3.0,4.621054649353027
640,302,5.0,4.834845066070557
519,1617,5.0,3.594111204147339
217,1222,1.0,2.7270662784576416
403,258,4.0,4.055454730987549
8,341,2.0,3.8470940589904785
234,1121,5.0,3.2529149055480957
707,747,3.0,3.2545857429504395
663,658,4.0,3.5832865238189697
712,168,2.0,4.123025894165039
453,797,1.0,2.7334303855895996
378,629,5.0,3.3382105827331543
712,4,4.0,3.8274760246276855
177,98,5.0,4.33282470703125
91,750,5.0,4.0845112800598145
763,230,3.0,3.5517969131469727
454,140,3.0,2.7122092247009277
666,603,4.0,4.345478057861328
346,549,4.0,3.3764710426330566
266,325,1.0,1.827219009399414
44,294,4.0,3.2605013847351074
345,71,3.0,3.907813787460327
392,249,1.0,3.523322343826294
378,977,3.0,2.448622941970825
622,284,1.0,3.1843180656433105
71,89,5.0,4.313003063201904
468,257,4.0,4.210445880889893
660,432,4.0,2.945157051086426
775,329,3.0,3.447627544403076
39,269,4.0,3.971795082092285
889,72,3.0,3.2059273719787598
201,288,4.0,2.9172279834747314
684,408,5.0,4.448573112487793
824,245,2.0,2.999837875366211
455,269,4.0,4.037239074707031
95,568,4.0,3.5677945613861084
901,142,4.0,3.752105474472046
85,495,3.0,3.57131290435791
539,131,4.0,4.1091814041137695
379,284,4.0,3.435335874557495
857,348,1.0,3.5592799186706543
894,536,5.0,3.7813897132873535
330,73,5.0,4.679075717926025
927,928,4.0,3.8438146114349365
870,528,4.0,4.1392998695373535
230,633,4.0,4.113212585449219
592,815,3.0,2.805021047592163
406,1008,4.0,3.480043411254883
889,427,4.0,4.152138710021973
655,1012,3.0,2.9158334732055664
363,555,1.0,1.4440810680389404
291,82,4.0,4.471985340118408
864,317,4.0,4.406013488769531
89,197,5.0,4.368721961975098
279,176,3.0,3.688832998275757
201,587,4.0,3.1557092666625977
457,744,3.0,4.212826728820801
95,862,1.0,1.817993402481079
42,736,5.0,4.067890167236328
486,766,4.0,3.3723320960998535
875,511,5.0,4.571147441864014
701,292,4.0,4.086629390716553
593,1016,4.0,3.750549793243408
1,122,3.0,1.9119250774383545
788,12,5.0,4.322666645050049
339,640,5.0,3.535893678665161
883,513,5.0,4.640498638153076
823,419,4.0,4.394698619842529
222,476,3.0,2.6630771160125732
653,154,3.0,3.0867371559143066
786,528,5.0,4.452853679656982
588,155,5.0,3.6436567306518555
13,1,3.0,3.8147034645080566
77,1,5.0,3.6835601329803467
130,876,4.0,3.543043613433838
279,1244,3.0,3.3818609714508057
181,846,3.0,1.3780455589294434
320,89,4.0,4.521836757659912
699,211,1.0,3.4537265300750732
361,466,4.0,3.603266716003418
229,312,3.0,2.712780237197876
14,474,4.0,4.5903801918029785
713,690,1.0,2.775757312774658
292,298,4.0,4.3605804443359375
1,120,1.0,1.578214406967163
312,654,5.0,4.587707996368408
484,14,4.0,4.4971137046813965
344,716,3.0,3.1027581691741943
806,675,3.0,3.7464799880981445
625,97,4.0,3.411268472671509
183,331,3.0,3.170499563217163
758,496,3.0,4.520164966583252
299,538,3.0,3.3365750312805176
356,347,4.0,3.5947751998901367
465,481,4.0,3.4158101081848145
163,286,3.0,3.3317785263061523
144,318,5.0,4.4203972816467285
711,162,5.0,4.093131065368652
42,491,3.0,4.007263660430908
95,405,3.0,3.227686882019043
158,4,4.0,3.7997231483459473
381,493,4.0,4.6219096183776855
429,216,4.0,3.947559118270874
428,242,4.0,4.413511753082275
144,248,4.0,3.649060010910034
678,111,4.0,3.343778133392334
102,230,2.0,2.586481809616089
436,869,4.0,3.587184190750122
705,597,4.0,3.7829771041870117
934,648,3.0,4.146875858306885
458,517,4.0,3.9785149097442627
346,226,3.0,3.173705577850342
457,470,5.0,4.330610752105713
830,288,1.0,3.5058090686798096
249,56,5.0,4.707987308502197
774,52,3.0,2.335409641265869
655,914,3.0,2.3851823806762695
889,182,4.0,3.950272798538208
157,235,5.0,3.419940710067749
293,628,3.0,3.1697559356689453
497,395,4.0,2.442634344100952
682,318,4.0,4.290103912353516
870,713,4.0,3.5838663578033447
221,1067,3.0,3.70562481880188
15,546,2.0,2.147719621658325
209,16,4.0,2.9533772468566895
435,67,4.0,2.8155665397644043
772,678,4.0,3.3685293197631836
299,25,3.0,3.3051018714904785
448,305,4.0,3.5517382621765137
643,655,4.0,4.0884809494018555
234,765,3.0,2.0198140144348145
666,651,5.0,4.187380313873291
276,63,3.0,2.8047704696655273
122,553,3.0,3.9292259216308594
328,12,5.0,4.349485397338867
1,224,5.0,4.2530975341796875
738,177,4.0,3.8241946697235107
930,113,5.0,3.5338590145111084
875,64,5.0,4.872763633728027
380,518,3.0,3.271409273147583
406,24,3.0,3.3377766609191895
81,269,3.0,4.014232635498047
863,1024,3.0,3.9388654232025146
115,496,1.0,4.391674518585205
537,661,4.0,3.572763442993164
92,576,2.0,2.83504581451416
642,15,5.0,3.9712753295898438
207,1170,2.0,3.012598752975464
868,1509,1.0,1.3398430347442627
305,1,5.0,3.5765647888183594
577,208,4.0,4.063448429107666
798,394,4.0,3.5223660469055176
701,311,5.0,4.328903675079346
537,681,1.0,0.9963493347167969
435,1039,4.0,4.033193588256836
669,271,2.0,2.4568941593170166
450,234,3.0,4.1731367111206055
382,475,3.0,3.4315614700317383
749,423,4.0,4.125618934631348
405,877,1.0,1.4954278469085693
890,152,4.0,3.7925126552581787
305,1485,3.0,3.935967206954956
495,770,3.0,3.9196648597717285
87,216,5.0,4.267478942871094
10,708,4.0,4.1106977462768555
405,1229,1.0,1.2776844501495361
82,1001,1.0,1.2739461660385132
457,147,5.0,3.996453285217285
635,13,2.0,3.504014492034912
42,185,4.0,4.254563331604004
727,550,4.0,3.1782031059265137
795,173,4.0,3.8346166610717773
189,847,4.0,4.156597137451172
301,186,4.0,3.9735894203186035
291,249,4.0,3.9058332443237305
641,124,4.0,4.47096586227417
878,152,4.0,3.3117260932922363
385,378,1.0,3.2794623374938965
788,227,3.0,3.1927993297576904
913,25,3.0,3.0654778480529785
542,959,3.0,3.5521888732910156
450,742,4.0,4.162141799926758
930,257,4.0,3.1609742641448975
716,143,5.0,3.8753292560577393
57,831,1.0,2.533173084259033
829,268,4.0,3.7674241065979004
899,474,3.0,4.308478355407715
234,832,2.0,1.3718185424804688
679,42,4.0,3.852773427963257
515,690,2.0,3.039426326751709
303,535,1.0,2.9975383281707764
796,1037,2.0,2.1561226844787598
591,466,3.0,3.7027533054351807
870,789,4.0,3.492706775665283
792,405,3.0,3.263437271118164
913,474,5.0,4.126501560211182
437,730,3.0,3.682751178741455
705,588,3.0,4.085861682891846
236,420,4.0,3.401333808898926
290,739,3.0,3.3317368030548096
343,931,3.0,1.7216864824295044
421,175,2.0,3.747769355773926
170,984,5.0,3.761934757232666
429,73,3.0,3.4060068130493164
547,289,3.0,3.2591745853424072
682,834,3.0,2.3131542205810547
501,591,4.0,3.990964651107788
758,109,3.0,3.814545154571533
892,500,5.0,4.2938408851623535
892,121,4.0,3.642219066619873
416,942,4.0,4.231076240539551
246,426,3.0,2.710050344467163
450,79,4.0,4.470205783843994
719,121,1.0,2.4547982215881348
405,670,1.0,1.5700548887252808
90,52,5.0,4.423433780670166
367,234,4.0,4.570979118347168
270,148,4.0,4.52301549911499
287,591,5.0,4.196931838989258
325,191,3.0,4.088348388671875
405,181,5.0,2.3119494915008545
708,763,4.0,3.3848166465759277
381,483,5.0,4.892277240753174
922,579,3.0,3.0007238388061523
734,191,4.0,4.120769023895264
82,235,1.0,2.403878927230835
330,63,3.0,4.461145877838135
144,655,5.0,3.902217388153076
543,410,3.0,3.1796069145202637
230,570,4.0,3.6268038749694824
838,300,2.0,4.186769008636475
62,815,3.0,2.2609288692474365
798,560,3.0,3.240571975708008
504,503,4.0,3.6911399364471436
661,86,4.0,4.228211402893066
416,631,3.0,4.340118885040283
804,1060,3.0,3.5008411407470703
26,302,5.0,3.953148365020752
291,1109,4.0,4.09334135055542
458,513,4.0,4.5363335609436035
406,747,2.0,3.291518449783325
174,1313,4.0,3.316854953765869
749,273,4.0,3.7395477294921875
40,754,4.0,2.6691837310791016
421,709,4.0,3.9846677780151367
409,937,2.0,3.4037389755249023
429,1079,2.0,1.8093578815460205
399,400,3.0,2.7222676277160645
64,135,4.0,4.0958476066589355
788,1183,2.0,2.6956653594970703
751,1140,2.0,2.1904759407043457
872,1284,3.0,3.4395394325256348
417,29,2.0,3.0275933742523193
91,612,4.0,4.077328205108643
745,168,3.0,3.221367835998535
831,354,4.0,3.293657064437866
334,286,4.0,3.735877275466919
545,732,4.0,3.6028473377227783
940,98,4.0,4.112312316894531
468,1134,5.0,3.6595797538757324
588,72,4.0,3.7695491313934326
251,978,2.0,2.3184566497802734
227,124,4.0,4.41677713394165
751,436,4.0,3.7024126052856445
830,732,5.0,3.8444061279296875
660,230,3.0,2.558579921722412
144,454,3.0,3.056213617324829
431,327,3.0,3.6984431743621826
709,1059,5.0,3.0180954933166504
243,28,4.0,3.895860433578491
216,652,4.0,4.362323760986328
655,435,2.0,3.184260368347168
938,106,5.0,3.168628692626953
943,12,5.0,4.548006057739258
18,517,2.0,4.028780937194824
318,307,3.0,3.825263738632202
372,1090,5.0,3.8743295669555664
30,2,3.0,3.6928935050964355
54,1088,3.0,2.519371747970581
181,273,1.0,1.3812278509140015
543,86,4.0,3.857332706451416
195,413,3.0,2.2240352630615234
326,153,4.0,3.3511815071105957
519,991,2.0,3.8477108478546143
858,289,3.0,3.1943817138671875
567,23,4.0,4.3910698890686035
499,176,4.0,4.007665634155273
234,389,3.0,2.605574607849121
697,833,3.0,3.827960968017578
385,98,4.0,3.903376579284668
263,50,5.0,4.868480682373047
606,79,3.0,4.467713832855225
160,1019,5.0,4.302002906799316
785,496,4.0,4.093090534210205
472,227,5.0,4.286769866943359
72,180,4.0,4.050253868103027
828,510,3.0,3.526306629180908
189,313,2.0,4.735949993133545
447,231,2.0,2.9062132835388184
846,601,5.0,4.267385482788086
276,14,4.0,4.481368541717529
234,842,4.0,2.3319590091705322
56,588,4.0,4.06043004989624
681,304,3.0,3.5519282817840576
276,382,4.0,3.927459716796875
479,238,4.0,3.973742723464966
704,679,2.0,2.6772303581237793
500,763,3.0,3.141706943511963
391,604,4.0,4.1982879638671875
654,418,4.0,3.6454100608825684
199,678,1.0,1.4786126613616943
615,519,5.0,4.509966850280762
73,480,4.0,4.329588413238525
543,23,4.0,4.147287845611572
495,1182,3.0,2.80802583694458
649,254,4.0,2.565293312072754
577,655,4.0,4.047718048095703
433,174,5.0,4.475191593170166
710,510,4.0,3.981999397277832
605,325,2.0,2.675072193145752
927,228,5.0,4.141025066375732
686,98,5.0,5.075133323669434
267,169,5.0,5.201479434967041
727,257,2.0,3.715364933013916
630,25,2.0,3.4125051498413086
632,475,3.0,4.067145824432373
917,100,4.0,4.262297630310059
573,479,4.0,4.081830978393555
693,222,2.0,3.043063163757324
75,114,4.0,4.7832865715026855
73,269,4.0,4.092621803283691
5,380,3.0,2.9752073287963867
222,678,3.0,2.162107467651367
635,301,3.0,3.278546094894409
280,324,5.0,3.386507987976074
741,582,3.0,3.7654173374176025
303,56,5.0,4.710778713226318
650,98,4.0,3.90596342086792
188,69,4.0,4.005751132965088
816,1025,4.0,3.688459873199463
296,22,4.0,4.9842047691345215
518,118,5.0,3.6252334117889404
621,40,3.0,3.426003932952881
435,55,5.0,3.72607684135437
160,50,4.0,4.77406644821167
753,427,5.0,3.963913917541504
404,343,1.0,3.413588285446167
560,13,3.0,3.368452787399292
472,250,5.0,4.218890190124512
181,117,2.0,1.377339243888855
592,323,1.0,2.45589542388916
892,649,5.0,3.9912657737731934
798,1239,4.0,3.220586061477661
49,418,3.0,2.8300204277038574
293,589,4.0,4.0404744148254395
833,515,3.0,3.990572929382324
530,98,4.0,4.409155368804932
779,275,4.0,3.9782419204711914
881,473,2.0,3.1355109214782715
707,1176,2.0,3.6401638984680176
95,650,4.0,3.586853265762329
642,186,5.0,3.984306812286377
724,272,5.0,3.4154293537139893
303,79,5.0,4.650939464569092
334,23,4.0,4.246450424194336
466,127,3.0,4.312572002410889
478,124,4.0,4.092672824859619
458,58,5.0,3.7373008728027344
348,477,3.0,4.005594730377197
825,174,5.0,4.276500225067139
588,268,5.0,3.919693946838379
82,640,3.0,2.868213176727295
148,89,5.0,4.400668621063232
316,283,5.0,3.278547763824463
305,631,3.0,3.371060371398926
18,65,5.0,3.6760940551757812
397,210,4.0,4.2370076179504395
537,81,3.0,2.9673843383789062
348,368,3.0,2.8911633491516113
642,1503,2.0,3.553682565689087
503,488,5.0,4.683732509613037
482,249,2.0,3.46671199798584
536,73,4.0,3.966489791870117
4,361,5.0,4.5877556800842285
18,317,5.0,4.1170878410339355
673,898,3.0,3.4902162551879883
402,135,4.0,4.496633052825928
829,213,4.0,4.083914756774902
308,5,4.0,3.6554620265960693
628,294,4.0,4.55642032623291
254,1469,3.0,2.6657485961914062
526,544,1.0,3.013216018676758
13,843,5.0,3.073246479034424
468,124,5.0,4.631684303283691
70,423,5.0,3.8166310787200928
405,1530,1.0,1.300781488418579
267,81,4.0,4.434381008148193
903,100,5.0,4.32706356048584
617,604,2.0,3.182535409927368
451,938,4.0,2.718599319458008
454,15,2.0,2.920546531677246
152,1054,1.0,3.5652716159820557
699,298,4.0,3.2784242630004883
233,143,4.0,4.394730567932129
380,1116,4.0,2.7737584114074707
269,211,4.0,3.6304526329040527
92,56,5.0,4.186473846435547
95,420,4.0,3.6732633113861084
630,118,4.0,3.477748394012451
899,428,4.0,3.881251096725464
454,385,3.0,2.911241292953491
116,11,5.0,3.3845784664154053
406,174,4.0,4.107198715209961
445,628,1.0,2.0269370079040527
279,843,4.0,3.2130126953125
313,768,3.0,2.818614959716797
801,313,5.0,5.297593116760254
8,243,2.0,2.217264175415039
405,1522,1.0,1.3193397521972656
243,125,3.0,3.7009899616241455
910,252,2.0,1.9855107069015503
603,229,4.0,3.5613887310028076
378,126,4.0,3.903590679168701
130,546,4.0,4.006457805633545
234,286,3.0,3.24202823638916
235,1149,4.0,4.226714134216309
867,657,5.0,4.835776329040527
478,393,4.0,2.976746082305908
280,1313,5.0,3.669145107269287
370,199,4.0,4.141481876373291
70,186,4.0,3.942537546157837
426,199,5.0,4.270966053009033
528,402,4.0,3.4393041133880615
932,47,4.0,3.916045904159546
87,491,5.0,4.182405948638916
506,231,3.0,2.8708438873291016
201,209,3.0,3.548128604888916
851,31,4.0,4.054791450500488
348,472,4.0,4.030855178833008
211,9,3.0,3.1583540439605713
569,756,3.0,2.2914278507232666
546,860,4.0,3.566667318344116
256,1042,5.0,4.203661918640137
334,28,3.0,3.8901052474975586
663,895,4.0,3.2994747161865234
399,180,3.0,3.3871898651123047
460,294,2.0,3.0423662662506104
896,19,2.0,3.711939811706543
451,286,1.0,3.1581244468688965
64,188,4.0,3.7797603607177734
299,52,4.0,3.77571964263916
405,423,5.0,2.0788156986236572
469,173,4.0,4.791484355926514
655,786,2.0,2.584412097930908
297,218,3.0,3.301837682723999
701,344,3.0,4.413947105407715
724,682,1.0,2.0533058643341064
435,578,5.0,3.0530128479003906
59,611,3.0,4.667758464813232
198,385,3.0,3.1110944747924805
458,288,3.0,3.3899216651916504
684,265,4.0,3.9085984230041504
867,1159,5.0,4.065883159637451
487,1244,2.0,3.0000503063201904
875,334,4.0,3.7273776531219482
885,451,2.0,3.106576919555664
450,1521,3.0,3.652390956878662
885,428,4.0,3.681684970855713
618,763,2.0,2.8126161098480225
304,742,3.0,3.619969367980957
903,4,4.0,3.7604362964630127
709,568,4.0,3.772190809249878
798,1249,4.0,3.331549644470215
747,1456,3.0,4.67789888381958
291,238,5.0,4.586884021759033
671,405,3.0,3.6021111011505127
886,265,4.0,3.920825481414795
405,1562,1.0,1.4862518310546875
807,422,4.0,3.601494312286377
328,606,3.0,3.9606423377990723
790,4,3.0,3.437661647796631
796,880,3.0,3.3311307430267334
308,201,5.0,3.5736377239227295
291,1067,4.0,4.449846267700195
422,760,3.0,2.613743782043457
776,219,3.0,3.3083362579345703
453,693,5.0,3.7622342109680176
459,358,2.0,3.114213466644287
59,403,5.0,3.8660101890563965
189,28,4.0,4.263998985290527
833,508,5.0,3.320457935333252
479,1244,3.0,2.4264020919799805
234,746,2.0,3.122480630874634
308,241,4.0,3.7617197036743164
62,24,4.0,3.3017265796661377
92,368,1.0,1.521759271621704
563,301,4.0,3.7332687377929688
638,472,3.0,2.6605606079101562
916,212,5.0,3.251814365386963
396,471,4.0,3.7770791053771973
193,693,4.0,3.61663818359375
76,24,2.0,3.410515785217285
865,676,2.0,2.498612880706787
352,431,2.0,3.5845251083374023
887,65,5.0,3.9699580669403076
293,588,3.0,3.60233736038208
337,121,5.0,3.562103748321533
805,708,3.0,3.361544609069824
618,1048,3.0,2.6588852405548096
60,97,3.0,4.076274871826172
346,241,4.0,3.5155961513519287
659,675,4.0,3.710122585296631
846,780,4.0,3.2513246536254883
753,504,3.0,3.6358165740966797
1,72,4.0,2.991772174835205
392,286,2.0,4.198729991912842
148,189,4.0,4.330935955047607
166,315,3.0,4.197075366973877
814,17,3.0,2.8358988761901855
801,890,2.0,3.121803045272827
807,186,4.0,4.030515193939209
689,358,4.0,3.0065202713012695
787,307,4.0,3.484785795211792
295,105,4.0,3.410346508026123
193,127,5.0,4.232587814331055
163,97,4.0,3.3220934867858887
916,559,3.0,2.8653016090393066
10,484,5.0,4.640544414520264
610,70,4.0,3.7530102729797363
222,216,4.0,3.9693245887756348
633,322,3.0,3.3383030891418457
872,273,3.0,3.5320968627929688
524,216,5.0,3.7770731449127197
539,481,4.0,4.135608673095703
288,190,1.0,4.4489665031433105
532,135,3.0,4.831145286560059
145,591,4.0,3.8487954139709473
921,1287,1.0,2.0067083835601807
161,1117,3.0,1.8861165046691895
758,616,4.0,4.0033278465271
389,518,4.0,4.166797161102295
85,203,5.0,3.687089443206787
321,507,3.0,3.739699363708496
181,1252,1.0,1.418331265449524
49,557,3.0,2.6991443634033203
763,47,3.0,3.7836716175079346
380,483,4.0,4.060379505157471
514,228,5.0,3.98594069480896
556,988,1.0,1.5828611850738525
665,105,2.0,2.9656221866607666
847,174,4.0,3.8207383155822754
487,462,2.0,4.252250671386719
291,581,5.0,4.006630897521973
620,755,5.0,3.975890636444092
674,304,3.0,3.7845094203948975
754,359,3.0,3.35250186920166
194,50,3.0,4.022972583770752
381,526,4.0,4.249449253082275
347,356,5.0,3.4634792804718018
454,879,4.0,2.733668327331543
825,984,5.0,3.599355697631836
223,309,4.0,2.6187119483947754
450,381,2.0,4.046714782714844
535,300,3.0,3.869091033935547
782,1379,3.0,3.000899314880371
711,248,5.0,4.003180503845215
165,202,4.0,3.9549403190612793
293,1421,2.0,2.7738287448883057
532,815,4.0,4.064711093902588
299,378,3.0,3.671990394592285
682,742,3.0,3.342222213745117
83,993,2.0,3.7536203861236572
681,898,4.0,3.5169601440429688
592,15,5.0,4.271189212799072
535,121,4.0,3.7932469844818115
204,1,2.0,3.7870821952819824
381,724,3.0,3.928936004638672
618,135,4.0,3.7463817596435547
643,845,3.0,3.4960598945617676
488,678,2.0,2.4415321350097656
452,52,3.0,3.6688973903656006
240,349,1.0,3.110529899597168
732,286,5.0,4.027061462402344
468,955,4.0,3.866861581802368
656,316,3.0,3.3182291984558105
313,98,4.0,4.405514240264893
262,44,2.0,3.1530110836029053
216,405,3.0,3.321178913116455
305,1286,5.0,2.940074920654297
901,259,2.0,3.4956748485565186
6,459,2.0,3.6512084007263184
259,117,4.0,4.123675346374512
92,674,4.0,3.026472568511963
271,705,4.0,4.050415515899658
442,239,3.0,3.230618953704834
223,477,3.0,3.135288715362549
6,405,1.0,2.736083984375
922,77,4.0,3.4068868160247803
269,64,4.0,4.340686321258545
347,392,2.0,3.6562228202819824
882,180,4.0,4.759866714477539
450,92,4.0,4.04545259475708
659,186,3.0,4.003690719604492
629,504,4.0,4.55153751373291
519,908,5.0,3.9261701107025146
308,419,4.0,3.8088581562042236
409,170,4.0,4.165520668029785
356,315,4.0,4.163194179534912
239,195,5.0,4.371042251586914
919,270,4.0,3.645118474960327
293,732,3.0,3.4301395416259766
343,83,4.0,4.664404392242432
648,168,5.0,3.9078714847564697
450,608,4.0,4.314128875732422
847,756,1.0,2.003154993057251
21,291,3.0,3.1059670448303223
880,12,5.0,4.7309489250183105
234,136,4.0,3.8085031509399414
405,168,1.0,2.4388985633850098
402,471,4.0,3.762561559677124
500,10,3.0,3.8809962272644043
694,632,4.0,4.232436180114746
202,179,1.0,3.088811159133911
405,171,1.0,2.2951972484588623
735,100,2.0,3.8568649291992188
595,273,3.0,3.643237352371216
660,281,3.0,2.118302822113037
933,219,1.0,2.7499701976776123
422,181,4.0,4.199066638946533
829,124,4.0,4.157044410705566
862,515,4.0,4.784726619720459
59,1050,2.0,4.051094055175781
889,223,4.0,4.011439800262451
7,357,5.0,4.7545485496521
1,183,5.0,4.5524983406066895
716,197,5.0,4.361471176147461
150,288,4.0,3.9396746158599854
551,230,5.0,3.8241026401519775
60,8,3.0,4.328993320465088
382,717,3.0,2.937748908996582
594,15,4.0,3.3146233558654785
279,96,4.0,3.773123025894165
184,478,4.0,4.172546863555908
554,238,3.0,3.9050028324127197
523,210,5.0,4.809361934661865
234,285,4.0,3.8332462310791016
592,70,4.0,4.274894714355469
815,655,3.0,4.1787943840026855
567,194,3.0,4.228201389312744
393,363,3.0,3.332197427749634
705,1544,4.0,3.630316734313965
790,213,3.0,4.003371238708496
276,325,3.0,2.5826244354248047
117,588,3.0,4.406575679779053
375,233,4.0,3.570225238800049
43,336,4.0,3.1060338020324707
153,22,2.0,3.660665273666382
869,126,2.0,3.3282718658447266
401,477,1.0,2.685030460357666
266,289,3.0,2.1762163639068604
235,135,4.0,4.201274871826172
585,1347,2.0,3.641146183013916
724,327,4.0,2.330953359603882
287,168,5.0,4.610311985015869
366,436,5.0,4.56173849105835
70,398,2.0,2.288119316101074
231,151,1.0,3.8227744102478027
293,303,4.0,3.539905548095703
756,919,5.0,3.520636558532715
271,44,4.0,3.3401103019714355
711,380,3.0,3.473932981491089
75,427,4.0,4.738031387329102
793,458,3.0,3.410104751586914
595,676,2.0,3.493621587753296
747,1067,2.0,4.279952526092529
587,353,2.0,2.0544371604919434
766,194,3.0,3.7281272411346436
746,566,4.0,3.6125662326812744
373,210,5.0,4.055766582489014
435,1028,2.0,2.8434386253356934
682,87,5.0,3.8313965797424316
181,264,2.0,1.4746607542037964
682,1225,4.0,2.559131622314453
87,21,3.0,3.580479145050049
354,387,4.0,3.471938371658325
12,318,5.0,4.835660457611084
308,428,5.0,3.897845506668091
885,213,3.0,3.8976926803588867
201,150,4.0,3.379079580307007
354,25,2.0,3.4655470848083496
389,208,5.0,4.275307655334473
751,419,4.0,3.806886672973633
751,739,3.0,3.1672263145446777
927,1415,4.0,2.8009214401245117
765,15,2.0,4.198363304138184
83,71,3.0,4.079836368560791
193,82,2.0,3.70340633392334
619,181,4.0,3.957807779312134
332,1315,2.0,4.455927848815918
307,483,5.0,4.751353740692139
663,588,4.0,3.9581472873687744
339,9,5.0,4.253721714019775
184,568,2.0,3.621145248413086
483,257,2.0,3.3459396362304688
254,418,3.0,3.182055711746216
142,362,3.0,2.6969738006591797
839,7,2.0,3.623351573944092
537,705,3.0,3.2776365280151367
293,22,3.0,4.231792449951172
584,423,4.0,3.780266284942627
393,477,3.0,3.2955942153930664
488,493,3.0,3.88848876953125
406,652,2.0,3.764634847640991
95,742,4.0,3.396977663040161
773,29,2.0,2.098613739013672
435,4,4.0,3.5613934993743896
397,95,4.0,4.029993057250977
892,480,4.0,4.789588928222656
804,39,2.0,3.6035966873168945
661,427,4.0,4.559009552001953
385,961,4.0,3.307595729827881
588,73,3.0,3.8272995948791504
145,1215,2.0,1.9710466861724854
933,193,4.0,3.5394248962402344
40,333,4.0,2.8570237159729004
125,153,2.0,3.966400146484375
704,289,3.0,2.3259098529815674
334,500,3.0,3.751077175140381
10,505,4.0,4.445578098297119
450,619,3.0,3.9458277225494385
285,198,5.0,4.047074317932129
661,209,4.0,4.285373687744141
440,57,5.0,4.741916179656982
380,480,4.0,3.751291513442993
661,170,4.0,4.41808557510376
774,554,1.0,1.549544095993042
870,802,3.0,2.384392499923706
697,129,5.0,4.423341274261475
13,413,1.0,1.893195390701294
618,151,3.0,3.3781256675720215
864,794,3.0,4.089799880981445
4,288,4.0,4.514440059661865
757,399,3.0,3.151423931121826
109,122,2.0,2.963416814804077
312,97,5.0,4.235256671905518
921,932,3.0,2.9468393325805664
532,125,5.0,4.631448268890381
239,96,5.0,4.4478440284729
795,72,3.0,2.912067174911499
94,1032,2.0,2.7219200134277344
431,286,4.0,3.7590601444244385
59,111,4.0,3.929074764251709
344,235,3.0,2.677703380584717
499,295,2.0,3.5124030113220215
416,972,4.0,4.148731708526611
222,198,4.0,4.082182884216309
423,898,4.0,2.9841537475585938
152,25,3.0,4.515621185302734
59,429,4.0,4.443907260894775
405,525,1.0,2.5053253173828125
387,222,4.0,3.429755687713623
286,85,5.0,3.63808012008667
642,133,5.0,3.97751522064209
910,125,3.0,2.8558006286621094
807,748,4.0,3.8496246337890625
293,222,3.0,3.2355756759643555
445,1378,2.0,1.390568494796753
334,527,3.0,4.122009754180908
276,1081,3.0,3.8815970420837402
296,652,4.0,4.588139057159424
795,771,3.0,2.4074935913085938
661,756,3.0,2.348759174346924
632,100,3.0,4.255810260772705
682,1220,4.0,3.307905435562134
152,284,5.0,4.349359035491943
736,254,1.0,1.2470039129257202
484,315,3.0,4.617556095123291
73,59,5.0,4.1117939949035645
393,684,4.0,3.529974937438965
397,498,4.0,4.822713375091553
601,21,3.0,1.70693039894104
887,279,5.0,3.90411639213562
195,651,5.0,4.3161420822143555
250,340,4.0,3.956794500350952
835,237,4.0,4.284573554992676
340,15,5.0,4.2316179275512695
530,357,5.0,4.385777473449707
707,221,4.0,3.662165403366089
918,133,1.0,3.4800686836242676
85,194,4.0,3.9518980979919434
503,97,4.0,4.101202487945557
848,739,5.0,3.7150826454162598
847,109,5.0,2.929943084716797
286,237,2.0,4.064883708953857
244,815,4.0,3.4968271255493164
325,176,3.0,3.777747631072998
180,235,4.0,3.157113552093506
848,755,5.0,3.843202829360962
889,575,3.0,2.409590721130371
416,1262,5.0,4.219752788543701
301,227,3.0,3.567528247833252
648,208,5.0,3.7737770080566406
843,298,2.0,2.737410545349121
58,1069,2.0,3.6236796379089355
758,1019,4.0,4.318081855773926
644,328,4.0,4.278181552886963
650,494,3.0,3.6340091228485107
26,100,5.0,3.8486948013305664
610,195,3.0,4.082921981811523
60,502,4.0,4.125669956207275
316,100,4.0,3.5552127361297607
299,235,1.0,2.745199680328369
59,588,2.0,4.290116310119629
409,680,1.0,1.6664403676986694
255,879,3.0,2.526008129119873
293,29,1.0,1.69392728805542
551,979,4.0,3.759150505065918
500,729,4.0,3.3054420948028564
756,421,4.0,3.2947638034820557
660,95,2.0,2.922595977783203
151,482,4.0,4.5395636558532715
757,658,2.0,3.4311726093292236
204,242,5.0,4.038968563079834
868,89,4.0,3.843153238296509
233,47,5.0,4.224844455718994
253,79,5.0,4.317676067352295
49,313,3.0,3.870351791381836
672,1023,2.0,2.537881374359131
566,386,1.0,2.5104777812957764
26,405,2.0,2.854207754135132
125,258,5.0,3.92832088470459
151,238,5.0,4.331099987030029
425,670,3.0,2.8780221939086914
327,288,4.0,3.0766005516052246
894,275,4.0,4.023046016693115
698,427,1.0,3.416862726211548
60,661,4.0,4.533262729644775
786,179,4.0,4.1814494132995605
12,300,4.0,4.327324390411377
775,286,4.0,3.6287403106689453
293,51,3.0,3.2470672130584717
429,162,4.0,3.7164382934570312
437,218,2.0,3.4871926307678223
398,603,4.0,4.404012203216553
742,284,3.0,2.9915032386779785
503,174,5.0,4.678960800170898
181,275,3.0,1.563886046409607
479,472,1.0,2.4870944023132324
89,26,3.0,3.8756349086761475
870,100,4.0,4.005012512207031
864,12,5.0,4.872291088104248
821,707,5.0,4.631763935089111
407,147,4.0,3.2268662452697754
298,153,3.0,4.048702716827393
221,1210,3.0,3.34740948677063
506,380,4.0,3.473198890686035
593,40,1.0,3.188823938369751
243,13,4.0,3.496218681335449
104,124,2.0,3.6166610717773438
188,164,4.0,3.869612216949463
755,301,3.0,3.1684422492980957
561,651,3.0,3.7171010971069336
752,302,5.0,3.909621477127075
92,831,2.0,2.0432655811309814
882,25,2.0,4.0419921875
65,294,4.0,3.590404510498047
5,94,3.0,2.747136354446411
70,128,4.0,3.4605627059936523
403,472,4.0,3.30452299118042
844,241,4.0,3.5148262977600098
128,280,1.0,3.1231861114501953
92,363,3.0,2.631474018096924
45,473,3.0,3.5556464195251465
1,190,5.0,4.722346782684326
660,392,2.0,2.595484733581543
939,409,4.0,4.260180473327637
411,1475,3.0,3.4267072677612305
757,64,5.0,4.528199195861816
537,208,4.0,3.2571003437042236
13,838,1.0,2.989089250564575
268,840,2.0,2.199453115463257
608,478,3.0,4.155742645263672
523,874,4.0,4.448414325714111
411,79,4.0,4.087316989898682
804,322,5.0,3.54622483253479
47,874,3.0,3.400801658630371
758,506,3.0,4.278951168060303
658,182,5.0,3.9913763999938965
911,584,3.0,3.643845558166504
899,663,4.0,3.9247629642486572
704,661,4.0,4.2362213134765625
727,596,4.0,3.171926975250244
624,1028,3.0,3.077730178833008
699,98,4.0,3.849724054336548
30,531,5.0,4.22091007232666
686,542,1.0,3.2842845916748047
839,532,3.0,3.353935480117798
639,750,2.0,3.2175662517547607
592,619,1.0,3.4622650146484375
614,1,5.0,3.613795518875122
831,28,3.0,3.9871163368225098
570,268,3.0,3.477733612060547
435,386,4.0,2.5990562438964844
595,508,5.0,4.034536361694336
387,641,5.0,4.24791145324707
476,1118,3.0,3.50919771194458
472,796,4.0,4.1510186195373535
584,161,4.0,3.592710018157959
548,50,5.0,4.576104164123535
181,1340,1.0,1.4115850925445557
663,1067,3.0,3.860837936401367
344,124,5.0,4.547513961791992
393,123,4.0,3.2385330200195312
716,620,3.0,3.2696220874786377
195,67,2.0,2.8102681636810303
94,380,3.0,3.5394487380981445
130,24,5.0,4.233425617218018
654,431,4.0,3.6940653324127197
727,840,2.0,2.6692891120910645
328,646,3.0,4.064826488494873
739,498,4.0,4.008059024810791
606,228,5.0,4.1536335945129395
491,654,5.0,4.226469993591309
527,507,5.0,3.836945056915283
467,7,5.0,3.898906946182251
903,187,5.0,4.410871982574463
859,288,4.0,4.011115074157715
429,66,2.0,3.3058550357818604
592,408,5.0,5.298834323883057
224,949,3.0,2.994152545928955
781,302,5.0,4.465875148773193
466,550,3.0,3.1189122200012207
684,50,4.0,4.411871433258057
402,25,4.0,3.738090753555298
580,271,5.0,3.603207588195801
708,222,5.0,3.7130465507507324
59,258,3.0,4.2406110763549805
10,663,3.0,4.361549377441406
381,228,4.0,4.138950824737549
391,705,5.0,4.044196605682373
749,571,3.0,2.4136791229248047
378,173,5.0,4.198309421539307
406,238,2.0,3.731992244720459
102,5,3.0,2.4090232849121094
659,762,3.0,3.4665591716766357
707,962,2.0,3.315197229385376
370,523,3.0,3.991856098175049
921,132,3.0,3.7355098724365234
537,732,3.0,2.8785910606384277
853,264,3.0,2.8447742462158203
234,87,3.0,3.4732489585876465
303,100,5.0,4.682888984680176
672,1061,4.0,2.808535575866699
934,254,4.0,2.7425377368927
275,96,3.0,3.553431749343872
776,187,4.0,4.091158390045166
628,326,5.0,4.761256694793701
62,742,2.0,3.012320041656494
397,183,4.0,4.542088031768799
420,251,5.0,4.4140729904174805
217,403,5.0,3.1220803260803223
305,7,4.0,3.5317578315734863
911,191,5.0,4.33834981918335
846,185,5.0,4.414419651031494
152,845,3.0,4.458105564117432
588,227,3.0,3.6812744140625
311,941,4.0,3.541699171066284
230,240,1.0,3.5561699867248535
53,845,3.0,3.7139735221862793
913,613,5.0,3.7766504287719727
551,658,5.0,3.838578224182129
506,514,5.0,4.18511438369751
339,939,4.0,3.821044445037842
59,216,4.0,4.385251522064209
747,40,2.0,2.9673023223876953
54,7,4.0,4.081142425537109
286,425,2.0,4.041223526000977
900,696,2.0,1.7420135736465454
498,933,3.0,2.5301387310028076
399,450,2.0,2.8246583938598633
796,86,5.0,3.951491594314575
843,82,3.0,2.7704622745513916
545,161,4.0,3.579500913619995
721,942,4.0,3.765322685241699
144,66,4.0,3.546191692352295
509,326,4.0,2.392407178878784
293,235,3.0,2.3569884300231934
85,416,3.0,3.3643667697906494
38,406,2.0,3.5716521739959717
717,995,5.0,3.823148488998413
561,505,4.0,3.4774115085601807
786,7,5.0,4.0274457931518555
894,886,3.0,3.505021095275879
587,350,3.0,2.9746131896972656
13,21,3.0,2.122912645339966
828,313,3.0,3.9859373569488525
291,202,4.0,4.422205448150635
804,10,4.0,4.038668155670166
110,366,3.0,3.3102288246154785
125,482,1.0,4.2202935218811035
128,451,4.0,3.3662686347961426
840,202,5.0,3.9714765548706055
202,423,3.0,2.862098217010498
807,520,5.0,4.243701457977295
445,994,1.0,1.4665650129318237
416,176,4.0,4.611525058746338
406,492,4.0,3.6943798065185547
236,523,2.0,3.882199287414551
843,135,5.0,2.956526756286621
535,1045,4.0,3.648010015487671
276,184,4.0,3.686521530151367
11,180,2.0,4.094468593597412
682,991,2.0,2.306668519973755
535,521,5.0,4.024893283843994
682,722,4.0,2.7565670013427734
758,200,5.0,4.163857936859131
272,11,4.0,4.384850025177002
6,192,4.0,4.064880847930908
881,215,3.0,3.732102394104004
536,117,4.0,4.185079097747803
500,1166,4.0,3.113682270050049
122,1268,2.0,4.224127292633057
567,1019,5.0,4.092871189117432
144,410,3.0,3.3318827152252197
119,257,4.0,4.191225051879883
181,369,3.0,1.2898991107940674
262,358,3.0,2.6529808044433594
916,806,4.0,3.3481292724609375
942,435,5.0,4.444640159606934
561,735,3.0,3.1335701942443848
200,1139,3.0,3.9623894691467285
308,567,4.0,3.402114152908325
267,67,3.0,3.28743314743042
275,625,2.0,2.9476866722106934
763,22,4.0,4.476768970489502
868,498,3.0,3.9540088176727295
222,94,3.0,2.8027377128601074
831,64,5.0,4.647116661071777
551,96,5.0,4.6214375495910645
658,86,4.0,3.8624448776245117
689,258,5.0,3.990154266357422
110,651,4.0,3.8410797119140625
234,14,3.0,3.4811344146728516
823,69,5.0,4.487276554107666
181,237,5.0,1.4284002780914307
198,684,3.0,3.5246920585632324
102,447,4.0,2.7657761573791504
660,7,3.0,3.0246753692626953
921,411,2.0,2.994884490966797
445,829,1.0,1.223321795463562
498,1103,4.0,3.516937255859375
790,570,2.0,3.0371739864349365
250,993,5.0,3.9364614486694336
186,322,5.0,3.550964832305908
344,647,4.0,4.613633155822754
144,760,2.0,2.8458220958709717
346,245,4.0,3.025831699371338
94,586,1.0,2.4727139472961426
336,238,3.0,3.9650113582611084
18,863,3.0,4.17690372467041
655,98,4.0,3.583765745162964
934,614,3.0,3.827181577682495
373,1066,4.0,3.49108624458313
302,301,4.0,2.5197277069091797
541,234,5.0,4.204638957977295
862,478,4.0,4.585526943206787
320,554,4.0,3.6020283699035645
90,83,5.0,4.61670446395874
94,1217,3.0,2.703221321105957
407,250,4.0,3.3427958488464355
151,559,2.0,3.274184465408325
118,816,3.0,4.088516712188721
552,252,2.0,3.049455404281616
715,22,4.0,4.386965274810791
16,642,5.0,4.203232288360596
629,566,5.0,3.927272319793701
332,95,5.0,4.671832084655762
184,9,5.0,3.8607442378997803
387,156,5.0,3.913008213043213
727,552,2.0,2.7193355560302734
716,81,4.0,4.009681701660156
474,448,5.0,3.7781052589416504
698,498,4.0,3.416308641433716
699,596,3.0,3.0448293685913086
399,62,3.0,2.946768283843994
303,77,4.0,3.111453056335449
832,260,3.0,2.7607078552246094
425,841,1.0,2.6353185176849365
417,465,4.0,3.564438819885254
661,219,2.0,3.5213370323181152
497,169,4.0,4.209866046905518
293,239,3.0,3.1498897075653076
883,59,5.0,4.274614334106445
537,151,2.0,2.9186911582946777
711,70,5.0,4.072063446044922
642,165,4.0,4.174641132354736
527,91,2.0,3.5649452209472656
840,657,5.0,4.630482196807861
217,258,1.0,3.4825098514556885
758,96,5.0,4.432173252105713
718,841,4.0,2.8151321411132812
867,197,4.0,4.529244899749756
846,506,3.0,4.225582599639893
308,521,3.0,3.9431512355804443
843,582,2.0,2.6663384437561035
924,1,5.0,3.8446223735809326
417,588,3.0,3.7493162155151367
111,269,5.0,3.9462828636169434
459,301,2.0,3.2664787769317627
661,357,4.0,4.590292453765869
358,65,4.0,3.2909018993377686
420,127,5.0,4.481424808502197
687,749,4.0,3.3631434440612793
767,1068,4.0,4.173365592956543
917,328,2.0,3.4875097274780273
568,56,4.0,3.5349550247192383
435,781,3.0,3.199434757232666
921,280,3.0,3.1129331588745117
798,1183,1.0,3.204035997390747
880,1000,3.0,2.980949878692627
786,200,5.0,4.018014430999756
699,111,3.0,3.2354211807250977
64,1139,1.0,2.565425395965576
435,541,4.0,2.52755069732666
442,89,4.0,3.9304258823394775
583,12,5.0,4.955258846282959
405,1111,1.0,2.244307279586792
886,228,4.0,3.763845920562744
749,158,3.0,2.6314520835876465
181,884,1.0,1.356430172920227
293,213,3.0,3.9936842918395996
784,299,3.0,3.652815818786621
885,169,5.0,4.2573418617248535
320,4,3.0,3.8686766624450684
682,808,4.0,2.807609796524048
233,117,3.0,4.596662998199463
343,471,4.0,3.8031082153320312
360,83,4.0,4.343920707702637
894,1403,3.0,3.4026215076446533
346,31,4.0,3.467496633529663
256,597,4.0,4.146207332611084
472,392,4.0,4.493990898132324
807,101,4.0,3.9918136596679688
561,156,4.0,3.401559829711914
59,48,5.0,4.550982475280762
126,350,2.0,3.645486354827881
484,393,1.0,3.910595655441284
207,9,4.0,3.3383026123046875
629,50,5.0,5.0126566886901855
498,1083,3.0,2.3119194507598877
654,81,2.0,3.7496790885925293
758,168,5.0,4.44932222366333
592,988,1.0,1.6664516925811768
408,1296,4.0,3.807523012161255
294,120,2.0,2.247438430786133
498,262,2.0,3.435786247253418
911,87,5.0,4.025997161865234
509,266,1.0,1.5517295598983765
627,684,4.0,3.4985342025756836
682,192,3.0,4.007208824157715
345,1,3.0,4.250730514526367
10,418,4.0,4.216029167175293
251,300,4.0,3.775743007659912
762,955,5.0,2.8482444286346436
62,715,2.0,3.275026798248291
722,118,4.0,3.531991958618164
561,544,2.0,2.628223419189453
249,58,5.0,4.276590824127197
91,651,5.0,4.3488688468933105
222,735,5.0,3.7100133895874023
158,798,4.0,2.966916084289551
868,64,5.0,4.179403781890869
417,42,4.0,3.78619647026062
592,1012,5.0,4.102494716644287
577,62,3.0,3.778843879699707
219,568,1.0,3.6804163455963135
82,79,3.0,3.9627137184143066
486,696,3.0,3.016280174255371
385,2,3.0,2.550896644592285
804,1285,2.0,3.5779190063476562
184,528,5.0,4.27407169342041
144,33,5.0,3.461358070373535
57,248,5.0,3.963027000427246
172,612,3.0,3.429442882537842
263,177,4.0,4.331301212310791
900,471,2.0,2.3133456707000732
437,204,5.0,3.8486838340759277
89,277,4.0,3.9261670112609863
452,504,2.0,3.7582454681396484
92,155,2.0,2.985826253890991
106,692,3.0,3.5851032733917236
503,293,4.0,4.2686967849731445
126,262,4.0,3.6490936279296875
890,423,5.0,3.953911304473877
222,385,4.0,3.413378953933716
374,818,3.0,3.236097574234009
650,502,3.0,3.3675456047058105
210,969,4.0,4.30633020401001
392,297,4.0,4.432753086090088
699,9,2.0,3.3348002433776855
846,65,3.0,3.8501031398773193
378,220,2.0,3.305913209915161
368,396,2.0,2.9346046447753906
387,385,3.0,3.3412399291992188
417,386,3.0,3.132657051086426
576,137,3.0,3.8146376609802246
455,14,3.0,3.9514360427856445
442,168,4.0,3.8288052082061768
907,284,5.0,4.444047927856445
729,683,2.0,2.488262891769409
64,153,3.0,3.925757884979248
154,480,5.0,4.5382184982299805
450,481,5.0,4.290624141693115
851,252,3.0,3.022467613220215
222,7,5.0,3.847080707550049
632,739,3.0,2.949610471725464
788,739,2.0,3.1621460914611816
710,874,3.0,3.2260804176330566
705,566,4.0,3.902297019958496
860,381,3.0,3.434269666671753
643,172,5.0,4.3946943283081055
601,191,4.0,3.9983818531036377
409,283,4.0,3.7887887954711914
850,88,5.0,4.415035724639893
703,50,5.0,4.78508996963501
436,172,3.0,4.492165565490723
63,302,3.0,4.040515899658203
488,89,4.0,3.8221349716186523
104,246,3.0,3.3503341674804688
194,466,4.0,3.1525206565856934
367,774,4.0,4.151548385620117
592,109,4.0,3.818317413330078
543,443,4.0,3.7857606410980225
250,204,2.0,4.226315975189209
826,426,2.0,3.852050542831421
496,38,2.0,2.241661787033081
697,886,5.0,3.8090415000915527
749,136,5.0,4.531124114990234
773,185,4.0,3.8707287311553955
565,212,5.0,4.38153600692749
379,131,5.0,4.418545722961426
749,72,3.0,3.4928107261657715
100,313,5.0,4.098182201385498
686,182,5.0,4.818606853485107
487,431,3.0,3.922799587249756
345,473,2.0,3.335484027862549
648,596,3.0,3.1570370197296143
271,477,3.0,3.0435564517974854
613,50,5.0,4.926507472991943
894,293,4.0,3.9460387229919434
385,511,4.0,3.783968687057495
13,145,2.0,1.9576359987258911
738,919,4.0,3.7096805572509766
222,1267,3.0,3.020726203918457
495,498,3.0,4.7012939453125
186,356,5.0,3.5420966148376465
150,278,2.0,3.8021414279937744
676,258,2.0,4.045146465301514
149,302,4.0,3.796444892883301
918,520,3.0,3.808356761932373
450,366,3.0,4.025807857513428
894,198,4.0,4.1450581550598145
823,181,4.0,4.636657238006592
540,591,3.0,3.7763516902923584
911,143,5.0,3.7005441188812256
196,762,3.0,3.451359272003174
910,205,4.0,3.7450079917907715
79,303,4.0,3.9253334999084473
382,127,3.0,3.8199241161346436
711,95,4.0,4.137259483337402
280,8,5.0,3.9791908264160156
620,595,5.0,3.7584986686706543
405,447,4.0,1.9537367820739746
577,1046,4.0,3.8165340423583984
94,66,2.0,3.7111282348632812
56,22,5.0,4.497209072113037
654,1115,3.0,3.5724868774414062
234,463,4.0,3.2502660751342773
897,550,3.0,4.047518730163574
537,1050,2.0,2.806631326675415
244,381,4.0,3.812636375427246
932,632,4.0,4.3115386962890625
219,546,4.0,2.574857473373413
468,372,2.0,3.9761903285980225
710,886,3.0,3.0075817108154297
282,305,4.0,3.9392282962799072
145,282,5.0,3.852339267730713
545,227,4.0,3.412102699279785
12,133,4.0,4.315976142883301
867,855,5.0,4.31438684463501
450,1041,4.0,3.809581756591797
474,205,5.0,4.51458215713501
72,509,4.0,3.89888334274292
346,392,3.0,3.364666700363159
281,258,2.0,4.113344669342041
435,434,2.0,3.952039957046509
334,387,4.0,3.2732694149017334
291,140,4.0,3.5525691509246826
830,480,5.0,4.542892932891846
293,708,3.0,3.1662797927856445
497,25,4.0,3.2270565032958984
181,1327,1.0,1.4635182619094849
807,498,4.0,4.329887390136719
95,97,4.0,3.779456615447998
655,1395,3.0,2.5750646591186523
130,215,5.0,4.464542865753174
712,400,3.0,3.6832761764526367
213,597,5.0,3.755220651626587
537,276,4.0,2.9276814460754395
561,86,4.0,3.4172215461730957
595,948,3.0,1.8619499206542969
186,385,4.0,3.814586877822876
89,381,4.0,3.9623706340789795
13,771,3.0,1.9824334383010864
58,283,1.0,3.9672160148620605
655,281,2.0,2.6714348793029785
720,286,5.0,4.028223991394043
470,742,4.0,3.6497020721435547
92,500,4.0,3.828857898712158
92,508,5.0,3.796006202697754
451,687,2.0,2.3095626831054688
556,604,5.0,4.654591083526611
599,1048,2.0,3.836352825164795
654,24,4.0,3.5194578170776367
141,50,4.0,4.254146099090576
303,99,4.0,4.137440204620361
256,771,2.0,3.762173891067505
417,212,1.0,3.382943868637085
201,146,1.0,2.494469165802002
187,300,4.0,3.9072160720825195
291,588,4.0,4.5480828285217285
70,751,4.0,3.4796183109283447
543,96,4.0,3.9631803035736084
934,435,4.0,3.9574620723724365
561,794,2.0,3.1062917709350586
900,186,2.0,2.9426143169403076
659,214,3.0,3.4545788764953613
243,1148,3.0,3.6007180213928223
10,200,5.0,4.245013236999512
655,1106,2.0,2.5471439361572266
629,58,4.0,4.247883319854736
13,911,2.0,2.620616912841797
774,1228,1.0,1.2034915685653687
472,485,3.0,4.542137622833252
389,568,3.0,3.7495274543762207
313,684,4.0,3.860304594039917
310,748,3.0,2.8193931579589844
271,28,5.0,3.928605079650879
562,4,1.0,3.451723575592041
707,782,3.0,3.135533094406128
379,100,5.0,4.639598846435547
532,818,2.0,4.041482925415039
766,90,1.0,2.824915885925293
655,1140,3.0,2.273998975753784
757,173,4.0,4.164550304412842
551,67,5.0,3.1036274433135986
259,269,3.0,4.300661087036133
279,826,4.0,3.273291826248169
18,515,5.0,4.468994617462158
504,1421,4.0,3.7608444690704346
496,443,2.0,3.4422268867492676
747,467,4.0,4.432703495025635
343,583,4.0,3.1888556480407715
337,449,4.0,3.183016777038574
528,168,4.0,4.135344982147217
417,732,4.0,3.586681604385376
425,53,4.0,2.752815008163452
314,1165,2.0,2.747398853302002
435,1215,3.0,1.6291496753692627
745,177,3.0,2.9986891746520996
442,159,4.0,3.0670692920684814
539,56,2.0,4.344347953796387
296,221,5.0,4.514437675476074
378,768,4.0,2.803497552871704
326,436,3.0,3.1947221755981445
157,50,4.0,4.964057445526123
889,169,5.0,4.31815767288208
254,71,3.0,3.369852066040039
347,930,2.0,2.578127384185791
207,154,2.0,3.381411075592041
346,4,4.0,3.3666679859161377
447,484,5.0,4.408924102783203
393,11,3.0,3.5460753440856934
77,474,5.0,4.211889266967773
321,647,3.0,4.130229473114014
426,211,4.0,3.9614975452423096
606,185,3.0,4.4861369132995605
664,58,4.0,3.7968831062316895
244,1107,2.0,3.527245044708252
328,347,5.0,3.4232068061828613
113,262,2.0,4.061866760253906
144,280,1.0,3.2430644035339355
798,161,3.0,3.5226874351501465
126,344,4.0,3.673190116882324
84,237,4.0,4.237094402313232
905,333,3.0,3.3803927898406982
555,111,4.0,4.023981094360352
405,524,1.0,2.386277198791504
361,513,5.0,4.552592754364014
433,276,5.0,3.714378833770752
542,179,4.0,3.8762636184692383
163,98,4.0,3.9279327392578125
349,276,5.0,3.6727395057678223
379,286,4.0,4.280896186828613
393,50,5.0,4.077906131744385
682,673,3.0,3.4687633514404297
617,448,3.0,2.52388334274292
328,601,4.0,3.859496593475342
748,408,5.0,4.328441619873047
828,57,3.0,3.655791759490967
740,302,5.0,4.251743793487549
907,924,5.0,4.617124080657959
64,718,4.0,3.946495771408081
171,344,3.0,3.709007740020752
201,232,2.0,2.839355945587158
297,284,4.0,2.9274721145629883
650,88,3.0,3.016533613204956
887,633,5.0,4.2631754875183105
881,443,5.0,3.8750669956207275
303,1118,3.0,3.5228748321533203
835,234,5.0,4.173352241516113
234,21,3.0,1.9067118167877197
13,668,1.0,2.2539329528808594
893,471,4.0,3.7227988243103027
577,1054,3.0,3.0512914657592773
602,148,4.0,4.113617420196533
833,943,4.0,3.0597987174987793
806,484,4.0,4.266638278961182
387,434,5.0,3.8915767669677734
694,229,4.0,3.6869359016418457
373,12,5.0,4.546410083770752
722,124,4.0,4.410712718963623
347,827,1.0,2.566234827041626
460,286,4.0,3.511838912963867
449,640,5.0,3.385084867477417
276,81,4.0,4.162170886993408
763,702,3.0,3.222008228302002
870,42,2.0,3.7879085540771484
932,169,5.0,4.878547191619873
99,273,5.0,3.6231110095977783
85,1121,3.0,3.6609041690826416
276,386,3.0,2.5318033695220947
23,642,3.0,3.540381908416748
655,1388,3.0,3.002711296081543
172,606,3.0,3.541933536529541
795,1030,3.0,1.954256296157837
347,227,4.0,3.3978404998779297
32,250,4.0,3.2371788024902344
796,145,2.0,3.103193759918213
268,717,1.0,1.9329605102539062
806,271,3.0,3.1149957180023193
483,195,3.0,3.5259275436401367
405,588,2.0,2.0802135467529297
865,625,1.0,2.624971866607666
896,662,3.0,2.9087884426116943
435,28,3.0,3.9235458374023438
385,922,4.0,3.536559581756592
256,741,4.0,4.297280788421631
109,55,2.0,3.6231815814971924
103,255,5.0,3.3352298736572266
184,517,4.0,3.9315340518951416
346,92,4.0,3.4611730575561523
474,505,5.0,4.423041820526123
1,146,4.0,2.729828357696533
104,269,5.0,3.476585865020752
308,1147,4.0,3.7619516849517822
532,946,5.0,4.115856647491455
805,396,4.0,2.9975647926330566
501,928,3.0,3.900512933731079
525,269,5.0,4.156374454498291
422,326,3.0,3.3957695960998535
322,89,3.0,4.49242639541626
314,959,3.0,4.033591270446777
442,96,4.0,3.8116559982299805
303,88,4.0,3.6045751571655273
354,511,4.0,4.219735622406006
707,170,5.0,3.9668290615081787
318,211,5.0,4.102389335632324
1,167,2.0,2.9870638847351074
20,98,3.0,3.675568103790283
239,172,4.0,4.608543872833252
60,47,4.0,3.9178194999694824
880,628,2.0,3.8092727661132812
181,222,4.0,1.4037550687789917
87,1047,3.0,3.628857374191284
892,133,3.0,4.4176201820373535
145,1023,1.0,2.607527732849121
506,432,4.0,4.001511096954346
18,973,3.0,2.777245044708252
268,558,3.0,3.583425521850586
121,126,3.0,3.9050161838531494
936,276,5.0,3.9922215938568115
560,260,1.0,2.581505537033081
26,840,2.0,2.2992095947265625
58,195,4.0,4.168394565582275
870,186,4.0,3.8734023571014404
317,323,2.0,3.399991035461426
595,1067,4.0,4.027492523193359
213,273,5.0,4.13076114654541
403,147,5.0,3.81736421585083
330,255,4.0,4.580463886260986
727,451,5.0,3.155876874923706
500,129,4.0,3.7376492023468018
681,682,1.0,3.3213117122650146
203,282,1.0,3.926072597503662
829,259,2.0,2.24357008934021
254,64,4.0,4.215529918670654
642,412,2.0,3.5097692012786865
650,137,3.0,3.4328384399414062
99,288,4.0,3.6292128562927246
178,628,4.0,3.7538278102874756
92,1213,2.0,2.021862268447876
174,332,5.0,3.6280179023742676
141,330,1.0,3.3503103256225586
277,591,4.0,3.635810375213623
201,693,4.0,3.2156858444213867
192,276,2.0,3.7846646308898926
621,172,5.0,4.574705123901367
80,514,3.0,3.972048759460449
878,531,2.0,3.5250911712646484
142,243,1.0,1.9722073078155518
622,391,2.0,2.3502326011657715
250,294,1.0,3.731015205383301
532,100,5.0,4.926464557647705
64,69,4.0,3.957658052444458
328,540,3.0,2.467331886291504
336,158,3.0,2.1367857456207275
170,348,3.0,4.237006664276123
94,528,5.0,4.800952434539795
29,539,2.0,2.455491065979004
561,240,1.0,1.851778268814087
394,132,4.0,4.617212772369385
269,902,5.0,3.521544933319092
889,488,2.0,4.119424343109131
817,273,5.0,3.461068630218506
234,280,3.0,2.3912246227264404
758,25,4.0,3.863018274307251
311,176,4.0,4.055657386779785
919,832,3.0,2.5029890537261963
811,690,5.0,3.967651844024658
174,221,4.0,4.551571846008301
560,546,2.0,2.859269142150879
709,182,4.0,4.149474143981934
436,11,5.0,4.129885196685791
181,259,1.0,1.3871076107025146
486,7,5.0,3.6935243606567383
256,1119,3.0,4.404251575469971
534,919,5.0,4.305153846740723
159,988,3.0,2.479851484298706
397,134,5.0,4.802183151245117
504,1110,2.0,3.5670533180236816
181,324,1.0,1.452615737915039
719,254,1.0,1.5095239877700806
255,185,4.0,3.9087085723876953
399,71,3.0,3.2099881172180176
786,216,4.0,4.159717559814453
887,164,4.0,4.239126682281494
496,420,3.0,3.1262011528015137
524,514,5.0,3.76991605758667
425,244,1.0,2.808161735534668
474,124,5.0,4.595241069793701
214,608,4.0,4.037716388702393
619,258,5.0,3.7598400115966797
679,184,4.0,3.277106761932373
144,235,1.0,3.1379010677337646
710,282,2.0,3.4671454429626465
354,958,4.0,4.019840240478516
303,106,2.0,2.4895730018615723
334,792,4.0,3.7177910804748535
551,97,5.0,4.283626079559326
391,659,4.0,4.153233528137207
117,763,5.0,3.8579840660095215
825,628,4.0,3.8305490016937256
495,101,5.0,4.115945816040039
141,826,2.0,3.241828441619873
556,325,2.0,2.3927979469299316
144,100,5.0,4.079967498779297
229,260,1.0,2.5880112648010254
479,144,4.0,3.9628372192382812
311,671,3.0,3.8529090881347656
854,709,4.0,3.8949666023254395
682,237,3.0,3.5374510288238525
735,325,1.0,2.476461410522461
246,161,3.0,2.9097542762756348
26,116,2.0,3.5057990550994873
279,940,5.0,3.1464309692382812
169,258,5.0,3.890775203704834
230,418,5.0,3.9337215423583984
817,363,3.0,3.041752576828003
880,396,2.0,3.406144142150879
500,250,4.0,3.279641628265381
393,1337,3.0,3.1653242111206055
703,276,3.0,4.001818656921387
823,1217,1.0,2.7322232723236084
169,603,5.0,4.463345050811768
881,477,4.0,3.1445326805114746
525,829,2.0,2.49004864692688
846,622,4.0,3.5331497192382812
634,300,3.0,3.704796075820923
145,751,4.0,3.6830995082855225
344,511,4.0,4.604599475860596
903,50,5.0,4.652799129486084
378,123,3.0,3.147629976272583
221,469,3.0,3.701394557952881
387,232,2.0,3.1766715049743652
251,50,5.0,4.712398529052734
846,131,3.0,4.1899871826171875
303,1270,1.0,1.549421787261963
551,235,1.0,3.2402238845825195
101,123,2.0,2.998655319213867
409,1020,5.0,3.9171533584594727
815,444,2.0,3.3234381675720215
437,288,2.0,3.4118247032165527
7,341,3.0,3.951249837875366
92,620,3.0,3.103109121322632
415,531,5.0,4.271322250366211
660,636,2.0,2.4319872856140137
378,591,4.0,3.703915596008301
603,230,4.0,3.828129529953003
87,801,3.0,3.711142063140869
899,685,3.0,2.958326816558838
933,597,1.0,1.8782322406768799
739,98,3.0,4.058631896972656
608,283,4.0,3.841529369354248
123,531,3.0,4.1176629066467285
886,237,4.0,3.6238536834716797
665,418,4.0,3.5374703407287598
727,392,4.0,3.3183984756469727
145,879,5.0,3.464564561843872
553,181,4.0,4.244077682495117
1,214,4.0,3.682110548019409
265,742,5.0,3.7296481132507324
409,603,5.0,4.4453301429748535
479,248,4.0,3.677488088607788
213,200,5.0,4.400135517120361
805,755,3.0,3.3014864921569824
99,118,2.0,3.4661898612976074
422,271,3.0,3.3162875175476074
504,579,4.0,3.375819683074951
378,419,4.0,3.826836585998535
821,148,3.0,4.239920616149902
276,183,5.0,4.607522010803223
392,847,4.0,4.245556831359863
151,659,5.0,4.51911735534668
803,688,1.0,1.1665644645690918
198,763,3.0,2.713569164276123
234,609,3.0,3.0395445823669434
250,184,1.0,3.8941843509674072
401,70,4.0,3.127732753753662
619,568,5.0,3.5917177200317383
896,127,5.0,4.051634788513184
13,760,1.0,2.0974280834198
853,259,3.0,3.100611448287964
536,584,5.0,3.9065744876861572
321,479,4.0,4.132443428039551
383,654,5.0,4.434618949890137
318,134,5.0,4.4133195877075195
409,1328,2.0,3.9090421199798584
463,116,5.0,3.538918972015381
449,244,4.0,3.0259244441986084
130,622,3.0,4.13960599899292
537,753,2.0,3.1105570793151855
903,192,5.0,4.3845977783203125
13,478,4.0,4.127506732940674
788,228,3.0,3.6472082138061523
354,59,5.0,4.068917274475098
13,590,2.0,1.5216176509857178
712,796,4.0,3.771747589111328
892,70,4.0,4.226306915283203
18,492,4.0,3.9794394969940186
135,98,5.0,4.255316257476807
744,1,4.0,3.7818522453308105
387,321,3.0,2.9461357593536377
63,322,2.0,2.485886573791504
178,469,3.0,3.940589666366577
734,111,3.0,3.2466275691986084
337,1133,4.0,3.4696664810180664
320,174,4.0,4.590530872344971
92,1157,2.0,2.7551562786102295
299,194,3.0,3.9894540309906006
823,640,1.0,3.6153173446655273
545,233,4.0,3.487416982650757
59,427,5.0,4.736814022064209
62,121,4.0,2.4767684936523438
194,517,3.0,3.4446492195129395
343,198,4.0,4.6333394050598145
442,433,4.0,3.460705280303955
109,809,4.0,3.458014965057373
234,229,4.0,2.4329476356506348
560,127,5.0,4.172266960144043
96,190,4.0,4.5252227783203125
406,187,2.0,4.035780429840088
3,333,2.0,3.098064422607422
779,294,5.0,3.7250444889068604
521,56,4.0,3.7149710655212402
373,99,5.0,3.818180561065674
390,277,2.0,3.9116954803466797
649,323,3.0,3.1036770343780518
468,318,5.0,4.899900913238525
59,140,1.0,3.3522121906280518
94,248,4.0,4.1421966552734375
457,176,5.0,4.773730278015137
619,546,2.0,3.065548896789551
73,255,2.0,2.8689305782318115
82,274,3.0,3.0424652099609375
595,546,4.0,2.7425408363342285
416,4,4.0,4.161424160003662
405,747,1.0,1.85134756565094
286,1051,4.0,3.7801003456115723
618,506,4.0,3.651698589324951
99,762,2.0,3.5809121131896973
938,126,4.0,3.841855525970459
453,237,4.0,3.6991586685180664
417,767,1.0,3.0256850719451904
126,315,4.0,3.8280739784240723
756,755,3.0,3.089364528656006
320,129,4.0,4.180267333984375
489,331,5.0,3.923149585723877
729,879,3.0,3.0765209197998047
244,433,5.0,3.8679847717285156
176,319,3.0,3.562894821166992
623,815,2.0,3.164278745651245
344,628,4.0,3.5478434562683105
456,357,4.0,4.236181259155273
539,661,5.0,4.435375690460205
647,1263,3.0,3.508469343185425
643,204,3.0,4.019105911254883
762,421,4.0,2.765584945678711
682,380,4.0,3.1927578449249268
478,15,5.0,3.609447956085205
682,95,5.0,3.640923023223877
426,133,5.0,3.8903980255126953
151,1044,2.0,3.3214194774627686
15,932,1.0,1.8352746963500977
648,713,2.0,3.5504956245422363
669,313,4.0,4.21940803527832
308,47,4.0,3.60446834564209
573,174,4.0,4.095107078552246
588,362,3.0,3.5070314407348633
393,385,4.0,3.709548234939575
627,300,4.0,3.1990537643432617
682,243,1.0,2.2284679412841797
399,407,3.0,2.7976608276367188
373,83,5.0,4.168614387512207
301,228,3.0,3.7760751247406006
661,566,4.0,3.6464104652404785
852,473,3.0,3.5772252082824707
545,743,3.0,2.3357861042022705
223,975,1.0,2.8805556297302246
767,172,5.0,4.752403736114502
503,633,5.0,4.415815830230713
831,331,4.0,3.5112898349761963
773,588,1.0,3.5079193115234375
181,125,3.0,1.3564060926437378
543,466,4.0,3.546160936355591
535,269,4.0,4.15034818649292
659,58,4.0,3.7180185317993164
90,1200,4.0,4.384736061096191
599,846,5.0,3.9679598808288574
102,217,2.0,2.347522020339966
299,1506,4.0,3.9143424034118652
398,655,4.0,3.9571805000305176
545,680,2.0,2.9323129653930664
702,294,1.0,2.4091694355010986
385,484,4.0,3.7565813064575195
537,675,3.0,2.9337821006774902
592,180,5.0,4.874934673309326
588,384,1.0,3.445064067840576
663,210,3.0,4.067821502685547
389,301,4.0,3.501481056213379
650,484,5.0,3.7591676712036133
64,679,3.0,2.9618887901306152
318,481,4.0,4.056386947631836
665,833,3.0,3.32148814201355
580,619,3.0,3.600376844406128
919,315,3.0,4.047064781188965
305,97,4.0,3.403597831726074
157,118,2.0,3.4166789054870605
200,552,4.0,3.953176975250244
451,307,4.0,3.027116298675537
158,516,5.0,4.276707649230957
18,168,3.0,4.221944332122803
151,661,4.0,4.656220436096191
655,503,3.0,2.9127883911132812
387,769,1.0,1.888502836227417
901,38,3.0,3.73754620552063
184,591,3.0,3.710951328277588
39,258,4.0,3.7589144706726074
790,67,3.0,2.761903762817383
201,191,4.0,3.8081912994384766
591,856,4.0,3.910597801208496
379,527,3.0,4.667028903961182
537,730,3.0,2.9071338176727295
890,172,5.0,4.586972713470459
762,515,5.0,3.7685136795043945
56,56,5.0,4.328527450561523
660,216,2.0,3.1321592330932617
347,328,4.0,3.563880443572998
167,237,4.0,3.746400833129883
846,28,5.0,4.2065653800964355
622,190,4.0,4.368823528289795
417,1036,3.0,2.962804079055786
758,181,4.0,4.358888149261475
727,1215,2.0,1.6538466215133667
869,1163,2.0,2.465689182281494
532,348,4.0,4.2117533683776855
370,56,2.0,3.994750738143921
533,193,4.0,3.766211986541748
864,245,4.0,3.4479308128356934
483,473,3.0,2.7835493087768555
665,183,4.0,3.8820900917053223
361,443,3.0,3.9689791202545166
268,95,4.0,3.5825836658477783
746,186,4.0,4.117646217346191
279,153,5.0,3.5703024864196777
553,275,5.0,4.171568870544434
426,601,3.0,3.9664664268493652
543,56,5.0,4.009530067443848
919,147,4.0,3.6090312004089355
650,1110,4.0,2.5651626586914062
266,25,3.0,3.149134635925293
92,660,4.0,3.8356881141662598
921,1034,3.0,2.578904151916504
405,173,5.0,2.5336391925811768
328,270,2.0,3.559493064880371
495,176,5.0,4.387966632843018
798,2,4.0,3.438741445541382
561,197,4.0,3.5587446689605713
405,1043,1.0,1.3439689874649048
43,731,4.0,3.578427314758301
398,588,4.0,3.8311028480529785
436,1178,3.0,2.951089859008789
431,323,3.0,3.2873785495758057
441,300,3.0,3.8453927040100098
936,815,3.0,3.3781087398529053
457,77,4.0,3.8656487464904785
43,371,4.0,3.73171067237854
145,278,4.0,3.226552963256836
478,1221,2.0,3.148469924926758
407,216,4.0,3.934929847717285
795,39,4.0,2.852964401245117
291,829,2.0,3.152953624725342
1,121,4.0,2.9261958599090576
210,4,4.0,4.110860347747803
538,496,5.0,4.094095230102539
181,744,2.0,1.3628569841384888
629,300,4.0,3.914440631866455
683,56,5.0,3.8827013969421387
221,33,4.0,3.6132946014404297
400,307,3.0,3.857069969177246
94,90,3.0,3.4715042114257812
55,7,3.0,3.694607734680176
222,82,4.0,3.7384297847747803
46,93,4.0,4.164523124694824
222,772,2.0,2.8687150478363037
540,742,4.0,3.8580682277679443
540,515,5.0,4.437148094177246
548,603,5.0,4.519449710845947
125,451,4.0,3.609271764755249
195,325,2.0,2.588707447052002
457,160,4.0,4.206916332244873
425,1597,3.0,3.4278922080993652
385,152,3.0,3.178455352783203
331,69,5.0,3.711421251296997
59,131,4.0,4.323046684265137
435,609,4.0,3.601983070373535
501,13,4.0,3.7991347312927246
224,676,3.0,2.954911708831787
121,514,3.0,4.054365158081055
188,692,5.0,3.8626675605773926
523,430,4.0,4.690812110900879
48,289,1.0,3.2827796936035156
343,214,4.0,3.8467960357666016
253,1025,3.0,2.782050371170044
851,332,1.0,3.7245635986328125
405,858,1.0,1.2733125686645508
454,746,2.0,2.9017717838287354
655,468,3.0,2.673471212387085
927,1,5.0,4.246866703033447
528,250,3.0,3.436086416244507
214,45,4.0,4.0993852615356445
426,132,4.0,4.084105968475342
159,1095,5.0,2.5255589485168457
625,283,3.0,3.492535352706909
190,300,4.0,3.610687732696533
847,482,2.0,3.6585776805877686
454,1126,2.0,2.7384090423583984
650,121,3.0,2.840142250061035
537,646,2.0,3.5042343139648438
383,479,4.0,4.575965881347656
854,93,5.0,3.4047975540161133
380,97,3.0,3.112203598022461
5,397,2.0,1.9910824298858643
472,38,4.0,4.270097732543945
450,1479,3.0,3.7091684341430664
370,135,4.0,3.88531756401062
747,476,3.0,3.044785499572754
749,433,3.0,3.999948024749756
894,316,4.0,4.179311752319336
542,734,3.0,2.9259743690490723
361,283,4.0,3.8688859939575195
577,29,3.0,3.5883967876434326
574,315,3.0,4.003111839294434
97,195,5.0,4.3264031410217285
178,326,4.0,3.698934555053711
686,480,5.0,4.980004787445068
346,685,3.0,3.181901216506958
686,197,5.0,4.79557466506958
416,717,2.0,3.1074719429016113
495,550,3.0,4.087876319885254
863,898,1.0,2.542232036590576
378,86,4.0,3.994664430618286
398,95,5.0,3.77398419380188
690,739,3.0,3.064096450805664
533,31,3.0,3.4674792289733887
474,971,4.0,4.218205451965332
34,1024,5.0,4.526879787445068
82,484,4.0,4.098697662353516
325,865,3.0,3.3644907474517822
26,871,2.0,1.8892712593078613
201,423,4.0,3.3396997451782227
666,357,4.0,4.300393581390381
748,48,4.0,3.9728875160217285
416,898,4.0,3.656895160675049
470,1134,4.0,3.4135613441467285
399,153,2.0,3.1610240936279297
479,177,4.0,3.994584560394287
271,40,1.0,2.469757556915283
635,873,3.0,2.534153938293457
484,228,5.0,4.299956798553467
892,150,5.0,4.3849968910217285
721,682,3.0,3.445671319961548
537,741,2.0,2.822920560836792
365,326,2.0,3.3994712829589844
790,401,4.0,2.530536651611328
407,288,4.0,3.3668792247772217
378,479,4.0,4.274699687957764
354,451,3.0,3.413120985031128
41,430,5.0,3.962385654449463
698,525,1.0,3.2898857593536377
393,1270,3.0,3.143519401550293
904,1152,4.0,3.772676944732666
323,322,2.0,2.515751600265503
104,328,3.0,2.6080026626586914
907,98,5.0,5.001651287078857
152,483,5.0,5.171858787536621
553,525,4.0,4.412537097930908
399,977,3.0,2.7915592193603516
783,876,4.0,3.6148452758789062
764,143,5.0,3.933521032333374
385,1428,4.0,3.326538324356079
329,194,3.0,3.8999743461608887
796,307,4.0,3.655421257019043
782,358,4.0,2.7064013481140137
927,328,4.0,4.112077236175537
379,402,3.0,3.7027859687805176
270,17,2.0,4.420559406280518
916,678,2.0,2.1092634201049805
499,692,4.0,3.672968864440918
704,304,2.0,3.3500008583068848
296,294,1.0,3.196751117706299
347,56,5.0,4.245825290679932
342,1073,1.0,3.873713493347168
454,22,4.0,3.4003047943115234
900,200,2.0,2.7282581329345703
757,226,3.0,3.2616100311279297
449,1318,2.0,1.6154298782348633
405,782,1.0,1.693223476409912
43,250,2.0,3.6913979053497314
186,288,1.0,3.5029711723327637
288,230,2.0,3.3196682929992676
285,183,4.0,4.097278118133545
484,399,4.0,3.716294527053833
402,1060,3.0,2.8888211250305176
745,9,4.0,2.9143192768096924
173,302,5.0,5.0697455406188965
21,670,3.0,2.6983137130737305
159,591,4.0,3.874485492706299
545,73,4.0,3.5426583290100098
887,1136,5.0,4.056839942932129
277,221,4.0,3.8661110401153564
727,511,4.0,4.131984233856201
279,202,4.0,3.4883947372436523
902,8,5.0,3.777900218963623
724,877,1.0,1.6373186111450195
751,70,4.0,3.7017626762390137
875,481,5.0,4.248928070068359
280,471,3.0,3.81136155128479
635,302,4.0,4.236179828643799
526,742,3.0,2.999559164047241
174,369,1.0,2.611506223678589
314,393,4.0,4.009418964385986
921,395,3.0,2.6955718994140625
747,1134,5.0,3.8191468715667725
521,227,3.0,2.732386589050293
798,168,4.0,3.6529455184936523
299,483,5.0,4.42465353012085
693,178,5.0,3.7539186477661133
763,238,4.0,4.073994159698486
379,94,5.0,3.2092103958129883
846,1035,4.0,3.148815155029297
682,948,2.0,2.1757357120513916
506,239,3.0,3.702267646789551
92,304,4.0,3.559976577758789
128,458,4.0,3.2214395999908447
304,278,4.0,3.1423499584198
793,181,4.0,4.0360565185546875
378,806,4.0,3.5574631690979004
267,88,4.0,4.094766616821289
921,69,4.0,3.5309295654296875
699,880,3.0,2.933993101119995
940,651,4.0,3.975921630859375
912,1041,4.0,3.052795648574829
771,137,4.0,3.7594528198242188
329,297,4.0,3.786292552947998
70,298,5.0,3.735393762588501
846,31,4.0,3.909170627593994
217,825,3.0,2.7069342136383057
328,237,4.0,3.5836341381073
224,729,3.0,3.0538971424102783
437,583,1.0,3.188870906829834
620,930,2.0,3.7340638637542725
6,318,4.0,4.399603843688965
130,538,5.0,4.344437599182129
638,183,4.0,3.928556442260742
592,188,5.0,4.302631378173828
601,1039,4.0,3.6450576782226562
459,117,5.0,3.7860629558563232
554,582,3.0,3.6809237003326416
532,38,3.0,3.9472954273223877
796,849,4.0,3.220489978790283
387,95,2.0,3.6884422302246094
345,367,4.0,3.758708953857422
378,418,3.0,3.5330748558044434
115,269,3.0,4.289755344390869
286,738,5.0,3.6259236335754395
686,430,4.0,4.731841564178467
234,12,1.0,4.002152919769287
271,729,4.0,3.323134660720825
151,755,3.0,3.2808520793914795
629,881,3.0,2.699767589569092
746,523,3.0,4.2604756355285645
340,969,5.0,4.205208778381348
6,59,5.0,3.953932046890259
527,279,4.0,3.410463333129883
345,312,3.0,3.152127742767334
158,238,5.0,4.146369934082031
455,1086,3.0,3.4013047218322754
608,42,5.0,3.905876636505127
373,142,3.0,3.3303096294403076
655,906,2.0,2.9120349884033203
782,690,4.0,2.9204282760620117
303,236,4.0,3.9109654426574707
94,188,4.0,4.228610515594482
339,479,5.0,4.674713611602783
99,332,3.0,3.6873269081115723
454,748,4.0,2.698263168334961
108,405,3.0,3.484213352203369
327,919,5.0,3.5143988132476807
843,28,3.0,2.864042282104492
878,59,3.0,3.7566776275634766
92,77,3.0,3.2178497314453125
450,378,5.0,4.223721504211426
361,639,4.0,3.5888512134552
894,479,5.0,4.343027114868164
181,990,1.0,1.3409340381622314
328,135,3.0,3.9078316688537598
510,300,5.0,3.343897819519043
455,44,3.0,3.4311211109161377
838,584,4.0,3.9356327056884766
708,471,4.0,3.6283774375915527
869,288,3.0,2.834275484085083
883,241,4.0,3.9990949630737305
720,269,3.0,4.340762615203857
92,11,4.0,3.9385437965393066
237,176,3.0,4.0448899269104
244,739,3.0,3.5963242053985596
44,155,3.0,3.232806921005249
720,310,4.0,3.956334114074707
417,1040,2.0,2.6163201332092285
870,248,4.0,3.516185760498047
399,928,2.0,2.9651827812194824
774,423,1.0,2.227607488632202
359,117,4.0,4.205273628234863
178,358,1.0,2.8991782665252686
727,849,2.0,2.470224142074585
406,629,3.0,3.2182278633117676
374,182,5.0,4.049548625946045
452,607,5.0,3.736475944519043
542,420,3.0,3.543733596801758
798,825,3.0,3.330326557159424
883,137,5.0,4.060679912567139
316,162,3.0,3.1423230171203613
130,240,4.0,3.816500663757324
305,749,2.0,2.668728828430176
176,328,4.0,3.850898504257202
183,485,5.0,3.6305081844329834
308,91,4.0,3.7089033126831055
364,687,1.0,2.6319432258605957
116,260,2.0,2.4024229049682617
509,345,1.0,2.698558807373047
365,473,4.0,3.2800137996673584
318,1030,2.0,2.701519250869751
71,357,5.0,4.450466632843018
764,4,3.0,3.810624599456787
378,476,3.0,3.0147969722747803
313,1050,4.0,3.6651346683502197
931,546,3.0,3.167062759399414
543,521,4.0,3.8237979412078857
756,122,1.0,2.472726345062256
437,654,5.0,4.0964131355285645
489,324,3.0,3.7009551525115967
89,736,3.0,4.217611312866211
873,348,3.0,2.2374606132507324
840,187,3.0,4.439943313598633
517,873,3.0,3.186431646347046
889,732,2.0,3.5428061485290527
582,748,3.0,2.7679367065429688
90,486,5.0,4.41485071182251
389,29,2.0,2.4165804386138916
846,177,3.0,4.199596881866455
92,628,4.0,3.5296790599823
623,127,4.0,4.186648368835449
486,276,4.0,3.5271084308624268
452,199,5.0,4.054474353790283
299,396,4.0,2.987412691116333
577,294,4.0,3.748483657836914
268,33,3.0,3.039801597595215
201,186,3.0,3.4969918727874756
552,829,3.0,2.9471747875213623
674,292,4.0,3.8554539680480957
44,193,3.0,4.043917179107666
833,302,3.0,3.869095802307129
791,259,3.0,3.151453971862793
353,346,4.0,3.792849063873291
102,73,3.0,2.6452653408050537
615,699,3.0,3.908134937286377
363,679,4.0,2.633613348007202
321,52,3.0,3.7657604217529297
303,541,3.0,2.2754392623901367
501,25,3.0,3.891693592071533
669,133,4.0,3.599302291870117
693,96,4.0,3.473888635635376
293,161,2.0,2.746311902999878
751,428,4.0,3.8958740234375
886,483,4.0,4.529479026794434
634,147,2.0,3.6470656394958496
592,1377,3.0,4.735445499420166
497,67,3.0,2.985588788986206
318,396,1.0,3.4136016368865967
621,135,5.0,4.350922107696533
624,358,3.0,2.543674945831299
303,715,4.0,3.7343196868896484
161,197,3.0,2.71358060836792
435,584,3.0,3.627591133117676
457,28,5.0,4.663650035858154
655,1135,3.0,2.62162446975708
165,1119,3.0,4.0652947425842285
587,303,4.0,3.4856367111206055
774,229,2.0,1.6754999160766602
648,1626,1.0,2.916313648223877
900,1298,2.0,2.6505608558654785
475,539,3.0,3.0123767852783203
411,38,4.0,3.0175392627716064
435,1419,2.0,2.025794267654419
692,300,4.0,3.427792549133301
279,375,1.0,3.029470443725586
916,111,4.0,3.297589063644409
708,269,3.0,4.191592693328857
18,131,4.0,4.0159783363342285
634,100,4.0,4.095864295959473
417,411,2.0,3.095860004425049
18,79,4.0,4.221987247467041
535,319,5.0,3.494129180908203
308,161,3.0,3.7707653045654297
178,790,3.0,3.3018569946289062
223,248,1.0,3.6696419715881348
622,98,5.0,4.467077732086182
916,144,3.0,3.800251007080078
584,449,2.0,3.261338710784912
210,179,3.0,4.540370464324951
916,748,2.0,2.662050724029541
244,100,4.0,4.251172065734863
504,517,4.0,3.942793846130371
129,990,2.0,2.147698402404785
178,578,4.0,3.5500879287719727
470,283,5.0,3.728288173675537
417,946,4.0,3.286658525466919
916,204,3.0,3.7170956134796143
1,2,3.0,3.0104851722717285
526,323,2.0,1.8565495014190674
643,100,5.0,4.266231060028076
342,1048,1.0,2.892850399017334
868,202,3.0,3.2976555824279785
7,649,5.0,3.9171690940856934
342,7,4.0,3.792130947113037
398,50,5.0,4.460666179656982
345,974,3.0,2.540649175643921
634,293,3.0,3.8408265113830566
437,770,3.0,3.463379144668579
796,147,5.0,3.755711078643799
560,257,3.0,3.683542251586914
506,187,5.0,4.4349284172058105
313,44,3.0,3.4892125129699707
312,506,4.0,4.401645183563232
343,569,3.0,2.7854108810424805
533,150,3.0,3.6809308528900146
333,269,2.0,4.122158527374268
374,174,5.0,4.213928699493408
429,380,3.0,3.1334946155548096
637,717,3.0,1.6909105777740479
31,299,4.0,3.069352149963379
217,1303,2.0,2.1439993381500244
392,197,5.0,4.525249004364014
532,926,3.0,3.5449252128601074
892,763,2.0,3.762913465499878
291,577,1.0,2.53604793548584
417,668,2.0,3.171555280685425
833,1012,4.0,3.18412709236145
514,191,5.0,4.509139537811279
36,288,4.0,3.951373815536499
251,472,3.0,3.0412790775299072
443,313,4.0,4.646896839141846
159,880,1.0,3.4485015869140625
468,137,4.0,4.314586162567139
418,328,1.0,2.7806601524353027
328,651,5.0,4.114133834838867
245,1033,5.0,2.7442283630371094
225,478,5.0,4.795110702514648
872,350,3.0,3.65449595451355
682,124,2.0,4.021886825561523
14,603,4.0,4.6653523445129395
487,735,4.0,4.122744083404541
22,110,1.0,2.1826930046081543
339,238,5.0,4.3127827644348145
943,121,3.0,3.479602336883545
276,825,3.0,2.611910343170166
460,676,4.0,3.159278392791748
23,511,5.0,4.275811672210693
277,257,3.0,3.8261611461639404
334,150,4.0,3.842233180999756
332,237,5.0,4.673895359039307
916,92,5.0,3.4870100021362305
35,937,4.0,3.568159580230713
256,576,3.0,4.1101531982421875
804,380,4.0,3.6774606704711914
293,742,2.0,2.9179270267486572
826,99,3.0,4.040459632873535
64,82,3.0,3.8107857704162598
528,541,3.0,2.643495559692383
943,423,3.0,3.944155216217041
168,458,1.0,3.3015589714050293
890,632,5.0,4.127965927124023
393,1178,3.0,3.3342623710632324
641,258,3.0,4.095263481140137
941,919,5.0,4.111140727996826
21,325,4.0,2.1925036907196045
595,979,3.0,3.4906086921691895
308,56,5.0,4.1288838386535645
534,290,4.0,4.002119064331055
470,305,4.0,3.729621410369873
188,98,5.0,4.483720779418945
524,479,4.0,4.077872276306152
757,82,4.0,3.7848987579345703
201,23,4.0,3.7703988552093506
711,404,3.0,4.0699872970581055
934,170,4.0,4.1728129386901855
303,693,4.0,4.1232123374938965
22,186,5.0,4.48089599609375
341,288,4.0,4.436396598815918
330,28,5.0,4.835041522979736
846,1041,4.0,3.2604074478149414
939,121,5.0,4.565859317779541
600,1407,2.0,2.3537275791168213
896,222,4.0,3.1138248443603516
42,405,4.0,3.7387566566467285
774,518,1.0,2.303691864013672
937,9,5.0,3.780540943145752
533,218,2.0,3.3615732192993164
64,227,3.0,3.102773427963257
217,222,5.0,3.265605926513672
758,603,5.0,4.733490943908691
796,578,4.0,3.5891404151916504
303,382,3.0,3.8662500381469727
274,629,5.0,3.851543426513672
894,512,5.0,4.228663444519043
447,79,3.0,4.2988996505737305
374,628,3.0,3.5485315322875977
317,350,5.0,3.804896831512451
269,499,4.0,3.748025417327881
789,508,4.0,3.7276744842529297
42,283,3.0,3.980605363845825
89,707,5.0,4.274816513061523
7,656,3.0,4.597411632537842
848,610,5.0,4.2512030601501465
551,3,5.0,3.313075542449951
883,952,3.0,3.7605767250061035
577,217,5.0,3.7610816955566406
848,496,2.0,4.700308322906494
926,262,3.0,3.827435255050659
479,117,3.0,3.338507652282715
305,285,5.0,4.028214454650879
535,11,4.0,3.962695360183716
125,376,3.0,3.0196077823638916
399,72,4.0,3.014935255050659
891,756,4.0,3.4973695278167725
883,745,5.0,4.074031352996826
775,327,5.0,3.642716646194458
417,642,5.0,3.47601318359375
298,194,5.0,4.274966716766357
864,9,5.0,4.246917247772217
8,684,4.0,4.321717739105225
545,176,4.0,3.902940034866333
690,77,3.0,3.091526746749878
13,402,4.0,3.1502444744110107
737,428,4.0,3.880525588989258
416,97,5.0,4.376204967498779
18,285,5.0,4.40907096862793
250,678,2.0,3.11722731590271
130,1034,2.0,3.133211135864258
326,452,3.0,2.480576753616333
13,2,3.0,2.8360447883605957
534,685,3.0,4.262375831604004
268,728,2.0,2.1750428676605225
297,736,4.0,3.7938108444213867
923,763,4.0,4.3844451904296875
536,387,3.0,3.9737637042999268
90,875,1.0,3.365293025970459
653,164,3.0,2.780245780944824
378,284,3.0,3.2055184841156006
645,96,3.0,4.379936695098877
345,282,3.0,3.7063207626342773
933,63,2.0,1.75384521484375
57,410,3.0,3.675384759902954
286,191,4.0,4.493935585021973
74,245,3.0,3.3738155364990234
382,1229,5.0,2.576833963394165
176,268,5.0,3.9321200847625732
799,127,4.0,4.644935607910156
437,286,2.0,3.7371060848236084
354,1466,5.0,3.802607536315918
59,177,4.0,4.332655906677246
592,184,5.0,3.715432643890381
498,210,2.0,3.5432443618774414
130,692,5.0,4.507983684539795
447,1028,3.0,3.0746383666992188
896,789,2.0,3.2425460815429688
301,216,4.0,3.9463512897491455
102,211,3.0,3.1037368774414062
271,89,3.0,4.291223049163818
854,461,3.0,3.3906588554382324
870,64,5.0,4.4342217445373535
72,234,4.0,3.755606174468994
605,754,3.0,3.237715721130371
851,1105,4.0,3.0085904598236084
487,188,4.0,4.070711612701416
181,872,1.0,1.4366419315338135
823,128,2.0,3.953990936279297
795,17,2.0,2.9204225540161133
328,427,3.0,4.195865154266357
234,629,4.0,2.640305519104004
840,516,5.0,4.26649284362793
437,50,5.0,4.421544551849365
522,79,3.0,4.434586048126221
820,751,1.0,3.328472852706909
911,482,4.0,4.132758617401123
171,292,4.0,3.4383556842803955
214,246,2.0,4.0839385986328125
407,204,3.0,3.819260835647583
246,164,3.0,3.4458532333374023
751,751,4.0,3.5182700157165527
514,429,4.0,4.214871883392334
210,25,4.0,4.027568817138672
846,1220,2.0,3.6817972660064697
26,1010,2.0,3.216508626937866
293,366,2.0,2.651419162750244
878,60,4.0,3.839716672897339
133,316,4.0,4.046097278594971
830,385,4.0,3.549576759338379
151,741,2.0,3.9955735206604004
567,190,4.0,4.38831901550293
927,274,1.0,3.9976096153259277
894,883,3.0,3.703059196472168
932,174,4.0,4.675041675567627
405,469,1.0,2.0443928241729736
805,58,4.0,3.537365436553955
65,191,4.0,4.47164249420166
587,342,1.0,2.5378146171569824
749,186,4.0,4.251525402069092
720,316,4.0,4.365162372589111
566,156,4.0,3.803802967071533
886,558,3.0,3.75026535987854
876,435,4.0,4.262390613555908
174,278,5.0,3.120885133743286
665,508,2.0,3.511549472808838
774,294,1.0,1.6968191862106323
290,227,2.0,3.242408275604248
848,185,3.0,4.647932529449463
791,304,4.0,3.962613344192505
54,272,5.0,4.606173992156982
203,151,4.0,3.981600761413574
655,8,3.0,3.251173496246338
592,23,5.0,5.086937427520752
891,126,5.0,4.482186794281006
405,543,1.0,2.08841872215271
242,268,5.0,4.5294108390808105
795,710,3.0,3.353938579559326
671,578,3.0,3.566377639770508
606,473,4.0,3.6453514099121094
671,22,4.0,4.246790885925293
823,17,4.0,3.61305570602417
938,245,3.0,3.3447868824005127
554,21,1.0,2.9930496215820312
374,642,1.0,3.528979539871216
197,1419,2.0,2.4033942222595215
393,168,4.0,3.737083911895752
836,288,1.0,3.3823423385620117
330,729,5.0,4.639407634735107
491,340,4.0,3.598799705505371
870,111,3.0,3.3097782135009766
42,735,4.0,3.910513401031494
854,125,3.0,2.9256532192230225
144,181,4.0,3.9744465351104736
645,98,4.0,4.671677112579346
85,481,4.0,3.7682700157165527
101,257,4.0,3.766184091567993
452,641,3.0,4.055232048034668
448,900,3.0,3.6895265579223633
293,4,4.0,3.3314595222473145
880,468,3.0,3.5124688148498535
680,845,4.0,3.593364715576172
643,1028,3.0,3.058004379272461
577,44,3.0,3.815314531326294
399,628,3.0,2.975203037261963
373,494,4.0,4.164881706237793
522,96,3.0,4.417393684387207
160,123,4.0,3.2903242111206055
519,1293,5.0,4.916168212890625
554,95,4.0,3.8162307739257812
450,225,4.0,3.6160311698913574
500,739,2.0,3.004587173461914
903,1381,4.0,3.783473014831543
746,82,4.0,3.909773111343384
187,735,4.0,4.019895553588867
499,87,4.0,4.005914211273193
16,234,5.0,4.511379718780518
95,70,4.0,3.731872797012329
795,135,3.0,3.6737356185913086
566,2,5.0,2.957246780395508
130,772,4.0,4.165593147277832
846,441,4.0,2.9217844009399414
529,1038,4.0,3.3529999256134033
545,993,2.0,3.4561164379119873
224,333,3.0,3.0904998779296875
735,319,4.0,3.053107738494873
694,22,5.0,4.610321044921875
885,278,3.0,2.8229713439941406
313,117,4.0,3.664422035217285
682,576,4.0,2.899069309234619
764,89,4.0,4.463785171508789
184,956,3.0,3.7144241333007812
178,792,5.0,3.904684543609619
327,588,4.0,3.5157408714294434
543,24,3.0,3.3812220096588135
197,227,3.0,3.2552239894866943
232,651,3.0,4.290107250213623
869,1382,3.0,2.3203513622283936
527,511,5.0,4.215330600738525
121,458,1.0,2.5706677436828613
307,1411,4.0,3.233272075653076
444,251,5.0,4.7372918128967285
87,367,4.0,4.063059329986572
393,378,4.0,3.621490001678467
926,315,4.0,4.124927520751953
200,419,4.0,4.355778694152832
897,1033,4.0,3.4775402545928955
833,1070,5.0,3.3846540451049805
102,550,2.0,2.4781198501586914
236,265,2.0,3.6934425830841064
500,522,4.0,3.8065826892852783
66,9,4.0,3.88358736038208
721,161,5.0,3.8279898166656494
476,67,4.0,3.0056612491607666
437,423,5.0,3.8382925987243652
64,969,3.0,3.7829487323760986
213,511,4.0,4.828280448913574
774,385,1.0,1.9583126306533813
71,302,3.0,4.330923080444336
28,79,4.0,4.24630880355835
311,132,4.0,4.1461687088012695
629,245,3.0,3.226130485534668
859,1048,3.0,3.7268552780151367
344,284,3.0,3.0454375743865967
279,666,2.0,3.395199775695801
663,299,2.0,2.8035295009613037
402,222,4.0,3.854875326156616
624,269,4.0,4.343022346496582
52,1011,4.0,4.01026725769043
749,99,5.0,4.001239776611328
860,204,4.0,3.58609938621521
90,306,4.0,4.548424243927002
63,678,2.0,2.1553030014038086
833,1154,4.0,2.1528990268707275
721,229,5.0,3.521587371826172
504,75,4.0,3.648597240447998
387,217,3.0,2.8619086742401123
878,659,4.0,3.7479407787323
374,124,3.0,4.130914211273193
382,150,2.0,3.3678793907165527
200,227,5.0,4.145618915557861
31,490,4.0,4.194791316986084
222,465,2.0,3.327798843383789
677,687,4.0,3.0132553577423096
488,299,3.0,2.5632119178771973
79,906,5.0,3.8405537605285645
822,169,4.0,4.094457626342773
49,334,4.0,2.7932708263397217
659,648,3.0,4.161153793334961
393,623,3.0,3.423478364944458
682,229,4.0,2.987788200378418
559,55,4.0,3.484930992126465
708,25,3.0,3.5906686782836914
253,1016,3.0,3.8061609268188477
318,127,5.0,4.450711250305176
864,422,3.0,2.816985845565796
890,101,2.0,3.071796417236328
454,611,2.0,3.341809034347534
336,368,1.0,1.3392746448516846
13,439,1.0,1.1003506183624268
257,676,4.0,3.736236810684204
676,272,4.0,4.632731914520264
667,137,3.0,3.9998953342437744
16,158,4.0,2.7228896617889404
606,1151,3.0,2.386354923248291
842,749,4.0,3.508890151977539
76,293,4.0,3.8877623081207275
663,924,3.0,3.472926616668701
293,160,4.0,3.22629451751709
152,220,5.0,4.442795753479004
749,1337,3.0,2.2597250938415527
666,163,3.0,3.55355167388916
807,505,3.0,4.082301616668701
457,370,3.0,2.8597326278686523
932,154,5.0,4.280521869659424
385,558,2.0,3.2667548656463623
561,141,2.0,3.0014753341674805
650,180,3.0,3.6501898765563965
869,249,4.0,2.614928722381592
879,276,4.0,3.766458749771118
688,307,4.0,5.173418045043945
525,595,2.0,2.6335701942443848
256,471,5.0,4.367220401763916
99,25,3.0,3.6652934551239014
639,202,2.0,2.947035789489746
714,111,3.0,3.793245315551758
504,65,4.0,3.6435539722442627
871,197,3.0,3.857476234436035
503,20,5.0,3.72540283203125
553,238,5.0,4.129619598388672
276,151,5.0,4.107380390167236
608,44,4.0,3.3258795738220215
890,530,4.0,4.516336917877197
474,116,5.0,4.218844890594482
251,845,4.0,3.603874444961548
256,283,3.0,4.322752475738525
148,69,5.0,4.0835394859313965
92,42,4.0,3.955256938934326
339,530,5.0,4.595442295074463
862,230,3.0,4.341857433319092
854,514,4.0,3.6666228771209717
187,65,5.0,3.818057060241699
437,684,3.0,3.797973394393921
296,523,4.0,4.812628746032715
655,860,3.0,2.3887484073638916
929,195,4.0,3.77048921585083
279,1361,3.0,3.752279758453369
325,1118,3.0,3.086094379425049
757,1090,2.0,2.358229398727417
159,25,5.0,3.7227375507354736
97,435,4.0,4.271880626678467
883,19,2.0,4.210353374481201
694,660,3.0,4.090853214263916
158,182,5.0,4.357197284698486
460,293,4.0,3.615504503250122
624,123,3.0,3.314213752746582
521,1240,3.0,3.493563175201416
401,707,2.0,3.39841890335083
207,568,4.0,3.288609504699707
316,531,5.0,3.2931854724884033
639,311,3.0,3.0016469955444336
281,338,2.0,2.898017406463623
378,1061,2.0,2.797635555267334
565,83,5.0,4.698238849639893
747,1028,1.0,2.99623441696167
454,483,3.0,3.6306443214416504
151,196,4.0,4.382187843322754
566,856,5.0,3.7209408283233643
903,129,3.0,4.072027683258057
592,1048,3.0,3.0962257385253906
653,573,1.0,2.380674362182617
312,211,4.0,4.438479900360107
867,603,5.0,4.830510139465332
854,173,4.0,3.955890655517578
620,138,5.0,3.5900285243988037
55,678,3.0,2.184260129928589
329,186,3.0,3.779362201690674
429,387,4.0,3.230778694152832
323,7,2.0,4.075160980224609
325,650,3.0,3.3107385635375977
56,483,4.0,4.738616466522217
521,203,3.0,3.429461717605591
450,252,3.0,3.5033059120178223
332,815,4.0,4.130448818206787
399,288,3.0,2.8927125930786133
456,50,4.0,4.337920188903809
551,155,4.0,3.2770087718963623
890,286,5.0,3.9604477882385254
67,546,3.0,3.8257644176483154
268,1188,3.0,2.1493046283721924
164,117,5.0,4.697912693023682
595,845,3.0,3.495603561401367
160,412,3.0,2.2146499156951904
145,3,3.0,3.353489875793457
81,410,4.0,3.188504457473755
193,1132,3.0,2.867983341217041
546,286,2.0,4.119791030883789
760,1037,5.0,2.1302502155303955
406,480,4.0,4.104216575622559
699,221,4.0,3.3494763374328613
220,294,4.0,3.415681838989258
588,168,5.0,4.209048271179199
201,567,3.0,2.4901247024536133
474,193,4.0,4.355962753295898
378,727,4.0,3.3724265098571777
483,91,3.0,3.1503121852874756
916,1011,4.0,3.1416783332824707
534,294,5.0,4.168533802032471
82,197,4.0,3.935316562652588
125,210,5.0,4.08750057220459
746,161,3.0,3.4147086143493652
160,3,3.0,3.18707275390625
224,70,2.0,3.2201943397521973
775,750,5.0,3.8340680599212646
638,82,2.0,3.5800886154174805
497,96,4.0,3.818897008895874
454,82,4.0,2.9562015533447266
274,118,4.0,3.4200592041015625
488,178,4.0,3.9906320571899414
450,421,4.0,4.097817897796631
924,526,3.0,3.8410940170288086
648,629,4.0,3.2537448406219482
854,945,3.0,3.6920132637023926
314,591,5.0,4.052006721496582
940,382,3.0,3.3854668140411377
235,7,4.0,3.956657886505127
104,751,4.0,2.8523502349853516
279,94,3.0,3.5078506469726562
301,161,3.0,3.7580995559692383
694,196,5.0,4.258634090423584
581,137,5.0,3.955740451812744
268,72,3.0,2.725381374359131
508,568,4.0,3.629934787750244
894,698,4.0,3.4810454845428467
510,294,3.0,3.019857406616211
86,889,5.0,3.895683765411377
898,302,4.0,4.284085273742676
786,70,4.0,3.8937079906463623
298,275,3.0,4.107934474945068
497,230,2.0,3.2773990631103516
104,1115,4.0,2.843111515045166
753,304,4.0,3.198528528213501
883,338,4.0,3.5267486572265625
870,959,4.0,3.4901976585388184
347,403,5.0,3.5731163024902344
458,209,4.0,4.112752914428711
288,520,5.0,4.4023213386535645
489,289,2.0,3.7803616523742676
82,241,3.0,3.3894171714782715
648,21,3.0,2.855593204498291
363,290,3.0,2.8235011100769043
56,692,4.0,3.968689441680908
898,286,2.0,3.820929527282715
63,259,3.0,2.286301851272583
794,14,5.0,4.5587849617004395
714,477,2.0,3.579040050506592
217,576,1.0,2.7797069549560547
383,484,4.0,4.528994560241699
294,1047,3.0,2.90187931060791
435,549,3.0,3.517576217651367
180,1131,5.0,4.671844959259033
603,250,5.0,3.613363742828369
101,1051,2.0,2.957080841064453
246,746,4.0,3.5196352005004883
409,83,3.0,4.070425987243652
210,274,5.0,3.9913530349731445
703,9,2.0,4.180314540863037
28,568,4.0,3.8199355602264404
13,736,4.0,3.878187656402588
521,496,2.0,3.7503550052642822
263,222,4.0,3.9342920780181885
297,535,3.0,2.827178955078125
928,358,5.0,4.23880672454834
716,842,3.0,3.159050941467285
130,1248,3.0,4.117679119110107
655,1268,3.0,3.1620140075683594
18,198,3.0,4.181013584136963
246,97,3.0,3.5993595123291016
141,880,1.0,3.278942108154297
716,122,2.0,2.288222074508667
314,1014,3.0,3.7685861587524414
455,1136,3.0,3.390129804611206
828,270,5.0,3.0757906436920166
890,174,5.0,4.611198902130127
694,127,5.0,4.627224445343018
553,178,5.0,4.607177257537842
344,473,4.0,3.0930304527282715
694,483,5.0,4.8517279624938965
336,275,4.0,4.006960868835449
933,39,3.0,2.18953013420105
464,12,5.0,5.052450656890869
392,493,4.0,4.711266994476318
707,163,2.0,3.4577784538269043
365,948,1.0,2.1473779678344727
932,890,1.0,1.713186264038086
252,290,3.0,4.067879676818848
394,184,3.0,4.033715724945068
450,750,3.0,4.331875324249268
58,645,5.0,4.09782600402832
214,652,4.0,4.021501541137695
793,1365,2.0,1.9513299465179443
1,5,3.0,2.803037166595459
417,783,3.0,3.078253746032715
7,606,3.0,4.488043308258057
295,144,4.0,4.510440349578857
721,406,1.0,3.139894485473633
398,403,4.0,3.3973429203033447
399,164,2.0,3.089657783508301
844,216,5.0,3.8173327445983887
250,235,2.0,3.6107850074768066
450,167,5.0,3.8263373374938965
37,55,3.0,4.008064270019531
624,319,3.0,3.6013903617858887
798,671,2.0,3.4170289039611816
381,283,5.0,4.197495460510254
671,82,4.0,3.815781831741333
773,639,4.0,3.322105884552002
445,293,3.0,2.4283695220947266
766,518,3.0,3.4814329147338867
632,55,2.0,3.8297271728515625
838,153,4.0,4.152902126312256
872,363,4.0,3.4406895637512207
417,769,1.0,2.7479937076568604
141,825,4.0,3.4553894996643066
689,717,3.0,3.0672552585601807
711,729,3.0,3.6751134395599365
537,484,4.0,3.5560951232910156
434,833,4.0,3.860872268676758
292,79,5.0,4.715599536895752
73,657,5.0,4.47174596786499
374,717,3.0,2.984827756881714
139,475,5.0,4.258148670196533
207,121,3.0,3.3083348274230957
92,191,4.0,4.366435527801514
889,195,4.0,3.850386142730713
864,73,5.0,3.9468939304351807
28,529,4.0,4.1639862060546875
585,1485,3.0,4.162337303161621
109,154,2.0,3.7891933917999268
326,399,4.0,2.7227516174316406
608,187,4.0,4.206789016723633
537,848,3.0,2.9507007598876953
918,174,3.0,3.8547449111938477
297,22,4.0,4.159900188446045
327,559,2.0,2.741847515106201
660,259,4.0,1.9558730125427246
804,510,5.0,4.026456832885742
298,530,5.0,4.348644256591797
442,42,4.0,3.62678861618042
846,11,5.0,4.1772236824035645
643,177,4.0,4.054787635803223
553,56,4.0,4.363712310791016
504,371,3.0,3.6391475200653076
583,175,5.0,4.4024882316589355
90,482,5.0,4.636649131774902
222,396,1.0,3.0603530406951904
691,227,4.0,3.82377028465271
279,932,3.0,3.3711562156677246
541,924,5.0,3.7641897201538086
133,294,3.0,2.6460554599761963
615,937,2.0,3.611856698989868
930,244,4.0,2.4941625595092773
192,235,3.0,2.8641278743743896
469,610,4.0,4.403589725494385
92,260,1.0,2.4514832496643066
312,611,5.0,4.710761547088623
583,483,5.0,5.033126354217529
345,747,3.0,3.6199028491973877
160,150,4.0,4.195984363555908
881,54,4.0,3.233884811401367
222,358,2.0,2.150928497314453
538,692,3.0,3.253072738647461
3,350,3.0,2.9252052307128906
16,172,5.0,4.964841365814209
708,1280,1.0,2.7595417499542236
286,405,3.0,3.875749349594116
154,191,4.0,4.580048084259033
498,191,4.0,3.8734989166259766
507,338,5.0,4.557377815246582
457,66,4.0,4.104704856872559
749,292,4.0,3.8814079761505127
151,419,3.0,4.211189270019531
577,829,3.0,3.588353395462036
278,286,5.0,4.048189163208008
43,280,3.0,3.6232833862304688
422,276,5.0,3.8470518589019775
751,193,5.0,3.9457335472106934
524,239,2.0,3.3601348400115967
298,423,5.0,4.129820346832275
437,721,2.0,3.500924587249756
695,268,5.0,3.5377895832061768
59,1074,4.0,3.2514564990997314
766,229,3.0,2.8033928871154785
606,284,4.0,3.716001510620117
253,243,2.0,2.4051411151885986
92,934,2.0,2.6141369342803955
189,1065,5.0,3.9655683040618896
788,984,3.0,2.753336191177368
486,995,4.0,3.1132097244262695
524,480,4.0,4.088166236877441
393,724,3.0,3.3475465774536133
318,892,3.0,3.096296548843384
825,926,4.0,3.613074779510498
629,317,4.0,4.566977024078369
194,241,2.0,3.1538949012756348
901,28,5.0,4.1017069816589355
566,763,4.0,2.9945292472839355
130,329,4.0,4.205773830413818
659,134,4.0,4.297607898712158
815,402,5.0,3.5621891021728516
423,326,4.0,3.3182311058044434
450,479,4.0,4.627201557159424
331,306,5.0,3.8422749042510986
59,650,5.0,4.017662048339844
504,204,3.0,3.968932867050171
601,183,4.0,3.7627334594726562
54,302,4.0,4.476715564727783
483,99,3.0,3.2530713081359863
655,734,3.0,2.4381258487701416
608,318,4.0,4.463409900665283
868,81,4.0,3.2974863052368164
130,121,5.0,4.389561653137207
548,924,3.0,3.757932186126709
711,181,4.0,4.3775787353515625
851,410,4.0,3.6282763481140137
870,65,3.0,3.409494638442993
246,98,4.0,4.337250232696533
416,937,2.0,4.18472146987915
109,924,3.0,3.5366415977478027
830,399,5.0,2.8803725242614746
472,94,5.0,4.359956741333008
1,182,4.0,4.561192035675049
581,50,4.0,4.518635272979736
655,483,4.0,3.7528634071350098
321,654,4.0,3.9910967350006104
527,324,3.0,3.117551803588867
354,660,3.0,3.7554702758789062
222,375,1.0,1.6734057664871216
151,1006,1.0,3.520418167114258
883,208,4.0,4.148658275604248
503,246,5.0,4.39883279800415
295,812,4.0,3.9846603870391846
94,234,5.0,4.3413214683532715
235,1464,4.0,1.571916103363037
294,363,1.0,3.000037670135498
693,428,3.0,3.2953813076019287
343,228,5.0,4.2649455070495605
216,673,4.0,3.912491798400879
648,164,4.0,3.4954822063446045
858,678,1.0,2.8371565341949463
592,50,5.0,5.2621331214904785
392,179,5.0,4.420316696166992
387,475,3.0,3.897644281387329
1,43,4.0,2.354032516479492
653,258,3.0,3.0203115940093994
548,185,5.0,4.25374698638916
90,317,4.0,4.528221607208252
648,722,3.0,2.8726749420166016
451,876,4.0,2.6637115478515625
590,100,5.0,4.356422424316406
397,358,2.0,1.8499994277954102
788,7,4.0,3.685211658477783
49,172,1.0,3.7229483127593994
727,24,3.0,3.38165283203125
823,26,5.0,3.8529553413391113
201,631,2.0,3.2239155769348145
269,476,1.0,2.089838981628418
276,800,3.0,2.801271438598633
7,463,4.0,4.223199844360352
774,673,2.0,2.049874782562256
452,481,5.0,3.6990036964416504
882,11,4.0,4.543515682220459
18,510,4.0,4.113131523132324
704,1299,3.0,2.886667251586914
796,591,3.0,3.696702003479004
354,272,3.0,4.326054573059082
80,45,4.0,4.028600692749023
406,414,2.0,3.5426864624023438
570,258,3.0,3.471033811569214
505,204,3.0,3.5591824054718018
32,100,3.0,4.004415035247803
883,306,3.0,4.198098659515381
606,100,5.0,4.482758522033691
506,261,3.0,2.0718719959259033
447,508,3.0,3.937589645385742
106,211,4.0,3.9658894538879395
151,462,4.0,4.321486949920654
774,218,1.0,1.9993529319763184
215,157,4.0,3.819624900817871
882,369,3.0,2.840707302093506
888,153,4.0,4.455024242401123
608,157,1.0,3.6329457759857178
578,258,1.0,3.175515651702881
893,50,5.0,4.592447280883789
543,770,4.0,3.362987518310547
417,1539,2.0,1.6669421195983887
521,246,4.0,3.5782556533813477
861,45,5.0,4.244617938995361
25,7,4.0,3.9737632274627686
595,14,5.0,4.290709495544434
356,892,1.0,2.9502124786376953
85,516,4.0,3.87325382232666
248,114,5.0,4.049768447875977
384,316,5.0,4.469111919403076
720,345,2.0,3.750776767730713
634,1009,2.0,3.5487942695617676
619,809,1.0,3.229435443878174
216,172,4.0,4.678123474121094
676,250,4.0,3.4768226146698
339,488,5.0,4.692760944366455
91,474,3.0,4.431994438171387
823,83,3.0,4.71071720123291
648,384,4.0,2.9340734481811523
341,1527,4.0,3.3183088302612305
655,578,2.0,2.6676735877990723
234,430,4.0,3.5090885162353516
144,73,3.0,3.530029296875
538,127,5.0,4.276901721954346
588,125,3.0,3.9708118438720703
122,519,4.0,4.3732590675354
846,510,4.0,4.287140369415283
182,123,4.0,3.171173095703125
85,135,5.0,3.8675761222839355
871,359,3.0,3.48254656791687
184,22,3.0,4.322579383850098
943,443,2.0,3.9920148849487305
286,763,2.0,3.910414457321167
628,330,5.0,4.45736837387085
499,463,5.0,3.816840410232544
250,159,4.0,3.8666958808898926
769,111,5.0,3.346940279006958
870,603,5.0,4.2740936279296875
632,763,3.0,3.180145025253296
23,70,2.0,3.7237186431884766
655,144,3.0,3.118215799331665
840,432,5.0,4.006525993347168
938,240,2.0,3.097196102142334
530,88,4.0,3.809746503829956
293,39,3.0,2.4920780658721924
327,196,4.0,3.6621603965759277
399,697,2.0,2.946317195892334
213,628,5.0,4.223888397216797
586,22,3.0,3.855694055557251
128,508,4.0,3.8221473693847656
807,393,4.0,3.9904911518096924
665,298,3.0,3.5494537353515625
24,763,5.0,4.163570880889893
284,301,5.0,3.4145286083221436
683,332,3.0,3.003532648086548
806,200,4.0,3.8711068630218506
486,879,3.0,3.0792999267578125
264,93,5.0,4.335387706756592
474,518,4.0,4.265336036682129
95,144,5.0,3.909637451171875
213,151,5.0,4.242741584777832
457,222,5.0,4.290525913238525
722,117,4.0,4.0462846755981445
209,127,5.0,4.1304612159729
56,720,3.0,3.4056787490844727
477,275,5.0,4.788525104522705
373,414,3.0,3.790790557861328
796,48,3.0,4.096458435058594
739,751,3.0,3.2167294025421143
608,268,4.0,3.812094211578369
561,154,4.0,3.332152843475342
308,1126,3.0,3.5438501834869385
65,476,3.0,3.4687788486480713
189,283,5.0,4.197894096374512
299,778,4.0,3.533358335494995
43,729,4.0,3.858736276626587
624,235,4.0,3.169792652130127
899,483,4.0,4.538571357727051
115,20,3.0,3.748767375946045
116,288,3.0,2.9277758598327637
827,329,3.0,3.2318496704101562
207,282,4.0,3.383662700653076
452,455,1.0,2.9258270263671875
425,271,5.0,2.889953136444092
147,904,5.0,4.21998929977417
303,1411,2.0,2.839935302734375
717,268,5.0,4.3092546463012695
848,490,5.0,4.585265636444092
503,318,5.0,4.864163398742676
98,502,2.0,3.664609909057617
281,308,1.0,3.5696935653686523
290,450,2.0,3.0204129219055176
417,208,3.0,3.8541195392608643
429,535,2.0,2.976952314376831
886,76,4.0,3.4092094898223877
533,1291,1.0,2.6796181201934814
314,72,2.0,3.972668170928955
15,303,3.0,3.40983247756958
616,292,4.0,3.7236340045928955
312,644,5.0,4.349913597106934
106,584,4.0,3.6140832901000977
592,92,5.0,4.097860813140869
293,258,3.0,3.6451668739318848
630,975,4.0,3.2779316902160645
373,186,5.0,4.068465709686279
533,147,1.0,3.308101177215576
7,431,4.0,4.122972011566162
221,386,3.0,3.4047460556030273
903,87,4.0,4.208785533905029
880,254,2.0,2.3976595401763916
887,127,3.0,4.525778770446777
697,689,4.0,3.5003137588500977
553,23,5.0,4.50147008895874
776,442,2.0,1.691847324371338
907,934,4.0,4.356998443603516
711,447,4.0,3.9763903617858887
326,563,3.0,2.276895046234131
330,252,4.0,4.367300987243652
394,228,5.0,4.314103126525879
751,434,4.0,3.9368183612823486
5,371,1.0,2.863361120223999
886,168,4.0,4.0901899337768555
429,250,2.0,3.3373448848724365
398,497,3.0,4.0910468101501465
655,944,3.0,2.6537539958953857
524,24,3.0,3.321726083755493
64,1141,5.0,3.4089717864990234
802,56,3.0,4.041213512420654
446,340,2.0,3.13427996635437
924,258,3.0,3.7562308311462402
650,546,1.0,2.5755233764648438
181,292,1.0,1.4017869234085083
11,11,2.0,3.8781180381774902
291,168,5.0,4.791776180267334
410,328,3.0,3.197962999343872
790,959,3.0,3.5335326194763184
728,287,4.0,3.9694955348968506
506,699,4.0,4.000187873840332
825,595,3.0,3.5854220390319824
13,651,5.0,4.205727577209473
514,713,3.0,3.9426023960113525
734,607,5.0,3.769541025161743
287,347,4.0,4.045454978942871
934,168,4.0,4.105936050415039
592,295,4.0,3.7714061737060547
452,805,4.0,3.6146657466888428
650,197,4.0,3.634570598602295
339,186,4.0,4.40115213394165
573,127,4.0,4.139578342437744
293,67,3.0,2.095104217529297
429,652,4.0,3.919070243835449
38,678,5.0,3.754072666168213
749,1274,2.0,1.8281376361846924
813,243,3.0,2.2067606449127197
318,968,3.0,3.906254291534424
74,331,4.0,3.5591979026794434
507,288,5.0,4.79885196685791
151,423,4.0,4.2275004386901855
387,772,4.0,2.79687762260437
244,9,5.0,3.9721322059631348
130,627,5.0,4.287141799926758
801,895,5.0,4.377509117126465
59,59,5.0,4.520874500274658
11,718,5.0,3.867263078689575
206,300,1.0,2.341139554977417
817,7,4.0,3.812826633453369
115,92,4.0,3.863797426223755
213,405,3.0,4.116106986999512
594,286,3.0,3.307591199874878
535,506,5.0,4.011053562164307
600,449,4.0,3.139049768447876
600,176,5.0,4.353394985198975
691,182,5.0,4.6665940284729
800,121,4.0,3.606322765350342
586,581,2.0,3.225703716278076
244,40,2.0,3.4632954597473145
741,95,2.0,3.8817973136901855
270,869,1.0,4.304622650146484
534,1028,5.0,4.223898887634277
21,979,2.0,3.3259878158569336
142,28,4.0,4.147590637207031
792,831,2.0,2.40716290473938
664,302,4.0,4.367525100708008
254,230,4.0,3.1082239151000977
663,121,4.0,3.3943774700164795
525,1011,3.0,3.367915391921997
21,696,2.0,2.6470909118652344
835,210,5.0,4.415968418121338
943,229,2.0,3.3039064407348633
10,495,4.0,4.174798011779785
658,69,4.0,3.7699337005615234
747,202,4.0,4.266141891479492
458,333,1.0,3.4520204067230225
654,1035,4.0,3.259335994720459
347,268,4.0,3.9272701740264893
436,761,4.0,3.419933319091797
711,763,1.0,3.41015625
206,314,1.0,1.2766780853271484
203,258,3.0,4.136057376861572
178,783,4.0,3.1043763160705566
234,1064,4.0,3.912659168243408
559,508,3.0,3.5105204582214355
678,287,3.0,3.5427329540252686
275,173,3.0,3.6512293815612793
314,7,4.0,4.070594310760498
148,501,4.0,3.7305850982666016
158,228,5.0,4.037225246429443
738,651,4.0,4.1466217041015625
378,1232,3.0,2.473815679550171
835,1673,3.0,3.792245864868164
807,168,4.0,4.11799955368042
243,191,5.0,4.29440975189209
110,28,4.0,3.5256218910217285
773,809,1.0,2.5959315299987793
417,420,4.0,3.533653974533081
719,87,2.0,3.6996493339538574
479,304,4.0,3.5020904541015625
655,712,3.0,2.6580965518951416
764,216,4.0,4.218403339385986
648,62,5.0,3.0962977409362793
26,298,3.0,3.4514479637145996
889,664,2.0,3.7201008796691895
749,240,1.0,2.910586357116699
339,99,4.0,4.150866508483887
603,380,4.0,3.7592380046844482
291,800,2.0,3.472689151763916
488,418,3.0,3.1251254081726074
833,226,3.0,2.7033612728118896
308,24,4.0,3.552675724029541
497,175,4.0,3.6446971893310547
303,997,2.0,1.8243073225021362
890,89,4.0,4.517852306365967
727,977,2.0,2.2782235145568848
385,631,3.0,3.199117660522461
596,682,4.0,3.4369559288024902
798,602,3.0,3.4499917030334473
846,562,5.0,3.37473201751709
478,780,3.0,2.755753517150879
259,288,3.0,3.7693066596984863
903,89,4.0,4.413597106933594
766,202,3.0,3.354466676712036
605,210,3.0,4.209619998931885
588,24,2.0,3.665994167327881
487,378,5.0,4.188666820526123
268,574,2.0,1.647674322128296
396,260,3.0,3.3594181537628174
546,590,4.0,3.268263339996338
435,64,5.0,4.557229995727539
489,303,4.0,4.051751613616943
455,279,3.0,3.430070161819458
154,945,3.0,4.254027366638184
276,595,2.0,2.62134051322937
207,88,2.0,3.286503553390503
510,1025,3.0,2.575197219848633
59,134,5.0,4.706406593322754
416,588,5.0,4.474067211151123
530,64,5.0,4.5909905433654785
281,310,4.0,3.973196506500244
533,88,4.0,3.3792672157287598
196,116,3.0,3.815918207168579
114,186,3.0,3.6257951259613037
894,289,2.0,3.3151469230651855
539,258,4.0,4.026745319366455
900,480,4.0,3.2497897148132324
904,603,4.0,4.4157233238220215
159,364,1.0,3.272794246673584
504,756,3.0,3.3200244903564453
533,245,3.0,3.009608745574951
846,1055,3.0,3.4988646507263184
38,465,5.0,4.135477066040039
296,248,5.0,4.195224285125732
798,38,4.0,3.3610126972198486
837,535,1.0,3.2283735275268555
293,196,4.0,3.784054756164551
407,316,4.0,4.0720133781433105
234,482,4.0,3.6159777641296387
11,107,4.0,3.6436266899108887
638,515,4.0,4.1663336753845215
185,740,4.0,3.6344237327575684
862,100,5.0,4.55276346206665
162,1011,4.0,3.5030269622802734
487,289,2.0,3.0806021690368652
771,243,3.0,3.1246883869171143
269,488,4.0,4.0037736892700195
639,60,3.0,3.4511728286743164
407,218,4.0,3.4406065940856934
735,690,4.0,3.1901636123657227
469,490,5.0,4.666635036468506
92,955,4.0,3.6121273040771484
393,153,3.0,3.5310635566711426
488,742,4.0,3.0537304878234863
181,1277,2.0,1.3939805030822754
58,955,4.0,3.5910441875457764
13,154,5.0,3.826321601867676
211,228,3.0,3.107074737548828
109,147,4.0,3.6911792755126953
117,895,2.0,3.742367744445801
566,705,4.0,3.82798433303833
525,475,3.0,4.013874053955078
361,226,3.0,2.9807071685791016
290,515,3.0,3.9944465160369873
664,678,2.0,2.128119945526123
706,325,1.0,2.9541468620300293
474,737,4.0,3.4846434593200684
566,378,4.0,3.629507064819336
804,468,4.0,3.58656644821167
524,504,5.0,3.800537586212158
235,474,5.0,4.491208553314209
428,347,4.0,4.0477142333984375
425,976,1.0,2.1490776538848877
190,294,3.0,3.2062950134277344
45,476,3.0,3.3764100074768066
304,682,3.0,3.0939595699310303
888,762,5.0,4.051692008972168
249,1069,5.0,4.170985698699951
846,232,3.0,3.597177505493164
416,1400,4.0,3.987638473510742
72,471,4.0,3.655816078186035
389,100,5.0,4.4244890213012695
13,629,1.0,3.0296411514282227
533,1033,4.0,2.468245029449463
638,204,5.0,3.670154571533203
615,300,4.0,3.3671493530273438
843,25,2.0,2.5793347358703613
363,234,3.0,3.503863573074341
304,893,3.0,2.437398910522461
200,380,5.0,4.238675117492676
13,750,5.0,3.921745777130127
416,185,4.0,4.7314300537109375
380,315,4.0,3.569976329803467
684,742,4.0,3.6138360500335693
299,607,4.0,3.8432981967926025
268,223,3.0,4.068131923675537
135,39,3.0,3.1418943405151367
342,1315,1.0,3.30814790725708
184,117,2.0,3.66713809967041
757,1016,3.0,3.467012882232666
327,23,4.0,3.9967589378356934
308,127,4.0,4.314468860626221
619,252,3.0,2.951277256011963
249,476,3.0,3.405972957611084
880,1423,3.0,2.293166160583496
151,628,5.0,3.8026838302612305
659,517,5.0,3.927050828933716
682,419,3.0,3.6437623500823975
766,136,3.0,3.8871140480041504
145,410,4.0,3.4783990383148193
766,499,3.0,3.6755003929138184
72,195,5.0,3.958681344985962
476,239,4.0,3.6387219429016113
437,1206,4.0,2.8583598136901855
875,582,5.0,3.999495506286621
796,449,4.0,3.427855968475342
606,11,5.0,4.248940944671631
632,237,3.0,3.7491774559020996
660,210,4.0,3.096606731414795
62,91,4.0,3.4283108711242676
918,381,5.0,3.254978656768799
666,70,4.0,3.665360450744629
132,124,4.0,4.0755462646484375
412,4,3.0,3.549738883972168
670,175,2.0,3.882594585418701
216,81,4.0,4.103599548339844
324,873,5.0,4.234679698944092
279,919,3.0,3.485630989074707
665,931,3.0,2.782424211502075
781,318,3.0,4.734364032745361
244,550,1.0,3.734154224395752
748,474,4.0,4.160113334655762
239,701,5.0,4.345355033874512
83,756,4.0,2.985119342803955
347,182,5.0,4.222559452056885
476,451,3.0,3.4334630966186523
899,51,1.0,3.45072078704834
623,15,4.0,3.6352789402008057
462,288,5.0,4.130634784698486
398,654,4.0,4.13553524017334
219,269,5.0,4.41437292098999
328,754,4.0,3.104647636413574
882,1412,3.0,1.8707667589187622
401,204,5.0,3.2813055515289307
725,15,4.0,4.041519641876221
459,596,3.0,3.3107213973999023
219,936,4.0,4.207981109619141
766,217,4.0,2.887551784515381
697,7,5.0,4.387256622314453
787,305,3.0,3.740079641342163
417,325,2.0,3.132812738418579
450,728,3.0,3.5211257934570312
186,298,3.0,3.6564271450042725
665,234,3.0,3.5757896900177
545,549,4.0,3.520690679550171
435,211,4.0,3.9793970584869385
805,223,5.0,4.006662845611572
321,730,3.0,3.577434539794922
763,462,5.0,4.064380645751953
291,571,2.0,2.580369472503662
263,378,5.0,4.235587120056152
572,300,4.0,3.1082639694213867
831,328,3.0,3.2532129287719727
639,197,3.0,3.350801944732666
815,127,3.0,4.556243419647217
711,365,3.0,3.3638415336608887
59,609,2.0,4.018063068389893
222,418,2.0,3.4183919429779053
387,1198,3.0,3.4871599674224854
5,110,1.0,2.1224608421325684
293,1147,4.0,3.4998228549957275
283,168,5.0,4.545286655426025
535,64,5.0,4.625722408294678
9,487,5.0,4.327979564666748
913,202,4.0,3.4289350509643555
848,393,5.0,3.9487669467926025
739,216,4.0,3.6524100303649902
354,10,5.0,3.9804539680480957
897,405,5.0,4.021981239318848
4,328,3.0,4.5994391441345215
542,1,4.0,3.7982826232910156
763,198,5.0,4.237955570220947
880,328,4.0,3.688262939453125
748,86,4.0,3.827920436859131
201,1128,4.0,2.6283185482025146
830,56,2.0,4.404761791229248
38,211,1.0,4.227623462677002
189,276,3.0,4.010937690734863
334,403,4.0,3.3918795585632324
224,329,3.0,2.9099981784820557
256,724,4.0,4.171677112579346
292,199,5.0,4.891489028930664
11,291,4.0,3.3588364124298096
498,50,4.0,4.002503395080566
841,307,5.0,4.026444435119629
396,977,3.0,3.2132253646850586
378,1478,3.0,2.851087808609009
416,284,4.0,3.9033188819885254
697,881,2.0,3.1420130729675293
655,900,3.0,3.2164220809936523
693,258,4.0,3.213256359100342
637,13,1.0,2.6259660720825195
60,180,4.0,4.410655498504639
354,135,3.0,3.9968228340148926
618,148,3.0,2.677877902984619
36,875,3.0,3.726760149002075
807,477,4.0,3.767178535461426
810,326,5.0,4.6696600914001465
625,528,3.0,3.897402763366699
653,546,2.0,2.149270534515381
320,470,5.0,4.023385524749756
6,521,4.0,3.7607645988464355
7,259,3.0,3.115915536880493
222,636,4.0,3.1150689125061035
254,1444,3.0,2.4441580772399902
23,275,5.0,3.970188617706299
374,233,3.0,3.508713722229004
295,389,4.0,4.426905155181885
846,95,3.0,4.102288722991943
825,106,4.0,3.5399279594421387
483,405,3.0,3.0203843116760254
843,145,3.0,2.4314491748809814
504,162,4.0,3.761075496673584
330,204,5.0,4.855483531951904
897,498,5.0,4.548609256744385
276,463,4.0,4.231008052825928
524,416,4.0,3.4207921028137207
465,603,4.0,3.8611655235290527
279,685,3.0,3.489204168319702
883,55,4.0,3.9463469982147217
269,747,4.0,2.88344407081604
787,350,1.0,3.285654306411743
429,510,4.0,3.9825072288513184
181,1373,1.0,1.4059720039367676
682,943,3.0,3.3868393898010254
618,655,4.0,3.6558380126953125
301,790,4.0,3.444438934326172
254,103,2.0,2.23225474357605
200,523,4.0,4.535947799682617
535,197,5.0,4.164328098297119
435,358,4.0,2.374016523361206
655,1011,3.0,2.6778533458709717
450,549,3.0,4.055002689361572
318,94,4.0,3.7622718811035156
828,557,2.0,2.7355403900146484
44,172,4.0,4.3394455909729
749,984,3.0,2.8034324645996094
269,1154,3.0,1.806748628616333
758,231,3.0,3.238983154296875
279,1162,3.0,2.3729467391967773
94,472,3.0,2.9625115394592285
485,321,3.0,2.704308032989502
299,602,3.0,3.502011775970459
151,88,5.0,3.7345449924468994
271,220,3.0,3.1342897415161133
45,15,4.0,4.092336177825928
921,778,3.0,3.310418128967285
655,803,3.0,2.540459632873535
864,734,3.0,2.8894786834716797
48,524,3.0,4.056960105895996
416,213,5.0,4.7271342277526855
593,4,4.0,3.7417502403259277
514,682,4.0,3.043631076812744
378,295,3.0,3.491462230682373
160,56,5.0,4.462444305419922
234,808,2.0,2.023707866668701
429,385,3.0,3.4234299659729004
843,379,2.0,2.551806926727295
610,172,4.0,4.3204240798950195
244,197,4.0,4.218987941741943
627,177,5.0,3.584926128387451
655,475,3.0,3.163830518722534
655,1213,2.0,2.265167474746704
841,751,3.0,3.918062210083008
882,471,4.0,4.100878715515137
577,1271,3.0,3.5317230224609375
203,257,3.0,4.150519847869873
248,928,3.0,2.9651756286621094
288,286,4.0,3.872403621673584
299,733,3.0,3.530970573425293
653,765,1.0,2.088709831237793
880,375,1.0,2.1809210777282715
328,1109,3.0,3.28279972076416
58,9,4.0,3.962564468383789
521,240,3.0,2.337512969970703
332,934,2.0,3.8464136123657227
845,1234,4.0,2.228930711746216
62,21,3.0,1.803810954093933
698,516,2.0,3.0958213806152344
215,288,2.0,3.586806535720825
548,370,3.0,3.1559700965881348
339,156,5.0,4.37421178817749
159,117,5.0,4.004583835601807
194,640,1.0,2.6777029037475586
194,417,2.0,2.4982073307037354
699,828,3.0,3.061610698699951
244,95,4.0,3.942420721054077
145,486,3.0,4.044313907623291
267,685,3.0,3.72158145904541
437,42,3.0,3.8787050247192383
880,85,3.0,3.356034755706787
267,474,5.0,5.036855220794678
682,187,5.0,4.033483028411865
661,70,4.0,3.94378924369812
653,286,4.0,2.9664483070373535
318,282,4.0,4.038010597229004
690,70,2.0,3.324954032897949
21,980,2.0,3.591062545776367
297,588,4.0,3.667795181274414
897,179,3.0,4.214691638946533
523,662,4.0,4.539082050323486
663,260,2.0,2.6947858333587646
435,157,4.0,3.69474196434021
59,47,5.0,4.033797264099121
13,852,1.0,2.2353312969207764
296,276,5.0,4.283799648284912
654,121,4.0,3.4942328929901123
195,678,3.0,2.3730130195617676
3,344,4.0,3.4802629947662354
748,173,4.0,4.0315656661987305
817,876,4.0,2.72125244140625
308,73,3.0,3.7139811515808105
774,234,2.0,2.238680124282837
414,313,4.0,5.136851787567139
18,242,5.0,4.21018123626709
407,202,4.0,3.7091195583343506
936,118,3.0,3.4228460788726807
774,178,4.0,2.9041543006896973
743,276,5.0,3.9043593406677246
354,47,4.0,3.5818405151367188
566,49,2.0,3.136564254760742
221,358,3.0,3.2865078449249268
268,949,2.0,3.2194857597351074
102,501,2.0,2.6767430305480957
782,1378,2.0,2.8187294006347656
795,588,5.0,3.5128984451293945
1,175,5.0,4.276299953460693
185,196,4.0,4.147754192352295
145,411,2.0,2.9385266304016113
287,218,5.0,4.171828269958496
488,514,2.0,3.569596290588379
750,269,4.0,4.291469097137451
336,619,3.0,3.215259075164795
6,490,5.0,3.921248435974121
394,797,3.0,3.588961601257324
197,306,2.0,3.8869826793670654
435,155,3.0,2.9662318229675293
43,531,4.0,4.095468521118164
201,222,3.0,3.0646111965179443
532,22,5.0,5.109260082244873
664,513,4.0,4.6057305335998535
356,331,3.0,3.5570006370544434
524,474,4.0,4.130030155181885
663,685,4.0,3.3897383213043213
622,162,3.0,3.8297345638275146
44,196,4.0,4.042090892791748
457,318,5.0,5.230686664581299
655,1018,3.0,2.7181005477905273
271,216,5.0,4.000722408294678
13,821,3.0,2.4389917850494385
286,642,3.0,3.8997440338134766
130,413,3.0,3.481595039367676
145,100,5.0,4.277628421783447
342,792,3.0,3.706462860107422
299,173,5.0,4.066012859344482
655,619,3.0,2.700216293334961
788,231,3.0,2.8850016593933105
417,743,2.0,2.31658673286438
401,724,4.0,2.9996533393859863
268,232,3.0,3.05368971824646
72,679,2.0,3.3269059658050537
921,924,3.0,3.2208213806152344
181,3,2.0,1.3980093002319336
779,117,4.0,4.134339809417725
774,1091,1.0,1.3924790620803833
397,343,2.0,2.587714195251465
843,227,3.0,2.5794224739074707
823,450,1.0,2.3669931888580322
113,292,3.0,3.99257755279541
233,215,5.0,4.41255521774292
314,468,4.0,3.872313976287842
454,185,2.0,3.2253470420837402
51,485,1.0,3.7607533931732178
682,281,3.0,2.967902898788452
257,531,5.0,4.29604959487915
592,702,4.0,3.252476692199707
328,528,5.0,4.137439250946045
13,327,3.0,3.1250360012054443
213,97,5.0,4.348840713500977
176,151,4.0,3.778615951538086
347,1,4.0,4.0166144371032715
794,109,4.0,3.9950852394104004
838,121,2.0,4.180289268493652
540,281,3.0,3.51346492767334
903,59,4.0,4.303837299346924
312,968,5.0,4.2326860427856445
271,642,5.0,3.507683277130127
279,663,3.0,3.6213440895080566
533,591,4.0,3.5044445991516113
52,471,4.0,4.312239170074463
184,93,4.0,3.748974561691284
195,135,5.0,4.10983943939209
828,316,5.0,3.6561760902404785
796,322,3.0,3.4919371604919434
378,744,3.0,3.5469813346862793
378,546,2.0,2.961585283279419
57,249,5.0,3.6923329830169678
189,199,5.0,4.629318714141846
667,23,3.0,4.388926029205322
301,3,2.0,3.5700836181640625
297,751,4.0,3.342850685119629
515,258,4.0,3.3772969245910645
796,282,4.0,3.868168830871582
380,28,4.0,3.2836508750915527
339,484,5.0,4.627741813659668
368,288,3.0,3.230240821838379
72,45,5.0,3.9582669734954834
618,181,5.0,3.736180543899536
687,323,2.0,2.8299238681793213
397,332,2.0,3.0729875564575195
344,246,4.0,4.249177932739258
303,233,4.0,3.1197333335876465
488,612,4.0,3.5750441551208496
305,190,3.0,4.005295276641846
85,301,4.0,3.1800947189331055
9,50,5.0,4.788317680358887
125,238,3.0,4.0118303298950195
201,56,5.0,3.6384854316711426
934,771,3.0,2.9994730949401855
884,515,4.0,4.3732829093933105
472,323,4.0,4.22067403793335
75,118,3.0,3.1559743881225586
524,501,2.0,3.352961301803589
151,301,4.0,3.602665424346924
197,177,5.0,3.775280237197876
437,56,4.0,4.109922409057617
346,127,5.0,4.132993698120117
547,315,4.0,4.288224697113037
757,1240,3.0,3.8883495330810547
846,241,4.0,3.9797298908233643
682,623,3.0,2.694376230239868
639,61,3.0,3.241574764251709
761,261,1.0,2.018542766571045
76,1153,2.0,3.7590765953063965
904,815,4.0,3.689547061920166
892,274,4.0,3.902043581008911
62,22,4.0,4.323248386383057
398,692,4.0,3.499175548553467
192,284,5.0,3.1551194190979004
7,449,3.0,3.414550542831421
241,880,5.0,3.120480537414551
741,239,2.0,3.53309965133667
543,651,3.0,4.106400012969971
328,284,3.0,3.0691699981689453
48,243,3.0,2.656905174255371
627,2,3.0,2.9955711364746094
934,660,5.0,3.784350633621216
542,523,4.0,4.024599075317383
786,429,4.0,4.218372821807861
707,9,5.0,3.6359992027282715
609,287,5.0,3.0955634117126465
286,1060,5.0,3.695302963256836
542,23,5.0,4.1652512550354
37,403,5.0,3.751413106918335
692,287,3.0,3.3901758193969727
303,763,4.0,3.1159422397613525
294,406,2.0,2.517336368560791
387,203,4.0,3.791962146759033
787,269,3.0,3.9631617069244385
495,969,4.0,4.18265962600708
610,331,3.0,3.4805006980895996
160,763,4.0,3.4395670890808105
249,89,5.0,4.780407428741455
918,213,5.0,3.704352617263794
459,678,4.0,3.117405891418457
625,172,4.0,3.89157772064209
566,33,2.0,3.1378912925720215
855,462,4.0,3.3392698764801025
648,225,1.0,2.9935309886932373
663,544,4.0,3.3683817386627197
301,429,4.0,4.005006313323975
230,211,5.0,4.072506904602051
346,1090,2.0,2.4521713256835938
229,358,1.0,2.589108943939209
532,545,2.0,2.619765281677246
747,649,3.0,3.9198050498962402
918,747,3.0,2.946639060974121
279,659,5.0,3.773397445678711
900,1028,2.0,1.6131647825241089
457,53,4.0,3.4637856483459473
291,413,4.0,2.815509796142578
164,121,5.0,4.4599833488464355
650,849,2.0,2.380711793899536
541,1036,2.0,2.784306287765503
269,111,1.0,2.963920831680298
503,640,1.0,3.45522403717041
545,578,4.0,3.419099807739258
130,393,5.0,4.3371405601501465
716,1050,4.0,3.8804636001586914
102,436,2.0,2.8080968856811523
101,928,2.0,2.8611350059509277
380,1444,1.0,1.4565296173095703
919,1315,2.0,3.4798245429992676
460,289,4.0,2.916346311569214
396,329,2.0,3.5616893768310547
739,79,4.0,3.7962136268615723
185,480,4.0,4.468891143798828
385,367,4.0,2.991981029510498
334,549,4.0,3.481423854827881
843,288,4.0,2.542062282562256
236,195,2.0,3.761941432952881
405,521,4.0,2.2322816848754883
178,654,3.0,4.282078266143799
718,111,4.0,3.845808744430542
254,82,4.0,3.4715676307678223
180,462,5.0,4.296648979187012
94,1224,3.0,2.965643882751465
94,63,3.0,2.988879680633545
785,288,3.0,3.4503345489501953
342,762,2.0,3.3895645141601562
207,841,3.0,2.9349565505981445
625,945,3.0,3.631169319152832
537,91,2.0,2.7867259979248047
897,73,3.0,4.089371681213379
79,813,5.0,4.227420806884766
393,316,5.0,3.7304065227508545
577,79,4.0,4.197585105895996
295,722,4.0,3.9518678188323975
118,919,5.0,4.826355934143066
881,222,5.0,3.5496177673339844
343,25,2.0,3.778865098953247
442,710,5.0,3.4287755489349365
846,132,5.0,4.385025978088379
286,73,5.0,3.948089122772217
429,1011,4.0,3.258647918701172
435,333,3.0,3.4826772212982178
711,277,5.0,3.8631436824798584
287,50,5.0,4.951135158538818
851,693,5.0,4.125801086425781
804,2,4.0,3.7067079544067383
616,313,5.0,4.492837905883789
454,238,3.0,3.0328826904296875
224,157,4.0,3.202152729034424
648,810,4.0,2.980024576187134
629,301,3.0,3.7450904846191406
650,97,3.0,3.301421642303467
320,148,4.0,3.904061794281006
625,433,3.0,3.379927635192871
402,476,3.0,2.886185646057129
416,684,5.0,4.430215358734131
921,328,5.0,3.3207898139953613
409,178,5.0,4.433826923370361
551,25,1.0,3.8995697498321533
715,276,3.0,3.718939781188965
374,15,3.0,3.707030773162842
306,1028,2.0,3.4707303047180176
344,1014,4.0,2.9446582794189453
121,717,5.0,1.5664806365966797
347,273,5.0,3.5888328552246094
262,71,4.0,3.4208168983459473
453,68,4.0,3.4889612197875977
508,181,3.0,4.129640102386475
472,229,5.0,4.170938491821289
883,61,5.0,4.165299892425537
149,258,3.0,3.3568758964538574
706,245,3.0,3.175138473510742
102,746,2.0,2.8161706924438477
315,276,4.0,3.968566417694092
582,597,3.0,2.6634936332702637
453,33,4.0,3.3116540908813477
222,223,4.0,4.190215587615967
378,559,4.0,3.2377185821533203
343,163,5.0,3.8373923301696777
225,172,5.0,4.890810966491699
796,1076,2.0,2.957184314727783
95,505,3.0,4.0429229736328125
423,690,4.0,3.635596513748169
602,871,3.0,3.573249340057373
129,288,1.0,2.719052314758301
774,449,1.0,1.6155693531036377
230,371,4.0,3.7362780570983887
495,181,5.0,4.3989715576171875
621,559,5.0,3.7151308059692383
679,8,2.0,3.9707486629486084
202,286,1.0,2.8428351879119873
943,471,5.0,3.6807618141174316
22,386,3.0,2.4028077125549316
181,118,2.0,1.3464871644973755
374,88,3.0,3.661071538925171
435,52,5.0,3.9032881259918213
437,417,5.0,3.2014949321746826
664,276,5.0,3.7781481742858887
403,405,5.0,3.724039316177368
269,237,2.0,3.198601007461548
38,69,5.0,4.205165863037109
376,707,4.0,4.001894474029541
268,780,3.0,2.5105347633361816
497,187,5.0,3.9349422454833984
896,358,1.0,1.7164506912231445
828,86,3.0,3.4902801513671875
593,79,4.0,4.293332576751709
432,315,5.0,4.238449573516846
504,693,4.0,3.734792709350586
919,690,3.0,3.4001450538635254
299,435,3.0,3.836890935897827
880,28,5.0,4.180140018463135
405,57,1.0,2.427183151245117
687,340,4.0,3.932966709136963
360,523,3.0,4.386600971221924
374,619,3.0,3.446181535720825
361,514,5.0,3.9886562824249268
87,73,3.0,4.086936950683594
833,127,5.0,3.9549975395202637
499,193,4.0,3.9571263790130615
456,101,3.0,3.3306241035461426
125,1036,2.0,2.819378614425659
699,764,3.0,3.070822238922119
778,712,3.0,2.3993258476257324
249,182,5.0,4.68472146987915
299,381,3.0,3.561915874481201
621,241,4.0,4.028542995452881
92,101,2.0,3.3088419437408447
727,22,4.0,4.1871867179870605
889,60,3.0,4.0194411277771
643,12,5.0,4.612565517425537
169,495,3.0,3.8026809692382812
437,781,4.0,3.223947763442993
877,226,3.0,3.6314749717712402
606,15,5.0,4.131087779998779
10,698,4.0,3.9372239112854004
592,985,4.0,3.2381608486175537
399,1219,3.0,2.803638458251953
938,1152,3.0,3.472085475921631
66,1,3.0,3.9475297927856445
585,166,4.0,4.026714324951172
269,417,2.0,2.3798670768737793
682,17,3.0,3.1204745769500732
880,636,3.0,3.5640432834625244
650,579,3.0,2.3796019554138184
354,515,3.0,4.324105739593506
528,178,4.0,4.408010005950928
5,421,1.0,3.2738184928894043
534,455,5.0,4.189466953277588
60,173,4.0,4.493683338165283
452,509,4.0,3.72479248046875
536,416,4.0,3.9558355808258057
789,591,3.0,3.6572787761688232
224,686,4.0,3.198026657104492
805,162,2.0,3.5646791458129883
399,232,2.0,2.9143805503845215
486,1322,3.0,2.9501476287841797
548,12,5.0,4.596702575683594
279,977,4.0,3.2838025093078613
21,853,5.0,3.949178457260132
249,175,4.0,4.4874372482299805
151,485,5.0,4.379218578338623
301,758,3.0,2.4046530723571777
683,132,5.0,3.8425729274749756
659,241,3.0,3.7305831909179688
802,219,5.0,3.544567108154297
488,480,3.0,3.8878467082977295
712,812,4.0,3.771979331970215
881,202,4.0,3.7000651359558105
68,1028,4.0,1.874684453010559
880,109,4.0,3.734750747680664
660,219,1.0,2.5318188667297363
548,504,5.0,4.11498498916626
457,436,4.0,4.417555332183838
38,218,3.0,4.087038516998291
891,476,5.0,3.9223451614379883
181,262,2.0,1.503736138343811
391,12,5.0,4.531529903411865
315,178,4.0,4.683681011199951
472,100,5.0,4.580410957336426
896,1220,1.0,2.8528339862823486
207,107,3.0,3.2098708152770996
303,550,3.0,3.315521717071533
458,499,4.0,4.1300506591796875
453,423,4.0,3.8781137466430664
114,522,5.0,3.571302890777588
13,363,3.0,2.225086212158203
561,566,3.0,2.860964298248291
612,100,4.0,4.086149215698242
833,64,3.0,4.17806339263916
194,117,3.0,2.8861212730407715
184,275,5.0,3.961754322052002
201,358,1.0,2.3105356693267822
522,23,5.0,4.60150146484375
506,28,4.0,4.146645545959473
870,1134,4.0,3.2489852905273438
305,89,3.0,3.942708969116211
91,527,4.0,4.265315532684326
682,720,4.0,2.8515853881835938
566,88,3.0,3.2842655181884766
880,195,4.0,4.275576591491699
179,362,1.0,3.0280864238739014
383,504,4.0,4.298631191253662
79,10,5.0,4.203840732574463
567,109,2.0,3.5785207748413086
177,689,3.0,2.8104820251464844
938,748,2.0,3.3774971961975098
376,328,3.0,3.364635467529297
394,402,4.0,4.168704509735107
504,418,3.0,3.835224151611328
21,50,3.0,4.831451892852783
262,931,2.0,2.186815023422241
658,515,5.0,4.232492446899414
144,478,4.0,4.112730503082275
189,474,5.0,4.662582874298096
364,325,4.0,3.438779354095459
328,748,3.0,3.0378518104553223
711,959,5.0,3.9706473350524902
201,286,2.0,3.2732343673706055
851,147,4.0,3.7872209548950195
297,53,3.0,2.6121654510498047
499,539,1.0,2.6296730041503906
58,462,4.0,4.014678955078125
846,216,4.0,4.252192497253418
416,469,4.0,4.387167453765869
218,762,4.0,3.207615852355957
592,512,5.0,4.92001485824585
758,1025,3.0,2.9126479625701904
37,546,3.0,3.146738290786743
445,1014,1.0,1.74666166305542
705,655,3.0,4.039097785949707
554,79,5.0,4.10993766784668
201,559,2.0,2.7077014446258545
932,67,2.0,2.7191543579101562
860,508,4.0,3.4996514320373535
686,170,5.0,4.879549026489258
269,602,4.0,3.190011978149414
13,109,4.0,3.2907094955444336
642,443,2.0,3.9062604904174805
284,751,3.0,3.608074188232422
712,143,5.0,4.06624174118042
852,121,4.0,3.9505615234375
782,323,3.0,2.781069278717041
336,186,4.0,4.053380489349365
291,379,3.0,3.397663116455078
52,250,3.0,4.069203853607178
303,739,5.0,2.812702178955078
457,240,3.0,3.1240744590759277
262,443,3.0,3.5956363677978516
882,568,5.0,4.170388221740723
405,1266,1.0,2.100994110107422
253,203,4.0,4.056914329528809
169,211,5.0,4.045640468597412
758,716,2.0,3.711169719696045
712,173,5.0,4.170588493347168
569,124,5.0,4.398212909698486
514,778,4.0,3.8639583587646484
172,178,3.0,3.8338780403137207
514,98,5.0,4.56243896484375
157,100,5.0,4.638321399688721
650,151,3.0,3.2120521068573
908,603,4.0,3.9260306358337402
496,921,5.0,3.3879847526550293
838,254,3.0,3.2133066654205322
637,127,2.0,3.5427346229553223
92,109,3.0,3.4816040992736816
320,68,5.0,4.03054666519165
393,270,5.0,3.576633930206299
429,357,5.0,4.330403804779053
378,401,4.0,2.756141185760498
865,547,5.0,2.500128746032715
903,582,3.0,3.883004665374756
919,327,4.0,3.586304187774658
634,1008,2.0,3.623936176300049
342,833,3.0,2.979999303817749
536,167,3.0,3.715700626373291
782,1142,3.0,3.3736252784729004
13,908,1.0,1.8198426961898804
910,597,3.0,2.2169151306152344
3,329,4.0,2.8252294063568115
167,1310,3.0,2.4498534202575684
890,489,4.0,4.329222202301025
788,983,3.0,2.343881845474243
450,142,5.0,3.724053382873535
716,387,4.0,3.5221211910247803
815,471,2.0,3.6894266605377197
907,1220,5.0,4.742177486419678
823,52,3.0,4.509202003479004
653,204,4.0,3.0041685104370117
598,259,3.0,3.0929324626922607
115,177,5.0,4.124475479125977
152,740,4.0,4.442504405975342
794,242,5.0,4.663902759552002
269,783,1.0,1.6439666748046875
315,654,5.0,4.426706790924072
349,9,4.0,3.851235866546631
151,231,1.0,2.7714126110076904
655,280,2.0,2.6397485733032227
795,265,3.0,3.591517448425293
310,274,3.0,3.54799747467041
6,22,3.0,4.199435710906982
426,646,3.0,4.171796798706055
618,168,5.0,3.8266146183013916
355,689,4.0,4.039154529571533
276,182,5.0,4.604183673858643
679,172,5.0,4.198339939117432
393,195,3.0,3.643131971359253
98,168,2.0,3.951974391937256
197,684,4.0,3.6888887882232666
585,740,4.0,3.495417594909668
823,209,4.0,4.661256313323975
846,239,4.0,3.762514352798462
479,205,3.0,4.202580451965332
328,582,5.0,3.5590925216674805
558,19,5.0,4.459100723266602
705,1043,5.0,3.5413169860839844
897,670,3.0,3.981428861618042
207,319,3.0,2.9311575889587402
841,286,5.0,4.153888702392578
694,1126,5.0,3.8514297008514404
722,597,3.0,3.482240676879883
640,1054,1.0,2.904407024383545
669,614,4.0,3.4984264373779297
524,584,1.0,3.4354918003082275
440,329,5.0,4.145756721496582
16,69,5.0,4.589542388916016
425,540,2.0,2.575819969177246
804,257,5.0,3.861330270767212
897,28,4.0,4.24533748626709
684,66,4.0,3.580909490585327
85,1074,3.0,2.835624933242798
566,69,4.0,3.731757640838623
128,258,2.0,3.8950130939483643
886,29,1.0,2.359605312347412
885,237,5.0,3.4709620475769043
32,298,5.0,3.635546922683716
422,126,4.0,4.075430393218994
373,420,4.0,3.7304296493530273
210,181,5.0,4.57196569442749
250,123,3.0,3.705378770828247
269,886,3.0,2.3649520874023438
186,406,1.0,3.2271780967712402
496,417,1.0,2.490726947784424
66,286,1.0,3.803924560546875
401,154,1.0,3.294989585876465
38,616,3.0,4.059401035308838
257,50,5.0,4.876596927642822
201,59,4.0,3.6019599437713623
239,175,5.0,4.27364444732666
880,881,4.0,2.8337669372558594
11,121,3.0,3.3956775665283203
913,269,5.0,3.844230890274048
306,289,3.0,3.3880019187927246
21,324,4.0,3.15739107131958
258,286,5.0,3.962857961654663
311,204,5.0,3.9539008140563965
344,106,2.0,2.335606575012207
247,300,2.0,3.7942042350769043
851,1051,2.0,3.4188551902770996
428,896,4.0,4.264768600463867
22,216,4.0,4.386168956756592
790,393,2.0,3.1093811988830566
892,417,3.0,3.6792449951171875
436,925,4.0,3.650981903076172
343,252,4.0,2.6410038471221924
524,647,3.0,4.075658321380615
919,98,5.0,4.305964469909668
210,152,5.0,4.252116680145264
299,114,4.0,4.238420486450195
833,249,1.0,2.67533540725708
795,121,3.0,2.9852805137634277
312,526,5.0,4.3684773445129395
854,302,3.0,4.019388675689697
190,7,4.0,3.8569512367248535
537,327,2.0,2.4155166149139404
627,553,3.0,2.9040164947509766
788,125,3.0,3.4613966941833496
666,647,5.0,4.216134071350098
467,269,4.0,4.143863201141357
715,98,5.0,4.451544284820557
158,285,5.0,4.538388729095459
536,474,5.0,4.6011128425598145
211,300,2.0,3.1368138790130615
407,163,3.0,3.462785005569458
622,79,5.0,4.204658508300781
716,604,3.0,4.406747341156006
864,1217,3.0,3.0272109508514404
42,194,5.0,4.240187168121338
480,169,5.0,4.3366312980651855
345,220,3.0,3.4191980361938477
514,81,4.0,3.931091547012329
385,650,5.0,3.039468765258789
804,33,4.0,3.6788856983184814
577,97,5.0,3.972543716430664
495,234,5.0,4.192378997802734
173,269,4.0,4.919127941131592
416,619,4.0,4.029749393463135
116,539,2.0,2.2095887660980225
623,227,4.0,3.2699484825134277
936,127,5.0,4.64945650100708
897,849,4.0,3.703711986541748
96,435,3.0,4.299886703491211
761,840,4.0,2.641185760498047
551,91,1.0,4.110031604766846
380,923,3.0,3.873628616333008
790,1044,4.0,3.069457769393921
869,298,3.0,3.1992125511169434
836,900,2.0,4.202027320861816
894,979,3.0,3.6074702739715576
399,545,2.0,2.3977460861206055
257,151,4.0,4.092916011810303
796,22,4.0,4.272371292114258
188,769,2.0,2.7110867500305176
588,98,1.0,4.4715094566345215
838,83,5.0,4.355294704437256
378,550,2.0,3.3884730339050293
4,301,5.0,4.358294486999512
294,544,4.0,3.561877727508545
164,331,5.0,4.268773555755615
487,202,5.0,4.097185134887695
326,515,5.0,3.8346004486083984
537,50,4.0,3.8297688961029053
455,629,3.0,3.360231399536133
342,764,1.0,2.7007484436035156
174,780,1.0,3.275752067565918
719,890,1.0,1.325066089630127
276,959,4.0,4.005340099334717
764,70,4.0,3.966215133666992
398,495,4.0,3.717437267303467
113,242,2.0,4.233312129974365
642,969,2.0,3.944866418838501
201,144,4.0,3.397003650665283
231,1,3.0,4.050118446350098
330,22,5.0,4.9715657234191895
60,511,4.0,4.555715084075928
5,445,3.0,3.6742851734161377
666,127,5.0,4.276095390319824
506,538,3.0,3.7031445503234863
347,686,5.0,3.7969956398010254
189,486,5.0,4.235158920288086
308,432,4.0,3.7651615142822266
553,646,4.0,4.411274433135986
585,463,5.0,3.775193929672241
504,143,4.0,3.844512701034546
868,432,2.0,3.346860647201538
393,51,4.0,3.4205195903778076
107,321,2.0,2.7854695320129395
299,462,5.0,3.7708587646484375
13,862,3.0,1.4420167207717896
593,966,5.0,4.265597820281982
820,343,4.0,2.4064154624938965
392,250,3.0,3.795006513595581
301,79,5.0,4.090155124664307
492,1121,2.0,3.3338570594787598
328,568,3.0,3.468453884124756
151,420,5.0,4.045722961425781
253,96,5.0,4.3004841804504395
7,546,4.0,3.4231042861938477
251,147,3.0,3.62064790725708
721,681,3.0,3.146670341491699
244,1188,4.0,3.292476177215576
508,219,1.0,3.442474365234375
900,31,2.0,2.452308416366577
95,95,3.0,3.8138856887817383
225,22,5.0,4.9451422691345215
694,520,5.0,4.53814172744751
393,125,4.0,3.660182476043701
521,17,1.0,2.8087480068206787
276,67,3.0,2.8128838539123535
930,151,2.0,2.999575138092041
592,521,5.0,4.6213250160217285
894,1009,4.0,3.6580772399902344
639,356,2.0,2.4449119567871094
280,11,5.0,3.8445019721984863
606,530,4.0,4.545438289642334
935,15,5.0,4.1025543212890625
551,66,2.0,3.807272434234619
659,172,3.0,4.263763904571533
92,202,3.0,3.7877023220062256
556,496,5.0,4.734000205993652
381,49,2.0,3.6294007301330566
55,144,5.0,3.7524561882019043
389,486,4.0,4.191174507141113
438,148,5.0,4.1023030281066895
223,322,4.0,2.7796905040740967
151,1,5.0,4.329577922821045
267,554,3.0,3.315187692642212
169,181,5.0,4.088742256164551
268,238,3.0,3.74672269821167
267,216,4.0,4.683898448944092
658,511,4.0,4.128121852874756
458,582,1.0,3.6893539428710938
334,209,3.0,4.013658046722412
349,100,4.0,4.130276203155518
916,1268,3.0,3.817808151245117
649,257,5.0,4.01805305480957
932,606,4.0,4.477305889129639
388,300,4.0,4.457068920135498
427,1296,5.0,4.882207870483398
669,12,5.0,4.329261779785156
224,258,3.0,3.327741861343384
776,182,3.0,3.998197317123413
907,25,5.0,4.610310077667236
100,328,4.0,2.9809389114379883
327,204,4.0,3.528700351715088
864,194,4.0,4.514959812164307
695,343,4.0,3.3359034061431885
653,197,3.0,3.313328742980957
655,233,3.0,2.724339246749878
308,634,4.0,3.641897678375244
381,120,1.0,2.1069116592407227
286,411,2.0,3.562464475631714
647,134,4.0,4.325142860412598
731,127,4.0,3.8929145336151123
230,234,4.0,3.9090161323547363
715,95,4.0,3.806108236312866
535,44,4.0,3.674217700958252
151,210,4.0,4.3617401123046875
198,820,1.0,2.0113656520843506
201,134,4.0,3.780892848968506
532,147,4.0,4.524055004119873
267,214,4.0,4.090329647064209
566,8,4.0,3.8632242679595947
49,423,2.0,3.1990203857421875
201,505,3.0,3.5270981788635254
1,252,2.0,2.4042575359344482
151,168,5.0,4.5359930992126465
146,307,3.0,3.8997385501861572
216,298,5.0,4.123259544372559
360,69,3.0,4.140992164611816
42,467,3.0,3.9935660362243652
416,761,4.0,3.412524938583374
588,934,4.0,3.413590431213379
147,269,4.0,4.4272894859313965
537,990,2.0,2.0243775844573975
531,892,3.0,2.7950916290283203
806,14,3.0,4.039690971374512
508,209,5.0,4.154239177703857
293,582,4.0,3.417827844619751
429,161,3.0,3.170762538909912
312,121,3.0,3.948941469192505
712,172,5.0,4.224949836730957
399,550,3.0,2.989773988723755
296,659,5.0,4.7694478034973145
892,288,4.0,3.9242584705352783
716,160,2.0,3.7581028938293457
342,975,2.0,2.818953514099121
334,405,3.0,3.1710550785064697
593,366,4.0,3.580587387084961
862,472,5.0,4.07649564743042
56,423,5.0,4.0568976402282715
457,588,5.0,4.5963873863220215
367,333,4.0,4.580955982208252
887,318,5.0,4.66650915145874
262,1054,2.0,2.2120964527130127
117,151,4.0,4.202613830566406
198,655,4.0,3.661005973815918
7,483,4.0,4.954753398895264
207,129,3.0,3.362307548522949
844,24,5.0,3.3359453678131104
341,881,5.0,3.86513352394104
933,160,3.0,2.9494194984436035
298,311,3.0,4.038385391235352
551,218,5.0,3.9376773834228516
844,7,3.0,3.685060501098633
305,203,4.0,3.5415468215942383
13,230,3.0,3.222386121749878
821,597,3.0,4.114603519439697
568,475,4.0,3.333681583404541
387,109,4.0,3.3158581256866455
643,715,5.0,3.6172232627868652
154,302,4.0,4.490426540374756
638,636,3.0,3.0270655155181885
747,17,4.0,3.57012939453125
201,123,2.0,2.626919746398926
500,50,3.0,4.31842041015625
782,894,2.0,2.078338861465454
682,924,5.0,3.194145917892456
488,205,4.0,3.7271554470062256
203,100,1.0,4.439547061920166
279,16,4.0,3.445769786834717
533,580,3.0,3.219667911529541
152,1053,5.0,4.289372444152832
715,367,3.0,3.4918417930603027
890,1065,3.0,3.6617565155029297
323,294,3.0,2.831061363220215
843,563,2.0,2.4244699478149414
559,265,4.0,3.7093372344970703
450,1020,4.0,4.29859733581543
57,1095,2.0,2.4971160888671875
468,237,4.0,3.953625202178955
192,125,3.0,3.416771173477173
909,300,5.0,4.410227298736572
804,24,5.0,3.5772879123687744
880,298,4.0,4.04586124420166
457,1012,4.0,4.365386009216309
424,681,3.0,2.911700963973999
44,151,4.0,3.753037214279175
234,173,3.0,3.7197468280792236
625,181,4.0,3.6575937271118164
201,1425,3.0,2.435852289199829
334,902,4.0,3.854313850402832
326,519,5.0,3.6069369316101074
311,654,3.0,4.172788143157959
896,470,2.0,3.1937623023986816
270,727,5.0,4.3814921379089355
880,187,5.0,4.468423843383789
571,69,2.0,3.4272913932800293
17,628,1.0,3.006431818008423
255,672,2.0,1.75045907497406
145,869,4.0,3.2757863998413086
337,392,5.0,3.872467517852783
608,100,4.0,4.122980117797852
881,1089,1.0,2.0658671855926514
827,272,4.0,4.065253734588623
631,346,4.0,3.7312471866607666
537,47,4.0,2.8203983306884766
618,729,3.0,3.090054512023926
634,125,4.0,3.7358484268188477
632,720,3.0,2.632091999053955
758,211,4.0,4.315786361694336
804,68,3.0,3.7168283462524414
768,100,5.0,3.966495990753174
698,1,4.0,2.9470787048339844
523,289,4.0,4.203271865844727
25,419,4.0,4.048330783843994
318,63,3.0,3.61181378364563
878,699,1.0,3.385563850402832
606,1149,4.0,4.427460670471191
297,574,1.0,1.8935924768447876
919,319,3.0,3.3043859004974365
345,708,3.0,3.725632667541504
307,230,5.0,3.7176599502563477
92,307,4.0,3.593627452850342
20,1,3.0,3.239490032196045
655,1167,3.0,2.9041290283203125
749,969,4.0,4.011977672576904
7,423,5.0,4.273035049438477
798,231,2.0,3.2269973754882812
935,284,4.0,3.7785377502441406
104,333,2.0,2.7947137355804443
207,826,2.0,2.898066997528076
263,1,5.0,4.327647686004639
378,280,2.0,3.1238152980804443
254,699,3.0,3.436419725418091
870,505,4.0,3.9050257205963135
435,154,4.0,3.8920884132385254
10,133,5.0,4.325841426849365
437,191,4.0,4.289883136749268
472,577,3.0,3.7180540561676025
718,273,3.0,3.796839714050293
455,204,4.0,3.836278200149536
184,1121,4.0,3.83779239654541
585,30,4.0,3.9480230808258057
943,230,1.0,3.625253200531006
96,153,4.0,4.232949733734131
660,1074,1.0,2.122709274291992
293,17,2.0,2.862168788909912
500,735,4.0,3.633585214614868
40,259,2.0,2.6368861198425293
280,232,3.0,3.6544206142425537
560,50,5.0,4.298304557800293
610,484,3.0,4.286941051483154
804,153,4.0,3.884946823120117
867,258,3.0,4.25793981552124
698,153,2.0,2.9116714000701904
152,117,4.0,4.856767177581787
486,304,3.0,3.403791904449463
567,487,4.0,4.1045966148376465
121,25,5.0,3.2221879959106445
621,55,5.0,4.04429817199707
226,258,5.0,3.800607681274414
416,420,3.0,4.258404731750488
524,402,2.0,3.4849181175231934
154,515,4.0,4.617936611175537
271,81,3.0,3.7552685737609863
198,690,3.0,3.153502941131592
782,301,3.0,2.820127248764038
752,589,4.0,3.8121769428253174
15,405,2.0,2.7824320793151855
763,1180,2.0,2.6585679054260254
196,306,4.0,4.020359516143799
765,283,4.0,4.266276836395264
882,841,1.0,2.8683555126190186
234,625,3.0,2.8613481521606445
504,403,3.0,3.6403112411499023
276,919,4.0,4.264773845672607
363,1007,5.0,3.7027812004089355
228,56,2.0,3.632434368133545
731,15,4.0,3.325519323348999
378,792,4.0,3.7559595108032227
313,203,5.0,3.8823342323303223
617,1021,4.0,2.930819272994995
533,177,4.0,3.7218337059020996
631,873,2.0,2.844024419784546
716,56,5.0,4.407768726348877
642,407,5.0,3.5345582962036133
330,31,5.0,4.727179527282715
805,729,3.0,3.373584747314453
597,250,4.0,3.697390556335449
288,205,5.0,4.291399955749512
487,288,4.0,3.7648684978485107
41,170,4.0,4.110093116760254
103,1089,1.0,2.227860450744629
690,663,4.0,3.5519752502441406
442,436,3.0,3.4335060119628906
303,518,4.0,4.325530529022217
85,53,3.0,2.8782858848571777
537,399,2.0,1.8957082033157349
246,402,3.0,3.0858001708984375
796,810,3.0,3.3968753814697266
378,739,4.0,3.179532051086426
411,655,4.0,3.924611806869507
221,346,5.0,3.6321377754211426
807,403,4.0,3.8391945362091064
96,484,5.0,4.47108268737793
669,517,3.0,3.633114814758301
150,100,2.0,4.430210590362549
561,1010,3.0,2.946967840194702
541,627,4.0,3.524251699447632
44,123,4.0,3.270237445831299
524,516,4.0,3.8462791442871094
280,203,4.0,3.8025131225585938
666,613,5.0,3.969287157058716
445,1008,1.0,2.1085057258605957
13,747,4.0,3.236478328704834
138,111,4.0,4.04310417175293
276,9,5.0,4.320096492767334
897,294,3.0,3.9128012657165527
623,216,4.0,3.828101634979248
293,64,5.0,4.523147106170654
892,67,4.0,3.308321714401245
43,321,3.0,3.598385810852051
897,436,4.0,4.120697021484375
533,215,4.0,3.5806565284729004
91,498,3.0,4.43468713760376
450,65,3.0,3.9279990196228027
698,526,2.0,2.9733448028564453
709,56,5.0,4.1727399826049805
10,479,5.0,4.687515735626221
7,623,3.0,3.178408145904541
933,184,1.0,2.7838633060455322
614,546,1.0,3.1895785331726074
499,100,4.0,4.124192237854004
172,1134,2.0,2.877156972885132
339,566,3.0,3.8292150497436523
347,1291,1.0,2.789769411087036
805,419,4.0,3.648735761642456
64,194,5.0,4.180170059204102
500,831,3.0,2.0974013805389404
649,471,5.0,3.8495278358459473
619,96,5.0,4.031092166900635
514,301,4.0,3.527071475982666
1,184,4.0,3.5500762462615967
653,157,5.0,2.838362693786621
665,181,4.0,3.7823822498321533
757,270,3.0,3.6551756858825684
693,88,3.0,2.998939037322998
704,611,3.0,4.254739284515381
380,631,4.0,3.0815436840057373
606,472,4.0,3.412525177001953
271,148,3.0,2.6676242351531982
896,25,3.0,2.999523162841797
768,237,4.0,3.4744374752044678
128,729,2.0,3.5129289627075195
532,1407,2.0,3.1095147132873535
128,505,4.0,4.098515033721924
505,435,3.0,3.6427462100982666
457,631,4.0,4.462292671203613
850,742,5.0,4.430322170257568
450,174,5.0,4.640477657318115
406,163,3.0,3.429165840148926
655,134,4.0,3.502096176147461
665,98,4.0,4.13527774810791
290,243,3.0,2.8370087146759033
201,99,3.0,3.250041961669922
892,436,3.0,4.211183071136475
586,1218,5.0,3.3422610759735107
933,183,4.0,3.7144126892089844
329,11,3.0,3.6547913551330566
221,1407,3.0,3.0205111503601074
903,317,4.0,4.207119464874268
79,7,5.0,4.024409294128418
429,48,3.0,4.113289833068848
774,448,2.0,1.9837838411331177
624,294,3.0,3.2745041847229004
795,1199,3.0,2.7201499938964844
378,70,4.0,3.721712112426758
653,771,2.0,1.8994781970977783
246,133,3.0,3.7820956707000732
758,441,3.0,3.2276015281677246
312,188,3.0,4.175971984863281
361,156,4.0,3.988715648651123
618,939,2.0,3.1687114238739014
102,210,3.0,3.067002296447754
795,473,2.0,2.8271431922912598
479,22,4.0,4.3938212394714355
95,649,4.0,3.4993717670440674
454,504,2.0,3.0980982780456543
790,1183,2.0,2.400315284729004
530,220,5.0,3.572539806365967
144,172,4.0,4.208430767059326
921,720,4.0,3.100114583969116
833,186,1.0,3.6339402198791504
601,259,1.0,1.7472095489501953
576,475,1.0,3.863132953643799
102,70,3.0,2.846118450164795
847,234,2.0,3.338670492172241
637,301,1.0,2.4504449367523193
170,304,4.0,4.331040382385254
416,220,4.0,3.99912428855896
473,242,3.0,4.449732780456543
409,1093,2.0,2.431614875793457
632,318,5.0,4.5962395668029785
325,319,3.0,3.0818419456481934
795,546,3.0,2.706803560256958
216,231,2.0,2.606966018676758
343,276,5.0,4.16859245300293
437,475,3.0,3.907144546508789
284,322,3.0,2.9923887252807617
222,200,3.0,3.8376495838165283
