907,143,5.0,4.861569404602051
371,210,4.0,4.278375148773193
218,42,4.0,3.423712968826294
829,170,4.0,3.9848062992095947
733,277,1.0,3.107666492462158
363,1512,1.0,3.583571195602417
193,487,5.0,3.9799444675445557
808,313,5.0,5.333230018615723
557,682,2.0,2.8231844902038574
774,196,3.0,2.4277284145355225
638,118,3.0,3.4707629680633545
632,81,5.0,3.5253844261169434
417,200,4.0,3.58821964263916
580,471,3.0,3.746495246887207
640,91,4.0,4.522463798522949
450,328,4.0,3.7103729248046875
596,13,2.0,3.0232272148132324
586,467,4.0,3.126429796218872
653,502,2.0,2.5679337978363037
378,517,3.0,3.9818356037139893
405,65,1.0,1.5463007688522339
279,399,4.0,3.2841200828552246
327,293,3.0,3.381960153579712
346,276,1.0,2.759509563446045
59,928,4.0,3.2117066383361816
514,22,4.0,4.495274543762207
807,402,5.0,4.385344505310059
473,327,3.0,3.689700126647949
342,324,1.0,3.2859599590301514
269,136,4.0,3.4789910316467285
654,1,4.0,4.1471405029296875
250,28,4.0,4.099313259124756
282,689,2.0,3.3971145153045654
534,619,4.0,4.242574691772461
194,481,3.0,3.4022936820983887
184,118,2.0,2.420339345932007
291,739,3.0,3.461632251739502
293,31,2.0,2.800236701965332
943,1028,2.0,3.5738565921783447
65,69,3.0,4.296987533569336
562,135,5.0,3.5685994625091553
466,62,3.0,2.8830647468566895
847,317,3.0,3.312629461288452
650,521,3.0,3.346062421798706
656,326,1.0,2.1673452854156494
366,53,5.0,3.8052966594696045
15,280,3.0,2.6153533458709717
474,322,4.0,3.0005900859832764
90,905,4.0,3.480860948562622
503,19,5.0,4.156306266784668
334,1524,4.0,4.0905632972717285
90,632,5.0,4.440024375915527
406,1118,3.0,3.2178516387939453
899,515,3.0,4.1387786865234375
13,339,3.0,2.709944486618042
430,19,5.0,3.753830671310425
24,729,5.0,3.998274087905884
634,225,3.0,3.028038501739502
727,89,5.0,3.7075648307800293
429,596,3.0,3.171677827835083
62,127,4.0,4.159396171569824
771,241,1.0,3.7121050357818604
733,762,4.0,2.966344118118286
139,222,3.0,3.688493251800537
916,721,4.0,3.030555486679077
402,204,5.0,4.042773723602295
553,136,4.0,4.500505447387695
62,1073,4.0,3.6376914978027344
521,271,3.0,2.895925521850586
488,358,3.0,2.6881675720214844
7,231,3.0,3.0291929244995117
346,727,1.0,3.0292370319366455
423,823,3.0,2.9603145122528076
405,575,5.0,2.006093740463257
385,1158,5.0,3.1228537559509277
630,125,3.0,3.8794662952423096
551,125,4.0,3.8965890407562256
727,183,3.0,3.771550178527832
660,810,3.0,2.1845364570617676
552,323,2.0,3.0537281036376953
13,604,5.0,4.025911331176758
642,812,4.0,3.1410937309265137
240,269,5.0,4.661073684692383
321,191,3.0,4.095778465270996
85,921,3.0,3.6567440032958984
671,161,5.0,3.986114263534546
253,97,4.0,4.426553726196289
605,187,5.0,4.355815887451172
472,625,4.0,4.060114860534668
56,449,5.0,3.1992714405059814
881,141,3.0,3.2997353076934814
391,318,4.0,4.453929901123047
601,387,3.0,2.952904462814331
497,475,4.0,3.5711069107055664
327,921,4.0,3.6460251808166504
200,1033,2.0,3.0775318145751953
605,64,5.0,4.588665008544922
796,879,4.0,3.514688491821289
214,216,4.0,3.718111276626587
566,161,4.0,2.5140061378479004
653,423,2.0,2.8198599815368652
344,216,4.0,3.814483165740967
151,664,5.0,4.0959601402282715
64,751,2.0,3.1888890266418457
554,87,4.0,3.905224561691284
384,327,4.0,4.003984451293945
798,1032,3.0,3.1621885299682617
622,90,4.0,3.145495891571045
719,735,5.0,3.4840621948242188
424,740,5.0,3.084653377532959
294,358,2.0,2.9472577571868896
21,396,2.0,3.5183260440826416
690,197,4.0,3.0741868019104004
360,471,4.0,3.1763088703155518
734,603,4.0,4.040541648864746
521,174,4.0,3.6174216270446777
484,300,4.0,4.027780055999756
128,50,4.0,4.579463005065918
633,921,3.0,3.2167654037475586
854,466,3.0,3.489197015762329
493,751,5.0,3.649550199508667
504,392,5.0,3.8321986198425293
655,318,4.0,3.4395978450775146
650,157,3.0,3.2634074687957764
104,273,3.0,2.6690902709960938
872,117,4.0,4.329123020172119
276,1170,4.0,3.350147247314453
146,258,4.0,4.110836982727051
222,1066,1.0,2.8403892517089844
380,199,3.0,3.508450508117676
618,195,3.0,3.7363545894622803
358,1266,4.0,3.5509283542633057
871,813,3.0,3.566434144973755
234,174,3.0,3.376507520675659
912,15,4.0,3.0270724296569824
75,237,2.0,3.8785860538482666
713,270,2.0,3.0274441242218018
251,33,3.0,3.6015706062316895
275,199,4.0,3.3691718578338623
766,91,5.0,3.380908250808716
22,204,5.0,3.9890689849853516
487,591,2.0,3.9098174571990967
827,316,3.0,3.8269307613372803
919,22,5.0,4.1459245681762695
637,274,5.0,2.5490317344665527
666,856,5.0,3.9730052947998047
349,458,4.0,3.1482160091400146
880,1197,3.0,4.124485969543457
30,892,4.0,3.0351948738098145
716,213,5.0,4.181396961212158
235,70,5.0,3.7997872829437256
291,1042,4.0,3.5929019451141357
655,311,3.0,3.360419988632202
387,642,4.0,3.9074573516845703
109,31,4.0,3.803317070007324
484,69,5.0,4.605807304382324
393,7,4.0,3.160414218902588
314,53,1.0,2.854323387145996
845,1394,4.0,2.511031150817871
532,311,2.0,4.281591892242432
195,558,3.0,3.683927536010742
89,151,5.0,3.9929845333099365
824,243,1.0,2.2140488624572754
632,11,4.0,3.502304792404175
393,412,3.0,2.013000726699829
887,121,5.0,4.733379364013672
682,412,1.0,2.2021656036376953
406,210,5.0,3.671613931655884
795,552,2.0,2.6429667472839355
774,546,1.0,1.4693394899368286
47,304,3.0,3.678239583969116
514,15,4.0,3.769707202911377
804,175,4.0,3.664402961730957
804,1056,4.0,3.2169480323791504
21,243,2.0,0.9681541919708252
618,778,3.0,3.20255184173584
151,222,5.0,3.6520164012908936
224,583,1.0,2.3706376552581787
283,709,5.0,4.82352352142334
504,185,5.0,4.03926420211792
553,135,4.0,4.196900844573975
846,203,5.0,4.206062316894531
773,52,3.0,3.815739393234253
385,384,1.0,1.7465132474899292
346,720,2.0,3.114717721939087
373,366,4.0,3.816103219985962
881,474,3.0,3.487287998199463
537,845,2.0,2.385389804840088
474,50,5.0,5.010586738586426
293,77,2.0,2.410311698913574
542,435,4.0,4.02545166015625
262,111,4.0,3.1707241535186768
109,1210,3.0,3.0385282039642334
181,1164,3.0,1.1255611181259155
847,96,4.0,3.436253547668457
625,640,3.0,2.609487295150757
246,178,5.0,4.178778648376465
425,24,2.0,3.0482521057128906
749,712,3.0,3.232510566711426
586,227,2.0,3.26859974861145
410,754,3.0,2.822082757949829
332,9,4.0,3.9998459815979004
185,47,4.0,3.5114712715148926
582,826,3.0,2.1833314895629883
130,217,3.0,3.9423041343688965
537,426,1.0,2.2534546852111816
295,380,4.0,3.9067726135253906
756,151,4.0,3.3737473487854004
749,826,3.0,2.553349018096924
405,657,1.0,2.463686466217041
622,1407,1.0,2.306520938873291
425,825,2.0,2.593522787094116
372,56,4.0,4.818394660949707
338,1124,4.0,3.496966600418091
795,568,3.0,3.0189669132232666
99,694,1.0,4.0223917961120605
717,980,4.0,3.490057945251465
470,952,3.0,2.8683884143829346
268,153,5.0,3.465118408203125
425,853,4.0,3.0713257789611816
457,566,4.0,4.108380317687988
73,433,4.0,3.6015517711639404
397,665,3.0,2.801823139190674
466,357,4.0,3.9362380504608154
389,1114,2.0,3.818087100982666
328,903,3.0,3.1848092079162598
378,742,4.0,3.379528522491455
65,211,4.0,4.025147914886475
333,98,4.0,4.319552898406982
886,240,3.0,2.7299280166625977
897,673,5.0,3.7341108322143555
224,720,4.0,3.329047918319702
934,526,2.0,3.985776662826538
181,931,1.0,1.1788865327835083
839,50,5.0,4.005825042724609
782,322,4.0,2.9879372119903564
181,263,1.0,1.1726200580596924
880,40,2.0,3.2381672859191895
505,588,5.0,3.454843759536743
207,433,3.0,3.3204076290130615
500,619,3.0,2.9766080379486084
181,360,1.0,1.5272254943847656
922,62,3.0,3.04785418510437
815,735,5.0,3.909742832183838
782,937,1.0,3.2477633953094482
894,638,3.0,4.085628509521484
551,698,4.0,2.7760536670684814
246,1101,5.0,3.7331249713897705
131,275,2.0,4.212154865264893
606,248,5.0,3.9444174766540527
854,191,4.0,4.007473945617676
889,3,4.0,3.052467107772827
547,294,1.0,3.532184600830078
211,303,3.0,3.1863136291503906
883,707,3.0,4.15389347076416
823,228,3.0,4.115810871124268
889,173,5.0,4.053136348724365
293,117,3.0,1.9273244142532349
723,164,4.0,3.0654687881469727
313,720,2.0,2.685391426086426
87,8,5.0,4.3338189125061035
305,215,2.0,3.1406288146972656
588,1411,1.0,2.5613131523132324
83,50,3.0,4.821749687194824
81,432,2.0,3.397085189819336
372,77,5.0,4.091152191162109
409,1512,5.0,4.049837589263916
194,125,2.0,2.6067798137664795
745,510,3.0,3.088052988052368
749,191,4.0,4.188990116119385
821,117,3.0,4.217384338378906
552,926,2.0,2.694957733154297
541,659,5.0,4.398219108581543
682,735,4.0,3.5024383068084717
424,127,4.0,3.6498663425445557
854,264,1.0,2.1399435997009277
389,492,5.0,4.159808158874512
354,208,4.0,3.7784390449523926
527,127,5.0,4.159008026123047
378,302,5.0,4.260544776916504
903,1009,4.0,3.630023717880249
484,15,5.0,4.016535758972168
62,7,4.0,3.5863096714019775
387,692,1.0,2.524815082550049
641,270,3.0,3.677180767059326
164,9,4.0,3.502163887023926
608,204,4.0,3.3009538650512695
459,472,5.0,3.246589183807373
566,122,2.0,2.982150077819824
398,4,2.0,3.4700067043304443
407,274,3.0,3.09008526802063
144,273,4.0,3.3305249214172363
523,582,4.0,4.014124870300293
613,607,4.0,4.339540004730225
416,690,5.0,3.8691155910491943
610,317,3.0,4.081153869628906
758,91,4.0,4.180108070373535
308,58,3.0,3.686805009841919
334,620,2.0,2.9465091228485107
833,506,2.0,3.7008047103881836
70,231,3.0,2.6755383014678955
399,1035,3.0,2.6588191986083984
13,64,5.0,4.154218673706055
534,93,1.0,3.71805739402771
843,708,2.0,2.3532562255859375
639,714,2.0,2.973754405975342
663,321,5.0,3.118272304534912
189,1402,4.0,2.5361709594726562
457,172,5.0,5.066677093505859
640,580,5.0,4.107320308685303
94,356,4.0,3.192089080810547
504,187,3.0,4.118536949157715
436,288,4.0,4.0475754737854
541,1030,3.0,2.0463595390319824
551,168,5.0,4.399304389953613
703,15,5.0,3.933055877685547
521,228,4.0,3.302154064178467
510,325,1.0,2.4647843837738037
463,689,2.0,2.4454829692840576
312,499,4.0,4.512936592102051
533,357,3.0,3.8181285858154297
393,794,4.0,3.655898332595825
642,748,5.0,4.183356285095215
851,1291,2.0,3.0048937797546387
128,507,4.0,3.7941973209381104
568,653,4.0,3.2063755989074707
325,1,2.0,3.051846742630005
345,161,3.0,3.097372531890869
741,280,3.0,2.8334367275238037
545,222,4.0,4.011847019195557
778,144,4.0,3.184246301651001
874,137,4.0,3.9861948490142822
897,1254,2.0,1.6502211093902588
385,1143,4.0,3.842583417892456
487,43,3.0,3.1921169757843018
425,269,4.0,3.4630284309387207
758,412,5.0,2.750328302383423
313,191,5.0,4.299203872680664
11,414,3.0,3.5942940711975098
225,1443,4.0,3.6510720252990723
849,676,5.0,4.4449872970581055
616,339,3.0,3.4406394958496094
109,131,1.0,2.7340755462646484
548,164,5.0,3.981257200241089
455,1034,2.0,2.221386432647705
289,849,4.0,2.3350143432617188
896,148,2.0,2.5406391620635986
38,294,5.0,4.0844950675964355
194,385,2.0,2.8840909004211426
385,235,5.0,2.5205302238464355
553,131,5.0,4.169917583465576
896,184,3.0,2.819033145904541
940,315,4.0,3.722764253616333
178,144,4.0,4.356398582458496
482,311,4.0,3.3187477588653564
327,663,4.0,3.828248977661133
601,173,5.0,3.784883737564087
345,150,5.0,3.8863086700439453
761,1014,1.0,2.5809271335601807
790,1119,4.0,3.2930943965911865
489,989,3.0,3.6302125453948975
38,318,3.0,5.133851051330566
279,1496,3.0,2.7499029636383057
923,591,5.0,4.53631591796875
323,215,5.0,3.9260683059692383
376,181,4.0,3.895460844039917
927,541,5.0,3.391214370727539
416,1286,5.0,3.551841974258423
268,655,4.0,3.4727518558502197
64,196,4.0,3.773857355117798
271,427,5.0,4.602443695068359
122,511,5.0,4.716275215148926
167,404,3.0,3.9647297859191895
580,281,2.0,3.3831465244293213
95,510,4.0,3.8002610206604004
615,237,4.0,3.356811046600342
663,25,4.0,3.532503843307495
883,517,4.0,4.227415084838867
189,30,4.0,4.249175548553467
735,333,4.0,3.180607318878174
711,272,5.0,4.331240177154541
874,124,4.0,4.2858476638793945
796,525,4.0,3.62614107131958
668,596,3.0,3.1854231357574463
533,9,4.0,2.981205701828003
851,248,4.0,4.0009636878967285
360,14,5.0,4.39011287689209
62,181,4.0,3.4673781394958496
579,514,3.0,3.554983139038086
158,745,4.0,4.2666730880737305
119,1052,4.0,2.4837889671325684
275,162,3.0,2.850935935974121
503,277,4.0,3.6942107677459717
710,496,4.0,4.275035858154297
660,550,2.0,2.5677947998046875
42,151,4.0,3.2508323192596436
479,147,3.0,3.140721559524536
574,887,4.0,3.615135431289673
13,655,5.0,3.683631420135498
593,220,3.0,3.5176868438720703
524,526,3.0,3.7082717418670654
244,721,5.0,3.647326946258545
774,567,1.0,1.4909698963165283
848,132,5.0,4.458952903747559
851,435,4.0,4.2865777015686035
198,58,3.0,3.332533121109009
286,210,5.0,4.2967634201049805
608,753,5.0,3.6013569831848145
303,379,4.0,2.965930461883545
271,221,3.0,4.022148609161377
492,650,2.0,3.178835868835449
782,1278,4.0,2.9796302318573
864,609,3.0,3.545316457748413
763,357,4.0,4.549010276794434
894,45,4.0,4.063398361206055
272,201,3.0,3.772270441055298
264,275,5.0,4.541969299316406
286,278,5.0,3.399411916732788
190,508,3.0,3.3260538578033447
80,194,3.0,4.042569637298584
916,222,3.0,2.92087459564209
532,495,4.0,4.641332626342773
929,136,3.0,4.0249223709106445
178,731,4.0,3.3314435482025146
327,537,4.0,3.566704750061035
591,172,3.0,4.053599834442139
679,268,4.0,3.8906893730163574
795,429,3.0,3.5120646953582764
234,321,2.0,2.5226995944976807
698,275,4.0,2.990994691848755
385,503,3.0,3.238743782043457
268,746,3.0,3.3177430629730225
682,774,4.0,3.169102907180786
244,287,3.0,4.101700782775879
387,175,5.0,4.1570539474487305
707,194,4.0,3.585347890853882
216,189,3.0,4.300124168395996
524,523,4.0,3.9986958503723145
486,288,4.0,2.838599443435669
395,252,3.0,3.1432836055755615
620,78,4.0,2.864413022994995
892,64,4.0,5.124700546264648
345,241,4.0,3.619471311569214
593,597,2.0,3.3245797157287598
895,1,4.0,4.068304061889648
18,237,3.0,3.5649940967559814
60,151,5.0,4.123743057250977
417,39,3.0,3.1139400005340576
823,721,4.0,3.5460715293884277
286,231,3.0,3.0701208114624023
389,47,4.0,3.8033924102783203
298,1142,4.0,4.060999870300293
216,200,5.0,3.965698480606079
236,204,3.0,3.5249135494232178
393,808,4.0,3.1647720336914062
704,354,4.0,2.971867561340332
416,1189,5.0,3.7810394763946533
349,696,3.0,3.043119192123413
90,174,5.0,4.697466850280762
828,1466,4.0,2.864716053009033
286,1239,3.0,2.7031147480010986
279,275,3.0,3.5329573154449463
451,322,4.0,3.3105247020721436
405,959,1.0,2.4815239906311035
718,815,4.0,3.542074203491211
321,116,3.0,3.4575469493865967
334,134,5.0,4.407153129577637
522,12,5.0,4.582077980041504
889,469,4.0,3.528926372528076
930,282,4.0,3.020576238632202
215,210,4.0,4.069374084472656
716,603,5.0,4.670005798339844
326,568,4.0,3.5079123973846436
919,287,4.0,3.686795473098755
344,25,4.0,3.155733823776245
862,650,4.0,4.13365364074707
153,357,5.0,3.437596559524536
627,521,2.0,3.736058473587036
901,1120,4.0,2.7340171337127686
868,470,1.0,2.772963047027588
267,47,5.0,4.2230095863342285
361,166,4.0,4.111115455627441
417,217,4.0,3.223210334777832
459,546,1.0,3.3900206089019775
152,22,5.0,5.68675422668457
625,188,4.0,3.2270565032958984
401,294,1.0,2.2819035053253174
160,79,4.0,3.8288187980651855
910,100,4.0,3.63344144821167
179,905,4.0,3.1997525691986084
379,502,5.0,4.373197555541992
796,371,5.0,2.8985648155212402
653,163,4.0,2.6086585521698
746,208,4.0,3.7993173599243164
45,284,4.0,3.478919744491577
766,526,2.0,3.597418785095215
303,578,2.0,2.9596149921417236
898,309,5.0,2.855214834213257
593,866,5.0,3.1759657859802246
643,144,4.0,4.032517910003662
270,747,5.0,4.354138374328613
474,23,4.0,4.458767890930176
121,237,5.0,3.247925043106079
479,474,5.0,4.361863136291504
532,771,3.0,3.3767261505126953
121,313,5.0,3.6144580841064453
912,268,2.0,3.215953826904297
764,673,4.0,3.663675308227539
387,1537,4.0,3.130267381668091
34,288,2.0,4.162544250488281
344,118,3.0,2.124650478363037
482,127,4.0,3.550762176513672
456,697,4.0,3.445169448852539
260,748,4.0,3.6144254207611084
305,135,3.0,3.7665786743164062
457,114,5.0,4.887097358703613
339,161,3.0,2.8302276134490967
18,702,3.0,3.1784586906433105
918,190,5.0,3.6673572063446045
614,14,3.0,3.1637794971466064
470,7,3.0,3.568523406982422
93,934,3.0,3.0376830101013184
407,151,4.0,3.6192541122436523
466,173,3.0,3.853480577468872
279,824,4.0,2.890415906906128
401,185,4.0,3.52083420753479
779,118,5.0,3.9146852493286133
184,629,3.0,3.343900680541992
102,118,3.0,2.5096521377563477
313,636,4.0,3.141869306564331
232,166,4.0,4.147960662841797
370,427,5.0,4.110815525054932
320,22,5.0,4.888924598693848
299,1021,3.0,3.850531816482544
786,230,4.0,3.7854020595550537
867,222,4.0,3.680053234100342
472,386,5.0,2.5041277408599854
826,313,5.0,4.993310928344727
893,412,3.0,2.2407643795013428
757,570,3.0,3.1394495964050293
709,431,5.0,3.6921703815460205
705,423,2.0,3.6240854263305664
425,187,3.0,3.646329402923584
268,325,3.0,2.4392426013946533
215,474,4.0,4.415021896362305
9,340,4.0,3.9178974628448486
770,742,4.0,4.660366058349609
762,749,1.0,2.441600799560547
437,248,2.0,3.5417943000793457
13,88,4.0,3.256924867630005
373,196,5.0,4.271234512329102
429,45,3.0,3.8251075744628906
560,7,3.0,3.675285577774048
123,127,5.0,4.3890533447265625
405,226,2.0,2.938370943069458
756,742,3.0,3.2312233448028564
276,665,3.0,3.129457950592041
63,25,4.0,3.386596202850342
884,198,5.0,3.9874355792999268
653,50,5.0,3.5559446811676025
677,288,5.0,4.0912675857543945
561,513,3.0,4.218283653259277
213,294,3.0,3.2022805213928223
188,288,4.0,3.5096094608306885
634,866,3.0,3.344867467880249
896,655,4.0,3.4689157009124756
653,223,3.0,2.9882984161376953
817,327,4.0,3.3266420364379883
585,855,3.0,3.9022419452667236
782,908,3.0,2.280179977416992
758,234,4.0,4.184973239898682
295,1459,5.0,4.238852500915527
655,262,5.0,3.368302345275879
709,227,2.0,3.44342303276062
64,64,4.0,4.28495979309082
201,289,2.0,2.6229941844940186
291,79,5.0,4.442131996154785
452,94,1.0,3.1475725173950195
474,651,5.0,4.472683906555176
234,1172,3.0,3.5611226558685303
458,275,5.0,4.119616508483887
927,552,4.0,3.187436819076538
321,1050,3.0,3.435908079147339
113,303,5.0,3.9864354133605957
706,323,4.0,3.0155210494995117
92,527,3.0,4.133395195007324
83,233,4.0,3.80503249168396
747,419,5.0,4.109337329864502
234,172,3.0,3.5059621334075928
868,568,1.0,2.4171924591064453
372,443,4.0,4.391782760620117
95,716,3.0,3.143728256225586
97,1,4.0,4.253579139709473
758,1052,5.0,2.325873374938965
897,443,5.0,3.761406183242798
320,1011,3.0,3.7002665996551514
279,169,5.0,4.0540595054626465
291,1012,4.0,4.3542585372924805
49,10,3.0,3.640979290008545
738,89,5.0,3.863420009613037
711,403,4.0,3.3780245780944824
524,508,5.0,3.8150393962860107
521,651,3.0,3.338308572769165
633,581,3.0,2.8003768920898438
574,213,4.0,3.6155664920806885
878,269,4.0,3.31670880317688
727,38,1.0,3.1360676288604736
610,318,5.0,4.555135726928711
592,461,4.0,4.132047653198242
562,684,4.0,3.5671932697296143
407,8,5.0,3.9681007862091064
938,756,3.0,2.8960628509521484
671,327,1.0,3.6891720294952393
731,487,4.0,3.422902822494507
933,227,1.0,2.2453317642211914
805,475,5.0,4.812980651855469
592,345,4.0,3.7063543796539307
389,503,3.0,3.825226306915283
487,92,4.0,3.50700044631958
932,235,2.0,2.739917278289795
580,1028,3.0,3.276120185852051
761,1277,1.0,3.040771007537842
386,181,3.0,4.1571574211120605
145,155,2.0,3.2155492305755615
181,148,2.0,2.155721664428711
618,68,3.0,2.922974109649658
18,474,4.0,4.550284385681152
672,1190,2.0,2.8645153045654297
399,622,4.0,2.735818862915039
446,302,4.0,3.5812718868255615
848,511,4.0,4.927604675292969
144,262,3.0,3.756953716278076
660,99,2.0,2.9907338619232178
892,1091,2.0,3.0390465259552
303,164,4.0,3.5871760845184326
417,1210,2.0,2.7369883060455322
421,234,5.0,3.7152249813079834
524,382,3.0,3.6390798091888428
290,1091,2.0,2.5068793296813965
18,8,5.0,4.205331325531006
311,785,3.0,3.4706156253814697
727,202,4.0,3.462318181991577
804,615,5.0,3.8109560012817383
579,186,3.0,3.9336764812469482
303,1044,3.0,3.2512805461883545
161,204,2.0,2.4498863220214844
320,24,3.0,3.853846311569214
562,806,1.0,3.3129782676696777
10,558,4.0,3.7678351402282715
881,49,5.0,3.0160024166107178
738,174,5.0,4.443148612976074
786,684,4.0,4.026757717132568
23,283,4.0,3.656270742416382
545,393,4.0,3.5158472061157227
608,690,4.0,2.8797483444213867
608,333,4.0,2.7298266887664795
194,79,3.0,3.3193583488464355
339,53,4.0,3.2940123081207275
162,179,3.0,3.188905954360962
650,117,4.0,2.942714214324951
442,226,3.0,3.0777206420898438
867,28,5.0,3.9070372581481934
435,125,3.0,3.399199962615967
334,19,4.0,3.8492777347564697
804,210,5.0,4.471617698669434
849,421,5.0,4.886835098266602
543,9,4.0,3.6930031776428223
181,620,2.0,1.4804229736328125
889,11,5.0,3.7800254821777344
313,231,2.0,2.6835832595825195
801,752,4.0,4.583769798278809
59,433,5.0,4.422791481018066
563,172,5.0,4.770885467529297
712,462,3.0,3.0014095306396484
159,126,5.0,4.106173515319824
508,70,4.0,3.798128128051758
653,492,4.0,2.4712395668029785
407,588,4.0,3.666060209274292
293,240,2.0,2.280836582183838
210,243,2.0,2.2550740242004395
765,507,5.0,4.2885918617248535
102,1240,2.0,2.774001359939575
655,286,3.0,3.2923309803009033
618,276,3.0,2.575918436050415
916,474,4.0,4.59633731842041
943,581,4.0,3.325658082962036
930,100,3.0,3.4599874019622803
271,509,4.0,3.7627193927764893
301,771,2.0,2.7780838012695312
7,652,3.0,3.979438543319702
561,642,3.0,3.6720399856567383
84,322,3.0,3.2862977981567383
116,270,3.0,3.218536376953125
334,164,3.0,3.2467541694641113
764,77,4.0,3.8685271739959717
737,173,4.0,3.9355430603027344
907,173,4.0,5.206140518188477
805,1033,3.0,2.0285401344299316
141,237,4.0,3.7454168796539307
145,1288,4.0,2.759427309036255
901,560,3.0,2.8547117710113525
588,172,5.0,4.588713645935059
62,288,2.0,2.7166545391082764
62,228,3.0,3.4454736709594727
444,751,4.0,3.6139450073242188
450,82,3.0,4.315448760986328
389,386,3.0,3.2634034156799316
567,673,3.0,3.6462764739990234
670,232,3.0,3.142159938812256
756,1074,4.0,2.636687994003296
387,1011,3.0,3.4241280555725098
447,629,3.0,3.544818639755249
704,519,3.0,4.049949645996094
653,517,1.0,2.5817816257476807
198,381,3.0,3.208822250366211
899,423,4.0,3.721583604812622
927,257,5.0,4.3580169677734375
91,326,3.0,3.5751430988311768
244,156,4.0,4.626372337341309
943,56,5.0,4.027162551879883
880,186,4.0,4.277183532714844
843,392,2.0,2.639817714691162
339,97,4.0,3.9112069606781006
199,14,4.0,3.8520758152008057
447,926,3.0,2.740079164505005
629,234,4.0,4.360036373138428
694,528,3.0,4.154096603393555
314,15,5.0,4.546351432800293
524,116,4.0,3.8413565158843994
432,295,3.0,3.7702527046203613
655,340,3.0,3.3352057933807373
334,311,4.0,3.9218125343322754
747,408,5.0,5.070774078369141
506,660,3.0,4.028285980224609
244,710,3.0,3.721073627471924
276,157,5.0,4.161397933959961
327,88,2.0,2.699862480163574
702,258,5.0,2.6150496006011963
309,324,3.0,2.7189157009124756
37,62,5.0,3.3174612522125244
148,172,5.0,4.260500907897949
417,545,1.0,1.875157356262207
650,301,2.0,2.6804635524749756
94,97,4.0,3.7948966026306152
332,12,5.0,5.001810073852539
536,209,2.0,3.6679556369781494
698,220,3.0,2.920846462249756
151,100,3.0,4.722639083862305
70,496,4.0,4.096158504486084
268,21,3.0,2.153535842895508
14,70,1.0,3.9446208477020264
690,239,2.0,3.4656596183776855
458,589,4.0,4.335267066955566
7,523,4.0,4.553314208984375
378,793,3.0,3.5526180267333984
297,27,1.0,2.7917592525482178
59,208,5.0,4.429293632507324
18,116,5.0,3.9704535007476807
495,1118,5.0,3.865880250930786
396,245,3.0,3.552806854248047
837,277,2.0,3.477027654647827
297,102,1.0,2.8912150859832764
846,55,5.0,4.145574569702148
368,441,3.0,2.62873911857605
643,428,4.0,4.041080474853516
62,245,2.0,2.1906375885009766
383,180,5.0,4.486454010009766
804,1291,3.0,2.947986125946045
116,300,3.0,2.890519142150879
632,176,3.0,3.8225955963134766
76,264,3.0,2.2792868614196777
704,432,5.0,3.853851795196533
773,268,4.0,3.7594501972198486
413,222,4.0,3.4122838973999023
374,69,5.0,4.24279260635376
201,210,2.0,2.8842928409576416
8,172,5.0,4.7724199295043945
327,1012,2.0,3.1667401790618896
326,44,1.0,3.096158266067505
496,156,3.0,3.8910000324249268
296,111,3.0,3.8557071685791016
80,260,1.0,2.5578701496124268
682,809,2.0,3.0133228302001953
700,98,3.0,3.934147834777832
293,79,3.0,3.1718673706054688
130,761,3.0,3.51631498336792
524,490,3.0,3.817354679107666
699,762,3.0,3.3244621753692627
730,685,2.0,3.120857000350952
833,144,4.0,2.948843240737915
777,286,2.0,3.8319833278656006
311,498,4.0,4.2171735763549805
314,158,3.0,3.046055555343628
375,302,5.0,4.169467926025391
60,498,5.0,4.514362335205078
579,4,2.0,3.460296392440796
537,22,2.0,2.5160586833953857
377,200,5.0,3.7932090759277344
828,921,4.0,3.2841312885284424
497,139,3.0,2.646876811981201
591,516,3.0,4.055567741394043
908,194,3.0,3.634845018386841
198,153,4.0,3.5133094787597656
290,683,2.0,2.521327257156372
815,87,5.0,4.013759613037109
59,237,3.0,4.104831695556641
422,590,2.0,1.8634052276611328
308,71,4.0,3.5430238246917725
394,98,5.0,4.821582794189453
62,98,4.0,4.161676406860352
829,410,3.0,3.0294392108917236
544,343,2.0,2.7798779010772705
617,868,4.0,2.6055474281311035
56,71,4.0,4.163443565368652
429,514,3.0,3.878967761993408
339,1110,4.0,3.1508445739746094
617,669,1.0,1.0652391910552979
549,1047,3.0,3.07486891746521
647,255,4.0,3.3952345848083496
222,1206,2.0,2.645285129547119
363,739,3.0,2.6560518741607666
291,184,4.0,4.214836120605469
301,271,4.0,3.6681902408599854
118,188,5.0,4.687165260314941
757,1188,3.0,2.874933958053589
891,280,3.0,3.6280345916748047
565,165,4.0,4.855245590209961
308,81,5.0,3.8516950607299805
530,470,3.0,3.6657156944274902
243,93,2.0,3.8067681789398193
59,371,4.0,3.582334518432617
664,1098,3.0,3.4346022605895996
26,760,1.0,2.4255499839782715
830,211,4.0,4.09602689743042
900,9,2.0,2.8919942378997803
864,2,4.0,3.5557451248168945
597,242,4.0,4.119535446166992
22,792,4.0,3.9609837532043457
165,270,4.0,4.0560455322265625
483,462,3.0,2.903808116912842
593,144,4.0,4.032922267913818
299,461,3.0,3.463787317276001
280,237,3.0,3.8464505672454834
327,176,4.0,3.4465982913970947
200,196,4.0,4.725763320922852
264,672,3.0,2.727355718612671
405,48,1.0,2.1765289306640625
429,961,3.0,3.5647900104522705
215,164,3.0,3.7399909496307373
569,340,4.0,3.651993989944458
621,804,4.0,3.277477741241455
188,22,5.0,4.675718307495117
360,144,2.0,3.790576219558716
293,132,4.0,3.87477707862854
399,343,2.0,2.87202787399292
456,86,2.0,4.009966850280762
407,157,2.0,3.712249517440796
707,100,5.0,4.567089080810547
328,750,4.0,3.9049506187438965
488,173,4.0,3.7852251529693604
868,229,3.0,2.0847585201263428
151,531,3.0,4.268710136413574
848,523,5.0,4.520899772644043
454,95,2.0,3.648128032684326
368,7,4.0,3.4086437225341797
807,526,5.0,4.269018173217773
708,15,3.0,3.7026114463806152
845,904,3.0,2.806760787963867
658,471,4.0,3.4361250400543213
328,194,3.0,4.007851600646973
663,473,3.0,2.9646546840667725
537,523,3.0,3.3377208709716797
323,1012,4.0,3.733682155609131
92,834,1.0,2.020047664642334
161,582,1.0,2.310133457183838
198,568,3.0,3.12394642829895
650,429,4.0,3.5580711364746094
776,708,5.0,3.4701082706451416
617,320,5.0,2.7105534076690674
843,121,3.0,2.945211887359619
196,173,2.0,4.34981632232666
37,273,3.0,3.7871437072753906
402,410,1.0,3.347132682800293
487,1,5.0,4.312966823577881
133,750,4.0,3.5967047214508057
123,23,4.0,4.328539848327637
788,1248,3.0,2.9644274711608887
606,1280,2.0,3.2404215335845947
151,181,5.0,4.158688545227051
305,338,3.0,2.1705145835876465
889,297,3.0,3.8651950359344482
253,294,4.0,2.969221830368042
553,191,4.0,4.531111717224121
409,1541,4.0,2.0283732414245605
285,150,5.0,3.7271409034729004
77,268,5.0,3.510878086090088
455,1137,3.0,3.912767171859741
483,313,2.0,4.122142791748047
84,15,4.0,4.008082389831543
709,739,3.0,3.6588048934936523
579,7,3.0,3.5484700202941895
327,709,4.0,3.9480741024017334
805,405,3.0,2.6962528228759766
786,86,4.0,4.006290912628174
334,301,2.0,2.9240379333496094
388,773,3.0,2.6405043601989746
222,1419,1.0,2.181070327758789
151,433,3.0,3.9601986408233643
556,187,5.0,4.527895927429199
850,490,5.0,3.9762070178985596
291,41,4.0,3.6548409461975098
846,739,4.0,3.270674705505371
332,97,5.0,4.516366004943848
388,307,4.0,4.015542984008789
776,134,4.0,4.084841251373291
642,955,3.0,3.119107961654663
622,402,3.0,3.2438039779663086
890,436,3.0,3.7279212474823
269,640,5.0,3.1975746154785156
6,32,4.0,3.855123996734619
313,155,2.0,3.075481653213501
417,452,2.0,2.77471661567688
685,299,2.0,1.7793166637420654
469,64,5.0,5.018921852111816
806,455,3.0,3.1072115898132324
370,64,4.0,4.2466840744018555
313,582,2.0,3.5721447467803955
303,873,3.0,2.4608664512634277
363,39,4.0,2.950040102005005
882,756,3.0,2.9955060482025146
466,909,5.0,3.7421419620513916
59,25,4.0,4.044821262359619
186,588,4.0,3.85071063041687
735,288,4.0,3.024557113647461
52,288,3.0,3.901691198348999
624,255,3.0,3.293236255645752
868,378,2.0,2.4856598377227783
847,367,3.0,2.958723545074463
675,347,4.0,3.4976966381073
210,97,5.0,4.277433395385742
929,654,3.0,4.100470542907715
631,307,4.0,3.2584776878356934
72,382,4.0,3.568180561065674
276,77,3.0,3.138597249984741
459,286,4.0,3.2500874996185303
727,421,5.0,3.32344388961792
75,137,4.0,4.150197982788086
486,327,3.0,3.1560988426208496
882,432,5.0,4.286736488342285
919,1284,3.0,2.952852725982666
149,310,2.0,2.9153335094451904
5,454,1.0,2.5823824405670166
548,466,5.0,3.3063628673553467
546,977,5.0,3.2728447914123535
87,196,5.0,4.438544273376465
847,1,3.0,3.356606960296631
579,88,4.0,3.391064405441284
345,956,4.0,3.9880988597869873
327,715,4.0,3.3259551525115967
234,1221,4.0,2.683486223220825
854,479,4.0,4.134726524353027
807,566,4.0,4.346484184265137
396,472,5.0,3.325404167175293
719,79,4.0,3.7272231578826904
312,740,4.0,3.6070568561553955
436,785,2.0,3.5717453956604004
592,881,1.0,2.706122398376465
624,886,4.0,3.190412759780884
916,2,3.0,2.6351265907287598
95,71,5.0,3.986379623413086
262,567,1.0,2.5315797328948975
606,168,5.0,4.276700973510742
398,235,2.0,2.5609652996063232
321,215,3.0,3.6440579891204834
686,2,3.0,3.27960467338562
619,879,4.0,3.131300210952759
932,659,5.0,4.523886680603027
308,275,4.0,4.011682510375977
782,1241,2.0,2.1329073905944824
351,751,4.0,4.0373640060424805
269,661,4.0,4.226328372955322
93,118,3.0,3.4326727390289307
425,823,3.0,2.59781551361084
524,310,4.0,3.470460891723633
618,371,3.0,2.7683377265930176
268,182,4.0,3.8353686332702637
324,538,4.0,4.64841365814209
899,740,5.0,3.2845571041107178
87,80,4.0,3.341585636138916
825,925,4.0,3.9497501850128174
378,272,4.0,4.200137138366699
774,135,3.0,2.873584032058716
930,238,4.0,2.868881940841675
704,604,5.0,4.110893249511719
854,509,4.0,3.625324010848999
704,185,4.0,4.276511192321777
497,1407,3.0,2.367213010787964
429,166,5.0,3.8479578495025635
255,597,4.0,2.1140496730804443
406,136,4.0,4.057923316955566
16,182,5.0,4.32453727722168
715,546,4.0,3.0084009170532227
465,151,3.0,3.2585361003875732
846,705,3.0,4.07771110534668
23,780,1.0,2.9637210369110107
336,785,1.0,3.0714938640594482
214,196,4.0,3.7451086044311523
669,56,2.0,3.586848258972168
846,135,4.0,4.413180351257324
181,1198,1.0,1.1097809076309204
896,392,3.0,3.245102643966675
22,687,1.0,1.6820542812347412
396,288,3.0,3.7124950885772705
709,230,2.0,3.9114887714385986
379,433,4.0,4.1291093826293945
664,57,4.0,4.088042259216309
805,636,4.0,3.2900969982147217
195,46,3.0,3.548604965209961
442,738,3.0,2.8988375663757324
893,172,5.0,4.394874572753906
682,209,3.0,3.5230820178985596
234,626,4.0,1.0924744606018066
118,7,5.0,4.743405342102051
756,195,3.0,3.5963070392608643
354,661,4.0,4.231123924255371
766,606,3.0,3.8060262203216553
838,191,5.0,4.398858070373535
839,319,1.0,3.1774349212646484
456,1009,5.0,3.3729755878448486
640,226,5.0,4.000200271606445
274,88,4.0,3.6635875701904297
85,631,4.0,3.6384477615356445
774,22,2.0,2.507192611694336
67,121,4.0,4.176658630371094
493,1013,1.0,2.1000003814697266
339,133,4.0,4.183356761932373
621,871,3.0,2.8744142055511475
450,702,4.0,3.241999626159668
648,742,5.0,3.552394151687622
294,928,3.0,3.1700329780578613
727,271,4.0,3.210296392440796
699,269,4.0,3.9146127700805664
387,76,3.0,3.220954179763794
424,25,4.0,3.3145463466644287
269,708,4.0,4.144956588745117
911,197,4.0,3.972933053970337
738,429,3.0,4.123836517333984
901,568,5.0,4.302707195281982
566,707,4.0,4.151073455810547
881,417,2.0,3.1790871620178223
450,969,4.0,4.284924507141113
47,321,4.0,3.3307104110717773
44,71,3.0,3.928274154663086
487,111,3.0,3.775890588760376
234,530,4.0,3.8314626216888428
795,319,4.0,3.148210287094116
443,260,1.0,3.0031344890594482
405,1566,1.0,0.478950560092926
201,979,2.0,2.8618767261505127
853,678,4.0,2.5803754329681396
151,190,4.0,4.776284217834473
347,411,5.0,2.943688154220581
489,243,4.0,3.460292339324951
414,288,5.0,3.6588985919952393
378,392,3.0,3.4090874195098877
409,223,4.0,3.962895393371582
234,385,2.0,2.5095598697662354
450,221,4.0,3.9102540016174316
95,591,5.0,3.485872983932495
42,371,4.0,2.978102922439575
466,260,4.0,2.527851104736328
552,1,3.0,3.676856279373169
94,160,4.0,3.928943157196045
584,230,4.0,3.706990957260132
109,452,2.0,3.0360772609710693
655,789,3.0,3.0152924060821533
561,201,3.0,3.177178144454956
406,123,4.0,2.9832682609558105
455,385,3.0,3.6500532627105713
144,124,4.0,4.050115585327148
435,1061,3.0,3.01332688331604
727,1034,2.0,2.2907662391662598
602,880,4.0,3.313311815261841
296,238,4.0,4.296070098876953
590,6,5.0,3.586850166320801
916,256,3.0,3.989647626876831
262,447,3.0,3.467999219894409
661,647,4.0,4.310558795928955
56,930,3.0,3.0558278560638428
117,156,4.0,4.523555755615234
804,511,4.0,4.431417465209961
591,435,4.0,4.00641393661499
650,501,3.0,3.2486305236816406
343,531,5.0,4.296311378479004
189,459,4.0,4.183985710144043
302,333,3.0,2.650998592376709
666,866,2.0,2.722003936767578
308,755,3.0,3.029897451400757
854,1028,2.0,1.9911118745803833
458,127,5.0,4.485252380371094
394,22,5.0,4.77972412109375
436,381,4.0,3.544860601425171
495,232,5.0,4.034816741943359
457,371,4.0,3.8711025714874268
417,963,4.0,4.134335517883301
145,358,4.0,3.011739492416382
417,561,3.0,3.0828170776367188
916,1217,1.0,2.2896389961242676
238,756,3.0,2.8028056621551514
88,261,5.0,2.3570826053619385
334,1133,4.0,3.1592624187469482
622,418,3.0,3.44160795211792
643,150,5.0,3.912588596343994
454,134,3.0,2.6362924575805664
6,480,4.0,4.277400016784668
738,659,4.0,4.118729591369629
458,134,5.0,4.546367645263672
252,149,5.0,3.757589817047119
236,532,2.0,3.2535035610198975
84,597,3.0,3.281935453414917
92,200,3.0,3.9842710494995117
848,1101,5.0,4.285161972045898
708,476,3.0,2.9500598907470703
503,197,5.0,4.427316665649414
70,229,3.0,3.0564987659454346
561,133,3.0,3.109419107437134
13,868,5.0,3.224848747253418
561,304,3.0,2.662341356277466
151,549,4.0,3.911736249923706
938,405,3.0,3.486392021179199
236,172,3.0,3.90799617767334
795,550,3.0,2.8514750003814697
393,1221,3.0,3.4086384773254395
942,261,4.0,2.558565139770508
7,676,3.0,3.0586156845092773
307,163,3.0,3.785045623779297
450,735,4.0,4.344764232635498
92,31,4.0,3.3975307941436768
620,1,5.0,4.3473615646362305
429,1119,3.0,3.2652361392974854
537,190,4.0,3.5135791301727295
593,845,3.0,3.6111974716186523
479,181,5.0,3.7825326919555664
159,451,5.0,3.44235897064209
495,228,5.0,4.427085876464844
13,127,5.0,3.9842283725738525
747,178,5.0,4.974411964416504
886,11,5.0,3.825943946838379
623,234,4.0,3.616201400756836
886,419,3.0,3.5089690685272217
655,44,2.0,2.7850711345672607
938,1012,5.0,3.3787643909454346
167,615,5.0,4.08045768737793
135,227,3.0,2.904243230819702
472,758,1.0,2.7298402786254883
823,156,5.0,4.333939552307129
538,174,4.0,4.0301618576049805
334,71,3.0,3.3158822059631348
870,22,4.0,3.7137041091918945
495,68,5.0,4.37161111831665
262,423,4.0,3.626744270324707
383,663,5.0,4.327096939086914
380,86,4.0,3.587125301361084
671,23,4.0,3.455435037612915
234,478,3.0,3.7275450229644775
201,1069,2.0,3.102362871170044
559,4,4.0,3.355616569519043
181,758,1.0,1.1251347064971924
56,794,3.0,3.777632474899292
780,187,5.0,3.7480242252349854
497,1042,3.0,3.059134006500244
505,182,1.0,3.128535747528076
870,810,3.0,2.375917434692383
303,1153,3.0,3.889589548110962
868,1098,5.0,3.167992353439331
303,186,4.0,4.098423957824707
201,47,4.0,3.3459761142730713
416,184,4.0,3.861553192138672
246,219,5.0,3.0307528972625732
909,224,5.0,4.454378128051758
407,173,5.0,4.110049247741699
137,300,5.0,4.730236053466797
43,17,3.0,3.3080859184265137
318,237,5.0,4.123086929321289
885,1,5.0,3.833155870437622
758,384,5.0,2.899338960647583
10,275,4.0,4.259377479553223
499,486,3.0,3.6575965881347656
933,163,2.0,2.8610892295837402
305,204,2.0,2.9884467124938965
370,608,4.0,3.7758829593658447
405,451,5.0,2.208801507949829
940,316,4.0,3.835202217102051
372,200,5.0,4.52761173248291
128,15,4.0,3.6028168201446533
18,199,3.0,4.203871726989746
109,202,5.0,3.490324020385742
837,1047,1.0,2.6429507732391357
387,744,3.0,3.334665536880493
655,291,3.0,2.291574716567993
758,177,5.0,4.489919662475586
94,153,5.0,4.008108139038086
840,566,5.0,3.473832607269287
608,956,3.0,3.6274619102478027
130,109,3.0,4.210854530334473
686,204,4.0,3.945035934448242
329,483,4.0,4.210150241851807
378,1134,4.0,3.463984251022339
900,121,2.0,2.0624237060546875
594,237,3.0,3.143986225128174
843,1135,3.0,2.492319345474243
389,490,3.0,4.490118026733398
655,1245,3.0,3.049855947494507
234,699,3.0,3.3814051151275635
92,173,3.0,4.291133880615234
519,299,5.0,3.9298980236053467
301,111,1.0,3.6768698692321777
435,22,4.0,3.944096326828003
815,527,5.0,3.9752490520477295
806,1059,3.0,2.5322248935699463
435,1291,1.0,2.6387410163879395
207,475,2.0,3.2321417331695557
617,653,4.0,3.1662840843200684
812,288,4.0,3.7499046325683594
321,510,5.0,3.89045786857605
406,203,4.0,3.732027292251587
880,376,3.0,2.767559051513672
497,62,4.0,3.1626484394073486
904,300,4.0,3.939678192138672
899,229,2.0,2.962223768234253
26,508,3.0,3.145792007446289
854,1197,3.0,3.299931049346924
741,234,4.0,3.816476821899414
308,123,3.0,3.199321985244751
435,778,4.0,3.3457016944885254
299,94,1.0,2.3455522060394287
343,191,5.0,4.888301849365234
14,920,4.0,2.779266834259033
85,132,5.0,3.975837230682373
694,496,4.0,4.64320182800293
553,611,5.0,4.440211296081543
382,177,4.0,3.5080225467681885
532,898,4.0,3.5468947887420654
480,190,5.0,4.030604362487793
487,501,4.0,3.853126287460327
389,923,5.0,4.638811111450195
189,274,4.0,3.2060017585754395
396,1399,3.0,2.116915702819824
467,288,4.0,3.284069299697876
209,333,2.0,2.8472254276275635
286,16,3.0,3.7338013648986816
716,58,5.0,3.698631525039673
331,1194,3.0,3.8909106254577637
533,77,4.0,3.6797077655792236
682,276,3.0,3.359778642654419
342,169,5.0,4.388480186462402
796,607,4.0,3.3617124557495117
468,71,5.0,4.110751152038574
38,717,1.0,3.595219612121582
72,654,4.0,4.164829254150391
399,28,2.0,3.2722818851470947
60,234,4.0,4.158310890197754
701,285,5.0,4.701537132263184
424,538,5.0,3.0942680835723877
296,632,5.0,4.626151084899902
932,1149,4.0,4.26057243347168
721,264,1.0,3.1427910327911377
694,1221,3.0,3.6981427669525146
623,66,4.0,3.3582286834716797
56,210,5.0,4.370386123657227
158,431,5.0,3.725959539413452
268,402,1.0,2.845569133758545
738,169,5.0,4.2233757972717285
603,22,4.0,4.503080368041992
305,144,2.0,3.2304043769836426
573,162,4.0,3.402599334716797
881,4,3.0,3.2866814136505127
561,11,4.0,2.9899730682373047
389,142,3.0,3.0796146392822266
392,298,1.0,3.9732043743133545
128,132,3.0,4.07391357421875
694,836,4.0,3.799128293991089
622,227,3.0,3.11296010017395
363,116,4.0,3.407796621322632
388,117,5.0,4.66278076171875
233,223,4.0,4.584202766418457
472,417,4.0,3.8144731521606445
41,238,5.0,3.978097677230835
553,1451,4.0,3.8628602027893066
269,188,2.0,3.5313363075256348
663,1011,3.0,3.344696283340454
682,147,1.0,3.388991594314575
834,342,2.0,3.0289251804351807
383,286,5.0,3.6638314723968506
292,665,3.0,3.1354105472564697
590,1061,2.0,2.4472296237945557
655,270,4.0,2.7493479251861572
671,144,4.0,4.041465759277344
660,24,3.0,2.7187302112579346
654,111,4.0,3.538142681121826
503,443,5.0,4.224630832672119
552,591,3.0,3.546884536743164
405,728,4.0,2.688079357147217
296,282,4.0,3.616875410079956
551,1135,5.0,3.348923444747925
497,222,3.0,3.689462184906006
327,718,4.0,3.5507235527038574
861,292,4.0,4.07865047454834
630,412,1.0,1.8996353149414062
181,1034,1.0,1.304790735244751
106,526,4.0,4.099833011627197
184,88,3.0,2.991731882095337
244,553,5.0,3.193143844604492
749,94,5.0,3.5522406101226807
374,97,5.0,4.007015228271484
585,113,3.0,4.00836181640625
912,474,3.0,4.006319046020508
500,93,4.0,3.7143566608428955
536,283,3.0,3.8978514671325684
311,62,3.0,3.2886698246002197
276,1239,1.0,2.2249112129211426
825,1015,2.0,3.7172482013702393
151,203,3.0,4.148076057434082
554,121,4.0,3.844285011291504
432,871,2.0,2.8834049701690674
862,222,5.0,4.570472717285156
267,55,4.0,4.568918228149414
334,606,5.0,4.137895584106445
469,607,5.0,4.7002363204956055
694,491,3.0,4.1686930656433105
780,427,3.0,3.9108216762542725
461,121,2.0,2.679199457168579
381,100,4.0,4.810480117797852
748,83,3.0,3.746042013168335
600,62,4.0,3.2794432640075684
795,209,5.0,3.8551955223083496
234,523,4.0,3.5484440326690674
49,652,5.0,3.8468244075775146
127,229,5.0,3.540109872817993
230,673,3.0,3.6633877754211426
757,350,3.0,3.436534881591797
854,144,3.0,3.3383142948150635
276,73,3.0,3.479982852935791
714,291,3.0,3.806428909301758
529,269,3.0,4.034862518310547
393,369,3.0,3.063650131225586
668,333,3.0,3.756282329559326
605,302,4.0,4.434643745422363
437,47,4.0,3.600966453552246
796,1049,4.0,2.913656711578369
567,50,1.0,4.208159446716309
730,322,1.0,2.912437915802002
83,322,3.0,3.345135450363159
474,170,4.0,4.42543888092041
552,873,3.0,3.0203864574432373
593,98,5.0,4.268087863922119
886,174,5.0,4.055720806121826
378,255,4.0,3.197798013687134
783,881,4.0,3.3684182167053223
682,291,1.0,3.273730754852295
747,154,3.0,4.319894790649414
361,218,3.0,3.1790409088134766
502,683,3.0,2.542851448059082
566,137,5.0,4.285426616668701
128,172,3.0,4.328330993652344
285,269,4.0,3.961097478866577
830,2,3.0,3.113321304321289
268,176,5.0,3.516606092453003
78,301,5.0,2.917097806930542
586,17,5.0,3.245375156402588
102,208,4.0,3.004509925842285
114,646,4.0,3.7651400566101074
561,526,3.0,3.2734334468841553
59,448,4.0,3.8394250869750977
233,249,5.0,3.5066936016082764
210,523,4.0,4.632760047912598
35,264,2.0,2.779540777206421
682,157,4.0,3.5216238498687744
201,238,3.0,3.6494297981262207
655,51,2.0,2.79794979095459
373,1006,2.0,3.1766066551208496
42,135,4.0,3.234053134918213
864,94,4.0,3.3415815830230713
334,155,2.0,2.572436571121216
15,924,3.0,2.7976062297821045
756,739,4.0,2.9802982807159424
60,128,3.0,3.8826241493225098
311,479,5.0,4.168334484100342
823,97,5.0,4.182669639587402
601,1540,2.0,2.2057125568389893
610,607,5.0,4.109835624694824
648,89,4.0,3.562952995300293
707,602,4.0,3.1452791690826416
907,619,2.0,4.5726728439331055
119,274,4.0,3.8706512451171875
880,22,4.0,4.403352737426758
524,928,4.0,2.811321258544922
207,82,3.0,3.7621185779571533
118,559,4.0,3.9979894161224365
302,266,2.0,2.010925054550171
84,284,3.0,3.523169755935669
195,59,3.0,4.023455619812012
601,127,4.0,3.960641860961914
130,33,5.0,4.047345161437988
269,208,2.0,3.456347942352295
363,849,2.0,2.475609540939331
671,742,5.0,4.113199234008789
235,523,5.0,4.215402603149414
87,157,3.0,4.052060127258301
660,100,3.0,3.59131121635437
537,1451,3.0,2.990316867828369
94,546,3.0,2.246086835861206
347,432,4.0,3.502695322036743
121,172,5.0,3.911050796508789
734,465,4.0,3.327420234680176
718,597,5.0,3.621455430984497
712,794,4.0,4.024056434631348
154,919,4.0,3.9014508724212646
143,328,4.0,3.7968239784240723
382,252,2.0,2.2208664417266846
554,576,4.0,3.1310341358184814
695,302,4.0,4.3322248458862305
393,672,3.0,2.563885450363159
234,617,3.0,3.310192346572876
234,95,3.0,2.953700542449951
311,527,4.0,3.926619291305542
603,449,4.0,3.2061355113983154
183,380,4.0,3.1360132694244385
690,554,3.0,2.6362345218658447
796,217,4.0,3.1799471378326416
334,238,4.0,3.928771495819092
882,1,5.0,4.603363990783691
268,333,4.0,2.7628471851348877
177,276,5.0,4.0525712966918945
262,50,2.0,4.092206954956055
524,815,3.0,2.825960874557495
1,143,1.0,3.6184682846069336
815,240,2.0,2.299489736557007
276,313,5.0,4.619072914123535
115,9,5.0,4.552430152893066
666,172,3.0,3.9261200428009033
616,347,4.0,3.634226083755493
449,9,4.0,4.466479301452637
624,1120,4.0,3.1213395595550537
416,658,5.0,4.059904098510742
863,340,3.0,3.7360761165618896
234,735,3.0,3.298245668411255
450,58,3.0,3.9051144123077393
437,182,2.0,3.9189682006835938
932,478,4.0,4.505128860473633
505,96,4.0,3.756558418273926
357,280,5.0,4.246375560760498
833,655,2.0,3.178384304046631
450,546,4.0,3.463951349258423
327,327,3.0,2.7584726810455322
793,148,4.0,3.5010058879852295
70,99,4.0,3.749244451522827
799,319,4.0,3.684267044067383
593,237,4.0,3.755641460418701
409,168,5.0,3.9651107788085938
297,257,3.0,3.4626851081848145
374,620,3.0,3.2029590606689453
150,14,4.0,4.07630729675293
828,288,3.0,2.511228322982788
247,259,3.0,2.8072116374969482
727,380,3.0,3.366204261779785
83,527,4.0,3.8805835247039795
103,96,4.0,3.8257758617401123
506,203,4.0,3.6296303272247314
450,89,5.0,4.242236137390137
62,875,4.0,2.6138947010040283
401,553,5.0,2.616668701171875
269,505,3.0,3.787184000015259
13,508,3.0,2.9043352603912354
388,53,5.0,3.1086368560791016
666,489,4.0,4.054038047790527
373,259,5.0,2.947843074798584
403,123,3.0,3.4346365928649902
89,216,5.0,4.325340747833252
790,108,3.0,3.003218650817871
393,932,3.0,3.1986489295959473
624,534,3.0,3.6418850421905518
216,122,5.0,2.8116464614868164
11,738,3.0,2.8011069297790527
416,369,2.0,3.0891242027282715
328,1139,1.0,2.7547595500946045
870,50,3.0,4.228302955627441
454,371,3.0,2.3854799270629883
325,134,4.0,4.455358505249023
305,79,3.0,3.209857225418091
145,750,4.0,3.976362705230713
727,820,2.0,2.763136148452759
279,61,4.0,3.1331963539123535
738,141,3.0,3.557194232940674
695,305,3.0,3.8728973865509033
707,504,1.0,3.7866954803466797
894,312,3.0,3.3481829166412354
656,689,2.0,1.8435249328613281
890,98,4.0,4.619899749755859
466,684,4.0,3.4085395336151123
389,58,4.0,3.7506959438323975
291,825,4.0,3.370142936706543
748,50,5.0,4.191247940063477
721,260,3.0,2.6405088901519775
180,83,5.0,4.486294746398926
444,50,5.0,4.624201774597168
870,52,2.0,3.5842556953430176
265,472,3.0,3.108069658279419
707,1251,4.0,3.7245304584503174
477,237,4.0,5.019828796386719
327,431,3.0,3.0874602794647217
373,732,3.0,4.092537879943848
829,116,4.0,3.729241371154785
299,213,5.0,3.9700865745544434
405,561,1.0,2.0500192642211914
846,87,4.0,4.033819198608398
82,208,3.0,3.8080310821533203
846,91,4.0,3.9328064918518066
276,125,4.0,3.3794171810150146
405,1518,2.0,2.0300211906433105
929,419,4.0,3.573237180709839
85,1166,4.0,3.0022780895233154
862,930,5.0,3.3083157539367676
868,211,3.0,3.394972085952759
416,915,5.0,4.085295677185059
332,568,4.0,4.520419120788574
221,1017,4.0,3.5112085342407227
798,270,4.0,4.210902690887451
457,708,4.0,4.144750595092773
432,181,5.0,4.120206832885742
751,917,2.0,3.1944141387939453
774,1028,2.0,1.4347721338272095
210,210,5.0,4.407039642333984
749,117,4.0,3.6611881256103516
293,632,3.0,3.6955244541168213
892,615,5.0,4.46129035949707
813,538,3.0,3.2780213356018066
905,294,3.0,2.8595409393310547
308,848,4.0,3.2944176197052
162,358,3.0,3.1038105487823486
650,7,4.0,3.205697774887085
875,23,5.0,4.519329071044922
343,387,4.0,3.6918463706970215
175,183,4.0,3.996859312057495
655,629,3.0,2.7269327640533447
865,111,1.0,2.58154034614563
256,1033,4.0,3.3170809745788574
276,931,2.0,2.190134286880493
626,270,2.0,2.571017265319824
506,945,4.0,4.1566925048828125
865,685,3.0,2.0895681381225586
840,474,5.0,4.998655319213867
389,38,2.0,2.2279772758483887
889,881,3.0,2.7269840240478516
573,480,4.0,4.017400741577148
128,427,5.0,4.2598652839660645
659,482,4.0,3.9242093563079834
463,242,2.0,3.6701412200927734
886,12,5.0,4.16945219039917
451,324,4.0,2.007451057434082
114,89,5.0,3.7721433639526367
843,152,2.0,2.702533721923828
144,313,5.0,4.314801216125488
535,612,4.0,4.1665873527526855
453,871,1.0,2.5292015075683594
721,1065,5.0,3.1427624225616455
826,294,4.0,3.6695189476013184
592,1097,4.0,4.137386322021484
495,135,3.0,4.3719024658203125
472,193,5.0,4.12174654006958
296,48,5.0,4.763785362243652
325,530,4.0,4.180950164794922
917,535,4.0,3.3496766090393066
391,148,3.0,2.588608741760254
606,127,4.0,4.454224586486816
387,746,1.0,3.3215010166168213
593,293,1.0,3.5898351669311523
334,655,4.0,3.6237974166870117
98,523,5.0,3.801896333694458
763,609,4.0,3.5901646614074707
479,131,3.0,4.0044097900390625
490,93,4.0,3.119642496109009
846,602,4.0,3.6645612716674805
703,864,2.0,3.4160125255584717
234,91,5.0,3.082737445831299
889,144,4.0,3.7604541778564453
710,330,3.0,3.1172637939453125
13,433,4.0,3.356792449951172
693,520,2.0,3.7261340618133545
593,274,3.0,3.510011672973633
59,595,3.0,3.0851478576660156
254,219,1.0,2.767155408859253
577,281,3.0,3.621122360229492
200,1049,3.0,3.111300230026245
405,418,5.0,2.9168944358825684
504,705,4.0,3.9009885787963867
634,595,4.0,3.0592780113220215
328,433,2.0,3.5574827194213867
835,287,4.0,3.914470911026001
712,42,1.0,3.5774333477020264
524,275,3.0,3.999607563018799
639,286,4.0,2.9642632007598877
897,871,3.0,2.943659782409668
311,161,4.0,4.033992290496826
780,515,3.0,4.100701332092285
416,103,3.0,2.5639395713806152
82,151,2.0,3.374586582183838
450,633,5.0,4.361751556396484
419,705,5.0,4.225306510925293
20,323,4.0,2.609694242477417
456,1198,4.0,3.298363447189331
378,1221,3.0,3.4911258220672607
436,400,3.0,2.509594678878784
447,1046,3.0,3.205235242843628
757,426,3.0,3.1504321098327637
484,186,4.0,4.462615966796875
174,871,1.0,2.7654218673706055
249,191,4.0,4.809775352478027
315,12,5.0,4.590231895446777
1,88,4.0,3.0678694248199463
676,962,4.0,3.165327548980713
56,405,4.0,3.715073585510254
437,11,1.0,3.4375271797180176
271,506,4.0,4.172074794769287
908,185,4.0,3.6513869762420654
936,1023,2.0,2.536638021469116
618,723,3.0,2.7091543674468994
650,1039,3.0,3.648946762084961
579,111,4.0,3.438292980194092
223,173,5.0,3.9349863529205322
535,566,3.0,3.5221645832061768
334,1073,4.0,3.8155226707458496
860,4,4.0,3.371063232421875
838,143,5.0,3.9858481884002686
889,250,4.0,3.262746572494507
107,259,2.0,2.265881061553955
222,186,5.0,4.015527725219727
399,127,2.0,3.493000030517578
85,70,4.0,3.4607162475585938
437,955,4.0,3.5115833282470703
299,606,4.0,4.045794486999512
416,734,3.0,3.032758951187134
332,284,5.0,4.012086868286133
372,441,4.0,3.6040148735046387
393,805,2.0,3.5762064456939697
313,183,5.0,4.04097318649292
275,169,3.0,3.5317604541778564
543,147,4.0,2.899432897567749
257,113,4.0,4.26041316986084
275,825,2.0,2.7595481872558594
37,161,5.0,3.6506290435791016
501,124,4.0,4.434374809265137
480,249,1.0,2.970076084136963
766,436,4.0,3.2324302196502686
130,305,4.0,4.067242622375488
830,424,1.0,1.2551653385162354
896,128,4.0,3.076570987701416
708,405,4.0,3.4531736373901367
241,270,3.0,3.4860615730285645
303,50,5.0,4.771058082580566
889,39,2.0,3.188079595565796
130,472,4.0,3.73915696144104
663,7,4.0,3.7165098190307617
795,655,3.0,3.4110002517700195
515,687,3.0,1.8884752988815308
484,1016,4.0,3.87343692779541
526,243,1.0,1.3473546504974365
518,696,5.0,3.4538238048553467
334,1172,3.0,3.7032785415649414
389,8,4.0,4.435857772827148
167,83,5.0,3.9458601474761963
801,343,4.0,4.3735151290893555
666,182,4.0,4.078973293304443
747,3,2.0,2.858851432800293
451,288,5.0,3.6123859882354736
878,111,4.0,2.8365590572357178
807,94,2.0,4.018167018890381
49,413,1.0,1.7777247428894043
828,381,3.0,3.02001690864563
546,313,2.0,5.210089683532715
704,607,4.0,3.9948859214782715
468,117,2.0,3.4273324012756348
306,756,3.0,2.4625022411346436
588,1091,4.0,2.950136661529541
393,73,4.0,3.953094959259033
328,157,5.0,3.6189472675323486
475,316,5.0,3.783618450164795
145,761,4.0,2.9886746406555176
763,83,3.0,4.0633225440979
631,323,2.0,2.878840684890747
299,26,4.0,3.321504592895508
778,204,4.0,2.936758279800415
840,185,5.0,4.797223091125488
480,603,4.0,4.176059722900391
489,898,3.0,3.797177791595459
716,64,5.0,4.686737060546875
838,70,4.0,3.9661436080932617
409,965,2.0,3.651179313659668
738,496,4.0,4.356096267700195
271,242,4.0,3.998075246810913
601,483,4.0,4.172232627868652
61,690,2.0,3.046910047531128
101,282,3.0,3.5755388736724854
172,177,4.0,3.338059663772583
161,174,2.0,2.683654546737671
435,254,3.0,2.1549813747406006
471,172,4.0,3.7622318267822266
870,124,4.0,4.06304931640625
890,121,2.0,2.652944564819336
32,222,3.0,3.2807092666625977
374,7,1.0,3.4554781913757324
862,831,3.0,2.7839550971984863
201,1153,2.0,3.0044360160827637
60,405,4.0,3.4468436241149902
344,251,5.0,4.444356918334961
574,310,4.0,3.5149588584899902
582,932,2.0,2.3409340381622314
338,479,5.0,4.218052864074707
731,378,1.0,3.5160839557647705
804,1222,3.0,3.0656325817108154
561,675,3.0,3.630261182785034
795,201,4.0,3.166120767593384
913,203,4.0,3.536954164505005
90,300,3.0,3.353165864944458
42,88,5.0,4.166383266448975
666,646,3.0,4.296883583068848
642,585,5.0,2.741746425628662
667,1101,3.0,4.0620527267456055
458,21,2.0,2.2601490020751953
682,708,3.0,2.9766829013824463
13,463,5.0,3.763576030731201
181,458,3.0,1.4365090131759644
347,240,5.0,2.621051549911499
62,232,3.0,2.800482988357544
113,246,5.0,4.083703994750977
586,470,4.0,3.392186164855957
937,515,5.0,4.1331400871276855
398,414,3.0,3.477919816970825
41,209,4.0,4.21508264541626
889,514,1.0,3.6718719005584717
279,1411,3.0,2.535557985305786
423,299,3.0,2.9676711559295654
532,335,3.0,3.2383337020874023
932,576,2.0,2.783163070678711
907,685,5.0,4.525653839111328
242,111,4.0,4.4455766677856445
441,683,2.0,2.7469635009765625
640,204,5.0,4.636640548706055
15,283,4.0,3.147451400756836
655,1445,3.0,2.7307488918304443
660,826,3.0,1.811446189880371
251,248,4.0,3.904139995574951
66,877,1.0,2.7685811519622803
699,1010,3.0,3.2815303802490234
145,281,4.0,3.328190565109253
640,47,4.0,4.130335807800293
445,221,1.0,2.760812997817993
29,332,4.0,3.319793939590454
554,294,3.0,3.0897953510284424
60,433,4.0,4.1423749923706055
717,271,2.0,3.735452651977539
562,231,1.0,2.6341354846954346
711,660,5.0,4.28342342376709
5,1,4.0,3.362797975540161
842,886,4.0,3.3109030723571777
504,258,5.0,4.140836715698242
564,597,4.0,3.1900506019592285
308,1169,5.0,4.117959022521973
79,100,5.0,4.687007904052734
883,856,5.0,4.1117682456970215
305,257,2.0,3.113361358642578
215,234,4.0,3.990774631500244
363,68,2.0,3.064236879348755
629,4,3.0,4.14169454574585
57,240,2.0,2.959186553955078
484,202,5.0,4.026787757873535
237,357,4.0,4.39625358581543
828,170,3.0,3.365368127822876
579,83,5.0,3.9435336589813232
259,294,3.0,3.2013137340545654
330,419,5.0,4.710776329040527
318,105,1.0,2.6382479667663574
315,93,5.0,4.102312088012695
843,217,4.0,2.8852968215942383
896,562,2.0,2.3995800018310547
500,1135,3.0,2.796653985977173
922,174,5.0,4.228207588195801
222,1041,3.0,3.058948516845703
82,482,4.0,3.9774813652038574
782,752,4.0,3.1592137813568115
238,151,2.0,3.2789838314056396
767,478,4.0,4.571096420288086
42,210,5.0,4.652810096740723
429,218,3.0,3.4244163036346436
20,405,3.0,2.9387152194976807
337,106,2.0,3.1114299297332764
666,248,3.0,3.7498576641082764
478,975,4.0,3.000903606414795
868,405,1.0,2.2743005752563477
189,255,2.0,3.0856759548187256
499,207,5.0,3.567429542541504
885,418,4.0,3.561457872390747
95,176,3.0,3.775993585586548
535,435,5.0,4.1726484298706055
222,231,2.0,2.6821630001068115
292,855,5.0,4.021721839904785
655,1644,1.0,1.737312912940979
69,475,3.0,4.348546981811523
385,661,4.0,3.953032970428467
618,433,2.0,3.0981807708740234
490,987,3.0,1.1928634643554688
792,24,3.0,3.315337657928467
68,237,5.0,3.1649296283721924
690,294,3.0,3.1146302223205566
846,673,4.0,3.8609275817871094
90,223,4.0,4.714812278747559
922,249,3.0,3.1598358154296875
642,49,4.0,3.5675923824310303
244,232,4.0,3.3232357501983643
528,213,4.0,3.8472790718078613
16,204,5.0,4.5693769454956055
788,670,3.0,3.0185937881469727
650,232,3.0,2.8478949069976807
62,174,4.0,3.7362349033355713
334,640,4.0,3.0901002883911133
269,642,3.0,4.060460090637207
837,717,1.0,2.7649648189544678
295,67,4.0,3.3925020694732666
638,121,4.0,3.909217357635498
588,8,5.0,4.132415771484375
311,436,3.0,3.4871370792388916
407,388,2.0,2.151625633239746
296,281,2.0,3.3228352069854736
290,588,4.0,3.5451974868774414
5,433,5.0,3.648639440536499
592,324,4.0,3.644817590713501
707,902,5.0,3.7227227687835693
453,401,3.0,2.7172634601593018
653,153,2.0,2.821291446685791
711,710,4.0,3.4855904579162598
796,77,5.0,4.10444450378418
387,408,4.0,4.589865684509277
459,300,4.0,4.109529495239258
917,471,4.0,3.6299002170562744
7,502,5.0,4.330749988555908
406,451,2.0,3.2447683811187744
141,118,5.0,4.249349117279053
385,455,4.0,2.0854153633117676
445,1598,1.0,1.806288242340088
87,514,4.0,3.4534974098205566
140,880,4.0,3.288365602493286
804,632,3.0,3.943249464035034
192,1160,4.0,3.422075033187866
38,252,5.0,3.656330108642578
178,288,5.0,3.407264471054077
311,443,3.0,3.62394118309021
749,755,4.0,3.4641997814178467
43,699,4.0,3.9006729125976562
654,181,3.0,4.31571102142334
201,57,4.0,3.4500458240509033
716,141,4.0,3.7261974811553955
943,526,4.0,3.366467237472534
181,1368,1.0,1.283449649810791
718,282,5.0,4.243825912475586
216,93,4.0,3.9186179637908936
378,323,3.0,2.4915504455566406
178,117,4.0,4.042366027832031
661,573,3.0,3.439206600189209
293,657,4.0,4.1360368728637695
94,572,3.0,2.697758674621582
359,313,5.0,5.159804344177246
880,755,3.0,3.224449634552002
819,862,2.0,1.8661450147628784
87,273,3.0,3.6308493614196777
6,514,5.0,3.806572675704956
480,298,2.0,3.1355748176574707
347,943,4.0,3.752690315246582
618,210,3.0,3.8159427642822266
940,151,3.0,3.2103071212768555
682,1305,3.0,2.5577573776245117
399,235,4.0,2.609271287918091
493,59,5.0,3.4224281311035156
402,100,5.0,4.6014556884765625
559,233,3.0,2.9855034351348877
757,53,3.0,2.9491453170776367
313,479,5.0,4.395971298217773
194,540,1.0,2.0555295944213867
378,756,3.0,2.5009617805480957
342,320,5.0,3.5463075637817383
7,404,5.0,4.538710594177246
7,640,3.0,3.23113751411438
782,879,3.0,3.202942132949829
924,1400,4.0,3.0501725673675537
56,181,5.0,4.3875017166137695
710,134,5.0,4.510931968688965
393,250,4.0,3.4048774242401123
301,384,5.0,2.868870973587036
9,286,5.0,4.003111839294434
887,655,1.0,4.164139270782471
490,224,2.0,3.202843189239502
881,216,4.0,3.565112352371216
812,261,1.0,2.485931634902954
804,972,3.0,3.1611568927764893
7,446,2.0,2.781522750854492
239,483,5.0,4.944179534912109
627,649,4.0,3.3220698833465576
279,652,4.0,3.2539780139923096
43,283,2.0,3.9879326820373535
52,1085,4.0,3.445960760116577
534,276,5.0,3.852113723754883
749,100,3.0,3.607151746749878
293,156,4.0,3.323479652404785
659,647,3.0,4.059133529663086
236,79,4.0,3.729997396469116
312,588,5.0,4.142964839935303
844,294,2.0,2.4798543453216553
192,277,3.0,3.4167001247406006
592,236,3.0,4.10755729675293
360,405,3.0,2.756985902786255
393,342,5.0,3.0163559913635254
498,9,2.0,3.6391408443450928
184,161,2.0,2.8598620891571045
201,137,4.0,3.560356855392456
683,346,4.0,3.5939483642578125
374,1049,1.0,2.7044575214385986
49,462,2.0,3.6407687664031982
867,286,5.0,4.316693305969238
342,974,2.0,2.0973334312438965
343,88,4.0,3.1842904090881348
358,59,4.0,3.767378568649292
450,650,4.0,3.5735580921173096
100,892,2.0,2.4810969829559326
305,183,4.0,3.710552453994751
405,174,5.0,3.7216296195983887
631,877,2.0,2.59911847114563
660,196,4.0,3.0563244819641113
158,684,3.0,3.869252920150757
620,225,3.0,3.603797435760498
267,62,3.0,3.24149227142334
207,205,4.0,3.755769729614258
806,504,4.0,4.122681617736816
923,248,4.0,4.64547061920166
208,194,5.0,4.097839832305908
931,111,3.0,3.671522855758667
181,1026,1.0,1.2181477546691895
815,496,5.0,4.50275993347168
454,144,4.0,3.4225165843963623
879,111,4.0,3.5879783630371094
577,237,4.0,3.9838616847991943
567,168,5.0,4.220995903015137
234,268,2.0,3.02238130569458
456,72,1.0,2.9843037128448486
843,95,2.0,2.78078293800354
796,775,2.0,3.273859977722168
276,541,3.0,2.706226348876953
345,289,3.0,3.1676089763641357
244,471,1.0,3.6670055389404297
56,183,5.0,3.968604564666748
119,1086,4.0,3.9830472469329834
655,111,2.0,2.703822374343872
13,875,1.0,2.674340009689331
889,482,4.0,3.6167972087860107
868,1076,1.0,1.8814455270767212
313,63,4.0,2.9411587715148926
621,2,3.0,3.6785435676574707
128,966,4.0,4.119629859924316
943,97,2.0,3.4578354358673096
160,59,4.0,4.352362632751465
642,82,5.0,4.813203811645508
303,748,2.0,2.159761428833008
125,709,3.0,3.6382243633270264
116,872,3.0,2.8127615451812744
537,79,3.0,2.4858083724975586
788,1478,3.0,2.7283480167388916
686,28,4.0,4.068854331970215
244,31,4.0,3.578336477279663
807,265,5.0,4.840527534484863
256,276,3.0,3.807732105255127
181,926,1.0,1.9056940078735352
8,457,1.0,1.7747858762741089
417,255,3.0,3.286783456802368
601,98,3.0,3.9828238487243652
454,118,4.0,3.642585039138794
327,182,4.0,3.81191349029541
532,1162,2.0,1.3116676807403564
867,651,5.0,4.201513290405273
13,893,3.0,1.6580816507339478
378,1439,3.0,3.1941897869110107
486,595,2.0,2.5215821266174316
416,150,5.0,4.135540962219238
83,1165,2.0,2.087455987930298
540,1016,4.0,3.577887535095215
533,480,4.0,3.640577554702759
334,502,3.0,3.70908260345459
1,131,1.0,4.459877014160156
382,1534,4.0,1.7340720891952515
815,28,4.0,3.856536388397217
303,328,3.0,2.611529588699341
102,396,2.0,2.1168766021728516
305,56,1.0,3.990490436553955
580,250,5.0,3.379209280014038
152,255,5.0,4.283436298370361
23,512,5.0,4.110696792602539
210,88,4.0,3.7208595275878906
207,273,4.0,3.1929802894592285
436,1468,5.0,3.4410128593444824
559,527,4.0,3.670380115509033
870,288,4.0,2.7289836406707764
472,27,4.0,3.934049606323242
650,160,3.0,2.8123927116394043
629,271,4.0,3.3761932849884033
140,334,2.0,3.596820592880249
642,1039,5.0,3.981657028198242
95,31,4.0,3.6500437259674072
705,28,4.0,4.011015892028809
671,583,3.0,3.069253444671631
524,22,3.0,3.9283602237701416
782,515,3.0,3.4789066314697266
877,98,5.0,4.59440803527832
77,833,1.0,2.7933602333068848
911,1203,4.0,3.9616622924804688
547,340,4.0,3.5426156520843506
456,188,4.0,3.7040157318115234
275,1066,3.0,2.6678452491760254
115,22,3.0,3.79303240776062
167,288,3.0,2.7694427967071533
303,183,5.0,4.555001258850098
709,747,2.0,3.3453633785247803
551,1314,2.0,2.655787467956543
24,662,5.0,3.8717474937438965
468,742,3.0,3.43339204788208
868,651,5.0,3.0538132190704346
334,678,3.0,2.0102086067199707
793,597,3.0,3.1244544982910156
178,176,4.0,4.127952575683594
7,670,5.0,3.503093957901001
459,255,4.0,3.560371160507202
378,68,2.0,3.36923885345459
316,435,2.0,3.226750612258911
298,132,5.0,4.175851821899414
882,199,5.0,4.723025321960449
576,259,2.0,2.939565896987915
940,56,5.0,3.4680979251861572
854,9,5.0,3.914499282836914
621,128,4.0,3.9761531352996826
160,276,5.0,4.47161865234375
496,1060,1.0,2.689082384109497
889,95,4.0,3.5442888736724854
660,67,1.0,2.2804861068725586
33,292,4.0,3.775973320007324
389,474,5.0,4.948995590209961
207,316,5.0,3.7503819465637207
560,197,4.0,3.6816599369049072
234,601,3.0,3.6714823246002197
13,14,4.0,3.7789220809936523
130,798,1.0,2.736830949783325
421,183,5.0,3.905449867248535
659,616,4.0,3.6104824542999268
606,647,3.0,4.2269792556762695
7,569,4.0,2.935262441635132
807,271,3.0,3.571277618408203
595,411,3.0,2.8843934535980225
900,871,1.0,1.6183992624282837
834,762,4.0,3.7496063709259033
840,504,3.0,4.46783447265625
796,794,4.0,3.848970413208008
536,435,3.0,4.2729291915893555
305,275,2.0,3.7685117721557617
450,70,4.0,4.0322675704956055
303,825,3.0,2.672006368637085
405,1560,1.0,1.5804197788238525
698,707,2.0,2.783628225326538
837,763,1.0,3.317927122116089
230,8,5.0,4.125513553619385
301,403,4.0,3.629267930984497
477,369,4.0,3.688236951828003
674,1,4.0,3.739908218383789
410,289,1.0,2.677431344985962
83,566,4.0,4.25148868560791
308,675,4.0,3.8874125480651855
327,682,3.0,1.8363758325576782
569,276,4.0,3.7666521072387695
896,1267,2.0,2.616919994354248
570,340,3.0,2.9964559078216553
364,990,4.0,3.5464882850646973
313,449,3.0,2.921123743057251
49,80,1.0,2.0646615028381348
151,836,4.0,4.027678489685059
141,407,2.0,2.1988346576690674
880,930,2.0,2.56851863861084
934,199,4.0,4.12326717376709
42,234,4.0,3.941864013671875
416,1264,4.0,3.4457969665527344
868,1035,1.0,2.1303153038024902
675,900,4.0,4.203790664672852
637,93,3.0,2.3339977264404297
922,95,3.0,3.842041015625
452,479,5.0,4.0359296798706055
426,848,4.0,3.4613540172576904
59,1048,4.0,3.6312499046325684
187,134,3.0,4.474030494689941
295,965,4.0,4.342005252838135
168,259,2.0,3.0813941955566406
407,179,3.0,3.866692543029785
109,227,5.0,3.611773729324341
354,20,5.0,4.0084547996521
823,134,5.0,5.029829025268555
244,153,4.0,4.026758193969727
873,292,5.0,2.684624195098877
842,288,3.0,3.451618194580078
7,470,3.0,4.032924175262451
276,33,4.0,3.603637218475342
378,577,2.0,2.206052303314209
620,151,4.0,3.691236972808838
683,354,3.0,3.096214771270752
749,77,3.0,3.7754461765289307
106,77,4.0,3.3756444454193115
345,268,4.0,3.9608421325683594
269,192,4.0,4.304978370666504
194,712,3.0,2.6783487796783447
916,198,4.0,4.078279972076416
704,514,4.0,3.8072657585144043
178,546,3.0,3.5117509365081787
868,1188,1.0,2.1540703773498535
450,56,4.0,4.085844039916992
186,299,3.0,2.98279070854187
339,402,3.0,3.2797107696533203
381,514,5.0,4.390063762664795
472,940,4.0,2.8734824657440186
279,33,4.0,3.489370346069336
463,473,4.0,2.850773811340332
379,28,4.0,4.136089324951172
38,71,5.0,4.693194389343262
342,216,5.0,3.604337215423584
465,475,3.0,3.616739273071289
795,118,2.0,2.0831704139709473
642,1033,3.0,3.1461403369903564
587,886,2.0,2.8143742084503174
280,452,2.0,2.7900516986846924
561,2,3.0,1.9587980508804321
887,419,2.0,4.121567726135254
450,865,4.0,3.3708603382110596
694,663,4.0,4.098923683166504
666,7,4.0,3.811361312866211
930,106,4.0,2.4040074348449707
303,568,4.0,3.492175340652466
373,633,4.0,4.123174667358398
676,483,4.0,4.609470367431641
389,520,3.0,4.340791702270508
894,591,4.0,3.5323336124420166
199,9,5.0,3.888441801071167
653,54,3.0,2.885932207107544
16,661,4.0,4.641265869140625
663,180,4.0,3.918163537979126
308,148,3.0,2.9558444023132324
653,686,2.0,2.7578635215759277
882,409,4.0,3.271031618118286
468,143,5.0,4.110361099243164
44,591,4.0,3.772738456726074
95,392,3.0,3.457692861557007
168,845,4.0,3.5450189113616943
433,273,3.0,3.3448615074157715
932,494,4.0,4.519220352172852
327,1170,4.0,2.911297082901001
497,176,4.0,3.7899208068847656
89,283,4.0,4.310141563415527
586,249,2.0,3.2178025245666504
757,423,3.0,3.7136576175689697
458,144,4.0,3.595888137817383
374,823,1.0,3.0338733196258545
669,183,3.0,3.5867059230804443
429,227,2.0,2.9034245014190674
588,716,5.0,3.230010747909546
758,238,5.0,4.408886909484863
268,228,4.0,3.3337717056274414
235,213,4.0,4.300012588500977
655,1426,2.0,2.7450480461120605
796,1217,3.0,3.280123233795166
579,523,3.0,3.8969333171844482
666,518,4.0,3.951357364654541
766,234,4.0,3.465977668762207
399,564,3.0,1.720252513885498
790,268,4.0,3.655402660369873
360,100,5.0,4.700905799865723
663,956,4.0,3.5024821758270264
456,12,3.0,4.210665702819824
327,222,2.0,2.71689772605896
8,177,4.0,4.371103286743164
591,709,4.0,4.44792366027832
201,269,3.0,3.5666468143463135
747,288,4.0,2.875359296798706
159,742,2.0,4.178036689758301
504,245,4.0,3.519489049911499
417,402,4.0,3.423177480697632
940,629,3.0,2.9568638801574707
449,251,3.0,4.605968475341797
311,318,5.0,4.703554153442383
435,924,3.0,3.3706655502319336
130,1215,2.0,2.418590545654297
53,250,2.0,3.366269588470459
13,360,4.0,2.87209415435791
532,407,2.0,3.100937843322754
393,685,3.0,3.6778881549835205
650,200,4.0,3.2623889446258545
399,176,3.0,3.4733691215515137
648,323,5.0,2.5276801586151123
295,735,5.0,4.575243949890137
487,399,5.0,3.581566333770752
692,249,3.0,3.0547125339508057
197,347,4.0,3.3847827911376953
246,576,1.0,2.677555561065674
848,433,3.0,4.202771186828613
8,651,5.0,4.408612251281738
537,663,3.0,3.407813787460327
773,924,1.0,2.7191672325134277
34,242,5.0,5.041889190673828
297,474,4.0,4.042441368103027
186,742,3.0,3.8967978954315186
305,971,4.0,3.4146158695220947
626,330,3.0,2.126216173171997
934,13,5.0,3.112123727798462
389,395,2.0,1.932174801826477
417,382,2.0,3.2174088954925537
279,762,3.0,3.708768606185913
850,173,5.0,4.594326019287109
708,289,4.0,2.9233295917510986
932,1184,3.0,2.5746660232543945
327,865,5.0,3.3028452396392822
472,254,4.0,3.1940436363220215
867,431,4.0,3.721935510635376
565,86,5.0,4.723284721374512
282,325,1.0,2.9884727001190186
385,528,4.0,3.810417413711548
537,212,3.0,3.179047107696533
694,378,3.0,4.298840522766113
894,121,3.0,2.9294557571411133
906,117,4.0,3.78657865524292
936,108,4.0,3.808905839920044
880,421,2.0,4.038920879364014
195,1413,2.0,3.0873141288757324
474,549,5.0,3.82463002204895
842,1105,2.0,3.2147319316864014
328,162,4.0,3.4614317417144775
524,304,4.0,3.474773645401001
401,276,4.0,2.774674654006958
58,950,1.0,3.242431163787842
21,619,2.0,2.7535786628723145
727,50,4.0,4.374823570251465
416,938,3.0,3.1000938415527344
919,293,4.0,3.663576364517212
178,591,5.0,3.696601390838623
110,294,3.0,3.310415744781494
597,15,5.0,4.072127819061279
106,582,4.0,3.6679699420928955
21,981,2.0,1.3178725242614746
758,125,2.0,3.3490350246429443
625,265,3.0,3.3822214603424072
271,356,4.0,3.5496115684509277
125,520,5.0,4.355081558227539
417,395,4.0,2.4404118061065674
292,194,4.0,4.467552185058594
708,934,4.0,2.888180732727051
400,259,3.0,3.155944585800171
458,619,2.0,2.998478412628174
42,281,3.0,3.6009104251861572
251,100,4.0,4.435577392578125
28,258,5.0,3.8703086376190186
327,11,4.0,3.267143964767456
290,229,3.0,3.1651837825775146
535,181,4.0,3.9655351638793945
84,245,4.0,3.227095127105713
286,186,5.0,4.360248565673828
416,1051,3.0,3.701615571975708
791,331,1.0,4.078736305236816
373,81,2.0,3.636849880218506
517,222,4.0,3.574383020401001
493,404,4.0,3.7080514430999756
670,611,5.0,3.9718735218048096
825,9,3.0,2.8195443153381348
854,274,3.0,2.500427484512329
653,232,2.0,2.842921495437622
44,419,4.0,3.8440895080566406
223,929,3.0,2.5907554626464844
370,514,4.0,3.7408430576324463
271,15,3.0,3.445892095565796
533,196,4.0,3.8517675399780273
527,169,4.0,4.299320220947266
795,640,4.0,2.8926656246185303
57,411,4.0,3.1838793754577637
393,1440,3.0,3.036712884902954
13,855,4.0,3.442270517349243
424,990,5.0,2.9662625789642334
41,276,2.0,4.047374248504639
763,955,2.0,3.7125754356384277
246,567,5.0,2.6837828159332275
339,516,4.0,4.507645606994629
15,285,4.0,3.4704906940460205
207,576,3.0,3.017296314239502
825,515,4.0,4.282050609588623
180,121,5.0,3.4200477600097656
503,427,5.0,4.686388969421387
59,404,3.0,3.9160656929016113
823,230,3.0,3.5671801567077637
322,150,4.0,3.8713037967681885
312,543,5.0,4.261821746826172
385,462,2.0,3.646214246749878
893,298,4.0,3.770570755004883
320,278,3.0,3.5281589031219482
489,1025,5.0,3.3034861087799072
291,117,5.0,3.92549467086792
927,422,4.0,2.319550037384033
253,588,5.0,4.241297721862793
28,96,5.0,3.9704227447509766
271,135,4.0,4.18855094909668
397,286,4.0,3.6625540256500244
920,346,4.0,3.2727246284484863
476,202,4.0,3.693037986755371
901,161,5.0,4.405976295471191
764,356,4.0,3.6258087158203125
396,597,4.0,3.547974109649658
188,237,3.0,3.938443183898926
6,272,4.0,3.099196195602417
221,250,5.0,3.5555801391601562
474,475,4.0,4.149507522583008
523,194,5.0,4.812346458435059
666,179,5.0,4.174468517303467
545,450,2.0,2.6063802242279053
659,489,4.0,3.928417444229126
254,112,2.0,2.1998934745788574
871,1345,3.0,1.2860181331634521
222,246,4.0,3.4288218021392822
642,392,4.0,4.375776290893555
407,455,3.0,3.1335794925689697
297,265,3.0,3.2378909587860107
922,159,3.0,3.382537603378296
763,196,4.0,3.9045557975769043
22,208,5.0,4.27021598815918
908,423,4.0,3.6074941158294678
184,522,3.0,3.846747398376465
881,524,4.0,3.39839243888855
514,25,4.0,3.533294439315796
207,286,2.0,3.212846517562866
489,321,3.0,3.3547890186309814
164,689,5.0,4.119911193847656
903,147,3.0,3.283332347869873
30,69,5.0,3.8452863693237305
51,655,3.0,3.554095983505249
194,570,3.0,2.7567834854125977
90,650,5.0,3.8327033519744873
454,435,2.0,3.1587870121002197
335,347,5.0,3.3388314247131348
805,9,3.0,4.594325065612793
318,712,4.0,3.492130994796753
327,184,3.0,3.0640554428100586
441,313,4.0,4.625429153442383
875,772,5.0,3.3539445400238037
804,226,4.0,3.790255308151245
706,628,4.0,3.426633596420288
313,770,4.0,3.442692279815674
417,185,3.0,4.023499011993408
601,185,4.0,4.060288429260254
875,496,4.0,4.191826820373535
416,864,3.0,3.711992025375366
308,147,3.0,3.3991994857788086
527,208,4.0,3.892483711242676
458,844,4.0,3.5144917964935303
82,140,3.0,2.713676691055298
850,480,5.0,4.072169303894043
452,73,3.0,3.4103610515594482
844,95,4.0,3.473679304122925
896,67,2.0,2.5697782039642334
455,52,3.0,3.4738759994506836
266,285,4.0,4.1942291259765625
292,193,4.0,4.370533466339111
328,483,5.0,4.312953948974609
295,461,5.0,4.16434383392334
313,164,3.0,3.5720131397247314
332,833,5.0,3.993237018585205
292,276,5.0,4.010716438293457
353,328,2.0,3.420470714569092
808,325,1.0,3.2084693908691406
826,91,4.0,3.992382764816284
747,320,5.0,3.847214460372925
627,92,4.0,3.481750726699829
474,238,4.0,4.127199172973633
194,1044,2.0,2.7263941764831543
127,62,5.0,3.6591615676879883
587,301,3.0,2.9334583282470703
391,168,4.0,4.185480117797852
674,678,3.0,2.9324209690093994
136,9,5.0,4.471033096313477
615,192,5.0,4.653491020202637
830,231,2.0,2.742154359817505
234,589,3.0,3.7765583992004395
194,1028,2.0,2.132476806640625
436,200,3.0,3.83601713180542
15,289,3.0,2.6576106548309326
407,508,4.0,3.568580389022827
439,14,5.0,4.08064079284668
303,226,4.0,2.947779417037964
299,286,4.0,3.6067988872528076
643,202,3.0,3.7406909465789795
537,60,3.0,3.846956729888916
443,269,3.0,4.161308288574219
849,15,5.0,5.075644493103027
687,300,4.0,3.8562660217285156
26,597,2.0,2.5815935134887695
782,271,2.0,3.0809013843536377
672,815,4.0,2.7844557762145996
234,552,2.0,2.4364662170410156
363,82,3.0,3.066105604171753
286,257,3.0,4.211962699890137
539,170,5.0,4.174071311950684
92,1214,2.0,2.4461731910705566
280,742,4.0,3.605090618133545
592,258,5.0,3.75173020362854
183,216,4.0,3.585461378097534
450,401,3.0,2.822648763656616
690,238,5.0,2.797482967376709
383,660,4.0,4.041501045227051
585,60,4.0,4.296843528747559
389,1204,4.0,4.1738786697387695
82,25,2.0,2.524791955947876
943,570,1.0,2.980078935623169
648,679,3.0,2.976241111755371
313,414,3.0,3.723701000213623
416,151,3.0,4.063390731811523
521,156,4.0,3.4434237480163574
273,900,3.0,4.120476722717285
854,96,3.0,3.146446943283081
197,431,3.0,3.8010902404785156
540,1014,4.0,3.3872671127319336
26,150,3.0,3.290595293045044
301,252,3.0,3.253718852996826
698,199,2.0,3.0601377487182617
453,125,3.0,3.330420970916748
303,276,4.0,4.468280792236328
467,24,4.0,3.5582163333892822
382,56,5.0,3.6495919227600098
249,273,4.0,3.8906378746032715
377,168,5.0,4.100452423095703
84,523,4.0,4.493712425231934
72,204,4.0,3.478668689727783
92,231,3.0,2.715111494064331
846,651,3.0,4.319808483123779
561,473,3.0,3.4051506519317627
895,742,4.0,3.8177261352539062
544,327,2.0,2.9555723667144775
399,727,4.0,2.8470757007598877
303,302,4.0,4.695749282836914
191,269,3.0,3.948918104171753
270,566,5.0,4.219485282897949
566,153,2.0,3.6048190593719482
802,260,4.0,3.1061909198760986
27,742,3.0,3.4882314205169678
338,427,4.0,4.134915351867676
374,741,3.0,3.281920909881592
295,357,4.0,5.041573524475098
494,845,4.0,3.772830009460449
773,170,5.0,4.0798020362854
896,1045,3.0,2.7682137489318848
48,183,5.0,3.97933292388916
115,673,3.0,3.8528079986572266
130,254,2.0,3.101097583770752
373,70,4.0,3.8679654598236084
130,144,5.0,4.724688529968262
393,186,3.0,4.177175045013428
605,245,3.0,2.7417025566101074
887,1029,5.0,2.2638401985168457
933,229,1.0,2.25455641746521
60,423,4.0,4.201384544372559
543,187,4.0,3.9357500076293945
43,26,5.0,3.6122331619262695
234,521,3.0,3.350693702697754
712,215,3.0,4.353493690490723
332,235,3.0,3.643125295639038
450,1222,3.0,3.121342420578003
308,633,4.0,3.78556752204895
202,318,1.0,3.55102801322937
542,864,3.0,2.878973960876465
128,282,3.0,3.4661500453948975
18,425,3.0,3.9414560794830322
316,98,5.0,3.4866230487823486
378,930,2.0,2.394113779067993
712,63,4.0,3.891277313232422
924,300,2.0,3.1604483127593994
417,228,3.0,3.829153537750244
417,95,5.0,3.7519371509552
943,24,4.0,3.5492208003997803
655,249,3.0,2.741023302078247
788,132,5.0,3.8843772411346436
650,158,2.0,2.2490012645721436
293,748,2.0,1.3922275304794312
291,706,3.0,3.279712438583374
417,176,5.0,3.965351104736328
62,294,1.0,2.167001485824585
288,180,5.0,4.0758514404296875
99,258,5.0,3.8415210247039795
851,11,5.0,4.252765655517578
640,66,4.0,4.065469741821289
921,257,3.0,3.6772825717926025
495,1110,4.0,3.6391491889953613
268,101,2.0,3.1225194931030273
25,968,4.0,3.7083215713500977
638,265,5.0,3.948744058609009
435,33,3.0,3.6304914951324463
498,228,2.0,2.8339202404022217
413,333,2.0,3.2658071517944336
379,219,3.0,3.4578092098236084
90,836,5.0,4.182513236999512
894,14,4.0,4.105138778686523
634,117,4.0,3.9819815158843994
240,343,3.0,3.866823434829712
267,515,5.0,4.963803291320801
292,408,4.0,4.950407981872559
892,210,4.0,4.489174842834473
343,367,4.0,3.8117117881774902
87,181,5.0,4.789894104003906
716,241,3.0,3.849558115005493
647,490,4.0,4.005547046661377
768,235,2.0,2.6324405670166016
374,581,4.0,3.1171493530273438
2,301,4.0,3.24113130569458
320,56,5.0,4.360852241516113
380,845,4.0,3.0012714862823486
393,399,4.0,3.3133811950683594
625,584,3.0,3.099059820175171
708,352,1.0,2.0396416187286377
894,26,4.0,3.554490804672241
471,878,4.0,2.69317889213562
666,294,3.0,2.6246261596679688
270,335,3.0,3.5078024864196777
886,42,5.0,3.601012945175171
601,8,3.0,3.7983922958374023
251,258,3.0,4.010534286499023
6,506,4.0,4.083395481109619
216,64,5.0,4.619074821472168
913,530,2.0,3.9543237686157227
342,236,3.0,3.580491542816162
316,678,1.0,1.5236414670944214
889,762,3.0,3.4704935550689697
368,320,5.0,3.0718154907226562
844,90,3.0,2.8987722396850586
847,8,4.0,3.4087886810302734
380,168,4.0,3.535719633102417
922,411,1.0,2.787231683731079
841,288,3.0,3.965088367462158
435,520,4.0,3.877598762512207
267,114,5.0,5.025966644287109
495,431,5.0,4.299363136291504
533,191,4.0,3.8192665576934814
343,334,5.0,3.7576546669006348
782,260,2.0,2.589244842529297
545,77,3.0,3.628631591796875
449,1005,5.0,4.0712103843688965
88,1191,5.0,3.215294122695923
453,318,4.0,4.172534942626953
435,1401,4.0,3.0916831493377686
484,293,5.0,3.810490608215332
684,158,3.0,2.5354366302490234
472,68,5.0,4.760052680969238
663,597,3.0,3.277738094329834
406,124,4.0,3.947133779525757
13,515,2.0,3.849851131439209
582,235,3.0,3.108069896697998
429,82,4.0,3.2814111709594727
417,32,2.0,3.301464796066284
710,269,3.0,3.9863314628601074
276,50,5.0,4.862667083740234
704,528,3.0,4.1102495193481445
875,173,5.0,4.392458915710449
234,273,3.0,2.464953660964966
429,502,3.0,3.6471667289733887
399,568,2.0,3.202901601791382
913,466,3.0,3.278907060623169
639,198,2.0,3.226355791091919
878,154,3.0,3.3899502754211426
646,678,3.0,2.529482841491699
422,248,3.0,3.7663140296936035
751,56,4.0,3.7578699588775635
301,43,5.0,2.843127489089966
423,304,4.0,3.5642361640930176
128,79,4.0,4.012404441833496
659,521,5.0,3.8195743560791016
449,1142,4.0,4.512986183166504
447,175,3.0,3.9294183254241943
888,69,4.0,4.0712151527404785
389,579,1.0,2.6210439205169678
708,21,1.0,2.7516560554504395
417,449,3.0,2.9916670322418213
200,132,5.0,4.562014579772949
193,25,4.0,2.7284414768218994
500,780,3.0,2.9099602699279785
25,131,4.0,3.614872932434082
137,266,5.0,3.3270983695983887
600,511,5.0,4.918371200561523
378,326,3.0,3.1197874546051025
731,1087,1.0,1.4673737287521362
503,79,5.0,4.017439365386963
454,182,3.0,2.6675140857696533
437,658,4.0,3.2824881076812744
541,423,3.0,4.311995983123779
90,692,4.0,3.9591078758239746
899,66,4.0,3.223804473876953
152,794,5.0,4.577742576599121
305,168,4.0,3.80588960647583
589,336,1.0,2.6775143146514893
653,739,3.0,2.8728530406951904
916,511,5.0,4.395496368408203
892,239,4.0,4.057068824768066
887,368,5.0,2.1227874755859375
363,802,2.0,2.197988510131836
83,575,4.0,2.806097984313965
346,186,3.0,4.025437831878662
18,382,3.0,3.734098196029663
346,300,5.0,3.7819013595581055
700,73,3.0,3.313863515853882
874,289,4.0,3.0279109477996826
332,452,4.0,3.476323127746582
606,1039,4.0,4.395748138427734
500,358,4.0,2.5010039806365967
693,483,3.0,3.916935682296753
548,1025,4.0,3.035952091217041
350,483,5.0,5.039788246154785
524,212,5.0,3.405817985534668
916,229,3.0,2.6676251888275146
758,33,4.0,3.6864356994628906
815,732,5.0,3.8582394123077393
312,648,5.0,4.636198997497559
727,68,4.0,3.2736940383911133
158,665,2.0,3.0731892585754395
429,77,3.0,2.889847993850708
268,452,1.0,2.254823684692383
279,490,3.0,3.484863519668579
918,1099,4.0,3.241102457046509
892,526,4.0,4.447908401489258
911,638,4.0,3.91483211517334
177,1218,4.0,3.6269643306732178
921,323,4.0,2.8126840591430664
60,59,5.0,4.403922080993652
943,31,4.0,3.612576961517334
484,135,4.0,3.8308629989624023
405,1405,1.0,1.6802809238433838
797,781,5.0,2.8889636993408203
41,265,3.0,3.364293336868286
339,150,4.0,4.22711706161499
773,12,3.0,4.210233688354492
347,204,4.0,4.096858978271484
458,25,1.0,3.520946741104126
13,212,5.0,3.208347797393799
73,179,5.0,4.344448089599609
179,751,1.0,3.3295512199401855
109,12,4.0,3.7803823947906494
235,1,4.0,3.7517282962799072
455,161,4.0,3.3732311725616455
315,168,4.0,4.42476749420166
99,121,3.0,3.9427878856658936
57,264,2.0,3.0393354892730713
531,300,4.0,4.182309627532959
391,646,4.0,4.357389450073242
677,740,1.0,3.540456533432007
527,285,5.0,4.167930603027344
297,154,5.0,3.6081690788269043
263,520,3.0,4.621697425842285
883,956,4.0,3.996433734893799
582,547,4.0,3.4780728816986084
561,65,3.0,3.413921594619751
616,355,4.0,3.1183130741119385
480,165,5.0,4.0040059089660645
178,566,4.0,4.160316467285156
94,1222,3.0,3.039151668548584
655,282,3.0,2.348855495452881
90,177,5.0,4.270437240600586
59,425,4.0,4.479460716247559
354,171,4.0,4.209211349487305
532,7,5.0,4.348845958709717
385,100,4.0,4.288154602050781
332,763,5.0,4.20127010345459
44,95,4.0,3.9001848697662354
374,280,3.0,3.5641682147979736
459,651,3.0,3.6979258060455322
201,1267,3.0,2.5933139324188232
281,331,3.0,3.622373104095459
795,123,4.0,2.737996816635132
474,378,4.0,4.201478004455566
85,281,3.0,2.486945390701294
453,117,4.0,3.649151086807251
887,240,5.0,3.041811466217041
170,876,3.0,3.1180872917175293
838,96,4.0,4.371945381164551
301,51,4.0,3.558661699295044
854,98,4.0,4.049954414367676
338,170,5.0,4.050004482269287
806,1018,4.0,3.4489948749542236
537,697,2.0,2.9240338802337646
908,479,4.0,3.816067934036255
454,686,2.0,3.0028321743011475
749,204,4.0,4.218684196472168
13,179,2.0,3.8060879707336426
650,4,3.0,3.1490325927734375
887,1279,3.0,3.3025689125061035
763,190,4.0,4.489733695983887
487,686,4.0,4.080801010131836
423,620,4.0,3.143773317337036
766,672,3.0,2.0945329666137695
330,559,3.0,4.124209880828857
902,754,3.0,2.8192172050476074
654,313,5.0,4.545650482177734
474,77,5.0,3.583951711654663
618,203,3.0,3.164904832839966
43,8,4.0,4.123721122741699
646,880,3.0,2.693474531173706
100,289,3.0,2.694812059402466
592,508,5.0,4.026803493499756
168,288,1.0,3.617703437805176
602,118,3.0,3.828277111053467
303,1258,2.0,2.3551626205444336
782,873,4.0,2.9799013137817383
382,531,4.0,3.3677749633789062
747,1375,4.0,4.415657997131348
934,1449,5.0,4.222143173217773
763,132,3.0,4.104165077209473
550,300,4.0,4.284907341003418
135,603,4.0,4.057709693908691
535,608,4.0,4.044946670532227
542,509,4.0,3.78702712059021
13,270,4.0,2.87077260017395
882,294,4.0,3.3922736644744873
655,815,2.0,2.1033987998962402
234,144,3.0,3.1071977615356445
493,176,5.0,4.080132961273193
887,180,4.0,3.9599790573120117
699,288,3.0,3.2357630729675293
234,77,3.0,2.55317759513855
760,723,2.0,2.9909918308258057
426,432,3.0,3.8144543170928955
87,578,3.0,3.835739850997925
899,195,4.0,3.7801320552825928
103,471,4.0,3.590178966522217
207,143,4.0,3.878136396408081
537,1404,2.0,3.1328537464141846
495,796,4.0,3.5348522663116455
385,346,3.0,3.732543706893921
312,503,5.0,4.021991729736328
585,1005,4.0,3.8032524585723877
788,1459,2.0,3.4623868465423584
659,89,4.0,4.034869194030762
640,941,5.0,3.720149040222168
246,585,1.0,2.2041397094726562
511,292,5.0,4.1468505859375
655,88,2.0,2.2613329887390137
634,283,2.0,3.598686933517456
327,9,5.0,3.8530261516571045
286,251,5.0,4.650273323059082
843,153,3.0,2.8170628547668457
18,516,5.0,4.048311233520508
398,132,5.0,4.090365409851074
699,532,3.0,3.296062469482422
906,1011,4.0,3.494962453842163
94,144,3.0,3.8993678092956543
152,121,5.0,5.020978927612305
308,97,1.0,3.5744733810424805
936,818,4.0,3.377166748046875
285,357,5.0,3.947169303894043
919,423,5.0,3.665945291519165
397,12,4.0,4.660017013549805
325,511,4.0,4.049869537353516
862,252,3.0,3.5985183715820312
437,301,3.0,2.776682138442993
774,986,1.0,1.2133058309555054
246,413,4.0,2.422975778579712
387,1097,3.0,3.6327006816864014
145,122,1.0,2.3413076400756836
457,215,4.0,4.605574607849121
56,94,4.0,3.6774497032165527
399,31,3.0,3.1675171852111816
285,222,4.0,3.763131856918335
457,94,3.0,3.4728848934173584
429,467,4.0,3.650141954421997
435,12,5.0,4.26849365234375
661,304,2.0,3.655733823776245
363,426,2.0,2.8106448650360107
390,181,4.0,4.233127593994141
206,683,1.0,1.6287037134170532
72,198,5.0,3.999018669128418
588,1053,3.0,3.4329614639282227
812,678,4.0,3.160964250564575
130,342,3.0,3.530773639678955
276,1220,4.0,3.4437685012817383
145,202,4.0,3.7704343795776367
378,98,5.0,4.50091552734375
72,237,3.0,3.5287933349609375
669,310,4.0,2.413184642791748
540,270,4.0,4.06097936630249
43,102,4.0,3.6879329681396484
542,585,2.0,2.480414628982544
788,521,4.0,3.71328067779541
871,271,5.0,3.425689697265625
109,183,5.0,3.6328814029693604
43,54,3.0,3.6716115474700928
57,473,3.0,3.048517942428589
749,125,5.0,3.653627395629883
749,951,4.0,2.655238628387451
184,410,3.0,3.0566368103027344
7,616,4.0,3.8947806358337402
773,13,4.0,3.5710086822509766
854,482,3.0,3.7804360389709473
378,531,4.0,3.945145606994629
234,500,3.0,3.2734532356262207
14,492,4.0,4.071638107299805
214,346,3.0,3.9293665885925293
566,235,3.0,3.062199592590332
401,429,3.0,3.455688714981079
606,194,4.0,4.43873405456543
141,288,3.0,3.720806837081909
780,300,3.0,3.8965163230895996
846,142,3.0,3.218395471572876
97,192,1.0,4.61203670501709
758,1001,5.0,2.0592360496520996
653,265,4.0,3.198317289352417
747,479,5.0,5.030054092407227
234,132,4.0,3.742642879486084
1,15,5.0,3.2774243354797363
186,38,5.0,3.432976722717285
500,325,3.0,2.7058804035186768
586,76,5.0,3.3194620609283447
881,663,5.0,3.4531235694885254
692,100,4.0,3.634195327758789
747,664,2.0,4.329516410827637
454,58,4.0,2.806273937225342
316,50,1.0,3.4070379734039307
622,135,4.0,3.9676735401153564
873,879,2.0,2.9629998207092285
840,606,4.0,4.7016401290893555
790,202,3.0,3.3202052116394043
843,127,2.0,3.284252882003784
125,66,5.0,4.038508415222168
716,498,5.0,4.540872573852539
886,388,1.0,2.212010622024536
472,385,5.0,4.956789016723633
275,118,3.0,3.0830512046813965
778,246,2.0,3.284555196762085
64,447,4.0,3.4851176738739014
876,523,5.0,4.208953857421875
387,98,4.0,4.150834560394287
230,140,3.0,3.7095723152160645
890,185,5.0,4.635780334472656
339,286,5.0,4.2911787033081055
587,937,4.0,3.247971534729004
46,286,5.0,4.087237358093262
417,871,2.0,2.4644649028778076
494,199,4.0,4.2301177978515625
18,213,5.0,4.210996627807617
606,591,3.0,4.046213626861572
429,631,4.0,3.6393840312957764
92,386,3.0,2.9060113430023193
930,763,3.0,2.729214906692505
385,79,3.0,2.178868055343628
908,963,4.0,3.808128595352173
537,670,2.0,2.351039409637451
268,449,2.0,2.5710339546203613
180,423,4.0,4.2114715576171875
766,382,3.0,3.1967573165893555
892,465,4.0,3.983569860458374
280,934,2.0,2.9223899841308594
309,1025,5.0,2.6835830211639404
141,823,3.0,2.752974033355713
148,474,5.0,4.24069881439209
144,281,3.0,3.2176473140716553
122,1045,4.0,3.582386016845703
387,588,3.0,3.2846055030822754
629,467,5.0,4.236506462097168
59,479,5.0,4.659590721130371
498,64,4.0,3.4469103813171387
28,11,4.0,3.996798038482666
655,27,3.0,2.2938318252563477
864,577,3.0,2.3891096115112305
233,89,3.0,4.359413146972656
279,805,3.0,3.7609877586364746
682,111,3.0,3.393177032470703
935,181,4.0,4.332832336425781
104,9,2.0,3.0056333541870117
768,1061,1.0,2.674032211303711
886,941,2.0,2.8806099891662598
222,475,4.0,3.3307716846466064
472,760,5.0,3.538222312927246
650,1419,3.0,1.9195250272750854
764,191,3.0,4.288682460784912
461,285,4.0,3.893378496170044
470,874,3.0,3.234626293182373
106,191,5.0,4.350611686706543
48,185,4.0,4.120770454406738
92,455,2.0,3.2235376834869385
11,213,4.0,3.8945140838623047
913,423,3.0,3.6905834674835205
881,441,2.0,2.5861666202545166
256,127,4.0,4.576188087463379
148,114,5.0,4.287420749664307
130,800,4.0,3.674665927886963
201,148,1.0,2.0804834365844727
707,212,4.0,3.5086684226989746
559,261,3.0,2.1764464378356934
416,625,5.0,3.9034786224365234
480,183,4.0,3.7874324321746826
269,959,5.0,2.7340316772460938
259,271,3.0,3.637547016143799
474,671,3.0,4.1416473388671875
71,248,3.0,3.7608909606933594
291,50,5.0,5.155425071716309
141,7,5.0,2.814472198486328
474,481,4.0,4.3237223625183105
21,563,2.0,2.108262062072754
665,496,3.0,3.7252960205078125
472,78,1.0,3.0718204975128174
13,315,5.0,3.2452125549316406
215,99,4.0,4.083302974700928
682,300,2.0,3.5518810749053955
396,678,3.0,3.1669747829437256
256,487,5.0,4.2278852462768555
234,921,4.0,3.350135087966919
566,219,1.0,3.074436902999878
303,325,1.0,2.730003595352173
405,1101,3.0,1.6813125610351562
606,841,3.0,3.1932554244995117
389,161,2.0,2.715597629547119
76,385,2.0,2.851527452468872
593,501,2.0,3.5874404907226562
593,393,4.0,3.598377227783203
391,648,5.0,4.092432022094727
833,24,4.0,2.957990884780884
727,831,3.0,2.3119919300079346
301,232,4.0,3.648918628692627
769,831,1.0,2.176058769226074
463,302,5.0,3.7866687774658203
882,203,4.0,4.245573043823242
639,990,1.0,2.3353724479675293
339,504,5.0,4.669079780578613
13,341,2.0,3.0319294929504395
332,1016,5.0,4.5631103515625
405,712,1.0,2.332648277282715
64,154,4.0,3.6235852241516113
807,543,2.0,3.606955051422119
718,284,4.0,3.4095170497894287
22,161,4.0,3.439368724822998
303,1021,4.0,4.400252342224121
757,27,4.0,3.1525771617889404
342,297,3.0,4.0172224044799805
877,176,5.0,4.153165340423584
193,412,3.0,2.1538748741149902
647,73,5.0,3.66927170753479
727,810,2.0,2.6606953144073486
1,239,4.0,3.3790478706359863
14,628,5.0,3.5444486141204834
537,1025,1.0,1.4790499210357666
239,45,5.0,4.433080673217773
642,56,4.0,3.5245707035064697
246,50,5.0,4.063260078430176
198,191,4.0,3.9731593132019043
690,763,4.0,3.0326530933380127
846,748,3.0,2.9326581954956055
222,810,2.0,2.6661324501037598
458,178,4.0,4.442853927612305
357,687,3.0,2.6352550983428955
365,894,1.0,2.0350241661071777
276,200,5.0,4.1802897453308105
880,327,3.0,3.822234869003296
492,86,3.0,3.6360673904418945
665,535,4.0,3.1710853576660156
94,347,5.0,3.840350389480591
592,333,5.0,3.003143072128296
537,966,2.0,2.9336705207824707
504,163,4.0,3.629359483718872
846,357,4.0,4.709194183349609
617,519,3.0,3.2208826541900635
864,184,4.0,3.8806777000427246
911,199,3.0,4.165426254272461
444,245,4.0,3.223902702331543
622,184,5.0,3.4487242698669434
240,358,2.0,3.1392805576324463
288,269,5.0,4.142088890075684
711,222,3.0,3.1366074085235596
779,195,5.0,4.217809677124023
366,413,4.0,3.340984344482422
69,12,5.0,4.714183807373047
94,823,3.0,3.009646415710449
129,307,2.0,2.541801691055298
193,689,2.0,2.4371469020843506
620,740,5.0,3.6857762336730957
498,522,3.0,3.3927502632141113
537,378,2.0,2.559861421585083
528,484,3.0,3.888674259185791
573,836,3.0,3.358816385269165
756,473,3.0,2.9260525703430176
425,690,1.0,2.8983259201049805
393,365,3.0,3.6527516841888428
657,327,1.0,3.2433786392211914
394,250,4.0,3.7852911949157715
180,367,1.0,3.9703803062438965
749,986,3.0,2.7093417644500732
711,48,4.0,4.831725120544434
145,216,5.0,3.8906569480895996
334,945,4.0,3.654381036758423
339,663,5.0,4.664188385009766
588,12,5.0,4.300054550170898
699,1187,4.0,3.0894713401794434
343,660,3.0,4.20423698425293
311,170,5.0,3.8766837120056152
389,82,4.0,3.263338327407837
497,810,3.0,2.874485969543457
586,69,4.0,3.6083662509918213
268,1228,1.0,1.7493846416473389
758,889,3.0,4.038814544677734
896,133,2.0,3.8516600131988525
215,144,4.0,4.080641746520996
125,508,1.0,2.9374239444732666
66,248,4.0,3.5557761192321777
181,1085,1.0,0.849543035030365
21,184,4.0,3.3969576358795166
815,79,4.0,4.077005863189697
42,679,2.0,2.9064102172851562
940,474,3.0,3.4994969367980957
338,708,5.0,3.788409471511841
543,568,3.0,3.3558244705200195
307,403,3.0,3.6332662105560303
409,1070,4.0,3.7246792316436768
42,423,5.0,4.384359836578369
421,164,4.0,3.549269199371338
153,265,4.0,2.950875997543335
541,732,3.0,3.989741325378418
373,735,5.0,4.198423385620117
535,185,4.0,4.366379737854004
71,98,4.0,4.290973663330078
790,153,3.0,3.472341299057007
13,872,3.0,2.967050313949585
244,763,4.0,3.4834225177764893
452,526,4.0,3.816749095916748
59,527,5.0,4.512950897216797
253,82,3.0,4.1648383140563965
430,42,3.0,3.5219502449035645
726,832,5.0,1.7632719278335571
44,240,4.0,2.922511339187622
618,724,3.0,3.0691421031951904
654,588,4.0,4.101879119873047
788,317,4.0,3.868915319442749
871,289,3.0,2.9557487964630127
270,703,4.0,4.569817543029785
73,202,2.0,3.2997543811798096
693,568,4.0,3.1807425022125244
117,475,5.0,4.570034027099609
57,405,4.0,3.7767648696899414
508,238,4.0,4.21113920211792
695,307,4.0,3.3143911361694336
412,427,4.0,3.838360071182251
807,1483,4.0,3.825063943862915
42,559,2.0,3.3409385681152344
921,252,4.0,2.9797375202178955
916,219,3.0,2.9982962608337402
934,664,4.0,3.3718361854553223
144,4,4.0,3.73934268951416
862,177,4.0,4.599994659423828
244,13,4.0,4.085963249206543
392,127,5.0,4.802865982055664
436,411,4.0,3.325760841369629
624,831,3.0,2.3663759231567383
169,705,5.0,3.7422935962677
181,236,1.0,1.3754299879074097
184,238,4.0,3.8668577671051025
823,187,5.0,4.796036720275879
15,9,4.0,3.1005859375
824,304,3.0,3.1271040439605713
325,82,3.0,2.3771376609802246
872,237,4.0,3.802345037460327
867,655,4.0,4.123275279998779
458,742,4.0,2.925348997116089
276,88,3.0,3.2278714179992676
442,2,3.0,3.0415046215057373
683,187,5.0,3.9028584957122803
627,549,3.0,3.381470203399658
894,324,3.0,3.3457748889923096
889,204,4.0,3.6134040355682373
700,144,4.0,3.67482852935791
374,164,4.0,3.7856922149658203
751,269,5.0,3.5570192337036133
330,432,4.0,4.279834747314453
398,144,5.0,3.9066216945648193
932,86,4.0,4.390743255615234
271,224,4.0,3.7823855876922607
711,905,3.0,3.377913236618042
452,501,3.0,3.4862165451049805
291,773,3.0,3.5212442874908447
747,357,5.0,4.9605817794799805
280,392,5.0,3.412607431411743
301,451,4.0,3.4719672203063965
117,405,5.0,3.9686777591705322
271,482,5.0,4.332242965698242
409,205,3.0,3.7786571979522705
457,356,4.0,3.944091320037842
293,152,4.0,3.3712527751922607
234,747,3.0,2.844381809234619
346,237,4.0,3.638023614883423
463,283,5.0,3.236906051635742
699,3,3.0,2.992532253265381
13,91,2.0,3.2587878704071045
295,420,4.0,4.111487865447998
351,1024,4.0,3.966219186782837
882,265,5.0,4.690486907958984
94,190,5.0,4.853789329528809
354,882,4.0,3.826131582260132
660,90,2.0,2.553333044052124
514,97,5.0,3.920757293701172
375,566,4.0,3.777233362197876
255,1034,1.0,1.7733105421066284
414,300,4.0,3.667222261428833
752,539,4.0,2.392200231552124
813,892,1.0,2.5738978385925293
592,427,5.0,4.936267852783203
575,531,1.0,3.0421857833862305
532,26,3.0,4.325502395629883
454,528,4.0,2.8806726932525635
38,257,1.0,4.5694379806518555
417,1215,2.0,1.8882628679275513
807,1050,5.0,3.712307929992676
320,202,4.0,3.9814393520355225
327,589,3.0,4.042143821716309
634,248,4.0,3.5797152519226074
98,47,4.0,3.3176989555358887
121,174,3.0,3.686931610107422
102,363,2.0,2.080842971801758
271,602,3.0,3.819542646408081
510,876,2.0,2.3678112030029297
360,423,4.0,3.9984800815582275
774,64,3.0,2.718097686767578
92,40,3.0,2.9371731281280518
583,655,5.0,4.130936622619629
458,194,2.0,3.9046902656555176
726,255,2.0,2.7959249019622803
917,50,3.0,4.401506423950195
378,97,5.0,3.981520891189575
733,1115,3.0,3.192873239517212
62,72,3.0,2.8757991790771484
57,477,4.0,3.4131715297698975
524,52,4.0,3.650031566619873
113,273,4.0,3.9716944694519043
177,238,3.0,4.0492448806762695
452,615,3.0,3.6108481884002686
524,818,3.0,2.894554615020752
313,193,4.0,4.031862258911133
28,441,2.0,2.8031599521636963
537,457,1.0,0.6949605941772461
119,616,2.0,4.037512302398682
326,230,3.0,3.3459789752960205
868,156,3.0,3.849562168121338
381,1115,4.0,3.8054096698760986
334,179,4.0,4.139089584350586
774,101,2.0,2.2183587551116943
168,1278,3.0,3.565333366394043
892,484,5.0,4.591838836669922
676,265,5.0,4.2465410232543945
863,900,3.0,3.562485694885254
442,26,3.0,3.4451842308044434
919,58,5.0,3.378504991531372
71,52,4.0,3.7238214015960693
911,216,4.0,3.793877124786377
226,513,3.0,4.229598045349121
774,117,2.0,1.6374728679656982
236,216,5.0,3.677388906478882
425,751,2.0,2.910177707672119
880,379,4.0,3.455627918243408
593,723,4.0,3.107462167739868
801,245,3.0,4.379926681518555
125,813,1.0,3.565969944000244
13,271,1.0,2.114790678024292
303,655,5.0,4.0546770095825195
332,122,5.0,2.6468112468719482
201,15,3.0,2.6863255500793457
932,617,4.0,4.022695541381836
200,103,2.0,2.7556540966033936
863,242,4.0,4.0065813064575195
450,1303,4.0,2.4457790851593018
897,528,3.0,4.02790641784668
378,411,3.0,2.829075574874878
37,930,3.0,2.741395950317383
497,1047,3.0,2.8193745613098145
262,11,4.0,3.4608397483825684
712,724,3.0,3.3791768550872803
601,840,2.0,2.1916065216064453
768,16,3.0,2.866501569747925
133,243,3.0,2.034630060195923
592,95,4.0,3.641815185546875
618,1058,3.0,2.7797391414642334
634,269,4.0,3.887875556945801
939,326,5.0,4.531481742858887
14,313,2.0,4.145610809326172
141,120,4.0,2.813018321990967
896,546,2.0,2.5172832012176514
92,401,3.0,2.9046151638031006
659,483,4.0,4.476202011108398
276,384,3.0,2.801058769226074
704,381,3.0,3.4607982635498047
399,975,2.0,2.770221471786499
922,834,1.0,2.094226837158203
883,421,5.0,3.9003713130950928
234,358,1.0,1.9668517112731934
592,246,5.0,4.365236282348633
665,248,4.0,3.673485040664673
562,194,5.0,3.871591567993164
95,648,3.0,3.926312208175659
87,382,3.0,3.239885091781616
834,288,5.0,3.8229100704193115
435,84,2.0,2.5555436611175537
498,212,3.0,3.1258490085601807
775,344,5.0,3.5624589920043945
884,179,5.0,3.9882593154907227
574,288,4.0,3.2792470455169678
330,554,3.0,3.675769567489624
910,117,4.0,2.7459144592285156
235,346,4.0,4.0760884284973145
318,289,3.0,3.3303239345550537
92,476,2.0,2.684464454650879
275,418,3.0,3.241274118423462
370,172,4.0,4.0381975173950195
660,755,2.0,2.330371141433716
321,224,3.0,3.578465223312378
224,678,3.0,3.0074925422668457
757,574,3.0,2.3247079849243164
342,531,3.0,3.709078311920166
399,265,3.0,3.414809465408325
451,989,1.0,2.8246257305145264
557,1244,2.0,3.1172399520874023
144,223,4.0,4.321071624755859
222,403,3.0,3.324798345565796
465,511,4.0,3.8080782890319824
924,285,4.0,3.9601597785949707
457,98,5.0,5.142643928527832
527,153,5.0,3.6731057167053223
122,11,1.0,4.017370223999023
537,337,3.0,2.9166035652160645
499,181,3.0,3.9216830730438232
378,450,3.0,2.568141222000122
311,431,4.0,3.9583399295806885
367,288,5.0,4.380405426025391
342,220,1.0,2.5924811363220215
20,176,2.0,3.111783504486084
270,265,4.0,4.476944923400879
416,795,2.0,2.5264413356781006
201,230,3.0,2.5368123054504395
634,477,3.0,3.1189188957214355
198,241,3.0,3.152177095413208
595,293,4.0,3.935589075088501
910,182,4.0,3.386418581008911
894,166,4.0,4.07507848739624
406,99,5.0,3.7801854610443115
464,176,4.0,4.368397235870361
790,583,2.0,2.986318588256836
412,150,4.0,3.6731014251708984
699,222,3.0,3.2967584133148193
702,230,4.0,3.1244027614593506
344,322,2.0,2.342134952545166
5,427,3.0,3.770904779434204
13,813,1.0,3.6447672843933105
67,1093,5.0,3.6043570041656494
489,259,2.0,3.647207021713257
811,895,5.0,4.029598236083984
276,734,1.0,2.7828876972198486
370,425,3.0,3.6082465648651123
543,586,3.0,2.4556007385253906
711,217,4.0,3.402647018432617
548,696,4.0,3.3724324703216553
271,1411,2.0,2.9186742305755615
840,1214,1.0,2.653411626815796
165,15,5.0,3.855017900466919
761,289,2.0,2.588524580001831
454,70,4.0,2.9500362873077393
693,572,2.0,2.6048505306243896
654,109,3.0,3.646667718887329
654,196,5.0,4.17934513092041
429,999,2.0,2.850090265274048
374,1014,1.0,3.0839173793792725
360,744,4.0,3.6018526554107666
882,176,4.0,4.517063140869141
378,22,5.0,4.266521453857422
5,404,2.0,3.1927554607391357
370,100,4.0,4.070734024047852
443,271,4.0,3.67460560798645
174,823,4.0,3.346360683441162
94,154,5.0,4.548957824707031
308,226,3.0,3.2820990085601807
622,217,4.0,3.266110897064209
280,215,3.0,3.7572524547576904
184,527,4.0,3.9857516288757324
600,174,4.0,4.540109634399414
415,322,4.0,3.4105117321014404
792,591,2.0,3.4994254112243652
239,530,5.0,4.839735984802246
472,1034,3.0,3.0912160873413086
216,416,3.0,3.3695874214172363
931,286,5.0,3.872748613357544
751,172,5.0,4.430059432983398
60,272,4.0,4.656735420227051
189,526,4.0,4.322379112243652
888,792,5.0,4.067887306213379
296,242,4.0,4.714240074157715
397,474,5.0,4.971315383911133
503,546,4.0,2.6659388542175293
239,133,3.0,4.006937503814697
613,478,5.0,4.426531791687012
326,493,5.0,3.677123785018921
833,654,5.0,4.344121932983398
198,474,5.0,4.134352684020996
158,116,5.0,4.114290237426758
303,200,4.0,4.229685306549072
1,99,3.0,3.9948489665985107
13,786,3.0,2.6580793857574463
315,466,1.0,4.048685073852539
782,288,4.0,3.308485269546509
151,224,5.0,4.226343154907227
528,239,5.0,3.675178050994873
738,423,4.0,4.071926116943359
710,1101,4.0,3.7973294258117676
264,856,3.0,4.417915344238281
92,778,4.0,3.7143073081970215
627,58,5.0,3.414184808731079
373,24,4.0,3.498401165008545
293,206,4.0,3.1179709434509277
783,260,4.0,3.239391803741455
394,179,5.0,4.128505229949951
831,479,4.0,4.319589614868164
846,423,4.0,4.026659965515137
342,746,4.0,3.3944857120513916
615,179,4.0,4.199812889099121
293,845,2.0,2.791794538497925
648,559,2.0,3.180887222290039
105,286,4.0,3.504112958908081
593,685,3.0,3.3337643146514893
939,1023,4.0,3.313946008682251
881,21,3.0,2.777787208557129
344,22,3.0,3.84185528755188
269,65,4.0,3.60395884513855
887,496,4.0,4.4901838302612305
82,191,4.0,4.063752174377441
490,993,1.0,2.646066188812256
897,521,5.0,3.87388277053833
456,655,3.0,3.598026752471924
280,233,4.0,3.2587783336639404
541,755,5.0,3.37146258354187
129,311,3.0,3.3696587085723877
884,463,5.0,3.8056557178497314
58,923,5.0,4.571075439453125
870,549,2.0,3.28532338142395
159,1132,5.0,2.636200189590454
502,680,3.0,2.5507872104644775
92,15,3.0,3.3804633617401123
104,302,5.0,3.3434152603149414
385,1154,5.0,2.470402479171753
399,291,3.0,3.061710834503174
875,135,4.0,4.381563663482666
210,301,4.0,3.6190176010131836
629,322,3.0,3.1493091583251953
587,315,4.0,3.636093854904175
798,845,5.0,3.6989986896514893
303,1157,2.0,2.926969051361084
771,408,5.0,4.441403388977051
786,404,4.0,4.098699569702148
627,76,3.0,3.3716812133789062
804,159,4.0,3.82082200050354
405,1549,1.0,0.9415420293807983
835,673,4.0,3.94948673248291
402,32,3.0,3.972346305847168
346,470,3.0,3.547550916671753
495,218,4.0,4.381804943084717
456,568,2.0,3.1369752883911133
331,653,3.0,3.783982753753662
66,21,1.0,2.788968324661255
262,125,3.0,2.919102668762207
715,685,3.0,3.271960496902466
409,499,3.0,3.8262412548065186
6,538,2.0,2.3134653568267822
708,294,3.0,3.5160512924194336
409,518,1.0,3.7249109745025635
665,186,4.0,3.823270559310913
413,14,5.0,3.9081363677978516
401,316,5.0,3.2171881198883057
455,343,4.0,2.8972413539886475
23,597,3.0,2.4779584407806396
591,285,5.0,4.548583030700684
545,395,4.0,2.533843755722046
378,441,3.0,2.749629497528076
594,222,4.0,2.934622287750244
66,237,4.0,3.7849223613739014
442,188,3.0,3.694072723388672
489,908,5.0,2.9509963989257812
387,477,1.0,3.2878286838531494
913,169,4.0,4.070411682128906
532,168,5.0,4.814613342285156
714,1014,3.0,3.0733156204223633
495,392,5.0,4.105774879455566
7,593,5.0,3.654533624649048
210,98,5.0,5.039946556091309
246,250,4.0,3.048281669616699
935,300,4.0,4.535697937011719
222,1438,4.0,1.530266523361206
345,660,5.0,4.027629852294922
499,347,4.0,3.5554006099700928
393,419,4.0,3.6838014125823975
665,293,4.0,3.653728723526001
65,77,5.0,3.818141222000122
896,422,3.0,2.4444072246551514
382,168,4.0,3.6207094192504883
648,1092,1.0,2.5834763050079346
262,1013,2.0,1.9413549900054932
775,269,4.0,3.907782554626465
522,200,4.0,3.9948484897613525
94,159,3.0,2.964092493057251
62,171,4.0,3.7441396713256836
756,99,3.0,3.3742499351501465
881,742,4.0,3.4180028438568115
451,328,5.0,3.975468158721924
320,95,3.0,4.308467388153076
916,451,3.0,3.1545937061309814
535,338,3.0,2.6261956691741943
425,174,3.0,3.5772018432617188
49,50,1.0,3.2873165607452393
237,83,4.0,4.047572135925293
643,410,4.0,3.2519681453704834
59,951,3.0,2.5377509593963623
780,423,5.0,4.049625396728516
412,634,5.0,3.0637056827545166
790,208,3.0,3.5899391174316406
91,338,4.0,2.8450067043304443
648,231,2.0,2.891566038131714
601,928,1.0,2.2002499103546143
405,735,5.0,2.230449676513672
880,4,4.0,3.902465581893921
442,150,4.0,3.5939457416534424
504,240,1.0,2.877336263656616
561,98,4.0,3.8382022380828857
435,627,3.0,3.1342098712921143
826,385,5.0,4.354663372039795
682,211,4.0,3.496488332748413
880,217,4.0,3.5983264446258545
268,384,3.0,2.321009397506714
664,631,4.0,3.875562906265259
274,71,4.0,4.212582111358643
567,96,4.0,3.3833160400390625
279,1321,4.0,1.4607664346694946
269,723,1.0,2.9575576782226562
840,196,4.0,4.196569442749023
85,647,4.0,4.067002296447754
883,224,4.0,4.107819557189941
222,96,5.0,4.018110275268555
434,815,4.0,3.859691858291626
826,11,4.0,4.424066543579102
569,405,3.0,3.2707433700561523
114,56,3.0,3.806145429611206
435,1103,4.0,3.6692955493927
299,1103,4.0,3.8071978092193604
733,1129,4.0,3.5159895420074463
736,253,5.0,3.1346752643585205
52,463,5.0,4.367055892944336
911,435,5.0,4.040776252746582
363,47,5.0,3.0894522666931152
494,528,3.0,4.081978797912598
889,96,4.0,3.8307600021362305
146,262,4.0,3.985539674758911
637,150,1.0,2.601015090942383
835,281,4.0,3.3476250171661377
829,276,4.0,3.812467098236084
810,342,5.0,3.5011584758758545
919,596,3.0,3.355621099472046
768,288,4.0,3.14652419090271
409,136,4.0,3.9505696296691895
199,1354,1.0,0.9397221207618713
429,628,3.0,3.366797685623169
303,294,4.0,2.358635187149048
622,1207,2.0,2.2852563858032227
690,223,4.0,3.478261709213257
770,15,5.0,4.7299299240112305
170,328,3.0,4.341387748718262
158,511,5.0,4.7678117752075195
664,431,2.0,3.314817428588867
87,228,5.0,4.565987586975098
537,506,3.0,3.420154333114624
148,529,5.0,3.944995641708374
112,325,1.0,2.978109121322632
303,559,4.0,3.0629990100860596
373,727,4.0,3.586092948913574
101,284,4.0,2.8791921138763428
693,130,1.0,2.174344062805176
707,719,3.0,2.4882779121398926
523,168,4.0,4.670281410217285
13,86,1.0,3.785263776779175
536,679,4.0,3.154817581176758
59,559,5.0,3.738370656967163
804,208,5.0,4.0089945793151855
276,100,5.0,4.902743339538574
254,629,2.0,2.8921689987182617
543,1073,3.0,3.626950740814209
94,1011,4.0,3.863898277282715
22,167,3.0,3.3182754516601562
573,134,4.0,4.124023914337158
655,1045,3.0,2.885821580886841
136,15,4.0,3.793982744216919
293,122,3.0,2.4394054412841797
561,1210,1.0,1.812127947807312
757,17,3.0,3.2534539699554443
429,1016,4.0,2.9801154136657715
887,288,4.0,4.154489517211914
721,872,3.0,3.0056655406951904
212,427,4.0,4.004438400268555
189,294,5.0,2.5449211597442627
45,276,5.0,3.781202793121338
59,243,1.0,1.9985628128051758
102,993,2.0,2.680100679397583
450,611,5.0,4.421872138977051
185,181,4.0,4.2098493576049805
187,792,5.0,3.841670513153076
865,763,1.0,2.3263144493103027
699,283,4.0,3.5109288692474365
174,384,1.0,2.76536226272583
83,127,4.0,3.694687843322754
716,260,1.0,2.214216709136963
517,823,2.0,2.874701738357544
308,520,4.0,4.237737655639648
263,99,3.0,4.426177978515625
563,220,4.0,3.75508713722229
672,25,5.0,3.4090075492858887
308,141,3.0,3.502523183822632
286,142,4.0,3.3025686740875244
466,679,3.0,2.821445941925049
351,258,5.0,4.385188102722168
239,382,3.0,3.9444196224212646
509,294,2.0,2.4505996704101562
640,1016,3.0,4.093281269073486
187,651,5.0,4.005135536193848
184,1014,2.0,3.076350450515747
699,16,3.0,3.2095022201538086
815,485,4.0,4.110240936279297
665,1,4.0,3.7160961627960205
937,508,1.0,3.432018995285034
290,625,4.0,3.0600719451904297
315,211,4.0,4.063405513763428
797,300,2.0,3.0949082374572754
368,11,4.0,3.6546127796173096
159,756,4.0,3.2112996578216553
536,432,4.0,3.7554306983947754
887,443,4.0,3.78456974029541
60,673,4.0,4.018375396728516
232,357,4.0,4.531729698181152
871,50,5.0,4.355744361877441
5,457,1.0,1.342508316040039
363,571,1.0,2.0102758407592773
360,187,4.0,4.50804328918457
636,118,5.0,4.050867080688477
823,87,5.0,4.406469345092773
757,333,4.0,3.7027082443237305
600,181,4.0,4.284511566162109
366,853,5.0,4.562498092651367
405,8,4.0,2.4281466007232666
118,79,5.0,4.727910041809082
880,38,3.0,2.9583628177642822
781,232,3.0,3.01802134513855
234,506,4.0,3.6017086505889893
293,183,4.0,3.740764856338501
806,82,4.0,3.5696604251861572
87,182,4.0,3.952660322189331
639,153,3.0,3.0445127487182617
234,99,5.0,3.6677916049957275
290,22,5.0,4.229067325592041
928,173,4.0,4.952066421508789
632,168,4.0,3.8592376708984375
654,408,5.0,4.263042449951172
328,182,2.0,3.6750829219818115
593,159,4.0,3.4905543327331543
922,431,4.0,3.611903429031372
561,1024,3.0,3.6667702198028564
624,126,4.0,4.035499572753906
752,322,1.0,2.888820171356201
682,1178,1.0,2.6040163040161133
398,173,4.0,4.166685104370117
198,237,2.0,3.0632717609405518
293,15,3.0,2.5025112628936768
738,357,4.0,4.196033477783203
354,473,3.0,3.6638355255126953
74,121,4.0,3.771007776260376
345,238,5.0,4.019003868103027
889,385,3.0,3.5295257568359375
543,188,4.0,3.4346566200256348
253,895,4.0,2.8510830402374268
727,33,3.0,3.2451059818267822
456,845,3.0,3.241987705230713
574,258,5.0,3.6646645069122314
249,271,4.0,3.591871738433838
416,431,4.0,4.186129570007324
378,11,3.0,3.807215452194214
381,1407,3.0,2.356321096420288
330,393,4.0,4.463109970092773
329,512,4.0,3.7584903240203857
274,69,5.0,4.101960182189941
711,345,4.0,3.8308963775634766
339,343,3.0,3.0424630641937256
87,651,4.0,4.533530235290527
145,559,2.0,3.499537706375122
881,15,3.0,3.420875310897827
125,98,5.0,4.267046928405762
704,134,5.0,4.333695411682129
364,269,4.0,4.1162919998168945
790,405,3.0,3.085636615753174
234,284,3.0,2.3831496238708496
405,1193,1.0,1.8036502599716187
478,710,5.0,3.2592222690582275
693,281,3.0,2.8122689723968506
339,139,3.0,2.92643666267395
755,259,3.0,2.816502571105957
747,429,4.0,4.3862409591674805
470,824,4.0,2.5662777423858643
21,322,3.0,2.148613691329956
620,7,4.0,3.8127334117889404
412,211,4.0,3.713085412979126
562,190,4.0,3.978555202484131
269,497,3.0,3.723802328109741
715,50,5.0,4.470308303833008
303,250,4.0,3.5075809955596924
398,1020,3.0,3.8018815517425537
896,481,4.0,3.569850206375122
490,1386,4.0,2.2061386108398438
44,257,4.0,3.9378952980041504
838,313,5.0,4.856878280639648
17,245,2.0,2.3502390384674072
210,300,4.0,3.8333144187927246
301,105,3.0,2.683851718902588
903,127,5.0,4.643324851989746
153,325,2.0,2.302272319793701
92,159,4.0,3.1445956230163574
637,282,3.0,2.736712694168091
376,357,4.0,4.3176116943359375
779,235,4.0,2.9529058933258057
880,720,2.0,2.7760133743286133
393,1179,4.0,2.1579246520996094
229,313,2.0,3.4950037002563477
87,433,3.0,3.8518381118774414
224,555,3.0,1.9905720949172974
942,95,5.0,4.480524063110352
280,699,4.0,3.902090549468994
716,549,4.0,3.638735294342041
468,647,5.0,4.621416091918945
889,615,3.0,3.714341402053833
537,1009,2.0,2.7312936782836914
283,71,4.0,4.501252174377441
191,343,3.0,3.151644229888916
669,511,5.0,3.957230806350708
437,842,4.0,3.0762529373168945
239,589,3.0,4.847803115844727
705,286,3.0,3.415695905685425
458,189,4.0,4.139483451843262
200,82,5.0,4.874881744384766
387,559,3.0,2.708676815032959
809,299,4.0,2.957029104232788
537,323,1.0,1.049091100692749
308,495,3.0,3.5372443199157715
66,742,5.0,3.795081853866577
7,385,5.0,4.028303623199463
99,79,4.0,4.257338523864746
255,984,1.0,2.0174367427825928
535,162,3.0,3.8197124004364014
464,709,5.0,4.663591384887695
393,81,2.0,2.8206207752227783
524,133,5.0,3.5714526176452637
295,1050,5.0,4.124695301055908
339,88,4.0,3.1257076263427734
168,222,5.0,3.966262102127075
72,566,4.0,3.2649104595184326
42,73,4.0,4.14901065826416
82,518,4.0,3.293342351913452
276,586,3.0,2.65077805519104
889,1069,1.0,3.367363929748535
896,705,5.0,3.827904224395752
458,64,4.0,4.241942405700684
577,727,5.0,3.5208559036254883
886,55,4.0,3.7710013389587402
932,399,4.0,3.1223373413085938
786,588,5.0,4.102019309997559
489,895,4.0,4.065884590148926
448,1022,5.0,3.4712116718292236
486,689,2.0,2.3729074001312256
833,22,3.0,2.831972360610962
416,272,5.0,4.896729469299316
75,820,3.0,2.7924273014068604
30,688,3.0,2.22941255569458
423,282,4.0,3.3238589763641357
682,217,4.0,3.208585023880005
494,121,4.0,3.8899459838867188
572,1171,3.0,2.88826060295105
87,321,2.0,3.1039721965789795
524,135,3.0,4.019792556762695
435,760,1.0,2.6409735679626465
313,195,5.0,3.891848564147949
291,175,2.0,4.741457939147949
346,38,3.0,3.369976282119751
291,89,3.0,5.067737579345703
847,144,4.0,3.339230537414551
30,135,5.0,3.920290470123291
308,452,2.0,2.7251217365264893
295,227,4.0,3.6829192638397217
486,475,4.0,4.0862016677856445
388,569,5.0,3.316956043243408
642,1287,2.0,1.6294697523117065
276,373,2.0,2.690178394317627
881,27,3.0,3.0803444385528564
11,652,4.0,3.6956255435943604
413,326,3.0,3.0280230045318604
542,168,4.0,4.161354064941406
628,305,5.0,4.555283546447754
105,268,4.0,3.5368525981903076
145,265,5.0,4.128409385681152
454,707,3.0,2.6746017932891846
58,45,5.0,4.103353500366211
195,508,3.0,3.725025177001953
585,863,5.0,4.080989837646484
174,31,4.0,4.008029937744141
587,272,5.0,3.851322889328003
301,233,4.0,3.644575595855713
586,117,4.0,4.297387599945068
818,286,4.0,3.4261701107025146
405,1230,1.0,1.1935840845108032
870,188,5.0,3.4651436805725098
660,298,2.0,2.9870641231536865
535,179,4.0,3.9426627159118652
94,88,3.0,2.970308303833008
943,1011,2.0,3.2620162963867188
892,403,3.0,3.86043119430542
844,690,3.0,2.940964937210083
886,819,4.0,2.3713366985321045
160,282,4.0,3.410161256790161
496,1133,3.0,2.5752360820770264
449,15,4.0,3.081699848175049
916,713,3.0,3.5946807861328125
783,331,3.0,4.2594523429870605
144,91,2.0,3.572845935821533
642,1311,3.0,2.6549813747406006
23,28,3.0,3.481449842453003
478,12,5.0,4.156755447387695
606,161,4.0,3.982544183731079
178,173,5.0,4.473053932189941
117,109,4.0,4.048396587371826
698,28,2.0,3.1183698177337646
84,529,5.0,4.290266990661621
699,322,3.0,2.881840467453003
303,430,4.0,4.31264066696167
621,176,3.0,4.398066520690918
316,530,2.0,3.5757787227630615
394,72,4.0,3.659158945083618
456,216,4.0,3.5822904109954834
22,405,1.0,3.244445562362671
595,763,3.0,3.1784579753875732
74,126,3.0,4.115948677062988
301,393,3.0,3.621908187866211
469,286,5.0,4.1874284744262695
782,887,4.0,3.0304489135742188
566,82,4.0,2.9026968479156494
137,257,5.0,4.641134262084961
843,271,5.0,3.1441714763641357
932,238,3.0,4.098236083984375
907,278,5.0,4.145988464355469
118,433,5.0,4.721872329711914
525,237,4.0,3.589017391204834
553,487,5.0,4.259519100189209
638,174,5.0,4.1937761306762695
244,278,3.0,3.1035802364349365
504,186,3.0,4.291411399841309
427,258,4.0,5.273735046386719
474,523,5.0,4.48220157623291
92,780,3.0,3.099445104598999
397,492,4.0,4.233664035797119
442,90,3.0,3.020975351333618
677,322,4.0,3.795015811920166
76,1158,4.0,3.243812322616577
733,471,3.0,2.690915822982788
880,179,4.0,4.349464416503906
537,271,2.0,1.928106665611267
739,22,5.0,4.051788330078125
832,873,2.0,2.785283327102661
599,111,5.0,4.217097282409668
894,343,2.0,3.019814968109131
561,1009,4.0,3.100616693496704
379,637,2.0,3.340203046798706
500,471,4.0,3.2257819175720215
422,129,4.0,3.9876601696014404
374,443,5.0,3.4950919151306152
841,748,4.0,3.829132318496704
102,29,1.0,2.1792378425598145
94,471,4.0,3.2426977157592773
297,471,3.0,3.3014543056488037
655,448,4.0,2.6273608207702637
416,143,5.0,4.470705986022949
293,297,4.0,3.58022141456604
405,795,2.0,2.0181827545166016
533,190,2.0,3.857229471206665
8,187,4.0,4.589369773864746
764,151,4.0,3.6348960399627686
487,572,1.0,3.297802448272705
344,288,4.0,2.8596153259277344
626,748,2.0,1.9287841320037842
476,343,4.0,3.2929375171661377
174,9,5.0,4.55950927734375
472,365,4.0,4.266879081726074
932,528,5.0,4.506610870361328
536,80,2.0,3.0957584381103516
506,77,3.0,3.9912707805633545
721,938,3.0,2.8764429092407227
796,761,3.0,3.004084825515747
815,95,3.0,3.889832019805908
535,707,4.0,4.044589042663574
733,922,3.0,3.7344071865081787
254,449,5.0,2.70906138420105
244,1209,3.0,2.1337573528289795
64,748,1.0,2.5635507106781006
489,322,5.0,3.9735307693481445
916,82,4.0,2.9305779933929443
297,271,2.0,3.042459726333618
637,985,2.0,2.207526922225952
203,294,2.0,3.3495380878448486
788,879,4.0,3.358531951904297
872,892,3.0,2.878753423690796
566,100,5.0,4.6586103439331055
334,521,4.0,3.852058172225952
659,490,4.0,3.980070114135742
407,402,2.0,3.2231128215789795
920,313,5.0,3.877736806869507
823,474,5.0,5.078526496887207
222,739,4.0,3.2517571449279785
682,294,3.0,3.175110340118408
344,9,5.0,4.265622138977051
229,269,4.0,3.178678512573242
658,724,3.0,3.4852917194366455
827,358,2.0,2.612391233444214
110,64,4.0,4.226727485656738
5,446,4.0,2.5723514556884766
251,210,4.0,4.1453399658203125
650,747,3.0,3.0128557682037354
398,708,3.0,3.1783676147460938
570,286,4.0,2.997001886367798
848,215,5.0,4.231044769287109
326,564,3.0,1.3965128660202026
229,311,5.0,3.006967544555664
425,83,2.0,3.4049952030181885
18,194,3.0,4.044405937194824
216,3,4.0,3.2634687423706055
500,662,2.0,2.9962351322174072
320,895,4.0,3.5083179473876953
717,343,4.0,3.6654186248779297
604,670,5.0,2.8326172828674316
727,260,1.0,2.391716480255127
12,15,5.0,4.291032791137695
537,588,1.0,2.77173113822937
493,546,5.0,3.4338278770446777
301,82,5.0,4.2057085037231445
246,294,2.0,2.4926042556762695
609,259,1.0,2.2069880962371826
181,1028,2.0,1.9213547706604004
544,332,3.0,2.921445369720459
201,654,3.0,3.9086434841156006
145,1210,1.0,2.9162044525146484
883,896,5.0,4.238973617553711
796,1163,3.0,2.689851760864258
453,85,3.0,2.965571880340576
442,184,2.0,3.400036334991455
303,1230,1.0,2.2732958793640137
10,194,4.0,4.489467620849609
620,112,4.0,2.871638298034668
687,678,4.0,2.8259220123291016
379,93,3.0,4.145601272583008
361,517,5.0,4.170295715332031
93,235,4.0,2.9778716564178467
303,215,5.0,3.8750035762786865
807,1039,4.0,4.330598831176758
175,12,4.0,4.085231304168701
318,404,3.0,3.9293134212493896
682,393,4.0,3.0738604068756104
788,445,4.0,3.639780044555664
392,347,4.0,3.9298064708709717
580,249,5.0,3.3553128242492676
902,87,4.0,3.7784907817840576
553,1200,3.0,3.9589240550994873
116,180,5.0,3.6895997524261475
894,255,3.0,3.0396809577941895
406,130,3.0,2.3391671180725098
102,235,3.0,2.249316692352295
361,197,5.0,4.296640872955322
85,14,4.0,3.7020859718322754
387,176,3.0,3.5411808490753174
553,648,4.0,4.298806667327881
94,182,5.0,4.654223442077637
307,472,3.0,2.873499631881714
682,802,2.0,2.630054473876953
303,948,2.0,1.7134774923324585
405,698,1.0,1.5004801750183105
87,202,5.0,4.122992515563965
328,665,2.0,2.965402364730835
265,125,4.0,3.7734789848327637
145,257,5.0,3.9224977493286133
918,606,4.0,3.652482271194458
543,1014,4.0,2.889641284942627
85,237,3.0,3.0991508960723877
13,657,4.0,4.473658561706543
254,624,2.0,2.9114558696746826
521,268,5.0,3.238541841506958
233,499,3.0,4.237824440002441
42,96,5.0,4.616306304931641
782,1283,2.0,2.4012107849121094
848,478,5.0,4.542172431945801
453,578,3.0,3.2065823078155518
842,752,4.0,3.536336898803711
543,324,3.0,2.8266589641571045
232,194,4.0,4.133571624755859
58,175,5.0,4.0862579345703125
851,331,3.0,3.9469616413116455
941,124,5.0,3.904005765914917
84,31,4.0,4.032679557800293
474,923,4.0,4.674948692321777
544,258,3.0,3.264779806137085
450,722,5.0,3.215157985687256
907,1016,5.0,4.846588134765625
518,276,5.0,3.2608871459960938
731,66,4.0,2.8563661575317383
21,995,2.0,3.6120240688323975
536,378,5.0,4.346156120300293
37,82,1.0,3.9175193309783936
160,455,4.0,3.3179996013641357
748,451,1.0,3.158993721008301
595,298,4.0,3.6972928047180176
293,121,3.0,1.9512825012207031
308,502,5.0,3.84330153465271
191,313,5.0,4.1682891845703125
675,86,4.0,4.296449661254883
179,691,3.0,2.9526829719543457
881,7,4.0,3.1907989978790283
533,109,2.0,3.3560197353363037
129,313,3.0,3.0030319690704346
638,410,4.0,2.768983840942383
450,663,4.0,4.261695861816406
450,521,4.0,4.097268104553223
292,249,3.0,3.588214635848999
698,283,2.0,2.9848809242248535
276,204,5.0,3.8494229316711426
862,180,5.0,4.6468658447265625
622,94,2.0,2.936328649520874
642,1,5.0,4.352949142456055
49,301,3.0,2.210228204727173
892,385,3.0,4.2042131423950195
828,1646,4.0,2.0814292430877686
504,559,5.0,3.5469112396240234
222,144,5.0,3.8370211124420166
524,661,3.0,4.127297401428223
236,88,2.0,3.203206777572632
406,596,3.0,3.161072254180908
200,409,2.0,3.6923978328704834
804,259,4.0,3.2823283672332764
506,490,3.0,4.114316940307617
416,161,4.0,4.1715240478515625
840,659,5.0,4.575442314147949
519,264,2.0,3.548408269882202
416,405,5.0,3.8871333599090576
627,28,3.0,3.4388763904571533
486,282,2.0,2.894852876663208
214,56,5.0,4.213359355926514
94,61,5.0,4.518861770629883
97,135,5.0,4.1563520431518555
724,1176,1.0,2.105132579803467
13,441,1.0,2.2204480171203613
653,136,1.0,2.8436501026153564
261,342,3.0,3.3148789405822754
796,418,4.0,4.007469177246094
881,186,3.0,3.860426425933838
94,1223,4.0,3.3403568267822266
459,926,4.0,3.1766464710235596
8,511,5.0,4.847267150878906
715,125,3.0,3.4753339290618896
194,471,3.0,2.708482265472412
920,682,3.0,2.629246234893799
829,190,4.0,4.213388919830322
264,559,5.0,3.524472236633301
556,127,5.0,4.5660400390625
276,1245,3.0,3.8276307582855225
521,99,3.0,3.054056406021118
273,272,4.0,4.397269248962402
782,1670,3.0,0.7167609930038452
464,289,4.0,3.560364246368408
316,318,5.0,3.5351994037628174
39,294,4.0,3.3620975017547607
13,833,2.0,2.612010955810547
878,286,4.0,3.0181548595428467
857,325,1.0,2.962679147720337
786,357,5.0,4.4934892654418945
442,29,3.0,2.2941720485687256
123,275,4.0,4.0732526779174805
780,275,4.0,3.6287152767181396
94,183,5.0,4.5713911056518555
345,291,3.0,3.0703341960906982
826,550,3.0,4.10689115524292
195,809,3.0,3.039703607559204
289,254,1.0,2.0520029067993164
42,720,4.0,3.6569783687591553
624,628,4.0,3.6354219913482666
707,533,5.0,3.563103199005127
370,181,4.0,3.6578524112701416
472,234,4.0,4.42509651184082
299,1073,4.0,3.7479405403137207
608,262,3.0,3.7049777507781982
145,943,3.0,3.8177976608276367
363,174,4.0,3.5300674438476562
23,463,4.0,3.8981802463531494
774,453,2.0,1.2044990062713623
119,405,4.0,3.84442138671875
633,5,3.0,3.1611363887786865
627,227,3.0,2.8738319873809814
579,216,5.0,3.8201584815979004
95,328,5.0,3.16807222366333
942,300,5.0,3.993898868560791
875,358,3.0,2.6891582012176514
293,47,3.0,3.447871446609497
776,1219,3.0,2.9734737873077393
299,208,4.0,3.759089708328247
924,174,5.0,4.218263626098633
716,662,3.0,3.7146317958831787
457,385,4.0,4.168922424316406
883,239,3.0,3.361361026763916
290,28,5.0,3.678831100463867
429,265,4.0,3.4801275730133057
270,282,3.0,4.440496444702148
195,234,5.0,3.8743278980255127
867,7,5.0,4.235810279846191
145,275,2.0,3.8633596897125244
15,13,1.0,2.7948293685913086
586,356,4.0,2.847714900970459
6,174,4.0,3.5905604362487793
357,748,5.0,4.281922340393066
327,33,3.0,2.819833278656006
518,742,5.0,4.142265319824219
524,492,3.0,3.662111759185791
407,559,3.0,3.145075559616089
171,313,4.0,4.057889938354492
121,740,3.0,3.309030532836914
42,367,2.0,3.4058985710144043
582,328,3.0,2.9134840965270996
533,443,3.0,3.3087832927703857
298,946,3.0,3.2891135215759277
551,156,5.0,4.328951835632324
226,23,3.0,3.790140151977539
716,1269,4.0,4.236146926879883
875,50,5.0,4.651238441467285
870,55,3.0,3.5205836296081543
393,84,3.0,3.033522367477417
857,328,3.0,3.4172680377960205
648,576,4.0,3.1336302757263184
288,528,4.0,4.1200103759765625
200,393,4.0,4.2632646560668945
542,871,2.0,2.0592799186706543
617,674,3.0,2.150008201599121
621,257,5.0,4.157256126403809
297,277,3.0,3.2973344326019287
144,1285,3.0,3.4481804370880127
650,243,2.0,1.8162506818771362
802,259,2.0,3.3832435607910156
323,475,3.0,4.132669448852539
205,300,3.0,3.166011333465576
634,919,2.0,3.088465452194214
130,272,5.0,5.079960823059082
664,89,5.0,4.1003007888793945
671,56,1.0,3.759931802749634
835,179,5.0,4.039021968841553
788,43,3.0,2.820897340774536
533,19,3.0,3.425243854522705
331,132,3.0,3.548457384109497
74,302,4.0,4.333306789398193
621,250,4.0,3.7718963623046875
92,322,3.0,2.7568604946136475
59,28,5.0,3.9304392337799072
871,97,3.0,3.6920456886291504
401,196,5.0,3.3757359981536865
250,270,4.0,4.023255348205566
453,628,3.0,3.6799957752227783
546,322,4.0,3.8138630390167236
236,191,4.0,3.8391966819763184
387,81,3.0,3.885092258453369
116,297,3.0,3.572906255722046
514,116,4.0,3.6200106143951416
49,1074,2.0,1.836237907409668
927,227,2.0,3.6794545650482178
405,178,3.0,2.065845489501953
143,325,5.0,2.804621934890747
627,182,4.0,3.9302704334259033
64,100,4.0,3.9081294536590576
295,174,4.0,4.838642120361328
551,176,4.0,4.401142120361328
43,950,3.0,3.2120726108551025
866,344,2.0,2.922844409942627
251,748,2.0,3.073054790496826
860,315,3.0,3.7224764823913574
895,885,2.0,2.681516647338867
305,664,2.0,3.678004503250122
579,238,3.0,3.4338696002960205
326,205,4.0,3.7189724445343018
365,309,1.0,2.888428211212158
426,527,3.0,3.9192304611206055
450,724,5.0,3.955080986022949
588,131,5.0,3.655378580093384
393,290,3.0,3.0902674198150635
848,509,4.0,4.187088489532471
405,1247,1.0,1.5050132274627686
246,1039,4.0,3.803079128265381
405,202,4.0,2.668055534362793
435,174,5.0,3.8138539791107178
506,168,5.0,3.9205527305603027
863,990,1.0,3.3330821990966797
276,128,4.0,3.876955270767212
901,430,3.0,3.7797915935516357
887,432,5.0,3.748645067214966
280,9,5.0,4.039381980895996
373,435,4.0,4.22835111618042
303,546,2.0,2.3608555793762207
588,1061,5.0,3.202746868133545
345,988,2.0,1.8700045347213745
95,378,4.0,3.994842290878296
630,240,3.0,2.488250970840454
654,302,5.0,3.978329658508301
894,311,4.0,4.06809139251709
311,258,4.0,3.7973663806915283
939,591,5.0,4.796573638916016
216,234,4.0,3.9020471572875977
815,313,5.0,4.053285598754883
387,581,4.0,3.3288214206695557
181,111,3.0,1.7501806020736694
188,1213,2.0,2.3805909156799316
194,692,2.0,2.938908338546753
253,966,5.0,4.554478645324707
104,508,2.0,2.8491203784942627
532,235,3.0,3.439129114151001
851,930,3.0,2.6877670288085938
916,569,2.0,2.6812498569488525
716,385,1.0,3.705312967300415
445,433,2.0,2.3730263710021973
622,276,4.0,3.78338623046875
864,969,4.0,3.993407726287842
75,322,1.0,3.012608051300049
214,131,3.0,4.042417526245117
327,333,2.0,2.4558091163635254
450,38,4.0,3.4480624198913574
279,1435,3.0,2.4289422035217285
764,15,4.0,4.000895977020264
256,11,5.0,4.734184265136719
15,308,5.0,2.8237295150756836
179,353,1.0,1.9700525999069214
257,381,5.0,3.970567464828491
911,151,5.0,3.6516356468200684
458,529,3.0,4.188334941864014
355,882,4.0,4.617649078369141
249,135,5.0,4.699938774108887
249,317,5.0,4.652731895446777
271,692,4.0,3.7043070793151855
94,157,5.0,4.201271057128906
774,585,1.0,1.7518476247787476
474,485,4.0,4.248439788818359
497,720,2.0,2.8427343368530273
506,148,3.0,3.460622549057007
227,411,4.0,2.7781102657318115
527,201,3.0,3.2846388816833496
216,763,4.0,3.3599789142608643
373,195,4.0,4.244385719299316
778,197,4.0,2.997487783432007
807,1066,5.0,3.3358168601989746
314,66,5.0,4.298027992248535
151,405,3.0,3.2574191093444824
276,223,5.0,4.542792320251465
100,905,3.0,2.9577155113220215
536,546,2.0,3.558568239212036
592,409,1.0,2.614140510559082
312,8,5.0,4.688266754150391
416,794,5.0,4.158738136291504
630,237,5.0,3.7524518966674805
410,312,2.0,2.8927056789398193
648,477,3.0,2.8652806282043457
13,191,3.0,4.350127220153809
632,275,3.0,3.618081569671631
799,479,5.0,4.542391777038574
608,79,5.0,3.5048720836639404
618,8,3.0,3.6299312114715576
880,476,3.0,3.1030468940734863
788,754,4.0,3.2480735778808594
718,742,5.0,4.199275970458984
335,340,5.0,3.282414197921753
378,91,3.0,3.7218267917633057
184,170,5.0,4.166816711425781
894,1005,5.0,3.826478958129883
933,934,1.0,2.032965660095215
721,125,3.0,4.1832170486450195
500,97,4.0,3.140207052230835
618,12,4.0,3.676279306411743
495,191,3.0,4.77554988861084
626,294,3.0,2.0645320415496826
670,482,5.0,3.9087021350860596
758,514,5.0,4.406338691711426
314,1016,4.0,4.566550254821777
835,180,5.0,4.404067039489746
101,118,3.0,3.385634422302246
416,246,4.0,4.174472808837891
125,94,5.0,3.9543185234069824
927,560,2.0,2.8471293449401855
818,271,4.0,3.195096731185913
236,282,5.0,3.4340708255767822
181,1245,1.0,1.063784122467041
551,286,4.0,3.96760630607605
399,746,5.0,3.2772390842437744
708,1023,3.0,2.5136919021606445
385,673,2.0,3.0976767539978027
213,2,4.0,3.622783899307251
452,187,3.0,3.8086867332458496
192,813,4.0,3.884875774383545
141,300,5.0,4.5011186599731445
919,321,2.0,3.1269445419311523
659,603,5.0,4.338698387145996
293,94,2.0,2.167424201965332
906,475,3.0,4.242508888244629
22,175,4.0,4.092621803283691
854,56,5.0,3.9440102577209473
459,291,4.0,3.5952365398406982
246,94,2.0,2.289930582046509
804,625,3.0,3.6277787685394287
682,235,1.0,2.8990190029144287
78,1160,5.0,3.081266164779663
880,1277,4.0,3.6823811531066895
235,303,4.0,4.102551460266113
769,824,2.0,2.544011116027832
321,48,4.0,3.954528570175171
654,250,1.0,3.538564443588257
452,462,4.0,3.3600025177001953
715,64,5.0,4.461745262145996
773,238,4.0,4.1044464111328125
123,22,4.0,3.7088029384613037
221,259,4.0,2.8313827514648438
90,208,3.0,4.555231094360352
784,271,3.0,3.700688600540161
100,689,3.0,2.8319103717803955
498,14,4.0,3.513106346130371
934,172,5.0,4.4873151779174805
344,715,4.0,3.6412582397460938
135,77,4.0,2.908149003982544
836,496,4.0,4.371131896972656
445,689,1.0,1.3351140022277832
503,736,4.0,4.1915059089660645
435,393,2.0,2.8308844566345215
896,739,2.0,3.0537571907043457
326,183,5.0,3.5266098976135254
592,60,4.0,4.88848876953125
541,1412,1.0,1.7433191537857056
883,752,4.0,3.438631772994995
11,90,2.0,3.1487696170806885
201,1163,1.0,2.55393648147583
318,66,4.0,3.807215690612793
503,127,5.0,4.551215171813965
75,108,4.0,3.509061098098755
109,239,4.0,3.9868226051330566
222,162,2.0,2.90012526512146
313,420,5.0,3.5614964962005615
846,50,5.0,4.863024711608887
488,207,3.0,2.8458101749420166
279,1059,4.0,2.5760791301727295
401,1011,3.0,2.723256826400757
177,307,4.0,3.237337112426758
537,855,3.0,3.3106415271759033
223,1014,4.0,2.851317882537842
234,610,4.0,3.5287580490112305
741,94,3.0,2.8169751167297363
456,218,4.0,3.2911064624786377
805,319,2.0,3.943174123764038
181,104,1.0,0.9075075387954712
458,307,4.0,3.1973795890808105
707,723,3.0,3.2012035846710205
13,241,3.0,3.3486878871917725
474,380,4.0,3.5868868827819824
299,1132,1.0,2.639977216720581
422,257,4.0,3.5528788566589355
934,492,4.0,3.655576229095459
474,414,4.0,4.062841415405273
641,198,5.0,4.315627098083496
804,550,4.0,4.046826362609863
150,181,5.0,4.229983329772949
807,968,4.0,3.9253501892089844
308,614,3.0,3.825056314468384
292,491,4.0,4.285148620605469
710,268,4.0,3.793341636657715
650,447,3.0,3.2007906436920166
383,205,4.0,4.263107776641846
201,385,2.0,2.5919811725616455
272,238,5.0,4.1564788818359375
806,655,3.0,3.9070217609405518
301,100,5.0,3.8284552097320557
382,481,5.0,3.5010874271392822
721,284,4.0,3.5152904987335205
378,143,4.0,3.944737672805786
296,1142,5.0,4.764009475708008
481,66,3.0,3.4875521659851074
807,199,5.0,4.25418758392334
588,566,2.0,3.969452381134033
64,347,3.0,3.3477180004119873
708,118,5.0,3.462022542953491
933,476,2.0,2.0462656021118164
643,419,4.0,3.7370080947875977
665,255,4.0,3.1857197284698486
233,216,5.0,4.320612907409668
263,416,5.0,4.057948112487793
587,261,3.0,2.1317975521087646
379,300,3.0,3.284668445587158
346,932,2.0,2.820014476776123
346,89,4.0,3.4600744247436523
790,209,1.0,3.698913812637329
848,1063,5.0,4.059762954711914
453,1145,2.0,2.536376476287842
605,237,3.0,3.674564838409424
532,510,5.0,4.607479095458984
231,255,3.0,3.682098388671875
699,685,3.0,3.076706647872925
738,151,4.0,3.494020462036133
921,202,4.0,3.359653949737549
848,520,5.0,4.696999549865723
74,333,4.0,4.112747669219971
160,461,5.0,3.873979091644287
332,975,3.0,3.908963441848755
653,1620,2.0,2.8569347858428955
246,932,1.0,2.085327625274658
301,173,4.0,4.245203971862793
709,781,3.0,3.4529473781585693
450,1435,4.0,2.4925076961517334
291,563,3.0,2.9206602573394775
396,406,2.0,2.8056602478027344
327,659,4.0,3.8757708072662354
357,274,4.0,4.396162033081055
130,100,3.0,4.508906364440918
650,1215,3.0,1.6525899171829224
655,12,3.0,3.6045682430267334
911,659,3.0,4.1497087478637695
194,371,3.0,2.7527477741241455
625,732,3.0,3.2541847229003906
432,313,4.0,4.895261764526367
758,656,5.0,4.532171249389648
846,789,4.0,3.7490062713623047
663,546,3.0,3.283773183822632
351,286,5.0,3.947314977645874
667,223,5.0,4.499652862548828
309,879,4.0,3.4140894412994385
276,1028,3.0,2.88926100730896
331,414,4.0,3.480856418609619
453,272,5.0,4.464998245239258
401,203,4.0,3.0730669498443604
796,815,4.0,3.7125301361083984
843,515,3.0,3.2249770164489746
314,996,4.0,2.5380518436431885
896,458,1.0,2.448079824447632
85,702,2.0,2.753333806991577
40,268,4.0,3.073185443878174
342,57,3.0,4.055166244506836
109,520,5.0,3.937311887741089
538,168,3.0,3.79358172416687
410,303,3.0,3.10266375541687
884,116,4.0,3.8218934535980225
774,185,2.0,3.03913950920105
525,125,3.0,3.373119831085205
165,332,4.0,3.539890766143799
1,255,2.0,2.9892592430114746
305,83,3.0,3.5306355953216553
943,227,1.0,3.379514455795288
560,476,2.0,2.7799582481384277
46,333,5.0,3.9260973930358887
244,54,2.0,3.2641208171844482
327,24,2.0,3.0089263916015625
379,345,3.0,3.664398193359375
495,54,5.0,4.071169853210449
897,409,4.0,3.411839723587036
401,188,1.0,2.9594993591308594
896,132,3.0,3.8563170433044434
177,47,3.0,3.7030837535858154
690,705,1.0,3.2185959815979004
119,392,4.0,3.9071950912475586
59,622,4.0,3.558871030807495
595,108,2.0,3.5505928993225098
177,1,3.0,3.6878905296325684
537,486,3.0,3.036353349685669
635,886,4.0,3.028482437133789
899,121,5.0,3.4795780181884766
170,881,3.0,3.3619256019592285
538,568,3.0,3.4294774532318115
863,876,2.0,2.5812997817993164
263,183,4.0,4.362066268920898
917,282,4.0,3.5892632007598877
763,87,2.0,3.972578763961792
92,39,3.0,3.403573989868164
677,1240,5.0,3.626702070236206
72,644,4.0,3.735291004180908
145,405,3.0,3.388695240020752
615,736,5.0,4.077354907989502
358,1159,5.0,3.1648755073547363
660,675,3.0,2.9662487506866455
312,528,5.0,4.739190101623535
707,345,5.0,3.4341835975646973
334,153,4.0,3.5891013145446777
498,527,3.0,3.370838165283203
698,144,2.0,3.1379926204681396
48,423,4.0,3.996002674102783
716,163,4.0,3.6305108070373535
168,280,4.0,3.479825735092163
796,500,4.0,3.6453983783721924
595,815,3.0,2.717869758605957
267,222,4.0,3.7942087650299072
566,170,5.0,4.139638900756836
272,32,4.0,4.050380706787109
40,286,2.0,2.9652044773101807
144,68,2.0,3.435218334197998
409,6,4.0,3.3880929946899414
81,42,4.0,3.4329380989074707
265,1197,2.0,3.397280693054199
37,176,4.0,4.241546630859375
648,218,3.0,3.5235066413879395
198,455,3.0,2.769406318664551
77,176,4.0,3.65582537651062
314,132,4.0,3.8970916271209717
487,470,5.0,4.0774078369140625
349,126,2.0,3.7403337955474854
412,939,4.0,3.914666175842285
417,943,3.0,3.5983619689941406
151,260,1.0,2.461111307144165
105,258,5.0,3.5842058658599854
887,1012,1.0,4.13596248626709
676,902,4.0,4.063172340393066
919,183,3.0,3.8844218254089355
268,286,5.0,3.526979684829712
883,228,4.0,3.6074304580688477
463,284,3.0,2.6614859104156494
750,300,3.0,3.741255044937134
450,506,5.0,4.165594100952148
699,477,3.0,3.166038751602173
201,581,3.0,3.0144591331481934
550,252,1.0,3.1891744136810303
880,316,5.0,4.5952653884887695
95,855,3.0,3.358030319213867
542,399,2.0,3.0222132205963135
360,248,4.0,3.8422632217407227
655,1529,2.0,2.9152791500091553
435,91,4.0,3.848402976989746
605,276,4.0,3.998194694519043
648,222,5.0,3.810392379760742
727,385,3.0,3.856170177459717
541,625,4.0,3.5130863189697266
374,274,4.0,3.667360305786133
270,943,5.0,4.636134147644043
908,216,3.0,3.528494358062744
332,118,5.0,4.158893585205078
943,419,2.0,3.3219330310821533
318,187,4.0,4.238001823425293
515,1399,4.0,1.9512611627578735
123,182,4.0,4.098700523376465
354,508,3.0,3.9703257083892822
892,435,4.0,4.564757347106934
598,312,5.0,3.4985270500183105
201,596,4.0,2.6594176292419434
669,749,3.0,2.2626185417175293
679,111,3.0,3.478830337524414
138,137,5.0,3.9486124515533447
943,485,5.0,3.252070903778076
749,385,3.0,4.063911437988281
315,209,5.0,4.475566864013672
766,77,2.0,2.761580467224121
588,25,4.0,3.622237205505371
606,178,5.0,4.566370964050293
56,98,4.0,4.280227184295654
94,944,1.0,2.238190174102783
837,276,1.0,3.923111915588379
447,153,4.0,3.983191967010498
903,281,4.0,3.010561943054199
283,291,2.0,3.7638299465179443
727,258,2.0,3.588693380355835
889,1589,5.0,2.3850808143615723
234,451,3.0,2.7870092391967773
870,1090,2.0,1.9226223230361938
293,455,2.0,2.4564642906188965
399,228,2.0,3.3361730575561523
854,475,4.0,3.738274335861206
268,121,2.0,2.435729742050171
807,969,4.0,4.212364196777344
145,53,2.0,3.0952234268188477
207,1046,4.0,3.0089097023010254
788,531,4.0,3.8398566246032715
554,678,3.0,2.7571187019348145
249,333,4.0,3.6431679725646973
643,732,3.0,3.6951284408569336
514,631,4.0,3.502225637435913
919,237,4.0,3.7861380577087402
262,790,3.0,2.658170461654663
267,50,5.0,5.054276466369629
42,173,5.0,4.329189300537109
288,345,5.0,3.3929896354675293
484,879,4.0,3.491929054260254
508,52,4.0,4.030132293701172
795,120,3.0,1.5774587392807007
845,311,4.0,3.0003132820129395
199,408,5.0,4.3330769538879395
713,310,4.0,2.906075954437256
639,179,1.0,3.428917646408081
57,56,3.0,4.070738792419434
201,737,2.0,2.6125054359436035
782,254,2.0,2.298300266265869
452,971,4.0,3.158285140991211
402,10,2.0,4.278043270111084
274,276,4.0,4.573617935180664
890,1039,4.0,4.317975044250488
577,452,3.0,3.0934910774230957
116,1244,2.0,2.5467727184295654
391,479,4.0,4.433554649353027
782,1243,3.0,3.208584785461426
184,676,4.0,3.224261999130249
276,474,5.0,4.786917686462402
83,235,1.0,2.564885377883911
459,455,2.0,3.1973612308502197
361,319,5.0,3.3898608684539795
82,1078,3.0,2.5209178924560547
374,231,2.0,2.9615373611450195
401,604,4.0,3.466519594192505
707,900,4.0,3.8304150104522705
457,168,5.0,4.769045829772949
71,429,4.0,3.721172332763672
904,709,3.0,4.249642372131348
454,1003,2.0,2.06884765625
796,230,5.0,4.241533279418945
805,108,3.0,3.472050189971924
635,262,5.0,3.352201461791992
795,386,3.0,2.654400587081909
653,135,5.0,2.5500946044921875
664,449,2.0,2.7099528312683105
815,559,3.0,2.8097426891326904
625,588,4.0,3.312427282333374
646,294,2.0,3.0510828495025635
468,1168,2.0,3.7702085971832275
541,826,3.0,2.4824230670928955
646,272,4.0,3.9248952865600586
334,887,5.0,3.7376468181610107
587,691,4.0,3.1647026538848877
639,580,2.0,2.8087048530578613
148,50,5.0,4.514134407043457
694,489,4.0,4.03965950012207
878,22,2.0,3.574122190475464
934,550,4.0,3.648026704788208
268,1035,2.0,2.5811402797698975
261,1025,5.0,3.335270643234253
189,209,1.0,4.412083625793457
642,220,4.0,4.252664566040039
202,258,4.0,2.986096143722534
758,414,4.0,4.197136878967285
807,63,5.0,3.822913408279419
119,655,5.0,4.272706985473633
885,420,4.0,3.01336407661438
328,405,4.0,3.371514320373535
545,95,4.0,4.000617027282715
593,117,4.0,3.7396275997161865
618,496,4.0,4.1429443359375
435,1,5.0,3.658369779586792
459,22,5.0,4.376589775085449
267,202,5.0,4.09434700012207
486,476,3.0,2.5741546154022217
913,346,3.0,3.490297794342041
64,381,4.0,3.205665111541748
43,411,3.0,3.0909276008605957
276,1131,3.0,4.487612724304199
618,697,3.0,2.941526174545288
356,286,3.0,3.5653131008148193
416,1041,3.0,3.5722575187683105
49,542,2.0,1.3926950693130493
514,87,5.0,3.9985830783843994
280,550,2.0,3.6003916263580322
881,575,2.0,2.3837175369262695
210,435,4.0,4.595624923706055
622,403,4.0,3.395977258682251
642,1152,5.0,4.0300188064575195
109,367,3.0,3.2945027351379395
452,135,3.0,3.5754315853118896
488,705,4.0,3.457185745239258
497,382,4.0,3.108806610107422
707,527,5.0,3.719689130783081
59,132,5.0,4.3247833251953125
233,261,5.0,2.4574031829833984
861,14,4.0,4.132001876831055
633,252,3.0,2.838736057281494
797,298,3.0,3.1465017795562744
758,554,3.0,2.8835391998291016
151,1113,4.0,3.6371986865997314
421,12,5.0,4.0443854331970215
889,12,5.0,4.156033515930176
595,928,3.0,2.7243361473083496
843,205,4.0,2.82133150100708
682,339,2.0,3.0862135887145996
270,123,5.0,4.013277053833008
334,419,3.0,3.4599192142486572
387,1538,3.0,2.892249822616577
511,271,5.0,3.8521690368652344
405,586,4.0,2.1960976123809814
329,655,4.0,3.5495519638061523
305,14,4.0,3.8640029430389404
144,1286,4.0,3.300110101699829
271,1117,3.0,3.2140071392059326
131,286,5.0,4.082375526428223
484,449,4.0,3.3280551433563232
64,218,1.0,3.3778305053710938
537,633,3.0,3.322072744369507
692,411,4.0,2.789742946624756
280,161,4.0,3.3930091857910156
69,42,5.0,3.9380810260772705
395,210,5.0,4.465292930603027
363,531,4.0,3.4281585216522217
533,48,4.0,3.6039445400238037
643,432,5.0,3.9533743858337402
42,265,3.0,4.768857002258301
62,96,4.0,3.4103469848632812
215,239,3.0,3.657055377960205
724,338,3.0,2.018972635269165
92,947,4.0,3.794032335281372
585,736,4.0,3.920314311981201
393,456,3.0,2.5258309841156006
654,14,2.0,3.2602102756500244
365,151,4.0,3.6302506923675537
239,47,2.0,4.224279403686523
23,202,3.0,3.5235960483551025
84,1,2.0,4.384212493896484
145,134,4.0,4.1256232261657715
928,134,5.0,5.137312889099121
370,923,4.0,4.201713562011719
234,505,4.0,3.5306882858276367
301,871,4.0,2.8607051372528076
239,605,4.0,3.7649435997009277
327,285,4.0,4.110699653625488
276,746,4.0,4.003138542175293
524,284,3.0,3.0835559368133545
893,24,4.0,3.3332297801971436
592,273,5.0,3.456350088119507
551,1267,4.0,3.200455904006958
405,233,1.0,2.941391706466675
671,257,5.0,4.1056976318359375
606,713,4.0,3.9317538738250732
18,111,3.0,3.471238136291504
398,183,4.0,3.854147434234619
193,1258,3.0,2.4119250774383545
387,33,3.0,3.071601390838623
67,1095,4.0,2.788264751434326
919,93,5.0,3.372687578201294
145,933,1.0,2.568464756011963
85,476,3.0,2.244750738143921
867,276,1.0,4.507866859436035
303,25,4.0,3.344581365585327
327,186,2.0,3.4253032207489014
865,456,1.0,1.4488898515701294
457,401,3.0,3.114635705947876
367,258,4.0,4.782201766967773
659,507,5.0,3.6887412071228027
514,344,3.0,3.6651039123535156
503,463,1.0,4.200916290283203
833,806,4.0,3.1275222301483154
747,517,5.0,4.565442085266113
660,207,4.0,2.962477207183838
320,188,4.0,4.094640731811523
492,291,4.0,2.7804174423217773
639,83,4.0,3.199199676513672
109,317,2.0,3.4970500469207764
587,875,1.0,2.388965129852295
162,230,2.0,3.8560314178466797
409,538,3.0,2.6326329708099365
151,529,5.0,4.391300201416016
634,744,5.0,3.7180492877960205
838,455,4.0,3.553253650665283
663,330,4.0,3.193864583969116
43,1,5.0,4.310932636260986
880,1014,4.0,3.4723751544952393
184,855,4.0,3.824305772781372
648,181,5.0,4.132653713226318
436,21,3.0,3.1834287643432617
805,216,2.0,3.6562764644622803
96,187,5.0,4.419559478759766
865,222,2.0,2.1368255615234375
98,88,3.0,2.9528250694274902
249,174,4.0,4.354272842407227
815,871,1.0,2.293897867202759
676,288,1.0,3.396538734436035
381,525,5.0,4.541547775268555
921,419,5.0,3.675706148147583
576,471,4.0,3.7479069232940674
870,813,4.0,3.6590442657470703
799,307,3.0,3.710904598236084
299,175,5.0,3.851696729660034
117,96,5.0,4.609335899353027
322,197,5.0,4.262162208557129
831,749,2.0,3.0545754432678223
222,1239,2.0,2.3015053272247314
656,312,1.0,2.4211666584014893
316,97,5.0,2.8299472332000732
894,107,3.0,3.760312795639038
77,246,5.0,3.53896164894104
369,919,5.0,3.6765217781066895
828,1462,3.0,3.265777587890625
500,301,2.0,3.0854854583740234
806,522,3.0,3.9191112518310547
293,195,3.0,3.2161381244659424
429,134,5.0,4.234827995300293
653,7,2.0,2.8506805896759033
65,178,5.0,4.398984909057617
895,748,3.0,3.3287930488586426
207,458,3.0,2.900679349899292
354,733,3.0,3.7700252532958984
835,591,4.0,3.832024097442627
907,1157,5.0,4.032080173492432
763,629,5.0,3.4472267627716064
56,636,4.0,3.500962495803833
18,60,4.0,4.291632652282715
830,661,4.0,4.244048118591309
690,4,3.0,3.0671892166137695
659,448,4.0,3.3169021606445312
669,902,2.0,3.280583381652832
370,22,4.0,3.88959002494812
189,405,2.0,2.998037338256836
527,87,3.0,3.780296564102173
314,405,4.0,4.267006874084473
537,770,3.0,3.1854920387268066
795,797,3.0,2.656750440597534
327,428,4.0,3.8113229274749756
542,15,2.0,3.0899741649627686
234,950,2.0,2.666973114013672
110,1250,3.0,1.0728325843811035
13,810,5.0,2.147587299346924
234,1400,3.0,2.781705141067505
882,82,5.0,4.4494476318359375
551,343,4.0,3.645364999771118
349,847,4.0,3.631499767303467
385,156,4.0,3.5148913860321045
354,50,4.0,4.040045738220215
534,240,5.0,3.2327139377593994
332,156,4.0,4.645467758178711
942,258,4.0,4.079832077026367
642,364,5.0,2.8305773735046387
883,750,3.0,4.202974319458008
336,845,1.0,3.451192855834961
385,4,2.0,3.051839828491211
402,510,5.0,4.279512405395508
322,489,3.0,4.308497428894043
616,316,4.0,4.381933689117432
195,753,3.0,3.759082555770874
265,100,5.0,3.416083812713623
93,15,5.0,3.7925546169281006
378,277,4.0,3.549062728881836
360,124,5.0,4.733369827270508
888,137,4.0,4.260365962982178
295,99,4.0,4.3492584228515625
711,463,5.0,4.586798667907715
807,496,5.0,4.823236465454102
342,223,4.0,4.130066871643066
621,769,3.0,2.8204429149627686
504,122,1.0,2.3776795864105225
897,646,5.0,3.923530101776123
768,742,3.0,3.3429677486419678
592,854,5.0,4.022966384887695
711,1119,4.0,3.7231414318084717
87,1072,3.0,2.8150744438171387
222,72,4.0,3.170444965362549
838,235,2.0,3.27119517326355
250,969,5.0,4.243080139160156
625,393,4.0,2.869607448577881
920,328,2.0,3.0267441272735596
334,462,4.0,3.783085346221924
450,239,5.0,4.069525718688965
524,895,4.0,2.990791082382202
897,826,4.0,2.8320834636688232
452,404,4.0,3.659467935562134
807,239,4.0,4.309246063232422
588,31,3.0,4.025389671325684
6,504,3.0,4.088832855224609
576,100,4.0,3.9042210578918457
479,471,4.0,3.2512309551239014
788,1518,3.0,2.873478412628174
569,19,5.0,3.9649479389190674
890,205,5.0,4.194389343261719
472,682,4.0,4.501221656799316
109,1157,4.0,3.0481271743774414
308,367,4.0,3.5872459411621094
524,435,4.0,3.9107630252838135
435,31,5.0,3.2448630332946777
851,544,4.0,3.5402615070343018
207,8,3.0,3.833224296569824
346,571,3.0,2.5034947395324707
833,346,5.0,3.823547840118408
207,1242,5.0,2.1600749492645264
874,357,5.0,4.404810905456543
629,144,5.0,4.522090911865234
90,197,5.0,4.655402183532715
806,419,5.0,3.952730655670166
248,64,5.0,4.096734046936035
458,143,4.0,3.2411935329437256
409,289,1.0,2.7473692893981934
301,550,3.0,3.919818878173828
778,42,5.0,3.1370046138763428
537,676,4.0,2.210808277130127
727,783,3.0,2.5368359088897705
82,174,5.0,3.908177137374878
200,660,3.0,4.413320541381836
766,22,3.0,3.6335041522979736
141,244,5.0,2.8017725944519043
567,847,4.0,3.8023154735565186
499,511,5.0,4.291614055633545
854,979,4.0,2.9584062099456787
199,117,3.0,2.624718189239502
865,472,1.0,1.4957245588302612
271,511,5.0,4.59963321685791
256,117,5.0,5.038982391357422
495,444,3.0,3.2051024436950684
447,5,3.0,3.3084192276000977
916,118,2.0,1.9520498514175415
916,58,5.0,3.5104594230651855
398,735,4.0,3.865375280380249
357,118,5.0,4.433069229125977
822,408,5.0,3.5466742515563965
249,237,5.0,3.9980790615081787
845,286,5.0,2.9285542964935303
747,183,5.0,4.487880706787109
896,203,5.0,3.2344863414764404
12,28,5.0,4.417231559753418
291,928,2.0,3.3761203289031982
380,428,3.0,3.383800745010376
618,651,5.0,3.8174901008605957
806,421,4.0,3.528761148452759
843,191,3.0,2.8721542358398438
104,181,5.0,2.9560916423797607
57,318,5.0,4.55959415435791
409,321,2.0,2.8308632373809814
648,2,4.0,3.500037431716919
233,193,4.0,4.281484127044678
223,216,5.0,3.6308560371398926
42,781,4.0,3.8102962970733643
450,597,4.0,3.578265428543091
497,172,5.0,4.085811614990234
698,25,2.0,2.941899538040161
95,22,4.0,4.289130210876465
544,302,5.0,3.55955171585083
795,226,3.0,2.6417183876037598
568,59,1.0,3.3035824298858643
220,995,3.0,3.244753837585449
181,874,1.0,1.3282238245010376
636,15,5.0,4.456669807434082
868,1031,1.0,2.247563362121582
542,433,3.0,3.666304111480713
162,181,4.0,4.22218132019043
779,71,4.0,4.190981864929199
892,125,4.0,3.8570306301116943
453,56,5.0,4.344085693359375
399,426,3.0,2.7190098762512207
435,825,3.0,2.9798920154571533
244,1017,4.0,3.7926909923553467
50,475,5.0,4.062719345092773
124,172,3.0,3.709036111831665
928,878,5.0,2.905391216278076
481,153,5.0,3.9055137634277344
342,433,5.0,3.6346070766448975
898,242,4.0,4.2818098068237305
48,71,3.0,3.904698610305786
497,545,3.0,1.8240691423416138
303,801,1.0,3.0155398845672607
249,1039,5.0,4.618372917175293
906,740,4.0,3.6840739250183105
648,50,5.0,4.495491027832031
569,291,4.0,3.270664930343628
659,496,5.0,4.216151714324951
58,652,5.0,4.03986120223999
307,509,3.0,4.019874095916748
243,713,3.0,3.5298831462860107
201,37,2.0,2.0535061359405518
1,134,4.0,4.824712753295898
622,542,2.0,2.3571157455444336
416,468,5.0,3.803879976272583
117,1095,3.0,2.755002737045288
551,1253,2.0,2.834542989730835
606,209,4.0,4.027509689331055
126,310,2.0,3.6422297954559326
499,527,5.0,3.875635862350464
790,83,3.0,3.7239770889282227
354,724,2.0,3.5559699535369873
562,56,1.0,3.5078036785125732
207,18,2.0,2.6040945053100586
839,100,3.0,3.997744083404541
911,134,4.0,4.24744987487793
8,510,4.0,4.324295997619629
416,1053,4.0,3.6280651092529297
235,69,4.0,3.4494404792785645
763,11,4.0,3.917632818222046
184,86,5.0,4.202930450439453
434,147,3.0,4.133577346801758
305,474,5.0,4.200772285461426
92,758,1.0,1.799022912979126
301,693,5.0,3.5466179847717285
804,402,3.0,3.8104496002197266
395,172,5.0,4.924487113952637
679,100,3.0,4.3496198654174805
313,161,4.0,3.247039556503296
802,670,4.0,3.1641476154327393
243,813,4.0,3.891817092895508
374,467,4.0,3.593465805053711
85,502,4.0,3.6748433113098145
605,357,5.0,4.541282653808594
568,462,4.0,3.165001392364502
702,289,2.0,2.1985132694244385
919,937,4.0,3.6978471279144287
363,1157,2.0,2.6231369972229004
881,420,3.0,3.162421464920044
758,471,3.0,3.6022369861602783
737,89,4.0,4.294053077697754
927,738,3.0,2.7733962535858154
536,405,2.0,3.677414655685425
617,242,3.0,3.027923583984375
748,528,3.0,3.6515891551971436
321,704,3.0,2.9361050128936768
195,921,3.0,4.039692401885986
207,367,3.0,3.307326555252075
682,304,1.0,3.3813188076019287
524,1204,3.0,3.5592010021209717
851,405,5.0,3.500890016555786
488,732,4.0,3.653477191925049
378,703,4.0,3.6591715812683105
758,447,4.0,4.151148796081543
868,447,2.0,3.368300676345825
296,61,3.0,4.358215808868408
144,1016,3.0,3.4240610599517822
825,685,4.0,4.117331504821777
405,519,2.0,2.280296802520752
384,989,4.0,3.5218703746795654
787,300,4.0,3.575678825378418
720,304,4.0,3.6501951217651367
232,474,5.0,4.641704559326172
886,96,3.0,3.8967010974884033
447,252,3.0,2.902587413787842
56,196,2.0,3.9987030029296875
234,193,4.0,3.521223783493042
286,640,5.0,3.234884262084961
128,506,4.0,3.9423961639404297
378,1,4.0,4.015789031982422
181,1356,1.0,0.9564340710639954
682,423,5.0,3.375532865524292
327,190,4.0,3.9895923137664795
24,367,2.0,4.049660682678223
581,1097,4.0,3.7426817417144775
818,887,4.0,3.363748788833618
773,780,4.0,2.6072046756744385
394,89,5.0,4.5859527587890625
320,300,4.0,4.107860088348389
773,258,5.0,3.1234071254730225
222,1087,1.0,1.7491477727890015
271,241,3.0,3.746845006942749
924,429,4.0,4.048906326293945
258,300,5.0,4.129586219787598
295,210,4.0,4.553508758544922
274,1060,4.0,3.6230149269104004
788,748,3.0,3.0741820335388184
633,183,4.0,3.435269355773926
660,235,3.0,2.4420697689056396
624,302,4.0,4.44029426574707
405,530,1.0,2.254000186920166
275,50,4.0,3.9123260974884033
83,254,2.0,3.14231014251709
868,1,4.0,2.954526662826538
625,202,3.0,3.2055375576019287
716,468,3.0,3.3740909099578857
717,322,5.0,3.4416401386260986
459,79,3.0,4.069401741027832
496,1074,2.0,2.7613532543182373
207,302,4.0,3.7833731174468994
144,20,4.0,3.292259693145752
43,486,4.0,3.8560454845428467
241,307,4.0,3.134633779525757
483,318,3.0,3.962913751602173
922,739,3.0,3.3866732120513916
599,245,3.0,4.062288761138916
144,823,3.0,3.050097942352295
553,481,3.0,4.222211837768555
551,268,4.0,4.133854866027832
339,218,3.0,3.683208465576172
842,340,5.0,3.9628965854644775
95,573,1.0,3.121535539627075
617,136,3.0,3.164818525314331
916,475,4.0,4.2978010177612305
788,755,3.0,3.1407272815704346
731,494,3.0,3.3660664558410645
401,520,3.0,3.5776026248931885
177,358,2.0,2.5728919506073
501,1081,3.0,3.730512857437134
83,35,1.0,2.7561473846435547
770,288,4.0,4.469301223754883
790,186,3.0,3.796227216720581
181,1165,1.0,1.3597248792648315
62,436,3.0,3.314699411392212
757,248,4.0,3.6619551181793213
709,860,3.0,2.6003973484039307
843,265,3.0,2.8056094646453857
438,866,5.0,3.8663153648376465
456,179,5.0,4.062371253967285
248,257,3.0,3.476966619491577
429,207,4.0,3.603875160217285
194,227,1.0,2.5926525592803955
468,91,5.0,3.9995644092559814
843,162,2.0,2.1177289485931396
214,195,4.0,3.666266441345215
253,328,4.0,3.2953038215637207
851,353,3.0,2.6763882637023926
268,546,4.0,2.1895487308502197
500,479,5.0,3.936008930206299
373,82,1.0,4.208263397216797
727,184,3.0,3.2089710235595703
106,12,4.0,4.361464500427246
484,143,4.0,4.496286392211914
655,607,4.0,3.344482660293579
645,239,3.0,3.0042710304260254
524,23,5.0,4.1300272941589355
591,202,3.0,3.555079460144043
553,603,5.0,4.69434928894043
303,1286,4.0,3.6643972396850586
43,289,4.0,3.305119514465332
1,210,4.0,3.7613508701324463
412,208,4.0,3.752788543701172
564,245,4.0,3.0689830780029297
881,204,4.0,3.8597328662872314
578,325,1.0,2.181715726852417
205,333,4.0,3.1897149085998535
205,304,3.0,2.9795897006988525
854,1134,3.0,3.097052574157715
133,245,3.0,2.7803971767425537
456,710,3.0,3.2788314819335938
764,321,1.0,3.088916540145874
817,405,3.0,3.403467893600464
31,498,4.0,4.308846473693848
655,867,4.0,2.8899197578430176
130,1039,4.0,4.685665130615234
401,143,4.0,3.3857431411743164
314,423,4.0,4.277736186981201
795,402,2.0,2.8319685459136963
484,692,5.0,4.347017288208008
130,95,5.0,4.691737174987793
434,1,4.0,4.292053699493408
144,747,5.0,3.56331467628479
259,772,4.0,3.434971570968628
311,781,2.0,3.641700506210327
613,1157,2.0,3.3372745513916016
351,678,4.0,3.3361217975616455
188,742,5.0,3.901456594467163
408,300,3.0,3.9605209827423096
618,1212,2.0,2.4030356407165527
602,257,4.0,4.275886535644531
81,282,5.0,3.3683412075042725
233,191,4.0,4.603599548339844
211,890,2.0,1.8457932472229004
859,1315,4.0,3.8358986377716064
385,221,5.0,3.839388132095337
862,416,3.0,3.719400405883789
776,496,3.0,3.447038412094116
90,136,5.0,4.952334403991699
713,347,4.0,2.8441507816314697
377,272,5.0,4.480607986450195
615,319,4.0,3.383523464202881
12,174,5.0,4.865322113037109
327,72,2.0,2.7599503993988037
942,607,5.0,4.301464557647705
455,504,4.0,3.5848896503448486
52,333,4.0,4.1224212646484375
447,209,4.0,4.164730548858643
454,651,4.0,3.2648046016693115
276,751,4.0,3.6611387729644775
777,273,4.0,3.76033616065979
145,219,5.0,3.582779884338379
655,574,2.0,1.862174391746521
805,559,3.0,2.975404739379883
515,344,2.0,3.080799102783203
283,194,4.0,4.742326736450195
236,443,4.0,3.4173896312713623
385,58,4.0,2.8999764919281006
110,38,3.0,3.3957784175872803
766,265,3.0,3.3199241161346436
200,43,3.0,3.436824083328247
339,515,5.0,4.798389434814453
557,198,5.0,4.284101963043213
221,32,4.0,3.8910794258117676
566,134,5.0,4.67631721496582
234,238,3.0,3.342495918273926
417,708,2.0,3.201280355453491
201,436,3.0,3.1798465251922607
383,19,4.0,4.010258674621582
396,117,4.0,4.2465972900390625
198,98,4.0,4.054781913757324
10,703,5.0,3.9345359802246094
551,720,2.0,3.1270248889923096
892,216,5.0,4.375088691711426
795,367,3.0,3.1287081241607666
405,1207,1.0,1.343491554260254
487,56,4.0,3.9384982585906982
790,449,2.0,2.8208820819854736
796,403,4.0,3.5493695735931396
503,286,3.0,3.8913156986236572
417,78,2.0,2.4242701530456543
478,42,5.0,3.509528160095215
386,50,4.0,4.506031036376953
844,1039,4.0,3.8603250980377197
157,410,4.0,3.5637784004211426
709,540,3.0,2.8356451988220215
536,582,2.0,3.4194562435150146
327,411,3.0,2.3608450889587402
363,652,4.0,3.399691104888916
621,890,1.0,2.287994384765625
294,678,2.0,2.7979493141174316
782,1608,3.0,1.5521572828292847
124,166,5.0,3.3801491260528564
468,662,4.0,3.801280975341797
938,105,1.0,2.490365505218506
267,403,4.0,3.893150806427002
495,674,3.0,3.781283140182495
334,183,4.0,3.9959218502044678
852,930,3.0,2.95263934135437
916,523,3.0,4.042041778564453
840,1018,3.0,3.7226808071136475
226,25,4.0,3.717935562133789
883,1404,3.0,3.8059566020965576
154,475,4.0,4.123054027557373
417,461,3.0,3.4006125926971436
151,318,5.0,4.968062400817871
284,332,3.0,3.0998611450195312
219,4,4.0,3.755671739578247
595,109,2.0,3.5519917011260986
932,230,4.0,3.0754075050354004
934,1065,2.0,3.3028831481933594
151,663,4.0,4.474872589111328
38,95,5.0,4.65492057800293
319,259,2.0,3.0293593406677246
568,638,3.0,3.2996904850006104
262,736,3.0,3.6528563499450684
299,433,5.0,3.5751805305480957
916,234,4.0,3.617711305618286
805,346,4.0,4.34186315536499
506,715,2.0,2.5241525173187256
301,772,3.0,2.7262213230133057
503,205,4.0,4.3015594482421875
308,109,3.0,3.610844850540161
771,173,4.0,4.077360153198242
210,692,4.0,3.9364142417907715
896,274,2.0,2.966099739074707
907,813,5.0,4.731269836425781
921,422,3.0,2.1392807960510254
486,332,3.0,2.6906731128692627
853,877,2.0,2.386430501937866
646,682,3.0,2.828664541244507
458,330,3.0,3.011486530303955
487,419,3.0,4.207050800323486
385,794,2.0,2.3581438064575195
474,259,1.0,2.6649701595306396
373,132,3.0,4.2204976081848145
5,369,1.0,2.1756696701049805
283,95,5.0,4.429935455322266
907,277,5.0,4.374763488769531
567,1012,3.0,3.4093270301818848
406,393,4.0,3.080188035964966
668,355,2.0,2.9341673851013184
837,284,1.0,3.1836559772491455
457,931,2.0,2.4034955501556396
551,144,5.0,4.304783821105957
526,750,4.0,3.713174819946289
181,334,1.0,1.333147406578064
449,212,5.0,3.832742929458618
186,303,3.0,3.5280115604400635
87,323,3.0,3.0827157497406006
164,472,5.0,3.699585437774658
268,233,3.0,2.572664499282837
601,154,5.0,3.6319446563720703
60,842,4.0,3.447319507598877
738,470,4.0,3.6939916610717773
352,96,4.0,3.9416096210479736
148,8,4.0,4.129534721374512
273,304,3.0,3.656527519226074
18,64,5.0,4.381051063537598
879,304,4.0,3.5845580101013184
468,89,4.0,4.514865875244141
22,546,3.0,2.9441325664520264
276,108,3.0,3.515714645385742
401,97,4.0,3.4240880012512207
378,1063,4.0,3.8114678859710693
117,307,5.0,4.1215691566467285
110,326,4.0,3.301586389541626
297,301,4.0,3.1581947803497314
234,176,3.0,3.0691967010498047
650,630,5.0,2.995487928390503
227,137,5.0,4.160004615783691
763,464,3.0,3.986529588699341
214,482,4.0,3.86997652053833
552,284,3.0,3.087242841720581
293,135,5.0,4.041575908660889
808,300,4.0,4.495261192321777
294,405,4.0,3.503474473953247
504,678,4.0,3.15433931350708
201,685,3.0,2.3924591541290283
83,118,3.0,4.0073041915893555
655,1082,3.0,2.281083583831787
125,914,1.0,2.392589569091797
262,955,2.0,3.3256897926330566
653,187,4.0,2.9649658203125
870,641,4.0,4.163226127624512
833,443,3.0,3.644484281539917
308,665,4.0,3.062047243118286
276,159,3.0,3.2847282886505127
864,531,5.0,4.2530927658081055
603,748,5.0,3.3590824604034424
756,230,3.0,3.205019474029541
7,677,3.0,0.6133288741111755
292,659,5.0,4.570089340209961
906,276,5.0,3.9695377349853516
13,448,1.0,2.8041300773620605
230,951,5.0,2.6905927658081055
747,94,4.0,2.770617723464966
363,100,5.0,3.955364227294922
311,79,4.0,4.452540397644043
690,218,5.0,3.3102822303771973
621,1228,3.0,2.811673879623413
288,900,5.0,4.039982795715332
747,508,5.0,3.7075653076171875
429,63,2.0,2.5269834995269775
241,887,4.0,3.3866262435913086
410,316,4.0,3.583388566970825
159,72,3.0,3.332198143005371
332,472,3.0,3.8230020999908447
761,245,5.0,3.0540716648101807
458,527,2.0,4.027987480163574
841,322,4.0,3.6252763271331787
892,1454,3.0,3.52011775970459
405,1570,1.0,0.4821128845214844
262,755,3.0,2.7758452892303467
653,967,2.0,2.25732684135437
575,181,2.0,3.1701858043670654
380,750,4.0,3.5715267658233643
101,756,3.0,2.732389211654663
465,286,4.0,3.4036672115325928
603,747,3.0,3.6724119186401367
840,216,4.0,4.181825637817383
160,32,5.0,4.16322135925293
301,514,3.0,3.362539291381836
551,780,5.0,3.418997287750244
847,98,4.0,3.640652656555176
870,949,3.0,3.273717164993286
294,334,4.0,3.5111825466156006
805,476,1.0,2.631117582321167
655,210,3.0,2.6928443908691406
551,226,5.0,3.6784441471099854
466,27,3.0,2.9343228340148926
130,125,5.0,4.4070024490356445
738,603,5.0,4.287271499633789
752,332,4.0,3.1664083003997803
60,82,3.0,3.8443284034729004
336,367,3.0,3.440389394760132
735,813,4.0,3.4426612854003906
280,975,4.0,3.359184741973877
738,230,4.0,3.6962320804595947
85,250,3.0,2.9892139434814453
337,471,5.0,3.8673341274261475
555,762,4.0,3.951155424118042
570,327,4.0,2.722076416015625
685,269,3.0,2.410184144973755
447,290,4.0,3.323560953140259
23,219,1.0,3.1180760860443115
334,93,4.0,3.742180585861206
155,331,3.0,2.8674466609954834
493,357,5.0,4.126123428344727
820,315,3.0,3.633317708969116
698,478,4.0,3.0333199501037598
618,507,4.0,3.060203790664673
435,185,4.0,3.830389976501465
821,435,4.0,4.847604751586914
634,933,3.0,2.342526912689209
49,657,5.0,3.779104471206665
476,173,5.0,4.298842430114746
86,328,2.0,3.429755687713623
429,587,3.0,3.454540729522705
452,153,4.0,3.613299608230591
712,501,3.0,3.289184093475342
290,323,3.0,2.7385737895965576
378,1181,2.0,2.5620062351226807
693,176,2.0,3.5167763233184814
17,151,4.0,3.183278799057007
354,953,3.0,3.384995937347412
10,340,4.0,3.7418525218963623
181,13,2.0,1.187776803970337
177,7,4.0,3.8874118328094482
293,11,3.0,3.0082151889801025
5,385,4.0,3.0592923164367676
712,1040,4.0,2.944891929626465
326,554,3.0,2.4165236949920654
474,1063,5.0,4.0864667892456055
14,302,5.0,4.451855659484863
198,200,4.0,3.4949722290039062
787,906,1.0,2.9460248947143555
49,625,3.0,2.437190532684326
766,209,3.0,3.752129077911377
642,622,4.0,3.3740038871765137
152,354,3.0,4.386965751647949
880,70,4.0,4.05899715423584
487,689,1.0,3.3101284503936768
787,258,5.0,3.570970296859741
144,58,3.0,3.7229952812194824
530,319,3.0,3.3678009510040283
696,285,4.0,4.957437515258789
523,533,4.0,4.050151348114014
301,203,4.0,3.7065765857696533
890,167,2.0,3.1821346282958984
808,262,5.0,3.8812458515167236
943,226,4.0,3.624920606613159
44,274,4.0,3.3834168910980225
193,690,4.0,2.7146718502044678
516,474,5.0,4.314115524291992
332,928,5.0,3.927028179168701
286,747,4.0,3.814635753631592
249,69,5.0,3.7004618644714355
13,430,5.0,3.7766966819763184
654,3,3.0,3.05869722366333
293,65,3.0,3.4282171726226807
892,88,4.0,3.791504383087158
486,280,2.0,2.660216808319092
890,496,5.0,4.08082389831543
109,322,2.0,3.537095546722412
780,705,5.0,3.780334949493408
846,768,4.0,3.108492612838745
145,894,1.0,2.072760581970215
437,393,3.0,3.0045583248138428
267,550,4.0,3.7890121936798096
880,310,3.0,3.869199514389038
405,1487,1.0,0.7514230012893677
280,409,3.0,3.1522839069366455
641,528,4.0,4.371649742126465
281,288,4.0,3.5873773097991943
207,38,3.0,3.003910541534424
899,69,3.0,3.6599106788635254
123,480,3.0,4.33452033996582
208,88,5.0,3.586544990539551
650,230,4.0,3.053044319152832
910,50,5.0,3.731981039047241
162,174,4.0,4.283364772796631
323,886,3.0,3.041975975036621
298,474,4.0,4.113336563110352
882,79,5.0,4.7575883865356445
128,54,2.0,3.2420074939727783
1,264,2.0,2.542030096054077
840,707,5.0,4.449254035949707
566,202,4.0,3.4505958557128906
500,210,3.0,3.343299627304077
125,163,5.0,3.5785861015319824
653,719,3.0,1.9764066934585571
141,591,4.0,3.585035800933838
406,39,4.0,3.118882417678833
862,484,4.0,4.487536430358887
96,173,3.0,4.394949913024902
361,435,5.0,4.096385955810547
330,121,4.0,5.126830101013184
303,318,5.0,4.758270263671875
8,336,3.0,2.874630928039551
334,130,4.0,2.510345697402954
627,576,3.0,2.8312249183654785
24,69,5.0,4.066349029541016
120,9,4.0,3.369507312774658
887,932,2.0,3.4147419929504395
334,38,2.0,2.278143882751465
908,631,4.0,3.245055913925171
846,202,5.0,3.9147915840148926
501,922,4.0,4.321238994598389
115,922,3.0,4.454212188720703
94,51,3.0,3.7978827953338623
7,607,3.0,4.359928607940674
548,275,3.0,3.76274037361145
429,651,4.0,3.7811625003814697
303,53,3.0,3.2323501110076904
746,168,3.0,3.8057963848114014
62,1134,2.0,3.188960552215576
26,864,2.0,2.8018124103546143
498,657,3.0,3.6406655311584473
83,932,4.0,3.177793264389038
255,665,3.0,2.4806151390075684
864,665,3.0,3.4379842281341553
87,519,4.0,4.117986679077148
249,302,4.0,4.993617057800293
486,255,3.0,2.859786033630371
586,735,3.0,3.4130239486694336
922,69,3.0,3.8564393520355225
478,604,3.0,3.9791982173919678
216,368,2.0,1.6815630197525024
288,211,5.0,3.9547626972198486
782,1615,3.0,2.289057731628418
329,258,3.0,3.5656449794769287
94,381,4.0,4.217318534851074
627,176,5.0,3.756087064743042
535,1039,4.0,4.27266263961792
342,26,2.0,3.3675172328948975
91,735,4.0,3.9798967838287354
727,358,2.0,2.822293996810913
316,1039,5.0,3.38016414642334
862,173,5.0,4.889100074768066
445,504,3.0,2.7747366428375244
277,24,4.0,3.1951894760131836
197,288,3.0,3.1724398136138916
757,323,3.0,2.928071975708008
450,488,4.0,4.419537544250488
796,357,4.0,3.864320755004883
303,746,4.0,3.8207132816314697
450,35,2.0,2.6414668560028076
436,435,4.0,4.1420159339904785
727,109,2.0,3.4053266048431396
332,257,4.0,4.733647346496582
551,470,5.0,4.01823616027832
200,1073,3.0,4.262704849243164
97,526,3.0,4.197040557861328
231,252,4.0,3.132551908493042
479,629,3.0,3.4077229499816895
205,875,2.0,2.0244975090026855
405,579,1.0,2.411130905151367
788,284,3.0,3.1707046031951904
245,717,4.0,3.030454397201538
85,222,2.0,2.922086238861084
609,294,2.0,2.5047805309295654
694,188,5.0,3.7455148696899414
1,227,4.0,3.014512777328491
144,105,2.0,2.3423447608947754
144,32,4.0,3.5387563705444336
901,1047,3.0,3.1862077713012695
13,514,5.0,3.601468086242676
883,30,4.0,4.160750389099121
847,66,3.0,2.9307167530059814
613,303,4.0,4.328503131866455
271,471,3.0,3.2457847595214844
543,936,4.0,3.576934337615967
938,225,4.0,3.1307120323181152
394,77,3.0,3.7068185806274414
823,164,3.0,3.8485188484191895
671,250,5.0,3.5014052391052246
757,751,3.0,3.506229877471924
426,504,4.0,3.8257100582122803
210,134,5.0,4.858691215515137
700,48,4.0,3.644109010696411
472,313,5.0,5.9867401123046875
758,887,5.0,4.201101303100586
716,418,4.0,3.857980251312256
64,568,4.0,3.475905179977417
919,253,3.0,3.354896306991577
327,250,2.0,2.934954881668091
201,61,2.0,3.3957786560058594
861,301,4.0,3.3898797035217285
922,250,2.0,3.3069653511047363
286,792,3.0,3.774707078933716
574,333,3.0,3.4700422286987305
18,59,4.0,4.192068099975586
682,201,4.0,3.1414899826049805
668,311,4.0,3.6980390548706055
630,409,3.0,3.3281545639038086
374,1277,3.0,3.4837489128112793
932,527,4.0,4.314896583557129
588,638,4.0,3.7084803581237793
766,577,3.0,1.9162898063659668
805,322,2.0,2.4197757244110107
798,196,3.0,3.8332371711730957
121,631,4.0,3.9362802505493164
130,949,3.0,3.9605205059051514
177,260,2.0,2.509099245071411
130,1013,4.0,2.5803751945495605
541,1315,1.0,3.360084295272827
145,123,4.0,3.3087687492370605
420,14,5.0,4.1872172355651855
624,298,4.0,3.8321425914764404
798,734,3.0,2.6588172912597656
640,12,5.0,5.277022361755371
95,186,5.0,3.879045248031616
750,881,2.0,2.769972801208496
532,506,5.0,4.5441484451293945
214,509,4.0,3.8568472862243652
727,235,3.0,2.7651479244232178
184,582,4.0,3.712090253829956
417,260,3.0,2.4835381507873535
308,402,4.0,3.142686605453491
545,1228,3.0,2.7744905948638916
193,1406,4.0,3.5094006061553955
749,434,4.0,3.968295097351074
630,295,4.0,3.501906156539917
676,845,5.0,3.684079647064209
474,650,4.0,3.7227563858032227
552,258,4.0,3.747277021408081
453,476,3.0,2.9079301357269287
897,609,5.0,3.631727695465088
226,182,1.0,3.843993902206421
18,402,3.0,3.203173875808716
306,1251,5.0,3.8345344066619873
499,525,4.0,3.8375015258789062
272,474,5.0,4.669863700866699
555,118,4.0,3.462657928466797
750,323,3.0,3.1311044692993164
145,343,5.0,3.222567558288574
360,170,5.0,4.489194869995117
528,505,4.0,3.7708966732025146
580,123,4.0,3.289574384689331
334,47,4.0,3.607084035873413
348,1028,4.0,3.9927031993865967
896,258,5.0,2.975480794906616
200,172,5.0,5.290371894836426
151,660,4.0,4.313631057739258
246,721,4.0,3.025006055831909
582,181,4.0,3.740675210952759
279,167,3.0,3.0576846599578857
421,89,5.0,3.8487708568573
815,99,4.0,4.061578750610352
582,50,5.0,4.458520889282227
551,415,4.0,2.8377773761749268
231,15,4.0,3.947981119155884
345,285,5.0,4.596794128417969
867,180,5.0,4.666214942932129
677,742,4.0,4.319746017456055
94,176,4.0,4.048644065856934
879,117,4.0,3.867831230163574
62,83,5.0,3.67592716217041
218,164,3.0,3.221604108810425
95,15,4.0,3.5847220420837402
896,658,4.0,3.1194560527801514
429,729,2.0,3.2533020973205566
174,98,5.0,4.910262107849121
294,257,3.0,3.9902584552764893
61,304,4.0,3.0768332481384277
264,202,5.0,4.172990322113037
119,995,4.0,3.6342275142669678
538,210,3.0,3.6873650550842285
11,58,3.0,3.513713836669922
234,433,2.0,2.9812400341033936
332,31,4.0,4.534806251525879
109,223,4.0,3.6387627124786377
338,462,4.0,3.823263168334961
489,359,5.0,3.798140525817871
399,769,3.0,2.3479628562927246
426,661,4.0,4.175160884857178
16,100,5.0,4.374349594116211
406,22,3.0,3.969226121902466
305,792,4.0,3.5761687755584717
752,751,4.0,3.1938037872314453
425,398,1.0,1.9122008085250854
505,172,3.0,3.887691020965576
85,596,3.0,2.9429638385772705
815,176,4.0,3.7950856685638428
933,157,4.0,3.100266695022583
393,1215,3.0,2.242802619934082
568,423,4.0,3.3423874378204346
102,288,2.0,2.7019031047821045
854,235,2.0,2.5920424461364746
934,961,4.0,3.3876068592071533
216,1101,4.0,4.067391395568848
7,609,3.0,4.108766555786133
775,333,4.0,3.6601617336273193
542,401,3.0,2.757559299468994
493,191,4.0,4.083098888397217
546,569,4.0,3.5339276790618896
920,333,4.0,3.223716974258423
344,97,3.0,3.703342914581299
222,28,5.0,3.6062986850738525
766,193,3.0,3.635603427886963
406,32,5.0,3.5562868118286133
16,479,5.0,4.861371040344238
177,223,4.0,4.2442216873168945
118,132,4.0,4.831049919128418
537,1070,3.0,3.4388601779937744
406,240,4.0,2.6177453994750977
629,15,5.0,3.893298387527466
262,185,3.0,4.012287139892578
262,762,2.0,3.16316294670105
327,180,4.0,4.071963310241699
798,1544,3.0,0.7040620446205139
542,87,3.0,3.78830885887146
7,600,4.0,1.9872201681137085
798,29,4.0,3.519376277923584
323,289,2.0,3.085115671157837
283,70,4.0,4.268070220947266
110,63,3.0,3.183300256729126
930,8,3.0,3.201869010925293
246,919,4.0,3.6225883960723877
938,1016,3.0,3.6190035343170166
472,831,5.0,2.825606346130371
517,748,4.0,2.9416818618774414
127,450,5.0,2.7784571647644043
160,969,1.0,3.895705461502075
343,1211,4.0,3.945861577987671
757,69,3.0,3.7386696338653564
328,31,4.0,3.6395022869110107
326,226,5.0,2.9308383464813232
527,86,4.0,3.8877718448638916
427,938,5.0,3.7717604637145996
208,435,5.0,4.073065757751465
727,159,2.0,3.295344114303589
916,708,4.0,3.883448362350464
60,50,5.0,4.890249252319336
694,197,5.0,4.071333885192871
382,546,2.0,2.2382020950317383
600,566,3.0,3.8108997344970703
83,38,5.0,3.7163119316101074
639,285,1.0,3.653635025024414
897,478,3.0,4.2339324951171875
773,386,3.0,2.88519024848938
296,521,4.0,4.468066215515137
503,237,4.0,3.6531691551208496
170,294,3.0,4.045487403869629
181,288,4.0,2.1767024993896484
454,81,1.0,2.4228062629699707
545,550,3.0,3.8074276447296143
535,156,2.0,3.8795337677001953
13,485,1.0,4.124044418334961
654,282,3.0,3.8257129192352295
29,326,2.0,3.288912057876587
579,748,3.0,2.91899037361145
405,401,1.0,1.7059946060180664
184,250,4.0,3.13576340675354
223,225,3.0,3.0216939449310303
26,456,1.0,1.8267167806625366
523,163,5.0,4.182741165161133
267,545,2.0,2.0276412963867188
682,24,4.0,3.2551658153533936
811,258,5.0,4.485499382019043
524,117,3.0,3.2789363861083984
454,199,3.0,3.086336135864258
727,71,3.0,3.7190821170806885
62,118,2.0,2.0999536514282227
699,225,3.0,2.665846109390259
59,199,4.0,4.71799373626709
117,288,3.0,4.175914287567139
417,156,3.0,3.758098602294922
846,134,4.0,4.585771560668945
385,340,4.0,3.6659696102142334
144,815,1.0,3.2619576454162598
313,683,3.0,2.4765188694000244
342,95,4.0,3.1000378131866455
405,435,1.0,2.6157243251800537
291,756,3.0,2.892263174057007
637,833,1.0,2.3234100341796875
484,597,3.0,3.671926259994507
63,328,2.0,2.8448615074157715
254,176,3.0,3.389918804168701
840,50,4.0,4.78659725189209
389,501,5.0,4.093587875366211
661,204,5.0,4.169250011444092
504,5,4.0,3.6578738689422607
363,429,5.0,3.358088493347168
85,71,4.0,3.4336307048797607
338,792,4.0,3.835665225982666
628,984,5.0,3.7817108631134033
774,68,3.0,1.8073017597198486
699,308,4.0,3.2211756706237793
246,1222,3.0,2.710724353790283
276,1031,2.0,2.618722677230835
116,603,3.0,3.9114267826080322
401,519,4.0,3.3736910820007324
715,179,4.0,3.6051642894744873
676,546,3.0,3.1648261547088623
424,989,2.0,2.6526005268096924
276,854,4.0,3.856510639190674
637,257,2.0,2.8364765644073486
59,727,2.0,3.8597123622894287
279,1498,4.0,0.7631683349609375
435,424,1.0,1.4743642807006836
492,153,4.0,3.2160117626190186
280,750,5.0,4.183070182800293
254,50,5.0,4.005228042602539
847,645,3.0,3.228861093521118
222,56,5.0,3.5950098037719727
493,317,3.0,3.89058518409729
690,284,4.0,2.973917245864868
885,588,4.0,3.5576558113098145
189,268,4.0,3.971465826034546
23,479,5.0,4.258020401000977
67,472,4.0,3.4104816913604736
22,878,1.0,2.461928129196167
484,150,4.0,3.589484453201294
334,58,4.0,3.475484848022461
918,1195,4.0,3.3160502910614014
145,635,4.0,2.7923340797424316
215,380,3.0,3.48199462890625
570,358,2.0,2.221367359161377
56,1057,3.0,2.1453661918640137
933,25,2.0,2.668619394302368
272,514,5.0,4.2927985191345215
606,151,5.0,3.8974313735961914
276,1044,3.0,3.386230945587158
566,64,5.0,4.20399808883667
501,741,5.0,4.010313034057617
453,385,3.0,3.4926693439483643
830,925,4.0,2.9293735027313232
217,27,1.0,2.8537747859954834
299,144,4.0,3.4769585132598877
308,1286,3.0,3.382124662399292
448,338,1.0,2.1894123554229736
541,596,4.0,3.4351420402526855
192,515,4.0,4.309878826141357
583,519,5.0,4.465571403503418
290,139,2.0,2.770963191986084
256,778,4.0,3.941117286682129
178,124,4.0,3.435577154159546
316,22,4.0,2.8409481048583984
833,428,2.0,4.033617973327637
660,159,1.0,2.4630143642425537
938,328,2.0,3.655611515045166
919,332,4.0,3.5481038093566895
682,710,3.0,3.443347215652466
670,945,4.0,3.8484838008880615
335,323,4.0,3.2644596099853516
94,738,2.0,3.119939088821411
211,205,5.0,3.3119964599609375
186,177,4.0,3.681415557861328
206,1394,1.0,1.8909598588943481
193,276,4.0,3.0448102951049805
805,742,3.0,2.7887372970581055
96,445,4.0,3.956554651260376
158,583,3.0,3.435171127319336
863,350,1.0,3.5856380462646484
524,107,3.0,3.7535758018493652
741,1090,1.0,2.198942184448242
425,562,1.0,2.8011341094970703
354,480,4.0,4.233570098876953
389,77,2.0,2.99480938911438
314,743,1.0,2.197988986968994
280,286,4.0,3.917402982711792
770,50,3.0,5.640883445739746
379,522,5.0,4.315810203552246
858,754,4.0,3.303363800048828
799,1545,4.0,2.3411619663238525
378,69,3.0,3.9098422527313232
932,447,3.0,3.9472241401672363
128,387,2.0,3.327115774154663
450,1091,4.0,3.094165086746216
505,77,3.0,3.3321945667266846
727,465,2.0,3.280830144882202
83,828,3.0,3.0504062175750732
922,1035,3.0,3.061723470687866
301,756,4.0,3.1368606090545654
293,433,3.0,3.2511353492736816
59,764,4.0,3.08455228805542
360,933,3.0,2.814148187637329
358,114,5.0,3.7959046363830566
125,926,3.0,3.520052671432495
45,21,3.0,2.9970204830169678
276,248,4.0,4.092403888702393
880,732,4.0,3.8406941890716553
181,285,2.0,1.2459994554519653
744,603,5.0,3.988452672958374
695,682,1.0,2.5782182216644287
286,14,4.0,4.067178249359131
815,1299,3.0,3.3128304481506348
863,319,2.0,3.378103017807007
901,174,5.0,4.940337181091309
779,447,4.0,3.203151226043701
267,1035,4.0,3.2215349674224854
49,299,2.0,2.120511054992676
889,540,2.0,2.4754199981689453
564,313,4.0,4.255804061889648
204,304,3.0,3.1803395748138428
682,85,3.0,2.950993299484253
927,568,5.0,4.050396919250488
621,222,4.0,4.048578262329102
295,158,4.0,2.89463210105896
322,513,4.0,4.733429908752441
312,659,5.0,4.7944183349609375
85,357,4.0,4.203989028930664
126,678,3.0,2.736104965209961
856,678,3.0,2.647829055786133
934,432,5.0,3.6786954402923584
521,290,3.0,2.747065782546997
163,56,4.0,3.403714179992676
92,737,4.0,3.0094680786132812
303,845,4.0,3.498100519180298
804,328,4.0,4.053312301635742
130,158,5.0,3.106180191040039
77,121,2.0,2.6285645961761475
338,490,5.0,3.912092924118042
669,114,5.0,3.7408299446105957
234,404,4.0,3.5414419174194336
880,546,3.0,3.0773699283599854
642,53,2.0,2.8934943675994873
805,433,4.0,3.9848859310150146
578,300,4.0,3.4881575107574463
130,183,5.0,4.700179100036621
521,967,3.0,2.6956446170806885
186,754,2.0,3.3663411140441895
38,423,5.0,4.450981140136719
788,289,4.0,3.107137441635132
251,144,5.0,4.1065287590026855
18,775,3.0,2.54752779006958
308,486,4.0,3.768153429031372
751,734,1.0,2.661269426345825
402,124,4.0,4.486196517944336
179,750,1.0,3.529419422149658
492,242,5.0,3.7908167839050293
397,56,5.0,4.429543495178223
807,358,3.0,3.3302295207977295
551,471,5.0,4.0155839920043945
322,194,5.0,4.1944193840026855
425,12,5.0,3.7593915462493896
250,475,4.0,4.314857482910156
271,134,3.0,4.470271110534668
58,69,1.0,3.4695687294006348
156,11,2.0,3.0988070964813232
268,82,3.0,2.940955400466919
3,320,5.0,2.8322689533233643
405,1591,1.0,2.010558605194092
95,450,2.0,2.588536500930786
872,332,3.0,3.924435615539551
561,772,4.0,3.0753378868103027
151,322,2.0,2.856085777282715
137,243,4.0,3.297499418258667
184,262,5.0,3.894188642501831
497,225,3.0,2.910238265991211
121,298,2.0,3.2870829105377197
7,52,4.0,4.048005104064941
472,117,3.0,5.399355888366699
229,328,1.0,2.7399163246154785
791,300,5.0,4.112183570861816
932,198,4.0,4.040060043334961
65,365,3.0,3.707306146621704
864,951,3.0,2.5203495025634766
877,59,5.0,4.105328559875488
374,229,5.0,3.428029775619507
299,785,2.0,2.92680025100708
931,100,4.0,4.183672904968262
655,205,3.0,3.2419421672821045
416,218,3.0,4.1174635887146
325,114,5.0,3.884204626083374
495,441,3.0,3.4333279132843018
327,10,4.0,3.7120649814605713
268,50,5.0,4.083920478820801
235,647,4.0,4.493967056274414
416,765,4.0,3.2382419109344482
642,441,1.0,3.17982816696167
169,331,5.0,3.773434638977051
795,1555,3.0,2.594623565673828
805,420,4.0,3.6499526500701904
758,536,2.0,4.060319900512695
256,203,4.0,4.263666152954102
248,210,3.0,3.4976017475128174
330,102,4.0,4.478959083557129
625,546,2.0,2.6102914810180664
536,427,5.0,4.242696762084961
735,275,4.0,3.5393898487091064
43,501,4.0,3.5897774696350098
665,194,3.0,3.837181568145752
738,210,5.0,4.0885210037231445
894,137,5.0,4.076094627380371
601,91,5.0,3.4011178016662598
181,302,2.0,1.7693781852722168
453,356,2.0,2.7415719032287598
250,64,5.0,4.967459678649902
588,159,1.0,3.7983245849609375
65,1142,4.0,4.019208908081055
413,628,4.0,3.471348524093628
633,1132,2.0,2.3337879180908203
640,14,4.0,4.495382308959961
62,1074,4.0,2.3661861419677734
405,175,1.0,1.5364124774932861
880,230,3.0,3.6113719940185547
404,1238,3.0,3.1535630226135254
718,756,5.0,3.2181808948516846
796,685,4.0,3.6201493740081787
293,230,2.0,2.4877493381500244
488,9,4.0,2.6700308322906494
70,181,4.0,3.852379560470581
234,558,4.0,3.427896499633789
829,198,4.0,3.9639980792999268
765,151,4.0,4.093876838684082
514,172,4.0,4.502215385437012
343,324,5.0,3.6605095863342285
733,13,3.0,3.3580141067504883
352,228,3.0,3.7255442142486572
60,616,3.0,4.084057807922363
621,301,4.0,3.549989938735962
839,742,3.0,3.120091438293457
21,320,3.0,3.689910888671875
344,45,5.0,4.094919204711914
588,313,5.0,4.836487770080566
766,434,5.0,3.560136556625366
481,210,4.0,4.161478042602539
537,83,4.0,2.8625316619873047
715,24,3.0,3.3512895107269287
435,45,5.0,3.7830135822296143
922,80,3.0,2.7435150146484375
734,162,3.0,3.4289333820343018
81,1,4.0,3.649874448776245
7,151,4.0,3.969444751739502
499,588,4.0,3.601652145385742
634,276,5.0,3.439572811126709
733,1085,4.0,3.0058319568634033
33,288,4.0,3.8673717975616455
148,228,4.0,3.7280101776123047
271,12,4.0,4.408147811889648
214,960,2.0,3.586564302444458
800,257,4.0,3.855930805206299
858,292,3.0,3.8182358741760254
456,479,5.0,4.133197784423828
416,1014,3.0,3.5438547134399414
588,71,4.0,4.2638959884643555
347,1059,3.0,2.5144412517547607
246,158,1.0,2.1062939167022705
693,1248,3.0,2.742577075958252
655,273,4.0,2.749389886856079
881,112,2.0,2.2959508895874023
222,1439,3.0,2.7655138969421387
592,132,5.0,4.6273345947265625
798,720,5.0,3.620474100112915
290,162,3.0,2.9585654735565186
588,660,4.0,3.9388275146484375
406,612,5.0,3.894550085067749
153,322,3.0,2.475144147872925
456,91,2.0,3.742626667022705
379,56,5.0,4.629673004150391
798,584,3.0,2.8681843280792236
124,157,2.0,3.342860460281372
189,639,4.0,4.0688934326171875
850,969,5.0,4.175195693969727
94,273,4.0,3.431760311126709
635,1025,2.0,2.5894429683685303
521,117,4.0,3.1242003440856934
613,1,4.0,4.269960403442383
130,993,5.0,4.262022495269775
551,315,5.0,4.517228126525879
710,504,4.0,4.088493347167969
727,17,1.0,3.0867114067077637
474,136,4.0,4.629951477050781
479,604,3.0,4.109781265258789
711,476,4.0,2.7571890354156494
870,469,4.0,3.6056466102600098
707,770,3.0,3.2412502765655518
331,269,5.0,4.124935150146484
498,109,3.0,2.6490519046783447
254,504,3.0,2.757033586502075
122,660,3.0,3.959310531616211
279,1017,3.0,2.9652926921844482
354,186,4.0,3.436624765396118
381,1018,4.0,3.64379620552063
209,269,2.0,3.6096675395965576
518,934,3.0,3.2016494274139404
832,328,3.0,3.30637788772583
711,958,5.0,5.008678436279297
393,922,4.0,2.8915135860443115
804,655,4.0,3.9753808975219727
606,202,4.0,3.9692740440368652
377,288,5.0,3.588683605194092
896,1622,2.0,2.0181937217712402
644,597,4.0,3.9915053844451904
773,14,5.0,4.195156097412109
109,178,3.0,3.45297908782959
181,109,1.0,1.5844773054122925
406,942,4.0,3.4355196952819824
504,127,5.0,4.242974281311035
299,742,4.0,2.757814407348633
522,128,4.0,3.721306324005127
234,20,4.0,3.1834967136383057
256,657,5.0,4.685218811035156
405,449,1.0,2.2206039428710938
781,327,4.0,2.943438768386841
269,639,4.0,3.7140796184539795
393,725,2.0,2.771771192550659
308,705,5.0,3.7208471298217773
385,37,4.0,2.2357256412506104
378,276,4.0,3.7063541412353516
10,245,4.0,3.0142133235931396
787,938,3.0,2.49212646484375
128,715,4.0,3.2009265422821045
903,120,2.0,1.9128458499908447
537,528,3.0,3.521589994430542
870,1210,1.0,2.409130334854126
109,762,3.0,3.572568655014038
367,876,3.0,3.371224880218506
222,849,4.0,2.630017042160034
60,138,2.0,2.1805191040039062
280,1063,3.0,3.6590092182159424
62,204,3.0,3.3180437088012695
394,416,5.0,3.7254116535186768
454,527,4.0,3.0452334880828857
177,87,4.0,3.8067638874053955
151,478,5.0,4.583823204040527
510,259,2.0,2.9341864585876465
159,456,3.0,2.561061143875122
313,485,3.0,4.010765075683594
318,210,4.0,4.444435119628906
659,610,3.0,3.7261641025543213
843,432,2.0,2.450361967086792
913,419,5.0,3.5417323112487793
286,83,5.0,4.432076454162598
934,190,4.0,4.20644474029541
16,237,5.0,4.220671653747559
452,211,2.0,3.7637367248535156
239,171,5.0,4.469764709472656
492,83,4.0,3.5038042068481445
815,435,4.0,4.087944984436035
940,285,4.0,3.5867421627044678
627,660,4.0,3.5169668197631836
254,679,2.0,2.470775842666626
437,566,3.0,3.158973217010498
478,143,5.0,3.3613409996032715
225,245,2.0,3.2277345657348633
727,121,4.0,3.6968741416931152
532,834,4.0,2.6670901775360107
299,100,3.0,4.243899345397949
886,512,1.0,3.71089768409729
384,328,4.0,4.129045486450195
286,20,4.0,3.6769371032714844
246,201,5.0,3.3865129947662354
712,1037,4.0,2.1592278480529785
23,90,2.0,3.2049827575683594
313,142,3.0,3.0811777114868164
505,66,4.0,3.2947537899017334
792,840,2.0,2.7787585258483887
923,257,5.0,4.620548248291016
691,304,3.0,4.105141639709473
416,281,5.0,3.76364803314209
253,510,5.0,4.3225908279418945
682,719,2.0,2.4215285778045654
70,538,2.0,3.186497449874878
712,177,2.0,3.628885269165039
347,203,5.0,3.7010233402252197
489,325,5.0,3.11578631401062
558,269,4.0,4.633543014526367
74,237,4.0,3.9440126419067383
509,260,2.0,2.076374053955078
817,147,3.0,3.5161125659942627
15,476,4.0,2.518393039703369
843,210,3.0,3.0643444061279297
248,806,3.0,3.3131978511810303
846,490,4.0,4.185858726501465
502,333,4.0,3.781912326812744
586,273,5.0,3.643442153930664
888,535,4.0,3.6947317123413086
758,746,4.0,4.045310020446777
114,210,3.0,3.3689863681793213
201,774,1.0,2.383470296859741
244,738,4.0,3.114755630493164
677,243,3.0,3.236426830291748
500,402,3.0,2.6738877296447754
347,806,3.0,3.4859859943389893
749,472,4.0,3.1985626220703125
932,1121,5.0,3.9253058433532715
174,721,2.0,3.7289414405822754
659,345,4.0,3.234678030014038
889,1073,5.0,3.6348986625671387
18,195,3.0,3.7104780673980713
587,902,2.0,3.453951597213745
648,200,2.0,3.3402607440948486
301,265,4.0,4.226134300231934
338,212,4.0,3.578756809234619
654,114,5.0,4.052955627441406
174,155,4.0,3.4441492557525635
606,38,4.0,3.4450206756591797
454,451,4.0,2.9161884784698486
561,163,3.0,2.9688901901245117
402,151,5.0,4.0232415199279785
311,22,4.0,4.756113052368164
650,1135,2.0,2.5797836780548096
875,514,5.0,4.295763969421387
1,202,5.0,3.809143543243408
823,89,5.0,4.741916656494141
13,797,5.0,2.772812604904175
805,678,4.0,1.8818758726119995
246,652,5.0,3.84332275390625
466,385,4.0,3.4651784896850586
283,845,4.0,4.122025489807129
823,96,4.0,4.138659477233887
151,522,5.0,4.160544395446777
184,368,1.0,1.5333105325698853
326,174,4.0,4.138009071350098
83,468,4.0,3.7666866779327393
854,156,3.0,3.5275449752807617
545,648,3.0,3.6222050189971924
545,234,3.0,3.678929328918457
671,810,2.0,3.1338040828704834
757,328,3.0,3.4690356254577637
209,351,2.0,2.683204174041748
815,154,5.0,3.5120928287506104
368,50,4.0,4.007259368896484
417,163,4.0,3.4840855598449707
716,614,4.0,3.8215246200561523
188,554,2.0,3.0333364009857178
1,59,5.0,4.4895219802856445
73,28,3.0,3.083946704864502
283,294,4.0,3.2669637203216553
643,200,3.0,3.9591760635375977
92,421,4.0,3.7624363899230957
666,195,3.0,3.626044511795044
301,7,4.0,3.654179811477661
195,99,3.0,3.8060882091522217
339,737,3.0,3.4672977924346924
923,181,5.0,4.852236747741699
305,289,4.0,2.843538761138916
62,365,2.0,2.8323731422424316
655,698,4.0,2.36769962310791
355,306,4.0,4.836523056030273
496,825,3.0,2.548255681991577
280,364,3.0,2.950488805770874
1,17,3.0,3.177726984024048
561,515,3.0,3.7709617614746094
249,195,4.0,4.298715591430664
64,436,5.0,3.3840768337249756
314,628,5.0,4.013745307922363
543,576,4.0,2.784785270690918
498,558,4.0,3.474677801132202
349,288,3.0,3.1940512657165527
339,182,5.0,4.640622138977051
102,405,2.0,2.611948251724243
267,393,3.0,3.3238539695739746
325,105,3.0,1.3938524723052979
943,569,2.0,3.135622262954712
222,58,3.0,3.2251131534576416
773,23,5.0,4.40662956237793
880,976,2.0,2.2116081714630127
763,819,2.0,2.276082754135132
274,815,3.0,3.506394386291504
707,297,3.0,4.047804832458496
753,653,4.0,3.4080610275268555
128,190,4.0,4.3603715896606445
848,485,5.0,4.224658012390137
840,257,3.0,3.8083078861236572
632,227,3.0,3.2243783473968506
200,89,5.0,4.501582145690918
432,546,3.0,3.446605682373047
416,652,4.0,3.984377384185791
184,1148,3.0,3.6085479259490967
35,876,2.0,2.5202889442443848
702,895,1.0,2.1053786277770996
334,675,4.0,3.7008626461029053
85,221,2.0,3.777247905731201
92,82,2.0,3.394926071166992
699,475,4.0,3.9104204177856445
254,94,3.0,3.3266854286193848
894,847,4.0,3.906782627105713
301,132,4.0,3.718158721923828
731,140,2.0,2.6719532012939453
450,336,3.0,2.950779914855957
245,597,4.0,3.2000463008880615
698,481,3.0,2.7843031883239746
58,475,5.0,4.459754943847656
87,1182,3.0,2.3649702072143555
308,1028,2.0,2.897456407546997
402,529,4.0,4.252784252166748
308,856,4.0,3.899888277053833
216,1218,3.0,3.71785569190979
721,8,4.0,3.9715867042541504
605,1,4.0,3.923778533935547
427,292,2.0,5.035980224609375
372,448,4.0,4.250550746917725
72,792,3.0,3.584750175476074
620,699,5.0,4.004843235015869
875,654,4.0,4.736791610717773
846,484,5.0,4.323843955993652
357,820,4.0,3.6833813190460205
847,200,3.0,3.068098545074463
150,151,4.0,3.9260525703430176
246,410,1.0,3.048515796661377
295,216,5.0,4.537291526794434
201,268,4.0,3.423356294631958
727,206,3.0,3.003272294998169
892,56,4.0,4.557511329650879
393,815,4.0,3.6879186630249023
308,135,5.0,4.270020008087158
500,1012,4.0,3.4824845790863037
683,607,5.0,3.703301191329956
864,96,5.0,4.461414337158203
864,642,3.0,3.8075456619262695
908,127,4.0,3.664766311645508
428,268,4.0,4.094956398010254
878,462,4.0,3.5174238681793213
389,629,2.0,3.617919445037842
877,371,5.0,3.507673501968384
833,58,2.0,3.079514503479004
717,290,3.0,3.3279268741607666
506,449,2.0,3.1975502967834473
832,326,4.0,3.0826051235198975
916,12,4.0,4.3585100173950195
383,657,5.0,4.702082633972168
70,96,4.0,3.8500235080718994
314,283,4.0,3.982347249984741
189,132,5.0,4.456574440002441
846,849,3.0,2.8425302505493164
782,1226,2.0,2.734862804412842
621,107,4.0,4.184264183044434
454,742,3.0,3.6890573501586914
838,275,5.0,4.225618839263916
323,172,5.0,4.45118522644043
533,371,3.0,2.940786361694336
407,123,3.0,3.069581985473633
373,286,3.0,3.6273272037506104
715,231,3.0,2.7600433826446533
303,1090,1.0,2.097559928894043
316,286,5.0,3.3659865856170654
933,265,4.0,2.8123891353607178
69,151,5.0,4.0755109786987305
432,222,4.0,3.975764036178589
160,302,5.0,4.727664947509766
416,662,4.0,4.096395492553711
279,1007,4.0,3.853543996810913
590,1017,4.0,3.3119966983795166
459,866,5.0,3.395101308822632
697,595,4.0,3.2493441104888916
640,56,5.0,5.002532958984375
650,191,4.0,3.731170177459717
653,4,3.0,2.591580629348755
829,151,4.0,3.6378493309020996
780,186,4.0,4.070529460906982
312,481,5.0,4.646174430847168
354,216,3.0,3.6167988777160645
498,176,2.0,3.0752460956573486
695,903,4.0,3.4342844486236572
934,419,4.0,3.8737592697143555
286,315,5.0,4.592297554016113
48,654,5.0,3.9488136768341064
71,135,4.0,3.984448194503784
277,258,4.0,3.805506944656372
355,271,3.0,4.28973388671875
402,235,3.0,3.202850103378296
7,562,5.0,3.0652167797088623
177,197,4.0,4.0745530128479
880,928,2.0,3.144627571105957
933,433,1.0,3.021242618560791
805,1008,4.0,3.970266580581665
308,671,4.0,3.989647150039673
116,303,3.0,3.4389781951904297
10,488,5.0,4.5282182693481445
882,227,4.0,3.7493865489959717
499,357,5.0,4.210528373718262
59,418,2.0,3.7022550106048584
828,246,2.0,3.2155025005340576
456,210,3.0,3.4027206897735596
311,754,3.0,3.4222912788391113
747,23,5.0,4.805204391479492
94,390,5.0,3.2582640647888184
357,932,4.0,3.5971271991729736
11,549,4.0,3.532996654510498
474,479,5.0,4.769535064697266
655,371,3.0,2.7117562294006348
216,184,4.0,3.6808736324310303
452,88,2.0,3.40360689163208
498,1426,3.0,2.7846744060516357
843,91,3.0,2.8485615253448486
790,665,3.0,2.8809010982513428
727,367,3.0,3.2675578594207764
292,28,4.0,4.037125587463379
457,175,5.0,4.314018249511719
481,4,3.0,3.7687201499938965
62,4,4.0,3.502612352371216
747,279,4.0,3.9168519973754883
284,345,4.0,3.456306219100952
697,975,1.0,3.5270495414733887
144,880,5.0,3.0471789836883545
796,488,2.0,3.5601296424865723
449,1367,4.0,4.605950355529785
183,144,3.0,3.631972551345825
621,876,2.0,2.9423344135284424
16,531,5.0,4.384243965148926
390,742,4.0,3.962355375289917
214,327,5.0,3.180586099624634
197,518,1.0,3.3858821392059326
38,70,5.0,3.9890549182891846
894,534,4.0,3.623396396636963
72,100,5.0,4.204128265380859
548,255,4.0,3.7273473739624023
293,605,3.0,3.3407959938049316
407,565,3.0,2.5737662315368652
197,550,3.0,3.6145665645599365
198,824,2.0,2.518000364303589
392,650,5.0,3.977999448776245
741,215,4.0,3.852459192276001
59,127,5.0,5.132607460021973
398,732,4.0,3.926586151123047
417,419,4.0,3.582555055618286
643,1149,3.0,4.111778259277344
429,96,4.0,3.6705071926116943
102,597,3.0,2.4509904384613037
118,551,5.0,3.100417375564575
334,905,1.0,3.0580899715423584
6,259,1.0,1.4135090112686157
456,772,4.0,3.1136107444763184
741,118,1.0,2.6146912574768066
829,129,4.0,3.727062940597534
339,45,5.0,4.589166641235352
864,628,4.0,4.14080810546875
292,125,2.0,3.512869358062744
424,15,4.0,3.1265153884887695
521,659,4.0,3.4069719314575195
504,94,4.0,3.3446545600891113
49,813,3.0,3.451014518737793
537,265,3.0,2.267559289932251
458,654,5.0,4.53593635559082
397,172,5.0,4.557229995727539
69,50,5.0,4.763134956359863
524,461,3.0,3.57096529006958
87,1187,2.0,3.2784008979797363
492,64,4.0,3.9004149436950684
120,546,2.0,2.9949228763580322
165,174,4.0,4.353586673736572
784,678,4.0,3.123851776123047
497,1615,3.0,2.6482391357421875
642,231,3.0,3.321293592453003
291,760,2.0,3.14846134185791
886,164,4.0,3.4648282527923584
380,614,3.0,3.0904288291931152
450,936,5.0,4.238571643829346
943,122,1.0,2.3941853046417236
676,117,4.0,3.7328779697418213
115,181,4.0,3.6640894412994385
405,141,2.0,2.438715934753418
405,580,1.0,1.8433878421783447
895,275,5.0,4.193464279174805
436,159,4.0,3.893573045730591
246,809,2.0,2.5493905544281006
633,28,4.0,3.5630996227264404
568,604,4.0,3.4735372066497803
561,99,3.0,3.22719669342041
128,568,4.0,3.636378288269043
776,483,5.0,4.038544654846191
806,483,4.0,4.827956199645996
150,246,5.0,4.332736968994141
479,324,1.0,2.9905407428741455
437,1262,3.0,3.4983110427856445
310,116,5.0,4.248273849487305
210,99,4.0,4.280298233032227
880,188,4.0,4.07858943939209
398,174,5.0,4.3894362449646
940,508,5.0,3.1858787536621094
734,662,3.0,3.3465487957000732
677,101,5.0,3.4326260089874268
2,280,3.0,3.011805772781372
658,235,2.0,2.9362313747406006
846,376,2.0,2.8787529468536377
886,1435,3.0,2.1073012351989746
312,480,5.0,4.887546539306641
68,245,3.0,2.5058999061584473
935,546,4.0,3.7645857334136963
862,429,5.0,4.564150810241699
653,70,2.0,2.815218925476074
224,326,4.0,3.208056688308716
795,62,4.0,2.4668214321136475
765,222,2.0,3.435054302215576
574,344,5.0,3.5995092391967773
565,52,5.0,4.239049911499023
660,167,2.0,2.447580575942993
880,405,4.0,3.4538707733154297
429,662,3.0,3.1481423377990723
406,1194,4.0,3.9260895252227783
115,284,2.0,3.0783469676971436
693,488,4.0,3.6429498195648193
405,425,2.0,1.487387776374817
436,423,4.0,3.9515843391418457
574,1022,2.0,3.352440118789673
435,54,4.0,3.2308552265167236
905,137,3.0,3.3893346786499023
416,980,4.0,3.5414137840270996
766,380,2.0,2.827631711959839
405,639,1.0,1.8314979076385498
100,990,3.0,2.868562698364258
862,64,5.0,5.4698381423950195
727,147,3.0,3.384718418121338
445,1011,1.0,2.2445621490478516
870,238,4.0,3.6739375591278076
672,874,4.0,3.013049602508545
621,180,4.0,4.272952079772949
852,926,3.0,3.133490562438965
326,521,2.0,3.16152286529541
494,50,5.0,4.746211051940918
328,232,3.0,3.3307244777679443
85,180,4.0,4.019694805145264
622,161,3.0,3.2058191299438477
671,66,5.0,3.6728007793426514
374,12,4.0,4.025896072387695
655,462,3.0,3.201993465423584
416,742,4.0,4.209405899047852
786,174,4.0,4.576816558837891
642,90,4.0,3.202057123184204
264,602,4.0,4.063137531280518
43,49,4.0,3.530001163482666
368,201,5.0,3.114804983139038
198,480,4.0,3.9549026489257812
561,474,5.0,4.407453536987305
22,791,1.0,2.8666439056396484
44,245,4.0,3.022334098815918
387,324,4.0,3.335261583328247
805,357,5.0,4.5555877685546875
295,151,4.0,4.310537338256836
524,484,4.0,3.9456605911254883
365,137,3.0,3.5950658321380615
825,740,2.0,3.465611457824707
345,303,4.0,4.105034828186035
158,502,4.0,4.113930702209473
868,739,2.0,1.9047088623046875
187,710,4.0,3.486710548400879
393,71,3.0,4.209131240844727
736,515,5.0,3.806380271911621
428,269,5.0,4.417241096496582
102,239,3.0,2.8097753524780273
444,906,4.0,3.7456085681915283
796,1032,3.0,3.139594316482544
23,73,3.0,3.039665699005127
432,411,3.0,3.1362972259521484
654,367,4.0,3.5241003036499023
766,443,3.0,3.59200119972229
757,405,4.0,3.3642261028289795
436,174,3.0,4.586512565612793
6,165,5.0,4.1623029708862305
521,755,3.0,2.718660354614258
243,708,3.0,3.8282129764556885
71,100,4.0,4.463016510009766
95,506,3.0,3.727740526199341
428,879,4.0,4.014381408691406
181,1394,1.0,1.1922130584716797
561,4,3.0,3.1868884563446045
634,237,5.0,3.813523769378662
5,395,2.0,1.905921220779419
525,255,1.0,3.2426862716674805
387,564,1.0,1.6545662879943848
606,477,4.0,3.5375161170959473
639,483,5.0,3.90496563911438
496,150,2.0,3.761732578277588
454,736,3.0,3.0565176010131836
223,259,3.0,2.632556200027466
933,840,3.0,1.9776782989501953
880,678,3.0,2.680344581604004
799,50,4.0,4.805210113525391
38,127,2.0,4.326010227203369
179,914,5.0,2.2596559524536133
191,345,4.0,3.2336604595184326
509,754,1.0,2.5930538177490234
58,1102,1.0,3.6874492168426514
653,1087,2.0,1.6305584907531738
184,65,4.0,3.71687912940979
244,946,4.0,2.9560282230377197
413,100,4.0,4.305434226989746
16,467,5.0,4.224889755249023
749,431,5.0,3.856705665588379
453,214,3.0,3.1653616428375244
750,286,4.0,3.6348154544830322
13,720,4.0,2.3456106185913086
748,181,4.0,3.787592649459839
334,190,4.0,4.233692169189453
401,527,4.0,3.3497180938720703
399,710,2.0,3.159419298171997
59,519,4.0,4.498312950134277
345,315,5.0,4.077582359313965
682,756,2.0,2.7252604961395264
394,577,2.0,2.442075729370117
342,1012,4.0,3.35081148147583
696,310,4.0,3.645453929901123
221,824,3.0,2.9509942531585693
256,1,5.0,4.713226318359375
296,923,5.0,5.026677131652832
659,559,1.0,3.125864267349243
5,144,3.0,3.5496182441711426
286,746,4.0,4.132968902587891
1,203,4.0,4.209246635437012
668,286,4.0,3.630225419998169
632,609,3.0,3.6708407402038574
584,227,4.0,3.283245325088501
256,473,5.0,3.2396416664123535
275,69,3.0,3.5516855716705322
796,869,4.0,3.1837408542633057
83,685,4.0,3.5879430770874023
894,595,3.0,2.6846654415130615
445,208,2.0,2.771357297897339
257,14,5.0,4.348625183105469
437,412,3.0,2.4295804500579834
826,511,3.0,4.642404556274414
290,174,5.0,4.1632080078125
548,305,1.0,3.366530418395996
676,539,4.0,2.652083396911621
332,159,5.0,4.337804317474365
654,275,5.0,3.754429817199707
870,96,4.0,3.469539165496826
403,1047,2.0,3.1766197681427
197,226,4.0,3.3911452293395996
450,495,4.0,4.093189716339111
405,669,1.0,1.246675729751587
486,713,3.0,3.5861217975616455
122,582,5.0,3.9505255222320557
286,298,4.0,4.215760231018066
650,1050,3.0,3.129796266555786
239,836,5.0,3.89469838142395
566,575,1.0,2.0476856231689453
200,570,4.0,3.7381491661071777
313,845,3.0,3.455009698867798
522,135,5.0,4.250110626220703
732,304,5.0,3.892881155014038
435,1044,4.0,3.071964740753174
916,7,4.0,3.8343238830566406
693,378,2.0,3.3337323665618896
64,173,5.0,4.120960235595703
543,161,4.0,2.9555697441101074
168,744,5.0,3.504140615463257
194,526,4.0,3.4711110591888428
363,1014,1.0,2.8023107051849365
863,321,4.0,3.1473641395568848
286,280,4.0,3.439547061920166
148,521,1.0,3.9119133949279785
505,526,5.0,3.5098719596862793
31,32,5.0,3.962460517883301
914,313,3.0,3.7263240814208984
379,63,2.0,3.100583076477051
312,521,5.0,4.346748352050781
184,836,4.0,3.593330144882202
721,22,5.0,4.854804992675781
514,380,4.0,3.6232171058654785
919,301,3.0,3.3345820903778076
845,272,3.0,3.447871446609497
75,294,3.0,2.9773356914520264
474,174,5.0,4.678255081176758
642,1054,3.0,2.5590546131134033
234,492,3.0,3.470984935760498
110,790,4.0,2.866677761077881
896,1303,4.0,1.9436200857162476
644,546,4.0,4.040812015533447
160,209,4.0,4.540550231933594
415,258,4.0,4.3035430908203125
608,506,4.0,3.8592536449432373
457,699,4.0,4.507015228271484
883,312,3.0,3.4302003383636475
107,286,2.0,3.4373300075531006
875,603,4.0,4.742331504821777
627,693,2.0,3.757819890975952
1,9,5.0,4.483096122741699
361,203,5.0,3.8233625888824463
79,313,2.0,4.379831314086914
709,29,3.0,3.200209617614746
932,675,4.0,3.8642141819000244
201,1010,3.0,3.013380289077759
125,1204,3.0,3.485079526901245
524,277,3.0,3.512179136276245
378,780,2.0,2.9357712268829346
130,385,5.0,4.728575706481934
659,96,4.0,4.018392086029053
845,690,5.0,2.82185435295105
890,480,5.0,4.583036422729492
144,319,3.0,3.169377565383911
848,23,2.0,4.476156234741211
909,289,3.0,3.5882816314697266
65,25,4.0,3.3340470790863037
62,402,3.0,2.9551587104797363
693,117,4.0,3.1142327785491943
660,485,3.0,2.9690749645233154
374,1513,2.0,2.0676488876342773
749,823,3.0,2.9755849838256836
13,917,4.0,2.929896593093872
814,413,2.0,2.4976556301116943
206,1429,1.0,2.0428307056427
852,7,3.0,3.8455421924591064
334,510,4.0,3.961038112640381
276,340,5.0,4.256696701049805
271,300,2.0,3.069542646408081
391,59,5.0,4.188584804534912
346,77,4.0,3.618436813354492
271,97,5.0,4.154150009155273
479,54,3.0,3.057889223098755
648,227,3.0,3.4925057888031006
884,921,5.0,3.938979387283325
533,15,4.0,3.6757380962371826
851,159,3.0,3.586747169494629
718,982,4.0,2.728760004043579
22,121,3.0,3.3907814025878906
222,723,3.0,2.762141466140747
661,615,4.0,4.178183078765869
660,315,4.0,3.3411409854888916
474,182,5.0,4.345061302185059
675,1007,4.0,4.0504536628723145
696,347,1.0,3.9026942253112793
758,550,4.0,3.579467296600342
3,325,1.0,2.3836512565612793
95,182,2.0,3.5509774684906006
450,427,5.0,4.548464775085449
919,236,5.0,3.5543336868286133
608,70,4.0,3.4746713638305664
621,1029,2.0,2.017324209213257
268,52,3.0,3.5831642150878906
13,565,1.0,2.755553722381592
339,235,3.0,3.2637956142425537
314,934,4.0,3.639888286590576
314,785,3.0,3.6592254638671875
432,7,2.0,3.6869354248046875
69,1016,3.0,3.0768275260925293
649,147,4.0,3.7733359336853027
234,1458,4.0,0.6425333619117737
249,628,3.0,3.9552905559539795
293,264,3.0,2.0089898109436035
244,451,4.0,3.6172704696655273
5,90,3.0,3.076664686203003
367,53,4.0,3.6763193607330322
815,131,2.0,3.897230863571167
58,1106,4.0,2.8013391494750977
726,845,3.0,2.7769792079925537
178,204,4.0,4.508727073669434
201,597,2.0,1.8947663307189941
473,319,3.0,3.540534734725952
864,70,4.0,4.029258728027344
452,1089,1.0,2.004361629486084
69,628,3.0,3.4780213832855225
606,98,5.0,4.700321197509766
374,1215,1.0,2.0732083320617676
189,990,3.0,3.1638219356536865
303,785,3.0,3.246713161468506
429,768,3.0,2.6208388805389404
178,846,3.0,2.969911575317383
907,1,5.0,5.051753044128418
781,483,5.0,4.763925552368164
729,690,2.0,3.0656187534332275
320,42,4.0,4.093642234802246
634,9,5.0,3.221163511276245
666,206,4.0,3.577359437942505
479,148,2.0,2.7960948944091797
463,20,5.0,3.1093344688415527
320,79,4.0,4.554437637329102
709,28,5.0,3.920938730239868
571,174,4.0,3.4859914779663086
930,64,4.0,3.609683036804199
7,496,5.0,4.866499900817871
145,1087,1.0,1.901733160018921
869,287,2.0,3.1544368267059326
344,431,3.0,3.4135234355926514
712,568,5.0,4.333812713623047
899,710,3.0,3.363901138305664
41,195,4.0,3.724449634552002
891,934,3.0,3.4048402309417725
793,685,3.0,3.5348589420318604
298,127,5.0,4.18290901184082
214,20,4.0,3.6258013248443604
424,243,4.0,1.9464133977890015
768,9,5.0,3.112715244293213
527,93,4.0,3.5470774173736572
892,233,5.0,3.6354196071624756
313,182,4.0,3.822002410888672
929,31,2.0,3.382249593734741
26,313,5.0,3.736064910888672
642,1473,4.0,3.156017303466797
804,55,4.0,4.057257652282715
655,1378,3.0,2.051393508911133
484,550,4.0,3.978604555130005
823,144,5.0,4.2628631591796875
517,405,4.0,3.2286579608917236
498,136,3.0,3.3928446769714355
378,254,1.0,2.293661594390869
223,1088,4.0,1.706441044807434
943,184,5.0,3.596374988555908
870,763,4.0,2.664776563644409
123,64,3.0,4.252685546875
507,328,5.0,5.0446929931640625
99,4,5.0,3.5989575386047363
72,582,4.0,3.5478456020355225
468,55,5.0,4.151212215423584
13,137,5.0,3.8870768547058105
935,471,4.0,4.08782958984375
250,629,4.0,3.7598795890808105
394,31,3.0,4.037485122680664
645,175,5.0,4.172401428222656
13,558,1.0,3.5892398357391357
399,320,3.0,2.7763452529907227
82,826,3.0,1.9915740489959717
883,277,4.0,3.687176465988159
710,483,5.0,4.719780921936035
417,428,3.0,3.408691644668579
145,983,1.0,2.341586112976074
311,12,4.0,4.150991439819336
207,53,1.0,2.512260913848877
429,1224,2.0,2.6949455738067627
297,1073,3.0,3.635070323944092
435,219,5.0,3.410188674926758
758,230,4.0,3.5811703205108643
262,235,2.0,2.7322070598602295
28,323,3.0,2.8621435165405273
264,558,5.0,4.183811187744141
457,831,2.0,2.619882583618164
561,109,1.0,2.6187944412231445
672,515,5.0,3.8646514415740967
102,792,3.0,2.6318938732147217
280,155,5.0,3.0121145248413086
215,8,2.0,4.315724849700928
256,761,4.0,3.7168922424316406
536,50,5.0,4.954781532287598
77,215,2.0,3.563384771347046
354,494,4.0,4.05209493637085
474,244,4.0,3.3524677753448486
72,70,4.0,3.616641044616699
533,1086,3.0,3.1576883792877197
290,121,4.0,4.034903049468994
62,357,4.0,4.237831115722656
504,1415,3.0,2.385550022125244
539,306,4.0,4.114415645599365
535,1098,5.0,3.565925121307373
325,616,4.0,3.5258560180664062
710,127,5.0,4.360357284545898
508,234,4.0,3.702505350112915
506,482,5.0,4.141055107116699
640,210,5.0,4.811029434204102
933,471,3.0,2.537287473678589
551,127,5.0,4.630398750305176
83,1060,3.0,3.1829352378845215
5,405,3.0,2.721101999282837
291,423,4.0,4.221210956573486
674,323,3.0,3.3641064167022705
268,7,4.0,3.57855486869812
121,137,5.0,4.035203456878662
716,238,4.0,3.6296961307525635
308,1046,4.0,3.018242359161377
49,238,4.0,4.000606536865234
499,173,5.0,4.037158966064453
178,763,4.0,3.257645845413208
890,1,4.0,3.826601266860962
787,294,3.0,3.167937755584717
878,275,4.0,3.5072975158691406
379,1,4.0,4.313941478729248
933,732,3.0,2.82798433303833
49,13,3.0,3.41365385055542
18,972,3.0,3.625215530395508
675,874,4.0,3.4330368041992188
196,286,5.0,3.652501344680786
251,866,2.0,3.2471203804016113
679,168,5.0,4.0545806884765625
877,531,5.0,4.137641906738281
178,183,4.0,4.005405902862549
130,1019,4.0,4.796542167663574
661,480,5.0,4.394625663757324
916,196,4.0,3.659325361251831
937,294,1.0,2.7110962867736816
715,117,3.0,3.5974984169006348
60,194,4.0,4.4566192626953125
91,193,3.0,3.882354259490967
251,151,5.0,3.88539981842041
453,456,3.0,2.344913959503174
683,269,3.0,3.7369232177734375
519,339,3.0,4.316575527191162
283,435,5.0,4.708478927612305
682,299,4.0,2.810727119445801
936,927,4.0,4.168617248535156
727,366,3.0,3.365964412689209
639,604,4.0,3.4918789863586426
425,5,1.0,2.729485511779785
450,1297,4.0,2.846365451812744
445,840,1.0,1.4957733154296875
638,210,4.0,4.005690574645996
886,655,4.0,3.650101661682129
537,405,2.0,1.6871076822280884
429,464,3.0,3.687873363494873
867,172,5.0,4.49636173248291
293,497,4.0,3.9100944995880127
128,371,1.0,3.3209116458892822
94,89,3.0,4.816307067871094
381,403,3.0,3.4805264472961426
416,472,4.0,3.5423107147216797
846,90,2.0,3.3308985233306885
393,80,3.0,2.821258544921875
13,442,1.0,0.8936362266540527
382,59,5.0,3.534165143966675
500,70,4.0,3.5353963375091553
429,217,3.0,3.06636381149292
878,70,3.0,3.2805728912353516
391,322,3.0,2.519193410873413
833,675,4.0,3.694411277770996
300,1012,4.0,4.254621505737305
457,44,4.0,4.098117828369141
660,483,4.0,3.6087374687194824
807,231,4.0,3.2661964893341064
457,403,4.0,3.881957769393921
43,235,3.0,3.007033109664917
13,559,1.0,2.4070303440093994
620,758,2.0,2.305750846862793
658,772,3.0,2.9198596477508545
399,66,3.0,3.0500619411468506
181,256,1.0,1.0065991878509521
445,644,3.0,2.7280185222625732
601,131,4.0,3.776155948638916
622,88,3.0,3.1517107486724854
334,449,3.0,2.7222349643707275
653,214,3.0,2.2017972469329834
551,331,5.0,4.117109298706055
324,250,4.0,4.133754253387451
66,597,3.0,3.1770167350769043
927,404,4.0,3.3150858879089355
615,187,5.0,4.395448684692383
10,144,4.0,4.318447113037109
686,527,3.0,4.686596870422363
919,787,3.0,3.3078126907348633
141,410,4.0,2.627943992614746
625,255,2.0,2.8948771953582764
837,596,3.0,3.2888917922973633
465,408,5.0,3.973257064819336
797,327,2.0,2.851694345474243
790,364,2.0,2.609201431274414
404,288,3.0,3.4989960193634033
45,108,4.0,3.3135764598846436
840,1639,4.0,3.7733917236328125
865,455,4.0,2.2611918449401855
159,127,5.0,3.7947356700897217
13,400,4.0,1.9154349565505981
716,142,3.0,3.242831230163574
231,181,4.0,4.156702041625977
804,576,4.0,3.5045740604400635
537,385,2.0,1.8097344636917114
335,307,5.0,3.493781805038452
363,239,3.0,3.073765993118286
417,1095,3.0,2.1732070446014404
338,1,3.0,3.4587790966033936
463,121,3.0,2.663001775741577
500,77,3.0,2.576110601425171
886,117,2.0,3.4885916709899902
370,433,3.0,3.527308940887451
60,131,4.0,4.363311767578125
712,174,5.0,4.925622940063477
493,925,3.0,3.3753292560577393
368,100,4.0,3.813477039337158
363,449,3.0,2.603367805480957
301,685,3.0,3.6522278785705566
761,402,3.0,3.15195894241333
407,844,2.0,3.2499947547912598
655,1062,3.0,3.5852742195129395
378,148,4.0,3.006226062774658
319,346,3.0,3.416780471801758
194,228,1.0,3.208822727203369
293,765,3.0,2.1065542697906494
83,121,4.0,4.556741714477539
800,292,5.0,3.643418073654175
815,423,5.0,4.240501403808594
79,262,5.0,4.092599868774414
279,869,1.0,3.0943117141723633
606,204,4.0,4.311234474182129
560,222,4.0,3.2560830116271973
343,715,5.0,4.142088890075684
327,215,4.0,3.343536138534546
878,116,2.0,3.1832921504974365
500,836,5.0,3.2398746013641357
4,357,4.0,4.989082336425781
675,318,5.0,4.367898941040039
527,64,3.0,4.279802322387695
290,125,3.0,3.6042308807373047
605,133,5.0,3.9202754497528076
622,1419,2.0,2.097224712371826
439,273,2.0,3.653082847595215
535,238,4.0,3.846824884414673
399,203,4.0,3.2207581996917725
663,652,4.0,3.582869529724121
535,639,4.0,3.854670286178589
297,211,4.0,3.612943172454834
541,419,5.0,4.110773086547852
758,23,4.0,4.668124198913574
354,610,4.0,3.875375747680664
181,1336,1.0,1.1407475471496582
251,111,3.0,3.737839937210083
761,9,2.0,2.407834768295288
749,98,5.0,4.303515434265137
7,530,5.0,4.7431488037109375
69,742,3.0,3.1040143966674805
890,194,5.0,4.169589042663574
368,53,2.0,2.7293663024902344
892,648,4.0,4.526453971862793
457,623,3.0,2.9898388385772705
25,258,5.0,4.084999084472656
524,318,4.0,4.3527655601501465
455,57,4.0,3.880795955657959
18,968,3.0,3.7698304653167725
840,732,3.0,3.7759108543395996
823,90,4.0,3.5012781620025635
514,183,3.0,4.104715347290039
437,244,3.0,2.9721710681915283
699,1284,3.0,2.8058559894561768
875,42,4.0,3.924184799194336
935,125,4.0,4.218570709228516
910,1,4.0,3.214975595474243
566,98,4.0,4.403055191040039
392,538,2.0,3.6217732429504395
749,389,3.0,3.607107162475586
837,274,4.0,3.266218900680542
497,432,3.0,3.1652941703796387
327,550,2.0,2.687854766845703
160,1223,4.0,3.119779586791992
500,1014,2.0,3.0474495887756348
534,756,4.0,3.6061439514160156
815,1157,2.0,2.895264148712158
498,656,3.0,3.6987438201904297
588,713,3.0,3.737189769744873
664,192,4.0,4.389804840087891
69,1142,4.0,4.641366958618164
489,333,4.0,4.701035499572754
632,7,3.0,3.3724076747894287
271,847,4.0,3.815046548843384
230,588,5.0,4.034310817718506
60,494,4.0,4.426589012145996
828,902,4.0,3.159344434738159
151,114,5.0,4.586424827575684
645,963,4.0,4.427359580993652
577,407,4.0,2.5247251987457275
95,443,3.0,3.6267192363739014
484,468,5.0,3.7285819053649902
790,781,4.0,3.024538278579712
359,455,4.0,3.699343204498291
786,281,4.0,3.2633914947509766
925,788,3.0,1.0557501316070557
894,323,2.0,2.4318594932556152
11,239,4.0,3.480405330657959
916,121,3.0,2.350738525390625
628,288,5.0,4.600417137145996
345,1221,3.0,3.5413882732391357
94,99,3.0,4.210282325744629
91,333,5.0,3.890620708465576
809,313,4.0,4.571413993835449
585,212,5.0,3.5930731296539307
836,216,4.0,4.026017189025879
405,623,1.0,2.230971574783325
401,121,3.0,2.9084532260894775
303,1007,5.0,4.3489274978637695
548,659,4.0,4.209964752197266
87,709,3.0,4.016037940979004
854,111,3.0,2.879481554031372
277,284,4.0,3.0428216457366943
215,215,3.0,4.114398002624512
65,88,4.0,3.8658053874969482
862,143,5.0,4.264652729034424
151,1047,2.0,2.459949254989624
819,302,5.0,4.882701873779297
372,100,3.0,4.937192916870117
223,619,2.0,3.225242853164673
85,782,2.0,2.6260650157928467
910,748,3.0,2.2186784744262695
681,259,2.0,2.597057819366455
334,306,4.0,3.904433250427246
747,423,5.0,4.3368449211120605
7,269,3.0,3.8947012424468994
551,1376,1.0,2.694481372833252
782,1589,3.0,1.9410961866378784
493,134,3.0,3.701857805252075
145,237,5.0,3.8566784858703613
457,239,5.0,4.066963195800781
932,144,3.0,3.7838973999023438
85,521,3.0,3.6606099605560303
930,24,1.0,2.7529094219207764
629,632,3.0,4.502631187438965
884,1073,4.0,3.824180841445923
499,497,2.0,3.850177526473999
622,4,4.0,3.6260998249053955
254,575,3.0,2.304039478302002
335,333,4.0,3.8646485805511475
45,282,4.0,3.9481308460235596
426,143,3.0,3.720104932785034
635,323,3.0,2.946660041809082
297,114,5.0,3.9810421466827393
478,403,2.0,3.149954319000244
223,369,1.0,2.6174893379211426
694,52,4.0,3.759495496749878
442,834,2.0,1.8180642127990723
617,563,1.0,1.550727128982544
821,106,2.0,3.4225757122039795
405,774,1.0,2.1111867427825928
429,425,3.0,3.7515523433685303
234,48,2.0,3.6580426692962646
754,282,4.0,3.456723928451538
303,815,3.0,2.6837730407714844
606,175,4.0,3.7943668365478516
833,449,2.0,2.2648987770080566
497,257,4.0,3.71807599067688
321,515,5.0,4.005533218383789
456,57,4.0,3.9456260204315186
716,622,3.0,3.484327793121338
296,256,5.0,4.411765098571777
156,157,4.0,3.3506929874420166
825,325,5.0,2.914593458175659
16,448,5.0,3.8107151985168457
389,182,5.0,4.138443946838379
548,218,4.0,3.8692142963409424
825,1051,4.0,3.9589731693267822
330,100,4.0,4.687448501586914
58,1101,5.0,4.016692638397217
117,195,5.0,4.540226936340332
400,332,2.0,3.867264747619629
77,134,4.0,4.27205753326416
239,671,5.0,4.49703311920166
269,514,4.0,4.3551344871521
459,1016,4.0,3.7351691722869873
297,1007,4.0,3.8071889877319336
130,289,5.0,3.5950098037719727
519,340,5.0,4.634350776672363
942,662,4.0,4.124870777130127
503,509,5.0,4.085033893585205
629,81,3.0,4.14949893951416
724,678,2.0,2.4930336475372314
135,234,4.0,3.6057097911834717
13,144,4.0,3.7794010639190674
7,658,3.0,3.824951410293579
747,69,5.0,3.7914299964904785
277,15,4.0,3.5702104568481445
6,197,5.0,4.174623012542725
665,301,4.0,3.1781177520751953
751,274,4.0,3.166313886642456
12,159,4.0,3.9454808235168457
262,628,2.0,3.157752752304077
802,443,4.0,3.508235454559326
49,473,3.0,3.425480842590332
293,521,3.0,3.5581018924713135
426,492,5.0,3.761047840118408
883,49,3.0,3.2930872440338135
181,879,2.0,2.0608129501342773
435,1047,3.0,2.732926607131958
892,837,5.0,4.262996673583984
290,429,4.0,3.692042827606201
159,546,4.0,3.5958328247070312
216,143,2.0,3.5522685050964355
435,1240,4.0,3.9205942153930664
328,294,3.0,3.197838306427002
95,843,4.0,2.9340600967407227
664,427,4.0,4.359706878662109
442,810,2.0,2.6404879093170166
934,663,5.0,3.8699162006378174
592,1079,1.0,2.372007369995117
436,226,4.0,3.797978401184082
406,509,3.0,3.5774970054626465
13,273,3.0,2.6638290882110596
118,324,4.0,3.914783000946045
748,96,5.0,3.802718162536621
303,842,2.0,3.2281365394592285
790,792,2.0,3.2987592220306396
224,162,4.0,2.902735948562622
44,228,5.0,3.983976364135742
551,774,5.0,3.5938234329223633
312,614,4.0,4.06438684463501
815,159,3.0,3.257894992828369
203,181,5.0,4.027626037597656
551,72,5.0,3.6474342346191406
50,124,1.0,4.125918388366699
608,695,5.0,2.709522008895874
796,1511,3.0,2.807330369949341
397,221,4.0,4.347189426422119
524,204,3.0,3.4771952629089355
684,94,3.0,3.219010591506958
485,302,5.0,3.7143547534942627
851,681,1.0,2.9276885986328125
394,158,3.0,2.7929868698120117
620,15,5.0,4.234380722045898
691,1172,5.0,4.2321271896362305
110,586,3.0,2.6209542751312256
626,324,4.0,2.3688125610351562
387,549,5.0,3.364959716796875
334,82,4.0,3.0866551399230957
399,452,3.0,2.5272810459136963
13,205,2.0,4.137029647827148
943,274,3.0,3.4925334453582764
308,481,4.0,3.9448585510253906
617,569,1.0,1.8936870098114014
551,393,5.0,3.549609422683716
824,319,2.0,2.7484095096588135
870,496,5.0,3.937751054763794
213,24,5.0,3.8287956714630127
213,515,4.0,4.859166145324707
617,313,1.0,2.25669002532959
930,405,3.0,2.8275225162506104
303,1209,2.0,2.085963010787964
107,323,1.0,2.261050224304199
648,566,4.0,3.8848283290863037
59,1047,2.0,2.6578800678253174
13,58,4.0,3.5852255821228027
313,423,4.0,4.103734970092773
450,196,5.0,4.439697265625
854,195,3.0,3.31081485748291
388,680,5.0,3.077009916305542
326,657,5.0,3.9390416145324707
679,318,5.0,4.387261390686035
618,966,4.0,3.696833848953247
429,462,4.0,3.613478422164917
300,100,3.0,4.746922492980957
72,241,4.0,3.483103036880493
186,117,5.0,4.054440498352051
175,136,4.0,4.2636823654174805
363,128,5.0,3.1984825134277344
772,326,4.0,3.9145734310150146
900,294,4.0,1.8853715658187866
181,1348,1.0,0.4800710678100586
553,524,5.0,4.290979385375977
327,508,2.0,3.212110996246338
14,430,5.0,4.246110439300537
517,1,3.0,3.738659143447876
339,204,3.0,3.6243271827697754
642,1413,3.0,3.5437629222869873
315,461,4.0,3.8189265727996826
460,146,4.0,2.491865873336792
405,1548,1.0,0.4628060460090637
723,433,3.0,3.1363577842712402
232,919,3.0,3.7786262035369873
11,504,3.0,3.7425479888916016
648,410,2.0,2.6638364791870117
881,229,4.0,3.1729915142059326
397,338,4.0,2.401031255722046
899,250,2.0,3.2327544689178467
112,891,3.0,3.137491464614868
167,675,1.0,3.501667022705078
789,100,5.0,4.160537242889404
748,328,4.0,3.349979877471924
49,1021,5.0,4.021778106689453
399,172,3.0,3.7398571968078613
6,135,5.0,4.153088569641113
334,125,3.0,2.7988810539245605
621,25,4.0,3.925278902053833
601,257,2.0,3.0076937675476074
373,401,4.0,2.6814887523651123
244,118,2.0,2.52020001411438
892,27,4.0,3.5835094451904297
38,405,5.0,4.153581142425537
527,492,3.0,3.695692300796509
854,3,1.0,2.468273162841797
128,684,4.0,3.737107992172241
718,820,2.0,3.1160147190093994
75,240,1.0,3.0389909744262695
805,148,2.0,2.3311586380004883
81,169,4.0,4.120067596435547
511,333,4.0,4.110372543334961
655,25,3.0,2.8285458087921143
561,319,2.0,3.4490556716918945
7,238,5.0,4.062021255493164
655,451,3.0,2.6001594066619873
334,98,4.0,4.2770233154296875
665,483,4.0,4.181985855102539
109,566,4.0,3.935962438583374
867,31,5.0,3.681709051132202
373,1079,4.0,2.454756259918213
299,24,3.0,3.172567129135132
316,58,3.0,2.846353769302368
601,455,4.0,2.6695547103881836
86,872,3.0,3.196608543395996
608,218,4.0,3.1546618938446045
368,234,3.0,3.377929449081421
727,1165,2.0,1.9650843143463135
535,168,5.0,4.168563365936279
109,69,4.0,4.230802536010742
301,42,4.0,3.6029789447784424
881,103,1.0,2.1927695274353027
422,295,3.0,3.399570941925049
474,423,5.0,4.348081588745117
507,313,5.0,6.170995712280273
22,430,4.0,4.264751434326172
291,7,5.0,4.574335098266602
804,1488,3.0,2.7165002822875977
82,411,3.0,2.266529083251953
7,47,5.0,3.6723594665527344
87,384,4.0,3.213992118835449
23,56,4.0,4.354657173156738
472,370,4.0,4.245206832885742
185,15,3.0,3.960514783859253
757,685,3.0,3.3419148921966553
527,190,4.0,4.188202857971191
457,368,1.0,1.7823845148086548
38,445,2.0,4.146751880645752
124,144,4.0,3.4114315509796143
332,120,4.0,2.880034923553467
327,811,4.0,3.6673195362091064
312,143,4.0,4.183409690856934
132,154,4.0,3.738806962966919
279,502,5.0,3.620163679122925
62,117,4.0,2.6530275344848633
26,7,3.0,3.254835367202759
474,607,4.0,4.329178810119629
82,237,3.0,3.0460143089294434
189,83,4.0,4.204676628112793
527,193,3.0,3.8812546730041504
459,323,3.0,3.301098108291626
2,291,3.0,3.2105422019958496
684,781,3.0,3.2704555988311768
758,597,2.0,2.8143088817596436
684,692,4.0,3.6889984607696533
385,160,4.0,3.3151772022247314
807,151,4.0,3.62351393699646
931,304,4.0,3.8136913776397705
345,568,4.0,3.5450022220611572
201,51,2.0,2.961374282836914
421,156,5.0,3.7540817260742188
53,15,5.0,3.7905054092407227
414,748,3.0,3.1237385272979736
144,293,4.0,3.7518770694732666
343,234,1.0,4.162905216217041
44,678,3.0,2.627174139022827
174,160,5.0,3.688544750213623
429,88,3.0,2.9427106380462646
159,1190,5.0,3.395763874053955
566,23,4.0,4.445403099060059
494,86,3.0,3.962491989135742
495,154,4.0,4.3861188888549805
303,386,4.0,3.292292833328247
874,276,4.0,3.892747163772583
901,78,4.0,2.8085224628448486
506,1244,2.0,3.1326119899749756
937,126,4.0,3.6818342208862305
634,597,4.0,3.1706981658935547
45,472,3.0,3.2373173236846924
450,568,4.0,4.189632892608643
224,962,2.0,1.9661056995391846
600,96,5.0,4.3243408203125
125,50,5.0,4.773158073425293
456,208,4.0,3.8091177940368652
541,756,4.0,2.611203908920288
741,367,2.0,3.4533464908599854
833,205,4.0,3.454763650894165
606,825,5.0,3.4218590259552
886,188,4.0,3.6042673587799072
608,287,3.0,3.2832388877868652
387,414,4.0,3.8579459190368652
471,596,1.0,3.1479382514953613
794,238,5.0,4.410980224609375
417,202,4.0,3.5540482997894287
269,482,3.0,3.575406074523926
743,294,2.0,3.0258989334106445
151,154,4.0,4.112415313720703
327,249,2.0,2.93599534034729
543,134,5.0,4.094698429107666
608,265,3.0,3.3552300930023193
650,1060,3.0,2.754577398300171
144,15,4.0,3.678645610809326
722,25,4.0,3.984066963195801
474,530,5.0,4.608676910400391
128,73,3.0,3.390141487121582
863,294,4.0,3.4318699836730957
399,96,3.0,3.583240270614624
615,678,1.0,1.9083435535430908
828,512,5.0,3.3847639560699463
650,658,3.0,3.0362112522125244
874,302,5.0,4.233464241027832
289,363,3.0,2.186896800994873
280,100,3.0,4.472047805786133
622,665,2.0,2.9192349910736084
406,638,4.0,3.78696608543396
451,887,1.0,2.539799928665161
312,587,3.0,3.9929802417755127
129,268,1.0,3.2254440784454346
648,930,3.0,2.73714542388916
230,742,5.0,4.294816970825195
387,496,3.0,3.3574893474578857
195,265,4.0,3.812523603439331
456,1267,4.0,2.9212841987609863
551,508,4.0,3.9947001934051514
524,1126,1.0,3.5314431190490723
497,77,3.0,3.2561705112457275
487,226,3.0,3.6947686672210693
766,238,4.0,3.54630970954895
257,237,2.0,3.958056688308716
655,855,3.0,3.2895848751068115
313,82,3.0,3.66558575630188
851,264,2.0,2.9742956161499023
790,10,1.0,3.6338157653808594
845,306,2.0,3.0826807022094727
70,15,3.0,3.4349310398101807
653,367,3.0,2.7947466373443604
875,171,5.0,4.299724102020264
90,178,5.0,4.997340202331543
398,283,3.0,3.6274943351745605
807,1016,4.0,4.21340799331665
561,578,3.0,2.1562719345092773
715,250,2.0,3.321307420730591
361,707,4.0,4.057094573974609
311,433,3.0,3.558104991912842
860,312,4.0,2.9865057468414307
656,327,2.0,2.489727735519409
736,50,3.0,3.695683240890503
659,173,4.0,4.219851493835449
886,196,3.0,3.755516529083252
81,79,5.0,3.68416428565979
49,581,3.0,2.962629795074463
308,181,4.0,3.924456834793091
727,234,2.0,3.6696906089782715
525,332,4.0,3.3810126781463623
64,420,3.0,3.4056317806243896
727,808,2.0,2.7039260864257812
303,150,5.0,4.0610527992248535
559,521,2.0,3.580228805541992
308,151,4.0,3.831792116165161
896,379,2.0,2.125411033630371
770,295,4.0,4.6638336181640625
230,7,3.0,3.630124092102051
622,144,5.0,3.890265941619873
344,290,2.0,3.144758462905884
244,468,1.0,3.247727870941162
498,554,3.0,2.0169124603271484
642,141,4.0,3.548602819442749
255,452,3.0,2.1555869579315186
339,213,4.0,4.747733116149902
307,746,4.0,3.9951298236846924
727,55,3.0,3.5597450733184814
483,380,3.0,3.325171709060669
13,235,2.0,2.348891258239746
328,1217,3.0,2.788196563720703
276,168,5.0,4.593493461608887
468,144,5.0,4.263408660888672
588,51,4.0,3.8261804580688477
276,840,3.0,2.9296157360076904
447,133,4.0,3.9976394176483154
391,1101,4.0,3.8500139713287354
293,426,1.0,2.524315595626831
927,780,1.0,3.319620370864868
833,647,4.0,4.051813125610352
14,922,4.0,4.246898651123047
859,762,5.0,4.029547214508057
495,578,3.0,4.034214019775391
223,409,3.0,2.860100746154785
267,195,4.0,4.525277137756348
264,4,4.0,4.19663143157959
758,61,3.0,4.2504801750183105
302,680,2.0,1.897559642791748
627,39,4.0,3.1572606563568115
390,275,5.0,4.127615928649902
184,70,4.0,3.7018067836761475
144,591,3.0,3.6245875358581543
293,162,3.0,3.5976176261901855
7,681,1.0,2.7295761108398438
429,124,4.0,4.154799461364746
59,193,4.0,4.366506099700928
202,516,4.0,2.974655866622925
106,699,4.0,3.9373393058776855
683,895,2.0,2.592794418334961
653,1035,2.0,2.5091586112976074
52,427,5.0,4.737738609313965
643,49,3.0,3.2586071491241455
347,280,4.0,3.4345993995666504
68,111,3.0,3.032247304916382
378,568,4.0,3.687329053878784
332,470,5.0,4.4949846267700195
420,275,5.0,4.203343391418457
38,590,1.0,2.474682569503784
224,149,1.0,1.8314610719680786
618,790,3.0,2.512613296508789
554,11,4.0,3.7100203037261963
303,90,4.0,3.366838216781616
846,498,4.0,4.382915019989014
474,411,2.0,3.0384795665740967
864,216,4.0,4.174612998962402
249,24,4.0,3.9134299755096436
605,949,5.0,3.576585054397583
214,257,3.0,3.3842196464538574
540,9,5.0,4.019538879394531
758,657,5.0,4.765997886657715
192,252,1.0,2.5224318504333496
801,681,1.0,3.5145018100738525
542,732,3.0,3.501831293106079
889,737,3.0,2.687976121902466
664,845,2.0,3.249635934829712
870,475,5.0,3.6695947647094727
490,293,2.0,3.0076348781585693
201,216,4.0,3.062114715576172
85,310,3.0,2.7371013164520264
90,900,4.0,4.588413238525391
453,204,4.0,3.428687810897827
547,319,4.0,3.223675012588501
7,556,3.0,2.816084146499634
114,640,2.0,2.7760117053985596
406,1147,4.0,3.5259523391723633
776,661,5.0,3.9051976203918457
887,168,4.0,4.231840133666992
328,561,3.0,3.1487298011779785
433,435,4.0,4.136203765869141
804,160,4.0,3.243349552154541
457,226,3.0,3.6224043369293213
22,403,5.0,3.628951072692871
268,735,3.0,3.5376029014587402
885,50,3.0,4.239899635314941
250,480,5.0,4.664819717407227
349,596,2.0,3.1324470043182373
230,91,3.0,3.58097243309021
168,181,4.0,4.086080551147461
840,82,3.0,3.5309197902679443
382,98,3.0,3.790842294692993
290,550,3.0,3.3970701694488525
592,79,4.0,4.012535095214844
901,405,4.0,3.757439374923706
198,184,3.0,3.0682132244110107
660,1178,1.0,2.01760196685791
11,110,3.0,2.5108659267425537
474,514,4.0,4.13382625579834
858,293,3.0,3.757758855819702
326,237,2.0,3.091203212738037
848,432,2.0,4.189505577087402
833,378,3.0,2.7242953777313232
406,20,3.0,3.29015851020813
619,1231,2.0,2.3750181198120117
261,875,5.0,2.910621404647827
846,650,5.0,3.645975112915039
670,515,2.0,4.056777477264404
345,620,2.0,3.1592235565185547
671,204,5.0,4.070664405822754
97,482,5.0,4.137002944946289
823,100,5.0,4.863059997558594
870,202,3.0,3.4592578411102295
339,240,4.0,3.114776849746704
907,326,5.0,4.516244888305664
636,258,5.0,4.522008895874023
401,528,5.0,3.3976047039031982
178,405,3.0,3.5554580688476562
863,326,5.0,3.423356771469116
489,539,4.0,3.166010618209839
869,50,4.0,3.7234156131744385
387,984,1.0,1.7855814695358276
84,276,4.0,4.08494758605957
409,199,4.0,3.9540157318115234
864,161,4.0,3.8761279582977295
271,479,4.0,4.646085739135742
457,769,2.0,2.545823574066162
387,22,5.0,3.2275593280792236
472,101,5.0,4.193535804748535
21,53,4.0,3.002066135406494
243,26,3.0,3.4061930179595947
897,120,3.0,2.5687448978424072
42,143,4.0,4.501934051513672
395,300,3.0,3.680356502532959
870,945,4.0,3.6117191314697266
940,173,4.0,3.7586512565612793
886,202,3.0,3.4882404804229736
768,332,4.0,3.1814002990722656
256,387,4.0,3.677445411682129
87,49,5.0,3.613906145095825
405,77,1.0,3.125135660171509
500,161,2.0,2.719879627227783
807,135,5.0,3.6544461250305176
701,275,5.0,4.325815200805664
894,125,3.0,3.075716257095337
405,231,3.0,2.10552978515625
293,233,2.0,2.2871599197387695
597,111,3.0,3.8419675827026367
588,286,4.0,3.530991792678833
798,28,4.0,4.034385681152344
537,53,2.0,2.3904566764831543
423,333,3.0,3.3840129375457764
491,19,4.0,3.798398733139038
654,172,4.0,4.65284538269043
698,513,2.0,3.1240742206573486
130,343,4.0,3.8404452800750732
385,523,4.0,3.4446821212768555
648,143,4.0,4.147287368774414
591,66,2.0,2.9265685081481934
311,134,5.0,3.726924419403076
279,364,4.0,2.8740906715393066
493,173,4.0,4.323797225952148
322,192,5.0,4.646594047546387
99,369,4.0,2.881141185760498
405,182,1.0,2.1004574298858643
190,898,2.0,3.2415988445281982
659,720,3.0,2.8643300533294678
369,114,5.0,4.512659072875977
122,427,3.0,4.462446212768555
197,323,3.0,2.5554656982421875
403,476,4.0,3.311906337738037
368,670,3.0,2.778404712677002
269,13,4.0,3.7424910068511963
497,725,3.0,2.5596299171447754
167,1305,1.0,2.6561119556427
639,323,1.0,1.415868878364563
58,773,4.0,3.032949209213257
627,191,4.0,4.055390357971191
181,266,1.0,1.38170325756073
303,251,4.0,4.711251258850098
835,200,4.0,4.026154518127441
804,624,2.0,3.4149506092071533
560,249,5.0,3.2198379039764404
279,1488,4.0,2.492838144302368
642,58,3.0,3.6365127563476562
727,249,2.0,3.1871490478515625
297,596,3.0,3.078141927719116
921,274,4.0,3.4479286670684814
97,603,4.0,4.638527870178223
566,327,3.0,3.2321245670318604
313,624,4.0,3.0738112926483154
897,201,5.0,3.3637051582336426
682,77,3.0,3.1514742374420166
114,191,3.0,3.764235019683838
919,755,3.0,3.0774714946746826
521,96,4.0,3.4980509281158447
317,683,2.0,2.772505521774292
201,211,3.0,3.4497690200805664
764,50,3.0,4.804516792297363
49,129,2.0,3.216907501220703
742,546,1.0,2.6240246295928955
311,966,4.0,4.186782360076904
311,921,4.0,3.6544859409332275
334,569,2.0,2.694761276245117
756,404,3.0,3.3025548458099365
130,1028,4.0,3.87992525100708
863,910,2.0,1.5828675031661987
833,233,2.0,2.0641298294067383
928,48,5.0,4.995974540710449
545,194,3.0,3.8711042404174805
897,40,3.0,3.510718584060669
95,195,5.0,3.8457181453704834
332,22,5.0,5.373112678527832
367,670,4.0,3.7381200790405273
262,929,3.0,2.6017062664031982
721,292,3.0,3.74865984916687
630,280,2.0,3.4220986366271973
311,1232,4.0,2.2421326637268066
768,535,3.0,2.940790891647339
707,517,3.0,3.9319875240325928
650,62,3.0,2.54175066947937
268,1231,2.0,2.3301358222961426
263,98,4.0,4.710033416748047
621,233,3.0,3.6684656143188477
655,1108,3.0,2.389953136444092
455,234,4.0,3.716120481491089
82,596,3.0,2.915212392807007
488,258,4.0,3.222083330154419
53,156,4.0,3.821364641189575
275,62,3.0,2.7764732837677
1,39,4.0,3.5715842247009277
524,289,4.0,3.137377977371216
269,778,3.0,3.274681329727173
913,227,1.0,2.902338743209839
691,98,4.0,5.019728660583496
930,137,2.0,2.9158356189727783
712,699,5.0,3.6237385272979736
23,211,4.0,3.9498846530914307
222,193,4.0,3.5488157272338867
215,451,3.0,3.5654191970825195
553,199,4.0,4.43535041809082
303,872,3.0,3.4215612411499023
363,322,2.0,2.552558183670044
579,69,2.0,3.818572521209717
408,302,5.0,4.412097930908203
251,249,5.0,3.5062003135681152
766,72,2.0,2.8571486473083496
882,143,4.0,4.580463409423828
618,197,3.0,3.403978109359741
363,431,2.0,3.063803195953369
189,618,2.0,4.0806121826171875
308,566,4.0,3.4348373413085938
416,934,2.0,3.37058162689209
394,979,5.0,3.8894853591918945
457,54,4.0,3.642040967941284
460,847,3.0,3.532149314880371
815,484,4.0,4.2253313064575195
385,705,3.0,3.230391025543213
899,147,2.0,3.3213562965393066
344,1165,1.0,1.4586845636367798
704,492,5.0,3.7954623699188232
882,378,5.0,4.633708953857422
798,785,3.0,3.2747111320495605
756,225,1.0,2.6914896965026855
32,249,4.0,3.107675075531006
919,328,2.0,3.5342533588409424
774,44,1.0,2.166930675506592
915,302,4.0,3.584538459777832
184,382,5.0,3.662593364715576
650,195,4.0,3.4349002838134766
102,226,2.0,2.5888078212738037
381,501,4.0,3.8938004970550537
880,1225,2.0,2.877490282058716
606,187,4.0,4.383301734924316
489,299,2.0,3.3351049423217773
572,9,5.0,3.41959285736084
777,212,5.0,3.245577573776245
416,203,3.0,4.213089942932129
158,226,3.0,3.214510440826416
290,1028,3.0,3.050153970718384
567,1204,5.0,3.8538460731506348
479,82,4.0,3.5010321140289307
222,1336,2.0,1.5425384044647217
786,237,5.0,3.786526918411255
883,559,3.0,3.2428009510040283
587,330,3.0,2.7581746578216553
279,227,4.0,3.6227242946624756
405,1471,1.0,1.5426859855651855
56,410,4.0,3.047598361968994
712,97,5.0,4.16463565826416
763,144,3.0,3.8477113246917725
299,152,4.0,3.5376510620117188
305,921,5.0,3.7138662338256836
844,549,3.0,3.302093505859375
837,19,4.0,3.956569194793701
312,414,3.0,4.441164016723633
768,173,5.0,3.6008808612823486
561,24,3.0,2.8635177612304688
693,1522,3.0,2.2196197509765625
294,743,2.0,2.1749110221862793
592,55,4.0,4.287121772766113
363,505,3.0,3.3347175121307373
486,1137,5.0,4.147193908691406
449,971,4.0,3.9183590412139893
144,126,4.0,3.841219425201416
748,174,5.0,3.8914663791656494
427,322,3.0,4.574681282043457
417,101,3.0,3.4279346466064453
342,165,3.0,4.270620346069336
624,127,4.0,4.452584266662598
402,475,3.0,4.282500267028809
128,660,2.0,3.884568929672241
653,96,4.0,3.4141604900360107
7,443,5.0,4.383515357971191
542,273,3.0,3.082658052444458
450,123,2.0,3.571087121963501
846,495,4.0,3.8717095851898193
378,319,3.0,3.364180326461792
321,499,3.0,3.787409782409668
790,41,3.0,2.9490878582000732
615,528,4.0,4.381295204162598
222,972,2.0,2.646029233932495
370,494,3.0,3.889883518218994
144,847,4.0,3.8318676948547363
470,19,4.0,3.6957242488861084
223,111,4.0,3.2602813243865967
126,302,4.0,4.171658515930176
210,657,4.0,4.968806266784668
416,815,4.0,3.7337310314178467
521,191,4.0,3.4919049739837646
299,115,3.0,3.661703586578369
826,1,4.0,4.2869157791137695
312,14,5.0,4.401984214782715
417,1209,3.0,2.495457172393799
912,517,4.0,3.5655572414398193
807,28,4.0,4.465557098388672
455,191,5.0,4.043415069580078
655,959,3.0,2.806607484817505
405,101,1.0,2.332390308380127
498,1495,3.0,3.011760711669922
850,71,5.0,4.688823699951172
532,419,5.0,4.868833541870117
822,189,4.0,3.2951526641845703
334,684,4.0,3.349818706512451
14,792,5.0,4.005468368530273
930,143,2.0,2.9318549633026123
835,176,4.0,4.219593048095703
789,50,5.0,4.2222490310668945
221,29,3.0,2.7807271480560303
864,128,4.0,3.9036221504211426
919,1137,4.0,4.0819573402404785
267,239,4.0,3.876014232635498
303,176,5.0,4.118857383728027
345,879,2.0,2.991856336593628
405,397,4.0,2.3719353675842285
749,181,5.0,4.203656196594238
270,237,1.0,4.619546890258789
882,284,3.0,3.6525814533233643
422,250,5.0,3.3262219429016113
761,924,4.0,2.9140987396240234
145,1292,1.0,0.6895953416824341
21,987,3.0,1.3552063703536987
43,482,4.0,3.855445384979248
876,48,5.0,4.336465835571289
466,518,4.0,3.4898681640625
479,356,3.0,3.2600882053375244
267,56,5.0,5.07205867767334
130,411,5.0,3.5219099521636963
308,172,4.0,4.4014177322387695
58,98,4.0,4.457381248474121
682,94,3.0,3.0673820972442627
31,1019,5.0,4.202177047729492
870,433,3.0,3.446211099624634
478,237,5.0,3.462228536605835
762,256,3.0,2.909560203552246
878,136,4.0,3.9770455360412598
495,217,5.0,4.161683082580566
393,4,4.0,3.1940665245056152
21,674,2.0,2.928774118423462
194,98,4.0,3.776625871658325
716,185,5.0,4.336329460144043
630,282,3.0,4.134166717529297
711,286,4.0,4.403752326965332
747,509,5.0,4.253141403198242
551,1118,5.0,3.5015525817871094
495,208,5.0,4.474205017089844
216,129,4.0,4.116147041320801
297,508,4.0,3.6608529090881348
748,180,4.0,3.68271803855896
681,294,5.0,2.824709415435791
629,331,3.0,3.8625051975250244
753,195,1.0,3.650233507156372
516,523,3.0,4.226537227630615
352,194,3.0,3.998530626296997
87,802,4.0,3.4713149070739746
827,331,3.0,3.3916213512420654
343,235,4.0,3.2616946697235107
387,113,4.0,3.946300506591797
880,411,4.0,3.153507709503174
5,234,2.0,3.4427003860473633
543,22,3.0,3.8760406970977783
125,202,5.0,3.8191304206848145
894,750,4.0,4.110479354858398
764,118,3.0,3.6876816749572754
83,79,5.0,4.677301406860352
257,269,3.0,4.619483947753906
802,333,4.0,4.303821563720703
13,239,4.0,3.1774353981018066
830,98,5.0,4.373779296875
195,242,4.0,4.282057762145996
246,196,3.0,3.5319149494171143
795,108,3.0,3.054624319076538
244,673,3.0,4.036284923553467
234,82,3.0,2.717301607131958
234,531,3.0,3.225503444671631
145,273,5.0,3.525294303894043
184,15,3.0,3.2733330726623535
487,1220,4.0,3.9628117084503174
424,690,3.0,3.162224292755127
354,42,2.0,3.6811819076538086
450,170,5.0,4.411684989929199
297,50,5.0,4.108882904052734
7,433,5.0,3.9800236225128174
870,504,5.0,3.790592908859253
313,428,3.0,3.6910665035247803
504,409,4.0,3.4653971195220947
59,1113,4.0,3.833165407180786
843,569,1.0,2.4797794818878174
532,452,5.0,3.662010908126831
500,255,3.0,2.903494119644165
833,182,5.0,3.8929131031036377
297,485,3.0,3.39046049118042
796,1228,4.0,3.091189384460449
854,11,5.0,3.216796636581421
455,22,4.0,4.187567234039307
308,526,3.0,3.8270511627197266
743,308,2.0,3.554908514022827
934,1425,1.0,2.8334529399871826
622,86,4.0,3.8948488235473633
478,81,4.0,3.6161129474639893
486,236,3.0,3.672175884246826
923,174,5.0,4.973013877868652
910,24,3.0,2.846843957901001
805,25,4.0,3.6485607624053955
514,268,4.0,3.774472951889038
618,95,3.0,3.7505717277526855
570,321,1.0,2.5704195499420166
276,710,4.0,3.814136028289795
236,483,5.0,4.087183952331543
833,79,3.0,2.7445404529571533
907,697,5.0,4.204270362854004
679,721,3.0,3.310171127319336
601,508,4.0,3.1561455726623535
848,462,5.0,4.116925239562988
918,289,2.0,2.6213884353637695
406,601,3.0,3.8673512935638428
854,528,4.0,3.91882586479187
553,434,3.0,4.16438102722168
611,311,4.0,4.0991082191467285
363,550,4.0,3.0318148136138916
264,746,3.0,4.2374067306518555
462,237,5.0,4.318624496459961
79,900,4.0,4.295781135559082
204,170,5.0,4.178908348083496
921,1279,2.0,2.6447231769561768
215,77,3.0,3.468353271484375
43,82,4.0,4.226962089538574
405,666,1.0,1.540557622909546
416,144,5.0,4.529746055603027
60,515,5.0,4.837835311889648
85,508,2.0,3.111560583114624
471,768,3.0,3.129535436630249
942,31,5.0,4.260359764099121
551,9,5.0,3.9345879554748535
323,121,3.0,3.0512278079986572
655,650,3.0,3.122844934463501
864,209,3.0,4.161493301391602
750,325,1.0,2.6908109188079834
854,619,2.0,2.550710439682007
256,120,1.0,3.0489964485168457
515,342,3.0,2.519242525100708
76,1154,5.0,2.8790934085845947
833,649,3.0,3.2527129650115967
269,531,5.0,3.1965854167938232
495,229,3.0,3.725569009780884
320,974,3.0,3.241814374923706
524,515,4.0,4.325684547424316
489,681,3.0,3.2582876682281494
881,678,2.0,2.5665299892425537
92,707,4.0,4.014705657958984
80,423,3.0,3.85990571975708
292,100,5.0,4.540643692016602
377,100,3.0,4.18235969543457
303,576,3.0,2.8920886516571045
916,106,3.0,2.659724473953247
445,895,2.0,1.4321540594100952
333,435,4.0,3.995629072189331
746,181,5.0,4.140167236328125
886,919,4.0,3.4162590503692627
234,221,2.0,3.6223034858703613
566,273,5.0,3.2818331718444824
751,849,2.0,2.469677209854126
73,272,4.0,3.6441731452941895
864,629,3.0,3.4677813053131104
91,423,5.0,3.961205005645752
374,23,3.0,3.448911428451538
721,748,3.0,3.7320117950439453
181,934,3.0,1.6682653427124023
646,1237,3.0,2.955587148666382
385,435,3.0,3.1974120140075684
500,196,4.0,3.5207645893096924
342,475,5.0,4.141042232513428
782,1598,2.0,2.2759478092193604
121,100,4.0,4.332635402679443
666,300,3.0,2.939391851425171
821,118,3.0,3.665221929550171
537,382,3.0,2.997591018676758
303,80,4.0,2.8971569538116455
835,127,4.0,4.533840179443359
690,276,3.0,2.6755805015563965
276,147,4.0,3.5068411827087402
577,866,5.0,3.510960340499878
450,191,5.0,4.544266700744629
450,657,4.0,4.734895706176758
57,117,4.0,4.235823154449463
648,47,2.0,2.682234764099121
798,173,5.0,3.9415793418884277
311,97,4.0,4.19957160949707
323,332,3.0,2.843620538711548
354,900,4.0,4.086012840270996
422,267,4.0,3.260324716567993
804,528,4.0,3.9615190029144287
818,328,4.0,3.2351996898651123
881,1411,2.0,2.2992420196533203
753,673,1.0,3.327427625656128
206,889,2.0,2.0560944080352783
248,282,2.0,3.370945692062378
684,121,3.0,3.7383251190185547
864,972,2.0,3.457930564880371
836,89,4.0,4.355090618133545
389,497,4.0,4.472324371337891
388,294,4.0,4.110935688018799
405,1297,1.0,1.9246348142623901
758,1142,5.0,4.552330017089844
749,448,2.0,3.325408697128296
707,603,3.0,3.9695322513580322
16,655,5.0,4.356195449829102
805,71,3.0,3.0065624713897705
735,9,4.0,3.394713878631592
455,275,4.0,3.720228672027588
456,550,2.0,3.0489296913146973
880,147,4.0,3.6248481273651123
214,705,4.0,3.8300342559814453
539,340,2.0,3.7930476665496826
894,905,3.0,3.299638271331787
653,746,5.0,3.0502631664276123
661,117,4.0,3.574554443359375
234,647,3.0,3.8469667434692383
617,452,1.0,1.7759813070297241
26,15,4.0,3.1426477432250977
569,7,4.0,3.745767831802368
881,176,4.0,3.6957967281341553
487,88,4.0,3.9412460327148438
83,568,4.0,4.280895233154297
276,915,4.0,4.148882865905762
601,591,3.0,2.920706033706665
694,183,5.0,4.2529144287109375
184,604,4.0,4.183803558349609
758,291,4.0,3.290400981903076
437,436,4.0,3.4051930904388428
234,511,5.0,3.8541040420532227
791,322,4.0,3.506284475326538
59,273,2.0,4.006093978881836
825,456,3.0,2.8285975456237793
796,215,5.0,4.326313018798828
201,421,2.0,3.105861186981201
168,930,3.0,3.016998052597046
823,56,5.0,4.724618911743164
899,172,4.0,4.078186988830566
98,194,5.0,3.7813518047332764
916,91,4.0,3.8811845779418945
635,328,3.0,3.3915843963623047
313,837,4.0,3.8632214069366455
202,173,2.0,3.2987825870513916
11,659,5.0,4.056885242462158
601,921,5.0,3.5907835960388184
543,207,5.0,3.4714407920837402
851,680,3.0,2.639554738998413
345,98,5.0,4.562854766845703
520,311,3.0,3.994529962539673
512,527,5.0,4.341499328613281
54,685,3.0,3.735867500305176
147,339,5.0,3.6495933532714844
125,585,4.0,2.57888126373291
840,499,4.0,4.416254997253418
559,398,3.0,2.040543556213379
466,92,4.0,3.2026445865631104
401,588,2.0,3.2523233890533447
291,90,5.0,3.7844369411468506
881,217,3.0,2.8989038467407227
514,511,3.0,4.398399353027344
271,77,4.0,3.429521083831787
387,91,4.0,3.8153021335601807
250,89,4.0,4.5703020095825195
270,226,4.0,3.9514403343200684
567,273,5.0,3.0088043212890625
643,820,3.0,2.652505874633789
542,150,2.0,3.600971221923828
679,531,4.0,3.871262311935425
292,748,3.0,2.830416202545166
708,271,1.0,3.3649141788482666
782,1383,3.0,2.0412817001342773
293,300,2.0,1.9018914699554443
798,281,4.0,3.76361346244812
6,302,4.0,3.7456588745117188
887,284,4.0,3.8594844341278076
648,79,5.0,4.256933689117432
913,19,5.0,3.5049073696136475
13,492,5.0,3.8757944107055664
59,321,4.0,3.622432231903076
557,150,3.0,4.0158257484436035
145,412,4.0,2.3500723838806152
301,193,3.0,3.8014719486236572
661,603,3.0,4.679269790649414
393,982,3.0,2.708566427230835
303,1016,3.0,2.809497117996216
868,145,1.0,1.764293909072876
704,214,2.0,3.183422803878784
561,79,3.0,2.6649467945098877
474,131,4.0,4.27839994430542
87,575,3.0,2.9897220134735107
342,581,3.0,3.253333330154419
397,475,4.0,4.091747283935547
505,705,3.0,3.4472389221191406
667,461,4.0,3.8428826332092285
128,151,3.0,3.7557764053344727
773,172,5.0,3.705264091491699
894,16,3.0,3.4692676067352295
267,147,3.0,3.6786856651306152
262,735,4.0,3.641422986984253
932,30,4.0,4.323937892913818
892,180,5.0,4.575882911682129
321,432,5.0,3.7403757572174072
52,237,4.0,4.344318389892578
290,181,5.0,3.904907464981079
476,33,4.0,3.5316457748413086
588,720,4.0,3.326991319656372
345,234,4.0,3.9207539558410645
790,572,3.0,2.8042702674865723
194,175,3.0,3.1986849308013916
796,636,2.0,3.3669984340667725
621,588,3.0,4.044466018676758
758,790,4.0,3.153247594833374
479,172,4.0,4.2490644454956055
894,237,4.0,3.5885169506073
524,1152,3.0,3.0941457748413086
751,347,4.0,3.3748106956481934
326,523,4.0,3.589343309402466
109,826,3.0,2.7804901599884033
821,357,5.0,5.108785629272461
254,62,3.0,2.7212555408477783
595,1142,5.0,4.487766265869141
279,1025,2.0,2.775129795074463
393,332,4.0,3.739194631576538
305,246,3.0,3.6085383892059326
405,1177,1.0,1.0874619483947754
222,26,3.0,3.230587959289551
598,260,3.0,2.9257566928863525
939,424,3.0,1.8185306787490845
59,142,1.0,3.1860904693603516
269,739,1.0,1.0982756614685059
846,558,4.0,3.721494197845459
655,417,2.0,2.3234071731567383
301,182,5.0,3.71030592918396
236,69,5.0,3.5353574752807617
198,131,3.0,3.748965263366699
416,235,2.0,3.2861478328704834
642,1136,4.0,3.81589412689209
476,738,3.0,2.916961431503296
194,519,4.0,3.503727436065674
347,177,5.0,3.817429304122925
318,157,5.0,3.918523073196411
712,790,4.0,3.356313467025757
175,96,3.0,4.03924036026001
927,91,4.0,3.470235824584961
435,752,3.0,3.7275357246398926
854,135,4.0,3.9465696811676025
854,484,3.0,3.9624242782592773
922,219,1.0,3.198068141937256
592,181,3.0,3.9432389736175537
916,206,3.0,3.5720365047454834
293,186,2.0,3.2173118591308594
793,250,4.0,3.5187883377075195
819,1537,5.0,3.565983533859253
318,517,3.0,3.8878366947174072
30,780,4.0,3.2859857082366943
509,301,2.0,2.5165648460388184
940,610,1.0,3.215585470199585
715,405,3.0,3.273430109024048
795,186,3.0,3.4803645610809326
930,300,4.0,3.063819646835327
764,275,4.0,3.914430856704712
395,98,5.0,4.950360298156738
301,127,4.0,4.019779205322266
140,302,4.0,4.545618057250977
92,712,3.0,3.3715732097625732
660,191,4.0,3.4283528327941895
109,1013,3.0,2.1282589435577393
425,178,3.0,3.5428905487060547
542,508,3.0,3.44464111328125
788,183,5.0,3.9052212238311768
271,338,1.0,2.480522871017456
145,731,3.0,3.2954676151275635
610,11,4.0,3.585049867630005
758,301,3.0,3.3072664737701416
881,430,4.0,3.5090508460998535
758,213,5.0,4.468847274780273
535,71,4.0,3.891623020172119
788,665,2.0,2.971794843673706
25,520,3.0,4.32563591003418
577,133,4.0,4.159441947937012
190,302,5.0,3.8485381603240967
201,188,4.0,3.3361399173736572
912,611,3.0,3.849377393722534
796,283,3.0,3.610630750656128
312,484,5.0,4.896645545959473
363,699,2.0,3.1980507373809814
59,756,2.0,2.7395529747009277
296,89,5.0,4.693931579589844
784,315,4.0,4.303269863128662
484,578,3.0,3.6204895973205566
527,23,5.0,4.037871360778809
145,393,5.0,3.4811267852783203
627,947,3.0,3.5033509731292725
299,950,2.0,2.970369815826416
656,270,3.0,2.662259578704834
195,276,4.0,3.859851360321045
505,7,3.0,3.022613286972046
726,833,5.0,2.56843638420105
753,199,5.0,3.776883602142334
479,566,3.0,3.404972553253174
435,895,3.0,3.4777684211730957
42,866,4.0,3.5272793769836426
507,294,5.0,4.752324104309082
408,242,4.0,4.186934947967529
840,357,5.0,4.888701438903809
200,118,4.0,4.215428352355957
399,386,3.0,2.3181352615356445
417,475,4.0,3.609133720397949
394,405,3.0,3.6659677028656006
268,63,1.0,2.3157811164855957
405,47,5.0,1.3145508766174316
114,204,3.0,3.230818033218384
269,198,4.0,3.728623628616333
210,654,5.0,4.800568580627441
794,100,5.0,4.987151145935059
13,157,3.0,3.600141763687134
380,170,4.0,3.462031602859497
457,841,4.0,2.987215042114258
293,7,3.0,3.373112201690674
862,496,5.0,4.5855607986450195
243,111,4.0,3.162766218185425
482,289,3.0,2.9131815433502197
6,513,4.0,4.426277160644531
344,14,5.0,4.170576572418213
428,343,2.0,3.843386650085449
145,51,3.0,3.7215523719787598
751,494,4.0,4.008970737457275
279,68,4.0,3.4531662464141846
15,322,3.0,2.604463815689087
13,334,1.0,2.8885631561279297
561,186,3.0,2.9157989025115967
628,1025,5.0,3.516698122024536
630,687,3.0,2.4281935691833496
324,288,5.0,4.545075416564941
230,95,5.0,4.416433334350586
897,864,4.0,3.5890049934387207
785,69,4.0,3.7975175380706787
130,888,3.0,4.448636054992676
279,1072,4.0,2.6051831245422363
275,230,3.0,3.343502998352051
647,136,5.0,4.268229961395264
778,11,5.0,3.3453266620635986
707,507,5.0,3.77911639213562
437,156,2.0,3.625702381134033
442,231,3.0,2.667891502380371
896,768,2.0,2.5975615978240967
393,893,3.0,2.690333843231201
500,768,2.0,2.513693332672119
399,506,3.0,3.067903995513916
497,240,4.0,2.6811318397521973
296,194,5.0,4.671530723571777
291,356,4.0,3.5842864513397217
533,1173,4.0,2.483349323272705
770,282,5.0,4.736424446105957
387,102,3.0,2.480567216873169
528,258,4.0,3.8158648014068604
936,405,2.0,3.191230058670044
453,164,3.0,3.357282876968384
627,568,2.0,3.271350622177124
68,596,2.0,2.7853760719299316
307,197,4.0,4.139848232269287
292,250,3.0,3.652801513671875
639,528,4.0,3.528362989425659
753,50,4.0,4.210201263427734
218,12,5.0,4.020196914672852
445,1081,1.0,2.2151665687561035
99,107,3.0,3.8319900035858154
300,456,4.0,2.836794853210449
504,419,3.0,3.928626775741577
863,302,4.0,4.308559417724609
413,258,4.0,3.6470587253570557
189,855,3.0,4.031585693359375
474,663,4.0,4.380582809448242
747,70,4.0,4.042577743530273
213,164,5.0,4.0545806884765625
5,105,3.0,1.9757416248321533
778,82,3.0,2.908874750137329
878,168,4.0,3.626365900039673
226,191,4.0,3.964215040206909
389,25,3.0,2.966810941696167
846,388,3.0,2.4623653888702393
200,54,4.0,4.17041015625
833,100,4.0,4.3442487716674805
773,792,4.0,4.025826454162598
251,172,5.0,4.500821113586426
392,463,3.0,4.361566543579102
359,748,3.0,3.7070717811584473
600,79,4.0,4.322474479675293
291,551,2.0,2.8812482357025146
506,731,4.0,3.325249433517456
642,65,4.0,3.1469411849975586
224,300,4.0,3.9085309505462646
465,357,4.0,3.749526023864746
293,69,3.0,3.0617640018463135
609,319,1.0,2.6842830181121826
161,56,3.0,2.818652391433716
846,204,3.0,4.0346527099609375
451,681,1.0,2.396782875061035
504,402,4.0,3.862903356552124
13,566,5.0,3.3007028102874756
504,1030,3.0,2.301584243774414
280,200,5.0,3.934601068496704
807,133,5.0,4.297646999359131
794,751,3.0,3.6248586177825928
784,333,4.0,4.194440841674805
868,385,2.0,2.2380199432373047
63,286,4.0,3.6736443042755127
450,44,3.0,3.8480594158172607
181,1081,1.0,1.1753723621368408
399,84,2.0,2.4525516033172607
25,969,3.0,3.9131710529327393
314,1178,2.0,3.0396413803100586
916,9,5.0,4.242100715637207
655,942,4.0,2.9112672805786133
256,265,4.0,4.810111045837402
537,150,3.0,3.0479142665863037
892,100,5.0,4.687142372131348
373,497,3.0,4.140969276428223
782,326,5.0,3.1659786701202393
627,729,1.0,3.291424036026001
298,511,4.0,4.487451553344727
932,855,5.0,3.990699291229248
417,1023,4.0,2.4505441188812256
864,151,5.0,3.9719297885894775
429,71,3.0,3.4147660732269287
659,467,3.0,3.715894937515259
328,344,4.0,3.606989860534668
648,83,4.0,3.8926339149475098
345,1117,4.0,3.2577438354492188
32,628,4.0,3.3640296459198
197,127,5.0,3.868684768676758
419,191,4.0,4.526811599731445
840,473,5.0,3.8157057762145996
13,150,5.0,3.168166160583496
804,841,4.0,3.2975099086761475
877,14,5.0,3.915645122528076
236,174,3.0,3.876110792160034
49,151,5.0,3.414033889770508
347,172,5.0,4.513974189758301
622,109,5.0,3.4730637073516846
756,622,3.0,3.0322043895721436
335,748,2.0,3.442841053009033
600,182,4.0,4.508092880249023
271,707,4.0,3.9663076400756836
503,732,3.0,3.8170063495635986
445,12,2.0,2.8660991191864014
883,50,4.0,4.418547630310059
387,99,5.0,3.460271120071411
342,58,5.0,3.4739015102386475
595,1047,2.0,2.1917824745178223
712,399,5.0,3.6278507709503174
708,274,4.0,3.348552703857422
62,451,3.0,3.0730342864990234
268,1118,3.0,3.3207693099975586
373,214,4.0,3.1682584285736084
712,234,2.0,4.01778507232666
390,302,5.0,4.523111343383789
98,321,3.0,3.0852458477020264
431,332,3.0,3.6643118858337402
727,100,2.0,3.6649880409240723
433,246,4.0,3.969550848007202
158,174,5.0,4.318417549133301
526,333,3.0,2.792954683303833
622,178,4.0,4.1827712059021
512,286,5.0,3.9244043827056885
483,68,1.0,3.1518194675445557
684,38,3.0,3.0987467765808105
896,235,1.0,2.234100818634033
71,177,2.0,3.967151165008545
244,215,4.0,3.7433106899261475
344,1142,5.0,4.325104713439941
128,393,4.0,3.286809206008911
430,168,4.0,3.9620015621185303
405,356,5.0,2.709956407546997
323,467,5.0,3.9189255237579346
394,773,4.0,3.0689878463745117
835,526,3.0,4.37523078918457
91,357,5.0,4.211041450500488
261,687,5.0,2.458611249923706
343,606,5.0,4.8653717041015625
637,685,3.0,2.4888412952423096
181,873,1.0,1.9761910438537598
221,218,4.0,3.8162872791290283
321,607,4.0,3.85823655128479
362,689,5.0,3.2679224014282227
883,531,3.0,4.021807670593262
911,478,5.0,4.104182243347168
535,727,4.0,3.5325324535369873
851,174,5.0,4.515878677368164
458,56,5.0,4.471656799316406
622,404,3.0,3.570040464401245
110,67,3.0,3.1492626667022705
766,483,3.0,4.1368865966796875
345,1247,2.0,1.963438868522644
197,340,2.0,2.9827077388763428
393,5,3.0,3.684678077697754
533,988,2.0,2.3224594593048096
533,289,2.0,2.8394219875335693
788,380,3.0,3.43135142326355
252,276,5.0,4.553565979003906
825,258,4.0,4.167903900146484
562,727,5.0,3.198029041290283
883,89,5.0,4.470012664794922
862,657,5.0,4.975846290588379
707,64,3.0,3.963270902633667
846,1066,3.0,3.5483031272888184
189,157,4.0,4.034951210021973
97,133,1.0,4.099260330200195
87,570,3.0,3.4443328380584717
901,929,4.0,2.8462142944335938
800,864,4.0,3.2797632217407227
288,132,3.0,4.011467933654785
234,464,4.0,3.2930116653442383
391,15,4.0,3.228137731552124
605,176,4.0,3.965345859527588
30,231,2.0,2.94830584526062
870,477,4.0,3.0804781913757324
764,323,3.0,3.022021770477295
630,153,3.0,3.025731086730957
751,302,4.0,3.877042770385742
806,1012,4.0,3.550093650817871
851,818,2.0,3.0363996028900146
454,56,3.0,2.698814630508423
579,173,5.0,4.096123695373535
383,137,5.0,4.167786598205566
847,153,4.0,3.1748406887054443
311,651,4.0,4.189386367797852
532,242,4.0,4.460878372192383
249,708,4.0,4.306897163391113
85,192,4.0,4.214897155761719
58,311,4.0,4.207385063171387
891,742,4.0,4.260737419128418
384,258,4.0,4.38582706451416
299,55,2.0,3.6694812774658203
293,510,3.0,3.9420931339263916
427,331,4.0,5.101884841918945
903,324,4.0,3.3541276454925537
178,619,3.0,3.543168067932129
118,180,5.0,5.126422882080078
73,135,5.0,4.158677101135254
427,319,3.0,4.233065605163574
262,252,3.0,2.4763758182525635
56,993,3.0,3.703796625137329
207,11,3.0,3.554274559020996
758,386,3.0,3.205540418624878
804,72,4.0,3.6139376163482666
339,160,5.0,3.9182565212249756
712,776,4.0,3.581796646118164
501,544,4.0,3.6882243156433105
249,741,4.0,4.235658645629883
271,414,4.0,3.9550979137420654
298,205,5.0,4.138700485229492
773,568,1.0,2.796539545059204
342,98,3.0,4.277468204498291
941,300,4.0,3.99521541595459
868,164,2.0,2.6233606338500977
433,919,5.0,3.8305511474609375
847,507,3.0,3.0325958728790283
786,187,4.0,4.228629112243652
648,82,5.0,4.167799472808838
897,523,5.0,4.13547420501709
24,655,5.0,4.318387508392334
721,325,3.0,2.7999651432037354
314,1221,3.0,3.8371713161468506
334,290,3.0,3.0176138877868652
500,204,3.0,3.152614116668701
493,435,5.0,3.997351884841919
13,292,5.0,3.37896990776062
826,241,4.0,4.173303604125977
645,203,4.0,4.007657051086426
378,436,4.0,3.584522008895874
465,114,4.0,3.6707069873809814
557,50,4.0,4.719480514526367
642,801,3.0,3.1467127799987793
49,231,3.0,1.7781896591186523
1,55,5.0,4.135924339294434
346,616,1.0,3.003333806991577
311,495,4.0,3.81882643699646
640,926,3.0,3.19636869430542
48,650,3.0,3.283231258392334
817,289,2.0,2.8853797912597656
115,642,5.0,4.239747047424316
595,1094,3.0,2.3992419242858887
647,588,4.0,3.9605400562286377
852,274,3.0,3.6767935752868652
114,505,3.0,3.4714229106903076
158,50,4.0,4.773943901062012
169,443,4.0,3.662168025970459
664,663,4.0,4.067919731140137
135,802,2.0,2.4033327102661133
201,62,1.0,2.2449402809143066
592,1070,5.0,4.467633247375488
416,67,4.0,3.4036829471588135
757,203,5.0,3.798898458480835
516,181,4.0,4.280370235443115
825,323,4.0,3.953348159790039
645,709,3.0,4.47689151763916
128,118,5.0,2.966965913772583
889,657,4.0,4.042380332946777
347,1047,1.0,2.881221055984497
201,448,3.0,2.864140272140503
661,178,4.0,4.576923370361328
49,406,2.0,1.1702992916107178
497,71,4.0,3.604717969894409
437,381,5.0,3.588709831237793
408,358,4.0,2.9725685119628906
264,645,4.0,4.568087577819824
740,242,4.0,3.835916042327881
833,288,2.0,2.521167039871216
907,79,5.0,5.31102180480957
254,231,3.0,2.575444221496582
561,480,4.0,3.9332427978515625
748,135,4.0,3.5406086444854736
439,475,3.0,4.350139141082764
780,294,3.0,3.2924320697784424
679,56,4.0,4.186830997467041
660,748,3.0,2.2165935039520264
882,122,2.0,2.441899299621582
232,215,3.0,3.8164868354797363
666,616,3.0,3.718818187713623
445,748,1.0,1.2709925174713135
848,481,3.0,4.388049602508545
830,193,5.0,4.058933258056641
588,370,5.0,3.2051634788513184
291,232,4.0,3.7211663722991943
328,4,3.0,3.449606418609619
305,582,4.0,3.4681708812713623
85,610,3.0,3.7125484943389893
423,258,5.0,3.8195912837982178
63,480,3.0,3.9542460441589355
394,568,5.0,4.056195259094238
318,143,5.0,4.230592727661133
81,318,5.0,4.173210620880127
374,5,4.0,3.5102427005767822
297,209,4.0,3.798858165740967
753,134,4.0,3.7251334190368652
915,286,4.0,3.123816728591919
480,527,4.0,3.7491819858551025
393,8,3.0,3.5030345916748047
305,45,5.0,3.7639009952545166
916,597,2.0,2.0983333587646484
233,588,5.0,4.140470504760742
194,628,3.0,2.7562811374664307
804,1028,3.0,3.632830858230591
426,1064,4.0,3.474191904067993
392,260,1.0,2.606032371520996
178,196,4.0,4.200522422790527
5,226,3.0,2.8110525608062744
181,1390,1.0,1.3031871318817139
271,317,3.0,4.170293807983398
763,59,5.0,4.23486328125
893,771,3.0,2.659789562225342
582,124,4.0,4.478396415710449
161,100,4.0,2.940783739089966
308,637,3.0,3.121797800064087
490,292,3.0,2.966552734375
497,151,3.0,3.2827303409576416
878,707,2.0,3.4973385334014893
255,564,1.0,1.5334830284118652
655,1636,4.0,0.8370534181594849
222,1,4.0,3.6874122619628906
769,1322,2.0,2.612184524536133
135,642,4.0,3.6201248168945312
674,866,5.0,3.4348673820495605
870,255,2.0,2.700934410095215
619,245,4.0,2.9001102447509766
542,235,3.0,2.8184807300567627
850,228,5.0,4.362710952758789
825,930,5.0,3.658402919769287
887,756,5.0,3.5455071926116943
387,25,2.0,3.069239854812622
116,145,2.0,2.232436180114746
843,214,3.0,2.4016830921173096
497,194,3.0,3.696866989135742
938,595,2.0,2.955932378768921
556,513,4.0,4.920160293579102
145,763,4.0,3.419868230819702
249,298,4.0,4.140347480773926
201,751,3.0,2.7264907360076904
504,1444,3.0,2.564972162246704
851,95,4.0,4.010898590087891
318,326,4.0,3.650533437728882
653,202,3.0,2.734672784805298
633,498,2.0,3.519958019256592
59,583,5.0,3.6240787506103516
387,1187,4.0,3.5856199264526367
653,708,2.0,2.194796085357666
64,70,5.0,3.525139570236206
318,501,4.0,3.7463881969451904
834,294,3.0,3.654811382293701
633,148,1.0,3.3628921508789062
322,272,4.0,4.127099514007568
763,111,2.0,3.537639617919922
393,223,4.0,3.6024258136749268
301,1,4.0,4.056117057800293
2,316,5.0,4.163372993469238
405,854,1.0,1.2796210050582886
453,826,1.0,2.279172897338867
381,682,2.0,2.518056631088257
592,1264,4.0,3.3284101486206055
398,56,4.0,3.441239595413208
268,16,3.0,3.168645143508911
297,300,3.0,3.155606269836426
198,31,3.0,3.127887010574341
892,542,1.0,2.7837650775909424
151,51,4.0,3.8549578189849854
374,829,2.0,2.9152262210845947
552,7,3.0,3.422748327255249
642,118,3.0,4.507266998291016
320,368,3.0,2.0181775093078613
234,959,2.0,3.0768072605133057
676,168,5.0,4.071678161621094
878,921,4.0,3.4915432929992676
295,232,3.0,3.7971622943878174
314,73,4.0,4.362425327301025
355,288,5.0,4.324555397033691
929,515,5.0,4.095470428466797
453,22,5.0,3.9246745109558105
213,475,4.0,4.3792805671691895
659,712,3.0,3.264965772628784
184,208,4.0,3.9075376987457275
682,1135,2.0,2.899888753890991
922,227,4.0,3.2593610286712646
346,365,1.0,3.3935494422912598
731,215,5.0,3.4605841636657715
429,1028,3.0,2.602254867553711
748,227,3.0,3.0168755054473877
886,132,3.0,3.7497916221618652
551,62,5.0,3.4325976371765137
623,275,5.0,3.602001667022705
303,501,4.0,3.987757444381714
648,17,2.0,2.9654572010040283
677,845,3.0,3.7359888553619385
897,660,4.0,4.076481819152832
144,286,4.0,3.42897629737854
543,748,3.0,2.2888681888580322
435,69,4.0,3.2172341346740723
870,503,4.0,3.4399993419647217
693,99,3.0,3.293118476867676
188,443,4.0,3.692270517349243
339,1135,2.0,3.090380907058716
682,431,4.0,3.449913501739502
363,169,5.0,3.9348716735839844
406,180,5.0,4.026460647583008
215,180,3.0,4.200631141662598
804,32,3.0,3.367906332015991
883,886,3.0,3.240980386734009
506,489,4.0,3.81313419342041
643,127,5.0,4.542350769042969
279,184,5.0,3.359393358230591
308,198,3.0,4.25218391418457
846,86,5.0,4.109907150268555
590,1014,3.0,2.9635727405548096
397,65,2.0,4.0241498947143555
399,455,4.0,2.9229235649108887
416,269,4.0,4.382673263549805
301,496,5.0,4.091038703918457
405,1338,1.0,1.5175963640213013
487,586,2.0,2.949125051498413
614,9,4.0,3.1242198944091797
541,993,4.0,3.5778346061706543
816,258,3.0,4.473658561706543
269,246,5.0,3.694885492324829
514,430,4.0,3.9666686058044434
326,176,2.0,3.46103835105896
267,22,4.0,4.550626754760742
339,134,5.0,5.200834274291992
110,22,4.0,4.322816848754883
464,328,3.0,3.843722343444824
365,271,4.0,3.408358097076416
293,679,2.0,2.6477911472320557
881,98,5.0,3.9412286281585693
346,29,4.0,2.922011375427246
553,132,4.0,4.332305908203125
383,193,4.0,4.235562324523926
634,272,5.0,4.417706489562988
215,98,5.0,4.5576372146606445
773,531,5.0,3.623094320297241
335,313,3.0,4.565132141113281
560,11,4.0,3.7166080474853516
428,877,5.0,3.170689105987549
400,304,4.0,3.8462941646575928
698,22,1.0,3.5572855472564697
276,1090,1.0,2.4525856971740723
764,100,4.0,3.8846821784973145
642,462,4.0,3.1124653816223145
540,741,3.0,3.814702272415161
255,443,1.0,3.206007957458496
551,217,1.0,3.758263111114502
871,752,3.0,3.4180142879486084
385,215,2.0,2.2872931957244873
907,202,5.0,4.5056962966918945
245,21,3.0,2.727094888687134
907,869,5.0,3.9878792762756348
94,127,5.0,4.985171318054199
316,521,5.0,3.322920799255371
551,340,4.0,3.867311716079712
51,184,3.0,3.2732131481170654
26,476,3.0,2.512871026992798
138,662,4.0,3.8052608966827393
23,432,4.0,3.7880642414093018
846,505,5.0,4.04914665222168
505,71,4.0,3.751919746398926
313,778,2.0,3.649362564086914
24,582,4.0,4.122428894042969
851,1676,2.0,0.5817387700080872
659,97,5.0,3.8872828483581543
152,204,4.0,5.143716812133789
793,1,4.0,4.039191246032715
943,808,4.0,3.149087429046631
151,686,3.0,4.030655384063721
1,251,4.0,4.714876174926758
148,418,3.0,3.5205509662628174
292,343,2.0,3.1909613609313965
246,409,2.0,2.552523612976074
314,983,4.0,2.892233371734619
470,295,3.0,3.5262887477874756
504,504,4.0,3.684811592102051
123,132,3.0,4.080636978149414
815,88,4.0,3.5556955337524414
308,396,4.0,3.321941375732422
777,521,5.0,3.9574904441833496
381,742,4.0,3.1769347190856934
918,170,4.0,3.5843915939331055
456,414,3.0,3.7318243980407715
896,23,2.0,3.558892250061035
790,1074,3.0,2.7848963737487793
389,612,4.0,4.299778461456299
312,515,5.0,4.715268135070801
110,2,3.0,3.3702495098114014
331,268,5.0,3.905550479888916
518,222,5.0,4.076661109924316
466,55,4.0,3.6169533729553223
320,27,3.0,3.605809211730957
299,480,4.0,4.097558498382568
119,222,5.0,4.207892894744873
110,333,4.0,3.6214280128479004
123,482,4.0,3.9777908325195312
12,157,5.0,4.13160514831543
100,691,4.0,2.8675246238708496
592,1226,4.0,3.7486157417297363
320,685,4.0,3.8125202655792236
863,895,5.0,3.527122974395752
880,603,5.0,4.679482460021973
405,1579,1.0,0.47192272543907166
537,639,2.0,3.2119617462158203
670,245,4.0,2.557551622390747
487,746,4.0,4.066493034362793
556,321,4.0,3.2343480587005615
184,285,5.0,4.4624223709106445
2,282,4.0,3.4456279277801514
514,189,5.0,4.105378150939941
280,678,2.0,2.6162173748016357
476,999,2.0,3.179154634475708
907,815,5.0,4.3481950759887695
5,227,4.0,2.7510483264923096
620,91,2.0,3.7517454624176025
382,334,5.0,2.9209060668945312
343,199,5.0,4.782533645629883
43,291,3.0,3.7942044734954834
280,7,4.0,3.9672882556915283
738,91,4.0,3.341399908065796
889,1134,4.0,3.3083794116973877
455,241,4.0,3.6261584758758545
90,156,4.0,3.9256718158721924
176,258,4.0,3.7501165866851807
871,511,2.0,3.9789583683013916
107,268,4.0,3.4812097549438477
270,581,5.0,4.2203826904296875
321,7,4.0,3.407909631729126
298,294,3.0,3.284029960632324
298,178,5.0,4.410346984863281
774,550,2.0,1.9227046966552734
112,689,4.0,3.5775938034057617
703,127,5.0,4.032354831695557
897,69,5.0,4.446410179138184
340,186,4.0,4.576445579528809
899,89,4.0,3.8012876510620117
668,347,4.0,3.3433618545532227
429,496,4.0,3.822657346725464
13,475,3.0,3.318189859390259
293,89,5.0,3.847843885421753
221,475,4.0,4.451633453369141
474,208,3.0,4.443735122680664
311,233,4.0,3.60367488861084
738,209,4.0,3.6653361320495605
883,251,5.0,4.502728462219238
500,170,5.0,3.789437770843506
846,1267,3.0,3.1761326789855957
891,459,5.0,4.712465286254883
890,214,4.0,3.5553224086761475
429,546,3.0,2.6165473461151123
128,237,4.0,3.721282482147217
524,607,3.0,3.9120054244995117
848,164,5.0,4.0108137130737305
409,153,4.0,3.4309637546539307
541,418,5.0,3.8911995887756348
363,1,2.0,3.336191177368164
435,818,2.0,2.7715506553649902
318,40,4.0,3.422983407974243
346,842,1.0,2.966610908508301
288,435,4.0,4.018680572509766
249,124,5.0,4.922783851623535
392,321,5.0,3.4729158878326416
405,1035,1.0,2.180055618286133
109,234,4.0,3.717231512069702
58,137,5.0,4.027237415313721
782,1534,2.0,1.6843726634979248
883,867,5.0,3.4616472721099854
429,89,4.0,4.12045955657959
291,456,3.0,2.453568458557129
234,557,1.0,3.3073558807373047
269,122,1.0,3.309448480606079
43,127,4.0,4.121116638183594
795,234,4.0,3.389472723007202
267,230,4.0,3.716398000717163
291,404,4.0,4.149784088134766
884,529,5.0,3.971038579940796
457,934,3.0,3.099790096282959
619,295,4.0,3.443847179412842
554,735,3.0,3.823829174041748
896,651,4.0,3.918994188308716
612,926,2.0,2.8481364250183105
269,148,1.0,0.7132532000541687
178,180,3.0,3.56400728225708
705,546,3.0,3.967132568359375
472,609,5.0,3.563559055328369
648,177,5.0,3.5629923343658447
389,559,3.0,2.5988242626190186
342,654,4.0,4.524090766906738
655,514,5.0,3.463430404663086
274,211,5.0,4.446471214294434
158,550,3.0,3.506072759628296
886,1,4.0,3.730696678161621
435,1225,3.0,2.468371629714966
405,241,1.0,2.869816541671753
94,334,3.0,3.7575888633728027
532,879,3.0,4.04975700378418
67,871,3.0,3.08954119682312
464,482,5.0,4.11415958404541
151,89,5.0,4.461969375610352
315,271,3.0,3.3431079387664795
661,144,5.0,4.211675643920898
796,234,2.0,3.8921995162963867
645,185,5.0,4.536770820617676
216,466,4.0,3.9100635051727295
198,369,1.0,2.024178981781006
774,293,1.0,2.2806077003479004
875,921,5.0,4.297822952270508
222,729,4.0,3.4212560653686523
532,345,4.0,3.7381885051727295
793,117,4.0,3.941333770751953
50,327,3.0,3.3231825828552246
886,288,4.0,3.2632195949554443
276,458,4.0,3.5682179927825928
379,194,5.0,4.616453170776367
174,763,1.0,3.6304843425750732
308,219,3.0,3.4899494647979736
178,125,4.0,3.983970880508423
894,558,5.0,3.920313835144043
73,197,5.0,4.064115524291992
854,358,2.0,2.1499686241149902
236,135,2.0,3.4387004375457764
16,178,5.0,4.849433898925781
481,163,4.0,3.7234716415405273
49,148,1.0,1.0619983673095703
568,301,1.0,2.449270725250244
561,1039,3.0,3.5429270267486572
198,249,2.0,2.9534645080566406
192,258,5.0,3.703359365463257
274,274,4.0,3.7867002487182617
337,1016,4.0,3.854255437850952
270,145,3.0,3.3414289951324463
757,969,3.0,3.7068004608154297
916,77,3.0,2.5759775638580322
715,155,4.0,3.0329432487487793
744,657,5.0,3.991255521774292
753,316,4.0,3.8068807125091553
554,1284,3.0,2.8247623443603516
643,482,4.0,4.062461853027344
84,98,4.0,4.8588972091674805
255,976,1.0,1.6498414278030396
109,425,2.0,2.8582279682159424
405,214,4.0,1.794918179512024
13,161,5.0,2.8087079524993896
545,174,4.0,4.30729866027832
306,287,4.0,3.7340567111968994
711,313,4.0,3.875295877456665
249,188,4.0,4.400842666625977
416,86,1.0,4.325572490692139
114,171,4.0,3.5575520992279053
907,144,5.0,5.035613059997559
936,221,4.0,4.463627815246582
429,97,4.0,3.4613218307495117
259,200,4.0,4.167929172515869
452,684,4.0,3.6446492671966553
940,521,4.0,3.3657426834106445
919,310,3.0,3.742790937423706
551,49,3.0,3.572767496109009
25,208,4.0,3.9191670417785645
425,831,3.0,2.111262321472168
781,172,5.0,4.336133003234863
559,566,5.0,3.25492000579834
591,70,4.0,3.7604575157165527
176,250,4.0,3.296945810317993
381,259,2.0,2.4355595111846924
450,467,4.0,4.060578346252441
407,712,2.0,3.197376012802124
492,187,5.0,3.7118303775787354
320,238,4.0,3.875107765197754
327,651,4.0,3.6774072647094727
878,497,2.0,3.8045239448547363
279,751,4.0,3.5392119884490967
487,385,4.0,4.324024200439453
618,588,4.0,3.684211492538452
796,134,3.0,3.263784408569336
217,566,4.0,3.220719814300537
42,64,5.0,4.725255012512207
216,655,5.0,3.9248039722442627
854,756,3.0,1.7542401552200317
780,498,5.0,4.018481254577637
670,949,2.0,3.299591302871704
44,553,3.0,3.239964008331299
479,62,3.0,2.729708433151245
280,3,2.0,3.3766441345214844
650,780,2.0,2.5338966846466064
70,542,2.0,2.438900947570801
642,409,5.0,3.692314386367798
354,483,4.0,4.32703971862793
416,311,3.0,4.221653938293457
499,153,4.0,3.553844928741455
398,485,5.0,4.082653045654297
924,50,5.0,4.460257530212402
410,689,2.0,2.805485725402832
313,175,4.0,3.564732313156128
455,39,2.0,3.0968103408813477
120,127,4.0,3.8847949504852295
393,1092,3.0,2.6100785732269287
659,423,4.0,3.981433153152466
691,603,5.0,5.011103630065918
450,179,5.0,3.6856095790863037
90,647,5.0,4.752096176147461
119,382,5.0,3.9920153617858887
479,283,4.0,3.6390340328216553
643,68,3.0,3.43487811088562
308,4,5.0,3.810303211212158
711,317,4.0,4.5763092041015625
466,7,4.0,3.4727470874786377
85,658,3.0,3.132446050643921
721,243,3.0,3.1074037551879883
846,205,5.0,4.382685661315918
299,93,2.0,3.674727201461792
161,22,2.0,2.7765374183654785
478,11,4.0,3.601060390472412
618,633,3.0,3.6130709648132324
406,466,4.0,3.46921443939209
342,288,5.0,2.720005989074707
846,98,4.0,4.816197395324707
934,502,4.0,3.773364305496216
116,346,4.0,3.4551842212677
608,487,4.0,3.853444814682007
317,260,4.0,2.979018449783325
921,1,3.0,3.759028911590576
13,706,1.0,2.6560568809509277
324,268,4.0,4.711993217468262
5,364,1.0,2.705124616622925
399,722,2.0,2.4777934551239014
880,570,3.0,3.5053460597991943
425,338,1.0,2.249983072280884
719,50,2.0,4.071672439575195
363,222,5.0,3.0532233715057373
442,22,2.0,3.967332124710083
370,50,4.0,4.268095970153809
329,286,4.0,3.620713472366333
846,289,4.0,3.2056543827056885
530,181,3.0,4.033276557922363
292,7,3.0,4.077627182006836
849,121,5.0,5.148015975952148
432,845,4.0,3.6560699939727783
790,17,2.0,3.0707643032073975
722,291,4.0,3.689765691757202
717,260,1.0,3.0684561729431152
575,98,4.0,3.453627109527588
286,1504,4.0,3.225695848464966
932,436,3.0,3.5510787963867188
796,1415,3.0,2.2467222213745117
115,1073,5.0,4.233369827270508
409,318,4.0,4.023216247558594
251,742,5.0,3.6871633529663086
622,101,5.0,3.4493284225463867
682,1079,3.0,2.0408387184143066
42,591,4.0,3.716506242752075
868,843,1.0,2.9706618785858154
826,226,4.0,3.794874429702759
217,1034,3.0,2.115736484527588
648,118,4.0,3.4050681591033936
475,306,5.0,3.651284694671631
222,173,5.0,3.9839863777160645
693,504,5.0,3.3714935779571533
280,1297,4.0,2.628082513809204
652,538,4.0,3.233095645904541
316,276,2.0,3.539132833480835
715,145,2.0,2.662029981613159
576,237,4.0,3.8777482509613037
314,1063,5.0,3.844545841217041
807,743,3.0,2.153604030609131
451,749,3.0,3.0107064247131348
324,292,3.0,4.646242141723633
435,834,5.0,2.4842939376831055
567,1,3.0,3.5063469409942627
757,22,4.0,4.2835187911987305
786,692,4.0,3.93333101272583
95,465,3.0,3.5618135929107666
193,476,2.0,2.4399032592773438
128,265,5.0,3.8614561557769775
591,921,4.0,4.107542991638184
13,351,1.0,2.637834310531616
415,641,3.0,4.661338806152344
377,164,4.0,3.7418761253356934
417,1135,4.0,3.0180113315582275
655,382,3.0,3.087836503982544
452,945,4.0,3.7040367126464844
885,65,2.0,3.075350284576416
472,196,4.0,4.588412284851074
345,148,3.0,2.798236131668091
76,56,5.0,4.197105407714844
305,655,4.0,3.3739821910858154
450,1135,4.0,3.293168306350708
659,636,3.0,3.2852587699890137
437,168,3.0,4.101885795593262
618,23,5.0,3.277681827545166
925,245,3.0,3.589486598968506
5,176,3.0,3.6450788974761963
398,94,2.0,3.280104875564575
416,240,1.0,2.9341726303100586
398,133,3.0,4.092569828033447
569,111,3.0,3.5623323917388916
452,924,5.0,3.0734732151031494
930,1315,3.0,2.8104195594787598
617,413,1.0,1.5237643718719482
271,582,3.0,3.738839864730835
82,194,4.0,3.8298795223236084
863,691,3.0,3.3218791484832764
293,658,1.0,2.8546669483184814
252,7,4.0,4.425673484802246
497,550,4.0,3.5837175846099854
750,294,4.0,3.370722770690918
445,762,1.0,2.100274085998535
708,926,3.0,2.9391191005706787
401,322,2.0,2.3426103591918945
280,496,5.0,3.9573557376861572
291,376,3.0,2.9380111694335938
174,143,5.0,4.129464626312256
746,423,3.0,3.981740713119507
416,125,5.0,4.171221733093262
215,227,5.0,3.2841103076934814
678,14,3.0,3.311262607574463
936,476,4.0,2.930307626724243
763,730,5.0,3.932415723800659
913,318,4.0,4.180717945098877
199,221,4.0,3.620278835296631
678,50,4.0,3.9811432361602783
663,129,3.0,3.9085264205932617
346,578,2.0,3.323174238204956
477,66,5.0,4.4520978927612305
481,198,4.0,4.18235969543457
603,62,2.0,3.328514575958252
807,374,3.0,2.415961265563965
7,213,3.0,4.378259658813477
486,248,4.0,3.661958694458008
43,385,5.0,4.226466178894043
299,118,2.0,2.0894176959991455
527,134,5.0,4.231252670288086
269,1103,5.0,3.8956234455108643
536,561,3.0,3.4574801921844482
711,269,5.0,4.715392112731934
804,566,4.0,3.9894142150878906
184,1398,5.0,2.56889271736145
456,23,4.0,4.107999801635742
600,1004,4.0,3.633704662322998
308,213,4.0,3.9813783168792725
405,1027,1.0,2.194350242614746
694,385,4.0,4.229827880859375
111,304,4.0,3.5294723510742188
364,262,3.0,3.3419551849365234
435,763,5.0,3.501525640487671
690,1210,3.0,2.6558361053466797
883,386,3.0,2.7678306102752686
788,554,3.0,2.7611358165740967
305,793,5.0,3.275960922241211
603,227,3.0,3.389963388442993
616,299,3.0,3.0986218452453613
49,1071,3.0,2.8672478199005127
660,63,2.0,2.1415090560913086
313,218,2.0,3.4751136302948
334,275,4.0,3.951592206954956
592,56,5.0,4.971321105957031
290,527,4.0,3.2807445526123047
445,458,2.0,1.9330850839614868
886,101,4.0,3.364173650741577
476,80,3.0,2.8240063190460205
292,320,5.0,3.727774143218994
393,380,2.0,3.9372758865356445
7,99,5.0,4.5888872146606445
405,996,1.0,1.8639299869537354
494,507,4.0,3.6869640350341797
614,476,3.0,2.8700175285339355
409,343,3.0,2.37524151802063
463,149,2.0,2.846109390258789
169,174,4.0,4.213974952697754
181,1382,1.0,1.2116985321044922
654,66,4.0,3.845858335494995
887,559,4.0,3.9475672245025635
693,180,3.0,3.5999045372009277
236,200,3.0,3.4053661823272705
374,1001,1.0,2.196779727935791
831,877,2.0,2.3143842220306396
710,64,4.0,4.502199172973633
460,258,3.0,3.276697874069214
514,582,4.0,3.4563019275665283
303,366,3.0,3.0862057209014893
577,1531,4.0,3.5946099758148193
184,218,3.0,3.331012010574341
366,448,5.0,4.219484329223633
551,68,2.0,3.905674457550049
235,269,4.0,4.160891056060791
503,430,5.0,4.2589826583862305
374,289,1.0,3.014958143234253
268,114,5.0,4.032629013061523
648,527,4.0,3.7059788703918457
7,418,4.0,4.114405155181885
707,694,4.0,4.088663101196289
486,25,4.0,3.3161559104919434
345,202,3.0,3.774472236633301
650,550,3.0,2.9380624294281006
648,121,5.0,3.9560821056365967
241,302,3.0,3.82957124710083
815,526,4.0,4.133413314819336
292,174,5.0,4.5784101486206055
343,747,4.0,3.818459987640381
6,477,1.0,3.02805495262146
707,1174,5.0,3.371929168701172
886,709,3.0,3.948019027709961
841,333,4.0,4.333987236022949
882,205,5.0,4.613205909729004
364,1048,5.0,2.9921364784240723
496,204,3.0,2.868102550506592
430,152,4.0,3.5163540840148926
450,492,5.0,4.015202522277832
679,95,3.0,3.4822123050689697
1,213,2.0,4.5003461837768555
835,354,3.0,3.6402747631073
715,237,4.0,3.715954065322876
314,1139,5.0,3.3333933353424072
727,802,2.0,2.7664783000946045
7,637,4.0,3.059053897857666
416,41,3.0,3.5016121864318848
731,1269,3.0,3.455486536026001
383,513,5.0,4.764987945556641
782,1096,2.0,2.1938090324401855
321,736,4.0,3.7011454105377197
899,385,3.0,3.557180881500244
654,153,4.0,3.965404748916626
678,1129,1.0,3.3536946773529053
92,665,3.0,3.015916585922241
830,88,4.0,3.4963948726654053
160,328,3.0,3.1270718574523926
286,993,2.0,3.8855326175689697
620,393,5.0,3.9257569313049316
409,608,4.0,3.777097702026367
305,326,2.0,2.5601184368133545
587,259,4.0,2.558591365814209
269,179,4.0,4.839963912963867
534,288,4.0,4.318416118621826
690,546,4.0,3.074644088745117
201,157,4.0,3.3636891841888428
897,127,5.0,4.139361381530762
922,380,4.0,3.468848466873169
59,1118,2.0,4.012726783752441
244,707,4.0,4.477852821350098
267,364,2.0,3.3109495639801025
932,274,5.0,2.974750280380249
655,1214,2.0,2.208517074584961
504,399,4.0,3.5733578205108643
405,372,1.0,1.7292184829711914
354,1017,3.0,3.4449825286865234
162,147,4.0,3.8530452251434326
222,167,3.0,2.794450283050537
85,270,3.0,3.014334201812744
491,408,5.0,4.403528213500977
25,143,3.0,3.9495763778686523
887,393,4.0,3.989370346069336
174,88,5.0,3.6974916458129883
454,660,3.0,3.083888530731201
280,50,3.0,4.516515731811523
655,215,2.0,2.7497949600219727
887,13,1.0,3.4791715145111084
538,238,5.0,3.4251046180725098
554,405,4.0,3.310184955596924
659,1044,4.0,3.3365118503570557
836,163,5.0,3.7408699989318848
404,300,4.0,3.9801740646362305
643,70,3.0,3.8197429180145264
514,109,3.0,3.6655473709106445
482,288,3.0,3.572510242462158
343,89,3.0,4.873467445373535
478,300,3.0,3.030106782913208
457,959,4.0,4.246734619140625
454,317,4.0,3.0030300617218018
183,202,4.0,3.3759663105010986
160,137,4.0,4.286182880401611
567,299,4.0,2.6229307651519775
802,565,3.0,2.656761407852173
889,210,4.0,3.7754294872283936
479,295,1.0,3.305140733718872
271,487,4.0,4.241772651672363
650,602,4.0,3.153308629989624
59,147,5.0,3.726464033126831
446,879,3.0,2.8665270805358887
605,521,5.0,4.0922746658325195
659,505,4.0,3.8295650482177734
7,578,3.0,3.3308188915252686
345,278,3.0,3.0724737644195557
767,222,5.0,3.7337493896484375
523,1041,4.0,3.755530834197998
292,248,4.0,3.9518356323242188
654,926,4.0,3.1922690868377686
904,778,3.0,3.6417553424835205
877,949,3.0,3.6578586101531982
643,959,3.0,3.6805710792541504
407,177,4.0,3.850978374481201
478,79,4.0,3.5770888328552246
60,496,4.0,4.413149833679199
474,357,5.0,4.819719314575195
10,175,3.0,3.972348213195801
425,576,3.0,2.683154344558716
215,692,3.0,3.726318120956421
880,394,3.0,3.7559568881988525
419,100,5.0,4.491305351257324
194,25,2.0,2.656245708465576
554,179,3.0,3.176621437072754
484,71,2.0,4.559865951538086
843,71,2.0,2.6818816661834717
189,121,2.0,3.068871259689331
622,125,3.0,3.2557435035705566
642,393,5.0,4.138257026672363
664,12,5.0,4.2416462898254395
749,11,5.0,3.75650691986084
669,508,3.0,2.8976681232452393
474,79,5.0,4.380311965942383
378,1220,3.0,3.424286127090454
537,972,3.0,3.155183792114258
330,570,4.0,3.9778380393981934
552,249,3.0,3.093226432800293
313,482,5.0,4.078123092651367
82,304,3.0,2.984506845474243
382,474,5.0,3.8430967330932617
351,748,4.0,3.904554605484009
648,172,5.0,4.504949569702148
839,813,4.0,3.6189136505126953
923,148,4.0,4.062901496887207
932,498,5.0,4.6355133056640625
184,708,4.0,3.7240304946899414
303,160,4.0,3.791539430618286
694,300,4.0,3.878019094467163
489,351,5.0,3.166867733001709
343,116,5.0,4.368588924407959
23,116,5.0,3.909958600997925
385,486,2.0,3.1248154640197754
523,186,3.0,4.889616966247559
210,176,4.0,4.47736930847168
172,430,3.0,3.336449384689331
464,984,2.0,3.0931549072265625
654,591,5.0,3.705888032913208
297,47,2.0,3.2937300205230713
536,49,3.0,3.5563783645629883
487,229,3.0,3.6198313236236572
267,198,5.0,4.816679954528809
463,224,3.0,3.3271210193634033
591,357,5.0,4.429052352905273
488,429,4.0,3.722956418991089
95,274,4.0,3.3957695960998535
207,15,4.0,3.5632078647613525
496,727,5.0,2.9578263759613037
886,4,3.0,3.5174038410186768
189,134,5.0,4.767433166503906
458,86,5.0,4.299266815185547
911,99,3.0,3.8200175762176514
711,316,4.0,4.3923139572143555
204,269,4.0,3.9818761348724365
429,293,4.0,3.7098941802978516
682,570,2.0,2.876610279083252
373,211,4.0,4.057608604431152
269,120,1.0,0.6841219067573547
899,660,4.0,3.605562686920166
825,742,4.0,4.73165225982666
716,651,5.0,4.301139831542969
798,105,3.0,2.8485145568847656
675,305,4.0,3.8258397579193115
608,1101,4.0,3.5382068157196045
154,286,4.0,3.6253130435943604
669,79,2.0,3.2476227283477783
184,451,4.0,3.2979202270507812
379,175,5.0,4.277682304382324
617,174,1.0,2.748115062713623
796,546,4.0,3.6739206314086914
60,237,4.0,4.000433921813965
207,192,3.0,3.845808267593384
400,313,5.0,4.848369598388672
856,316,5.0,3.9486029148101807
879,121,4.0,3.602144479751587
671,255,5.0,3.7690491676330566
933,96,2.0,2.869117021560669
401,144,5.0,3.274548292160034
429,176,3.0,3.7454264163970947
429,1217,2.0,2.5197160243988037
291,735,4.0,4.50662899017334
416,29,2.0,3.122054100036621
773,462,5.0,3.928506374359131
567,79,2.0,3.4689218997955322
805,716,4.0,3.158782720565796
619,566,4.0,3.8602170944213867
378,106,2.0,2.883491039276123
181,277,1.0,1.3427820205688477
566,157,5.0,3.8227155208587646
312,69,4.0,4.015025615692139
286,629,5.0,3.602165460586548
522,521,5.0,4.147003173828125
828,900,2.0,3.3672823905944824
449,274,2.0,2.845226526260376
313,186,3.0,3.9048774242401123
918,656,4.0,3.726069927215576
488,292,3.0,3.1411309242248535
805,1232,3.0,2.7393412590026855
702,313,5.0,3.2910799980163574
331,160,5.0,3.2844300270080566
109,597,2.0,3.803480386734009
497,260,4.0,2.6419782638549805
417,1057,2.0,2.255864143371582
694,132,5.0,4.289275646209717
502,751,3.0,3.3945202827453613
660,1133,2.0,2.553373098373413
894,61,4.0,3.993986129760742
294,249,5.0,3.4887189865112305
537,694,4.0,3.506639003753662
417,444,4.0,2.7687253952026367
606,91,5.0,3.8786890506744385
821,125,4.0,4.158041954040527
216,651,5.0,4.016138076782227
314,8,4.0,3.941006898880005
363,218,2.0,3.1550345420837402
815,433,3.0,3.4552953243255615
629,876,3.0,2.7063238620758057
275,186,3.0,3.595587730407715
291,1505,4.0,0.5778329968452454
495,421,1.0,4.5697221755981445
721,319,3.0,2.960855484008789
911,174,4.0,4.119138717651367
407,859,3.0,2.813171625137329
321,863,3.0,3.862884998321533
748,237,4.0,3.6195759773254395
456,588,3.0,3.4516706466674805
292,111,4.0,3.7097530364990234
605,523,5.0,4.216315746307373
2,13,4.0,3.5517971515655518
561,117,3.0,1.8110580444335938
420,116,4.0,4.084662437438965
131,302,5.0,4.579825401306152
90,659,4.0,4.789885520935059
846,674,4.0,3.238030433654785
299,88,3.0,2.7613539695739746
932,524,5.0,4.439614295959473
375,773,3.0,2.650632381439209
380,81,3.0,3.16938853263855
239,509,5.0,4.348641395568848
325,554,1.0,1.9172697067260742
833,47,5.0,3.6786224842071533
924,701,4.0,3.867037296295166
106,495,4.0,3.7821779251098633
127,300,5.0,4.624040603637695
645,483,5.0,4.644052505493164
343,631,4.0,4.5196428298950195
568,213,4.0,3.3935165405273438
116,323,3.0,2.2193336486816406
567,12,4.0,4.333569526672363
735,300,4.0,3.1116771697998047
82,357,4.0,4.087871551513672
478,282,3.0,3.107102155685425
422,436,3.0,3.734558582305908
623,504,3.0,3.444154739379883
913,92,4.0,3.24369740486145
13,329,2.0,2.2653331756591797
361,705,5.0,4.149665832519531
14,507,4.0,4.1363630294799805
1,27,2.0,3.0492711067199707
7,638,4.0,4.258891582489014
585,1021,3.0,4.033090591430664
279,1113,3.0,2.756317615509033
498,464,4.0,3.250418186187744
287,252,1.0,3.282022714614868
318,193,3.0,4.144906997680664
90,212,4.0,3.691598653793335
458,423,2.0,3.572443962097168
88,898,4.0,3.287583112716675
735,50,5.0,3.848614454269409
620,465,4.0,3.923415184020996
251,418,4.0,3.77255916595459
862,1050,5.0,4.028219223022461
191,86,5.0,3.8118934631347656
402,257,4.0,4.007615566253662
516,199,3.0,4.336852550506592
90,367,4.0,3.8086400032043457
831,690,4.0,3.155407190322876
693,449,2.0,2.6732850074768066
303,734,1.0,2.723442792892456
331,198,4.0,3.9881227016448975
933,95,3.0,2.72587251663208
671,55,3.0,3.8147189617156982
874,116,4.0,3.839374303817749
374,566,3.0,3.9069647789001465
123,13,3.0,3.5893752574920654
880,150,4.0,4.244050979614258
444,286,2.0,4.001853942871094
880,176,5.0,4.239721298217773
379,636,3.0,3.5521345138549805
422,15,3.0,3.3416378498077393
676,50,5.0,4.733898162841797
409,497,3.0,3.917109489440918
123,288,3.0,2.8265769481658936
262,217,3.0,2.9790751934051514
802,194,4.0,4.095731735229492
174,458,4.0,3.7997825145721436
756,566,4.0,3.2072408199310303
87,64,5.0,5.099133491516113
13,281,3.0,2.419834852218628
466,273,4.0,3.3207321166992188
42,222,4.0,4.302529335021973
630,123,4.0,3.1177170276641846
693,181,3.0,3.485962152481079
190,310,4.0,3.7922847270965576
574,750,3.0,3.8433921337127686
301,515,3.0,4.20497465133667
1,137,5.0,4.477126121520996
327,156,4.0,3.5369608402252197
26,50,4.0,3.9381096363067627
896,201,3.0,2.7531657218933105
534,1059,4.0,2.9960906505584717
87,318,4.0,4.987433433532715
654,963,4.0,4.364620208740234
788,144,4.0,3.7921836376190186
919,11,4.0,3.866316080093384
537,236,3.0,2.926487684249878
6,133,4.0,3.9072623252868652
160,488,5.0,4.4566650390625
377,682,3.0,2.9917149543762207
804,282,4.0,4.252734184265137
398,49,3.0,3.2625787258148193
82,87,3.0,3.684847116470337
625,200,3.0,3.252542018890381
749,498,4.0,4.267360687255859
862,432,5.0,4.233268737792969
92,631,4.0,3.887608051300049
721,995,3.0,2.9771666526794434
551,89,4.0,4.464128494262695
870,313,4.0,3.570157527923584
498,1404,3.0,3.200190305709839
125,996,3.0,2.474904775619507
846,1107,4.0,3.434997320175171
287,111,3.0,4.077993392944336
437,588,3.0,3.7364237308502197
291,418,4.0,3.9895148277282715
640,761,5.0,3.529121160507202
72,161,5.0,3.083611488342285
291,293,5.0,4.432639122009277
932,530,4.0,4.663191795349121
10,692,4.0,3.9605813026428223
372,595,4.0,3.755464792251587
503,134,5.0,4.746481895446777
681,894,1.0,1.8987433910369873
163,318,4.0,3.815302610397339
683,311,3.0,3.677816390991211
276,154,4.0,4.3543596267700195
593,660,5.0,3.8474655151367188
299,318,4.0,4.115747928619385
288,173,3.0,4.1778154373168945
468,1016,3.0,3.3406426906585693
41,28,4.0,3.4380877017974854
923,405,4.0,4.097408771514893
363,588,2.0,3.208716630935669
198,188,5.0,3.4223556518554688
729,333,4.0,3.3060667514801025
370,603,5.0,4.257079124450684
758,253,5.0,3.8319437503814697
126,258,4.0,3.7823660373687744
892,1285,4.0,3.647002935409546
303,289,2.0,3.1690616607666016
618,50,5.0,4.217172622680664
428,303,3.0,4.014029502868652
798,432,4.0,2.958796739578247
125,175,2.0,3.0020201206207275
343,333,3.0,3.119769811630249
471,8,5.0,3.0294551849365234
430,748,3.0,2.597092390060425
191,751,3.0,3.279783010482788
14,813,2.0,4.187344551086426
938,929,2.0,2.703740358352661
381,887,3.0,4.130492210388184
296,7,5.0,4.209605693817139
363,1101,3.0,3.374403238296509
19,288,3.0,3.1692917346954346
932,1449,5.0,4.909144401550293
450,1197,3.0,4.185827255249023
931,258,3.0,4.078188896179199
109,409,2.0,3.292919635772705
405,1224,1.0,2.301301956176758
537,664,3.0,3.4806199073791504
588,154,4.0,3.661684274673462
168,866,5.0,3.4724202156066895
342,143,5.0,3.2505104541778564
796,486,5.0,3.6564598083496094
338,215,3.0,3.235872507095337
660,182,2.0,3.256669282913208
533,66,4.0,3.602321147918701
493,1088,2.0,1.8736578226089478
612,15,4.0,3.667220115661621
933,585,1.0,1.9115605354309082
75,476,1.0,2.9558217525482178
887,105,3.0,2.986163377761841
24,402,4.0,3.701870918273926
435,121,3.0,3.262578010559082
841,270,4.0,4.255697727203369
593,196,5.0,4.02069091796875
843,616,3.0,2.4636573791503906
25,633,4.0,3.8071646690368652
130,392,4.0,4.306370735168457
848,172,5.0,4.805891036987305
389,510,3.0,4.440024375915527
98,116,5.0,3.734412908554077
749,393,5.0,3.6973860263824463
251,1,4.0,4.145221710205078
648,288,4.0,3.1380326747894287
347,742,5.0,3.7759034633636475
643,186,4.0,4.130372047424316
242,361,5.0,4.472350120544434
398,519,4.0,3.8731131553649902
796,248,3.0,3.2337558269500732
195,258,4.0,3.9133903980255127
610,79,3.0,3.9105236530303955
716,497,3.0,4.272109031677246
655,410,2.0,2.651700019836426
524,94,2.0,2.6885054111480713
880,24,3.0,3.7145462036132812
647,174,4.0,4.506477355957031
210,127,5.0,4.926665306091309
343,11,5.0,4.048297882080078
374,526,4.0,3.8572075366973877
445,291,2.0,1.7740871906280518
670,659,5.0,4.1069464683532715
18,729,3.0,3.387481451034546
276,728,2.0,2.907867908477783
479,121,4.0,3.0508670806884766
416,347,4.0,3.982079267501831
592,338,2.0,2.433264970779419
466,4,3.0,3.2964272499084473
293,248,3.0,3.0973060131073
272,1101,5.0,4.202081203460693
236,194,3.0,3.769557476043701
657,628,3.0,3.3299105167388916
43,95,4.0,4.268174171447754
308,121,3.0,3.0986804962158203
500,569,4.0,2.7433083057403564
605,70,3.0,3.829282283782959
450,704,3.0,3.3181402683258057
279,109,5.0,3.737448215484619
940,628,4.0,3.296360731124878
506,425,4.0,3.241826295852661
864,356,4.0,3.3028132915496826
942,969,4.0,4.418124198913574
700,169,3.0,3.9757678508758545
249,467,4.0,4.1910295486450195
352,385,4.0,3.649902820587158
860,294,2.0,2.517712116241455
846,751,5.0,3.6257152557373047
269,665,1.0,2.140481472015381
654,210,5.0,4.381453514099121
523,202,4.0,4.298114776611328
43,705,4.0,3.95295786857605
721,145,4.0,3.1530091762542725
18,1,5.0,3.8417468070983887
880,412,3.0,2.6623895168304443
360,45,4.0,4.316461563110352
457,179,4.0,4.428598403930664
286,476,4.0,3.330939292907715
186,470,5.0,3.8232922554016113
262,191,4.0,3.972532033920288
219,132,5.0,4.243242263793945
724,683,1.0,1.7898591756820679
279,284,1.0,3.4637491703033447
378,47,4.0,3.447293758392334
577,226,4.0,3.66914963722229
276,1240,4.0,4.247521877288818
916,203,4.0,3.9484713077545166
743,301,4.0,3.314802408218384
486,1609,3.0,1.005514144897461
911,530,4.0,4.192171096801758
863,750,4.0,4.0963239669799805
60,430,5.0,4.393516540527344
798,378,4.0,3.767860174179077
334,313,4.0,3.7137556076049805
308,143,4.0,3.4659698009490967
204,748,1.0,1.9729406833648682
632,134,5.0,4.022698402404785
664,215,4.0,3.652233362197876
416,127,5.0,4.6249799728393555
429,42,5.0,3.6086223125457764
823,53,5.0,3.2282791137695312
488,70,3.0,3.120898485183716
393,546,2.0,3.782064437866211
795,25,5.0,2.9651591777801514
28,380,4.0,3.293449640274048
22,209,4.0,4.354737281799316
313,127,5.0,4.13355827331543
341,358,1.0,3.740355968475342
641,511,5.0,4.589817047119141
551,587,4.0,3.796489715576172
896,1437,1.0,2.0034892559051514
883,270,4.0,3.7404768466949463
385,208,3.0,3.301844358444214
834,292,5.0,3.8675949573516846
18,204,3.0,3.5381531715393066
412,276,5.0,3.365621328353882
645,319,3.0,3.610783100128174
543,97,3.0,3.6859562397003174
852,827,2.0,3.037515640258789
181,116,1.0,1.190808892250061
385,46,5.0,3.6972496509552
447,17,3.0,3.3258111476898193
218,47,4.0,3.3058390617370605
472,216,4.0,4.543203353881836
776,135,4.0,3.810530185699463
298,276,2.0,3.4423468112945557
372,1212,4.0,3.2976722717285156
327,338,1.0,2.0618748664855957
409,1558,5.0,3.6881024837493896
900,129,4.0,2.718719482421875
903,56,5.0,4.505032539367676
222,97,4.0,3.4834511280059814
22,29,1.0,2.561444044113159
13,116,5.0,3.337120532989502
132,806,3.0,3.403209686279297
437,95,4.0,3.4303696155548096
606,483,5.0,4.744940757751465
934,529,5.0,3.574066638946533
624,1017,3.0,3.3489315509796143
278,603,5.0,4.49321174621582
201,1421,3.0,3.166173219680786
537,1010,2.0,2.71427583694458
524,7,2.0,3.8529038429260254
412,508,4.0,3.4989984035491943
201,25,3.0,2.910939931869507
706,24,3.0,3.1185083389282227
620,294,5.0,3.797611951828003
342,293,4.0,3.6270992755889893
128,603,5.0,4.400516510009766
380,582,4.0,3.1581132411956787
585,190,4.0,4.374931335449219
654,1048,3.0,2.8663127422332764
368,17,5.0,3.0567948818206787
835,458,4.0,3.401761770248413
928,749,5.0,3.607848882675171
64,174,5.0,4.1049299240112305
486,882,2.0,3.6537764072418213
116,349,2.0,2.5063931941986084
236,614,5.0,3.4198012351989746
839,244,3.0,2.9925284385681152
339,461,5.0,4.0811920166015625
11,332,5.0,3.2463901042938232
843,385,3.0,3.0900700092315674
796,873,3.0,3.0932319164276123
642,422,3.0,2.3989012241363525
116,730,4.0,3.2951834201812744
126,346,3.0,3.700178384780884
233,462,5.0,4.082268714904785
5,432,4.0,3.499671220779419
450,78,2.0,2.6423795223236084
716,609,3.0,3.8108465671539307
181,7,4.0,1.4418660402297974
372,148,5.0,4.32570219039917
66,7,3.0,3.51255464553833
882,969,5.0,4.497150421142578
354,83,4.0,3.7354369163513184
24,127,5.0,4.984723091125488
189,179,5.0,4.350910186767578
228,427,4.0,2.9398508071899414
223,866,4.0,3.0782992839813232
279,1133,2.0,2.8454697132110596
291,573,4.0,3.7452588081359863
62,273,4.0,2.9719674587249756
198,156,3.0,3.5066781044006348
561,346,5.0,3.7719194889068604
303,800,3.0,2.7067179679870605
210,44,3.0,3.9331796169281006
119,182,4.0,4.352889060974121
697,235,4.0,3.419450044631958
254,678,3.0,2.5514862537384033
346,216,3.0,3.6006853580474854
291,1078,4.0,3.2322869300842285
301,702,4.0,3.0356338024139404
907,271,5.0,4.43644905090332
344,213,4.0,4.302611351013184
614,458,4.0,3.042236566543579
64,160,4.0,3.0703413486480713
352,234,4.0,3.7625463008880615
886,380,3.0,3.252593755722046
454,323,2.0,3.1073601245880127
943,182,5.0,3.8383467197418213
490,137,3.0,3.295212984085083
280,180,4.0,4.2658538818359375
701,289,4.0,3.407397747039795
154,414,4.0,4.067151069641113
497,739,4.0,3.2593071460723877
761,458,1.0,2.6127164363861084
308,506,4.0,3.9745397567749023
347,173,2.0,4.281435489654541
194,435,4.0,3.489506244659424
181,1392,1.0,1.1647382974624634
646,683,3.0,2.354135513305664
236,294,2.0,3.0063352584838867
354,847,3.0,3.9036099910736084
161,1266,2.0,2.4270248413085938
405,770,1.0,1.783881664276123
178,64,5.0,4.780123710632324
425,232,3.0,2.8631417751312256
378,636,3.0,3.249319553375244
450,794,5.0,4.028720378875732
910,307,2.0,2.7761850357055664
919,5,4.0,3.2151577472686768
347,385,4.0,4.167629241943359
385,896,5.0,3.9748127460479736
29,245,3.0,3.003497362136841
6,216,5.0,3.496584177017212
145,66,4.0,3.5986874103546143
933,144,4.0,2.9762892723083496
177,302,4.0,4.340219497680664
474,28,4.0,4.115253925323486
234,418,3.0,2.9971139430999756
453,763,4.0,3.394428014755249
459,111,3.0,3.472421407699585
871,127,5.0,3.836209774017334
659,670,2.0,3.1337482929229736
804,139,3.0,3.0611910820007324
419,275,5.0,4.264707565307617
942,313,3.0,4.892282485961914
722,845,5.0,3.8363585472106934
710,23,5.0,4.284938812255859
727,827,3.0,2.554736375808716
224,751,3.0,3.308255910873413
713,302,4.0,3.4523956775665283
488,707,2.0,3.0229904651641846
854,273,4.0,2.769165515899658
444,1483,2.0,3.6936514377593994
886,715,1.0,3.0328924655914307
883,387,5.0,3.4429562091827393
848,419,5.0,4.143743515014648
447,260,2.0,2.5461885929107666
271,493,4.0,4.452465057373047
135,324,3.0,3.194704055786133
774,468,2.0,2.002340793609619
710,300,3.0,2.92851185798645
498,538,1.0,2.441779613494873
294,472,3.0,3.01296067237854
196,153,5.0,3.901458740234375
393,689,3.0,3.687021017074585
601,82,1.0,2.8581786155700684
909,1121,5.0,4.18882417678833
862,568,3.0,4.309151649475098
425,1,2.0,3.249309778213501
868,426,4.0,2.7281033992767334
387,558,4.0,4.049903869628906
541,254,3.0,2.4900407791137695
230,174,5.0,4.693699836730957
883,20,4.0,3.85638427734375
142,333,5.0,3.474538564682007
147,937,3.0,4.038694381713867
749,501,4.0,3.7321853637695312
256,831,4.0,2.7304024696350098
498,156,5.0,3.3951423168182373
378,179,2.0,3.8965957164764404
489,270,4.0,4.58201789855957
925,567,3.0,2.86673641204834
237,423,4.0,3.8909566402435303
262,546,2.0,2.4753682613372803
715,157,4.0,3.708986520767212
896,429,5.0,3.940986394882202
654,54,3.0,3.5814976692199707
558,283,3.0,4.08974027633667
83,768,4.0,3.4610373973846436
751,100,4.0,3.8171658515930176
267,1185,2.0,2.5123722553253174
405,1231,1.0,1.745181918144226
773,181,5.0,3.0668342113494873
757,229,3.0,3.1399056911468506
416,274,4.0,3.9757378101348877
227,823,2.0,2.8804144859313965
385,1097,5.0,3.2836709022521973
533,148,3.0,3.437361478805542
458,302,5.0,4.399420738220215
324,410,5.0,3.9491212368011475
22,510,5.0,4.239388942718506
95,787,2.0,3.3192596435546875
606,93,4.0,3.6451685428619385
621,722,4.0,3.167402982711792
151,971,5.0,3.9459447860717773
900,237,4.0,2.5166783332824707
495,655,5.0,4.494950294494629
321,513,4.0,4.276044845581055
250,44,4.0,3.847635507583618
532,277,5.0,4.268187522888184
354,423,4.0,3.3161978721618652
642,998,3.0,2.5285215377807617
238,252,3.0,2.8714230060577393
56,568,4.0,3.9652013778686523
921,284,4.0,3.0416343212127686
459,1013,3.0,2.1973414421081543
511,880,5.0,3.3776376247406006
527,543,4.0,3.6341536045074463
765,242,5.0,4.740045547485352
295,7,5.0,4.367975234985352
90,923,5.0,4.816611289978027
371,55,4.0,3.8452961444854736
271,476,1.0,2.5722503662109375
682,942,2.0,3.1796483993530273
868,133,2.0,2.8539578914642334
848,151,4.0,4.154384613037109
311,484,4.0,3.985462188720703
727,154,3.0,3.402369737625122
42,50,5.0,4.774655342102051
937,874,3.0,3.2030680179595947
331,514,3.0,3.9164958000183105
442,1218,2.0,3.5948901176452637
54,313,4.0,5.039399147033691
487,841,2.0,3.155776262283325
761,263,1.0,1.8782742023468018
805,735,4.0,3.772555112838745
472,172,5.0,5.0126953125
545,80,3.0,2.682781219482422
788,174,2.0,4.1352739334106445
591,47,3.0,3.640425443649292
391,47,4.0,3.6759376525878906
896,489,5.0,3.5331056118011475
878,50,4.0,3.9976446628570557
498,185,4.0,3.768624782562256
144,300,3.0,3.4741392135620117
683,22,4.0,3.7565388679504395
450,717,4.0,3.027196168899536
495,413,5.0,3.3002490997314453
561,426,1.0,2.5815393924713135
65,514,4.0,3.525381088256836
776,174,5.0,3.7597668170928955
125,475,1.0,2.888733386993408
918,196,3.0,3.104552984237671
700,423,4.0,3.6171696186065674
542,321,4.0,2.96163272857666
554,67,3.0,2.8946540355682373
144,89,3.0,4.042444705963135
279,411,3.0,3.0314011573791504
415,1524,5.0,4.459238052368164
450,1282,3.0,3.9149599075317383
250,98,5.0,4.836629867553711
782,339,3.0,2.906893730163574
392,1007,5.0,4.540428161621094
608,735,4.0,3.6403138637542725
543,64,4.0,4.189244747161865
381,313,2.0,4.150404930114746
286,689,5.0,3.4534144401550293
721,288,3.0,3.783884286880493
747,174,5.0,4.274608135223389
406,23,4.0,3.979586124420166
319,261,3.0,2.427964687347412
109,294,4.0,3.780851364135742
829,255,3.0,2.899198055267334
456,1019,4.0,3.9871084690093994
42,953,2.0,3.310309648513794
128,487,5.0,4.014423370361328
786,504,4.0,3.9148213863372803
121,192,4.0,4.348086833953857
158,250,4.0,3.462339401245117
294,100,4.0,4.380361557006836
604,185,2.0,3.818307638168335
843,77,2.0,2.443068504333496
805,455,4.0,3.0327959060668945
788,553,3.0,3.1407039165496826
435,169,5.0,4.326107978820801
346,879,5.0,3.1787376403808594
670,195,4.0,3.7752933502197266
313,163,2.0,3.5386710166931152
390,989,5.0,3.306015968322754
880,248,4.0,4.133254528045654
5,135,4.0,3.9390687942504883
552,127,4.0,3.79683780670166
696,178,4.0,4.888176918029785
665,748,4.0,2.8460965156555176
622,62,4.0,2.960150957107544
786,211,4.0,4.206301689147949
119,349,3.0,3.5252981185913086
554,284,3.0,3.1503922939300537
522,530,4.0,4.461530685424805
318,182,4.0,3.939189910888672
588,204,5.0,4.201766014099121
438,269,4.0,4.3238959312438965
512,186,5.0,4.444339752197266
745,96,4.0,3.114694356918335
59,654,4.0,4.917091369628906
178,62,4.0,3.297874927520752
385,526,3.0,3.099238157272339
357,407,3.0,2.9899301528930664
412,172,5.0,4.358055114746094
344,319,1.0,3.5416250228881836
393,40,1.0,3.325763702392578
457,755,4.0,3.6444175243377686
523,1472,5.0,2.127873420715332
394,97,4.0,4.184108734130859
305,50,5.0,3.9067628383636475
738,183,5.0,3.994483232498169
890,163,3.0,3.6845836639404297
210,419,4.0,4.212192535400391
694,665,4.0,3.0761826038360596
535,381,3.0,3.6318206787109375
138,222,4.0,3.9190621376037598
385,175,4.0,3.9417154788970947
623,692,3.0,3.640240430831909
574,347,3.0,3.3555514812469482
314,869,4.0,3.4535090923309326
632,215,4.0,4.154370307922363
379,47,5.0,3.9524991512298584
111,272,3.0,4.343358039855957
514,729,4.0,3.7299869060516357
450,776,4.0,3.7347469329833984
533,111,4.0,3.342517614364624
11,740,4.0,3.4473445415496826
5,216,1.0,3.3626604080200195
230,504,3.0,3.509512424468994
62,132,5.0,3.875586986541748
506,554,3.0,2.988252878189087
788,429,3.0,3.8743162155151367
654,147,3.0,3.5934958457946777
833,645,3.0,3.6216204166412354
537,230,2.0,1.890694499015808
555,274,4.0,3.6727285385131836
42,603,4.0,4.036323547363281
703,300,4.0,3.936596632003784
467,93,4.0,3.8130805492401123
79,19,5.0,4.240114212036133
844,258,4.0,3.3158133029937744
85,1065,3.0,3.288087844848633
298,503,4.0,3.630873918533325
50,324,5.0,3.1276490688323975
933,578,1.0,2.280388116836548
404,689,2.0,3.379284620285034
293,571,2.0,1.8405027389526367
11,660,3.0,3.746595621109009
455,258,5.0,3.5549604892730713
94,686,4.0,3.8837180137634277
458,317,5.0,4.073209762573242
880,948,4.0,2.2665114402770996
354,638,4.0,4.108268737792969
630,12,4.0,3.3896689414978027
250,195,2.0,4.324317932128906
524,898,4.0,3.2137644290924072
90,1204,4.0,4.35969352722168
314,28,5.0,4.4677934646606445
416,865,3.0,3.477015733718872
311,39,4.0,3.1396288871765137
106,313,4.0,4.248259544372559
561,733,3.0,3.476044178009033
450,318,5.0,5.034768104553223
398,276,4.0,3.0141751766204834
712,1503,4.0,2.9919657707214355
864,382,3.0,3.847092390060425
708,1061,3.0,2.935100555419922
655,59,4.0,3.460289716720581
913,235,1.0,2.5657191276550293
268,768,3.0,2.3321094512939453
365,1017,4.0,3.096855640411377
417,792,4.0,3.3894588947296143
8,518,4.0,4.208064079284668
846,435,5.0,4.32962703704834
916,190,4.0,4.291873931884766
630,465,1.0,3.0514912605285645
379,577,4.0,2.281345844268799
286,1047,1.0,2.959068775177002
940,751,3.0,3.296508312225342
85,8,4.0,3.96445894241333
538,276,1.0,3.285245180130005
85,298,4.0,3.033869981765747
686,23,5.0,4.980781555175781
505,271,4.0,2.8956034183502197
334,1048,4.0,3.0954911708831787
298,485,3.0,4.106926441192627
269,393,1.0,1.3072550296783447
197,328,4.0,3.2695212364196777
474,610,3.0,4.138537406921387
807,428,4.0,3.2544314861297607
833,289,1.0,2.6892201900482178
1,180,3.0,4.6697797775268555
785,195,4.0,4.025676727294922
837,225,3.0,2.86041259765625
506,135,5.0,3.8054099082946777
43,202,5.0,3.806530237197876
181,1,3.0,1.95921790599823
495,185,5.0,4.715803146362305
777,42,5.0,3.7562456130981445
910,300,4.0,2.6678149700164795
388,895,4.0,3.894383192062378
774,238,5.0,2.580474376678467
303,24,3.0,3.579056978225708
123,289,1.0,3.0323474407196045
417,552,2.0,2.9272913932800293
6,473,2.0,3.3461809158325195
897,95,3.0,4.425457000732422
642,153,3.0,4.051876068115234
285,300,4.0,3.859400987625122
639,204,3.0,2.8558385372161865
398,73,3.0,3.562803268432617
592,685,2.0,2.9401633739471436
207,290,2.0,3.027761697769165
223,329,2.0,3.070786237716675
13,612,4.0,4.043455123901367
743,302,5.0,4.404827117919922
905,879,3.0,3.071680784225464
144,96,5.0,4.190651893615723
267,715,4.0,4.055109024047852
763,173,4.0,4.247387886047363
562,318,3.0,4.318202972412109
669,514,3.0,3.5021815299987793
387,1078,1.0,2.325974941253662
7,680,4.0,2.3373899459838867
350,1039,4.0,4.557642936706543
232,191,4.0,4.41087532043457
151,133,5.0,4.370550632476807
878,274,3.0,2.699411153793335
463,741,1.0,3.0084824562072754
686,172,4.0,4.722973823547363
920,299,2.0,2.6151280403137207
365,275,4.0,3.9684090614318848
864,8,5.0,4.281990051269531
654,265,5.0,4.459134101867676
721,172,5.0,4.584535598754883
495,168,5.0,4.771736145019531
474,14,5.0,4.1230573654174805
457,134,5.0,4.993015289306641
456,125,4.0,2.814100503921509
901,451,4.0,3.632110595703125
514,42,5.0,3.6851725578308105
407,313,4.0,4.174795150756836
269,346,2.0,3.985870122909546
484,222,5.0,4.189825534820557
79,1,4.0,4.014880180358887
916,727,4.0,3.353764533996582
454,649,2.0,2.418952465057373
44,90,2.0,3.2977492809295654
629,880,4.0,3.3102571964263916
825,137,2.0,2.6946957111358643
591,923,4.0,4.548992156982422
523,634,5.0,3.7946178913116455
684,371,2.0,2.9784727096557617
587,539,3.0,2.3034043312072754
196,70,3.0,3.781826972961426
804,152,4.0,3.681349515914917
347,117,5.0,3.9618334770202637
881,143,5.0,3.8091981410980225
805,552,3.0,2.8838508129119873
397,334,3.0,3.4517791271209717
349,20,5.0,3.259265422821045
144,302,3.0,4.129732131958008
339,23,5.0,4.946166038513184
92,725,3.0,2.5314254760742188
867,216,3.0,4.192371368408203
749,56,2.0,3.531550645828247
276,426,3.0,3.2690670490264893
527,508,3.0,3.386246681213379
336,1051,2.0,3.132105588912964
859,293,4.0,4.153384685516357
405,1200,1.0,1.8022397756576538
634,50,4.0,4.191828727722168
6,238,5.0,3.805635929107666
797,328,2.0,2.879734516143799
795,154,3.0,3.6401174068450928
661,172,5.0,4.66121768951416
550,258,5.0,4.188346862792969
363,283,2.0,3.279874324798584
343,69,5.0,3.649415969848633
411,449,3.0,2.97213077545166
881,1215,1.0,1.7700705528259277
465,56,4.0,3.6507620811462402
788,151,1.0,3.566831111907959
640,170,5.0,4.841434478759766
343,86,5.0,4.715689659118652
332,271,4.0,4.298187255859375
244,716,3.0,3.4372506141662598
823,77,4.0,3.361295700073242
727,53,1.0,2.6973726749420166
770,302,2.0,5.544894218444824
497,405,3.0,3.3821098804473877
919,419,5.0,3.5162112712860107
935,846,4.0,3.2469282150268555
445,246,1.0,2.3688740730285645
339,250,5.0,3.4699575901031494
181,1284,1.0,1.4066028594970703
387,294,2.0,1.8680567741394043
5,424,1.0,1.2180861234664917
608,1204,2.0,3.6405251026153564
126,905,2.0,3.5082521438598633
772,259,2.0,3.334245204925537
162,208,3.0,3.6565961837768555
658,276,4.0,3.73622989654541
328,627,3.0,3.2801475524902344
62,225,3.0,2.2297792434692383
655,276,4.0,3.5586230754852295
49,324,4.0,3.2374017238616943
793,928,3.0,3.233611822128296
379,514,3.0,4.408694267272949
368,98,3.0,3.8343393802642822
69,289,4.0,3.1949431896209717
623,50,5.0,4.33078670501709
332,367,4.0,4.247493743896484
808,312,3.0,3.901942729949951
292,118,3.0,2.9666314125061035
85,923,4.0,4.089538097381592
387,447,4.0,3.747410297393799
495,582,4.0,4.044272422790527
551,692,4.0,3.872892141342163
49,325,3.0,2.151024341583252
642,234,1.0,4.0564141273498535
283,209,4.0,4.51087760925293
796,178,3.0,3.778271436691284
328,1021,3.0,3.4051225185394287
446,888,1.0,3.1891725063323975
881,528,5.0,3.466506242752075
474,221,4.0,4.134041786193848
264,1118,4.0,3.8692870140075684
354,1007,4.0,3.981699228286743
622,679,3.0,3.065351724624634
637,286,5.0,2.6172420978546143
143,331,5.0,3.7755613327026367
1,207,5.0,4.078858375549316
624,121,3.0,3.3226075172424316
457,193,5.0,4.739339828491211
201,789,3.0,3.135484218597412
835,196,5.0,4.335467338562012
527,283,4.0,3.506270170211792
936,1315,3.0,3.671933650970459
370,153,2.0,3.5649662017822266
865,99,1.0,2.5257248878479004
62,238,5.0,3.787958860397339
793,237,3.0,3.9934675693511963
606,662,4.0,3.908229351043701
622,364,1.0,2.780153274536133
338,79,4.0,3.3076982498168945
870,527,5.0,3.869459867477417
527,962,3.0,3.2681992053985596
635,246,5.0,3.5959393978118896
177,508,4.0,3.7150564193725586
908,694,4.0,3.6815528869628906
712,1220,5.0,4.278051376342773
217,96,4.0,3.6238341331481934
497,655,4.0,3.4927420616149902
308,490,4.0,3.8913772106170654
732,937,4.0,3.8729348182678223
378,728,3.0,2.8853836059570312
173,292,5.0,4.686033248901367
655,153,2.0,2.9959676265716553
458,98,3.0,4.351622581481934
405,1544,1.0,0.4795675277709961
527,191,5.0,4.1480584144592285
919,111,4.0,3.54535174369812
171,269,4.0,3.7116527557373047
660,122,1.0,2.2136127948760986
751,28,5.0,3.7474098205566406
425,455,2.0,2.934447765350342
339,447,4.0,4.290421485900879
297,419,3.0,3.2790987491607666
721,358,1.0,3.2057318687438965
22,377,1.0,2.255917549133301
28,89,4.0,4.187860488891602
119,28,5.0,4.318385124206543
597,151,4.0,3.644967794418335
655,271,3.0,2.4901485443115234
178,83,4.0,4.176488876342773
873,294,4.0,3.017873764038086
10,116,4.0,3.8990137577056885
325,305,2.0,3.2219619750976562
243,196,4.0,3.7294442653656006
450,1402,2.0,2.401228904724121
378,709,4.0,4.292378902435303
92,148,2.0,2.7833824157714844
334,475,4.0,4.079586505889893
450,821,2.0,3.661965847015381
181,477,1.0,1.2701058387756348
815,239,5.0,3.5213866233825684
665,631,2.0,3.5879781246185303
194,7,3.0,3.1907951831817627
901,66,5.0,4.18929386138916
458,484,5.0,4.089942932128906
932,497,5.0,4.500934600830078
246,231,1.0,2.4030251502990723
63,283,4.0,3.5264134407043457
201,325,5.0,2.3624649047851562
919,322,3.0,3.178457498550415
280,204,3.0,3.7118825912475586
586,780,4.0,3.0843214988708496
872,284,3.0,3.199652910232544
185,286,4.0,4.136797904968262
437,433,3.0,3.5902116298675537
747,461,5.0,3.9701998233795166
401,13,2.0,2.5865275859832764
267,480,4.0,4.89588737487793
269,1133,1.0,2.876751184463501
85,325,2.0,2.311190128326416
429,843,1.0,3.124689817428589
314,1297,4.0,2.8880903720855713
593,164,4.0,3.7216339111328125
198,501,4.0,3.4024221897125244
846,99,4.0,4.074681282043457
463,892,2.0,2.3406100273132324
145,628,2.0,3.645113706588745
768,255,4.0,3.0754761695861816
145,44,5.0,3.444628953933716
380,182,3.0,3.4400739669799805
449,118,1.0,2.029660940170288
102,443,3.0,2.8266148567199707
38,1031,5.0,2.5187370777130127
844,144,3.0,3.617647171020508
804,747,3.0,3.672175168991089
160,628,3.0,3.7550771236419678
638,144,5.0,3.805816411972046
548,282,4.0,4.124250411987305
207,23,4.0,3.5011918544769287
449,60,5.0,4.6749467849731445
916,642,3.0,3.884153127670288
359,295,3.0,4.080207824707031
450,430,4.0,4.253360748291016
788,135,3.0,3.615009307861328
393,147,5.0,3.8057610988616943
369,752,4.0,4.112998008728027
194,199,4.0,3.5896518230438232
303,1023,2.0,2.2053353786468506
682,568,3.0,3.433070659637451
330,67,4.0,3.806945562362671
814,288,4.0,3.3193747997283936
101,979,2.0,2.9270365238189697
3,303,3.0,3.211916208267212
320,340,2.0,3.753246545791626
303,452,2.0,2.5813562870025635
360,303,3.0,4.245846748352051
303,172,5.0,4.527431488037109
280,660,5.0,3.8277623653411865
385,483,4.0,3.8410115242004395
707,367,4.0,3.368157148361206
95,1188,2.0,2.6936542987823486
409,303,4.0,3.737826347351074
32,118,3.0,2.711378812789917
942,272,5.0,4.640209197998047
875,258,4.0,3.8729517459869385
870,127,5.0,4.064620018005371
870,513,4.0,4.229020118713379
655,292,2.0,3.060462236404419
901,391,5.0,3.0525429248809814
486,813,5.0,3.9002270698547363
124,11,5.0,3.5153393745422363
324,846,5.0,3.8435447216033936
809,678,2.0,2.7910358905792236
326,550,5.0,3.0150132179260254
224,287,3.0,2.8368685245513916
130,554,4.0,3.449362277984619
919,70,4.0,3.594099283218384
385,425,3.0,3.723649740219116
932,77,2.0,3.03732967376709
768,845,2.0,3.1907618045806885
398,393,5.0,3.5977461338043213
640,126,4.0,4.722846984863281
601,276,4.0,3.5595686435699463
75,273,5.0,3.71915864944458
301,50,5.0,4.648525238037109
894,676,3.0,3.211887836456299
328,258,5.0,3.7661144733428955
502,682,5.0,3.1415963172912598
92,4,4.0,3.7751269340515137
363,979,1.0,3.044895648956299
380,177,3.0,3.3361423015594482
198,411,1.0,2.3807854652404785
5,168,3.0,4.087614059448242
83,240,1.0,2.1838459968566895
90,639,5.0,4.170476913452148
559,73,4.0,3.1490845680236816
327,396,3.0,3.1490910053253174
470,50,5.0,4.256772041320801
175,98,5.0,4.307364463806152
851,690,4.0,3.720383882522583
665,117,4.0,3.435992479324341
94,62,3.0,2.605189800262451
178,333,3.0,3.6805081367492676
640,55,5.0,4.770334243774414
349,118,2.0,2.8003921508789062
527,203,4.0,3.7641875743865967
407,134,5.0,4.136760234832764
153,50,1.0,3.5400917530059814
865,501,1.0,2.4245364665985107
276,123,4.0,3.3577144145965576
346,168,4.0,3.531329870223999
356,288,4.0,3.574896812438965
577,200,3.0,3.6071012020111084
133,304,3.0,3.250999689102173
535,686,5.0,3.8109097480773926
402,13,3.0,3.6681277751922607
184,143,3.0,3.4763288497924805
398,502,3.0,3.690894365310669
62,582,4.0,3.520862340927124
222,364,1.0,2.4820780754089355
486,460,4.0,3.1125833988189697
28,174,5.0,4.088010787963867
411,603,5.0,4.318580627441406
316,988,1.0,1.2928001880645752
160,604,4.0,4.342677116394043
522,168,5.0,4.377236366271973
73,152,3.0,3.6232457160949707
808,346,5.0,4.136256217956543
650,174,4.0,3.7092461585998535
109,531,4.0,3.54876446723938
14,181,5.0,3.9956486225128174
254,286,1.0,2.2929019927978516
455,463,4.0,3.5603368282318115
300,288,4.0,4.121393203735352
64,238,4.0,3.551405906677246
661,168,5.0,4.231656551361084
323,15,3.0,3.38273549079895
839,713,2.0,3.4202773571014404
705,22,5.0,4.656916618347168
721,984,3.0,3.14821195602417
745,230,2.0,2.7370243072509766
2,14,4.0,3.9650542736053467
504,69,4.0,4.100286483764648
244,214,5.0,3.7438008785247803
277,111,4.0,3.4285333156585693
18,529,5.0,4.160320281982422
314,288,5.0,4.198854446411133
409,631,3.0,3.8005871772766113
533,292,4.0,3.3930344581604004
643,82,3.0,3.604025363922119
715,4,4.0,3.5421509742736816
327,1017,2.0,3.131920337677002
773,840,1.0,2.2506096363067627
871,1197,3.0,3.655252695083618
354,507,3.0,4.077330589294434
3,264,2.0,2.3708293437957764
299,209,3.0,4.062443733215332
556,64,5.0,4.751884460449219
514,153,4.0,3.8795995712280273
279,41,2.0,3.2680249214172363
548,991,1.0,2.3421764373779297
541,405,3.0,3.2383275032043457
622,685,2.0,3.1150736808776855
518,288,3.0,3.761314630508423
150,123,4.0,3.5317139625549316
437,94,4.0,2.576462745666504
432,257,5.0,4.032386779785156
533,25,4.0,3.0736517906188965
880,1052,1.0,2.3323636054992676
352,92,3.0,3.4078543186187744
772,327,4.0,3.9552202224731445
719,468,3.0,3.022339105606079
125,283,5.0,3.6728897094726562
848,973,5.0,0.5884100198745728
782,293,2.0,3.068142890930176
722,294,2.0,3.6141507625579834
721,582,3.0,3.2372524738311768
201,98,4.0,3.878225564956665
773,286,3.0,3.6451809406280518
694,172,5.0,4.735175132751465
620,98,4.0,4.635396957397461
883,151,5.0,3.9191691875457764
639,648,3.0,3.409165859222412
748,58,4.0,3.2806949615478516
160,273,5.0,3.717224359512329
854,1,3.0,3.2948801517486572
293,182,5.0,3.71602463722229
495,790,3.0,3.6945836544036865
521,732,3.0,3.1137449741363525
334,52,4.0,3.718759775161743
89,86,5.0,4.306108474731445
224,243,2.0,2.940805673599243
160,202,4.0,3.690885305404663
498,673,3.0,3.071359157562256
151,488,4.0,4.711565971374512
894,1658,4.0,2.7849459648132324
811,286,5.0,4.029952049255371
894,1080,4.0,2.7293550968170166
612,259,3.0,2.8156816959381104
387,431,3.0,3.039705514907837
144,316,5.0,3.9885475635528564
630,717,3.0,3.3940000534057617
796,172,4.0,4.612052917480469
255,748,1.0,2.207904577255249
85,1169,4.0,3.8505144119262695
539,242,5.0,4.301322937011719
621,71,3.0,4.03445291519165
650,199,4.0,3.629551649093628
154,479,4.0,4.560693740844727
109,245,3.0,3.5159993171691895
844,403,3.0,3.0849506855010986
791,269,4.0,4.432226181030273
846,1118,5.0,3.531994342803955
225,482,5.0,4.483555793762207
883,694,5.0,4.412343978881836
342,378,4.0,3.3995301723480225
627,273,4.0,3.310429811477661
486,235,2.0,2.9100003242492676
268,298,3.0,3.204530954360962
840,664,3.0,4.330431938171387
181,307,1.0,1.8899903297424316
294,1254,3.0,1.7032177448272705
498,607,3.0,3.4815380573272705
252,1,5.0,4.45539665222168
298,502,5.0,3.8659393787384033
583,276,4.0,4.497623443603516
804,378,4.0,3.9390323162078857
397,243,1.0,1.273271083831787
7,614,5.0,4.20913028717041
123,483,4.0,4.562671661376953
808,327,5.0,4.114489555358887
303,252,3.0,2.4906084537506104
271,199,4.0,4.3685383796691895
363,582,2.0,3.108980894088745
354,136,5.0,3.8773019313812256
120,744,4.0,3.6521780490875244
806,96,5.0,3.873558521270752
268,433,4.0,3.4851298332214355
193,286,4.0,2.9669716358184814
283,216,4.0,4.518278121948242
215,202,4.0,3.835641860961914
290,205,3.0,3.4035284519195557
280,715,2.0,3.4970974922180176
896,426,2.0,2.6007890701293945
378,317,5.0,4.1144256591796875
379,161,2.0,3.4309024810791016
253,689,5.0,2.9680821895599365
49,403,3.0,2.4033384323120117
39,313,4.0,4.457943916320801
172,514,3.0,3.2410144805908203
586,257,3.0,3.8329477310180664
299,182,3.0,3.9452335834503174
207,70,3.0,3.46254563331604
863,902,5.0,3.6917011737823486
607,100,4.0,4.335662841796875
328,271,3.0,3.2404708862304688
269,1438,3.0,1.7259601354599
102,840,2.0,2.178384780883789
91,322,4.0,3.3720316886901855
330,66,5.0,4.54464054107666
801,302,4.0,5.095580101013184
499,202,4.0,3.508744478225708
286,703,2.0,3.9808566570281982
648,90,3.0,2.771878480911255
845,900,3.0,2.9939253330230713
383,166,4.0,4.248235702514648
95,542,2.0,2.5206000804901123
456,214,4.0,3.2801449298858643
899,96,4.0,3.8404715061187744
804,588,4.0,4.031198501586914
919,333,4.0,3.770231008529663
276,627,3.0,3.1823337078094482
407,569,3.0,2.80985689163208
94,448,5.0,3.3188350200653076
833,526,4.0,3.2634103298187256
194,580,4.0,2.8528592586517334
407,4,4.0,3.529453992843628
409,58,4.0,3.3311116695404053
650,290,2.0,2.7846367359161377
119,1101,5.0,4.31840181350708
85,483,5.0,4.431666374206543
506,608,4.0,3.847748279571533
212,197,5.0,3.79852032661438
629,292,4.0,4.127773284912109
247,251,4.0,4.4961748123168945
650,50,5.0,3.967315435409546
417,1183,4.0,2.4749035835266113
524,482,5.0,3.759547710418701
327,475,4.0,3.685346841812134
125,692,3.0,4.3397440910339355
94,302,4.0,4.814912796020508
308,615,3.0,4.042600154876709
512,1459,4.0,3.98738956451416
500,289,4.0,3.01381254196167
880,627,3.0,3.3675217628479004
724,538,2.0,2.608085870742798
606,96,5.0,4.531560897827148
614,1142,3.0,3.422365427017212
758,425,5.0,4.279532432556152
642,148,5.0,4.42816162109375
295,143,4.0,4.3129072189331055
277,628,4.0,3.563291311264038
311,231,4.0,3.0349669456481934
399,155,2.0,2.7409353256225586
246,145,1.0,2.2117972373962402
457,47,4.0,3.937481641769409
425,912,2.0,2.74078369140625
63,1028,3.0,2.559109687805176
921,173,5.0,3.8263885974884033
121,479,5.0,4.31227970123291
450,490,5.0,4.327519416809082
592,255,4.0,2.9838643074035645
233,64,5.0,4.947237968444824
916,578,1.0,2.7568631172180176
287,117,5.0,4.239427089691162
897,77,4.0,4.003798484802246
727,585,2.0,2.3936517238616943
323,327,4.0,3.323808193206787
798,172,4.0,4.257586479187012
930,176,3.0,3.1180949211120605
833,262,2.0,3.781855344772339
268,116,4.0,3.59311580657959
130,363,3.0,3.2492191791534424
186,243,2.0,2.734079122543335
119,813,4.0,4.399138450622559
54,258,4.0,4.287123680114746
374,122,2.0,1.9191277027130127
313,531,3.0,3.822984218597412
537,284,3.0,2.043322801589966
665,196,4.0,3.7304494380950928
930,14,4.0,3.069013833999634
707,81,2.0,3.6108267307281494
200,720,4.0,3.7803797721862793
189,1099,5.0,3.832378625869751
708,864,3.0,3.140744924545288
186,31,4.0,3.951300621032715
262,40,4.0,2.792426347732544
927,217,1.0,3.6487033367156982
169,480,4.0,4.060770034790039
21,443,4.0,4.14825439453125
155,990,3.0,2.6259772777557373
116,322,2.0,2.478149652481079
592,686,5.0,4.07286262512207
407,189,4.0,3.923515796661377
230,99,3.0,3.847533702850342
374,106,3.0,2.9211411476135254
500,370,3.0,2.333852529525757
234,209,4.0,3.494696855545044
795,152,4.0,3.407259941101074
863,270,3.0,3.8293344974517822
188,76,4.0,3.7198662757873535
500,393,3.0,2.56632661819458
429,44,3.0,3.2756388187408447
542,73,3.0,3.0622096061706543
293,572,2.0,2.163609266281128
118,17,3.0,4.0486345291137695
100,347,4.0,2.967325210571289
597,118,3.0,3.7122721672058105
457,31,4.0,4.231429100036621
683,328,2.0,2.753037214279175
721,228,5.0,4.104706764221191
435,709,4.0,3.9999701976776123
5,419,3.0,3.1146657466888428
18,778,2.0,3.7058422565460205
165,304,3.0,3.8216710090637207
393,790,4.0,3.0452585220336914
10,686,4.0,4.075783729553223
389,674,2.0,2.959604501724243
78,880,5.0,2.729820966720581
494,322,2.0,3.2807376384735107
174,1139,2.0,2.983577251434326
380,570,3.0,2.7552287578582764
405,1069,1.0,1.6852108240127563
308,537,4.0,3.8131802082061768
403,1199,2.0,2.7303686141967773
177,527,4.0,4.061464309692383
489,1612,5.0,3.7759463787078857
223,476,3.0,2.7254278659820557
605,318,5.0,4.636553764343262
5,208,4.0,3.6794450283050537
722,333,5.0,4.084800720214844
234,782,3.0,2.5318143367767334
92,732,3.0,3.5346829891204834
130,284,2.0,3.856096029281616
429,654,4.0,4.15854549407959
856,749,3.0,2.9982926845550537
226,98,5.0,4.174649238586426
940,657,4.0,3.7940852642059326
339,428,5.0,4.745363235473633
44,507,3.0,3.823646068572998
497,433,3.0,3.4847218990325928
788,11,2.0,3.7783050537109375
59,664,4.0,4.379737854003906
417,404,3.0,3.5686490535736084
311,203,5.0,3.643752336502075
254,548,2.0,1.8816471099853516
851,833,3.0,3.4643170833587646
315,98,4.0,4.527945518493652
7,667,5.0,2.262833833694458
255,234,5.0,3.166841745376587
568,661,4.0,3.5212371349334717
673,311,4.0,4.049233913421631
360,181,4.0,3.6666758060455322
881,294,3.0,2.8623368740081787
614,405,2.0,3.267073392868042
60,799,4.0,2.8303768634796143
450,211,5.0,4.314511299133301
8,82,5.0,4.072271347045898
378,732,4.0,3.8307650089263916
224,736,3.0,3.1738176345825195
690,722,3.0,2.5078771114349365
385,23,5.0,4.191889762878418
407,657,4.0,4.170162677764893
642,398,2.0,3.0082144737243652
863,268,5.0,3.709277868270874
109,508,4.0,3.043201446533203
666,210,2.0,3.4358866214752197
660,1139,2.0,2.13275146484375
749,1188,3.0,2.833893060684204
174,70,5.0,4.278806686401367
883,64,4.0,4.4480791091918945
153,174,1.0,3.243025541305542
313,162,3.0,3.7406928539276123
541,941,4.0,3.2163569927215576
178,508,3.0,2.9599735736846924
795,70,3.0,3.3671982288360596
658,100,4.0,4.211294174194336
561,1074,3.0,2.053581714630127
406,624,5.0,2.9926068782806396
94,72,3.0,3.2165298461914062
64,98,4.0,4.212933540344238
330,237,4.0,4.865833282470703
92,577,3.0,2.130833864212036
704,461,3.0,3.4760963916778564
305,249,3.0,2.958601713180542
13,362,4.0,2.558335781097412
7,197,4.0,4.421696662902832
234,183,4.0,3.4294214248657227
417,238,4.0,3.5030343532562256
506,182,5.0,3.741074800491333
655,939,3.0,2.693578004837036
497,951,2.0,2.2479000091552734
649,815,3.0,3.3425581455230713
21,321,3.0,3.0096750259399414
627,541,4.0,2.4577255249023438
94,464,5.0,4.33256196975708
249,203,5.0,4.593504905700684
653,575,1.0,2.086682081222534
286,537,4.0,3.9457688331604004
747,608,4.0,4.474013328552246
492,523,4.0,3.5423383712768555
117,121,4.0,4.123392105102539
82,582,4.0,3.3704278469085693
472,403,5.0,4.345546722412109
528,526,4.0,3.8140921592712402
883,727,3.0,3.5436601638793945
734,15,4.0,3.25366473197937
504,742,4.0,4.144040584564209
617,670,1.0,2.293297290802002
294,299,3.0,3.076697587966919
57,323,3.0,3.571153402328491
653,38,3.0,2.83957839012146
416,1516,5.0,3.244055986404419
532,660,4.0,4.717498779296875
653,161,4.0,3.16975736618042
269,255,1.0,1.4922291040420532
665,369,4.0,2.543975591659546
885,274,5.0,3.523347854614258
716,673,4.0,3.6897835731506348
579,268,3.0,3.540433406829834
514,175,4.0,3.6020617485046387
467,117,2.0,3.4885218143463135
125,269,1.0,3.371464490890503
561,483,4.0,4.020473480224609
444,258,3.0,4.044754981994629
95,207,5.0,3.387389898300171
735,327,3.0,3.1231606006622314
276,254,2.0,2.1399264335632324
329,282,3.0,3.1835925579071045
320,771,3.0,3.0268476009368896
647,748,4.0,3.000483274459839
298,196,4.0,4.197445869445801
291,49,4.0,3.7716705799102783
889,31,3.0,3.3847708702087402
903,30,5.0,4.197249412536621
721,299,3.0,3.0381505489349365
329,81,2.0,3.5173656940460205
11,603,4.0,4.250310897827148
271,605,4.0,3.702061414718628
659,185,4.0,4.171374797821045
932,429,5.0,4.220032691955566
234,501,4.0,3.494511365890503
128,378,5.0,3.8432533740997314
325,32,3.0,3.8232836723327637
221,1073,4.0,4.072149276733398
106,161,3.0,3.3858323097229004
798,1035,4.0,3.3487374782562256
256,210,4.0,5.027154922485352
1,196,5.0,4.045112133026123
326,491,4.0,3.7549691200256348
551,505,5.0,4.0290913581848145
110,385,3.0,4.0410871505737305
922,258,4.0,3.5623576641082764
396,25,3.0,3.6285500526428223
497,743,3.0,2.045447587966919
43,140,4.0,3.5544092655181885
711,1053,4.0,2.7914648056030273
360,748,2.0,2.1285312175750732
92,367,3.0,3.58764386177063
663,978,4.0,2.545964479446411
308,558,4.0,3.7118000984191895
901,402,4.0,4.420548439025879
781,324,4.0,2.9869236946105957
210,49,3.0,3.7276394367218018
474,70,4.0,4.064334392547607
217,797,4.0,2.7759625911712646
7,68,4.0,3.388653039932251
524,530,4.0,4.098723411560059
327,66,3.0,2.6041059494018555
533,23,3.0,3.24613094329834
803,321,4.0,3.269636869430542
115,847,4.0,4.158799171447754
380,498,4.0,3.41611647605896
896,11,2.0,3.2272753715515137
393,28,4.0,3.971679449081421
90,97,5.0,4.466463088989258
921,215,4.0,3.910534143447876
795,1101,4.0,3.428006887435913
752,678,3.0,2.5112061500549316
180,785,4.0,3.5748136043548584
389,482,5.0,4.451199531555176
862,1117,4.0,3.685546398162842
336,407,1.0,2.4497506618499756
256,742,5.0,4.814187049865723
524,95,3.0,3.4088571071624756
863,303,1.0,3.659085750579834
543,403,4.0,3.1013309955596924
833,28,3.0,2.6803858280181885
648,103,1.0,2.4079060554504395
379,143,4.0,4.205532073974609
727,588,4.0,3.6645216941833496
120,121,4.0,3.4371843338012695
56,295,3.0,3.7148568630218506
378,304,4.0,3.575812339782715
777,509,4.0,3.7605669498443604
602,508,3.0,3.8831307888031006
877,553,4.0,3.3336846828460693
472,720,5.0,3.7729201316833496
339,67,3.0,2.7054851055145264
312,489,5.0,4.737464904785156
514,732,5.0,3.8804550170898438
331,1141,3.0,3.063619613647461
630,477,4.0,2.7622592449188232
94,674,3.0,3.236504316329956
13,685,5.0,2.5150022506713867
330,1028,4.0,4.220531940460205
450,705,4.0,4.33413553237915
929,100,4.0,4.004600524902344
655,1070,4.0,3.2948179244995117
563,237,5.0,4.114391326904297
115,96,3.0,3.627286195755005
823,631,4.0,4.39912223815918
747,393,2.0,3.2032175064086914
804,22,5.0,4.773115158081055
318,629,4.0,3.549124240875244
772,264,4.0,3.1284408569335938
603,271,2.0,3.647272825241089
207,293,2.0,3.4542293548583984
666,513,4.0,4.505499839782715
374,322,4.0,3.325716733932495
562,118,3.0,2.8810336589813232
615,509,4.0,3.948282480239868
6,529,4.0,3.9550437927246094
896,760,2.0,2.3801846504211426
416,106,3.0,3.3124892711639404
5,228,5.0,3.348789691925049
213,778,5.0,4.0846967697143555
697,815,3.0,3.3714957237243652
703,410,4.0,3.0448830127716064
897,193,3.0,4.09345817565918
826,678,4.0,3.099738597869873
453,421,4.0,3.7327754497528076
499,307,4.0,3.5213000774383545
476,579,2.0,2.9513392448425293
615,211,5.0,4.331413269042969
46,294,2.0,3.3739850521087646
279,625,3.0,3.3215227127075195
276,58,4.0,3.8767573833465576
270,672,5.0,3.251643419265747
630,1023,4.0,2.621506452560425
199,269,5.0,3.8784940242767334
200,378,5.0,4.673830986022949
299,185,3.0,4.147334098815918
230,963,5.0,4.36771297454834
786,451,2.0,3.631742000579834
92,71,5.0,3.5048165321350098
899,238,2.0,3.3887243270874023
650,644,3.0,3.2999019622802734
276,420,4.0,3.9024415016174316
436,187,5.0,4.265967845916748
543,111,4.0,3.143751382827759
851,160,5.0,3.5303566455841064
682,143,3.0,3.369769334793091
201,582,5.0,3.211120843887329
262,727,3.0,3.229353904724121
854,512,3.0,3.8819966316223145
848,165,5.0,4.674668312072754
128,702,3.0,3.130849599838257
54,597,2.0,3.326112747192383
327,962,3.0,3.252973794937134
551,1518,4.0,3.096773386001587
693,471,3.0,3.140437602996826
315,180,4.0,4.530303001403809
770,275,5.0,5.0839948654174805
59,550,5.0,3.7572503089904785
427,341,5.0,4.708304405212402
877,203,4.0,4.050536155700684
60,211,4.0,4.3650803565979
194,735,4.0,3.236438035964966
907,125,4.0,4.912083625793457
568,30,4.0,3.2156193256378174
222,816,1.0,2.4528884887695312
328,82,4.0,3.789684295654297
104,405,3.0,2.422797918319702
830,226,5.0,3.0980420112609863
529,875,4.0,2.583996057510376
262,1147,4.0,3.4510605335235596
270,200,5.0,4.619555473327637
326,565,3.0,2.6256186962127686
184,231,3.0,2.5511207580566406
749,1228,4.0,2.6767823696136475
246,1044,1.0,2.8203394412994385
783,880,4.0,3.4649150371551514
689,121,5.0,4.220301628112793
880,879,3.0,3.5362613201141357
515,292,3.0,3.160301923751831
545,524,4.0,3.4773061275482178
780,467,3.0,3.535813331604004
391,180,5.0,4.3438849449157715
318,1063,3.0,3.924288034439087
655,694,3.0,3.4667727947235107
376,197,4.0,3.942077159881592
679,322,3.0,2.8768696784973145
445,831,1.0,1.5475921630859375
773,895,2.0,2.008070945739746
450,274,4.0,3.869880437850952
405,1580,1.0,0.4849753975868225
405,643,1.0,1.9512513875961304
889,433,4.0,3.6163978576660156
271,461,5.0,3.635334014892578
483,101,2.0,2.979375123977661
396,106,4.0,2.8689467906951904
199,322,2.0,2.285595178604126
145,331,3.0,3.7256052494049072
768,682,3.0,2.743136405944824
82,414,4.0,3.6074934005737305
83,717,4.0,3.0998101234436035
297,17,3.0,2.957164764404297
327,1100,4.0,2.716413736343384
299,503,4.0,3.5191500186920166
299,1068,3.0,3.338266372680664
405,806,1.0,2.005074977874756
927,204,4.0,4.263214111328125
927,38,5.0,3.8507678508758545
287,346,5.0,4.2649688720703125
94,684,4.0,3.6116080284118652
156,48,4.0,3.7965199947357178
916,561,3.0,2.7004752159118652
483,1,4.0,3.5540144443511963
727,63,2.0,2.9679441452026367
137,748,4.0,4.100043296813965
883,347,4.0,3.6990513801574707
878,515,4.0,3.6860923767089844
671,864,3.0,3.485050678253174
474,736,3.0,4.288699150085449
272,98,4.0,4.805893898010254
892,845,4.0,4.011458873748779
450,388,3.0,2.5602028369903564
713,272,4.0,3.4720163345336914
531,751,4.0,3.8515686988830566
254,238,3.0,2.4126274585723877
57,194,4.0,4.010862350463867
314,1291,1.0,2.915651559829712
533,328,4.0,3.4149835109710693
698,435,3.0,3.0234475135803223
639,660,2.0,3.25191330909729
305,527,5.0,3.679666042327881
379,186,5.0,4.34465217590332
487,978,1.0,2.650643825531006
373,651,4.0,4.238112449645996
334,483,5.0,4.420482635498047
42,28,5.0,4.2749714851379395
393,930,3.0,3.329869270324707
13,226,4.0,2.6888914108276367
566,1437,2.0,2.440697431564331
524,443,4.0,3.7999279499053955
64,77,3.0,3.1629488468170166
177,156,5.0,4.078221321105957
567,640,4.0,3.1812796592712402
254,622,4.0,2.8588759899139404
908,322,2.0,2.6583526134490967
165,260,3.0,2.789523124694824
7,9,5.0,4.008379936218262
389,475,5.0,3.9644358158111572
269,940,1.0,2.4454691410064697
877,748,4.0,2.8273818492889404
553,134,4.0,4.505690574645996
382,276,3.0,3.3797550201416016
279,71,3.0,3.920241594314575
284,315,5.0,4.11519718170166
839,825,4.0,2.665344715118408
110,68,2.0,3.345806837081909
94,41,3.0,3.0595664978027344
320,3,4.0,3.6783881187438965
75,408,4.0,4.9404191970825195
232,98,4.0,4.478338241577148
863,344,4.0,3.6620967388153076
145,69,5.0,4.0137481689453125
401,275,4.0,3.2365074157714844
15,931,1.0,1.8103644847869873
371,237,5.0,3.818941354751587
862,174,5.0,4.924149513244629
198,203,3.0,3.556291341781616
72,233,4.0,2.919863224029541
734,483,4.0,4.213350296020508
864,231,3.0,3.068791151046753
925,185,4.0,3.3113667964935303
101,840,3.0,2.562621593475342
537,4,2.0,3.006061315536499
697,682,2.0,3.298022747039795
30,678,2.0,2.8958866596221924
866,889,2.0,2.7731213569641113
529,288,4.0,3.859055519104004
346,358,4.0,2.8802895545959473
162,403,3.0,3.533764123916626
776,5,4.0,3.027252197265625
416,418,4.0,4.219756603240967
653,210,4.0,3.397481918334961
393,9,4.0,2.4835495948791504
200,188,4.0,4.104933261871338
314,12,4.0,4.1018476486206055
726,535,3.0,2.6848790645599365
158,659,5.0,4.483674049377441
748,183,4.0,3.8028504848480225
497,29,4.0,2.914328098297119
437,812,3.0,2.4473962783813477
234,1020,4.0,3.595348596572876
214,462,4.0,3.831456184387207
938,275,4.0,3.5428991317749023
300,948,4.0,2.6555776596069336
104,313,4.0,3.3124594688415527
782,349,3.0,2.8799192905426025
593,211,4.0,3.881162643432617
766,179,4.0,3.7042572498321533
308,679,4.0,3.3014256954193115
561,428,4.0,4.041624069213867
56,386,3.0,2.611933469772339
239,923,5.0,4.893024444580078
93,125,1.0,3.741271734237671
707,1381,3.0,3.442725419998169
703,323,2.0,3.030186653137207
59,232,3.0,3.546346664428711
409,339,2.0,2.768139600753784
567,513,4.0,4.616559028625488
346,134,5.0,3.2447214126586914
405,1408,1.0,0.7519944310188293
489,245,3.0,4.03820276260376
637,690,5.0,2.605588436126709
641,209,4.0,4.399935722351074
344,530,4.0,4.492674827575684
194,22,5.0,3.463060140609741
438,118,4.0,4.002092361450195
234,2,2.0,2.303663730621338
184,496,5.0,3.9375438690185547
429,679,4.0,2.927732467651367
914,692,3.0,3.427281141281128
16,197,5.0,4.415731430053711
94,216,3.0,4.0706000328063965
709,219,4.0,3.4197826385498047
841,331,5.0,4.012045860290527
506,194,5.0,4.352176189422607
256,728,4.0,3.7869558334350586
243,69,3.0,3.2646565437316895
234,515,5.0,3.5543179512023926
708,319,5.0,2.8159594535827637
758,236,4.0,4.096195220947266
590,864,1.0,2.7732629776000977
253,806,4.0,3.812053918838501
217,405,3.0,3.0337374210357666
774,233,2.0,1.915661334991455
158,514,3.0,4.24569034576416
299,965,4.0,3.676596164703369
618,531,4.0,3.3445963859558105
2,307,3.0,3.405876398086548
336,1249,3.0,2.8205626010894775
517,1047,2.0,2.6404006481170654
48,690,4.0,3.187523365020752
694,15,4.0,3.9477434158325195
92,28,3.0,3.5944080352783203
777,202,5.0,3.7475593090057373
361,53,2.0,2.742262125015259
694,448,3.0,3.5529890060424805
50,823,3.0,2.897698163986206
250,196,4.0,4.347796440124512
798,1337,3.0,2.339576244354248
497,603,3.0,3.6554267406463623
746,720,3.0,3.1099259853363037
60,1060,4.0,3.4758450984954834
682,175,3.0,3.381742477416992
457,232,4.0,3.7091927528381348
365,124,4.0,3.933788537979126
1,101,2.0,3.5818214416503906
496,147,3.0,3.01330828666687
567,199,4.0,4.221156120300293
409,708,4.0,3.6996889114379883
500,43,3.0,2.585923433303833
666,566,3.0,3.059222936630249
59,926,1.0,2.5393502712249756
56,7,5.0,3.5814132690429688
181,476,4.0,1.7802127599716187
834,316,5.0,4.414752006530762
1,28,4.0,3.671929121017456
308,17,4.0,3.3807942867279053
870,395,3.0,1.9395173788070679
436,1119,4.0,3.8851897716522217
323,873,3.0,2.533398389816284
312,513,5.0,5.128406524658203
253,132,5.0,4.541903495788574
939,890,2.0,2.8426976203918457
504,476,5.0,3.351229429244995
315,164,4.0,3.440108299255371
767,141,4.0,3.863818883895874
101,1,3.0,3.4013450145721436
782,298,4.0,3.4433724880218506
244,66,4.0,3.1282601356506348
190,696,3.0,3.1093151569366455
207,79,4.0,3.9842076301574707
91,64,4.0,4.719773292541504
427,263,5.0,2.7826197147369385
101,846,3.0,2.5993640422821045
655,895,3.0,2.276679039001465
234,874,1.0,2.764681577682495
889,177,4.0,3.7650840282440186
551,17,5.0,3.61464786529541
409,171,4.0,3.7942018508911133
334,268,4.0,3.769448757171631
932,7,4.0,3.777613878250122
90,705,5.0,4.685846328735352
405,708,1.0,1.3871346712112427
150,13,4.0,3.7589120864868164
406,663,5.0,3.8725228309631348
916,211,4.0,3.9830002784729004
213,181,4.0,4.481625556945801
30,181,4.0,4.224501609802246
533,322,4.0,3.052375078201294
739,359,5.0,3.1738133430480957
456,582,5.0,3.553140878677368
761,243,3.0,2.7147815227508545
178,96,4.0,4.565067291259766
27,123,5.0,3.0203843116760254
254,313,5.0,3.825648546218872
659,492,3.0,3.732970714569092
295,559,4.0,3.6886088848114014
210,121,4.0,3.754537343978882
450,96,4.0,4.5414886474609375
378,620,3.0,3.1835668087005615
429,222,4.0,3.252380132675171
136,257,3.0,4.005392074584961
389,72,3.0,3.022768259048462
457,169,5.0,5.1681671142578125
280,845,3.0,3.672337055206299
345,1096,3.0,2.327394723892212
653,294,2.0,3.2649288177490234
665,96,3.0,3.7439942359924316
851,338,3.0,2.8417797088623047
49,70,2.0,3.1129953861236572
807,140,3.0,3.9180779457092285
871,237,3.0,3.753096342086792
653,1139,3.0,2.393014669418335
498,985,1.0,2.3384814262390137
563,70,4.0,4.033381462097168
84,4,3.0,3.975731611251831
59,710,3.0,3.977975845336914
385,606,4.0,3.8733010292053223
131,100,5.0,4.594846725463867
278,315,4.0,4.3812947273254395
158,1098,4.0,3.746791362762451
846,570,4.0,3.3960132598876953
886,475,5.0,3.8210747241973877
648,122,1.0,1.6646654605865479
392,180,5.0,4.685844421386719
56,38,2.0,3.558243989944458
457,559,4.0,3.4608359336853027
558,286,4.0,4.231733322143555
92,1207,3.0,2.406001091003418
525,762,4.0,3.3585596084594727
405,1210,1.0,2.0731310844421387
653,1023,3.0,2.227031946182251
684,181,4.0,3.982156276702881
680,9,4.0,4.151874542236328
59,241,4.0,3.8891994953155518
336,276,4.0,3.8404242992401123
206,362,1.0,1.704709529876709
164,748,5.0,4.215806007385254
499,98,4.0,4.268827438354492
215,238,2.0,3.7697806358337402
1,123,4.0,3.206613063812256
3,343,3.0,2.8016250133514404
716,470,4.0,3.7638235092163086
119,9,4.0,4.124963283538818
831,245,2.0,2.7554855346679688
295,951,5.0,2.8191964626312256
920,301,2.0,2.871002674102783
97,357,5.0,4.651573181152344
313,588,4.0,3.8680989742279053
82,275,2.0,3.5840728282928467
504,384,2.0,2.850231885910034
181,763,1.0,1.697765827178955
28,12,4.0,4.316598892211914
635,300,3.0,3.5566227436065674
416,433,4.0,4.1042561531066895
488,69,4.0,3.9063212871551514
92,402,3.0,3.1445796489715576
225,64,4.0,5.196081161499023
230,420,5.0,3.4697811603546143
829,408,4.0,4.488563537597656
862,205,4.0,4.555414199829102
346,132,4.0,3.530120849609375
35,258,2.0,3.720625162124634
11,383,2.0,2.164483070373535
216,210,4.0,3.8534693717956543
6,257,2.0,2.82617449760437
298,208,5.0,4.06819486618042
116,324,2.0,2.7720823287963867
332,245,4.0,3.9505794048309326
896,1217,2.0,2.5623302459716797
497,195,4.0,3.925969362258911
18,88,3.0,3.0949862003326416
95,385,4.0,3.7045140266418457
745,203,3.0,3.024729013442993
878,15,4.0,2.8165574073791504
843,228,4.0,2.8355276584625244
299,692,4.0,2.8839919567108154
192,1061,4.0,2.7130255699157715
178,458,3.0,2.891380786895752
49,346,4.0,3.750364065170288
475,313,2.0,3.9912569522857666
91,172,4.0,4.461587905883789
315,504,3.0,4.188982009887695
714,410,3.0,2.9560461044311523
619,188,4.0,3.291130781173706
125,999,4.0,3.264641523361206
112,331,4.0,3.9885966777801514
453,427,3.0,3.713031530380249
539,275,4.0,4.1136369705200195
554,717,3.0,2.7183175086975098
518,829,3.0,3.049093008041382
817,597,2.0,3.1796646118164062
299,1050,4.0,3.370091438293457
627,175,1.0,3.7754461765289307
405,719,1.0,1.594801902770996
592,305,4.0,4.12586784362793
232,170,5.0,4.290188312530518
413,284,4.0,3.1001923084259033
307,1,5.0,4.022747039794922
650,443,5.0,3.376114845275879
75,742,1.0,3.5129740238189697
234,588,3.0,3.2540230751037598
318,64,4.0,4.917258262634277
484,161,4.0,4.1401238441467285
234,428,4.0,3.4940998554229736
617,582,4.0,2.850614309310913
32,271,3.0,3.1297898292541504
546,7,5.0,4.168336868286133
268,721,3.0,2.866619110107422
214,302,4.0,4.199275970458984
161,181,2.0,2.69358491897583
745,531,3.0,3.047212839126587
151,657,5.0,4.896387100219727
167,1308,1.0,1.126755952835083
400,690,3.0,3.8849520683288574
425,294,2.0,2.5773327350616455
815,179,2.0,3.4667208194732666
705,797,4.0,3.2907168865203857
157,289,4.0,3.5267903804779053
95,62,4.0,2.9059369564056396
787,748,4.0,3.080749273300171
577,996,3.0,2.4321846961975098
49,1075,2.0,3.4905824661254883
452,164,4.0,3.477149724960327
592,178,5.0,4.996465682983398
642,378,3.0,4.150326728820801
587,289,3.0,2.809793710708618
178,984,2.0,2.808863639831543
437,496,4.0,4.24995231628418
831,237,4.0,3.649445056915283
334,86,4.0,4.073386192321777
293,272,4.0,3.221097946166992
586,295,3.0,3.5783145427703857
280,5,4.0,3.301715850830078
428,751,5.0,4.025844097137451
218,209,5.0,3.833117723464966
397,1001,1.0,1.7799122333526611
495,403,5.0,4.153271198272705
707,1281,4.0,2.931896686553955
16,11,5.0,4.353303909301758
840,134,3.0,4.953400611877441
752,750,2.0,3.6152000427246094
567,127,5.0,4.375101089477539
189,197,5.0,4.464756965637207
395,240,1.0,2.9437711238861084
322,64,5.0,4.5542802810668945
135,653,4.0,3.769486904144287
559,191,5.0,3.8558847904205322
445,272,3.0,2.4047770500183105
913,222,3.0,3.1334388256073
15,754,5.0,2.725515842437744
495,577,1.0,2.5918097496032715
293,425,4.0,3.4657509326934814
452,172,4.0,4.206833839416504
445,121,1.0,1.7215187549591064
401,511,2.0,3.6481854915618896
234,516,3.0,3.4405100345611572
434,237,5.0,4.25688362121582
201,1423,3.0,1.0469088554382324
846,195,4.0,4.40118408203125
85,589,3.0,4.048063278198242
244,1132,4.0,3.099586009979248
137,1028,5.0,4.038023948669434
60,229,4.0,3.3442418575286865
475,302,3.0,3.8750569820404053
331,486,3.0,3.3872876167297363
666,23,4.0,4.197400093078613
548,291,5.0,3.8153891563415527
436,132,1.0,3.9720451831817627
591,523,4.0,4.072103500366211
790,72,2.0,3.060568332672119
804,128,5.0,3.788451910018921
566,133,4.0,3.5872819423675537
472,419,4.0,3.9636454582214355
87,153,5.0,4.318513870239258
308,100,5.0,4.482051849365234
386,982,3.0,2.7409396171569824
463,1067,2.0,3.070512056350708
126,323,3.0,2.974330186843872
327,1141,3.0,3.0864200592041016
91,183,5.0,4.060585975646973
332,64,5.0,5.537496566772461
416,157,4.0,4.199662208557129
303,3,3.0,2.976144313812256
516,212,4.0,3.413058280944824
916,558,3.0,4.013972282409668
566,755,2.0,2.5884149074554443
798,996,3.0,2.3338632583618164
815,217,3.0,2.933516263961792
389,283,5.0,3.6793062686920166
276,210,4.0,3.978492021560669
188,159,3.0,3.7033824920654297
849,133,5.0,4.843205451965332
627,597,3.0,2.5350520610809326
276,1109,3.0,3.6829092502593994
484,172,5.0,4.857145309448242
913,164,2.0,3.296602487564087
587,271,4.0,3.0494637489318848
889,493,3.0,3.7486815452575684
698,132,4.0,2.9372830390930176
150,325,1.0,3.1221206188201904
921,760,2.0,2.6723194122314453
537,226,2.0,1.7729806900024414
450,727,4.0,3.7311246395111084
218,654,4.0,4.056056022644043
398,284,2.0,3.0929973125457764
293,474,5.0,4.452110290527344
260,270,5.0,4.490577697753906
940,1167,4.0,3.1944401264190674
805,135,4.0,4.407670021057129
728,1355,4.0,2.786067247390747
95,1227,2.0,2.5504045486450195
708,742,1.0,3.779210329055786
577,71,5.0,4.465087890625
109,550,5.0,3.9656829833984375
151,66,4.0,3.4032537937164307
537,192,4.0,3.8421571254730225
62,483,4.0,4.382328510284424
276,76,4.0,3.779994487762451
49,1069,3.0,3.2718162536621094
280,172,3.0,4.325200080871582
561,1267,3.0,2.668328285217285
20,423,2.0,3.2078466415405273
378,222,3.0,3.585764169692993
12,195,4.0,4.525622367858887
157,405,3.0,3.744311571121216
632,131,4.0,3.7781717777252197
894,1592,4.0,3.2673628330230713
892,265,4.0,4.403314590454102
717,748,3.0,3.4401960372924805
768,597,2.0,2.840070962905884
642,155,3.0,3.9041929244995117
346,210,4.0,4.137503623962402
592,121,4.0,2.678056240081787
581,844,5.0,3.4253015518188477
94,1012,4.0,3.771759510040283
7,583,2.0,3.220156192779541
488,510,4.0,3.2595999240875244
4,362,5.0,3.706697940826416
421,197,3.0,3.55389142036438
222,409,3.0,2.9604101181030273
18,191,4.0,4.323023796081543
437,710,4.0,3.308246374130249
456,403,2.0,3.1570212841033936
592,1039,4.0,4.670538902282715
936,312,3.0,3.4890389442443848
269,22,1.0,2.0880324840545654
276,276,4.0,4.444703102111816
927,82,2.0,4.398919105529785
506,66,4.0,3.91988205909729
79,311,4.0,4.324451446533203
781,286,1.0,3.3690717220306396
690,186,4.0,3.797325372695923
776,192,5.0,4.175061225891113
112,289,5.0,3.3389759063720703
87,121,5.0,4.6401777267456055
425,293,4.0,3.2349298000335693
499,430,3.0,3.8642055988311768
274,234,5.0,4.348339080810547
350,1,4.0,4.163653373718262
806,254,3.0,2.118384838104248
782,1511,2.0,2.5244932174682617
933,1028,2.0,1.841399073600769
181,871,2.0,1.574204683303833
713,344,5.0,3.0913643836975098
193,294,1.0,2.320883274078369
290,216,4.0,3.446632146835327
805,94,1.0,2.1054251194000244
429,473,3.0,3.3036305904388428
298,98,4.0,4.4842939376831055
853,748,2.0,2.9838528633117676
221,407,2.0,2.6845345497131348
7,23,3.0,4.475637435913086
1,13,5.0,3.9388256072998047
892,739,4.0,3.673628091812134
410,690,4.0,3.1401920318603516
442,569,2.0,2.773813009262085
682,395,3.0,2.3158068656921387
835,257,3.0,3.9914116859436035
664,318,5.0,4.355349063873291
268,679,4.0,2.7846131324768066
630,568,4.0,3.407849073410034
798,748,5.0,4.09351110458374
265,237,5.0,3.764580488204956
624,15,4.0,3.6245908737182617
650,162,3.0,3.2390661239624023
426,435,3.0,3.957904577255249
25,527,4.0,3.9687423706054688
200,99,5.0,4.375615119934082
125,734,3.0,2.8349270820617676
64,476,1.0,2.5098869800567627
328,56,4.0,3.7578229904174805
399,432,3.0,2.9713797569274902
828,328,3.0,2.2803900241851807
648,70,2.0,3.3640573024749756
867,186,5.0,4.229673862457275
391,480,4.0,4.36781644821167
417,725,4.0,2.586317300796509
58,514,5.0,4.157693862915039
210,173,4.0,4.792788505554199
787,347,4.0,3.1251819133758545
70,1035,3.0,2.9592347145080566
880,1041,4.0,3.058302164077759
174,126,5.0,4.561725616455078
216,221,4.0,3.917494297027588
85,588,3.0,3.574251413345337
567,9,4.0,4.23494815826416
286,329,4.0,3.7380025386810303
394,795,2.0,2.2402162551879883
486,1047,2.0,2.1320788860321045
690,208,5.0,3.34496808052063
916,69,4.0,3.1157217025756836
436,1489,2.0,2.2618727684020996
189,498,5.0,4.5666351318359375
378,722,3.0,2.904370069503784
499,191,5.0,4.058205604553223
790,977,1.0,2.4197888374328613
80,64,5.0,4.480623245239258
389,181,4.0,3.641303777694702
195,386,2.0,2.750211238861084
64,333,3.0,3.164635181427002
264,656,4.0,4.669740676879883
200,373,4.0,3.516214370727539
262,1048,2.0,2.9192874431610107
650,823,3.0,2.6085753440856934
726,274,4.0,2.7103123664855957
199,285,4.0,4.2499589920043945
780,97,5.0,3.9951772689819336
154,137,3.0,4.176272392272949
361,26,3.0,3.395401954650879
131,1281,4.0,3.068767786026001
152,451,5.0,4.327054500579834
85,79,3.0,3.5438661575317383
330,117,5.0,5.08060359954834
92,558,3.0,3.858347177505493
899,291,4.0,3.251819372177124
918,487,4.0,3.400758981704712
292,173,5.0,4.634468078613281
472,581,4.0,4.030999183654785
624,690,4.0,3.508199691772461
119,407,3.0,2.784306049346924
548,762,4.0,3.7275309562683105
437,82,3.0,3.2077581882476807
613,64,5.0,4.964998245239258
280,673,4.0,3.787842035293579
374,117,5.0,4.076747417449951
823,770,4.0,4.04574728012085
210,864,3.0,3.582751750946045
496,532,5.0,3.2162671089172363
311,177,5.0,3.703713893890381
506,274,4.0,3.6154675483703613
378,496,3.0,4.364188194274902
760,185,2.0,3.7113606929779053
661,174,5.0,4.598356246948242
109,88,4.0,3.747995138168335
279,172,2.0,4.613350868225098
343,744,4.0,3.820732355117798
92,196,4.0,3.8654375076293945
94,50,5.0,4.645606994628906
591,72,3.0,3.0643539428710938
450,51,4.0,3.977656126022339
226,480,4.0,3.9258053302764893
268,455,3.0,2.794877767562866
864,230,2.0,3.938216209411621
804,1411,3.0,2.5603678226470947
806,923,3.0,4.449130058288574
336,1011,2.0,3.309065818786621
13,90,3.0,2.8871142864227295
216,97,4.0,3.7007429599761963
650,357,4.0,3.799595832824707
312,713,5.0,3.855572462081909
263,1020,3.0,4.315939903259277
130,721,3.0,4.119318962097168
43,215,5.0,4.191753387451172
268,188,4.0,3.5170509815216064
13,860,1.0,1.9615379571914673
882,147,4.0,3.8596138954162598
769,473,3.0,2.876103401184082
343,260,1.0,2.5082104206085205
92,53,3.0,3.227213144302368
201,919,3.0,3.3754920959472656
553,485,3.0,4.1340789794921875
889,160,4.0,3.155536651611328
853,333,4.0,3.316715955734253
718,405,5.0,3.8295066356658936
605,269,4.0,4.189062595367432
303,255,4.0,2.9137227535247803
416,401,2.0,2.925929307937622
715,233,3.0,3.1766514778137207
42,63,4.0,3.751512050628662
727,1437,2.0,2.2064404487609863
44,175,4.0,3.9377152919769287
621,383,2.0,2.5135374069213867
586,186,2.0,3.974085569381714
181,413,2.0,1.3760290145874023
896,86,1.0,3.239063024520874
402,19,4.0,4.275717735290527
59,489,4.0,4.458982467651367
796,447,3.0,3.114264488220215
519,874,5.0,4.44658088684082
883,724,4.0,3.7002804279327393
807,172,5.0,4.9093122482299805
727,90,3.0,2.931422472000122
682,772,4.0,2.737872838973999
645,195,4.0,3.5802996158599854
336,202,1.0,3.445844888687134
492,69,3.0,3.0490481853485107
311,83,5.0,4.161016464233398
875,176,4.0,4.090146064758301
279,44,1.0,3.0919911861419678
72,972,4.0,3.410555362701416
504,72,4.0,3.5201520919799805
468,248,4.0,3.9252078533172607
932,611,5.0,4.607965469360352
802,444,4.0,2.6006996631622314
59,428,5.0,4.523463249206543
495,1079,5.0,2.581321954727173
716,484,4.0,4.463578224182129
404,307,4.0,3.3643205165863037
342,179,5.0,4.286578178405762
442,144,4.0,3.863309383392334
251,535,3.0,3.412797689437866
63,277,4.0,3.3323304653167725
255,324,5.0,2.6797759532928467
263,294,2.0,2.612586259841919
48,209,5.0,3.7136995792388916
796,326,4.0,3.5708515644073486
655,1022,3.0,3.139887571334839
466,117,5.0,3.442329168319702
416,591,5.0,4.196491718292236
693,196,2.0,3.4862172603607178
104,271,1.0,2.460678815841675
189,15,2.0,3.452122449874878
201,855,4.0,3.396491289138794
255,872,4.0,2.634321689605713
690,1,4.0,3.5390102863311768
660,328,3.0,2.5333616733551025
177,210,4.0,3.5852301120758057
221,568,4.0,3.597398281097412
472,29,5.0,4.02895450592041
354,694,5.0,4.343145847320557
501,181,4.0,4.256337642669678
109,742,5.0,4.161179542541504
339,81,5.0,4.4117231369018555
308,480,4.0,4.232470512390137
655,129,3.0,3.1685242652893066
318,121,1.0,4.159561634063721
923,1028,4.0,3.8260655403137207
379,52,4.0,4.298664093017578
721,327,2.0,3.6174488067626953
833,379,2.0,2.672928810119629
363,940,2.0,2.1417064666748047
637,1060,2.0,2.212415933609009
851,455,3.0,3.5372724533081055
903,994,3.0,2.928899049758911
5,214,3.0,3.193507432937622
406,216,3.0,3.6788768768310547
453,158,2.0,2.2936136722564697
416,1011,4.0,3.688507080078125
130,174,5.0,5.1509199142456055
487,720,4.0,3.3765950202941895
223,185,2.0,3.6351711750030518
638,554,3.0,2.7707059383392334
815,1133,3.0,3.281764268875122
84,546,3.0,3.24923038482666
747,672,4.0,2.2712044715881348
758,298,4.0,3.9567837715148926
339,241,4.0,3.588714838027954
412,70,4.0,3.5930559635162354
802,197,3.0,3.581592082977295
896,343,1.0,2.1908841133117676
456,485,4.0,3.4899580478668213
262,22,4.0,3.741448402404785
200,229,5.0,4.016130447387695
694,237,4.0,3.9945971965789795
704,193,5.0,3.9150807857513428
416,202,4.0,4.177153587341309
773,72,3.0,2.7304985523223877
92,66,3.0,3.0724599361419678
892,367,4.0,3.954313039779663
345,200,4.0,3.8910512924194336
215,179,4.0,3.8602688312530518
648,498,3.0,4.045158863067627
1,268,5.0,4.215622901916504
698,588,4.0,2.9854047298431396
181,1376,1.0,1.0951833724975586
145,1102,1.0,3.7499125003814697
875,131,4.0,4.33765172958374
934,462,4.0,3.5202884674072266
933,70,2.0,3.089127540588379
575,357,5.0,3.43188738822937
311,211,3.0,3.9389963150024414
524,66,3.0,2.998194456100464
127,227,4.0,3.711482286453247
243,86,5.0,4.175609588623047
652,288,2.0,3.161715269088745
653,1444,3.0,1.859194040298462
339,80,3.0,2.868415594100952
18,142,4.0,2.9242680072784424
88,886,5.0,3.134618043899536
551,827,5.0,3.0432982444763184
595,289,4.0,3.1796250343322754
339,121,3.0,2.6414685249328613
358,1529,3.0,3.0975747108459473
97,429,4.0,4.302910327911377
262,195,2.0,3.529998540878296
22,648,4.0,4.2610626220703125
671,779,3.0,2.806922435760498
821,281,3.0,3.8205981254577637
630,732,4.0,3.295412302017212
85,42,3.0,3.288792848587036
537,654,3.0,3.9861929416656494
593,234,2.0,3.8616018295288086
405,1575,1.0,0.5006610751152039
620,678,3.0,3.275686025619507
333,748,4.0,3.529817581176758
833,657,4.0,3.8331990242004395
145,592,3.0,3.276211977005005
495,843,3.0,3.607586622238159
468,39,3.0,3.538290023803711
342,1008,3.0,3.6261181831359863
778,168,5.0,3.3905441761016846
747,519,5.0,4.685090065002441
902,181,3.0,3.6751983165740967
169,683,3.0,2.694495916366577
764,22,4.0,4.767867088317871
416,339,5.0,3.7261922359466553
373,166,5.0,4.126020431518555
246,226,2.0,2.670224189758301
913,180,3.0,3.863452672958374
796,553,4.0,3.4436402320861816
936,14,4.0,4.614034652709961
605,132,5.0,4.201193809509277
550,50,5.0,4.472489356994629
454,603,4.0,3.157296895980835
1,106,4.0,2.9063522815704346
548,9,1.0,3.2599315643310547
601,71,1.0,3.1135385036468506
92,452,2.0,2.626966714859009
710,318,4.0,4.581515312194824
373,843,3.0,3.122936725616455
936,281,4.0,3.228224039077759
27,925,3.0,3.079242467880249
476,715,4.0,3.128350257873535
280,499,4.0,4.002386093139648
760,71,4.0,3.558598279953003
828,547,2.0,2.723346471786499
109,940,3.0,1.8075071573257446
452,186,1.0,3.8556742668151855
59,959,4.0,3.9013171195983887
56,73,4.0,3.891477108001709
331,277,4.0,3.3391611576080322
534,151,4.0,3.9482955932617188
691,50,4.0,5.185549736022949
880,845,3.0,3.7935330867767334
873,342,4.0,2.1755757331848145
239,187,5.0,4.637162208557129
126,266,5.0,2.835254192352295
321,275,4.0,3.7788681983947754
391,491,3.0,3.911100149154663
194,792,4.0,3.2656381130218506
289,742,4.0,3.098299980163574
525,248,4.0,3.4732394218444824
767,242,4.0,4.744885444641113
592,173,5.0,4.706752777099609
496,483,4.0,3.525662422180176
361,129,4.0,3.6036159992218018
442,31,3.0,3.4287900924682617
814,565,3.0,2.243290662765503
733,1023,1.0,1.907845139503479
938,476,4.0,2.9805831909179688
128,955,5.0,3.519920587539673
829,222,4.0,3.182311773300171
121,282,1.0,2.7701776027679443
536,699,3.0,3.9435839653015137
805,121,3.0,2.1553990840911865
61,333,3.0,3.2596378326416016
206,690,2.0,2.688553810119629
532,982,3.0,3.2166128158569336
401,173,3.0,3.5281975269317627
363,1010,4.0,3.1315884590148926
92,116,3.0,3.9056193828582764
363,227,4.0,2.735586404800415
784,328,3.0,3.9767072200775146
119,154,5.0,4.120749473571777
141,245,3.0,3.716738224029541
176,508,3.0,3.8428800106048584
682,581,2.0,3.1203510761260986
179,271,1.0,3.353262424468994
193,182,4.0,3.721682548522949
932,64,2.0,4.431303977966309
332,370,2.0,3.7121188640594482
395,750,5.0,4.371824264526367
303,427,4.0,4.782099723815918
889,294,3.0,2.936307430267334
435,265,3.0,3.353550672531128
446,326,2.0,2.8419382572174072
48,680,3.0,2.365769863128662
524,199,4.0,4.100910186767578
843,183,5.0,3.090348243713379
871,1024,3.0,3.47412371635437
557,271,4.0,3.3910439014434814
43,931,1.0,2.330507516860962
627,518,4.0,3.7553606033325195
186,226,5.0,3.5785844326019287
416,737,3.0,3.099991798400879
188,1263,3.0,2.827446937561035
514,49,2.0,3.380384683609009
848,209,5.0,4.430022239685059
829,70,4.0,3.5923759937286377
17,1,4.0,3.098177194595337
836,56,4.0,4.302691459655762
604,200,1.0,3.4312098026275635
760,98,3.0,3.972052574157715
887,100,2.0,4.280352592468262
561,204,3.0,2.448629379272461
151,28,4.0,4.058694839477539
851,302,5.0,4.634797096252441
72,2,3.0,2.9012084007263184
198,187,4.0,3.9184653759002686
808,872,5.0,3.3562493324279785
181,989,1.0,1.646790862083435
219,303,4.0,4.314886569976807
51,173,5.0,3.970762252807617
534,282,5.0,4.748525619506836
316,463,5.0,3.3409154415130615
405,1567,1.0,0.45659077167510986
269,154,3.0,4.009649276733398
233,495,4.0,4.014334678649902
413,275,5.0,4.001769542694092
647,147,4.0,3.4971060752868652
923,1001,1.0,2.3429441452026367
487,566,4.0,4.097624778747559
484,226,4.0,3.7341630458831787
7,367,5.0,3.677914619445801
294,751,4.0,3.649843692779541
577,5,4.0,3.6616811752319336
280,90,4.0,3.359046459197998
621,94,2.0,3.4265711307525635
406,715,4.0,3.1534159183502197
778,738,1.0,2.2848548889160156
305,70,4.0,3.4101805686950684
449,273,4.0,3.2373287677764893
790,144,4.0,3.6434385776519775
130,477,4.0,3.758683919906616
358,558,4.0,3.630740165710449
450,277,3.0,3.799006700515747
363,444,4.0,2.5355398654937744
250,151,4.0,4.064796447753906
139,460,3.0,3.315838098526001
194,165,4.0,3.544856548309326
524,466,4.0,3.7244722843170166
372,218,5.0,4.555551528930664
271,507,2.0,3.96498441696167
279,922,3.0,3.261265516281128
551,825,5.0,3.363121747970581
311,56,5.0,3.581312417984009
771,542,4.0,2.411217451095581
328,23,3.0,3.7028751373291016
727,191,4.0,3.8124799728393555
711,496,5.0,4.2813825607299805
666,181,2.0,3.5306451320648193
871,313,5.0,4.470428466796875
561,559,1.0,2.2034313678741455
321,61,5.0,3.5552704334259033
823,1,4.0,4.218812942504883
328,685,4.0,3.3252034187316895
397,345,4.0,3.413341760635376
488,28,4.0,3.6523213386535645
234,125,3.0,2.325509548187256
709,172,5.0,4.298642158508301
95,190,4.0,4.1272172927856445
655,125,2.0,2.245638847351074
276,215,4.0,3.8893704414367676
933,172,2.0,3.338937282562256
263,879,2.0,3.067345142364502
116,888,2.0,3.136253595352173
629,416,4.0,4.119173049926758
896,237,5.0,3.1338253021240234
825,406,2.0,3.2629692554473877
872,323,2.0,3.6597344875335693
286,402,3.0,3.7697744369506836
251,281,4.0,3.345224142074585
94,1065,4.0,4.162903308868408
463,1383,2.0,1.740221619606018
103,487,4.0,3.675018548965454
592,24,4.0,3.724353075027466
378,59,4.0,4.016116142272949
864,404,4.0,3.623011589050293
29,182,4.0,4.172542095184326
254,386,2.0,2.4942150115966797
12,4,5.0,3.930894136428833
336,410,3.0,3.12195086479187
145,22,5.0,4.538481712341309
357,291,4.0,4.473114967346191
919,272,5.0,4.420278549194336
130,58,2.0,4.145327568054199
330,549,5.0,4.358255386352539
711,941,3.0,3.0126264095306396
308,186,4.0,4.189913272857666
682,125,4.0,3.4197239875793457
440,512,3.0,4.928058624267578
246,559,3.0,2.852494716644287
374,483,3.0,4.239396095275879
76,769,1.0,1.797629952430725
437,213,4.0,4.247028350830078
823,210,4.0,4.085497856140137
332,38,2.0,3.9630002975463867
707,499,4.0,3.6918249130249023
749,167,2.0,3.162567138671875
157,515,5.0,4.901610374450684
487,181,4.0,4.4594011306762695
744,28,3.0,3.3791792392730713
740,294,4.0,3.1318020820617676
110,578,3.0,3.3153295516967773
129,300,3.0,2.174370527267456
409,429,5.0,3.5997092723846436
476,66,3.0,3.451326370239258
799,292,4.0,4.137991428375244
222,1042,4.0,2.897357940673828
338,488,5.0,4.202001571655273
198,101,5.0,3.1319398880004883
676,688,1.0,1.7414411306381226
294,1245,3.0,3.5115554332733154
506,684,5.0,4.174545764923096
620,416,4.0,3.652651309967041
234,686,3.0,3.0882723331451416
57,1071,3.0,2.741960287094116
508,1135,3.0,2.8102333545684814
44,194,5.0,4.252074241638184
361,659,5.0,4.288943767547607
7,662,3.0,3.925184488296509
405,463,1.0,1.822528600692749
181,460,1.0,1.3263671398162842
922,391,3.0,2.7551732063293457
90,644,5.0,4.366763591766357
892,118,4.0,3.3474225997924805
178,194,4.0,4.261329650878906
223,977,2.0,2.592010021209717
292,197,5.0,4.381376266479492
881,94,2.0,3.2748570442199707
554,9,4.0,3.2994139194488525
606,201,4.0,3.5834617614746094
151,195,3.0,4.089384078979492
642,1023,3.0,3.048992156982422
426,430,3.0,3.7928378582000732
919,297,4.0,3.9029741287231445
693,423,3.0,3.4036343097686768
230,511,2.0,4.413573265075684
655,192,3.0,3.7130589485168457
95,28,4.0,3.8457114696502686
702,683,1.0,2.202608346939087
146,347,3.0,3.8062405586242676
56,280,4.0,3.6114044189453125
405,510,1.0,2.2185139656066895
206,260,3.0,2.0599727630615234
158,210,4.0,4.032482624053955
21,567,2.0,2.5391199588775635
79,740,4.0,3.7496395111083984
177,135,5.0,4.220118522644043
189,9,3.0,4.33763313293457
892,82,3.0,4.209467887878418
405,80,1.0,2.239198684692383
378,1037,2.0,1.857528805732727
526,181,4.0,3.521559476852417
308,448,3.0,3.5344350337982178
637,475,1.0,2.6255979537963867
193,301,4.0,2.5561044216156006
886,783,1.0,2.3772969245910645
405,1072,1.0,1.6638033390045166
880,144,5.0,4.120672225952148
710,192,5.0,4.520544052124023
671,4,5.0,3.439319610595703
533,676,5.0,2.995851516723633
870,13,4.0,3.230766534805298
795,3,2.0,2.667310953140259
416,451,5.0,3.9709632396698
262,660,4.0,3.593229293823242
405,673,5.0,1.9460132122039795
709,92,4.0,3.0475449562072754
664,22,2.0,3.781162977218628
391,69,4.0,3.422494411468506
170,687,3.0,2.422436237335205
286,3,2.0,3.4843108654022217
746,8,4.0,3.9225361347198486
230,447,1.0,3.3960838317871094
532,692,5.0,5.005860328674316
526,475,5.0,4.001845359802246
618,150,2.0,2.88446044921875
717,291,4.0,3.6353888511657715
268,288,4.0,2.7303600311279297
174,902,3.0,4.5543012619018555
458,509,4.0,4.017393589019775
871,515,4.0,3.9982829093933105
215,28,4.0,3.9367504119873047
655,512,3.0,3.4861607551574707
37,7,4.0,3.990633249282837
934,483,3.0,4.415772438049316
262,15,3.0,3.159607410430908
848,476,3.0,3.2071402072906494
751,1,3.0,3.8230912685394287
271,218,3.0,3.5497255325317383
280,86,4.0,4.2227277755737305
715,158,2.0,2.467705249786377
203,477,4.0,3.346907377243042
809,331,2.0,3.725848913192749
893,1245,2.0,3.271057605743408
43,123,1.0,3.4847023487091064
82,475,1.0,3.1347732543945312
632,508,2.0,2.860975503921509
63,106,2.0,2.671903371810913
308,254,2.0,2.163722515106201
369,346,4.0,4.1262431144714355
318,12,4.0,4.42591667175293
745,169,4.0,3.4500489234924316
456,69,4.0,3.171712636947632
472,51,5.0,4.321627616882324
82,919,3.0,3.157074213027954
862,196,5.0,4.692439079284668
929,188,4.0,3.55897855758667
890,186,2.0,3.873778820037842
491,493,4.0,3.9208109378814697
886,64,5.0,4.349316596984863
790,283,2.0,3.4886858463287354
653,973,2.0,0.4831121563911438
494,143,5.0,3.9867067337036133
141,323,4.0,3.768756151199341
864,755,4.0,3.4291813373565674
13,799,4.0,2.5019664764404297
751,90,3.0,2.966459035873413
880,467,4.0,3.9955224990844727
553,1,3.0,4.159819602966309
635,688,2.0,2.0432205200195312
299,289,3.0,2.8862295150756836
889,513,4.0,4.123076438903809
303,93,5.0,4.199575424194336
881,97,3.0,3.783116340637207
85,157,3.0,3.5166542530059814
297,984,1.0,2.4266490936279297
121,736,5.0,3.78262996673584
256,829,4.0,3.540257453918457
661,665,3.0,2.9445693492889404
608,126,1.0,3.4017868041992188
519,1280,5.0,3.993110179901123
879,292,4.0,3.6645655632019043
496,554,2.0,2.3649959564208984
81,756,1.0,2.4959230422973633
308,591,3.0,3.6306521892547607
236,117,3.0,3.413940191268921
393,15,3.0,3.9622323513031006
308,802,3.0,2.52384352684021
59,56,5.0,5.103759765625
606,729,4.0,4.012577056884766
836,1065,4.0,3.716928720474243
246,173,5.0,3.8141963481903076
48,433,3.0,3.5354182720184326
407,153,4.0,3.6797845363616943
13,82,2.0,3.371304988861084
634,1011,4.0,3.088338851928711
361,216,5.0,3.7600834369659424
101,820,3.0,2.6456310749053955
112,346,5.0,3.826690196990967
705,526,3.0,3.2452688217163086
535,632,4.0,4.134213447570801
189,99,5.0,4.254237174987793
394,383,2.0,2.4840404987335205
201,31,1.0,2.659907579421997
373,423,2.0,4.32695198059082
337,228,5.0,4.092623710632324
918,499,4.0,3.4201552867889404
164,678,4.0,3.558432102203369
763,28,3.0,3.6151607036590576
666,1474,3.0,2.85933518409729
763,418,4.0,3.416544198989868
59,616,5.0,4.097259998321533
94,81,4.0,4.431231498718262
727,199,4.0,3.7751948833465576
109,250,2.0,3.4803290367126465
500,281,3.0,2.774197578430176
450,878,2.0,2.7502388954162598
504,181,3.0,4.327264308929443
868,233,2.0,2.0890066623687744
188,678,3.0,2.9226248264312744
660,97,3.0,2.8838789463043213
871,937,3.0,3.57076096534729
361,655,3.0,3.7331430912017822
733,14,5.0,3.8773162364959717
488,478,3.0,3.5687968730926514
266,874,2.0,3.208949089050293
815,228,5.0,3.8338611125946045
13,194,5.0,4.019588947296143
323,772,3.0,3.194899082183838
78,411,4.0,2.652447462081909
440,751,3.0,3.9133670330047607
200,195,5.0,4.944791793823242
29,678,3.0,2.5079307556152344
201,651,4.0,3.2693233489990234
429,23,4.0,4.062954425811768
932,863,4.0,4.426810264587402
301,269,5.0,3.824646234512329
815,135,2.0,3.775416135787964
234,604,5.0,3.693753480911255
159,881,1.0,3.0149660110473633
896,685,3.0,2.65265154838562
185,514,5.0,4.10374641418457
506,494,5.0,3.9311599731445312
601,204,2.0,3.1002233028411865
921,728,3.0,3.0287041664123535
3,300,2.0,3.049997329711914
864,226,3.0,3.6637303829193115
326,170,2.0,3.536301374435425
322,656,5.0,4.375413417816162
32,245,2.0,2.8903489112854004
378,96,4.0,3.9699032306671143
630,323,4.0,3.713444948196411
907,1051,5.0,4.43464469909668
405,480,4.0,2.161432981491089
90,31,4.0,3.9680328369140625
43,751,2.0,3.8529233932495117
671,159,5.0,3.6732935905456543
533,651,4.0,3.869387626647949
569,321,4.0,3.181809663772583
27,515,4.0,3.946204423904419
110,550,3.0,3.6734304428100586
830,241,4.0,3.7207915782928467
578,346,3.0,2.570786237716675
504,1084,4.0,4.165586471557617
456,608,4.0,3.7837257385253906
7,619,3.0,3.3422412872314453
405,439,1.0,0.7843392491340637
151,10,5.0,4.317893028259277
223,423,3.0,3.8275763988494873
889,81,4.0,3.4859120845794678
727,405,3.0,3.2713069915771484
711,168,4.0,4.686293601989746
223,295,3.0,3.3083503246307373
594,515,5.0,3.8496110439300537
807,298,4.0,4.023921489715576
689,300,5.0,4.2407331466674805
21,103,1.0,1.9832829236984253
543,660,3.0,3.6973040103912354
790,1132,2.0,2.572305679321289
294,286,5.0,3.9056646823883057
503,321,2.0,3.2307300567626953
215,300,3.0,3.353017807006836
407,405,3.0,3.0948145389556885
399,175,3.0,3.027223587036133
551,79,5.0,4.388059616088867
881,1046,3.0,2.9557807445526123
531,908,1.0,2.728299379348755
802,183,5.0,4.05696439743042
560,235,2.0,3.028978109359741
693,298,3.0,3.316284656524658
275,627,3.0,2.9594790935516357
790,771,4.0,2.4677891731262207
669,172,3.0,3.6586523056030273
929,318,4.0,4.309193134307861
870,272,4.0,3.695413827896118
201,402,2.0,2.420095205307007
391,134,4.0,4.539113998413086
478,182,5.0,3.825716495513916
650,432,4.0,3.350111722946167
54,240,4.0,3.0388526916503906
221,566,3.0,3.5513083934783936
900,618,4.0,2.606172800064087
887,1079,1.0,2.497723340988159
86,327,4.0,3.5322608947753906
49,347,3.0,2.90745210647583
378,213,5.0,4.122342586517334
629,732,5.0,4.307849884033203
886,128,4.0,3.4752933979034424
561,239,3.0,2.2999870777130127
335,355,3.0,2.93310809135437
660,347,3.0,2.889036178588867
446,880,2.0,2.6153008937835693
840,1451,5.0,4.032779693603516
867,68,4.0,3.799448013305664
83,56,1.0,3.1971380710601807
575,322,3.0,2.166738271713257
270,93,5.0,4.526429176330566
328,117,4.0,3.6831071376800537
113,424,1.0,1.6238818168640137
675,750,4.0,3.9302477836608887
283,56,5.0,4.588809967041016
790,451,3.0,3.1621530055999756
749,50,5.0,4.677885055541992
158,221,2.0,4.153469085693359
141,597,4.0,3.7810542583465576
221,150,5.0,4.173147678375244
151,83,5.0,4.367243766784668
665,125,4.0,3.284050703048706
74,285,3.0,4.018413543701172
619,403,5.0,3.3866989612579346
95,89,3.0,3.743227005004883
356,258,5.0,3.8547375202178955
392,316,5.0,4.489347457885742
850,705,5.0,4.065542221069336
660,89,3.0,3.4114766120910645
934,414,5.0,3.4849536418914795
864,186,4.0,4.503890037536621
320,82,3.0,4.327173233032227
5,435,4.0,3.614701986312866
303,97,5.0,3.8614771366119385
308,216,3.0,3.726923704147339
188,151,3.0,3.6035561561584473
94,824,4.0,2.9098587036132812
435,200,5.0,3.647071361541748
796,559,3.0,3.438952922821045
383,14,5.0,4.0894012451171875
527,513,4.0,4.321547508239746
847,173,5.0,3.54938006401062
621,746,4.0,4.186624526977539
758,968,5.0,4.108060836791992
286,1118,1.0,3.620741128921509
13,857,3.0,0.5899715423583984
781,1500,5.0,2.3673572540283203
780,497,2.0,3.7764718532562256
435,572,2.0,2.9354400634765625
83,739,5.0,4.084993362426758
926,321,3.0,2.9086105823516846
579,676,3.0,3.1554765701293945
694,133,5.0,4.223606109619141
642,1146,1.0,3.052135944366455
478,866,1.0,2.75653338432312
296,187,5.0,4.7744293212890625
933,234,3.0,3.0894384384155273
715,81,4.0,3.5322749614715576
922,181,5.0,3.99635648727417
658,518,4.0,3.684915781021118
504,973,4.0,0.6637367606163025
90,1206,2.0,2.8693392276763916
181,147,1.0,1.9319602251052856
98,435,5.0,3.7392592430114746
755,269,5.0,3.5003888607025146
751,50,5.0,4.546573638916016
842,344,1.0,4.1394805908203125
608,4,3.0,3.409353017807007
436,95,4.0,4.208199501037598
495,186,5.0,4.863838195800781
716,507,5.0,3.946749448776245
864,693,4.0,4.051734924316406
264,345,4.0,3.7711472511291504
188,300,4.0,3.9131863117218018
660,474,2.0,3.533759355545044
276,794,2.0,3.7773609161376953
207,423,4.0,3.9544765949249268
648,216,4.0,3.652024507522583
158,79,4.0,4.100392818450928
85,520,3.0,3.946993827819824
145,316,5.0,4.163933753967285
654,117,4.0,3.868966579437256
854,100,5.0,4.051159381866455
2,304,4.0,3.5901713371276855
466,510,2.0,3.5114951133728027
770,255,4.0,4.3741326332092285
291,85,2.0,3.57710337638855
525,123,3.0,3.051776885986328
669,187,5.0,3.7364566326141357
470,919,3.0,3.1766977310180664
151,516,5.0,4.348669052124023
234,316,4.0,3.155001163482666
399,735,3.0,3.2014875411987305
286,655,3.0,4.12716007232666
590,298,2.0,3.3327126502990723
537,185,4.0,3.788609266281128
889,24,4.0,3.316800832748413
186,770,2.0,3.0281269550323486
773,769,1.0,1.5391504764556885
868,232,1.0,2.3557796478271484
343,118,2.0,2.1794557571411133
373,506,4.0,3.9373648166656494
810,294,5.0,4.362940788269043
932,180,4.0,4.53377628326416
698,482,2.0,2.7969396114349365
891,409,4.0,3.6125681400299072
334,425,4.0,3.8223488330841064
263,210,3.0,4.182732582092285
646,310,3.0,3.364227533340454
770,258,5.0,4.9970550537109375
85,161,4.0,2.6718859672546387
684,553,4.0,3.1204841136932373
622,434,4.0,3.906219959259033
320,97,5.0,4.177114963531494
493,171,5.0,3.488316774368286
200,1060,3.0,3.665473461151123
246,235,3.0,2.9757063388824463
772,302,5.0,4.610605239868164
564,289,4.0,2.8958542346954346
189,517,4.0,4.332001686096191
332,409,3.0,3.918057441711426
551,527,5.0,4.241156578063965
552,280,3.0,3.0691630840301514
626,272,5.0,3.0335419178009033
497,42,4.0,3.4538278579711914
897,484,3.0,4.088302135467529
786,195,4.0,4.164995193481445
610,699,2.0,3.8997080326080322
450,837,4.0,4.16332483291626
44,174,5.0,4.411786079406738
627,732,3.0,3.3695976734161377
501,696,4.0,3.558892250061035
552,117,3.0,3.666231870651245
498,83,3.0,3.1307666301727295
862,151,5.0,4.337830543518066
575,50,2.0,3.64231276512146
757,11,4.0,3.9641499519348145
184,57,5.0,4.128154754638672
817,24,4.0,3.121241807937622
298,546,3.0,3.27201771736145
661,280,3.0,3.2753548622131348
244,458,3.0,3.73307728767395
506,215,5.0,4.523453712463379
64,419,2.0,3.6370627880096436
868,209,4.0,4.049747467041016
276,1407,1.0,2.3651931285858154
711,283,4.0,4.086307525634766
750,688,1.0,2.1695919036865234
606,176,5.0,4.3514509201049805
627,423,3.0,3.514909029006958
292,124,4.0,4.469461441040039
95,728,3.0,2.9107792377471924
394,222,4.0,4.083148002624512
232,64,4.0,4.424560546875
922,222,4.0,3.685100555419922
814,559,3.0,3.038670063018799
244,744,3.0,4.138671875
301,229,3.0,3.375653028488159
222,9,5.0,2.954990863800049
318,167,4.0,3.312202215194702
868,506,4.0,3.5328471660614014
734,282,4.0,3.0898473262786865
157,258,3.0,4.29998779296875
119,562,4.0,3.8103837966918945
335,260,3.0,2.7732057571411133
167,1126,5.0,3.803797483444214
98,629,5.0,3.144667148590088
815,9,4.0,3.6415255069732666
509,258,4.0,3.025160074234009
221,53,4.0,3.317397356033325
321,709,4.0,4.082907676696777
394,780,2.0,3.402038812637329
650,100,4.0,3.5719358921051025
497,174,4.0,4.027775764465332
535,9,5.0,4.021536827087402
474,92,4.0,3.828913688659668
293,436,3.0,3.113917589187622
458,126,4.0,3.7721028327941895
843,590,3.0,1.839445948600769
230,378,5.0,4.297809600830078
8,385,1.0,4.077035903930664
347,928,3.0,3.189190626144409
429,441,3.0,2.4398484230041504
495,631,2.0,4.223916530609131
880,44,4.0,3.688297986984253
399,383,2.0,2.062931537628174
212,179,1.0,3.5740578174591064
500,83,4.0,3.666154623031616
311,465,4.0,3.7388243675231934
524,649,4.0,3.4471802711486816
393,569,4.0,2.9215381145477295
222,294,3.0,3.3405098915100098
161,315,5.0,2.9237899780273438
904,274,5.0,3.5641252994537354
269,654,4.0,4.864799499511719
459,275,4.0,3.4856090545654297
590,126,5.0,3.5706703662872314
213,234,4.0,4.3033061027526855
58,222,4.0,3.5024259090423584
417,121,3.0,3.5269534587860107
655,367,3.0,2.8396809101104736
548,316,4.0,4.127983093261719
325,137,5.0,4.044251918792725
405,1359,1.0,1.0424346923828125
22,118,4.0,2.8692545890808105
254,768,3.0,2.8126823902130127
650,809,3.0,2.636762857437134
716,740,4.0,3.392204999923706
238,181,3.0,3.837340831756592
894,300,4.0,3.1091315746307373
672,15,3.0,3.284512996673584
301,1012,4.0,3.7101364135742188
478,64,5.0,4.195441246032715
56,523,4.0,3.8640170097351074
665,238,4.0,3.6443474292755127
693,192,2.0,3.8229379653930664
429,183,4.0,3.962524175643921
500,1385,4.0,2.7553720474243164
417,674,2.0,2.9656951427459717
943,139,1.0,2.687657117843628
339,183,4.0,4.587505340576172
526,270,3.0,3.302487373352051
610,751,4.0,3.131899833679199
454,1190,3.0,2.8451201915740967
137,250,5.0,3.986480712890625
145,636,4.0,3.6180496215820312
334,300,3.0,2.7224440574645996
271,504,3.0,4.06692361831665
10,357,5.0,4.744759559631348
2,313,5.0,4.254800796508789
416,727,5.0,3.828397750854492
697,118,3.0,3.3342702388763428
216,790,3.0,3.042299747467041
250,676,5.0,3.5250790119171143
535,953,5.0,3.5709526538848877
776,675,3.0,3.6068084239959717
862,238,4.0,4.283141136169434
803,339,3.0,3.199470281600952
90,185,5.0,4.874983787536621
782,344,3.0,2.984577178955078
754,293,4.0,3.5630598068237305
682,1303,2.0,2.026564598083496
407,186,4.0,3.938638925552368
567,223,4.0,4.208556175231934
795,4,4.0,3.3616080284118652
401,663,1.0,3.3407175540924072
870,569,2.0,2.513383626937866
868,427,4.0,3.605628490447998
118,421,4.0,4.706325531005859
189,137,4.0,4.274646759033203
639,662,2.0,2.778757333755493
844,97,3.0,3.5951731204986572
232,270,3.0,3.3742709159851074
51,479,3.0,3.692721366882324
342,289,2.0,2.917020320892334
643,423,4.0,3.8810677528381348
299,1258,2.0,2.18485426902771
655,24,3.0,2.7929115295410156
655,19,2.0,3.223586082458496
886,467,4.0,3.5612471103668213
227,127,4.0,4.454346656799316
541,142,5.0,3.3004181385040283
42,468,4.0,3.699611186981201
661,215,3.0,4.251339912414551
22,89,5.0,4.4878435134887695
391,300,2.0,2.8080379962921143
410,538,3.0,3.0829741954803467
350,127,5.0,4.734338760375977
559,238,1.0,3.4489660263061523
279,147,4.0,3.6477739810943604
788,712,3.0,3.156327724456787
94,288,3.0,3.0482819080352783
920,307,3.0,3.048006772994995
562,435,4.0,3.8377091884613037
615,523,5.0,4.305805683135986
326,48,3.0,3.476750612258911
44,183,4.0,4.306093692779541
416,66,5.0,4.020228385925293
122,70,5.0,3.9780819416046143
707,449,2.0,2.640591859817505
717,111,4.0,3.9383175373077393
523,72,4.0,3.9504690170288086
548,283,3.0,3.826601505279541
216,1161,4.0,3.170954942703247
11,745,5.0,3.783221960067749
897,161,5.0,4.193547248840332
846,215,5.0,4.077010154724121
454,55,2.0,2.9413557052612305
249,68,5.0,3.841602087020874
436,715,4.0,3.052130699157715
909,326,4.0,3.6336281299591064
456,42,4.0,3.620698928833008
425,529,4.0,3.2196061611175537
363,435,3.0,3.4160218238830566
508,82,3.0,2.963773727416992
764,696,3.0,3.2964470386505127
567,83,4.0,3.7696499824523926
279,105,4.0,2.5443079471588135
182,111,4.0,3.43571400642395
311,523,5.0,3.983149528503418
128,380,4.0,3.419386386871338
643,794,3.0,3.6696295738220215
645,258,3.0,3.37334942817688
503,582,5.0,3.9696567058563232
307,215,4.0,3.8762242794036865
506,218,3.0,3.7409417629241943
768,151,2.0,3.11837100982666
12,684,5.0,4.262412071228027
864,800,1.0,3.480070114135742
621,1016,4.0,3.9243698120117188
838,50,5.0,4.842409133911133
796,274,5.0,3.8220105171203613
329,198,4.0,3.8646841049194336
343,528,3.0,4.767279624938965
279,1266,1.0,3.131193161010742
741,131,4.0,4.043255805969238
280,40,5.0,3.201289176940918
757,97,4.0,3.678407907485962
848,153,5.0,4.182826042175293
373,510,3.0,3.965204954147339
704,180,4.0,4.111659049987793
664,96,3.0,3.518069267272949
243,137,3.0,4.107169151306152
60,606,4.0,4.5936784744262695
528,210,5.0,4.035745620727539
840,172,3.0,4.479519844055176
666,98,4.0,4.301541328430176
38,161,5.0,4.465677261352539
94,125,1.0,2.7729194164276123
639,673,4.0,2.998197555541992
825,1087,3.0,2.2108287811279297
828,322,3.0,2.1148924827575684
885,756,2.0,2.822047233581543
653,732,2.0,2.9532999992370605
437,287,2.0,3.4204978942871094
295,98,5.0,5.085195541381836
474,528,5.0,4.452608108520508
211,526,4.0,3.327152729034424
717,866,1.0,3.522653102874756
940,153,2.0,3.336869955062866
568,631,5.0,3.1376101970672607
507,298,5.0,5.107327461242676
34,310,4.0,4.403834342956543
334,69,1.0,3.259408712387085
707,582,5.0,3.553093671798706
463,985,1.0,2.618689775466919
59,699,4.0,4.122079849243164
752,690,4.0,3.2475037574768066
902,300,4.0,2.9711132049560547
694,138,3.0,2.492960214614868
552,628,3.0,3.4817616939544678
92,134,4.0,4.553110122680664
406,665,3.0,2.7586185932159424
676,315,4.0,3.986771821975708
195,384,2.0,2.610818862915039
736,533,3.0,3.257632255554199
654,742,4.0,3.794996738433838
551,281,5.0,3.609609842300415
350,340,4.0,4.04808235168457
125,513,4.0,3.8456273078918457
930,1010,2.0,2.8289754390716553
387,268,3.0,3.876046657562256
244,676,4.0,3.5789246559143066
610,7,2.0,3.634956121444702
503,121,3.0,3.0675926208496094
458,514,5.0,4.2224626541137695
7,626,5.0,1.4074742794036865
943,234,3.0,3.786987543106079
18,189,5.0,4.141641139984131
164,281,4.0,4.033814430236816
269,167,1.0,2.468136787414551
466,172,4.0,3.9643826484680176
716,1020,5.0,4.142939567565918
870,378,3.0,3.53568959236145
805,603,4.0,4.466275215148926
697,50,5.0,4.862317085266113
267,64,5.0,5.075275421142578
422,379,2.0,3.215367317199707
635,307,4.0,3.353938579559326
151,492,3.0,4.1957902908325195
674,313,5.0,4.573875427246094
711,425,4.0,4.563279151916504
684,716,2.0,2.9706504344940186
268,525,4.0,3.9599480628967285
59,181,5.0,4.215106964111328
57,588,4.0,3.6581900119781494
264,671,4.0,4.4467573165893555
201,26,4.0,3.027914524078369
588,451,5.0,3.6841678619384766
863,328,5.0,3.6470465660095215
838,318,5.0,4.84543514251709
468,12,4.0,4.7327728271484375
831,307,2.0,3.25785493850708
24,100,5.0,5.011471748352051
913,11,4.0,3.436370611190796
586,39,4.0,2.9451773166656494
870,333,3.0,2.7597908973693848
398,208,5.0,3.899029016494751
207,127,5.0,3.7301025390625
26,831,2.0,2.0408592224121094
621,87,5.0,4.11527156829834
770,919,5.0,4.488970756530762
235,96,4.0,3.6641311645507812
666,264,3.0,2.528665542602539
924,605,3.0,3.41530442237854
90,505,5.0,4.431624412536621
634,273,3.0,3.675962448120117
561,942,3.0,3.15521502494812
487,231,1.0,3.13112211227417
334,577,2.0,1.930317759513855
624,295,3.0,3.5931718349456787
523,306,5.0,4.688542366027832
491,124,5.0,3.965341329574585
493,475,3.0,3.389232635498047
387,446,2.0,2.386650800704956
343,510,5.0,4.674576759338379
650,692,3.0,3.153655529022217
318,722,4.0,3.0720913410186768
195,887,4.0,3.9112069606781006
327,778,3.0,3.43281888961792
650,480,5.0,3.6746761798858643
452,492,4.0,3.4618334770202637
870,653,4.0,3.739501714706421
315,732,3.0,3.3791911602020264
429,475,4.0,4.079207420349121
668,993,4.0,3.3471086025238037
270,283,5.0,4.671693801879883
445,823,1.0,1.881273865699768
87,871,4.0,2.965130090713501
487,300,5.0,3.928135871887207
393,280,4.0,3.8080596923828125
535,83,4.0,4.126497268676758
293,257,2.0,2.819706916809082
344,176,5.0,3.8261234760284424
234,318,4.0,3.8551828861236572
181,975,2.0,1.5095349550247192
42,496,5.0,4.71484375
553,615,5.0,4.251791954040527
178,294,2.0,3.282181978225708
884,213,4.0,3.995635986328125
938,928,5.0,3.109642744064331
787,352,2.0,2.024651050567627
378,44,3.0,3.5887362957000732
481,204,4.0,4.0078125
398,197,5.0,3.8460006713867188
537,1197,3.0,2.721705198287964
359,546,3.0,3.577430009841919
848,72,5.0,3.6317896842956543
913,741,4.0,3.193359136581421
747,653,5.0,4.535915374755859
663,151,3.0,3.588205337524414
798,87,3.0,3.666546583175659
628,938,5.0,3.407125473022461
269,616,4.0,3.6042275428771973
936,106,3.0,3.1578288078308105
627,144,2.0,3.651883125305176
901,756,4.0,3.1900181770324707
295,290,4.0,3.7041637897491455
207,845,3.0,3.4515583515167236
290,385,4.0,3.8761789798736572
436,642,4.0,3.6400327682495117
459,181,4.0,4.081790924072266
399,24,4.0,2.959554672241211
645,512,5.0,4.348616600036621
346,273,4.0,3.26716685295105
489,302,5.0,4.460667610168457
194,62,2.0,2.2782390117645264
653,125,2.0,3.2636797428131104
716,154,5.0,3.656653642654419
499,7,4.0,3.7351560592651367
409,115,2.0,3.581977367401123
862,250,5.0,4.070021629333496
181,278,2.0,1.6109638214111328
135,183,4.0,3.934654951095581
653,1014,2.0,2.5080666542053223
908,318,5.0,4.078742504119873
151,770,4.0,3.8714160919189453
74,300,3.0,4.0870561599731445
664,160,3.0,3.2894363403320312
704,269,4.0,3.8262107372283936
497,679,3.0,2.878842353820801
115,172,4.0,4.154858112335205
504,834,2.0,2.5666093826293945
15,742,2.0,2.998727321624756
411,73,4.0,3.39843487739563
911,465,5.0,3.452246904373169
268,566,3.0,2.9095842838287354
130,433,3.0,4.284823417663574
504,295,4.0,3.9183876514434814
868,621,2.0,2.723236083984375
390,740,4.0,3.7093021869659424
468,772,4.0,3.2543509006500244
296,285,5.0,4.9315643310546875
804,651,4.0,4.123734474182129
537,133,4.0,2.9398560523986816
774,228,4.0,2.5058701038360596
130,419,5.0,4.40625
650,530,4.0,3.6273326873779297
238,258,3.0,3.7597320079803467
733,245,3.0,1.9945193529129028
331,302,5.0,4.238434314727783
639,28,4.0,2.8914504051208496
767,648,4.0,4.5278167724609375
864,805,4.0,4.077823162078857
141,1013,1.0,2.266225814819336
194,182,3.0,3.381990432739258
393,77,3.0,3.9594757556915283
660,17,1.0,2.518690586090088
771,181,4.0,4.018484115600586
311,180,4.0,3.659578561782837
287,815,3.0,3.5646603107452393
887,289,5.0,3.527056932449341
303,284,4.0,3.0533478260040283
840,607,4.0,4.512237548828125
798,265,5.0,4.341095924377441
8,96,3.0,4.422585487365723
6,301,2.0,2.1867575645446777
138,133,4.0,4.124521255493164
875,22,3.0,4.139959335327148
466,882,5.0,3.514829397201538
250,174,3.0,4.571803092956543
72,480,5.0,4.1102495193481445
399,475,5.0,3.1223225593566895
719,69,5.0,3.6883389949798584
59,473,3.0,3.7933475971221924
59,647,5.0,4.693080902099609
721,680,3.0,2.8795673847198486
763,61,5.0,4.124323844909668
766,1050,3.0,3.2436020374298096
85,195,3.0,3.5204670429229736
49,147,1.0,1.8414369821548462
28,227,4.0,3.139195680618286
336,692,3.0,3.285458564758301
774,186,3.0,2.5389533042907715
450,305,4.0,3.7254137992858887
844,168,4.0,3.768719434738159
293,168,4.0,3.8182761669158936
243,1115,3.0,3.4871785640716553
488,176,4.0,3.5513265132904053
222,627,3.0,3.1683998107910156
174,147,4.0,3.763213872909546
807,399,4.0,3.7050559520721436
11,526,3.0,3.8045289516448975
943,625,3.0,3.357137441635132
655,1007,3.0,3.2333133220672607
159,595,5.0,3.262349843978882
933,710,2.0,2.6890900135040283
385,745,4.0,3.7521350383758545
453,90,3.0,3.246065616607666
561,284,1.0,2.2773330211639404
693,77,2.0,2.8747406005859375
605,14,5.0,4.065850734710693
268,450,1.0,2.1509292125701904
429,591,3.0,3.415584087371826
593,157,3.0,3.654923677444458
59,705,4.0,4.073835372924805
327,302,3.0,3.8479812145233154
932,482,5.0,4.487462043762207
239,114,3.0,4.6319990158081055
483,9,2.0,2.8109545707702637
497,268,4.0,3.5287373065948486
818,751,5.0,3.189336061477661
738,136,4.0,4.186601638793945
66,281,4.0,3.3376615047454834
768,257,4.0,3.460343837738037
117,268,5.0,4.408076286315918
290,546,2.0,3.1807329654693604
374,24,3.0,3.273892879486084
85,629,3.0,3.2453415393829346
804,288,1.0,3.9965310096740723
102,202,4.0,2.8073320388793945
405,1556,1.0,1.3148256540298462
438,284,2.0,3.680750608444214
343,134,5.0,5.228137016296387
416,1428,3.0,4.067702293395996
409,210,4.0,3.1110446453094482
450,423,5.0,4.530289649963379
470,319,3.0,3.1784889698028564
10,371,4.0,3.5478646755218506
604,637,4.0,2.761645555496216
707,478,4.0,3.6282155513763428
543,183,4.0,3.842970609664917
280,1048,4.0,3.3077456951141357
334,1051,4.0,2.7231545448303223
328,570,3.0,3.198726177215576
94,100,5.0,5.1024627685546875
200,202,5.0,4.3323163986206055
44,1058,4.0,3.3619580268859863
119,492,5.0,4.062580108642578
271,13,4.0,3.2603836059570312
452,234,3.0,3.666510820388794
869,412,5.0,2.2227602005004883
318,610,5.0,3.8199851512908936
109,159,4.0,3.7010862827301025
34,299,5.0,3.6546812057495117
473,9,5.0,3.8740804195404053
711,58,4.0,3.9246041774749756
747,625,3.0,3.5058658123016357
721,755,4.0,3.6673576831817627
790,91,3.0,3.4995837211608887
393,802,3.0,3.312944173812866
304,879,3.0,3.255180835723877
393,356,3.0,3.4169695377349854
805,588,2.0,3.4051554203033447
392,1226,4.0,3.773658514022827
655,293,4.0,3.1137850284576416
852,100,4.0,4.208529472351074
184,399,3.0,3.0672011375427246
184,182,4.0,3.9406471252441406
935,118,4.0,4.091055870056152
637,744,4.0,2.5819005966186523
586,756,1.0,3.159820556640625
896,511,5.0,3.9785654544830322
885,949,4.0,3.0498979091644287
275,419,3.0,3.283888816833496
650,969,3.0,3.4023516178131104
154,496,3.0,4.106053352355957
69,235,3.0,3.098445415496826
1,112,1.0,2.158731460571289
194,762,3.0,2.8675901889801025
789,1007,4.0,3.9075331687927246
635,358,1.0,2.653881072998047
884,285,4.0,4.377889633178711
774,54,1.0,1.7685608863830566
177,322,2.0,2.5792036056518555
469,641,4.0,5.087922096252441
474,173,5.0,4.70522403717041
10,712,4.0,3.5410780906677246
276,388,2.0,2.267925262451172
757,260,3.0,2.6721301078796387
48,202,4.0,3.628488540649414
587,304,4.0,3.218505382537842
630,243,2.0,3.2434122562408447
831,56,5.0,3.766749858856201
507,250,5.0,4.32647705078125
479,325,1.0,2.584319591522217
459,220,3.0,3.6426429748535156
886,144,4.0,3.839261770248413
216,56,5.0,4.524990081787109
451,1280,1.0,2.1320748329162598
472,400,5.0,2.824944257736206
561,48,4.0,3.849006414413452
604,567,5.0,2.6050212383270264
479,500,4.0,3.7602572441101074
745,79,3.0,3.1307077407836914
847,164,3.0,3.0812790393829346
361,1074,3.0,2.2520861625671387
299,347,4.0,3.3450472354888916
347,282,5.0,3.83149790763855
14,276,4.0,4.064360618591309
648,178,4.0,3.7820799350738525
122,469,5.0,4.092082977294922
422,200,5.0,3.964845657348633
371,186,5.0,4.207361698150635
167,726,1.0,2.632755756378174
97,100,2.0,4.497280120849609
288,237,4.0,3.742363691329956
121,118,2.0,2.0787453651428223
221,24,5.0,3.7420501708984375
608,56,5.0,3.8398423194885254
627,183,5.0,3.9703457355499268
542,70,4.0,3.6428134441375732
14,81,5.0,4.054404258728027
313,121,4.0,3.322628974914551
77,518,4.0,3.7242753505706787
373,238,4.0,3.496156692504883
268,83,4.0,3.6243324279785156
334,50,5.0,4.222716331481934
56,233,1.0,3.647911787033081
416,42,3.0,4.009063243865967
167,831,3.0,2.2401700019836426
504,257,5.0,4.1622819900512695
249,125,3.0,3.371509313583374
207,185,4.0,3.8081746101379395
933,392,3.0,2.3462228775024414
417,684,3.0,3.6623406410217285
441,25,3.0,3.6693058013916016
645,208,5.0,4.038468360900879
65,237,4.0,3.83640456199646
806,133,5.0,4.133026123046875
790,131,2.0,3.43580961227417
286,107,1.0,4.164965629577637
805,212,3.0,3.9284913539886475
416,278,3.0,3.6680076122283936
640,1073,5.0,4.732342720031738
591,367,3.0,3.527052879333496
591,238,5.0,3.9401774406433105
73,1073,4.0,3.849181890487671
579,1047,3.0,2.570077657699585
265,294,4.0,3.856837272644043
842,313,4.0,4.381060600280762
448,750,5.0,3.515209913253784
308,98,3.0,4.550849914550781
56,447,4.0,3.3378195762634277
712,228,3.0,4.311555862426758
18,223,5.0,4.278092384338379
2,315,1.0,4.134583473205566
495,1135,5.0,3.636106252670288
434,15,3.0,4.362181663513184
563,692,5.0,3.9298651218414307
258,315,3.0,4.165496826171875
116,191,4.0,3.7874345779418945
655,127,5.0,3.6978464126586914
537,515,4.0,3.3024442195892334
248,405,4.0,3.0863099098205566
13,234,5.0,3.679824113845825
253,175,2.0,3.6909384727478027
853,334,3.0,2.714770793914795
13,202,5.0,3.7479593753814697
152,313,4.0,5.4881439208984375
320,147,4.0,4.043313980102539
817,124,4.0,3.115816831588745
892,1444,3.0,2.7271220684051514
429,820,3.0,2.4989166259765625
330,91,4.0,4.284585952758789
653,429,3.0,2.945608139038086
58,240,4.0,3.0659337043762207
21,406,1.0,1.8935796022415161
882,33,2.0,3.7535741329193115
909,286,4.0,4.325469970703125
496,22,4.0,3.325880527496338
201,1229,3.0,1.3499181270599365
59,367,4.0,3.9887185096740723
214,151,5.0,3.7055163383483887
269,3,3.0,2.0937981605529785
342,135,3.0,4.1817731857299805
13,662,5.0,3.37888240814209
234,724,4.0,3.157151699066162
474,509,5.0,4.035622596740723
577,684,4.0,4.138764381408691
618,485,3.0,3.7031590938568115
80,58,4.0,3.556729316711426
42,729,3.0,3.928349733352661
889,193,4.0,3.7175958156585693
167,364,3.0,2.6896207332611084
178,222,4.0,4.1528425216674805
261,117,4.0,4.691678047180176
477,36,4.0,2.7059149742126465
379,398,1.0,2.112274169921875
796,623,3.0,3.363687753677368
318,132,4.0,4.214089870452881
467,1017,2.0,3.369882345199585
21,447,5.0,3.9719340801239014
279,1288,4.0,2.3981003761291504
650,449,3.0,2.630833864212036
840,179,5.0,4.59935188293457
315,185,4.0,4.395573616027832
506,749,4.0,3.1870124340057373
671,1597,1.0,2.9907290935516357
244,220,2.0,3.2685110569000244
249,161,3.0,3.24800968170166
308,649,4.0,3.550135612487793
831,742,3.0,3.4643185138702393
870,1073,5.0,3.6044111251831055
176,475,5.0,4.276303291320801
313,417,2.0,3.241410255432129
417,1047,4.0,2.6054704189300537
397,171,5.0,4.229958534240723
536,275,5.0,3.8897995948791504
303,230,3.0,3.195038080215454
587,264,4.0,2.487917423248291
622,1039,5.0,3.9940595626831055
293,429,4.0,3.6072261333465576
343,1067,3.0,4.048290252685547
671,226,3.0,3.6399896144866943
828,753,4.0,3.2071728706359863
350,50,5.0,4.837879180908203
393,826,3.0,2.8533782958984375
805,338,1.0,2.379410743713379
151,176,2.0,4.113751411437988
303,778,4.0,4.037880897521973
407,525,4.0,3.9135384559631348
846,401,5.0,3.0187859535217285
423,329,3.0,3.1855506896972656
56,237,5.0,3.999790668487549
128,131,5.0,3.9175760746002197
190,333,4.0,3.898318290710449
398,134,3.0,3.8532557487487793
929,284,2.0,2.941425085067749
373,181,5.0,4.386938095092773
487,559,3.0,3.4586875438690186
807,597,4.0,4.018637657165527
823,418,4.0,3.8786613941192627
90,69,1.0,4.330638885498047
286,781,4.0,3.5045390129089355
346,302,3.0,3.62162709236145
307,431,4.0,3.802065372467041
345,1281,4.0,3.134249687194824
248,475,5.0,3.9675967693328857
503,303,5.0,4.180875778198242
933,210,3.0,2.8446130752563477
883,8,4.0,4.200428485870361
94,673,3.0,4.056737899780273
883,770,4.0,3.547919988632202
380,956,4.0,3.2408359050750732
798,1446,4.0,3.234424591064453
110,791,2.0,2.3576178550720215
833,234,3.0,3.1899383068084717
934,313,3.0,4.3470869064331055
1,222,4.0,3.228113889694214
99,300,4.0,3.854494094848633
331,221,4.0,3.514636754989624
57,1093,3.0,3.2692339420318604
287,39,5.0,3.7401809692382812
896,719,1.0,2.138808012008667
378,674,3.0,3.0888888835906982
763,845,4.0,3.512582302093506
201,212,4.0,3.0787999629974365
393,272,4.0,4.121397018432617
886,234,3.0,3.682443618774414
899,111,4.0,3.408900737762451
352,653,3.0,3.7015411853790283
790,585,2.0,2.3029794692993164
515,347,3.0,3.0053164958953857
480,319,3.0,3.176506757736206
532,226,4.0,4.466913223266602
299,487,5.0,3.811189889907837
121,742,5.0,2.744905948638916
504,755,4.0,3.5120513439178467
374,466,5.0,3.0942628383636475
314,819,4.0,3.463282823562622
855,171,3.0,3.179412841796875
379,9,4.0,4.496114730834961
291,655,4.0,4.44835090637207
847,11,3.0,3.2555198669433594
201,636,2.0,2.957073211669922
224,54,3.0,3.3245177268981934
749,944,4.0,3.055805206298828
363,29,1.0,2.3010549545288086
816,259,2.0,3.515610456466675
747,14,3.0,4.46000862121582
119,194,5.0,4.535065650939941
234,662,3.0,2.9031174182891846
694,131,5.0,3.8866212368011475
699,929,3.0,2.6897919178009033
16,227,5.0,3.7553956508636475
551,70,4.0,3.9805803298950195
624,411,4.0,2.9507853984832764
63,596,2.0,3.055528163909912
403,477,4.0,3.2738375663757324
531,688,1.0,2.3933465480804443
390,475,1.0,4.172489166259766
538,215,5.0,3.7430169582366943
324,282,5.0,4.902199745178223
256,552,3.0,3.6192400455474854
919,748,1.0,3.213104248046875
52,498,5.0,4.654767990112305
198,180,3.0,3.941638946533203
655,31,3.0,2.521063804626465
305,482,2.0,3.5873074531555176
123,185,4.0,4.369494438171387
297,100,5.0,4.318926811218262
87,111,4.0,3.843557834625244
471,627,1.0,3.2818026542663574
903,410,4.0,3.294421672821045
79,370,2.0,2.7485873699188232
345,387,4.0,3.4678986072540283
796,728,3.0,3.473357915878296
429,732,4.0,3.4157474040985107
805,89,4.0,4.571422576904297
826,771,3.0,2.9933011531829834
764,595,4.0,3.0560178756713867
934,174,5.0,4.4437255859375
716,499,4.0,4.0436553955078125
264,240,4.0,3.1323492527008057
132,50,3.0,4.152094841003418
851,831,5.0,2.5299668312072754
883,96,4.0,3.7582201957702637
880,554,3.0,2.9264676570892334
846,212,5.0,3.3888721466064453
189,105,2.0,2.1862130165100098
534,687,5.0,2.581782341003418
835,654,5.0,4.531028747558594
188,470,5.0,3.9096627235412598
502,258,2.0,3.7085750102996826
417,157,4.0,3.719226598739624
721,197,4.0,3.62518048286438
90,258,3.0,3.8791768550872803
125,198,3.0,3.6272008419036865
840,495,3.0,3.9001777172088623
428,332,4.0,4.167296409606934
488,56,4.0,2.8976197242736816
200,652,2.0,3.928022861480713
401,117,3.0,2.7624573707580566
304,322,4.0,3.1124041080474854
269,504,4.0,4.209158897399902
919,1173,3.0,2.530819892883301
406,664,2.0,3.5593347549438477
919,21,2.0,2.696777582168579
896,121,3.0,3.1727607250213623
145,394,1.0,3.7172911167144775
308,663,5.0,4.047906875610352
394,156,4.0,4.350090503692627
178,295,3.0,3.5863380432128906
382,756,3.0,2.0023608207702637
805,569,1.0,2.8693759441375732
640,315,5.0,4.849291801452637
693,79,4.0,3.5096435546875
405,1470,2.0,1.7910842895507812
220,300,5.0,3.8753814697265625
554,202,4.0,3.6439285278320312
683,271,3.0,2.911797285079956
684,386,3.0,2.5738534927368164
435,90,4.0,3.2651166915893555
481,88,4.0,3.557427406311035
23,224,5.0,3.9466185569763184
159,1013,4.0,2.417760133743286
503,166,5.0,4.3488311767578125
112,327,1.0,3.8003346920013428
862,70,4.0,4.411718368530273
13,233,4.0,2.7591586112976074
882,243,4.0,2.522139310836792
308,203,5.0,4.140412330627441
70,431,3.0,3.5049898624420166
804,447,3.0,3.5920422077178955
760,202,3.0,3.338303565979004
230,10,3.0,3.8242433071136475
411,566,4.0,3.53163480758667
486,1405,5.0,3.540680170059204
839,458,5.0,3.079798460006714
587,268,4.0,3.3884284496307373
838,283,5.0,4.071704864501953
758,705,5.0,4.228564262390137
829,1120,2.0,2.9347805976867676
217,176,4.0,3.443021535873413
716,102,2.0,3.396754741668701
868,327,4.0,2.9537436962127686
264,23,5.0,4.750080108642578
417,727,5.0,3.2628402709960938
618,1,4.0,3.6783030033111572
497,722,3.0,2.718912363052368
193,259,2.0,2.1183278560638428
184,742,3.0,3.0284829139709473
56,597,3.0,3.608808994293213
655,66,2.0,2.232299566268921
868,189,5.0,3.6761696338653564
130,82,5.0,4.717235565185547
429,431,5.0,3.314265489578247
345,235,3.0,3.0112268924713135
561,72,2.0,2.406317949295044
280,225,4.0,2.9522454738616943
1,93,5.0,4.165013313293457
69,321,4.0,3.285365343093872
49,433,5.0,3.2350974082946777
740,340,4.0,3.4425251483917236
450,417,4.0,3.741157293319702
193,195,1.0,3.90352201461792
397,322,1.0,2.3942039012908936
699,870,3.0,2.8244917392730713
757,195,4.0,4.056718826293945
246,672,4.0,2.3327460289001465
230,568,3.0,4.143290042877197
883,168,5.0,4.366415023803711
616,349,4.0,3.212312936782837
85,433,3.0,3.39664626121521
634,819,2.0,2.8180742263793945
738,403,3.0,3.401057720184326
676,144,4.0,4.160960674285889
893,258,3.0,3.7360498905181885
212,631,5.0,3.590704917907715
308,265,3.0,3.639540910720825
922,596,4.0,3.2794981002807617
56,451,3.0,3.4853718280792236
447,474,3.0,4.40310001373291
429,167,3.0,2.919079065322876
686,26,5.0,4.086639404296875
435,53,3.0,3.165181875228882
747,580,5.0,3.7257091999053955
222,51,3.0,3.251704692840576
44,946,3.0,3.0968739986419678
794,150,4.0,4.39500617980957
405,860,1.0,1.6684379577636719
881,432,3.0,3.3100080490112305
753,272,4.0,3.9692203998565674
20,931,1.0,1.8363810777664185
880,295,5.0,3.795210123062134
932,529,4.0,4.3385114669799805
164,237,2.0,4.460640907287598
58,483,5.0,4.453100204467773
377,154,5.0,3.7623207569122314
29,270,4.0,3.865595579147339
643,451,2.0,3.446079969406128
389,722,2.0,2.8163273334503174
321,205,5.0,3.819774866104126
286,168,4.0,4.34908390045166
63,475,4.0,4.0064826011657715
263,323,1.0,2.2168455123901367
394,96,5.0,4.514522552490234
268,823,2.0,2.6359310150146484
234,646,3.0,3.614171266555786
614,25,1.0,3.453263759613037
83,1035,4.0,3.5093932151794434
388,266,5.0,3.1529300212860107
881,188,4.0,3.174408197402954
804,141,3.0,3.5799930095672607
244,856,5.0,4.453191757202148
546,294,1.0,3.8065590858459473
622,215,3.0,3.6588127613067627
442,943,4.0,3.5052783489227295
13,915,5.0,3.4664363861083984
531,895,2.0,3.734438419342041
241,288,5.0,3.105517864227295
44,636,4.0,3.5724451541900635
16,202,5.0,4.237451076507568
18,56,5.0,4.296929359436035
631,332,3.0,3.309929132461548
776,234,5.0,3.607929229736328
727,5,3.0,3.184163808822632
495,144,4.0,4.629405975341797
94,235,4.0,3.236914873123169
495,452,2.0,3.3096771240234375
940,692,4.0,3.359476089477539
360,511,5.0,4.717098236083984
498,186,4.0,3.0022780895233154
766,481,4.0,3.6357572078704834
610,527,4.0,4.093263149261475
751,479,2.0,4.373171806335449
775,315,5.0,3.983565092086792
835,310,4.0,3.6550605297088623
708,538,2.0,3.4983115196228027
640,732,4.0,4.503896713256836
332,696,3.0,3.990549325942993
334,537,4.0,3.7676548957824707
823,79,4.0,4.219592571258545
219,13,1.0,3.826118230819702
405,1509,1.0,1.5518176555633545
674,827,4.0,2.899251699447632
800,25,4.0,3.6700496673583984
328,614,4.0,3.628295421600342
839,117,5.0,3.1434738636016846
18,963,5.0,4.391530990600586
907,172,4.0,5.45108699798584
714,15,3.0,4.040083885192871
495,357,5.0,4.959239959716797
452,102,2.0,3.166626453399658
641,484,5.0,4.225257873535156
43,315,4.0,4.23792839050293
561,52,4.0,3.519049882888794
37,79,4.0,4.200199604034424
669,190,3.0,3.8555867671966553
891,978,4.0,2.9974095821380615
421,516,5.0,3.6403262615203857
393,751,2.0,3.639752149581909
738,164,5.0,3.6736648082733154
933,866,2.0,2.073709487915039
268,70,3.0,3.475820541381836
92,88,3.0,3.0499322414398193
433,303,4.0,4.102574348449707
908,133,5.0,3.5161852836608887
407,182,4.0,3.9252724647521973
128,276,4.0,3.760599374771118
854,1013,1.0,1.7025656700134277
414,272,5.0,4.751424789428711
303,300,1.0,2.71920108795166
883,83,3.0,4.02901029586792
424,427,4.0,3.4120943546295166
618,497,2.0,3.5908005237579346
344,12,5.0,4.464422225952148
527,275,3.0,3.81870436668396
155,988,2.0,1.6398844718933105
115,357,5.0,4.671256065368652
848,195,3.0,4.44267463684082
66,471,5.0,3.696251153945923
870,1014,2.0,2.8264482021331787
379,64,5.0,4.991545677185059
805,1,4.0,3.514047384262085
488,245,3.0,2.768984079360962
94,581,4.0,3.733511209487915
283,588,4.0,4.423096656799316
38,1033,5.0,3.0532448291778564
406,154,5.0,3.709404706954956
665,147,4.0,3.294992446899414
849,588,5.0,4.894094467163086
21,741,3.0,3.61655330657959
883,98,3.0,4.497793197631836
214,154,3.0,3.9037070274353027
405,842,5.0,2.0283594131469727
246,735,4.0,3.606282949447632
661,255,3.0,3.3578743934631348
68,275,5.0,3.5734784603118896
1,126,2.0,3.9385759830474854
393,56,2.0,3.0329201221466064
230,419,4.0,4.131834506988525
379,701,4.0,4.490150451660156
556,302,4.0,4.471491813659668
730,258,5.0,3.53047776222229
655,1194,5.0,3.4133107662200928
235,701,4.0,4.044159412384033
130,930,3.0,3.3179070949554443
429,233,3.0,2.864891767501831
280,58,4.0,3.680980920791626
327,298,3.0,2.992544412612915
851,261,3.0,2.424956798553467
10,168,4.0,4.424713134765625
12,97,5.0,4.363976001739502
828,961,2.0,3.1632001399993896
786,28,5.0,4.080253601074219
722,458,4.0,3.5396792888641357
534,1047,4.0,3.62119460105896
13,589,3.0,4.175833702087402
343,64,5.0,4.767594337463379
916,164,4.0,3.195866107940674
406,661,5.0,4.096850395202637
484,554,4.0,3.108335018157959
276,354,4.0,3.5596909523010254
435,39,3.0,3.3318402767181396
3,271,3.0,2.904622793197632
126,340,5.0,3.451314687728882
916,566,3.0,2.939581871032715
406,528,4.0,3.954012632369995
82,474,3.0,4.144488334655762
788,684,5.0,3.6343815326690674
561,660,3.0,3.1605379581451416
823,172,5.0,4.708371162414551
432,249,5.0,3.410358190536499
769,222,4.0,3.4900243282318115
524,168,3.0,4.13836669921875
780,385,4.0,4.08781623840332
554,22,4.0,4.444906234741211
630,871,2.0,2.8653178215026855
888,237,5.0,4.199699401855469
20,22,5.0,3.638286590576172
870,7,4.0,3.528759241104126
788,73,3.0,3.406886339187622
299,297,3.0,3.9094977378845215
593,210,2.0,4.194150924682617
455,455,3.0,3.1026463508605957
239,482,3.0,4.401991844177246
703,508,3.0,3.407252311706543
693,216,4.0,3.4305384159088135
49,90,1.0,2.65028977394104
932,489,4.0,4.528013229370117
532,1221,5.0,4.377555847167969
10,420,4.0,3.8748064041137695
299,1056,4.0,3.0984652042388916
774,250,3.0,2.1717824935913086
699,886,3.0,3.0070509910583496
216,181,3.0,3.9367640018463135
537,216,3.0,2.811556816101074
460,458,2.0,3.0158469676971436
297,4,1.0,3.3087804317474365
485,319,3.0,3.026651620864868
42,121,4.0,4.746485710144043
887,993,5.0,4.138036727905273
708,845,5.0,3.3616549968719482
271,276,3.0,3.576683759689331
802,264,4.0,3.09759259223938
588,133,5.0,3.9525868892669678
96,183,4.0,4.337945461273193
445,276,3.0,2.5268259048461914
473,285,4.0,4.444974899291992
676,286,4.0,3.408820390701294
299,14,4.0,3.901078939437866
916,1109,3.0,3.579793930053711
238,458,4.0,3.1519627571105957
279,191,3.0,3.894911527633667
896,1423,2.0,1.1223392486572266
357,826,3.0,3.179713249206543
890,215,4.0,3.67460560798645
92,931,1.0,2.0762505531311035
83,748,2.0,3.3945674896240234
450,1192,5.0,3.613544464111328
494,194,4.0,4.239923000335693
890,501,4.0,3.78043532371521
416,678,2.0,3.133162260055542
798,941,3.0,3.181717872619629
119,174,4.0,4.712170600891113
561,243,1.0,0.5427188873291016
221,763,4.0,3.5466558933258057
417,508,3.0,3.386988878250122
823,762,4.0,3.7778828144073486
919,112,3.0,2.4325613975524902
387,208,3.0,3.8121020793914795
305,471,4.0,2.9035768508911133
294,347,5.0,3.6847381591796875
379,447,4.0,4.183206558227539
389,955,4.0,3.6653642654418945
524,215,2.0,3.5037496089935303
210,763,2.0,3.6326348781585693
310,257,5.0,3.929328680038452
629,265,4.0,4.523367881774902
94,1188,3.0,2.6745223999023438
181,1242,1.0,0.825267493724823
650,479,5.0,3.792681932449341
639,962,1.0,2.86555814743042
921,1028,4.0,3.13500714302063
806,188,3.0,3.772894859313965
894,83,4.0,4.000809669494629
276,797,3.0,3.1973795890808105
868,480,4.0,3.761014938354492
682,274,4.0,3.144217014312744
682,697,4.0,3.122812509536743
115,117,4.0,2.9822516441345215
409,514,5.0,3.8718369007110596
882,290,4.0,3.6423609256744385
721,329,3.0,3.629316806793213
752,286,1.0,3.3541743755340576
222,391,3.0,2.613172769546509
747,8,5.0,4.647680282592773
387,678,3.0,1.5237171649932861
348,628,4.0,4.271805763244629
528,193,4.0,3.8368473052978516
42,66,4.0,4.136763095855713
23,694,4.0,4.272890090942383
748,222,4.0,3.5101165771484375
833,1149,4.0,3.6441545486450195
296,10,2.0,4.5147247314453125
806,518,3.0,3.9149465560913086
331,190,3.0,4.047114372253418
339,32,5.0,4.518039703369141
406,206,1.0,3.3187806606292725
363,561,2.0,2.6474697589874268
201,1169,4.0,3.372546434402466
409,504,2.0,3.932309150695801
821,1,5.0,4.724024772644043
13,906,3.0,3.468670606613159
176,257,1.0,3.6820287704467773
181,1379,1.0,1.015529990196228
406,173,2.0,4.079617500305176
276,268,4.0,4.25429630279541
407,135,3.0,3.9010393619537354
892,90,2.0,3.547585964202881
429,1285,3.0,2.90732741355896
44,24,3.0,3.5817055702209473
151,191,3.0,4.716858863830566
405,775,1.0,2.389364719390869
16,22,5.0,5.064357757568359
588,144,3.0,4.222221374511719
495,448,5.0,4.1078948974609375
416,187,5.0,4.55739688873291
256,1228,1.0,3.2989959716796875
455,286,5.0,3.341020345687866
77,250,3.0,3.1047918796539307
696,1062,4.0,4.961830139160156
439,240,3.0,2.977273941040039
630,191,3.0,3.100142240524292
87,396,1.0,2.605260133743286
268,381,3.0,3.4084012508392334
907,317,5.0,4.870043754577637
42,742,4.0,4.145658493041992
756,66,4.0,3.0161280632019043
155,286,4.0,3.0964958667755127
464,127,5.0,4.727967262268066
934,705,4.0,3.892058849334717
432,298,3.0,4.189566612243652
735,1,4.0,3.3672420978546143
535,192,4.0,4.427570343017578
802,323,5.0,3.6617515087127686
460,13,3.0,3.4159786701202393
480,96,4.0,3.364788055419922
294,235,3.0,3.174752712249756
372,581,5.0,4.089094161987305
145,544,4.0,3.2838728427886963
903,1073,3.0,4.112683296203613
139,458,4.0,3.418705463409424
210,15,4.0,4.058167457580566
541,1442,1.0,3.1664493083953857
49,320,5.0,3.436354637145996
268,1046,3.0,2.562654733657837
500,421,4.0,3.5680854320526123
279,671,2.0,3.271185874938965
238,220,3.0,3.3981945514678955
331,238,4.0,3.7443630695343018
504,386,3.0,2.604917526245117
42,111,1.0,3.553075075149536
21,774,2.0,2.534585475921631
342,866,1.0,2.3177785873413086
276,732,4.0,3.8122849464416504
537,307,3.0,2.199702739715576
437,86,4.0,4.1536865234375
360,194,3.0,4.1959333419799805
60,507,4.0,4.242003440856934
721,318,4.0,4.725069046020508
299,259,3.0,2.1693127155303955
312,505,5.0,4.520288467407227
931,121,2.0,3.7201733589172363
900,288,2.0,2.2427144050598145
551,721,5.0,3.838355302810669
392,324,1.0,3.509209156036377
327,178,4.0,4.090275764465332
297,69,3.0,3.187882661819458
913,789,4.0,3.1992218494415283
18,6,5.0,3.691603660583496
666,162,4.0,3.5212111473083496
481,238,4.0,3.804032802581787
99,111,1.0,3.6663365364074707
474,478,4.0,4.55463981628418
733,546,1.0,1.975272297859192
308,42,4.0,3.9652981758117676
364,875,3.0,2.498257637023926
512,258,3.0,4.080959320068359
519,259,1.0,3.458427667617798
286,250,4.0,3.693474292755127
776,95,4.0,3.337918996810913
95,1219,1.0,2.8109569549560547
13,844,1.0,3.086061477661133
537,19,4.0,3.153501272201538
405,422,1.0,1.441704511642456
627,174,3.0,3.844306707382202
480,863,4.0,3.7776618003845215
672,225,2.0,2.636861801147461
600,89,5.0,4.662101745605469
486,15,3.0,3.152388572692871
10,707,5.0,4.171723365783691
881,542,1.0,2.5199670791625977
215,523,4.0,4.238704681396484
198,215,4.0,3.4503214359283447
222,40,1.0,2.9363596439361572
912,523,4.0,3.7009623050689697
215,432,5.0,3.9762027263641357
751,117,4.0,3.1406071186065674
823,708,4.0,4.224106311798096
389,154,3.0,4.053256988525391
469,511,5.0,5.102029800415039
334,208,5.0,3.8765769004821777
197,1228,4.0,2.621865749359131
588,1180,2.0,2.895839214324951
796,284,3.0,3.424464464187622
366,201,5.0,4.300814628601074
897,117,3.0,4.331789970397949
498,10,5.0,3.412122964859009
796,1057,2.0,1.9286061525344849
49,300,1.0,1.190992832183838
551,159,4.0,3.7738730907440186
622,204,3.0,3.668139696121216
585,1475,3.0,3.199573278427124
104,412,3.0,1.8693536520004272
313,176,4.0,3.8460910320281982
288,289,3.0,3.176623582839966
445,64,2.0,2.8005268573760986
57,682,3.0,3.520064115524292
223,819,3.0,2.5383095741271973
883,1592,5.0,3.418018341064453
758,151,5.0,4.167364120483398
31,328,2.0,2.6760435104370117
421,238,5.0,3.3464274406433105
224,328,4.0,3.525305986404419
224,28,4.0,3.7548279762268066
774,1118,3.0,2.109799861907959
634,294,4.0,3.5628905296325684
837,181,3.0,3.852095127105713
201,282,2.0,2.555424451828003
56,426,4.0,3.1327757835388184
815,216,3.0,3.9380929470062256
343,196,4.0,4.20851469039917
271,187,5.0,4.306763648986816
87,451,4.0,3.8302102088928223
832,323,3.0,2.9321463108062744
345,742,4.0,3.1841061115264893
472,168,5.0,4.680063247680664
205,984,1.0,2.3898682594299316
181,925,2.0,1.7382875680923462
305,512,4.0,3.8488850593566895
358,639,4.0,3.4518494606018066
936,358,4.0,2.888127565383911
854,919,4.0,3.5104129314422607
633,654,3.0,3.075526237487793
262,1095,2.0,2.0170161724090576
181,948,1.0,1.3282239437103271
562,174,5.0,4.039714813232422
479,190,4.0,4.305603504180908
546,413,4.0,3.125278949737549
623,659,5.0,3.9796597957611084
847,301,5.0,2.691406011581421
901,322,4.0,3.481781244277954
420,288,3.0,3.2628190517425537
200,892,4.0,3.292818784713745
295,739,4.0,3.7473089694976807
749,402,4.0,3.9512925148010254
56,230,5.0,4.032922744750977
766,747,5.0,3.102972984313965
648,4,1.0,3.4848220348358154
92,521,4.0,4.022320747375488
401,404,2.0,3.31208872795105
312,498,5.0,4.8903961181640625
44,449,5.0,3.1316418647766113
405,1139,1.0,2.1157140731811523
435,462,5.0,3.3241119384765625
173,258,4.0,4.9962158203125
254,164,4.0,3.3322620391845703
541,403,3.0,3.456599235534668
642,88,5.0,4.174168586730957
397,8,4.0,4.575579643249512
421,194,4.0,3.889598846435547
536,489,4.0,3.8402504920959473
320,77,3.0,3.8293404579162598
334,154,4.0,3.8776183128356934
682,68,5.0,3.348245620727539
389,1451,5.0,3.983877182006836
345,226,3.0,3.014521598815918
363,7,3.0,3.4425058364868164
343,153,5.0,4.194360733032227
429,195,4.0,3.7718207836151123
537,117,2.0,1.4988932609558105
804,135,3.0,3.786177396774292
409,664,4.0,3.7789740562438965
375,761,3.0,2.9423000812530518
798,465,4.0,3.5144331455230713
650,163,3.0,3.0935659408569336
795,1095,3.0,1.8268448114395142
328,696,3.0,3.145294427871704
296,1160,4.0,4.048222541809082
130,739,5.0,4.135073184967041
916,593,4.0,3.409358263015747
877,727,4.0,3.6511683464050293
345,1315,3.0,3.341783285140991
450,609,5.0,3.879696846008301
167,232,1.0,3.035342216491699
882,177,5.0,4.341701507568359
279,233,5.0,3.7162506580352783
185,703,4.0,3.8963611125946045
13,312,1.0,2.6206493377685547
261,288,4.0,4.3036580085754395
544,292,4.0,3.1667356491088867
655,793,3.0,2.975921392440796
778,117,3.0,3.047177791595459
201,544,2.0,2.776198625564575
586,229,3.0,3.044402837753296
786,708,4.0,3.5195059776306152
56,68,3.0,3.630645513534546
575,96,5.0,3.1670873165130615
87,208,5.0,4.298601150512695
291,455,5.0,3.7816505432128906
291,31,4.0,4.034411430358887
504,364,2.0,2.8155975341796875
13,822,3.0,2.940669298171997
709,127,5.0,3.819115161895752
697,1012,1.0,4.031966686248779
686,64,5.0,5.077276229858398
363,549,4.0,3.1343390941619873
92,168,4.0,4.3791399002075195
393,85,3.0,3.1399755477905273
157,120,1.0,2.488945722579956
382,258,2.0,3.0869204998016357
409,530,4.0,4.154592514038086
299,83,5.0,3.673877716064453
782,295,2.0,3.0766184329986572
246,475,4.0,4.163852214813232
660,164,2.0,2.767122507095337
328,159,3.0,3.3937222957611084
854,492,4.0,3.6209659576416016
943,284,2.0,3.4325668811798096
896,85,3.0,2.8599607944488525
267,1401,4.0,3.867426872253418
378,230,3.0,3.4890849590301514
847,121,3.0,3.0889532566070557
371,431,5.0,3.8854715824127197
788,498,5.0,3.991657257080078
27,1017,4.0,2.749127149581909
886,81,4.0,3.5101943016052246
280,127,5.0,4.51240348815918
453,496,4.0,3.3950209617614746
336,105,4.0,2.2841567993164062
787,1671,1.0,0.546865701675415
489,340,4.0,3.579205274581909
559,519,5.0,3.6522016525268555
60,835,4.0,4.288047790527344
836,654,5.0,4.581068992614746
345,508,4.0,3.70725417137146
506,418,4.0,4.144392490386963
637,149,2.0,2.0864510536193848
833,1017,4.0,3.198220729827881
554,204,5.0,4.018266677856445
655,60,3.0,3.6506640911102295
198,230,3.0,2.920849561691284
532,143,4.0,5.061513900756836
345,655,4.0,3.917725086212158
293,554,1.0,2.0321056842803955
221,737,4.0,2.9096169471740723
790,1040,2.0,2.2995781898498535
123,606,3.0,4.3057355880737305
861,52,5.0,3.9321675300598145
741,5,3.0,2.9825758934020996
456,447,3.0,3.5991454124450684
477,731,4.0,4.068286895751953
787,324,2.0,2.60680890083313
592,169,5.0,5.074702262878418
880,365,2.0,3.495605230331421
225,603,5.0,5.029814720153809
254,1060,3.0,2.6251070499420166
880,71,4.0,3.8936569690704346
846,474,5.0,4.577535629272461
295,72,4.0,3.7798945903778076
12,172,4.0,4.860897064208984
417,222,3.0,3.656435966491699
167,392,1.0,3.2324531078338623
601,365,3.0,2.7055060863494873
500,122,3.0,2.847142457962036
11,227,3.0,3.1115882396698
535,268,3.0,3.8410415649414062
222,386,2.0,2.416032552719116
229,316,1.0,3.316969394683838
83,751,3.0,3.6938698291778564
429,81,3.0,3.661546230316162
588,578,5.0,3.5894734859466553
447,7,5.0,3.910308837890625
486,408,3.0,4.580914497375488
770,303,4.0,4.984950065612793
286,790,1.0,3.29206919670105
338,663,5.0,4.013049125671387
659,143,5.0,3.835563898086548
577,82,4.0,4.364182472229004
385,48,5.0,3.733482599258423
527,174,4.0,3.9703433513641357
814,53,4.0,2.632639169692993
610,477,2.0,3.2580111026763916
306,242,5.0,4.205444812774658
406,845,3.0,3.328457832336426
870,447,4.0,3.534972667694092
398,2,3.0,3.2186856269836426
872,820,3.0,3.0055224895477295
238,286,5.0,3.498955011367798
884,736,3.0,3.766706943511963
92,433,5.0,3.940767288208008
663,265,4.0,4.104127883911133
181,718,1.0,1.051391839981079
62,86,2.0,3.8693273067474365
82,111,4.0,2.8879425525665283
95,226,4.0,3.151933431625366
361,70,4.0,3.6671714782714844
6,211,5.0,4.053728103637695
472,233,4.0,4.203128337860107
27,118,3.0,3.0919528007507324
200,495,3.0,4.309704780578613
393,833,4.0,3.1976239681243896
798,568,4.0,3.9754018783569336
18,971,4.0,3.7163519859313965
90,489,5.0,4.603766441345215
7,430,3.0,4.328385353088379
308,208,4.0,4.067485809326172
197,302,3.0,3.858140468597412
499,251,5.0,4.276847839355469
253,679,3.0,3.126558303833008
44,427,3.0,4.30698299407959
343,124,4.0,5.03476619720459
156,58,4.0,3.1931514739990234
487,732,5.0,4.213208198547363
210,238,3.0,4.308257102966309
28,448,4.0,3.438175916671753
236,56,5.0,3.6566596031188965
201,326,2.0,2.5302388668060303
495,226,4.0,4.000365734100342
648,429,4.0,4.114869117736816
826,228,3.0,4.1865081787109375
10,657,4.0,4.769992828369141
10,192,4.0,4.7002763748168945
166,258,4.0,3.877854585647583
398,993,3.0,3.4268383979797363
653,239,5.0,3.056025743484497
582,508,4.0,3.852238416671753
214,461,4.0,3.576643228530884
268,399,3.0,2.8121609687805176
620,795,4.0,2.5997257232666016
363,180,3.0,3.650987148284912
870,180,3.0,4.017762184143066
21,564,3.0,1.5984218120574951
330,95,5.0,5.070579528808594
807,1078,4.0,3.3689513206481934
833,826,2.0,1.522813320159912
94,76,4.0,3.6702816486358643
332,44,3.0,3.959730386734009
162,254,3.0,2.712038993835449
398,969,4.0,3.9061076641082764
736,1089,1.0,1.6873031854629517
721,294,3.0,3.7673697471618652
705,196,4.0,3.8492438793182373
59,528,4.0,4.596057891845703
168,284,2.0,3.23656964302063
930,107,3.0,3.0895116329193115
892,760,3.0,3.122159242630005
486,270,2.0,3.3599190711975098
7,499,4.0,4.330758094787598
567,185,5.0,4.468198776245117
524,403,4.0,3.333327054977417
621,546,3.0,3.425673007965088
502,264,3.0,2.742997169494629
60,514,4.0,4.370100498199463
388,9,3.0,3.35695743560791
24,249,4.0,3.85805082321167
184,476,2.0,2.6787450313568115
496,53,3.0,2.865142822265625
119,109,5.0,4.050716400146484
707,168,3.0,3.9623966217041016
840,419,5.0,3.9593122005462646
363,200,3.0,3.229407548904419
497,185,3.0,3.5427896976470947
276,523,4.0,4.419212341308594
630,1040,4.0,2.6079940795898438
254,843,2.0,2.3382654190063477
271,196,4.0,4.109982490539551
658,195,3.0,3.8028533458709717
417,625,4.0,3.275308609008789
121,744,3.0,3.371819257736206
823,747,4.0,3.8683395385742188
588,597,4.0,3.519005537033081
391,1163,2.0,2.9563839435577393
930,117,3.0,3.0829033851623535
42,2,5.0,3.786015272140503
605,275,4.0,4.154794692993164
568,134,5.0,3.5481650829315186
622,166,5.0,3.864716053009033
601,153,4.0,3.403643846511841
479,213,4.0,4.053004264831543
711,197,4.0,4.810863494873047
758,239,3.0,3.7079648971557617
650,519,4.0,3.5193889141082764
6,530,4.0,4.371097564697266
508,175,4.0,4.196229457855225
922,202,5.0,3.532426595687866
25,141,4.0,3.4983699321746826
687,988,3.0,2.398432970046997
626,302,4.0,3.1012520790100098
293,202,3.0,3.299701690673828
805,83,4.0,3.8417091369628906
389,489,4.0,4.481477737426758
95,110,2.0,2.684490442276001
164,411,2.0,3.423046827316284
666,32,4.0,3.8754308223724365
389,155,2.0,2.814140796661377
54,252,3.0,3.152639150619507
109,97,3.0,3.7794227600097656
429,499,4.0,3.7933034896850586
765,237,3.0,3.7685961723327637
145,450,3.0,2.6002988815307617
193,237,4.0,3.3391411304473877
477,90,4.0,4.133264541625977
548,156,5.0,3.739621877670288
879,763,5.0,3.420509099960327
642,1509,2.0,2.3620221614837646
585,224,2.0,3.930330276489258
253,100,4.0,4.2036590576171875
256,684,5.0,4.439876556396484
541,655,4.0,3.9579553604125977
94,443,4.0,4.497866630554199
641,1194,3.0,4.388474464416504
496,652,5.0,3.527873992919922
385,273,2.0,2.356544017791748
518,121,5.0,4.211025714874268
163,433,1.0,3.139188528060913
13,518,4.0,3.533477544784546
303,475,4.0,4.504576683044434
538,181,3.0,3.7079193592071533
280,690,2.0,3.6310582160949707
62,1135,2.0,2.670785665512085
894,885,2.0,2.2788987159729004
151,81,5.0,4.113924503326416
537,518,4.0,3.35857892036438
27,978,2.0,2.3593082427978516
619,405,3.0,3.3631932735443115
454,87,4.0,3.1719143390655518
693,514,4.0,3.423137664794922
239,419,3.0,3.6620664596557617
751,704,2.0,3.05267333984375
258,313,5.0,4.818927764892578
927,623,3.0,3.5300958156585693
709,363,3.0,2.786564588546753
57,475,2.0,4.100420951843262
682,801,3.0,2.695342779159546
248,156,5.0,3.861585855484009
276,928,3.0,3.002139091491699
786,709,2.0,4.26905632019043
514,405,2.0,3.4490396976470947
301,582,2.0,3.186040163040161
716,568,4.0,3.83577299118042
330,151,4.0,4.271550178527832
878,179,4.0,3.5089988708496094
326,1,3.0,3.5576024055480957
23,227,3.0,2.9271299839019775
320,760,3.0,3.205435037612915
260,272,3.0,4.9593706130981445
630,1047,4.0,3.2299904823303223
1,246,5.0,4.238603591918945
18,28,3.0,3.63112735748291
38,383,2.0,2.6461446285247803
840,493,5.0,4.70223331451416
804,127,3.0,4.315177917480469
790,159,3.0,3.1196916103363037
82,121,4.0,2.78220272064209
90,9,4.0,4.36673641204834
274,742,4.0,4.117328643798828
815,614,3.0,3.6892545223236084
58,491,4.0,3.770918369293213
918,529,3.0,3.644162893295288
762,875,5.0,2.1085891723632812
886,631,4.0,3.4184763431549072
263,484,4.0,4.64399528503418
217,679,5.0,2.5752322673797607
717,302,5.0,4.661388397216797
2,251,5.0,4.393909454345703
865,117,2.0,2.015408992767334
785,886,3.0,3.184108018875122
417,384,4.0,2.753598213195801
391,131,2.0,4.185366630554199
270,242,5.0,5.2470903396606445
515,294,3.0,3.0948541164398193
396,840,3.0,2.9735357761383057
401,638,4.0,3.2455291748046875
505,496,5.0,3.884915590286255
721,1026,3.0,2.8081858158111572
887,1116,5.0,3.250809907913208
796,739,5.0,3.9989750385284424
537,203,4.0,3.2428271770477295
878,781,1.0,2.7228527069091797
110,338,1.0,2.624598264694214
465,32,3.0,3.176839828491211
536,510,4.0,3.9416606426239014
870,570,2.0,3.0544276237487793
462,100,4.0,4.436821937561035
793,106,3.0,3.06575345993042
919,276,5.0,3.5858824253082275
790,358,2.0,2.684856414794922
393,21,3.0,3.312359571456909
13,333,3.0,2.287200450897217
44,99,4.0,3.8843069076538086
102,204,4.0,3.0361881256103516
919,282,4.0,3.744035005569458
110,230,3.0,3.7693674564361572
733,515,5.0,3.876023292541504
397,192,5.0,4.86802864074707
863,288,4.0,3.5898640155792236
771,283,4.0,3.844120502471924
942,1028,4.0,3.3983068466186523
487,546,3.0,3.4448487758636475
618,427,5.0,3.8139772415161133
738,211,3.0,3.9580445289611816
514,328,3.0,3.491075038909912
751,178,5.0,4.243654251098633
782,532,2.0,2.6948161125183105
41,181,4.0,3.614123821258545
870,382,3.0,3.284032106399536
125,722,3.0,2.8936843872070312
315,17,1.0,3.3299059867858887
92,132,3.0,4.0191755294799805
450,685,4.0,3.672307252883911
448,303,4.0,3.684511423110962
648,5,4.0,3.374690532684326
338,650,5.0,3.6789941787719727
22,241,3.0,3.8548171520233154
394,84,4.0,3.141796827316284
256,82,5.0,4.7885284423828125
870,203,4.0,3.611119508743286
278,752,5.0,3.6499080657958984
753,64,4.0,4.240992546081543
262,145,1.0,2.306227207183838
744,237,4.0,3.406996011734009
371,175,1.0,3.5372729301452637
92,591,4.0,3.5903656482696533
708,147,4.0,3.497542142868042
194,582,1.0,3.095055341720581
654,143,5.0,4.265683174133301
709,217,5.0,3.3830068111419678
442,367,2.0,3.3428022861480713
178,866,4.0,3.3438210487365723
13,819,1.0,1.6762290000915527
798,400,3.0,2.718519926071167
896,824,1.0,2.476729154586792
396,300,3.0,4.254022121429443
643,665,3.0,2.9935224056243896
236,237,4.0,3.541437864303589
228,651,4.0,2.9159867763519287
894,887,4.0,3.8858885765075684
234,192,3.0,3.8269410133361816
197,68,2.0,3.35174298286438
912,97,4.0,3.591763734817505
592,223,5.0,4.8208417892456055
566,97,3.0,3.3567609786987305
926,288,3.0,3.100651264190674
353,326,2.0,3.264572858810425
200,11,5.0,4.6587018966674805
535,971,2.0,3.6883389949798584
493,274,5.0,3.634108066558838
130,672,5.0,3.0779435634613037
201,923,3.0,3.8407881259918213
417,180,5.0,3.8215792179107666
416,696,3.0,3.6168720722198486
112,888,4.0,4.065377235412598
13,511,5.0,4.36860466003418
426,510,4.0,3.9719016551971436
94,392,3.0,2.9424376487731934
293,251,4.0,3.8944694995880127
758,752,3.0,3.413574695587158
804,988,4.0,2.7213022708892822
686,806,5.0,4.18501091003418
256,288,5.0,4.370419502258301
218,695,3.0,2.733157157897949
267,227,3.0,3.4475677013397217
846,184,5.0,3.7139732837677
398,69,5.0,4.148982048034668
387,195,4.0,3.445542335510254
616,343,4.0,3.4560487270355225
13,229,4.0,3.0512278079986572
666,604,3.0,4.07484245300293
551,468,5.0,3.5683178901672363
846,1069,4.0,3.736194372177124
88,881,5.0,2.895376443862915
6,81,4.0,3.8324389457702637
860,302,4.0,3.9842164516448975
682,385,3.0,3.6892025470733643
263,199,5.0,4.5394439697265625
41,100,4.0,4.43415641784668
699,991,3.0,2.4317355155944824
374,173,3.0,4.209626197814941
724,259,2.0,2.443732261657715
398,1119,4.0,3.487184762954712
601,195,3.0,3.371650218963623
182,69,5.0,3.911189317703247
33,895,3.0,3.67195987701416
907,647,3.0,4.647828102111816
20,678,4.0,2.486675977706909
495,91,2.0,4.459061622619629
458,321,3.0,3.207162618637085
256,864,4.0,4.053163528442383
125,63,3.0,3.6585209369659424
507,334,5.0,4.175783157348633
921,71,4.0,4.009914875030518
21,558,5.0,4.1306047439575195
653,471,2.0,3.230783700942993
276,916,4.0,3.1552836894989014
385,218,2.0,2.4032981395721436
518,370,4.0,3.4055073261260986
406,211,5.0,3.9244420528411865
56,473,2.0,2.682593822479248
405,943,1.0,2.2906041145324707
199,539,1.0,1.996767520904541
222,196,5.0,3.6099815368652344
813,259,2.0,2.7047712802886963
450,288,3.0,3.6288297176361084
407,201,4.0,3.360872268676758
503,234,5.0,4.026076316833496
868,825,1.0,2.0928149223327637
130,168,3.0,4.551387786865234
90,26,4.0,3.829310655593872
254,234,4.0,3.3318862915039062
279,741,5.0,3.302704095840454
394,218,4.0,4.02492618560791
405,734,2.0,1.94325852394104
110,69,4.0,3.879561185836792
276,655,4.0,4.0286760330200195
64,190,4.0,4.088409423828125
406,410,4.0,2.941251039505005
291,71,4.0,4.134438514709473
735,285,4.0,3.8235979080200195
70,230,4.0,3.4219555854797363
312,633,5.0,4.804076194763184
289,109,3.0,2.782578229904175
184,79,3.0,3.622857093811035
301,196,4.0,3.972989082336426
479,380,3.0,3.1540870666503906
236,185,5.0,3.7491726875305176
489,313,4.0,5.495579719543457
393,303,4.0,3.0086727142333984
62,421,5.0,3.2651901245117188
551,410,5.0,3.494145631790161
887,225,4.0,3.727266550064087
524,831,3.0,2.3239521980285645
903,61,4.0,4.085777282714844
439,405,4.0,3.2736241817474365
111,344,2.0,3.3952596187591553
405,923,2.0,1.8577206134796143
796,934,3.0,3.136934518814087
561,925,3.0,2.0222649574279785
222,90,2.0,2.8606510162353516
405,58,1.0,2.367483615875244
293,208,3.0,3.775796890258789
532,338,3.0,3.3483541011810303
253,496,5.0,4.87534236907959
497,153,4.0,3.500521421432495
834,276,5.0,3.6101248264312744
688,338,5.0,3.97481632232666
846,42,5.0,4.021614074707031
840,855,4.0,4.2773637771606445
203,475,3.0,4.0346784591674805
537,472,2.0,1.3186973333358765
939,15,5.0,4.907735824584961
349,25,3.0,3.4324965476989746
23,131,4.0,3.9841465950012207
5,368,1.0,1.516716718673706
92,528,4.0,4.191288948059082
76,182,4.0,3.987600326538086
724,989,1.0,2.238593578338623
642,1091,4.0,2.9545907974243164
200,679,4.0,3.5605969429016113
591,13,4.0,3.5928235054016113
549,282,3.0,4.095712661743164
543,199,4.0,3.9632816314697266
35,243,2.0,2.86719012260437
337,135,5.0,3.8404242992401123
712,996,4.0,2.522984504699707
195,451,5.0,3.4802892208099365
655,186,3.0,2.994981050491333
896,139,2.0,2.8678014278411865
862,92,5.0,4.106368064880371
263,521,3.0,4.131591796875
522,179,5.0,4.176971435546875
514,118,2.0,3.3152010440826416
13,323,3.0,1.3200780153274536
933,151,4.0,3.165022850036621
682,1016,2.0,3.4246702194213867
796,409,3.0,3.21431827545166
142,463,3.0,4.033957004547119
551,28,4.0,4.136436939239502
458,435,4.0,3.9311177730560303
495,417,3.0,3.850907325744629
653,213,2.0,2.551168918609619
450,312,4.0,3.5350170135498047
655,1634,2.0,0.824603796005249
294,872,4.0,3.207045555114746
833,1335,2.0,2.660691499710083
727,196,4.0,3.6705076694488525
308,616,2.0,3.6490204334259033
680,117,4.0,3.5226783752441406
450,1208,3.0,3.0315284729003906
321,153,4.0,3.489271879196167
226,527,4.0,3.813727855682373
253,192,1.0,4.54641056060791
144,190,5.0,4.3998212814331055
458,301,1.0,3.0794169902801514
269,793,4.0,3.4322280883789062
934,661,4.0,4.042614936828613
435,271,4.0,3.6697421073913574
752,301,4.0,3.0103025436401367
625,183,3.0,3.5832936763763428
882,98,5.0,4.985252380371094
592,320,5.0,4.055276870727539
56,728,3.0,3.3227107524871826
342,212,5.0,3.577706813812256
506,10,2.0,3.728245973587036
327,90,3.0,2.8355062007904053
229,875,1.0,2.0544676780700684
882,208,5.0,4.545863151550293
342,287,3.0,3.4207751750946045
761,237,5.0,3.3421897888183594
301,288,4.0,3.835869312286377
383,134,5.0,4.710235595703125
114,183,5.0,3.673701763153076
12,471,5.0,4.142666816711426
646,895,3.0,2.993330240249634
222,571,2.0,2.3961329460144043
223,535,3.0,3.0321919918060303
655,236,3.0,3.058397054672241
135,5,3.0,3.0013785362243652
821,742,4.0,4.180968284606934
837,286,4.0,3.9294917583465576
334,204,4.0,3.3016469478607178
307,401,1.0,2.958096504211426
151,491,4.0,4.328495979309082
728,286,3.0,3.8053243160247803
291,546,3.0,3.209460735321045
58,56,5.0,4.513895034790039
504,462,4.0,3.687441110610962
843,132,3.0,2.513227701187134
429,7,2.0,3.770463705062866
613,603,5.0,4.725554466247559
901,498,4.0,4.2367777824401855
13,520,4.0,4.133882522583008
620,118,4.0,3.9773967266082764
311,553,3.0,3.4141573905944824
758,269,4.0,4.455208778381348
923,338,4.0,3.273954391479492
236,686,3.0,3.412391185760498
353,333,4.0,3.6311469078063965
532,352,3.0,2.6046395301818848
222,575,3.0,2.4001784324645996
406,485,3.0,3.7209560871124268
393,243,4.0,3.3384053707122803
2,283,5.0,3.8050925731658936
505,56,1.0,3.0436246395111084
354,603,5.0,4.276032447814941
52,277,5.0,4.084932327270508
276,591,3.0,3.840404748916626
7,11,3.0,4.0384979248046875
249,405,3.0,3.2940452098846436
328,448,3.0,3.2954986095428467
532,292,4.0,4.376811981201172
795,181,4.0,3.3211822509765625
230,607,3.0,3.808516263961792
385,128,5.0,2.767737865447998
756,527,3.0,3.6214075088500977
481,484,4.0,4.278637409210205
668,403,4.0,3.2414743900299072
880,383,3.0,2.330003023147583
472,660,5.0,4.064692497253418
354,896,4.0,4.269509792327881
457,125,4.0,3.7384328842163086
223,1009,1.0,2.9370758533477783
21,977,2.0,1.8886467218399048
466,210,4.0,3.671382427215576
104,301,2.0,2.5112316608428955
864,780,2.0,3.447127103805542
184,127,5.0,4.287622928619385
707,1018,3.0,3.186988592147827
457,48,5.0,4.83298397064209
551,385,5.0,4.180953025817871
405,52,1.0,1.7571098804473877
234,496,4.0,3.8059988021850586
416,307,1.0,3.904503107070923
374,77,5.0,3.7944180965423584
938,273,5.0,3.4432373046875
528,751,4.0,3.502138614654541
452,207,4.0,3.270820140838623
877,549,4.0,3.7908596992492676
64,435,4.0,3.8903088569641113
740,326,3.0,3.2181174755096436
927,395,3.0,2.7481935024261475
626,268,4.0,2.7480475902557373
711,180,4.0,4.983344078063965
632,91,3.0,3.2312002182006836
825,322,5.0,4.052921295166016
876,527,5.0,4.1535444259643555
588,40,4.0,3.41119647026062
870,134,4.0,4.197971343994141
733,1,2.0,3.21673321723938
387,7,5.0,3.8066744804382324
758,290,5.0,3.464643716812134
102,67,1.0,2.399117946624756
270,218,5.0,4.464120864868164
624,1089,2.0,2.1404616832733154
388,672,4.0,2.9870688915252686
407,127,3.0,4.2376227378845215
230,385,1.0,4.369844436645508
909,165,5.0,4.836817741394043
130,330,4.0,3.71862530708313
235,705,5.0,4.048678398132324
821,15,5.0,4.303317070007324
276,603,5.0,4.740435600280762
312,214,3.0,3.5984418392181396
790,417,2.0,2.9182825088500977
291,670,5.0,3.628567695617676
761,1272,1.0,1.733231782913208
654,1009,3.0,3.245544195175171
862,120,3.0,2.922858238220215
130,743,2.0,2.422872304916382
379,197,5.0,4.669571876525879
18,367,4.0,3.532910108566284
273,345,3.0,3.489987373352051
327,132,5.0,3.8195602893829346
293,155,2.0,2.222670316696167
38,780,4.0,3.4673960208892822
298,183,3.0,4.146723747253418
742,7,3.0,3.765610456466675
573,22,4.0,3.731987237930298
812,333,5.0,4.0848588943481445
114,180,3.0,3.740137815475464
42,1040,3.0,2.606839656829834
167,949,1.0,3.4431211948394775
116,596,5.0,2.9321517944335938
198,631,3.0,3.516771078109741
731,136,4.0,3.7355294227600098
486,127,5.0,4.269196510314941
455,402,4.0,3.502469301223755
473,508,2.0,3.948103189468384
94,12,4.0,4.867033958435059
527,429,5.0,3.8813071250915527
10,711,4.0,0.5877281427383423
297,699,4.0,3.5029706954956055
824,321,2.0,2.690721035003662
151,781,3.0,3.312498092651367
465,845,4.0,3.1211602687835693
399,742,4.0,3.2786173820495605
707,311,4.0,4.102207183837891
94,436,5.0,3.94254207611084
864,275,4.0,4.283231735229492
130,237,5.0,4.523158073425293
709,665,3.0,3.106827974319458
775,690,3.0,3.4945108890533447
829,639,4.0,3.7026331424713135
429,193,4.0,3.7867343425750732
782,1296,3.0,2.753640651702881
293,73,2.0,2.532010078430176
682,658,4.0,3.3513236045837402
299,820,3.0,2.2623534202575684
405,1119,3.0,2.2628040313720703
658,9,4.0,3.7479567527770996
264,320,4.0,3.9659299850463867
550,877,4.0,3.0358519554138184
308,792,3.0,3.8928561210632324
268,479,4.0,4.131940841674805
861,381,4.0,3.8056392669677734
326,96,3.0,3.672842502593994
846,555,2.0,2.170395851135254
914,732,2.0,3.592106819152832
814,145,2.0,2.6140222549438477
405,1435,1.0,1.8023037910461426
293,651,3.0,3.681513547897339
498,381,3.0,3.1635332107543945
593,106,2.0,2.8541343212127686
251,405,3.0,3.424433946609497
353,340,4.0,3.376749277114868
92,271,2.0,3.2682089805603027
24,275,5.0,4.608309745788574
716,257,5.0,3.8772659301757812
392,191,5.0,4.820232391357422
854,1086,3.0,2.9336795806884766
406,170,3.0,3.8973169326782227
495,55,2.0,4.687110900878906
262,609,3.0,3.356498956680298
314,71,5.0,4.695359230041504
653,55,3.0,2.9681129455566406
221,161,3.0,3.4064152240753174
463,150,2.0,3.329718828201294
910,9,4.0,3.3300931453704834
197,176,5.0,3.944546699523926
312,169,5.0,4.901925086975098
411,209,4.0,3.800274133682251
429,498,5.0,3.9400200843811035
92,106,3.0,2.8728227615356445
661,48,4.0,4.311690330505371
896,1240,4.0,3.0616097450256348
479,173,5.0,4.198507785797119
645,191,5.0,4.3635053634643555
305,269,4.0,3.858781099319458
521,829,2.0,2.3490381240844727
869,1132,1.0,2.4277217388153076
109,72,5.0,3.362819194793701
100,1236,3.0,0.5311605930328369
514,890,1.0,2.0606534481048584
385,185,5.0,3.9589078426361084
200,1028,2.0,3.9285168647766113
659,606,5.0,4.071867942810059
357,1047,4.0,3.7178661823272705
222,77,4.0,3.307377815246582
110,794,3.0,3.4379630088806152
123,134,4.0,4.562426567077637
753,211,4.0,3.6449835300445557
782,1014,2.0,2.653365135192871
156,180,5.0,3.913095235824585
533,692,4.0,3.909212589263916
531,259,1.0,3.227970600128174
852,264,3.0,3.015652656555176
496,433,4.0,3.464690923690796
18,221,5.0,4.006805419921875
518,919,5.0,3.072688341140747
401,655,3.0,3.2059388160705566
181,221,1.0,1.0135791301727295
311,519,3.0,3.8366434574127197
181,680,1.0,1.4703636169433594
567,271,4.0,2.6618051528930664
302,258,3.0,2.750652551651001
808,875,4.0,2.8463516235351562
872,272,4.0,4.319245338439941
1,257,4.0,3.587096691131592
848,197,5.0,4.417056083679199
223,1150,2.0,2.906909942626953
406,825,4.0,2.738163471221924
194,135,3.0,3.532762289047241
193,96,1.0,3.9243319034576416
193,94,3.0,3.1521730422973633
573,144,4.0,3.500638484954834
795,407,3.0,2.201693296432495
15,244,2.0,2.725555658340454
911,205,3.0,4.00042724609375
452,265,3.0,3.9315059185028076
759,257,4.0,4.333648681640625
211,257,5.0,3.3372902870178223
518,289,4.0,3.168172597885132
666,410,2.0,3.1655523777008057
796,871,1.0,2.818857431411743
207,471,3.0,3.360053062438965
457,792,4.0,4.302515029907227
450,223,3.0,4.536823272705078
194,405,2.0,2.44983172416687
741,67,3.0,2.6413090229034424
493,284,4.0,3.3797004222869873
865,928,1.0,1.8795610666275024
399,431,2.0,3.2240161895751953
194,9,4.0,3.3470869064331055
387,731,1.0,2.5871219635009766
210,502,3.0,4.290637969970703
627,399,3.0,2.9902937412261963
622,229,2.0,3.0436198711395264
650,662,3.0,3.1182379722595215
620,627,5.0,3.8694379329681396
7,659,5.0,4.687039375305176
566,20,4.0,3.8927907943725586
542,97,4.0,3.666577100753784
334,508,3.0,3.59961199760437
780,79,4.0,4.238164901733398
181,121,4.0,2.563182830810547
330,651,5.0,4.861824989318848
91,131,2.0,3.5726468563079834
893,759,3.0,2.1226894855499268
603,176,2.0,4.176723957061768
886,940,2.0,2.224146842956543
737,357,5.0,4.279803276062012
291,619,3.0,3.8034889698028564
435,729,2.0,3.4135403633117676
279,151,4.0,3.3939318656921387
204,301,4.0,2.757453441619873
667,962,2.0,3.6952903270721436
59,288,5.0,3.832858085632324
201,375,3.0,1.8499226570129395
921,194,3.0,3.722583055496216
340,172,4.0,4.906680107116699
843,204,3.0,2.8180794715881348
515,538,3.0,3.200361728668213
844,117,4.0,3.023098945617676
499,258,2.0,3.952594041824341
83,732,4.0,4.357022762298584
401,157,3.0,3.0919573307037354
452,86,4.0,3.4958419799804688
144,961,3.0,3.6368448734283447
403,925,4.0,3.5657713413238525
222,12,5.0,3.912381887435913
782,1292,3.0,0.8477592468261719
716,83,4.0,4.197918891906738
903,179,5.0,4.374837875366211
569,748,2.0,2.921975612640381
932,177,4.0,4.105743408203125
844,2,4.0,2.885246753692627
840,644,4.0,4.380186080932617
363,187,2.0,3.7408499717712402
887,206,5.0,3.64896297454834
486,1014,3.0,3.035390615463257
635,268,5.0,3.5647988319396973
59,200,5.0,4.390316009521484
889,509,2.0,3.553314447402954
776,50,5.0,4.190394401550293
629,22,5.0,4.881777763366699
130,321,5.0,3.5663647651672363
472,66,5.0,4.168546676635742
437,276,5.0,3.824293375015259
314,150,4.0,3.6131367683410645
682,895,4.0,3.0922327041625977
406,7,4.0,3.6092519760131836
830,487,5.0,4.093333721160889
880,783,1.0,2.421956777572632
676,271,3.0,3.2823739051818848
315,301,2.0,3.376664876937866
214,522,4.0,3.847125768661499
284,340,4.0,3.8018486499786377
319,880,4.0,2.913520574569702
234,1447,3.0,0.6224441528320312
846,836,5.0,3.710709810256958
197,258,4.0,3.507322072982788
419,617,4.0,3.944556951522827
521,90,2.0,2.7185115814208984
487,85,2.0,3.3910136222839355
194,549,3.0,2.932115077972412
144,303,4.0,3.77170991897583
85,372,4.0,3.3731439113616943
11,731,4.0,3.016564130783081
7,485,5.0,4.423802375793457
534,748,4.0,4.131757736206055
18,427,5.0,4.3926496505737305
47,683,3.0,2.57405686378479
13,340,2.0,3.118603467941284
198,871,1.0,1.888042688369751
655,1370,3.0,2.42151141166687
383,357,5.0,4.664488792419434
731,611,3.0,3.483367681503296
698,202,3.0,2.8475749492645264
697,1059,2.0,2.9205679893493652
396,717,3.0,3.2949094772338867
63,121,1.0,2.819124221801758
573,286,3.0,3.684431314468384
864,722,2.0,3.1166858673095703
758,288,4.0,3.434497833251953
648,500,5.0,3.647214889526367
500,294,3.0,2.604243516921997
200,465,4.0,4.254223823547363
237,174,4.0,4.09113883972168
506,465,4.0,3.8153250217437744
452,318,5.0,4.337191581726074
141,100,4.0,2.769435167312622
311,499,4.0,3.660184860229492
474,435,5.0,4.480813026428223
94,385,2.0,3.0126307010650635
190,100,4.0,3.577968120574951
437,249,5.0,3.0570099353790283
897,925,5.0,3.6219561100006104
235,1134,4.0,3.4900102615356445
303,474,5.0,5.1316118240356445
484,153,5.0,4.106815814971924
286,372,4.0,3.9559273719787598
525,118,3.0,3.0329246520996094
83,728,4.0,3.4961495399475098
860,894,2.0,1.6810572147369385
315,46,4.0,3.948899269104004
800,223,5.0,3.864037036895752
296,79,4.0,4.41973876953125
59,53,5.0,3.64351487159729
262,845,4.0,3.2266440391540527
916,132,3.0,3.9603092670440674
436,856,4.0,3.5953636169433594
548,293,4.0,3.711670160293579
825,100,4.0,3.4867725372314453
889,386,3.0,2.6114583015441895
178,276,3.0,2.72757887840271
253,4,4.0,3.891174077987671
922,1,5.0,3.826838731765747
545,810,4.0,3.0130960941314697
608,661,3.0,4.085503578186035
26,109,3.0,3.054969310760498
805,99,2.0,3.5427207946777344
810,338,4.0,3.4277968406677246
563,118,4.0,3.3731915950775146
676,748,4.0,3.0305914878845215
488,1025,2.0,2.546905994415283
116,532,2.0,3.072770118713379
697,326,4.0,3.6459739208221436
400,689,3.0,3.5066189765930176
440,300,3.0,3.647338390350342
531,311,4.0,4.1621575355529785
49,547,5.0,2.948931932449341
254,435,3.0,3.4736275672912598
919,1134,2.0,3.3309991359710693
631,334,2.0,3.069528341293335
932,470,3.0,3.5950241088867188
90,906,2.0,4.026543617248535
490,919,4.0,3.1271395683288574
164,823,4.0,3.349177837371826
756,176,4.0,3.5943236351013184
188,100,4.0,3.905083656311035
314,932,4.0,3.5747153759002686
878,796,2.0,2.317045211791992
405,442,1.0,0.6455860137939453
756,419,3.0,3.419607162475586
158,430,5.0,4.267758369445801
925,327,3.0,3.589752197265625
85,152,5.0,3.4593162536621094
394,62,4.0,3.460205554962158
325,58,3.0,3.2066612243652344
320,195,5.0,4.585254669189453
497,1077,4.0,2.4842145442962646
374,975,4.0,3.2097928524017334
350,183,3.0,4.46728515625
433,95,3.0,3.5236194133758545
299,20,3.0,3.5556719303131104
854,122,3.0,2.5431838035583496
184,210,4.0,3.552507162094116
625,476,2.0,2.513735294342041
445,100,2.0,2.8144381046295166
847,735,4.0,3.2682971954345703
215,22,3.0,4.40645694732666
928,877,5.0,2.931824207305908
643,5,3.0,3.116816997528076
877,83,3.0,4.258152961730957
804,1,5.0,4.238992691040039
158,163,4.0,3.8194503784179688
109,796,3.0,3.3673412799835205
542,282,3.0,2.856921911239624
551,735,5.0,4.201000213623047
870,208,4.0,3.8406753540039062
406,591,3.0,3.334963083267212
653,180,5.0,2.64552640914917
942,315,4.0,4.319753646850586
695,286,3.0,3.7759311199188232
311,70,4.0,3.668217182159424
741,70,4.0,3.682802200317383
650,1474,3.0,2.4972896575927734
145,1245,5.0,3.499598741531372
766,131,3.0,3.6506266593933105
62,697,4.0,3.3072288036346436
222,154,3.0,3.3038759231567383
325,133,3.0,3.5356476306915283
291,84,3.0,3.0903384685516357
413,690,4.0,3.3118932247161865
604,183,3.0,3.7552032470703125
615,286,4.0,3.5332133769989014
13,287,1.0,3.1278626918792725
738,152,4.0,3.519132375717163
31,611,4.0,4.4033002853393555
643,671,4.0,4.0409159660339355
552,815,3.0,3.039449691772461
301,235,2.0,3.013699769973755
892,671,5.0,4.193689346313477
85,95,4.0,3.296968460083008
255,827,2.0,2.087245225906372
181,18,1.0,0.8058086633682251
600,435,5.0,4.4954833984375
554,411,3.0,2.7553884983062744
31,303,3.0,4.056247234344482
40,316,3.0,3.2868058681488037
714,7,4.0,3.3272864818573
796,1042,4.0,3.3177099227905273
659,153,4.0,3.7754576206207275
816,326,4.0,4.11970329284668
301,184,4.0,3.4686803817749023
703,1012,4.0,3.649035692214966
290,596,4.0,3.1366002559661865
500,396,3.0,3.1351377964019775
914,371,4.0,3.104276180267334
374,1197,4.0,3.772662878036499
393,423,3.0,3.795234441757202
267,3,4.0,3.573543071746826
234,519,5.0,3.682377338409424
303,81,4.0,4.294217109680176
44,91,2.0,3.8599066734313965
892,151,4.0,4.1399688720703125
145,109,4.0,3.6989850997924805
416,990,2.0,3.6677961349487305
240,751,3.0,3.969583034515381
710,234,4.0,3.865673780441284
456,268,5.0,3.8168458938598633
73,64,5.0,3.9567439556121826
138,117,4.0,3.823976755142212
5,412,3.0,2.378286361694336
292,511,5.0,4.840993881225586
373,946,5.0,3.3703866004943848
405,33,1.0,2.017792224884033
23,174,4.0,3.8731226921081543
450,842,4.0,3.533508539199829
158,283,5.0,3.988572597503662
455,237,3.0,3.569718599319458
416,1495,3.0,3.853179454803467
795,97,2.0,3.259329319000244
529,310,4.0,4.037881851196289
185,515,4.0,4.76234245300293
277,405,3.0,3.3160531520843506
43,301,5.0,3.5005245208740234
727,176,4.0,3.8387508392333984
290,210,5.0,3.965421438217163
223,1197,3.0,3.502204418182373
882,407,2.0,2.7066073417663574
211,199,5.0,3.436971664428711
624,689,3.0,2.905153751373291
363,216,3.0,3.3203835487365723
193,210,4.0,3.9078290462493896
397,325,3.0,2.5792288780212402
276,240,4.0,3.2156054973602295
645,430,5.0,4.0400190353393555
310,251,5.0,4.8070173263549805
104,1017,1.0,2.4622268676757812
178,280,4.0,3.7044668197631836
339,469,5.0,4.405460357666016
833,328,2.0,1.9349435567855835
450,630,3.0,3.888558864593506
537,86,4.0,3.5165836811065674
263,678,2.0,2.3925750255584717
916,48,5.0,4.218031883239746
719,410,1.0,2.482462167739868
417,685,1.0,3.2089898586273193
351,289,5.0,3.4552669525146484
798,486,4.0,3.3244051933288574
896,135,3.0,3.623840570449829
256,370,3.0,3.9368441104888916
326,479,5.0,3.9550535678863525
144,514,5.0,3.6926355361938477
64,11,4.0,3.6174328327178955
471,477,5.0,2.5830042362213135
336,294,4.0,3.03840970993042
178,118,4.0,3.8349945545196533
12,402,5.0,4.109799385070801
908,12,3.0,3.736398458480835
279,101,3.0,3.558516502380371
60,660,4.0,4.196737289428711
244,155,3.0,2.827626943588257
11,196,5.0,3.8844363689422607
757,161,3.0,3.5018370151519775
749,172,5.0,4.559791564941406
690,514,1.0,2.857353687286377
60,513,5.0,4.949382781982422
543,44,3.0,3.3392422199249268
466,226,4.0,3.0660691261291504
503,213,5.0,4.469999313354492
653,151,3.0,2.6695775985717773
645,243,1.0,0.9941628575325012
194,661,5.0,3.659390926361084
92,273,4.0,3.4956166744232178
727,2,4.0,3.2999184131622314
478,150,4.0,3.730971336364746
155,288,3.0,2.5580861568450928
719,66,3.0,3.14298939704895
524,823,4.0,2.9402918815612793
863,329,2.0,3.419140338897705
685,302,3.0,2.521735191345215
942,216,4.0,4.422137260437012
321,1028,2.0,2.3181118965148926
916,101,3.0,3.3053982257843018
216,408,3.0,4.838667869567871
660,470,2.0,2.8184986114501953
710,22,3.0,4.106912612915039
500,175,5.0,3.904527425765991
406,9,5.0,3.7392961978912354
44,147,4.0,3.538496255874634
659,178,5.0,4.294239044189453
867,690,5.0,3.797316074371338
393,66,3.0,3.9306609630584717
435,821,2.0,3.0109329223632812
201,215,2.0,2.910280466079712
561,228,3.0,2.7422430515289307
423,879,3.0,3.172747850418091
770,294,3.0,4.106290817260742
804,737,3.0,2.723240375518799
435,715,3.0,3.2879931926727295
450,491,3.0,4.270251750946045
405,436,1.0,2.1028926372528076
747,480,5.0,4.863886833190918
363,121,2.0,2.810549020767212
95,32,1.0,3.2580058574676514
650,510,3.0,3.492772102355957
394,67,5.0,3.384658098220825
354,650,3.0,3.8557796478271484
226,270,4.0,3.846370220184326
321,212,3.0,3.207756280899048
207,265,3.0,3.9565236568450928
290,818,3.0,2.1428494453430176
269,411,1.0,1.9075771570205688
405,540,1.0,2.0892691612243652
906,284,4.0,3.3295085430145264
487,540,2.0,3.0212652683258057
193,100,5.0,3.619262933731079
648,565,3.0,2.81575345993042
393,99,3.0,3.3119328022003174
503,416,2.0,3.8371007442474365
450,604,4.0,4.460613250732422
568,1050,4.0,2.971811056137085
181,411,3.0,1.472206711769104
527,183,5.0,3.983640670776367
500,554,3.0,2.464254140853882
303,1335,3.0,3.198625087738037
18,488,3.0,4.33268404006958
792,546,3.0,2.9426817893981934
257,59,5.0,4.367181777954102
169,243,3.0,2.4054388999938965
229,286,4.0,2.9752848148345947
757,693,4.0,3.7001452445983887
181,682,4.0,2.0832457542419434
435,384,3.0,2.5978689193725586
932,1456,4.0,4.2487640380859375
44,480,4.0,4.323210716247559
856,322,4.0,3.026171922683716
279,517,4.0,3.462095022201538
790,235,1.0,2.912785291671753
309,1393,2.0,2.283344268798828
858,334,4.0,3.440237045288086
405,2,1.0,2.9035778045654297
130,731,3.0,3.7610278129577637
919,892,3.0,2.851193904876709
655,133,4.0,2.941582441329956
373,748,4.0,3.362950325012207
350,589,5.0,4.684544563293457
378,566,3.0,3.558964729309082
413,236,4.0,3.7021982669830322
655,761,2.0,2.206233501434326
505,151,3.0,3.0176339149475098
232,133,4.0,4.008426666259766
416,331,4.0,4.115912437438965
661,173,4.0,4.524709701538086
425,259,1.0,2.335261344909668
864,511,4.0,4.642848014831543
472,21,3.0,3.621288299560547
909,86,5.0,4.708932876586914
698,1149,3.0,2.8794336318969727
162,237,4.0,4.0025835037231445
406,382,5.0,3.344660758972168
445,174,4.0,2.667447090148926
113,100,4.0,4.269781589508057
271,518,4.0,3.777702569961548
189,588,4.0,4.024594306945801
747,651,5.0,4.453012466430664
936,321,3.0,3.507127523422241
551,578,5.0,3.6285152435302734
378,631,4.0,3.8215925693511963
334,310,3.0,3.078447103500366
574,312,4.0,3.200101613998413
240,898,5.0,3.8579986095428467
43,479,4.0,4.218750953674316
11,435,4.0,3.945873498916626
836,611,5.0,4.46769905090332
57,111,4.0,3.850829839706421
802,681,4.0,3.143928289413452
880,287,4.0,4.076717853546143
161,135,2.0,2.465603828430176
181,1384,1.0,1.1812140941619873
679,222,4.0,3.4293246269226074
261,892,5.0,3.381542682647705
269,1040,1.0,1.204850673675537
918,83,4.0,3.2291855812072754
311,43,4.0,3.040839910507202
70,820,1.0,2.57409930229187
901,82,5.0,4.680437088012695
459,108,1.0,2.748319387435913
305,511,4.0,4.046504974365234
271,169,5.0,4.4954423904418945
391,427,5.0,4.3682379722595215
346,182,5.0,3.3117618560791016
33,313,5.0,4.8775787353515625
84,203,3.0,4.255648612976074
456,143,3.0,3.2201733589172363
896,198,4.0,3.291032075881958
234,607,4.0,3.6116063594818115
807,610,3.0,3.68239426612854
311,468,4.0,3.5971827507019043
619,144,5.0,4.030086517333984
7,561,4.0,3.169100522994995
455,144,3.0,3.845412492752075
313,151,1.0,3.6561310291290283
865,240,2.0,2.475231409072876
476,70,3.0,3.7522101402282715
1,98,4.0,4.5804290771484375
146,294,1.0,3.389148235321045
698,86,2.0,2.8565425872802734
854,1077,3.0,2.767186164855957
222,377,1.0,2.2880876064300537
148,432,5.0,3.7711381912231445
506,67,3.0,3.1507465839385986
693,1145,2.0,2.454451084136963
206,903,2.0,1.9490262269973755
291,1273,2.0,3.0864803791046143
540,455,4.0,3.4554555416107178
709,427,4.0,3.6517481803894043
391,58,4.0,3.579287052154541
296,475,4.0,4.403870582580566
152,412,2.0,2.569657564163208
249,411,3.0,3.1789166927337646
385,421,2.0,2.8875465393066406
900,318,4.0,3.1294374465942383
933,94,1.0,1.9930500984191895
565,1396,5.0,4.581014633178711
96,195,5.0,4.1578898429870605
537,224,3.0,3.188554286956787
690,402,3.0,3.348865270614624
387,511,3.0,4.2370686531066895
456,71,3.0,3.2557876110076904
592,251,5.0,4.902661323547363
730,7,4.0,3.3700358867645264
676,916,5.0,2.9579219818115234
23,385,4.0,3.260014295578003
588,485,5.0,3.9608285427093506
716,655,4.0,3.9300193786621094
461,305,2.0,3.3707876205444336
13,806,5.0,3.2952077388763428
867,64,5.0,4.835088729858398
405,1475,1.0,1.307924747467041
822,358,3.0,2.501307487487793
207,68,2.0,3.23976993560791
509,705,4.0,3.119696855545044
798,1076,3.0,2.516188859939575
385,423,2.0,2.6294515132904053
330,38,4.0,4.182785987854004
834,258,4.0,4.100236892700195
345,903,3.0,3.532341957092285
548,443,4.0,3.6561906337738037
1,34,2.0,3.0141239166259766
898,312,2.0,3.3582937717437744
634,991,3.0,2.4507265090942383
495,139,2.0,3.2683916091918945
881,1057,1.0,1.9052574634552002
708,866,5.0,3.2699360847473145
221,38,2.0,2.9752731323242188
788,22,5.0,4.222013473510742
14,242,4.0,4.432311058044434
761,7,4.0,2.7980237007141113
430,293,3.0,3.6107430458068848
416,164,5.0,4.201394557952881
833,980,3.0,3.2965474128723145
643,1065,4.0,3.6971678733825684
488,58,3.0,3.1057353019714355
710,286,4.0,3.6233608722686768
378,88,4.0,3.4592556953430176
524,751,4.0,3.315436840057373
181,685,2.0,1.9402875900268555
216,82,4.0,3.520731210708618
450,87,5.0,4.412809371948242
486,301,4.0,2.9295034408569336
535,792,4.0,3.7917182445526123
458,410,1.0,3.188321352005005
59,15,5.0,3.7784311771392822
297,298,5.0,3.597203493118286
854,87,4.0,3.513749837875366
323,764,3.0,2.8026340007781982
727,195,4.0,4.029876232147217
777,692,5.0,3.7896387577056885
486,299,1.0,2.731381893157959
10,521,4.0,4.17503547668457
178,597,4.0,3.709972858428955
782,1315,3.0,2.856663227081299
622,176,4.0,3.9395506381988525
525,405,4.0,3.2486751079559326
178,588,4.0,4.1728715896606445
405,389,2.0,2.3369524478912354
208,186,4.0,3.9233644008636475
727,135,2.0,3.508199453353882
22,62,4.0,3.1036863327026367
529,321,4.0,3.2006304264068604
576,7,5.0,3.59446120262146
863,879,2.0,3.5685548782348633
271,1133,3.0,3.435988426208496
128,742,3.0,3.460952043533325
622,845,3.0,3.4494643211364746
692,211,4.0,3.4255928993225098
417,153,5.0,3.773040533065796
392,173,4.0,4.693472862243652
399,110,2.0,2.307318687438965
92,230,3.0,3.2635135650634766
894,257,3.0,3.6306636333465576
766,228,3.0,3.35874605178833
102,328,2.0,2.7201268672943115
901,768,3.0,3.546645164489746
535,207,4.0,3.7810142040252686
532,1496,2.0,3.409510850906372
802,358,3.0,3.2295167446136475
468,135,5.0,4.429318428039551
532,248,4.0,4.275675296783447
715,234,4.0,3.753917694091797
406,727,3.0,3.27394962310791
500,709,4.0,4.120932579040527
595,336,2.0,2.5316295623779297
446,690,2.0,3.0411007404327393
313,505,5.0,3.883601427078247
442,56,5.0,4.095371723175049
507,302,5.0,5.1739091873168945
291,204,4.0,4.1368231773376465
601,1615,4.0,2.422330141067505
889,700,3.0,2.531360626220703
783,258,4.0,4.4051055908203125
790,1063,5.0,3.280168056488037
826,501,3.0,3.543809652328491
664,227,3.0,2.803560972213745
748,483,4.0,3.934663772583008
758,312,3.0,3.425950050354004
5,233,4.0,2.7539660930633545
364,302,4.0,4.267824649810791
326,1231,3.0,2.0983543395996094
301,866,4.0,3.5078206062316895
709,295,3.0,3.6919777393341064
621,82,5.0,4.127185344696045
890,229,2.0,2.870239496231079
717,1282,4.0,3.945101499557495
806,1074,3.0,2.52571177482605
763,382,5.0,3.8259377479553223
850,318,5.0,5.007841110229492
891,116,3.0,4.315112113952637
806,222,4.0,3.3248579502105713
600,391,3.0,2.99200177192688
592,514,5.0,4.6399030685424805
851,352,1.0,2.471632480621338
177,433,4.0,3.8295111656188965
640,550,4.0,4.31019401550293
586,195,4.0,3.9091293811798096
94,201,4.0,3.8993425369262695
790,176,3.0,3.709989547729492
531,302,5.0,4.623903274536133
54,595,3.0,3.3624541759490967
66,257,3.0,3.8231663703918457
330,161,4.0,4.858705520629883
188,176,4.0,4.117409706115723
500,16,4.0,3.3694374561309814
293,724,3.0,3.227318525314331
347,239,5.0,3.8732213973999023
429,495,3.0,3.376370429992676
91,657,4.0,4.271883487701416
269,276,5.0,4.5601043701171875
474,8,5.0,4.5518903732299805
412,193,4.0,3.755807638168335
164,282,5.0,4.697882652282715
269,432,4.0,3.7004992961883545
243,215,3.0,3.533879041671753
320,292,3.0,4.122912406921387
901,275,3.0,3.4956533908843994
327,195,4.0,3.4113857746124268
537,196,3.0,2.8105342388153076
262,432,3.0,3.6056277751922607
707,165,3.0,4.130125522613525
82,1101,4.0,3.2324025630950928
796,12,5.0,3.8881866931915283
620,8,3.0,4.213856220245361
1,130,3.0,2.7186474800109863
643,176,5.0,4.083084583282471
892,186,3.0,4.582818984985352
290,474,3.0,2.968749761581421
846,463,5.0,4.061445236206055
416,241,5.0,4.3744707107543945
889,655,4.0,3.628358840942383
3,341,1.0,2.9698374271392822
48,302,4.0,4.019830703735352
527,192,4.0,4.293093681335449
749,24,2.0,3.194369077682495
1,218,3.0,3.529737949371338
95,24,3.0,3.118278741836548
533,525,3.0,3.629729747772217
744,963,5.0,4.028797149658203
886,772,1.0,2.9013381004333496
727,542,2.0,2.477297782897949
249,318,5.0,4.961942672729492
804,238,4.0,3.5843236446380615
882,988,5.0,2.4781696796417236
330,11,4.0,4.881075859069824
603,326,4.0,3.614046812057495
911,98,2.0,4.324586868286133
144,632,4.0,4.01216983795166
618,969,3.0,3.5752336978912354
860,516,3.0,3.668102502822876
932,222,4.0,3.046025276184082
280,118,2.0,2.957429885864258
25,25,5.0,3.884673833847046
405,1553,1.0,1.5475455522537231
217,7,4.0,3.113130807876587
823,709,3.0,4.85125732421875
250,328,3.0,3.3384146690368652
510,288,3.0,3.429054021835327
435,1069,4.0,3.405027389526367
846,102,2.0,3.344465494155884
664,664,4.0,3.809755325317383
877,475,4.0,4.0077972412109375
432,121,4.0,3.953983783721924
195,877,3.0,2.6595091819763184
456,1324,4.0,2.2056636810302734
293,638,4.0,3.85634708404541
711,216,4.0,4.231865882873535
727,413,2.0,2.525540351867676
313,843,3.0,3.0976617336273193
457,871,1.0,2.6093339920043945
459,216,3.0,3.6723945140838623
929,431,1.0,3.4213924407958984
181,1163,2.0,1.2648534774780273
313,132,5.0,4.148580074310303
325,197,4.0,4.01725959777832
107,902,5.0,3.4213521480560303
360,520,4.0,4.337611675262451
875,195,4.0,4.021245002746582
7,564,3.0,1.7870821952819824
173,995,5.0,3.732044219970703
633,128,3.0,3.048551321029663
222,227,3.0,3.207754373550415
514,176,4.0,4.074949264526367
416,1300,3.0,2.5077245235443115
826,29,3.0,3.204822540283203
327,152,3.0,3.458667755126953
267,77,3.0,3.356858491897583
796,393,4.0,3.973853349685669
416,24,5.0,3.7800185680389404
6,484,5.0,4.329874515533447
796,1197,3.0,3.7123122215270996
810,878,4.0,3.3614718914031982
405,960,1.0,1.558195948600769
815,196,4.0,4.00849723815918
346,172,5.0,4.261771202087402
596,678,3.0,2.9545743465423584
914,736,3.0,3.6885554790496826
880,407,1.0,2.6442410945892334
387,258,4.0,3.2653586864471436
7,481,5.0,4.3741559982299805
391,132,4.0,4.138518810272217
287,222,5.0,4.177549839019775
60,735,5.0,4.310880661010742
276,1413,1.0,3.258035659790039
711,88,5.0,3.039543628692627
339,411,2.0,2.896744966506958
532,914,5.0,2.881056547164917
727,117,3.0,3.720278263092041
878,588,2.0,3.4448201656341553
889,627,2.0,3.0813958644866943
417,242,3.0,3.751459836959839
805,154,5.0,4.298128128051758
130,1267,4.0,3.407451868057251
314,246,5.0,3.578413248062134
7,577,2.0,2.515521287918091
195,1415,1.0,2.1497058868408203
393,1182,3.0,2.1381731033325195
870,655,4.0,3.540266752243042
316,64,4.0,3.376685380935669
429,481,3.0,3.82790470123291
275,300,4.0,3.36391282081604
747,1,5.0,4.01161003112793
91,1126,1.0,3.1540567874908447
871,955,3.0,3.079449415206909
615,303,5.0,3.982175588607788
23,162,3.0,3.5313518047332764
416,417,3.0,3.8083231449127197
54,50,5.0,4.390631675720215
885,71,4.0,3.979508876800537
374,1,4.0,4.04614782333374
332,53,3.0,3.563941717147827
308,589,4.0,4.2480082511901855
497,80,3.0,2.6278207302093506
881,795,2.0,2.174124240875244
314,412,3.0,2.1845879554748535
7,550,4.0,3.661522388458252
361,451,3.0,3.2243387699127197
286,1265,5.0,3.3825132846832275
58,123,4.0,3.2681198120117188
452,515,4.0,3.8954625129699707
378,275,5.0,4.038123607635498
82,671,1.0,3.536425828933716
846,176,4.0,4.33198881149292
622,1552,2.0,2.4031155109405518
426,200,2.0,3.5676729679107666
514,647,3.0,3.9738755226135254
363,79,2.0,3.359957695007324
813,270,5.0,3.5602681636810303
758,489,5.0,4.452789306640625
695,323,2.0,2.4687845706939697
486,887,5.0,3.789428472518921
615,428,5.0,4.174171447753906
877,463,4.0,4.010679244995117
887,140,5.0,3.895490884780884
472,411,4.0,3.9565412998199463
85,630,3.0,3.0891177654266357
785,423,2.0,3.6966664791107178
872,685,4.0,3.5833075046539307
622,769,1.0,2.3071541786193848
276,195,5.0,4.264740943908691
280,38,3.0,2.921149730682373
424,333,5.0,3.136414051055908
868,136,5.0,3.310206174850464
526,272,5.0,3.8028414249420166
76,1157,1.0,2.6845502853393555
524,192,4.0,4.3574137687683105
742,294,3.0,2.8357725143432617
774,72,1.0,2.00933837890625
654,288,3.0,3.409653902053833
474,283,3.0,4.009831428527832
683,626,3.0,1.145384669303894
532,840,4.0,3.577061414718628
488,71,3.0,3.883619785308838
878,317,4.0,3.6199896335601807
222,1178,2.0,2.551163673400879
881,214,4.0,2.7542450428009033
184,92,3.0,3.5082740783691406
71,151,1.0,3.7415733337402344
568,319,2.0,2.7857117652893066
66,50,5.0,4.249516487121582
661,135,5.0,4.097051620483398
49,594,3.0,2.484808921813965
498,258,2.0,2.861513376235962
190,273,4.0,3.4982433319091797
804,87,4.0,4.049834251403809
110,195,2.0,3.9201345443725586
542,451,3.0,3.245837450027466
429,178,4.0,4.205009460449219
499,328,5.0,3.482187032699585
200,509,4.0,3.913033962249756
871,909,3.0,3.741758346557617
453,402,3.0,2.8214008808135986
141,333,5.0,4.112917900085449
227,293,5.0,3.782766103744507
838,124,4.0,4.184927940368652
830,651,4.0,4.148471355438232
516,660,5.0,3.9494669437408447
343,403,4.0,3.5781409740448
561,709,3.0,4.026559829711914
896,482,3.0,3.8794591426849365
125,1037,2.0,2.0854909420013428
11,365,3.0,3.289194107055664
82,514,4.0,3.3920116424560547
95,552,1.0,2.942720651626587
174,715,3.0,3.7063446044921875
41,357,4.0,4.380003452301025
104,307,2.0,2.6109700202941895
49,287,4.0,2.826632499694824
416,258,5.0,4.273221015930176
60,490,4.0,4.3809943199157715
694,484,4.0,4.292458534240723
84,294,3.0,3.3064963817596436
145,470,5.0,3.8581595420837402
268,1208,2.0,2.843400001525879
152,410,4.0,3.574962854385376
917,9,5.0,3.8541576862335205
905,508,4.0,3.4213693141937256
536,480,5.0,4.107621192932129
106,956,3.0,3.769810438156128
642,928,5.0,3.7584989070892334
497,274,3.0,3.259053945541382
450,1263,4.0,3.0857784748077393
304,298,5.0,3.5505154132843018
766,318,5.0,4.0507049560546875
22,173,5.0,4.589007377624512
840,632,3.0,4.506357192993164
43,58,3.0,3.6185522079467773
6,134,5.0,4.534772872924805
758,176,5.0,4.289284706115723
505,176,4.0,3.49161958694458
10,604,4.0,4.454685211181641
355,682,4.0,3.758969306945801
301,117,5.0,4.2996931076049805
301,180,3.0,3.6181819438934326
694,205,5.0,4.266138076782227
297,282,3.0,3.1557958126068115
336,1183,1.0,2.3462471961975098
907,185,4.0,4.760727882385254
285,194,4.0,3.803553819656372
110,905,3.0,3.24115252494812
779,15,4.0,4.045668601989746
236,1013,2.0,2.12701678276062
884,275,4.0,3.9443461894989014
14,25,2.0,3.4900119304656982
387,202,3.0,3.2764337062835693
122,1044,5.0,3.2155869007110596
805,772,3.0,3.5712921619415283
311,942,5.0,3.5017619132995605
864,43,3.0,3.014422655105591
68,742,1.0,2.8176052570343018
450,91,4.0,3.816690683364868
113,116,3.0,3.8467087745666504
562,393,2.0,3.2553365230560303
450,194,5.0,4.505663871765137
279,1497,2.0,2.3445515632629395
291,369,3.0,2.90932297706604
537,1011,3.0,2.8392369747161865
268,860,1.0,2.107607841491699
215,181,4.0,4.07826566696167
705,720,5.0,3.5717453956604004
567,357,2.0,4.449704170227051
1,188,3.0,4.076907157897949
676,300,4.0,3.636364221572876
784,327,4.0,3.736011505126953
167,465,5.0,3.5315582752227783
747,591,2.0,3.4512853622436523
343,708,4.0,4.395742416381836
59,770,4.0,3.829552173614502
269,441,1.0,1.6342140436172485
840,654,4.0,4.921012878417969
405,675,1.0,1.6183340549468994
194,204,4.0,3.1961915493011475
189,129,3.0,3.960709810256958
270,509,3.0,4.670497894287109
313,629,3.0,3.408737897872925
75,25,5.0,3.7795588970184326
362,323,2.0,3.228867530822754
756,245,3.0,2.756235361099243
62,511,4.0,4.232071876525879
269,186,2.0,2.506434917449951
243,223,4.0,4.183084011077881
318,191,5.0,4.395271301269531
911,479,5.0,4.30419921875
354,497,4.0,3.9278564453125
804,154,3.0,3.7515437602996826
471,465,5.0,3.094956159591675
497,721,3.0,3.4209964275360107
561,1,2.0,2.9348831176757812
417,825,4.0,3.0105977058410645
1,242,5.0,4.600886344909668
773,367,2.0,3.195960521697998
922,451,4.0,3.3342673778533936
543,318,3.0,4.280289649963379
143,322,4.0,3.400501012802124
848,845,5.0,3.9952590465545654
852,407,3.0,2.5964930057525635
669,649,4.0,3.123922824859619
152,871,3.0,3.2986104488372803
5,373,3.0,2.333143711090088
11,258,5.0,3.767833948135376
600,578,2.0,3.5605833530426025
128,181,4.0,4.010523796081543
648,23,3.0,3.3688271045684814
351,750,5.0,4.419377326965332
535,196,4.0,4.0597052574157715
59,529,4.0,4.464596748352051
648,523,3.0,3.790081262588501
254,415,3.0,2.537245273590088
7,489,3.0,4.348316192626953
756,435,3.0,3.661965847015381
692,66,2.0,3.2588489055633545
397,1018,4.0,3.6325523853302
711,955,1.0,4.221190452575684
210,568,4.0,4.04817008972168
868,567,1.0,2.504056930541992
627,288,3.0,3.197166919708252
936,253,5.0,3.992720603942871
615,1021,5.0,4.071723937988281
845,1434,4.0,2.3434464931488037
639,423,2.0,3.298161506652832
239,208,3.0,4.2682085037231445
11,24,3.0,3.3500170707702637
679,327,4.0,3.4369120597839355
943,1047,2.0,3.213172435760498
385,945,5.0,2.861374616622925
543,1555,3.0,2.6134285926818848
299,89,5.0,4.075287818908691
144,197,4.0,4.085178375244141
584,450,2.0,2.500542640686035
711,393,4.0,2.9222803115844727
213,985,3.0,3.4136123657226562
73,748,2.0,1.737281322479248
749,661,5.0,4.000252723693848
889,265,4.0,3.61987566947937
457,122,2.0,2.6859958171844482
588,316,5.0,4.317638397216797
106,463,3.0,3.9041481018066406
295,794,4.0,4.173206329345703
807,8,4.0,4.236623764038086
178,823,2.0,3.062730550765991
193,541,1.0,2.411787986755371
368,567,3.0,2.7534232139587402
757,183,4.0,4.030635833740234
764,633,5.0,4.065862655639648
177,168,4.0,4.292277812957764
815,229,3.0,3.207263231277466
395,1028,2.0,3.2628214359283447
97,89,5.0,4.444561958312988
727,815,3.0,3.1340115070343018
11,728,3.0,2.8504114151000977
130,1231,4.0,2.98187518119812
391,507,4.0,4.022208213806152
332,226,5.0,4.268884658813477
828,1062,4.0,3.6054248809814453
221,298,4.0,4.038358688354492
327,1,4.0,3.306403636932373
864,423,5.0,3.933009386062622
447,13,5.0,3.490295648574829
188,484,5.0,4.032604217529297
864,625,4.0,3.6808502674102783
206,1022,1.0,1.9239087104797363
21,242,3.0,4.283827781677246
14,23,5.0,4.414276123046875
72,48,4.0,4.055861473083496
463,103,1.0,1.7118219137191772
272,79,5.0,4.23270845413208
833,1628,3.0,2.9086883068084717
487,313,3.0,4.719342231750488
349,1128,3.0,2.5078628063201904
308,293,4.0,3.842888116836548
279,70,1.0,3.4919369220733643
445,9,2.0,2.7685070037841797
207,204,3.0,3.845278739929199
457,956,4.0,4.312503814697266
495,629,3.0,3.8717875480651855
648,637,2.0,2.4244577884674072
660,41,1.0,2.3707542419433594
373,380,4.0,3.897203207015991
62,159,3.0,2.7187323570251465
919,300,4.0,3.7548723220825195
663,243,3.0,2.5028181076049805
214,166,4.0,3.9532032012939453
622,22,4.0,4.103735446929932
339,383,1.0,2.120795249938965
553,589,5.0,4.388205528259277
146,302,4.0,4.627402305603027
514,294,3.0,3.1915013790130615
487,652,5.0,3.6877970695495605
679,215,3.0,3.5344951152801514
450,1054,2.0,2.5745644569396973
343,147,4.0,3.1428463459014893
454,1,3.0,3.547307014465332
371,97,5.0,4.198625087738037
167,222,4.0,3.2704098224639893
347,24,3.0,3.3941309452056885
385,671,3.0,3.868102788925171
450,1119,4.0,3.962700128555298
797,243,2.0,2.0649542808532715
328,798,2.0,2.314196825027466
1,270,5.0,3.5556492805480957
200,841,3.0,3.5973474979400635
151,507,5.0,4.307011604309082
655,628,3.0,2.743354558944702
95,523,4.0,3.891639232635498
606,827,3.0,3.089801549911499
444,307,3.0,3.657925605773926
94,68,4.0,3.3602077960968018
393,1210,3.0,3.1754300594329834
642,1011,3.0,3.2138614654541016
180,191,4.0,4.696837425231934
378,234,4.0,3.943721294403076
524,175,3.0,3.9593536853790283
380,496,4.0,3.281012773513794
707,869,1.0,2.6426053047180176
122,1168,4.0,3.743131637573242
465,191,4.0,3.613769769668579
444,275,4.0,4.1976704597473145
578,324,1.0,2.011087656021118
530,607,5.0,3.8172080516815186
757,1210,2.0,2.8006198406219482
671,195,5.0,4.196234226226807
426,617,3.0,3.6265134811401367
94,228,4.0,3.7318990230560303
828,340,5.0,3.128394365310669
660,1035,2.0,2.298203229904175
544,270,3.0,3.2773122787475586
784,323,4.0,3.5139987468719482
244,685,2.0,3.2447142601013184
315,137,5.0,4.300656318664551
622,742,3.0,3.3307430744171143
927,237,4.0,4.268547534942627
102,82,2.0,2.962728261947632
470,285,3.0,3.8734941482543945
551,1067,2.0,3.850889205932617
506,183,5.0,4.1597700119018555
932,480,5.0,4.653273582458496
1,170,5.0,4.51137638092041
554,692,4.0,3.8470475673675537
450,59,4.0,4.0598297119140625
611,301,4.0,3.6059982776641846
697,301,5.0,3.682781934738159
215,23,3.0,4.166294097900391
890,403,1.0,3.3432350158691406
277,121,2.0,3.3671538829803467
85,238,2.0,3.6318647861480713
859,25,4.0,4.103677272796631
301,109,5.0,3.6814827919006348
883,589,5.0,4.364150047302246
601,419,4.0,3.2938570976257324
416,475,2.0,4.109070777893066
815,418,4.0,3.74080228805542
347,70,2.0,3.565856456756592
363,181,5.0,3.4679744243621826
390,286,4.0,3.989008665084839
648,38,5.0,3.3125429153442383
648,399,4.0,3.225587844848633
666,510,4.0,3.9123454093933105
193,56,1.0,3.574651002883911
758,922,5.0,4.372542381286621
274,845,5.0,4.143178939819336
264,42,5.0,4.197049140930176
344,476,3.0,2.421996831893921
314,1074,3.0,3.353569984436035
135,321,4.0,3.15744686126709
340,418,5.0,4.337630271911621
293,70,3.0,3.330421209335327
727,62,3.0,3.049304246902466
892,1,5.0,4.423652648925781
92,183,4.0,4.307150840759277
833,761,2.0,2.1700260639190674
7,133,5.0,4.4647932052612305
922,810,4.0,2.808983564376831
130,269,4.0,4.422794342041016
657,873,3.0,2.69223952293396
474,529,5.0,4.164853572845459
693,272,4.0,3.7878072261810303
917,473,3.0,3.2582945823669434
269,51,2.0,2.7769508361816406
524,708,4.0,3.642825126647949
786,285,3.0,4.141073226928711
311,648,4.0,3.9620933532714844
747,169,5.0,4.881012916564941
450,790,2.0,3.2322309017181396
23,217,2.0,3.2235968112945557
394,90,3.0,3.561946153640747
711,1221,4.0,3.825749635696411
270,53,4.0,3.766751766204834
934,498,3.0,4.147675514221191
296,209,4.0,4.584869384765625
181,1371,1.0,0.8505449295043945
326,419,3.0,3.747541666030884
458,427,4.0,4.229396343231201
116,325,3.0,2.4015285968780518
346,96,5.0,4.1618194580078125
276,232,3.0,3.402513265609741
66,405,3.0,3.4868321418762207
868,132,4.0,3.290884017944336
634,150,3.0,3.6892919540405273
101,826,3.0,2.3287594318389893
796,660,5.0,3.737658739089966
271,514,4.0,3.832674980163574
650,452,2.0,2.4335391521453857
280,554,1.0,2.9116413593292236
650,928,2.0,2.52337384223938
615,988,1.0,1.613854169845581
268,627,3.0,2.6228504180908203
416,333,4.0,4.118213176727295
344,272,5.0,3.96207594871521
474,1421,4.0,3.75109601020813
488,22,4.0,4.208017349243164
496,561,5.0,2.732357978820801
910,684,4.0,3.0377161502838135
796,258,4.0,3.683157205581665
169,301,4.0,3.336299180984497
311,118,3.0,3.735661745071411
890,136,5.0,4.369748592376709
390,1296,2.0,3.629171133041382
269,205,3.0,3.379842519760132
299,482,4.0,3.7492141723632812
92,515,4.0,4.375134468078613
747,603,5.0,5.122980117797852
149,346,4.0,3.1984503269195557
751,209,4.0,3.8260176181793213
15,748,3.0,2.5608394145965576
94,993,4.0,3.378711462020874
13,173,2.0,4.221372604370117
92,949,3.0,3.551460027694702
470,9,5.0,3.3715641498565674
655,518,2.0,3.338392496109009
59,503,4.0,4.196922302246094
104,25,3.0,2.7160329818725586
556,327,5.0,3.3490469455718994
321,283,3.0,3.4611430168151855
75,597,3.0,2.885605812072754
416,526,5.0,4.4380645751953125
450,136,5.0,4.651800155639648
13,128,1.0,3.221374988555908
416,689,4.0,3.5333926677703857
588,393,4.0,3.7122292518615723
727,755,2.0,3.1634716987609863
290,252,3.0,2.9448940753936768
224,1053,3.0,3.113527297973633
6,274,4.0,2.4232451915740967
276,322,3.0,2.9588518142700195
942,265,5.0,4.6322832107543945
217,550,1.0,3.201777219772339
932,414,4.0,4.308808326721191
290,699,3.0,3.2001469135284424
736,1388,5.0,3.2041163444519043
683,133,5.0,3.511240005493164
627,47,2.0,3.413654088973999
387,286,2.0,3.695478677749634
892,155,2.0,3.460434675216675
606,197,3.0,4.110179901123047
897,238,4.0,3.3871092796325684
881,177,4.0,3.4174129962921143
524,235,1.0,3.099158525466919
504,234,3.0,3.9802298545837402
937,268,1.0,3.639700174331665
181,1361,1.0,0.8797347545623779
747,488,5.0,4.891460418701172
624,300,4.0,3.403491973876953
227,150,3.0,3.927492618560791
894,305,4.0,3.8221516609191895
110,1090,2.0,2.5364644527435303
653,472,1.0,2.6789684295654297
206,310,5.0,2.8844194412231445
276,383,2.0,2.2196362018585205
416,388,2.0,2.6540582180023193
938,288,5.0,3.5228593349456787
200,578,5.0,4.061056137084961
21,873,2.0,2.2006402015686035
7,386,4.0,3.5383989810943604
347,163,4.0,3.570319652557373
650,211,4.0,3.523432493209839
450,601,3.0,4.275146484375
374,692,5.0,4.017303466796875
303,260,3.0,2.4203035831451416
652,259,2.0,2.606515884399414
500,285,3.0,4.395757675170898
213,144,5.0,4.458737373352051
435,159,5.0,3.209195613861084
393,949,3.0,3.0790622234344482
595,820,2.0,2.5230116844177246
748,154,3.0,3.517479181289673
639,519,4.0,3.5097708702087402
374,193,4.0,3.843310594558716
301,802,2.0,3.106203556060791
454,228,3.0,3.3545424938201904
705,578,3.0,3.721250057220459
936,410,3.0,3.5378222465515137
181,1339,1.0,0.48856663703918457
486,328,2.0,2.6013567447662354
660,1181,1.0,1.9797682762145996
627,1478,3.0,2.655179500579834
533,659,4.0,3.8594584465026855
168,931,3.0,2.157122850418091
279,64,1.0,4.441226959228516
541,393,3.0,3.5786707401275635
194,168,5.0,3.5117509365081787
166,894,4.0,2.2208094596862793
518,147,4.0,3.8694868087768555
264,606,5.0,4.796470642089844
661,97,4.0,4.2077789306640625
710,181,3.0,3.8304572105407715
931,900,4.0,3.7165400981903076
195,227,3.0,3.1275861263275146
694,1455,3.0,2.0446064472198486
648,484,5.0,3.8070952892303467
188,468,4.0,3.5554659366607666
618,4,2.0,3.1776580810546875
484,141,4.0,3.82035231590271
715,941,2.0,2.9647622108459473
83,301,2.0,2.953066825866699
771,114,4.0,4.089738845825195
710,204,4.0,3.72348690032959
17,7,4.0,3.2645926475524902
299,508,4.0,3.5289041996002197
117,597,4.0,3.5227136611938477
428,690,5.0,4.119741439819336
171,326,2.0,3.074169874191284
881,1078,3.0,2.752244234085083
7,603,4.0,4.98854923248291
838,257,5.0,4.162158012390137
830,568,4.0,3.677154302597046
893,117,4.0,3.838334321975708
766,520,4.0,3.795894145965576
921,1016,4.0,3.5022716522216797
848,451,4.0,3.8452553749084473
399,763,2.0,2.945404291152954
59,23,5.0,4.762267112731934
10,157,5.0,4.1155595779418945
456,60,4.0,4.160732269287109
49,1009,3.0,3.002763032913208
58,191,5.0,4.252954483032227
523,412,3.0,2.686842203140259
642,368,4.0,2.119755268096924
194,518,4.0,3.2118513584136963
782,258,4.0,3.5049121379852295
435,585,3.0,2.3146700859069824
332,323,5.0,3.790053367614746
521,239,5.0,3.1306540966033936
893,410,4.0,3.0251283645629883
366,288,4.0,4.289698600769043
230,96,2.0,4.521771430969238
523,382,5.0,4.098743438720703
537,460,2.0,2.41367244720459
796,485,4.0,3.91074538230896
145,682,3.0,2.895617723464966
243,7,3.0,3.683607578277588
730,1012,5.0,3.31135892868042
455,288,2.0,3.163405418395996
25,134,4.0,3.893200159072876
158,1011,4.0,3.6685123443603516
10,176,4.0,4.2900848388671875
637,591,3.0,2.6798670291900635
33,751,4.0,3.721090316772461
802,484,3.0,3.6535732746124268
707,1628,5.0,3.0095648765563965
537,188,4.0,3.082265853881836
387,435,3.0,3.7214179039001465
758,831,4.0,2.5920956134796143
435,172,5.0,4.048908233642578
416,833,3.0,3.6531505584716797
276,31,4.0,3.5445327758789062
76,7,4.0,3.671287775039673
276,1478,3.0,2.9458811283111572
268,67,3.0,2.4032819271087646
393,825,4.0,3.420361280441284
556,340,5.0,3.7925798892974854
344,122,1.0,2.740697145462036
748,194,4.0,3.716707944869995
203,7,3.0,3.7762746810913086
567,257,3.0,3.1589889526367188
450,923,5.0,4.526328086853027
258,311,4.0,3.6888697147369385
897,451,4.0,3.762571096420288
457,144,5.0,4.595621109008789
770,328,3.0,4.446381568908691
358,221,5.0,3.551687479019165
399,420,3.0,2.9198391437530518
301,431,4.0,3.840806722640991
524,77,3.0,2.911458730697632
359,472,4.0,3.3963003158569336
583,286,4.0,4.275092124938965
665,1315,4.0,3.280165433883667
94,34,1.0,3.075284242630005
570,301,3.0,2.487240791320801
182,423,5.0,3.911919593811035
736,748,2.0,2.118164300918579
339,317,4.0,4.553034782409668
815,616,1.0,3.6061246395111084
707,1397,1.0,3.373417615890503
500,82,4.0,2.978605270385742
14,100,5.0,4.54847526550293
85,751,3.0,2.8271729946136475
653,431,4.0,2.8785080909729004
688,288,5.0,5.301855087280273
454,162,3.0,2.6135942935943604
467,181,3.0,3.9464168548583984
561,549,2.0,3.1212503910064697
339,655,4.0,4.137505531311035
189,253,4.0,3.6054084300994873
409,527,4.0,3.8350799083709717
234,162,3.0,3.496316432952881
393,265,4.0,4.364544868469238
102,79,2.0,3.136605739593506
620,173,5.0,4.499006271362305
249,129,5.0,4.501992225646973
883,265,3.0,3.419541597366333
389,1286,5.0,3.5326602458953857
590,15,3.0,2.9328200817108154
915,346,2.0,3.2521138191223145
773,109,4.0,2.9752864837646484
314,147,4.0,4.315948009490967
451,984,4.0,2.9730587005615234
94,750,4.0,4.308842658996582
551,917,3.0,3.684746742248535
345,40,3.0,3.0322751998901367
210,172,5.0,4.8541460037231445
73,285,4.0,4.542574882507324
244,1012,2.0,4.015898704528809
119,459,4.0,4.698456764221191
409,206,4.0,3.3235223293304443
213,678,4.0,2.743938684463501
269,252,1.0,1.14198637008667
222,448,3.0,3.294412851333618
58,174,4.0,4.024541854858398
150,147,4.0,3.8339011669158936
279,203,2.0,3.6627233028411865
312,132,5.0,4.757645606994629
108,125,3.0,3.16304612159729
361,194,4.0,4.025210380554199
747,596,5.0,3.3473470211029053
470,93,4.0,3.234924554824829
474,469,4.0,4.087272644042969
788,828,3.0,2.6636736392974854
328,318,5.0,4.499405860900879
89,880,5.0,3.5303237438201904
75,1151,2.0,2.1416664123535156
748,326,3.0,3.251957654953003
612,477,2.0,3.1349072456359863
943,391,2.0,2.759813070297241
655,1466,3.0,2.918778896331787
486,1302,3.0,3.7577643394470215
340,50,4.0,5.0555524826049805
886,1231,3.0,2.5163872241973877
332,291,4.0,4.314053535461426
642,357,2.0,3.9998939037323
328,523,5.0,3.8837380409240723
432,405,4.0,3.7417750358581543
342,1016,1.0,2.4843435287475586
561,952,3.0,2.892097234725952
387,856,5.0,4.0772705078125
846,1133,2.0,3.367462396621704
69,427,3.0,4.719693183898926
561,679,3.0,2.549561023712158
533,44,4.0,3.263158082962036
374,427,3.0,3.9002647399902344
584,108,3.0,2.825230360031128
858,181,2.0,3.955190658569336
312,483,5.0,5.304876327514648
181,1346,1.0,1.0857009887695312
869,294,3.0,1.9147675037384033
766,375,2.0,1.879085659980774
92,672,3.0,2.499065399169922
622,46,4.0,3.3946757316589355
463,1284,4.0,2.427300453186035
482,301,4.0,3.226088523864746
45,278,3.0,3.3168463706970215
401,88,4.0,3.001465320587158
137,546,5.0,4.041533946990967
38,940,1.0,2.247437000274658
899,597,2.0,2.9543843269348145
69,288,5.0,2.9750351905822754
523,155,4.0,3.8721094131469727
574,900,4.0,3.6910250186920166
153,64,5.0,3.5888473987579346
327,129,4.0,3.4010767936706543
393,323,2.0,3.439399242401123
342,488,5.0,4.27004337310791
610,378,5.0,4.0174560546875
291,95,4.0,4.118355751037598
943,685,4.0,3.681612253189087
878,517,4.0,3.568804979324341
515,243,3.0,2.3950703144073486
406,431,3.0,3.4429404735565186
246,369,3.0,2.180964946746826
147,292,5.0,4.133880615234375
21,15,4.0,2.9217872619628906
846,76,4.0,3.884873390197754
908,434,4.0,3.4267172813415527
87,2,4.0,4.050004482269287
126,990,4.0,3.3838608264923096
521,147,4.0,2.9741485118865967
477,739,4.0,4.447042465209961
593,815,3.0,3.312490940093994
747,82,4.0,3.4633145332336426
465,428,3.0,3.3225653171539307
56,265,4.0,4.306191444396973
437,186,3.0,3.641935110092163
627,79,3.0,3.6258602142333984
807,118,4.0,4.204241752624512
303,120,2.0,1.5774520635604858
305,15,1.0,2.909104585647583
305,382,5.0,3.445261240005493
5,80,2.0,2.5794880390167236
405,446,1.0,1.9230718612670898
634,137,3.0,3.087184190750122
425,96,4.0,3.4535810947418213
293,1286,4.0,3.0864834785461426
151,692,3.0,3.746229648590088
934,514,5.0,3.540271759033203
471,422,5.0,1.8178554773330688
313,655,4.0,3.7835798263549805
407,68,4.0,3.2990915775299072
847,602,3.0,2.952939987182617
662,319,3.0,3.6079299449920654
173,984,4.0,3.67488956451416
269,448,2.0,2.245023250579834
416,111,4.0,4.061897277832031
218,789,3.0,3.388488531112671
264,1069,5.0,4.106916904449463
268,790,2.0,2.5184550285339355
303,423,4.0,4.0381364822387695
529,301,4.0,3.5110929012298584
373,559,3.0,3.352041482925415
311,520,5.0,4.360257148742676
393,196,4.0,3.8360378742218018
387,972,2.0,3.61397647857666
633,226,4.0,3.2039475440979004
447,866,2.0,3.1080684661865234
506,271,4.0,3.1161952018737793
485,301,2.0,2.6575653553009033
782,270,4.0,3.458439588546753
322,196,4.0,3.9922804832458496
145,823,3.0,3.072235584259033
846,967,3.0,3.4553539752960205
881,511,5.0,3.8943331241607666
146,311,4.0,4.263592720031738
869,310,4.0,2.6267428398132324
244,193,4.0,4.2073469161987305
315,230,4.0,3.1506783962249756
749,233,5.0,3.4556691646575928
788,679,2.0,2.8793423175811768
758,676,2.0,3.435584783554077
527,129,2.0,3.6493310928344727
619,226,5.0,3.468703269958496
932,211,5.0,4.390093803405762
534,595,4.0,3.68263578414917
293,367,2.0,2.952186107635498
539,357,4.0,4.4070024490356445
279,22,1.0,4.48935604095459
256,233,4.0,4.1131792068481445
625,705,3.0,3.385230302810669
371,746,4.0,3.860488176345825
222,441,2.0,2.556614398956299
852,289,2.0,3.300069570541382
301,81,3.0,3.297198534011841
63,748,4.0,2.5022695064544678
354,321,2.0,3.270639181137085
343,303,4.0,4.472650527954102
580,1014,3.0,3.1861393451690674
694,203,4.0,3.9044907093048096
361,430,5.0,3.9641079902648926
297,690,5.0,3.3734309673309326
328,744,4.0,3.53179931640625
896,836,3.0,3.3446710109710693
805,470,5.0,3.3470077514648438
807,398,3.0,2.8041231632232666
274,924,3.0,3.9072651863098145
854,249,3.0,2.9031600952148438
256,100,4.0,4.4514617919921875
500,1048,3.0,3.090210437774658
16,125,3.0,4.009995460510254
850,50,5.0,5.032042503356934
214,179,5.0,4.086883544921875
151,1041,3.0,2.9722867012023926
267,127,5.0,5.157467842102051
72,770,4.0,3.304269313812256
107,258,4.0,3.2789862155914307
297,153,5.0,3.332472085952759
624,1289,3.0,2.1876020431518555
333,513,4.0,4.191915988922119
686,191,5.0,4.961661338806152
486,544,4.0,3.1228885650634766
313,497,4.0,4.10929012298584
561,582,4.0,3.499182939529419
270,98,5.0,5.360141754150391
497,840,3.0,2.917022705078125
825,235,3.0,3.00911545753479
393,1285,3.0,3.3544116020202637
378,665,2.0,2.9136226177215576
378,949,3.0,3.5500328540802
118,164,5.0,4.346678733825684
387,665,2.0,2.5830559730529785
234,45,4.0,3.401737928390503
151,546,2.0,2.8808438777923584
874,311,4.0,3.9951086044311523
168,151,5.0,3.133437395095825
629,196,4.0,4.534543991088867
85,530,3.0,4.120511054992676
224,748,3.0,3.2727882862091064
591,1028,3.0,2.6014018058776855
324,331,4.0,4.676590919494629
181,251,1.0,1.468824863433838
913,151,4.0,3.404019594192505
293,1057,2.0,2.082894802093506
416,1037,2.0,2.0479116439819336
327,517,2.0,3.845473051071167
407,729,4.0,3.417614221572876
782,313,5.0,4.1745452880859375
785,661,3.0,3.73014760017395
256,550,5.0,4.56269645690918
381,133,5.0,4.097681045532227
826,946,3.0,3.3517985343933105
650,520,4.0,3.698565721511841
457,157,5.0,4.440844535827637
399,1179,2.0,1.7062591314315796
682,627,4.0,3.122797966003418
406,129,5.0,3.6469385623931885
70,82,4.0,3.6247751712799072
469,654,4.0,5.048988342285156
254,384,1.0,2.4598891735076904
234,97,2.0,3.3599324226379395
416,763,5.0,3.719102621078491
851,1245,4.0,3.735684871673584
373,842,3.0,3.401069402694702
839,111,4.0,3.2418322563171387
43,323,3.0,3.3478853702545166
437,281,1.0,2.5945301055908203
378,405,3.0,3.1657049655914307
230,739,5.0,4.007308483123779
671,511,3.0,4.126653671264648
648,127,3.0,3.6318273544311523
625,4,4.0,3.1511502265930176
566,78,1.0,1.964177131652832
389,686,3.0,3.7470927238464355
416,452,3.0,3.20753812789917
612,476,3.0,2.9349682331085205
911,483,3.0,4.479534149169922
269,133,3.0,2.934039354324341
276,765,3.0,2.903465986251831
273,313,3.0,4.318046569824219
640,302,5.0,5.1358442306518555
519,1617,5.0,1.5859158039093018
217,1222,1.0,2.4919097423553467
403,258,4.0,4.144536018371582
8,341,2.0,3.8577568531036377
234,1121,5.0,3.2102036476135254
707,747,3.0,3.2635579109191895
663,658,4.0,3.6622297763824463
712,168,2.0,3.734160900115967
453,797,1.0,3.0032966136932373
378,629,5.0,3.5001518726348877
712,4,4.0,3.4940531253814697
177,98,5.0,4.452444076538086
91,750,5.0,4.03192138671875
763,230,3.0,3.2348010540008545
454,140,3.0,3.1058428287506104
666,603,4.0,4.286307334899902
346,549,4.0,3.1293365955352783
266,325,1.0,2.5419921875
44,294,4.0,3.1123695373535156
345,71,3.0,3.7806646823883057
392,249,1.0,3.6093833446502686
378,977,3.0,2.438753128051758
622,284,1.0,3.1287214756011963
71,89,5.0,4.2130327224731445
468,257,4.0,3.913787841796875
660,432,4.0,3.073643922805786
775,329,3.0,3.3164401054382324
39,269,4.0,3.8827157020568848
889,72,3.0,3.1310229301452637
201,288,4.0,2.8065237998962402
684,408,5.0,4.020181179046631
824,245,2.0,2.825809955596924
455,269,4.0,3.6932029724121094
95,568,4.0,3.692974090576172
901,142,4.0,3.4617602825164795
85,495,3.0,3.5025455951690674
539,131,4.0,3.9986345767974854
379,284,4.0,3.3703315258026123
857,348,1.0,3.528407096862793
894,536,5.0,3.7587342262268066
330,73,5.0,4.580931663513184
927,928,4.0,3.672657012939453
870,528,4.0,3.9308345317840576
230,633,4.0,4.001510143280029
592,815,3.0,2.7768399715423584
406,1008,4.0,3.3446848392486572
889,427,4.0,3.894538640975952
655,1012,3.0,2.8755276203155518
363,555,1.0,1.7217289209365845
291,82,4.0,4.0379838943481445
864,317,4.0,4.271484375
89,197,5.0,4.023012161254883
279,176,3.0,4.0941314697265625
201,587,4.0,3.0885791778564453
457,744,3.0,3.9210281372070312
95,862,1.0,1.9522175788879395
42,736,5.0,3.777810573577881
486,766,4.0,3.340233087539673
875,511,5.0,4.7381744384765625
701,292,4.0,4.129887580871582
593,1016,4.0,3.5382890701293945
1,122,3.0,2.9881343841552734
788,12,5.0,4.099673271179199
339,640,5.0,3.572129249572754
883,513,5.0,4.65870475769043
823,419,4.0,4.165480613708496
222,476,3.0,2.746034622192383
653,154,3.0,2.612675666809082
786,528,5.0,4.188305854797363
588,155,5.0,3.520580291748047
13,1,3.0,3.6633715629577637
77,1,5.0,3.525672674179077
130,876,4.0,3.10158371925354
279,1244,3.0,3.1097218990325928
181,846,3.0,1.440629005432129
320,89,4.0,4.464130401611328
699,211,1.0,3.4620749950408936
361,466,4.0,3.7487897872924805
229,312,3.0,2.666091203689575
14,474,4.0,4.685218811035156
713,690,1.0,2.847693681716919
292,298,4.0,3.8885796070098877
1,120,1.0,1.7275619506835938
312,654,5.0,4.941693305969238
484,14,4.0,3.434903383255005
344,716,3.0,3.25081467628479
806,675,3.0,3.727480888366699
625,97,4.0,3.326104164123535
183,331,3.0,3.2856414318084717
758,496,3.0,4.33310604095459
299,538,3.0,2.962125301361084
356,347,4.0,3.372292995452881
465,481,4.0,3.3784894943237305
163,286,3.0,3.142073392868042
144,318,5.0,4.770974159240723
711,162,5.0,4.306601524353027
42,491,3.0,3.8754634857177734
95,405,3.0,3.194054126739502
158,4,4.0,3.9171135425567627
381,493,4.0,4.613470077514648
429,216,4.0,3.691174030303955
428,242,4.0,4.331958293914795
144,248,4.0,3.582350969314575
678,111,4.0,3.259655714035034
102,230,2.0,2.819373607635498
436,869,4.0,3.3369874954223633
705,597,4.0,3.9726758003234863
934,648,3.0,3.9510562419891357
458,517,4.0,4.189065933227539
346,226,3.0,3.4424889087677
457,470,5.0,4.281460762023926
830,288,1.0,2.9972681999206543
249,56,5.0,5.049315452575684
774,52,3.0,2.4274659156799316
655,914,3.0,1.911371111869812
889,182,4.0,3.8216629028320312
157,235,5.0,3.439929723739624
293,628,3.0,2.5769336223602295
497,395,4.0,2.3748154640197754
682,318,4.0,4.096813201904297
870,713,4.0,3.302074670791626
221,1067,3.0,3.8256354331970215
15,546,2.0,2.54424786567688
209,16,4.0,3.0524680614471436
435,67,4.0,3.20119309425354
772,678,4.0,3.164088010787964
299,25,3.0,3.1506946086883545
448,305,4.0,3.4580721855163574
643,655,4.0,3.9213037490844727
234,765,3.0,2.082210063934326
666,651,5.0,3.7259609699249268
276,63,3.0,2.818650484085083
122,553,3.0,3.123772382736206
328,12,5.0,4.097277641296387
1,224,5.0,4.303464889526367
738,177,4.0,3.7673187255859375
930,113,5.0,3.0274617671966553
875,64,5.0,4.663251876831055
380,518,3.0,3.3119983673095703
406,24,3.0,3.2137439250946045
81,269,3.0,3.8205015659332275
863,1024,3.0,3.5416643619537354
115,496,1.0,3.7691307067871094
537,661,4.0,3.705185651779175
92,576,2.0,2.96345591545105
642,15,5.0,4.3608808517456055
207,1170,2.0,2.5344700813293457
868,1509,1.0,1.0987203121185303
305,1,5.0,3.3539884090423584
577,208,4.0,3.983937978744507
798,394,4.0,3.715100049972534
701,311,5.0,4.357767105102539
537,681,1.0,1.573564052581787
435,1039,4.0,3.660686492919922
669,271,2.0,2.1621274948120117
450,234,3.0,4.198886394500732
382,475,3.0,3.523979425430298
749,423,4.0,4.250058650970459
405,877,1.0,1.722143292427063
890,152,4.0,3.9073615074157715
305,1485,3.0,2.903127670288086
495,770,3.0,3.6786587238311768
87,216,5.0,4.223193168640137
10,708,4.0,3.786529302597046
405,1229,1.0,1.795757532119751
82,1001,1.0,1.578320860862732
457,147,5.0,3.6652400493621826
635,13,2.0,3.125231981277466
42,185,4.0,3.7304837703704834
727,550,4.0,3.53619647026062
795,173,4.0,3.7962088584899902
189,847,4.0,4.060263633728027
301,186,4.0,4.345439910888672
291,249,4.0,4.057482719421387
641,124,4.0,4.546222686767578
878,152,4.0,3.262449264526367
385,378,1.0,2.423621416091919
788,227,3.0,3.1470296382904053
913,25,3.0,2.8074700832366943
542,959,3.0,3.524207592010498
450,742,4.0,3.9903717041015625
930,257,4.0,3.132720708847046
716,143,5.0,4.22021484375
57,831,1.0,2.392192840576172
829,268,4.0,3.746574878692627
899,474,3.0,3.85280704498291
234,832,2.0,2.025087356567383
679,42,4.0,3.648481607437134
515,690,2.0,3.103365421295166
303,535,1.0,2.957434892654419
796,1037,2.0,2.066433906555176
591,466,3.0,3.812920570373535
870,789,4.0,3.2842605113983154
792,405,3.0,3.1431450843811035
913,474,5.0,4.045050144195557
437,730,3.0,3.7955784797668457
705,588,3.0,3.545924186706543
236,420,4.0,3.198590040206909
290,739,3.0,3.498126268386841
343,931,3.0,2.123795986175537
421,175,2.0,3.4723942279815674
170,984,5.0,3.4484760761260986
429,73,3.0,3.0955898761749268
547,289,3.0,3.1785457134246826
682,834,3.0,2.267458438873291
501,591,4.0,3.9850544929504395
758,109,3.0,3.7679173946380615
892,500,5.0,4.224794864654541
892,121,4.0,3.876364231109619
416,942,4.0,3.9875965118408203
246,426,3.0,2.956479072570801
450,79,4.0,4.582027435302734
719,121,1.0,3.135291576385498
405,670,1.0,2.105269432067871
90,52,5.0,4.263092994689941
367,234,4.0,4.59187126159668
270,148,4.0,3.97235107421875
287,591,5.0,4.1868109703063965
325,191,3.0,4.008940696716309
405,181,5.0,3.375546455383301
708,763,4.0,3.2360312938690186
381,483,5.0,4.946134567260742
922,579,3.0,2.9033641815185547
734,191,4.0,3.8593828678131104
82,235,1.0,2.2992162704467773
330,63,3.0,4.092459201812744
144,655,5.0,3.957327127456665
543,410,3.0,2.7910311222076416
230,570,4.0,3.416684865951538
838,300,2.0,3.9838545322418213
62,815,3.0,2.4937238693237305
798,560,3.0,2.7713980674743652
504,503,4.0,3.6508679389953613
661,86,4.0,4.060681343078613
416,631,3.0,3.931671619415283
804,1060,3.0,3.293365240097046
26,302,5.0,3.7142271995544434
291,1109,4.0,4.156289100646973
458,513,4.0,4.632143020629883
406,747,2.0,3.293238639831543
174,1313,4.0,3.8342041969299316
749,273,4.0,3.2028872966766357
40,754,4.0,2.618990421295166
421,709,4.0,3.848761796951294
409,937,2.0,3.016231060028076
429,1079,2.0,2.073478937149048
399,400,3.0,1.96651029586792
64,135,4.0,3.811880111694336
788,1183,2.0,2.423891305923462
751,1140,2.0,2.1621789932250977
872,1284,3.0,2.9248902797698975
417,29,2.0,2.752549409866333
91,612,4.0,3.990044116973877
745,168,3.0,3.1919496059417725
831,354,4.0,3.3691155910491943
334,286,4.0,3.7255327701568604
545,732,4.0,3.7587926387786865
940,98,4.0,3.894547700881958
468,1134,5.0,3.717113733291626
588,72,4.0,3.538621664047241
251,978,2.0,2.6301395893096924
227,124,4.0,4.441155433654785
751,436,4.0,3.4250168800354004
830,732,5.0,3.8208322525024414
660,230,3.0,2.6092607975006104
144,454,3.0,3.008632183074951
431,327,3.0,3.386345624923706
709,1059,5.0,2.4555227756500244
243,28,4.0,3.385166883468628
216,652,4.0,4.080965995788574
655,435,2.0,3.18331241607666
938,106,5.0,2.7937774658203125
943,12,5.0,4.186639308929443
18,517,2.0,4.119220733642578
318,307,3.0,3.7204744815826416
372,1090,5.0,3.300319194793701
30,2,3.0,3.359834671020508
54,1088,3.0,1.7068829536437988
181,273,1.0,1.8844804763793945
543,86,4.0,3.7641453742980957
195,413,3.0,2.5922012329101562
326,153,4.0,3.506150245666504
519,991,2.0,3.185962677001953
858,289,3.0,3.1940953731536865
567,23,4.0,4.409663200378418
499,176,4.0,3.847677707672119
234,389,3.0,2.890251636505127
697,833,3.0,3.596358060836792
385,98,4.0,3.6172704696655273
263,50,5.0,4.904397964477539
606,79,3.0,4.516434669494629
160,1019,5.0,4.4873046875
785,496,4.0,3.885164499282837
472,227,5.0,4.076266288757324
72,180,4.0,4.049467086791992
828,510,3.0,3.2954466342926025
189,313,2.0,4.074859142303467
447,231,2.0,2.9037203788757324
846,601,5.0,4.19228458404541
276,14,4.0,4.284335136413574
234,842,4.0,2.6694223880767822
56,588,4.0,3.925171136856079
681,304,3.0,3.494861125946045
276,382,4.0,3.8615944385528564
479,238,4.0,3.772355079650879
704,679,2.0,2.824509859085083
500,763,3.0,3.043323278427124
391,604,4.0,4.204148292541504
654,418,4.0,4.019886016845703
199,678,1.0,1.8017897605895996
615,519,5.0,4.399261474609375
73,480,4.0,4.2343950271606445
543,23,4.0,3.894592046737671
495,1182,3.0,2.7251322269439697
649,254,4.0,2.5896482467651367
577,655,4.0,3.972391128540039
433,174,5.0,4.021227836608887
710,510,4.0,4.1880106925964355
605,325,2.0,2.7941315174102783
927,228,5.0,3.99751877784729
686,98,5.0,5.121254920959473
267,169,5.0,5.214052200317383
727,257,2.0,3.734288454055786
630,25,2.0,3.698319435119629
632,475,3.0,3.0826406478881836
917,100,4.0,4.401766777038574
573,479,4.0,4.0439910888671875
693,222,2.0,3.1988329887390137
75,114,4.0,4.581987380981445
73,269,4.0,3.9684317111968994
5,380,3.0,2.761854648590088
222,678,3.0,2.7767696380615234
635,301,3.0,3.2138566970825195
280,324,5.0,3.317815065383911
741,582,3.0,3.639737844467163
303,56,5.0,4.830388069152832
650,98,4.0,3.8582968711853027
188,69,4.0,4.227838516235352
816,1025,4.0,3.3045754432678223
296,22,4.0,4.673584938049316
518,118,5.0,3.8269870281219482
621,40,3.0,3.4019391536712646
435,55,5.0,3.9730870723724365
160,50,4.0,4.561119079589844
753,427,5.0,3.8963427543640137
404,343,1.0,3.191861867904663
560,13,3.0,3.408487558364868
472,250,5.0,4.194952964782715
181,117,2.0,2.375469923019409
592,323,1.0,1.9378676414489746
892,649,5.0,3.8418290615081787
798,1239,4.0,2.9205591678619385
49,418,3.0,2.2999868392944336
293,589,4.0,4.085175514221191
833,515,3.0,3.8191633224487305
530,98,4.0,4.2608232498168945
779,275,4.0,3.7019529342651367
881,473,2.0,2.5326714515686035
707,1176,2.0,3.9155571460723877
95,650,4.0,3.167241096496582
642,186,5.0,4.700345039367676
724,272,5.0,3.2766568660736084
303,79,5.0,3.880011796951294
334,23,4.0,4.201855659484863
466,127,3.0,3.9288697242736816
478,124,4.0,4.138552665710449
458,58,5.0,3.5249385833740234
348,477,3.0,3.590301752090454
825,174,5.0,4.913188934326172
588,268,5.0,3.7335615158081055
82,640,3.0,2.558506488800049
148,89,5.0,4.167571067810059
316,283,5.0,3.071012258529663
305,631,3.0,3.7182672023773193
18,65,5.0,3.800161838531494
397,210,4.0,3.845848321914673
537,81,3.0,3.316938877105713
348,368,3.0,2.1244912147521973
642,1503,2.0,3.0431883335113525
503,488,5.0,4.646022796630859
482,249,2.0,3.056384563446045
536,73,4.0,4.031953811645508
4,361,5.0,4.596600532531738
18,317,5.0,4.106718063354492
673,898,3.0,3.372434139251709
402,135,4.0,4.22984504699707
829,213,4.0,3.982301712036133
308,5,4.0,3.1384739875793457
628,294,4.0,4.479055404663086
254,1469,3.0,2.722663164138794
526,544,1.0,3.08093523979187
13,843,5.0,3.142240524291992
468,124,5.0,4.564807891845703
70,423,5.0,3.862720489501953
405,1530,1.0,0.9784989356994629
267,81,4.0,4.431118965148926
903,100,5.0,4.591525077819824
617,604,2.0,3.0245206356048584
451,938,4.0,2.2579288482666016
454,15,2.0,3.6052496433258057
152,1054,1.0,2.7814831733703613
699,298,4.0,3.5822062492370605
233,143,4.0,4.2052435874938965
380,1116,4.0,2.658271312713623
269,211,4.0,3.6089086532592773
92,56,5.0,4.5514421463012695
95,420,4.0,3.3852827548980713
630,118,4.0,3.8566036224365234
899,428,4.0,3.4004147052764893
454,385,3.0,3.7495687007904053
116,11,5.0,3.3902320861816406
406,174,4.0,4.026645660400391
445,628,1.0,1.9604524374008179
279,843,4.0,2.9323971271514893
313,768,3.0,2.8009724617004395
801,313,5.0,5.940676689147949
8,243,2.0,2.251682758331299
405,1522,1.0,1.7871073484420776
243,125,3.0,2.665421724319458
910,252,2.0,2.2477192878723145
603,229,4.0,3.2906486988067627
378,126,4.0,3.8366124629974365
130,546,4.0,3.8850057125091553
234,286,3.0,3.08821177482605
235,1149,4.0,4.152557373046875
867,657,5.0,4.754452705383301
478,393,4.0,2.8556313514709473
280,1313,5.0,3.5578761100769043
370,199,4.0,4.001571178436279
70,186,4.0,3.875331401824951
426,199,5.0,4.038705825805664
528,402,4.0,3.475684642791748
932,47,4.0,3.7986702919006348
87,491,5.0,4.240213394165039
506,231,3.0,3.0151805877685547
201,209,3.0,3.8386120796203613
851,31,4.0,3.8587851524353027
348,472,4.0,3.7285897731781006
211,9,3.0,3.056379556655884
569,756,3.0,2.6066808700561523
546,860,4.0,3.010122776031494
256,1042,5.0,4.0215959548950195
334,28,3.0,3.3751163482666016
663,895,4.0,3.204314947128296
399,180,3.0,3.193249464035034
460,294,2.0,2.204165458679199
896,19,2.0,3.2428176403045654
451,286,1.0,2.872992753982544
64,188,4.0,3.486617088317871
299,52,4.0,3.632469654083252
405,423,5.0,2.890902042388916
469,173,4.0,4.714443206787109
655,786,2.0,2.5838570594787598
297,218,3.0,3.268324136734009
701,344,3.0,4.192256927490234
724,682,1.0,2.7085201740264893
435,578,5.0,3.2484560012817383
59,611,3.0,4.681486129760742
198,385,3.0,3.006014585494995
458,288,3.0,3.0152640342712402
684,265,4.0,3.961932420730591
867,1159,5.0,3.8221311569213867
487,1244,2.0,3.3000242710113525
875,334,4.0,3.633563995361328
885,451,2.0,3.272650718688965
450,1521,3.0,3.082531213760376
885,428,4.0,2.8329713344573975
618,763,2.0,2.7667486667633057
304,742,3.0,3.603557586669922
903,4,4.0,3.8633317947387695
709,568,4.0,3.821744203567505
798,1249,4.0,3.069653034210205
747,1456,3.0,4.452044486999512
291,238,5.0,4.61811637878418
671,405,3.0,3.774548053741455
886,265,4.0,3.6674749851226807
405,1562,1.0,0.4606786370277405
807,422,4.0,2.600493907928467
328,606,3.0,3.8813717365264893
790,4,3.0,3.3623898029327393
796,880,3.0,2.8499338626861572
308,201,5.0,3.6553232669830322
291,1067,4.0,4.283144474029541
422,760,3.0,2.7225310802459717
776,219,3.0,3.302666187286377
453,693,5.0,3.846740961074829
459,358,2.0,2.9357073307037354
59,403,5.0,3.863673686981201
189,28,4.0,3.853640079498291
833,508,5.0,3.5242502689361572
479,1244,3.0,2.811354160308838
234,746,2.0,2.8753840923309326
308,241,4.0,3.5691282749176025
62,24,4.0,3.105526924133301
92,368,1.0,1.6620597839355469
563,301,4.0,3.477292537689209
638,472,3.0,3.1093780994415283
916,212,5.0,3.622514486312866
396,471,4.0,3.804337739944458
193,693,4.0,3.531341314315796
76,24,2.0,3.1759657859802246
865,676,2.0,2.561744451522827
352,431,2.0,3.5762076377868652
887,65,5.0,3.598116636276245
293,588,3.0,3.370920419692993
337,121,5.0,4.037893295288086
805,708,3.0,4.133478164672852
618,1048,3.0,2.4651293754577637
60,97,3.0,4.0618743896484375
346,241,4.0,3.7268359661102295
659,675,4.0,3.4500572681427
846,780,4.0,3.2719881534576416
753,504,3.0,3.4147286415100098
1,72,4.0,3.183553695678711
392,286,2.0,4.145288467407227
148,189,4.0,4.159213066101074
166,315,3.0,3.969268798828125
814,17,3.0,2.956265926361084
801,890,2.0,2.7615773677825928
807,186,4.0,4.5786237716674805
689,358,4.0,3.0553154945373535
787,307,4.0,3.2055535316467285
295,105,4.0,2.692373514175415
193,127,5.0,3.8937013149261475
163,97,4.0,3.145613193511963
916,559,3.0,2.8014743328094482
10,484,5.0,4.510619163513184
610,70,4.0,3.680274724960327
222,216,4.0,3.4575583934783936
633,322,3.0,3.0339179039001465
872,273,3.0,3.5492210388183594
524,216,5.0,3.739996910095215
539,481,4.0,4.014548301696777
288,190,1.0,4.337615013122559
532,135,3.0,4.45161247253418
145,591,4.0,3.731754779815674
921,1287,1.0,1.386475920677185
161,1117,3.0,2.0788986682891846
758,616,4.0,4.039324760437012
389,518,4.0,3.982489824295044
85,203,5.0,3.5633046627044678
321,507,3.0,3.7156143188476562
181,1252,1.0,1.1819143295288086
49,557,3.0,3.295736074447632
763,47,3.0,3.7835533618927
380,483,4.0,3.796602725982666
514,228,5.0,3.9716885089874268
556,988,1.0,1.9048054218292236
665,105,2.0,2.309236764907837
847,174,4.0,3.6197972297668457
487,462,2.0,3.7668018341064453
291,581,5.0,4.098756313323975
620,755,5.0,3.7362282276153564
674,304,3.0,3.618413209915161
754,359,3.0,3.489335060119629
194,50,3.0,3.8747475147247314
381,526,4.0,4.21174430847168
347,356,5.0,3.426302671432495
454,879,4.0,3.253084897994995
825,984,5.0,3.55578875541687
223,309,4.0,2.853503942489624
450,381,2.0,3.618142604827881
535,300,3.0,3.288717269897461
782,1379,3.0,2.385951280593872
711,248,5.0,4.175360679626465
165,202,4.0,3.74371337890625
293,1421,2.0,3.364548444747925
532,815,4.0,4.23737907409668
299,378,3.0,3.3370425701141357
682,742,3.0,3.5285918712615967
83,993,2.0,3.7704074382781982
681,898,4.0,3.167592763900757
592,15,5.0,3.3059375286102295
535,121,4.0,3.2980000972747803
204,1,2.0,3.5736939907073975
381,724,3.0,3.8964715003967285
618,135,4.0,3.308081865310669
643,845,3.0,3.5343940258026123
488,678,2.0,2.675999879837036
452,52,3.0,3.3640003204345703
240,349,1.0,3.540501832962036
732,286,5.0,3.731760263442993
468,955,4.0,3.7795677185058594
656,316,3.0,3.077401876449585
313,98,4.0,4.402204513549805
262,44,2.0,3.2837069034576416
216,405,3.0,3.2195820808410645
305,1286,5.0,3.1178832054138184
901,259,2.0,2.9854609966278076
6,459,2.0,3.4824934005737305
259,117,4.0,3.7695746421813965
92,674,4.0,3.1116364002227783
271,705,4.0,4.306687355041504
442,239,3.0,3.3734328746795654
223,477,3.0,2.8697452545166016
6,405,1.0,2.0142698287963867
922,77,4.0,3.4535837173461914
269,64,4.0,3.1032376289367676
347,392,2.0,3.741218090057373
882,180,4.0,4.458718299865723
450,92,4.0,3.5654544830322266
659,186,3.0,4.012783050537109
629,504,4.0,4.311000823974609
519,908,5.0,3.2251083850860596
308,419,4.0,3.500580072402954
409,170,4.0,3.9492547512054443
356,315,4.0,4.0376691818237305
239,195,5.0,3.594675302505493
919,270,4.0,3.90020751953125
293,732,3.0,3.1007049083709717
343,83,4.0,4.311081886291504
648,168,5.0,3.6858103275299072
450,608,4.0,4.162915229797363
847,756,1.0,2.316499710083008
21,291,3.0,2.604893922805786
880,12,5.0,4.7301788330078125
234,136,4.0,3.8971338272094727
405,168,1.0,2.3607101440429688
402,471,4.0,3.735017776489258
500,10,3.0,3.8463523387908936
694,632,4.0,4.0632829666137695
202,179,1.0,2.702298164367676
405,171,1.0,1.5416442155838013
735,100,2.0,3.8926491737365723
595,273,3.0,3.487203598022461
660,281,3.0,2.312295436859131
933,219,1.0,2.4596548080444336
422,181,4.0,3.724374771118164
829,124,4.0,4.139290809631348
862,515,4.0,5.355442047119141
59,1050,2.0,3.87770938873291
889,223,4.0,3.9796013832092285
7,357,5.0,4.853313446044922
1,183,5.0,4.348761558532715
716,197,5.0,4.2504730224609375
150,288,4.0,3.8220250606536865
551,230,5.0,3.934922456741333
60,8,3.0,4.543501853942871
382,717,3.0,2.0002686977386475
594,15,4.0,2.964641571044922
279,96,4.0,4.39837646484375
184,478,4.0,4.0528764724731445
554,238,3.0,3.193603754043579
523,210,5.0,4.93710994720459
234,285,4.0,3.7580246925354004
592,70,4.0,4.157445907592773
815,655,3.0,3.768745183944702
567,194,3.0,3.9294116497039795
393,363,3.0,2.8150277137756348
705,1544,4.0,0.5867727994918823
790,213,3.0,3.576230049133301
276,325,3.0,2.9653306007385254
117,588,3.0,4.114977836608887
375,233,4.0,3.459226369857788
43,336,4.0,2.9390358924865723
153,22,2.0,3.3217644691467285
869,126,2.0,3.1828246116638184
401,477,1.0,2.6896774768829346
266,289,3.0,2.9079411029815674
235,135,4.0,4.302781105041504
585,1347,2.0,3.427607297897339
724,327,4.0,2.549128293991089
287,168,5.0,4.540520668029785
366,436,5.0,4.548834800720215
70,398,2.0,2.051762104034424
231,151,1.0,3.497497797012329
293,303,4.0,3.5413644313812256
756,919,5.0,3.2171385288238525
271,44,4.0,3.6554605960845947
711,380,3.0,3.0607073307037354
75,427,4.0,4.425445556640625
793,458,3.0,3.5436675548553467
595,676,2.0,3.345801591873169
747,1067,2.0,3.857621908187866
587,353,2.0,2.2056455612182617
766,194,3.0,3.6827049255371094
746,566,4.0,3.7566983699798584
373,210,5.0,4.448248863220215
435,1028,2.0,3.127642869949341
682,87,5.0,3.4729278087615967
181,264,2.0,1.72408926486969
682,1225,4.0,2.390024185180664
87,21,3.0,3.5147011280059814
354,387,4.0,3.398867130279541
12,318,5.0,5.141260147094727
308,428,5.0,3.9867022037506104
885,213,3.0,3.3207035064697266
201,150,4.0,3.370591163635254
354,25,2.0,3.6352121829986572
389,208,5.0,4.277959823608398
751,419,4.0,3.9264254570007324
751,739,3.0,3.229252338409424
927,1415,4.0,2.3732082843780518
765,15,2.0,3.507445812225342
83,71,3.0,4.6523895263671875
193,82,2.0,3.7662293910980225
619,181,4.0,4.166935920715332
332,1315,2.0,4.1387481689453125
307,483,5.0,4.625805854797363
663,588,4.0,3.8751561641693115
339,9,5.0,4.823516845703125
184,568,2.0,3.2775163650512695
483,257,2.0,3.5206549167633057
254,418,3.0,3.501519203186035
142,362,3.0,3.044921875
839,7,2.0,3.492812156677246
537,705,3.0,3.149101734161377
293,22,3.0,3.2336134910583496
584,423,4.0,3.5805704593658447
393,477,3.0,2.857603073120117
488,493,3.0,3.2422118186950684
406,652,2.0,3.656207323074341
95,742,4.0,3.4396443367004395
773,29,2.0,1.4812577962875366
435,4,4.0,3.4370229244232178
397,95,4.0,3.7394275665283203
892,480,4.0,4.6937665939331055
804,39,2.0,3.406243324279785
661,427,4.0,4.522652626037598
385,961,4.0,3.924189329147339
588,73,3.0,3.863758087158203
145,1215,2.0,1.9772411584854126
933,193,4.0,3.2858657836914062
40,333,4.0,2.869168758392334
125,153,2.0,3.937678813934326
704,289,3.0,2.90453839302063
334,500,3.0,3.5617361068725586
10,505,4.0,4.195497989654541
450,619,3.0,3.7262120246887207
285,198,5.0,3.88165545463562
661,209,4.0,4.030095100402832
440,57,5.0,5.015841484069824
380,480,4.0,3.6020712852478027
661,170,4.0,4.305014610290527
774,554,1.0,1.6076401472091675
870,802,3.0,2.180046796798706
697,129,5.0,4.295412540435791
13,413,1.0,1.8116519451141357
618,151,3.0,3.105656862258911
864,794,3.0,3.8708925247192383
4,288,4.0,4.63621711730957
757,399,3.0,3.234163761138916
109,122,2.0,1.642444133758545
312,97,5.0,4.2999796867370605
921,932,3.0,2.827617645263672
532,125,5.0,4.711777687072754
239,96,5.0,3.3068089485168457
795,72,3.0,2.822969675064087
94,1032,2.0,2.542707681655884
431,286,4.0,3.3098232746124268
59,111,4.0,3.953465223312378
344,235,3.0,2.8876047134399414
499,295,2.0,3.5714168548583984
416,972,4.0,3.5780296325683594
222,198,4.0,3.5986948013305664
423,898,4.0,3.2579963207244873
152,25,3.0,3.998122453689575
59,429,4.0,4.247048377990723
405,525,1.0,2.3309364318847656
387,222,4.0,2.5830156803131104
286,85,5.0,3.2897191047668457
642,133,5.0,3.8775570392608643
910,125,3.0,2.6972460746765137
807,748,4.0,3.7418556213378906
293,222,3.0,2.454092502593994
445,1378,2.0,1.7040773630142212
334,527,3.0,3.945064067840576
276,1081,3.0,3.607508420944214
296,652,4.0,4.334671974182129
795,771,3.0,2.177544593811035
661,756,3.0,2.6440093517303467
632,100,3.0,3.547032117843628
682,1220,4.0,3.3626677989959717
152,284,5.0,4.084964752197266
736,254,1.0,1.617090106010437
484,315,3.0,3.9775900840759277
73,59,5.0,4.153369903564453
393,684,4.0,3.8449556827545166
397,498,4.0,4.676840782165527
601,21,3.0,2.103360176086426
887,279,5.0,3.6673336029052734
195,651,5.0,4.022714138031006
250,340,4.0,3.90921950340271
835,237,4.0,3.9154107570648193
340,15,5.0,4.336886405944824
530,357,5.0,4.18516731262207
707,221,4.0,3.6546754837036133
918,133,1.0,3.110826015472412
85,194,4.0,3.8376801013946533
503,97,4.0,4.025285720825195
848,739,5.0,3.584132671356201
847,109,5.0,2.966224431991577
286,237,2.0,4.166772842407227
244,815,4.0,2.9206717014312744
325,176,3.0,3.1225061416625977
180,235,4.0,3.397125244140625
848,755,5.0,3.4861738681793213
889,575,3.0,2.3473124504089355
416,1262,5.0,3.684697389602661
301,227,3.0,3.539628267288208
648,208,5.0,3.810692548751831
843,298,2.0,3.3350298404693604
58,1069,2.0,3.690814256668091
758,1019,4.0,4.516057014465332
644,328,4.0,4.574878692626953
650,494,3.0,3.4928503036499023
26,100,5.0,3.6769118309020996
610,195,3.0,3.8496687412261963
60,502,4.0,4.162405014038086
316,100,4.0,3.8760318756103516
299,235,1.0,2.853834390640259
59,588,2.0,4.064216136932373
409,680,1.0,1.7060481309890747
255,879,3.0,2.639497995376587
293,29,1.0,1.3749781847000122
551,979,4.0,3.852576971054077
500,729,4.0,3.1300394535064697
756,421,4.0,3.406385898590088
660,95,2.0,2.8031318187713623
151,482,4.0,4.456025123596191
757,658,2.0,3.538904905319214
204,242,5.0,4.266059398651123
868,89,4.0,4.003597259521484
233,47,5.0,3.566969871520996
253,79,5.0,4.480954170227051
49,313,3.0,2.3232340812683105
672,1023,2.0,2.2727248668670654
566,386,1.0,2.795271873474121
26,405,2.0,2.829773187637329
125,258,5.0,3.660540819168091
151,238,5.0,4.138941287994385
425,670,3.0,2.6820499897003174
327,288,4.0,2.5111241340637207
894,275,4.0,4.132702827453613
698,427,1.0,3.053532600402832
60,661,4.0,4.617144584655762
786,179,4.0,3.672940969467163
12,300,4.0,4.289794445037842
775,286,4.0,3.5819947719573975
293,51,3.0,3.013312578201294
429,162,4.0,3.431096315383911
437,218,2.0,3.2506346702575684
398,603,4.0,4.312213897705078
742,284,3.0,3.010547399520874
503,174,5.0,4.273064136505127
181,275,3.0,1.5455011129379272
479,472,1.0,2.644655227661133
89,26,3.0,3.974705934524536
870,100,4.0,4.056574821472168
864,12,5.0,4.6586151123046875
821,707,5.0,4.588935852050781
407,147,4.0,3.25467586517334
298,153,3.0,3.9236907958984375
221,1210,3.0,2.828016519546509
506,380,4.0,3.7806546688079834
593,40,1.0,3.177032709121704
243,13,4.0,3.44038724899292
104,124,2.0,3.164262533187866
188,164,4.0,3.8722405433654785
755,301,3.0,3.115389108657837
561,651,3.0,3.210186004638672
752,302,5.0,3.8477227687835693
92,831,2.0,2.3742148876190186
882,25,2.0,3.7583847045898438
65,294,4.0,3.1676716804504395
5,94,3.0,2.430608034133911
70,128,4.0,3.320424795150757
403,472,4.0,3.3066225051879883
844,241,4.0,3.3713748455047607
128,280,1.0,3.0906856060028076
92,363,3.0,2.6826229095458984
45,473,3.0,3.19498610496521
1,190,5.0,4.679439544677734
660,392,2.0,2.4689390659332275
939,409,4.0,4.160391807556152
411,1475,3.0,2.9272804260253906
757,64,5.0,4.505197525024414
537,208,4.0,3.3088600635528564
13,838,1.0,2.9295806884765625
268,840,2.0,2.3305602073669434
608,478,3.0,3.9232094287872314
523,874,4.0,3.956282615661621
411,79,4.0,4.00467586517334
804,322,5.0,3.612406015396118
47,874,3.0,3.5736024379730225
758,506,3.0,4.402890205383301
658,182,5.0,3.823503255844116
911,584,3.0,3.5927536487579346
899,663,4.0,3.6647632122039795
704,661,4.0,4.248806953430176
727,596,4.0,3.2466492652893066
624,1028,3.0,2.925900459289551
699,98,4.0,3.9028451442718506
30,531,5.0,4.175708770751953
686,542,1.0,2.509432315826416
839,532,3.0,3.2490086555480957
639,750,2.0,3.081028699874878
592,619,1.0,3.139054775238037
614,1,5.0,3.5537846088409424
831,28,3.0,3.9130094051361084
570,268,3.0,3.1542975902557373
435,386,4.0,2.323223352432251
595,508,5.0,3.9607765674591064
387,641,5.0,4.247281074523926
476,1118,3.0,3.281604290008545
472,796,4.0,3.847463846206665
584,161,4.0,3.716435432434082
548,50,5.0,4.779648780822754
181,1340,1.0,0.4754270613193512
663,1067,3.0,3.524644136428833
344,124,5.0,4.531065940856934
393,123,4.0,3.2956748008728027
716,620,3.0,3.18045711517334
195,67,2.0,2.809551477432251
94,380,3.0,2.893110752105713
130,24,5.0,3.9507224559783936
654,431,4.0,3.990121603012085
727,840,2.0,2.7602717876434326
328,646,3.0,3.814314126968384
739,498,4.0,3.486746072769165
606,228,5.0,4.203859806060791
491,654,5.0,4.0565505027771
527,507,5.0,3.718655586242676
467,7,5.0,3.9125468730926514
903,187,5.0,4.5301513671875
859,288,4.0,3.8103675842285156
429,66,2.0,2.931420087814331
592,408,5.0,5.298488616943359
224,949,3.0,2.7362778186798096
781,302,5.0,4.0719194412231445
466,550,3.0,3.3129889965057373
684,50,4.0,4.363581657409668
402,25,4.0,3.7544054985046387
580,271,5.0,3.590609550476074
708,222,5.0,3.7393481731414795
59,258,3.0,4.322823524475098
10,663,3.0,4.342067241668701
381,228,4.0,3.8411970138549805
391,705,5.0,3.9820730686187744
749,571,3.0,2.6176321506500244
378,173,5.0,4.318421363830566
406,238,2.0,3.671377182006836
102,5,3.0,2.521595001220703
659,762,3.0,3.494861602783203
707,962,2.0,3.466766357421875
370,523,3.0,3.9046661853790283
921,132,3.0,3.537731647491455
537,732,3.0,2.419419765472412
853,264,3.0,2.4632983207702637
234,87,3.0,3.3765108585357666
303,100,5.0,4.888310432434082
672,1061,4.0,2.6982014179229736
934,254,4.0,2.592658042907715
275,96,3.0,3.6705853939056396
776,187,4.0,4.104161262512207
628,326,5.0,4.472538948059082
62,742,2.0,2.697136640548706
397,183,4.0,4.450315475463867
420,251,5.0,4.516451835632324
217,403,5.0,3.0085208415985107
305,7,4.0,3.495713710784912
911,191,5.0,4.217879295349121
846,185,5.0,4.678617477416992
152,845,3.0,4.523225784301758
588,227,3.0,3.5803072452545166
311,941,4.0,3.2924838066101074
230,240,1.0,2.577887773513794
53,845,3.0,3.642118453979492
913,613,5.0,3.6773626804351807
551,658,5.0,3.882047653198242
506,514,5.0,3.259566307067871
339,939,4.0,3.659273862838745
59,216,4.0,4.162742614746094
747,40,2.0,3.034841775894165
54,7,4.0,3.796994924545288
286,425,2.0,4.064482688903809
900,696,2.0,2.1254689693450928
498,933,3.0,2.348605155944824
399,450,2.0,2.2208375930786133
796,86,5.0,3.1304593086242676
843,82,3.0,2.906435489654541
545,161,4.0,3.919965982437134
721,942,4.0,3.4600343704223633
144,66,4.0,3.6109375953674316
509,326,4.0,2.6247165203094482
293,235,3.0,2.3558716773986816
85,416,3.0,3.492767810821533
38,406,2.0,3.1993017196655273
717,995,5.0,3.431838035583496
561,505,4.0,3.623757839202881
786,7,5.0,3.7058043479919434
894,886,3.0,3.07891845703125
587,350,3.0,3.1196370124816895
13,21,3.0,2.3902816772460938
828,313,3.0,3.192216157913208
291,202,4.0,4.163427829742432
804,10,4.0,3.923973321914673
110,366,3.0,3.5547947883605957
125,482,1.0,3.844956159591675
128,451,4.0,3.4704267978668213
840,202,5.0,3.9187307357788086
202,423,3.0,3.0955753326416016
807,520,5.0,4.596001625061035
445,994,1.0,1.844267725944519
416,176,4.0,4.502801895141602
406,492,4.0,3.6680712699890137
236,523,2.0,3.6897735595703125
843,135,5.0,2.776916265487671
535,1045,4.0,3.338172435760498
276,184,4.0,3.778611898422241
11,180,2.0,3.9828100204467773
682,991,2.0,2.3404178619384766
535,521,5.0,3.9994447231292725
682,722,4.0,2.6780130863189697
758,200,5.0,4.189050674438477
272,11,4.0,4.240236282348633
6,192,4.0,4.355833053588867
881,215,3.0,3.8521037101745605
536,117,4.0,4.171479225158691
500,1166,4.0,3.2274160385131836
122,1268,2.0,4.426451683044434
567,1019,5.0,4.039935111999512
144,410,3.0,2.9975194931030273
119,257,4.0,4.317198276519775
181,369,3.0,1.487630844116211
262,358,3.0,2.4450552463531494
916,806,4.0,3.47806453704834
942,435,5.0,4.564824104309082
561,735,3.0,3.1994009017944336
200,1139,3.0,3.4559950828552246
308,567,4.0,2.950529098510742
267,67,3.0,3.3781678676605225
275,625,2.0,2.9213881492614746
763,22,4.0,3.9890449047088623
868,498,3.0,3.2753195762634277
222,94,3.0,3.2742459774017334
831,64,5.0,4.589475631713867
551,96,5.0,4.454768180847168
658,86,4.0,3.9287149906158447
689,258,5.0,3.9311368465423584
110,651,4.0,3.598602056503296
234,14,3.0,3.510289192199707
823,69,5.0,3.957378625869751
181,237,5.0,2.0683369636535645
198,684,3.0,3.3058199882507324
102,447,4.0,2.70027756690979
660,7,3.0,3.124267816543579
921,411,2.0,2.618083953857422
445,829,1.0,1.4776302576065063
498,1103,4.0,3.3943068981170654
790,570,2.0,2.9834115505218506
250,993,5.0,3.7865397930145264
186,322,5.0,3.3390018939971924
344,647,4.0,4.5015974044799805
144,760,2.0,2.8771681785583496
346,245,4.0,3.0744450092315674
94,586,1.0,2.5182347297668457
336,238,3.0,3.6858766078948975
18,863,3.0,4.06716251373291
655,98,4.0,3.5963149070739746
934,614,3.0,3.7872154712677
373,1066,4.0,3.4295248985290527
302,301,4.0,2.3332831859588623
541,234,5.0,3.9659056663513184
862,478,4.0,4.618599891662598
320,554,4.0,3.2716472148895264
90,83,5.0,4.453351020812988
94,1217,3.0,2.411513566970825
407,250,4.0,3.3249311447143555
151,559,2.0,3.0749223232269287
118,816,3.0,3.1294901371002197
552,252,2.0,2.833061456680298
715,22,4.0,4.237442970275879
16,642,5.0,3.782961368560791
629,566,5.0,4.092004299163818
332,95,5.0,4.746312141418457
184,9,5.0,4.124012470245361
387,156,5.0,4.0086236000061035
727,552,2.0,2.799354076385498
716,81,4.0,3.7296812534332275
474,448,5.0,3.5946125984191895
698,498,4.0,3.0651731491088867
699,596,3.0,3.065711498260498
399,62,3.0,2.794018507003784
303,77,4.0,2.942458391189575
832,260,3.0,2.466762065887451
425,841,1.0,2.4121439456939697
417,465,4.0,3.3839049339294434
661,219,2.0,3.3185219764709473
497,169,4.0,3.9853670597076416
293,239,3.0,2.637415647506714
883,59,5.0,4.210033416748047
537,151,2.0,3.2048728466033936
711,70,5.0,4.152448654174805
642,165,4.0,3.655146360397339
527,91,2.0,3.5816547870635986
840,657,5.0,4.855207443237305
217,258,1.0,3.3085811138153076
758,96,5.0,4.150372505187988
718,841,4.0,3.2420506477355957
867,197,4.0,4.427581787109375
846,506,3.0,4.184284210205078
308,521,3.0,3.975677251815796
843,582,2.0,2.420395612716675
924,1,5.0,3.8527896404266357
417,588,3.0,3.7617743015289307
111,269,5.0,3.805961847305298
459,301,2.0,3.2350902557373047
661,357,4.0,4.562804222106934
358,65,4.0,3.3757593631744385
420,127,5.0,4.526843070983887
687,749,4.0,3.2497286796569824
767,1068,4.0,3.7834677696228027
917,328,2.0,3.325444459915161
568,56,4.0,3.269944190979004
435,781,3.0,3.0246713161468506
921,280,3.0,3.3628149032592773
798,1183,1.0,2.675269842147827
880,1000,3.0,2.8674066066741943
786,200,5.0,3.803318738937378
699,111,3.0,3.339337110519409
64,1139,1.0,2.5650582313537598
435,541,4.0,2.9264211654663086
442,89,4.0,4.142815113067627
583,12,5.0,4.80582332611084
405,1111,1.0,1.599275827407837
886,228,4.0,3.673159599304199
749,158,3.0,2.7259678840637207
181,884,1.0,1.268951416015625
293,213,3.0,3.9203732013702393
784,299,3.0,3.067375898361206
885,169,5.0,3.8383076190948486
320,4,3.0,3.9587574005126953
682,808,4.0,2.7405941486358643
233,117,3.0,3.7439498901367188
343,471,4.0,3.360218048095703
360,83,4.0,4.076776504516602
894,1403,3.0,2.7746050357818604
346,31,4.0,3.671511173248291
256,597,4.0,4.180253982543945
472,392,4.0,4.267491340637207
807,101,4.0,3.718475103378296
561,156,4.0,3.602051019668579
59,48,5.0,4.711505889892578
126,350,2.0,3.48016095161438
484,393,1.0,3.9725959300994873
207,9,4.0,3.306629180908203
629,50,5.0,5.145822525024414
498,1083,3.0,2.1721863746643066
654,81,2.0,3.484288454055786
758,168,5.0,4.680816650390625
592,988,1.0,1.6499429941177368
408,1296,4.0,3.5085461139678955
294,120,2.0,2.3254175186157227
498,262,2.0,3.4467554092407227
911,87,5.0,3.8988640308380127
509,266,1.0,2.208278179168701
627,684,4.0,3.371703863143921
682,192,3.0,3.8462584018707275
345,1,3.0,3.9575154781341553
10,418,4.0,3.9924817085266113
251,300,4.0,3.6570117473602295
762,955,5.0,2.687808036804199
62,715,2.0,3.2957470417022705
722,118,4.0,3.534716844558716
561,544,2.0,2.7503037452697754
249,58,5.0,4.0584845542907715
91,651,5.0,4.034276008605957
222,735,5.0,3.4498238563537598
158,798,4.0,2.625476598739624
868,64,5.0,3.518651247024536
417,42,4.0,3.587411642074585
592,1012,5.0,3.933333158493042
577,62,3.0,3.38100266456604
219,568,1.0,3.244365692138672
82,79,3.0,3.635974407196045
486,696,3.0,2.914607286453247
385,2,3.0,1.5452747344970703
804,1285,2.0,3.464115858078003
184,528,5.0,4.180525779724121
144,33,5.0,3.3158442974090576
57,248,5.0,3.8920793533325195
172,612,3.0,3.3677103519439697
263,177,4.0,4.171194076538086
900,471,2.0,2.3494248390197754
437,204,5.0,3.5177500247955322
89,277,4.0,3.964938163757324
452,504,2.0,3.4398365020751953
92,155,2.0,2.7121355533599854
106,692,3.0,3.6348159313201904
503,293,4.0,3.9481418132781982
126,262,4.0,3.657647132873535
890,423,5.0,3.88175368309021
222,385,4.0,3.8690903186798096
374,818,3.0,2.5472445487976074
650,502,3.0,3.303981065750122
210,969,4.0,4.354371070861816
392,297,4.0,4.556521415710449
699,9,2.0,3.578397512435913
846,65,3.0,3.746290922164917
378,220,2.0,3.285370349884033
368,396,2.0,2.516268014907837
387,385,3.0,2.5901436805725098
417,386,3.0,2.7373452186584473
576,137,3.0,3.3093931674957275
455,14,3.0,3.4670088291168213
442,168,4.0,4.138746738433838
907,284,5.0,4.241991996765137
729,683,2.0,2.354217529296875
64,153,3.0,3.6852898597717285
154,480,5.0,4.478367805480957
450,481,5.0,4.191187858581543
851,252,3.0,3.0498454570770264
222,7,5.0,3.419111967086792
632,739,3.0,3.310422420501709
788,739,2.0,3.3245861530303955
710,874,3.0,3.3601558208465576
705,566,4.0,3.844663381576538
860,381,3.0,3.3179521560668945
643,172,5.0,4.448896408081055
601,191,4.0,3.9343061447143555
409,283,4.0,3.3015036582946777
850,88,5.0,4.214730262756348
703,50,5.0,4.704231262207031
436,172,3.0,4.61561393737793
63,302,3.0,4.111599922180176
488,89,4.0,3.18061900138855
104,246,3.0,2.9546773433685303
194,466,4.0,3.0218207836151123
367,774,4.0,4.127842426300049
592,109,4.0,3.6411728858947754
543,443,4.0,3.711599349975586
250,204,2.0,4.097653388977051
826,426,2.0,3.5693366527557373
496,38,2.0,2.331289052963257
697,886,5.0,3.5284571647644043
749,136,5.0,4.278051376342773
773,185,4.0,4.359946250915527
565,212,5.0,3.8771913051605225
379,131,5.0,4.6258955001831055
749,72,3.0,3.3069722652435303
100,313,5.0,4.097926616668701
686,182,5.0,4.8015851974487305
487,431,3.0,4.085953712463379
345,473,2.0,3.526434898376465
648,596,3.0,3.2997541427612305
271,477,3.0,3.291543483734131
613,50,5.0,4.918608665466309
894,293,4.0,3.8260247707366943
385,511,4.0,3.74456787109375
13,145,2.0,1.9628379344940186
738,919,4.0,3.2698159217834473
222,1267,3.0,2.561187267303467
495,498,3.0,4.604117393493652
186,356,5.0,3.4883735179901123
150,278,2.0,3.212252140045166
676,258,2.0,3.7488901615142822
149,302,4.0,3.564154863357544
918,520,3.0,3.3470211029052734
450,366,3.0,3.9290175437927246
894,198,4.0,4.13336181640625
823,181,4.0,4.139540195465088
540,591,3.0,3.887634754180908
911,143,5.0,3.684793472290039
196,762,3.0,3.6488704681396484
910,205,4.0,3.335101366043091
79,303,4.0,4.245400428771973
382,127,3.0,3.758601665496826
711,95,4.0,3.472452402114868
280,8,5.0,4.201029300689697
620,595,5.0,3.365093231201172
405,447,4.0,2.116948127746582
577,1046,4.0,3.4676599502563477
94,66,2.0,2.8639044761657715
56,22,5.0,4.671383857727051
654,1115,3.0,3.5110630989074707
234,463,4.0,3.419847249984741
897,550,3.0,4.041197299957275
537,1050,2.0,2.8690969944000244
244,381,4.0,4.143826961517334
932,632,4.0,4.263193130493164
219,546,4.0,2.349308490753174
468,372,2.0,3.95283842086792
710,886,3.0,2.9401450157165527
282,305,4.0,3.9050567150115967
145,282,5.0,3.755798101425171
545,227,4.0,3.4158670902252197
12,133,4.0,4.298559188842773
867,855,5.0,4.297052383422852
450,1041,4.0,3.4590539932250977
474,205,5.0,4.482059478759766
72,509,4.0,3.71154522895813
346,392,3.0,3.6184165477752686
281,258,2.0,3.840210199356079
435,434,2.0,3.73286509513855
334,387,4.0,3.2373099327087402
291,140,4.0,3.4918837547302246
830,480,5.0,4.263051986694336
293,708,3.0,3.6420178413391113
497,25,4.0,3.4909942150115967
181,1327,1.0,1.1440539360046387
807,498,4.0,4.432469367980957
95,97,4.0,3.949787139892578
655,1395,3.0,2.614713430404663
130,215,5.0,4.675480842590332
712,400,3.0,2.792004346847534
213,597,5.0,3.270195245742798
537,276,4.0,3.6813905239105225
561,86,4.0,3.958301305770874
595,948,3.0,1.941798448562622
186,385,4.0,4.192764759063721
89,381,4.0,3.769343137741089
13,771,3.0,2.166530132293701
58,283,1.0,3.838299512863159
655,281,2.0,2.1700639724731445
720,286,5.0,4.029849052429199
470,742,4.0,3.7319891452789307
92,500,4.0,3.6944868564605713
92,508,5.0,3.8659121990203857
451,687,2.0,2.3425536155700684
556,604,5.0,4.555863380432129
599,1048,2.0,3.243647575378418
654,24,4.0,3.310389995574951
141,50,4.0,3.871513605117798
303,99,4.0,4.241701126098633
256,771,2.0,3.296311616897583
417,212,1.0,2.878835916519165
201,146,1.0,2.3441529273986816
187,300,4.0,3.1809582710266113
291,588,4.0,4.290518760681152
70,751,4.0,3.2922890186309814
543,96,4.0,3.6058359146118164
934,435,4.0,4.051644325256348
561,794,2.0,2.6786093711853027
900,186,2.0,2.748009204864502
659,214,3.0,3.185124635696411
243,1148,3.0,3.675551414489746
10,200,5.0,4.026642322540283
655,1106,2.0,2.224245548248291
629,58,4.0,4.095516204833984
13,911,2.0,2.7317986488342285
774,1228,1.0,1.3306467533111572
472,485,3.0,3.8602004051208496
389,568,3.0,3.4285967350006104
313,684,4.0,3.728766918182373
310,748,3.0,2.8221774101257324
271,28,5.0,3.8970935344696045
562,4,1.0,3.354767322540283
707,782,3.0,2.626647472381592
379,100,5.0,4.781633377075195
532,818,2.0,3.2198004722595215
766,90,1.0,2.8434784412384033
655,1140,3.0,2.0187907218933105
757,173,4.0,4.172564506530762
551,67,5.0,3.416794538497925
259,269,3.0,4.598884582519531
279,826,4.0,2.7351391315460205
18,515,5.0,4.444913864135742
504,1421,4.0,3.430210590362549
496,443,2.0,3.1860342025756836
747,467,4.0,4.139107704162598
343,583,4.0,3.5349528789520264
337,449,4.0,3.2744522094726562
528,168,4.0,4.021119117736816
417,732,4.0,3.6888718605041504
425,53,4.0,2.653451442718506
314,1165,2.0,2.5990488529205322
435,1215,3.0,2.04736590385437
745,177,3.0,3.086559772491455
442,159,4.0,3.1200201511383057
539,56,2.0,4.195261001586914
296,221,5.0,4.435754776000977
378,768,4.0,2.870910406112671
326,436,3.0,2.9475948810577393
157,50,4.0,4.96599006652832
889,169,5.0,4.234275817871094
254,71,3.0,3.8825387954711914
347,930,2.0,2.8427772521972656
207,154,2.0,3.262974739074707
346,4,4.0,3.31321382522583
447,484,5.0,4.251549243927002
393,11,3.0,3.8576064109802246
77,474,5.0,4.308078765869141
321,647,3.0,4.068943500518799
426,211,4.0,3.968494415283203
606,185,3.0,4.37712287902832
664,58,4.0,3.5362300872802734
244,1107,2.0,3.700075149536133
328,347,5.0,3.461465835571289
113,262,2.0,3.7723233699798584
144,280,1.0,3.2720344066619873
798,161,3.0,4.33243989944458
126,344,4.0,3.7261922359466553
84,237,4.0,4.124149322509766
905,333,3.0,3.323014259338379
555,111,4.0,3.967273712158203
405,524,1.0,1.7662156820297241
361,513,5.0,4.645594596862793
433,276,5.0,4.0626068115234375
542,179,4.0,4.1227827072143555
163,98,4.0,3.705502510070801
349,276,5.0,3.605527639389038
379,286,4.0,4.03171443939209
393,50,5.0,4.381078720092773
682,673,3.0,3.231384515762329
617,448,3.0,2.243330955505371
328,601,4.0,3.775753974914551
748,408,5.0,4.162202835083008
828,57,3.0,3.3681981563568115
740,302,5.0,4.0189056396484375
907,924,5.0,4.3541483879089355
64,718,4.0,3.4164879322052
171,344,3.0,3.457996129989624
201,232,2.0,2.5425045490264893
297,284,4.0,2.9349968433380127
650,88,3.0,3.01552152633667
887,633,5.0,3.922367572784424
881,443,5.0,3.335181474685669
303,1118,3.0,3.890817642211914
835,234,5.0,4.15740966796875
234,21,3.0,1.9463891983032227
13,668,1.0,2.7248198986053467
893,471,4.0,3.6342837810516357
577,1054,3.0,2.4446005821228027
602,148,4.0,3.9908812046051025
833,943,4.0,2.8729114532470703
806,484,4.0,4.444967269897461
387,434,5.0,3.6519863605499268
694,229,4.0,3.5462076663970947
373,12,5.0,4.326286315917969
722,124,4.0,3.958078145980835
347,827,1.0,2.749131679534912
460,286,4.0,3.6361000537872314
449,640,5.0,3.3270254135131836
276,81,4.0,4.059019565582275
763,702,3.0,3.3518056869506836
870,42,2.0,3.3623294830322266
932,169,5.0,4.633509635925293
99,273,5.0,3.6118006706237793
85,1121,3.0,3.458253860473633
276,386,3.0,3.039933443069458
23,642,3.0,3.7934298515319824
655,1388,3.0,3.019177198410034
172,606,3.0,3.4119534492492676
795,1030,3.0,1.6538994312286377
347,227,4.0,3.488999605178833
32,250,4.0,3.034850597381592
796,145,2.0,3.1163434982299805
268,717,1.0,1.884427547454834
806,271,3.0,2.7964837551116943
483,195,3.0,3.609874963760376
405,588,2.0,3.085036277770996
865,625,1.0,2.3565549850463867
896,662,3.0,3.3107752799987793
435,28,3.0,3.4684627056121826
385,922,4.0,3.866257667541504
256,741,4.0,4.010045051574707
109,55,2.0,3.4652278423309326
103,255,5.0,3.315356969833374
184,517,4.0,4.0484209060668945
346,92,4.0,2.898776054382324
474,505,5.0,4.223557472229004
1,146,4.0,2.898444414138794
104,269,5.0,3.183699607849121
308,1147,4.0,3.6139492988586426
532,946,5.0,4.054598808288574
805,396,4.0,3.715489625930786
501,928,3.0,3.271519184112549
525,269,5.0,3.841756820678711
422,326,3.0,3.07275652885437
322,89,3.0,4.400551795959473
314,959,3.0,3.7888288497924805
442,96,4.0,3.7742955684661865
303,88,4.0,3.091878890991211
354,511,4.0,4.329388618469238
707,170,5.0,3.832021474838257
318,211,5.0,4.119952201843262
1,167,2.0,3.2449276447296143
20,98,3.0,3.2567615509033203
239,172,4.0,4.077585697174072
60,47,4.0,3.847590923309326
880,628,2.0,3.906799077987671
181,222,4.0,2.2172999382019043
87,1047,3.0,3.1981265544891357
892,133,3.0,4.337245464324951
145,1023,1.0,2.5711116790771484
506,432,4.0,3.7865123748779297
18,973,3.0,0.612497091293335
268,558,3.0,3.684783935546875
121,126,3.0,3.5347399711608887
936,276,5.0,4.511805534362793
560,260,1.0,2.807222604751587
26,840,2.0,2.47438907623291
58,195,4.0,3.9778201580047607
870,186,4.0,3.5910604000091553
317,323,2.0,3.435023069381714
595,1067,4.0,3.8804376125335693
213,273,5.0,3.842679977416992
403,147,5.0,3.876779317855835
330,255,4.0,4.50235652923584
727,451,5.0,3.1834864616394043
500,129,4.0,3.7766780853271484
681,682,1.0,2.691168785095215
203,282,1.0,3.7621963024139404
829,259,2.0,2.2994461059570312
254,64,4.0,3.964254140853882
642,412,2.0,2.244117498397827
650,137,3.0,3.2390427589416504
99,288,4.0,3.61037540435791
178,628,4.0,3.4270212650299072
92,1213,2.0,2.065582275390625
174,332,5.0,3.7094106674194336
141,330,1.0,2.750126838684082
277,591,4.0,3.5697062015533447
201,693,4.0,3.564614772796631
192,276,2.0,4.062195301055908
621,172,5.0,4.744792938232422
80,514,3.0,3.8903939723968506
878,531,2.0,3.39373517036438
142,243,1.0,1.9176777601242065
622,391,2.0,2.6946725845336914
250,294,1.0,3.0160608291625977
532,100,5.0,4.446592330932617
64,69,4.0,3.6650807857513428
328,540,3.0,2.6808369159698486
336,158,3.0,2.366201162338257
170,348,3.0,4.1274943351745605
94,528,5.0,4.767718315124512
29,539,2.0,2.52854061126709
561,240,1.0,2.6217997074127197
394,132,4.0,4.402840614318848
269,902,5.0,3.08625864982605
889,488,2.0,3.838078022003174
817,273,5.0,3.4155523777008057
234,280,3.0,2.1636738777160645
758,25,4.0,3.6763556003570557
311,176,4.0,4.093372344970703
919,832,3.0,2.2462241649627686
811,690,5.0,4.212238788604736
174,221,4.0,4.30804443359375
560,546,2.0,2.6281933784484863
709,182,4.0,3.5134236812591553
436,11,5.0,4.412111282348633
181,259,1.0,1.9462414979934692
486,7,5.0,3.7092931270599365
256,1119,3.0,4.239930152893066
534,919,5.0,3.691391706466675
159,988,3.0,2.731262445449829
397,134,5.0,4.900949478149414
504,1110,2.0,3.2698516845703125
181,324,1.0,1.1350213289260864
719,254,1.0,2.1844749450683594
255,185,4.0,3.5654256343841553
399,71,3.0,3.3309130668640137
786,216,4.0,4.119565010070801
887,164,4.0,4.192858695983887
496,420,3.0,2.971860885620117
524,514,5.0,4.009969234466553
425,244,1.0,2.790762186050415
474,124,5.0,4.473876953125
214,608,4.0,3.906506299972534
619,258,5.0,3.4307548999786377
679,184,4.0,3.4736154079437256
144,235,1.0,2.8167223930358887
710,282,2.0,3.089088201522827
354,958,4.0,4.354207992553711
303,106,2.0,2.8653645515441895
334,792,4.0,3.816248655319214
551,97,5.0,4.052114963531494
391,659,4.0,4.205024719238281
117,763,5.0,3.9520461559295654
825,628,4.0,3.998004198074341
495,101,5.0,4.122838973999023
141,826,2.0,2.6774044036865234
556,325,2.0,2.737013101577759
144,100,5.0,4.003678321838379
229,260,1.0,2.2728776931762695
479,144,4.0,3.860775947570801
311,671,3.0,3.3812084197998047
854,709,4.0,4.004951477050781
682,237,3.0,3.618149518966675
735,325,1.0,2.4935708045959473
246,161,3.0,2.6006627082824707
26,116,2.0,3.2294204235076904
279,940,5.0,2.2004871368408203
169,258,5.0,3.9317281246185303
230,418,5.0,4.0276288986206055
817,363,3.0,2.582536220550537
880,396,2.0,3.3456554412841797
500,250,4.0,3.096459150314331
393,1337,3.0,2.360729694366455
703,276,3.0,3.251424789428711
823,1217,1.0,2.811912775039673
169,603,5.0,4.17646598815918
881,477,4.0,2.8365373611450195
525,829,2.0,2.5607335567474365
846,622,4.0,3.4146528244018555
634,300,3.0,3.955497980117798
145,751,4.0,3.5858211517333984
344,511,4.0,4.575231552124023
903,50,5.0,4.651634216308594
378,123,3.0,3.1894025802612305
221,469,3.0,3.9473752975463867
387,232,2.0,2.5866026878356934
251,50,5.0,4.74254035949707
846,131,3.0,4.067409515380859
303,1270,1.0,2.03713321685791
551,235,1.0,3.3260889053344727
101,123,2.0,2.8428030014038086
409,1020,5.0,3.8157951831817627
815,444,2.0,2.906447410583496
437,288,2.0,2.6813323497772217
7,341,3.0,3.533999443054199
92,620,3.0,3.186314344406128
415,531,5.0,4.424687385559082
660,636,2.0,2.653620481491089
378,591,4.0,3.5859646797180176
603,230,4.0,3.7725415229797363
87,801,3.0,3.2601919174194336
899,685,3.0,3.197357416152954
933,597,1.0,1.8880796432495117
739,98,3.0,3.725613832473755
608,283,4.0,3.426196336746216
123,531,3.0,3.8630385398864746
886,237,4.0,3.5964436531066895
665,418,4.0,3.308523178100586
727,392,4.0,3.4201016426086426
145,879,5.0,3.373530149459839
553,181,4.0,4.187430381774902
1,214,4.0,3.5954954624176025
265,742,5.0,3.9808499813079834
409,603,5.0,4.297147750854492
479,248,4.0,3.550924062728882
213,200,5.0,4.168473720550537
805,755,3.0,2.4912846088409424
99,118,2.0,3.504607677459717
422,271,3.0,3.183450937271118
504,579,4.0,3.172672748565674
378,419,4.0,3.924487829208374
821,148,3.0,3.8383357524871826
276,183,5.0,4.527495384216309
392,847,4.0,4.305966854095459
151,659,5.0,4.622890472412109
803,688,1.0,1.60161554813385
198,763,3.0,2.602144479751587
234,609,3.0,3.3082633018493652
250,184,1.0,3.810943841934204
401,70,4.0,3.0745737552642822
619,568,5.0,3.9065051078796387
896,127,5.0,3.609379291534424
13,760,1.0,2.4213709831237793
853,259,3.0,2.663835287094116
536,584,5.0,3.5616085529327393
321,479,4.0,4.267524719238281
383,654,5.0,4.66618537902832
318,134,5.0,4.114635944366455
409,1328,2.0,3.7107503414154053
463,116,5.0,3.3261680603027344
449,244,4.0,3.182823419570923
130,622,3.0,3.807084321975708
537,753,2.0,3.4405078887939453
903,192,5.0,4.7246246337890625
13,478,4.0,4.329304218292236
788,228,3.0,3.676671266555786
354,59,5.0,4.271261215209961
13,590,2.0,1.547817587852478
712,796,4.0,3.724726915359497
892,70,4.0,4.174646377563477
18,492,4.0,3.8599841594696045
135,98,5.0,4.216155052185059
744,1,4.0,3.5486068725585938
387,321,3.0,2.973994493484497
63,322,2.0,2.5984671115875244
178,469,3.0,3.367699146270752
734,111,3.0,3.0713229179382324
337,1133,4.0,3.3033368587493896
320,174,4.0,4.761019706726074
92,1157,2.0,2.963897943496704
299,194,3.0,3.7679364681243896
823,640,1.0,3.4629366397857666
545,233,4.0,3.451709747314453
59,427,5.0,4.5408124923706055
62,121,4.0,2.549583673477173
194,517,3.0,3.362327814102173
343,198,4.0,4.595928192138672
442,433,4.0,3.6785988807678223
109,809,4.0,3.452097177505493
234,229,4.0,2.4708895683288574
560,127,5.0,4.1740498542785645
96,190,4.0,4.571610450744629
406,187,2.0,4.096494674682617
3,333,2.0,3.091654062271118
779,294,5.0,3.6624324321746826
521,56,4.0,3.544119358062744
373,99,5.0,3.9579641819000244
390,277,2.0,3.6550493240356445
649,323,3.0,3.376284599304199
468,318,5.0,4.945572853088379
59,140,1.0,3.250645875930786
94,248,4.0,4.077632427215576
457,176,5.0,4.555024147033691
619,546,2.0,3.2937228679656982
73,255,2.0,2.446960687637329
82,274,3.0,2.8514211177825928
595,546,4.0,2.5215790271759033
416,4,4.0,4.0272417068481445
405,747,1.0,1.998635172843933
286,1051,4.0,3.643014669418335
618,506,4.0,3.3306679725646973
99,762,2.0,3.6918394565582275
938,126,4.0,3.79293155670166
453,237,4.0,3.7371468544006348
417,767,1.0,2.4154558181762695
126,315,4.0,4.056982040405273
756,755,3.0,2.874737501144409
320,129,4.0,4.336146354675293
489,331,5.0,4.259629249572754
729,879,3.0,3.0158419609069824
244,433,5.0,4.243236541748047
176,319,3.0,3.6007156372070312
623,815,2.0,3.0569143295288086
344,628,4.0,3.230450391769409
456,357,4.0,4.226202011108398
539,661,5.0,4.210537910461426
647,1263,3.0,2.7980973720550537
643,204,3.0,3.7407338619232178
762,421,4.0,2.8668875694274902
682,380,4.0,3.256467342376709
478,15,5.0,3.3003110885620117
682,95,5.0,3.5496575832366943
426,133,5.0,3.935415744781494
151,1044,2.0,3.4440369606018066
15,932,1.0,2.269310235977173
648,713,2.0,3.1314098834991455
669,313,4.0,2.984480619430542
308,47,4.0,3.7106070518493652
573,174,4.0,3.6947484016418457
588,362,3.0,3.199230670928955
393,385,4.0,4.4619646072387695
627,300,4.0,3.0751962661743164
682,243,1.0,2.381227493286133
399,407,3.0,2.2086057662963867
373,83,5.0,4.3499345779418945
301,228,3.0,3.97654390335083
661,566,4.0,3.820780038833618
852,473,3.0,3.134676933288574
545,743,3.0,2.040039539337158
223,975,1.0,2.954371213912964
767,172,5.0,4.6128644943237305
503,633,5.0,4.442201614379883
831,331,4.0,3.4553048610687256
773,588,1.0,3.3100569248199463
181,125,3.0,2.206552028656006
543,466,4.0,3.377551555633545
535,269,4.0,4.0799665451049805
659,58,4.0,3.5877206325531006
90,1200,4.0,4.255021095275879
599,846,5.0,3.583390712738037
102,217,2.0,2.4910974502563477
299,1506,4.0,3.111518383026123
398,655,4.0,3.734490394592285
545,680,2.0,2.7328855991363525
702,294,1.0,2.3471968173980713
385,484,4.0,3.6481428146362305
537,675,3.0,3.341860294342041
592,180,5.0,5.0437164306640625
588,384,1.0,2.9155659675598145
663,210,3.0,4.182612419128418
389,301,4.0,2.7402777671813965
650,484,5.0,3.639193534851074
64,679,3.0,2.9058918952941895
318,481,4.0,3.9909026622772217
665,833,3.0,3.145742416381836
580,619,3.0,3.5013582706451416
919,315,3.0,4.109979629516602
305,97,4.0,3.173409938812256
157,118,2.0,3.4235007762908936
200,552,4.0,3.6066958904266357
451,307,4.0,3.231513738632202
158,516,5.0,4.286899566650391
18,168,3.0,4.157430171966553
151,661,4.0,4.671189308166504
655,503,3.0,3.0667884349823
387,769,1.0,1.5857398509979248
901,38,3.0,3.852752685546875
184,591,3.0,3.4123661518096924
39,258,4.0,3.810129404067993
790,67,3.0,2.907609701156616
201,191,4.0,3.6812236309051514
591,856,4.0,4.050313949584961
379,527,3.0,4.603558540344238
537,730,3.0,3.141531229019165
890,172,5.0,4.246102333068848
762,515,5.0,3.369518756866455
56,56,5.0,3.6449432373046875
660,216,2.0,3.018355131149292
347,328,4.0,3.5618340969085693
167,237,4.0,3.370832681655884
846,28,5.0,3.9342598915100098
622,190,4.0,4.223745346069336
417,1036,3.0,2.667232036590576
758,181,4.0,4.142022132873535
727,1215,2.0,1.871893286705017
869,1163,2.0,2.61938738822937
532,348,4.0,4.2806396484375
370,56,2.0,3.9139082431793213
533,193,4.0,3.6911895275115967
864,245,4.0,3.709918737411499
483,473,3.0,2.420461416244507
665,183,4.0,3.90645694732666
361,443,3.0,4.0562286376953125
268,95,4.0,3.113710880279541
746,186,4.0,4.113083839416504
279,153,5.0,3.9418725967407227
553,275,5.0,4.228618621826172
426,601,3.0,3.994351387023926
543,56,5.0,3.7459022998809814
919,147,4.0,3.5266470909118652
650,1110,4.0,2.478452205657959
266,25,3.0,3.2808914184570312
92,660,4.0,3.7119150161743164
921,1034,3.0,2.2672536373138428
405,173,5.0,3.156987428665161
328,270,2.0,3.813518524169922
495,176,5.0,4.755382537841797
798,2,4.0,3.675229549407959
561,197,4.0,3.8459177017211914
405,1043,1.0,1.9617379903793335
43,731,4.0,3.2748425006866455
398,588,4.0,3.898446559906006
436,1178,3.0,3.0381855964660645
431,323,3.0,3.357330799102783
441,300,3.0,3.899740219116211
936,815,3.0,3.056756019592285
457,77,4.0,3.848212480545044
43,371,4.0,3.2474803924560547
145,278,4.0,3.2664551734924316
478,1221,2.0,3.340756893157959
407,216,4.0,3.6914029121398926
795,39,4.0,3.0103635787963867
291,829,2.0,3.011519432067871
1,121,4.0,2.753106117248535
210,4,4.0,4.11947774887085
538,496,5.0,4.04217529296875
181,744,2.0,1.5718382596969604
629,300,4.0,3.636763095855713
683,56,5.0,3.8303122520446777
221,33,4.0,3.753079891204834
400,307,3.0,3.725679636001587
94,90,3.0,3.4311087131500244
55,7,3.0,3.3326942920684814
222,82,4.0,3.78487229347229
46,93,4.0,3.8538978099823
222,772,2.0,2.5501797199249268
540,742,4.0,3.7269811630249023
540,515,5.0,4.6593828201293945
548,603,5.0,4.231951713562012
125,451,4.0,3.5558550357818604
195,325,2.0,2.834678888320923
457,160,4.0,3.769198179244995
425,1597,3.0,2.8721373081207275
385,152,3.0,3.2530248165130615
331,69,5.0,2.966592788696289
59,131,4.0,4.376420021057129
435,609,4.0,3.0374746322631836
501,13,4.0,3.854001998901367
224,676,3.0,2.6153435707092285
121,514,3.0,3.9986653327941895
188,692,5.0,4.023603439331055
523,430,4.0,4.6383256912231445
48,289,1.0,2.9593589305877686
343,214,4.0,3.8879024982452393
253,1025,3.0,2.7723281383514404
851,332,1.0,3.528794765472412
405,858,1.0,0.680121898651123
454,746,2.0,3.1809871196746826
655,468,3.0,2.371048927307129
927,1,5.0,4.223845958709717
528,250,3.0,3.3946807384490967
214,45,4.0,3.982600688934326
426,132,4.0,4.083334922790527
159,1095,5.0,2.594421863555908
625,283,3.0,3.294448137283325
190,300,4.0,3.9630022048950195
847,482,2.0,3.2219393253326416
454,1126,2.0,2.1527884006500244
650,121,3.0,2.9827418327331543
537,646,2.0,3.697572946548462
383,479,4.0,4.686070442199707
854,93,5.0,3.562077760696411
380,97,3.0,3.008686065673828
5,397,2.0,2.0877606868743896
472,38,4.0,4.161744117736816
450,1479,3.0,3.2320492267608643
370,135,4.0,3.825744152069092
747,476,3.0,2.5351710319519043
749,433,3.0,3.4828240871429443
894,316,4.0,4.1822285652160645
542,734,3.0,2.5819554328918457
361,283,4.0,3.518145799636841
577,29,3.0,3.0139424800872803
574,315,3.0,3.940516710281372
97,195,5.0,4.349792957305908
178,326,4.0,3.394676446914673
686,480,5.0,5.023287773132324
346,685,3.0,3.3368136882781982
686,197,5.0,4.800739288330078
416,717,2.0,3.188147783279419
495,550,3.0,4.347305774688721
863,898,1.0,3.498426914215088
378,86,4.0,4.074827194213867
398,95,5.0,3.9966046810150146
690,739,3.0,3.2430009841918945
533,31,3.0,3.719191551208496
474,971,4.0,3.856750011444092
34,1024,5.0,4.698553085327148
82,484,4.0,4.126173496246338
325,865,3.0,3.4377191066741943
26,871,2.0,2.188466787338257
201,423,4.0,2.939131259918213
666,357,4.0,4.324926376342773
748,48,4.0,3.73938250541687
416,898,4.0,3.5231246948242188
470,1134,4.0,3.2370667457580566
399,153,2.0,3.242901563644409
479,177,4.0,3.980863332748413
271,40,1.0,3.074923276901245
635,873,3.0,2.9430301189422607
484,228,5.0,4.338996410369873
892,150,5.0,4.204821586608887
721,682,3.0,3.2960221767425537
537,741,2.0,2.8363773822784424
365,326,2.0,3.332012891769409
790,401,4.0,2.5560302734375
407,288,4.0,3.3115994930267334
378,479,4.0,4.473967552185059
354,451,3.0,3.118938684463501
41,430,5.0,3.954820156097412
698,525,1.0,2.871716022491455
393,1270,3.0,2.695375919342041
904,1152,4.0,3.5762526988983154
323,322,2.0,2.6987547874450684
104,328,3.0,2.475491762161255
907,98,5.0,5.290851593017578
152,483,5.0,5.2515411376953125
553,525,4.0,4.376411437988281
399,977,3.0,2.385201930999756
783,876,4.0,3.152127265930176
764,143,5.0,4.251715660095215
385,1428,4.0,3.484070062637329
329,194,3.0,3.785313367843628
796,307,4.0,3.4807538986206055
782,358,4.0,2.546525716781616
927,328,4.0,4.435534477233887
379,402,3.0,3.8152456283569336
270,17,2.0,4.071427345275879
916,678,2.0,1.8737236261367798
499,692,4.0,3.418158531188965
704,304,2.0,3.2528603076934814
296,294,1.0,2.9316742420196533
347,56,5.0,3.7480053901672363
342,1073,1.0,3.8444855213165283
454,22,4.0,4.033121109008789
900,200,2.0,2.6805062294006348
757,226,3.0,3.3438637256622314
449,1318,2.0,1.1771520376205444
405,782,1.0,1.3582026958465576
43,250,2.0,3.566209077835083
186,288,1.0,3.443937063217163
288,230,2.0,3.4559366703033447
285,183,4.0,3.818667411804199
484,399,4.0,3.5735623836517334
402,1060,3.0,3.4212582111358643
745,9,4.0,2.9779648780822754
173,302,5.0,5.348859786987305
21,670,3.0,3.0441031455993652
159,591,4.0,3.881821632385254
545,73,4.0,3.6885716915130615
887,1136,5.0,4.01926326751709
277,221,4.0,3.0689492225646973
727,511,4.0,3.9705810546875
279,202,4.0,3.6540088653564453
902,8,5.0,3.9059884548187256
724,877,1.0,2.3500680923461914
751,70,4.0,3.60325026512146
875,481,5.0,4.303426742553711
280,471,3.0,3.6948795318603516
635,302,4.0,4.027613639831543
526,742,3.0,2.826012134552002
174,369,1.0,2.9623496532440186
314,393,4.0,4.213657379150391
921,395,3.0,2.5328872203826904
747,1134,5.0,3.674570322036743
521,227,3.0,2.831382989883423
798,168,4.0,3.300762414932251
299,483,5.0,4.272418022155762
693,178,5.0,3.829580545425415
763,238,4.0,4.120210647583008
379,94,5.0,3.120969533920288
846,1035,4.0,3.1000168323516846
682,948,2.0,2.123020648956299
506,239,3.0,3.9715349674224854
92,304,4.0,3.4696383476257324
128,458,4.0,3.2549543380737305
304,278,4.0,2.871525764465332
793,181,4.0,4.1539716720581055
378,806,4.0,3.6228010654449463
267,88,4.0,3.437286138534546
921,69,4.0,4.035618782043457
699,880,3.0,2.914029836654663
940,651,4.0,3.5513999462127686
912,1041,4.0,2.5249409675598145
771,137,4.0,3.569333553314209
329,297,4.0,3.882838010787964
70,298,5.0,3.436349630355835
846,31,4.0,3.7671995162963867
217,825,3.0,2.756865978240967
328,237,4.0,3.745072603225708
224,729,3.0,3.4656991958618164
437,583,1.0,3.0564043521881104
620,930,2.0,3.2201855182647705
6,318,4.0,4.121957778930664
130,538,5.0,4.235612869262695
638,183,4.0,3.6269001960754395
592,188,5.0,4.279156684875488
601,1039,4.0,3.7626821994781494
459,117,5.0,4.062186241149902
554,582,3.0,3.273871660232544
532,38,3.0,4.251987457275391
796,849,4.0,2.7967443466186523
387,95,2.0,2.783726453781128
345,367,4.0,3.5988783836364746
378,418,3.0,3.7150394916534424
115,269,3.0,4.558045387268066
286,738,5.0,3.0922515392303467
686,430,4.0,4.669425964355469
234,12,1.0,3.6315903663635254
271,729,4.0,3.592787504196167
151,755,3.0,3.2792410850524902
629,881,3.0,2.923021078109741
746,523,3.0,3.868544578552246
340,969,5.0,4.283875465393066
6,59,5.0,4.102628231048584
527,279,4.0,3.3973445892333984
345,312,3.0,3.2691688537597656
158,238,5.0,4.103137016296387
455,1086,3.0,3.255295515060425
608,42,5.0,3.327178478240967
373,142,3.0,3.351325511932373
655,906,2.0,3.1563055515289307
782,690,4.0,3.3577404022216797
303,236,4.0,3.94743275642395
94,188,4.0,4.202221870422363
339,479,5.0,4.958804130554199
99,332,3.0,3.497157096862793
454,748,4.0,3.405056953430176
108,405,3.0,3.0410258769989014
327,919,5.0,3.497340440750122
843,28,3.0,2.7817482948303223
878,59,3.0,3.6365034580230713
92,77,3.0,2.9466373920440674
450,378,5.0,4.420331001281738
361,639,4.0,3.867697238922119
894,479,5.0,4.422187805175781
181,990,1.0,1.6471784114837646
328,135,3.0,3.605203628540039
510,300,5.0,3.8894572257995605
455,44,3.0,3.336432695388794
838,584,4.0,3.7165029048919678
708,471,4.0,3.5952696800231934
869,288,3.0,2.479663848876953
883,241,4.0,3.492431879043579
720,269,3.0,4.385962963104248
92,11,4.0,3.980384111404419
237,176,3.0,3.9075167179107666
244,739,3.0,3.0283267498016357
44,155,3.0,3.1168766021728516
720,310,4.0,3.5187060832977295
417,1040,2.0,2.3419528007507324
870,248,4.0,3.366229295730591
399,928,2.0,2.7743027210235596
774,423,1.0,2.536621570587158
359,117,4.0,4.369444370269775
178,358,1.0,3.0761542320251465
727,849,2.0,2.621748685836792
406,629,3.0,3.271653890609741
374,182,5.0,3.555163621902466
452,607,5.0,3.5933785438537598
542,420,3.0,3.592707872390747
798,825,3.0,3.4875056743621826
883,137,5.0,4.161961555480957
316,162,3.0,3.1627142429351807
130,240,4.0,3.161837339401245
305,749,2.0,2.5417847633361816
176,328,4.0,3.077805757522583
183,485,5.0,3.540947198867798
308,91,4.0,3.914609909057617
364,687,1.0,2.3220367431640625
116,260,2.0,2.20120906829834
509,345,1.0,2.6662538051605225
365,473,4.0,3.1499722003936768
318,1030,2.0,2.2593164443969727
71,357,5.0,4.323764324188232
764,4,3.0,3.650048017501831
378,476,3.0,2.780102491378784
313,1050,4.0,3.584638833999634
931,546,3.0,3.229914665222168
543,521,4.0,3.6626076698303223
756,122,1.0,2.2593436241149902
437,654,5.0,4.474098205566406
489,324,3.0,2.9232046604156494
89,736,3.0,4.256408214569092
873,348,3.0,2.8292601108551025
840,187,3.0,4.702215194702148
517,873,3.0,2.77170991897583
889,732,2.0,3.4757802486419678
582,748,3.0,2.526240587234497
90,486,5.0,4.419040679931641
389,29,2.0,1.7649379968643188
846,177,3.0,4.352690696716309
92,628,4.0,3.5580270290374756
623,127,4.0,3.730484962463379
486,276,4.0,3.9491522312164307
452,199,5.0,3.8639471530914307
299,396,4.0,3.1814167499542236
577,294,4.0,3.4382078647613525
268,33,3.0,2.9556705951690674
201,186,3.0,3.308868169784546
552,829,3.0,2.6277589797973633
674,292,4.0,3.5712473392486572
44,193,3.0,4.115541458129883
833,302,3.0,4.022249221801758
791,259,3.0,3.1787946224212646
353,346,4.0,3.4865143299102783
102,73,3.0,2.7813174724578857
615,699,3.0,4.025423049926758
363,679,4.0,2.7134995460510254
321,52,3.0,3.6421377658843994
303,541,3.0,2.3344099521636963
501,25,3.0,3.9907259941101074
669,133,4.0,3.6004791259765625
693,96,4.0,3.4981343746185303
293,161,2.0,2.107293128967285
751,428,4.0,3.592175245285034
886,483,4.0,4.184532165527344
634,147,2.0,3.59545636177063
592,1377,3.0,4.107053756713867
497,67,3.0,3.1703784465789795
318,396,1.0,2.7750916481018066
621,135,5.0,4.133133888244629
624,358,3.0,2.7856321334838867
303,715,4.0,3.9714503288269043
161,197,3.0,2.486156702041626
435,584,3.0,3.325998544692993
457,28,5.0,4.3783955574035645
655,1135,3.0,2.3682708740234375
165,1119,3.0,3.7314977645874023
587,303,4.0,3.392849922180176
774,229,2.0,1.9625880718231201
648,1626,1.0,0.5790311694145203
900,1298,2.0,2.6402175426483154
475,539,3.0,2.3560590744018555
411,38,4.0,2.890944480895996
435,1419,2.0,2.0344932079315186
692,300,4.0,3.6917197704315186
279,375,1.0,2.001786231994629
916,111,4.0,3.2299110889434814
708,269,3.0,3.594918727874756
18,131,4.0,4.169032096862793
634,100,4.0,3.8891122341156006
417,411,2.0,2.846493721008301
18,79,4.0,3.7229647636413574
535,319,5.0,3.4328222274780273
308,161,3.0,3.1595029830932617
178,790,3.0,3.0223026275634766
223,248,1.0,3.1573150157928467
622,98,5.0,4.346155166625977
916,144,3.0,3.557781934738159
584,449,2.0,2.9931554794311523
210,179,3.0,4.4374237060546875
916,748,2.0,2.090125799179077
244,100,4.0,5.023002624511719
504,517,4.0,3.839613676071167
129,990,2.0,2.516620635986328
178,578,4.0,3.5302295684814453
470,283,5.0,3.6510567665100098
417,946,4.0,2.987900972366333
916,204,3.0,3.1975936889648438
1,2,3.0,2.9732117652893066
526,323,2.0,1.992266058921814
643,100,5.0,4.441600799560547
342,1048,1.0,3.0739481449127197
868,202,3.0,2.8809986114501953
7,649,5.0,3.7408812046051025
342,7,4.0,3.732574701309204
398,50,5.0,4.545638084411621
345,974,3.0,2.5667223930358887
634,293,3.0,3.529151439666748
437,770,3.0,3.71571683883667
796,147,5.0,3.7454538345336914
560,257,3.0,3.4978694915771484
506,187,5.0,4.058749198913574
313,44,3.0,3.4993960857391357
312,506,4.0,4.590981483459473
343,569,3.0,2.993411064147949
533,150,3.0,3.144350528717041
333,269,2.0,3.9847640991210938
374,174,5.0,4.537715911865234
429,380,3.0,3.0460448265075684
637,717,3.0,2.102121114730835
31,299,4.0,2.8048267364501953
217,1303,2.0,1.9228792190551758
392,197,5.0,4.6217145919799805
532,926,3.0,3.992616653442383
892,763,2.0,3.5851094722747803
291,577,1.0,2.436601161956787
417,668,2.0,2.4388952255249023
833,1012,4.0,3.0340213775634766
514,191,5.0,4.211554527282715
36,288,4.0,4.094355583190918
251,472,3.0,3.030559539794922
443,313,4.0,4.906111717224121
159,880,1.0,3.0266025066375732
468,137,4.0,4.2026777267456055
418,328,1.0,3.196333885192871
328,651,5.0,3.911161422729492
245,1033,5.0,2.557555913925171
225,478,5.0,4.708150863647461
872,350,3.0,3.323235273361206
682,124,2.0,3.4127423763275146
14,603,4.0,4.73072624206543
487,735,4.0,4.2106451988220215
22,110,1.0,2.6073341369628906
339,238,5.0,4.59698486328125
943,121,3.0,4.018712520599365
276,825,3.0,2.9935240745544434
460,676,4.0,2.9601612091064453
23,511,5.0,4.402008056640625
277,257,3.0,3.6304380893707275
334,150,4.0,3.713986396789551
332,237,5.0,4.667215347290039
916,92,5.0,3.704226016998291
35,937,4.0,3.4649689197540283
256,576,3.0,3.940229654312134
804,380,4.0,3.882497787475586
293,742,2.0,2.1022660732269287
826,99,3.0,3.7913765907287598
64,82,3.0,3.527832269668579
528,541,3.0,2.8572158813476562
943,423,3.0,3.3788704872131348
168,458,1.0,3.0253469944000244
890,632,5.0,4.33668327331543
393,1178,3.0,2.847935438156128
641,258,3.0,3.8401010036468506
941,919,5.0,3.489452362060547
21,325,4.0,2.5378074645996094
595,979,3.0,3.5510807037353516
308,56,5.0,4.545660018920898
534,290,4.0,3.6206674575805664
470,305,4.0,3.579312562942505
188,98,5.0,4.391863822937012
524,479,4.0,4.147683620452881
757,82,4.0,3.7602121829986572
201,23,4.0,3.809555768966675
711,404,3.0,4.0637311935424805
934,170,4.0,3.9092533588409424
303,693,4.0,4.3729095458984375
22,186,5.0,4.323601245880127
341,288,4.0,4.518781661987305
330,28,5.0,4.974423408508301
846,1041,4.0,3.1528046131134033
939,121,5.0,4.972308158874512
600,1407,2.0,2.6545708179473877
896,222,4.0,3.1867809295654297
42,405,4.0,3.7451179027557373
774,518,1.0,2.484184503555298
937,9,5.0,3.632781505584717
533,218,2.0,3.377178192138672
64,227,3.0,3.043423891067505
217,222,5.0,3.3594441413879395
758,603,5.0,4.868874549865723
796,578,4.0,3.546525478363037
303,382,3.0,3.8859047889709473
274,629,5.0,3.7858173847198486
894,512,5.0,4.137875556945801
447,79,3.0,4.183939456939697
374,628,3.0,3.54943585395813
317,350,5.0,3.6634116172790527
269,499,4.0,3.8410017490386963
789,508,4.0,3.587334156036377
42,283,3.0,3.6706767082214355
89,707,5.0,4.170732498168945
7,656,3.0,4.352469444274902
848,610,5.0,4.183759689331055
551,3,5.0,3.544771671295166
883,952,3.0,3.3651957511901855
577,217,5.0,3.404658555984497
848,496,2.0,4.540379524230957
926,262,3.0,3.321833610534668
479,117,3.0,3.10410213470459
305,285,5.0,4.223498821258545
535,11,4.0,3.8290340900421143
125,376,3.0,3.1681060791015625
399,72,4.0,2.9348976612091064
891,756,4.0,3.212442398071289
883,745,5.0,4.081043243408203
775,327,5.0,3.464461326599121
417,642,5.0,3.336399793624878
298,194,5.0,4.285345077514648
864,9,5.0,3.9453814029693604
8,684,4.0,4.10798978805542
545,176,4.0,3.888646364212036
690,77,3.0,3.317176580429077
13,402,4.0,3.45768666267395
737,428,4.0,4.072896957397461
416,97,5.0,4.453756332397461
18,285,5.0,4.5768585205078125
250,678,2.0,2.606572389602661
130,1034,2.0,2.8486456871032715
326,452,3.0,2.5854172706604004
13,2,3.0,2.8835461139678955
534,685,3.0,4.2105021476745605
268,728,2.0,2.3433899879455566
297,736,4.0,3.6155738830566406
923,763,4.0,4.184805870056152
536,387,3.0,3.247330665588379
90,875,1.0,3.0004937648773193
653,164,3.0,2.8957419395446777
378,284,3.0,3.1491806507110596
645,96,3.0,3.381909132003784
345,282,3.0,3.1792728900909424
933,63,2.0,2.017971992492676
57,410,3.0,3.312130928039551
286,191,4.0,4.486223220825195
74,245,3.0,3.5755410194396973
382,1229,5.0,1.4966075420379639
176,268,5.0,4.05843448638916
799,127,4.0,4.631853103637695
437,286,2.0,3.6412975788116455
354,1466,5.0,3.5065102577209473
59,177,4.0,4.681170463562012
592,184,5.0,3.7816367149353027
498,210,2.0,2.6617372035980225
130,692,5.0,4.46790885925293
447,1028,3.0,3.0304574966430664
896,789,2.0,2.884791851043701
301,216,4.0,3.836207866668701
102,211,3.0,2.962524175643921
271,89,3.0,4.163265228271484
854,461,3.0,3.3533267974853516
870,64,5.0,4.080501556396484
72,234,4.0,3.663205862045288
605,754,3.0,3.158060312271118
851,1105,4.0,3.264423370361328
487,188,4.0,3.811572551727295
181,872,1.0,1.0423859357833862
823,128,2.0,3.8994877338409424
795,17,2.0,2.786656618118286
328,427,3.0,4.033633232116699
234,629,4.0,3.0262136459350586
840,516,5.0,4.402497291564941
437,50,5.0,4.418317794799805
522,79,3.0,4.094571113586426
820,751,1.0,3.0647056102752686
911,482,4.0,3.937814712524414
171,292,4.0,3.4547979831695557
214,246,2.0,3.8248612880706787
407,204,3.0,3.609011173248291
246,164,3.0,3.1262760162353516
751,751,4.0,3.153468370437622
514,429,4.0,4.11122989654541
210,25,4.0,3.9971423149108887
846,1220,2.0,3.6197783946990967
26,1010,2.0,3.0196094512939453
293,366,2.0,2.471580743789673
878,60,4.0,3.526400327682495
133,316,4.0,3.7770237922668457
830,385,4.0,3.6100947856903076
151,741,2.0,3.766784906387329
567,190,4.0,4.322929382324219
927,274,1.0,3.968317747116089
894,883,3.0,3.7081828117370605
932,174,4.0,4.063664436340332
405,469,1.0,1.854127287864685
805,58,4.0,3.5571696758270264
65,191,4.0,4.246066093444824
587,342,1.0,2.534365653991699
749,186,4.0,4.161310195922852
720,316,4.0,4.337759017944336
566,156,4.0,4.151556968688965
886,558,3.0,3.2917044162750244
876,435,4.0,4.158349990844727
174,278,5.0,3.46706485748291
665,508,2.0,3.6472220420837402
774,294,1.0,1.2749850749969482
290,227,2.0,3.211897134780884
848,185,3.0,4.645549774169922
791,304,4.0,4.030354022979736
54,272,5.0,4.916739463806152
203,151,4.0,3.6555187702178955
655,8,3.0,3.351794958114624
592,23,5.0,5.0022478103637695
891,126,5.0,4.673855781555176
405,543,1.0,1.8334029912948608
242,268,5.0,4.6081132888793945
795,710,3.0,3.1109378337860107
671,578,3.0,3.582076072692871
606,473,4.0,3.244804620742798
671,22,4.0,4.580869674682617
823,17,4.0,3.3601980209350586
938,245,3.0,3.2431674003601074
554,21,1.0,2.8684983253479004
374,642,1.0,3.0346484184265137
197,1419,2.0,2.3507561683654785
393,168,4.0,3.3549747467041016
836,288,1.0,3.0924253463745117
330,729,5.0,4.7045135498046875
491,340,4.0,3.4477627277374268
870,111,3.0,3.0813260078430176
42,735,4.0,3.877469778060913
854,125,3.0,2.3966987133026123
144,181,4.0,4.176698684692383
645,98,4.0,4.421771049499512
85,481,4.0,3.8738653659820557
101,257,4.0,3.4876842498779297
452,641,3.0,3.9077670574188232
448,900,3.0,3.779994487762451
293,4,4.0,3.3821473121643066
880,468,3.0,3.3712856769561768
680,845,4.0,3.6857428550720215
643,1028,3.0,2.797607421875
577,44,3.0,3.6328861713409424
399,628,3.0,3.121485948562622
373,494,4.0,3.9601733684539795
522,96,3.0,4.07569694519043
160,123,4.0,3.2938458919525146
519,1293,5.0,4.63133430480957
554,95,4.0,4.013291358947754
450,225,4.0,3.4075992107391357
500,739,2.0,2.6112308502197266
903,1381,4.0,3.7275819778442383
746,82,4.0,4.017949104309082
187,735,4.0,3.9997663497924805
499,87,4.0,3.874133348464966
16,234,5.0,4.480220794677734
95,70,4.0,3.584394931793213
795,135,3.0,3.786829948425293
566,2,5.0,2.642413854598999
130,772,4.0,3.2617344856262207
846,441,4.0,2.8052384853363037
529,1038,4.0,3.0822579860687256
545,993,2.0,3.579768657684326
224,333,3.0,3.476815938949585
735,319,4.0,3.114389181137085
694,22,5.0,4.763609886169434
885,278,3.0,3.1188766956329346
313,117,4.0,3.218168258666992
682,576,4.0,2.997265100479126
764,89,4.0,3.943734884262085
184,956,3.0,3.8333773612976074
178,792,5.0,3.1442763805389404
327,588,4.0,3.411224842071533
543,24,3.0,3.0638439655303955
197,227,3.0,3.4058926105499268
232,651,3.0,4.10398530960083
869,1382,3.0,2.0211739540100098
527,511,5.0,4.296741962432861
121,458,1.0,3.0916707515716553
307,1411,4.0,2.9309725761413574
444,251,5.0,4.529772758483887
87,367,4.0,3.7361271381378174
393,378,4.0,3.8049395084381104
926,315,4.0,3.7810118198394775
200,419,4.0,4.541504859924316
897,1033,4.0,2.858349323272705
833,1070,5.0,3.7499077320098877
102,550,2.0,2.729715585708618
236,265,2.0,3.594932794570923
500,522,4.0,3.6492652893066406
66,9,4.0,3.2451138496398926
721,161,5.0,4.228492736816406
476,67,4.0,3.1502463817596436
437,423,5.0,4.014738082885742
64,969,3.0,3.68595552444458
213,511,4.0,4.95987606048584
774,385,1.0,2.0793652534484863
71,302,3.0,4.309475898742676
28,79,4.0,3.902120351791382
311,132,4.0,4.035295486450195
629,245,3.0,2.939373016357422
859,1048,3.0,3.438526153564453
344,284,3.0,2.9168927669525146
279,666,2.0,2.5465269088745117
663,299,2.0,3.0302436351776123
402,222,4.0,3.823404312133789
624,269,4.0,4.260970592498779
52,1011,4.0,3.905790090560913
749,99,5.0,4.017007827758789
860,204,4.0,3.346071243286133
90,306,4.0,4.24464225769043
63,678,2.0,2.1784422397613525
833,1154,4.0,2.6077451705932617
721,229,5.0,3.573279619216919
504,75,4.0,3.1483612060546875
387,217,3.0,2.927699327468872
878,659,4.0,3.857632875442505
374,124,3.0,3.407942056655884
382,150,2.0,3.2611794471740723
200,227,5.0,4.114113807678223
31,490,4.0,4.2233123779296875
222,465,2.0,3.19751238822937
677,687,4.0,2.459144115447998
488,299,3.0,2.5046403408050537
79,906,5.0,3.853097438812256
822,169,4.0,3.539520263671875
49,334,4.0,2.9376461505889893
659,648,3.0,4.000357627868652
393,623,3.0,3.43216872215271
682,229,4.0,2.9971330165863037
559,55,4.0,3.6392428874969482
708,25,3.0,3.4970850944519043
253,1016,3.0,3.534152030944824
318,127,5.0,4.314260482788086
864,422,3.0,2.7600390911102295
890,101,2.0,3.494607448577881
454,611,2.0,2.9119791984558105
336,368,1.0,1.6652874946594238
13,439,1.0,1.1718928813934326
257,676,4.0,3.643702745437622
676,272,4.0,4.251954078674316
667,137,3.0,4.34083890914917
16,158,4.0,2.971273422241211
606,1151,3.0,2.2128446102142334
842,749,4.0,3.1849043369293213
76,293,4.0,3.593338966369629
663,924,3.0,3.4466960430145264
293,160,4.0,3.1144516468048096
152,220,5.0,4.474692344665527
749,1337,3.0,2.1237123012542725
666,163,3.0,3.4343347549438477
807,505,3.0,3.817655563354492
457,370,3.0,2.7956759929656982
932,154,5.0,4.037731170654297
385,558,2.0,4.2002716064453125
561,141,2.0,2.8939402103424072
650,180,3.0,3.518247127532959
869,249,4.0,2.906209945678711
879,276,4.0,3.533295154571533
688,307,4.0,5.153448104858398
525,595,2.0,2.8346142768859863
256,471,5.0,4.5887298583984375
99,25,3.0,3.5798280239105225
639,202,2.0,3.004467487335205
714,111,3.0,3.617769956588745
504,65,4.0,3.681821346282959
871,197,3.0,3.3838560581207275
503,20,5.0,3.8339431285858154
553,238,5.0,3.94923734664917
276,151,5.0,4.13468599319458
608,44,4.0,3.330632448196411
890,530,4.0,4.578481674194336
474,116,5.0,3.9383182525634766
251,845,4.0,3.7653250694274902
256,283,3.0,4.452866554260254
148,69,5.0,3.66518497467041
92,42,4.0,3.900491237640381
339,530,5.0,4.898123741149902
862,230,3.0,4.309383869171143
854,514,4.0,3.773224115371704
187,65,5.0,3.8109090328216553
437,684,3.0,3.525192975997925
296,523,4.0,4.678804397583008
655,860,3.0,2.0150742530822754
929,195,4.0,3.7482528686523438
279,1361,3.0,2.278817653656006
325,1118,3.0,3.3515474796295166
757,1090,2.0,2.546591281890869
159,25,5.0,3.81762957572937
97,435,4.0,4.365005016326904
883,19,2.0,4.151311874389648
694,660,3.0,4.106412887573242
158,182,5.0,4.2767333984375
460,293,4.0,3.400240898132324
624,123,3.0,3.2857260704040527
521,1240,3.0,3.2488584518432617
401,707,2.0,3.1877973079681396
207,568,4.0,3.6303763389587402
316,531,5.0,3.1982882022857666
639,311,3.0,3.204756021499634
281,338,2.0,2.685241937637329
378,1061,2.0,2.8239359855651855
565,83,5.0,4.577884674072266
747,1028,1.0,2.3767924308776855
454,483,3.0,3.4018993377685547
151,196,4.0,4.317632675170898
566,856,5.0,4.219803810119629
903,129,3.0,4.059720993041992
592,1048,3.0,3.4771454334259033
653,573,1.0,2.347618579864502
312,211,4.0,4.599745750427246
867,603,5.0,4.752646446228027
854,173,4.0,3.7652602195739746
620,138,5.0,2.8405632972717285
55,678,3.0,2.305837631225586
329,186,3.0,3.6934239864349365
429,387,4.0,3.129420757293701
323,7,2.0,3.90799880027771
325,650,3.0,3.440077066421509
56,483,4.0,4.180984973907471
521,203,3.0,3.3479135036468506
450,252,3.0,3.2929697036743164
332,815,4.0,4.023698806762695
399,288,3.0,3.143907070159912
456,50,4.0,4.15455436706543
551,155,4.0,3.349501848220825
890,286,5.0,4.03337287902832
67,546,3.0,3.6740944385528564
268,1188,3.0,2.357875347137451
164,117,5.0,4.819784164428711
595,845,3.0,3.5153658390045166
160,412,3.0,2.6128721237182617
145,3,3.0,3.2472171783447266
81,410,4.0,2.927489995956421
193,1132,3.0,2.55069899559021
546,286,2.0,3.836761236190796
760,1037,5.0,1.644980549812317
406,480,4.0,4.104280471801758
699,221,4.0,3.324568748474121
220,294,4.0,3.4447710514068604
588,168,5.0,4.03851842880249
201,567,3.0,2.420006036758423
474,193,4.0,4.4390716552734375
378,727,4.0,3.4860990047454834
483,91,3.0,2.947007179260254
916,1011,4.0,3.4568192958831787
534,294,5.0,4.148799896240234
82,197,4.0,3.8876802921295166
125,210,5.0,4.545970916748047
746,161,3.0,3.730876922607422
160,3,3.0,3.3174431324005127
224,70,2.0,2.930896759033203
775,750,5.0,3.849355697631836
638,82,2.0,3.9011592864990234
497,96,4.0,3.9774248600006104
454,82,4.0,3.721101999282837
274,118,4.0,3.4119865894317627
488,178,4.0,3.5620064735412598
450,421,4.0,3.937784194946289
924,526,3.0,4.0290632247924805
648,629,4.0,3.259267568588257
854,945,3.0,3.4646642208099365
314,591,5.0,4.185300827026367
940,382,3.0,3.083716630935669
235,7,4.0,3.884877920150757
104,751,4.0,2.621495485305786
279,94,3.0,3.7706117630004883
301,161,3.0,3.9762496948242188
694,196,5.0,4.289826393127441
581,137,5.0,4.042115211486816
268,72,3.0,2.827549457550049
508,568,4.0,3.150179862976074
894,698,4.0,2.78908371925354
510,294,3.0,3.5035431385040283
86,889,5.0,3.5687739849090576
898,302,4.0,4.366191864013672
786,70,4.0,3.8163259029388428
298,275,3.0,3.987501859664917
497,230,2.0,3.562954902648926
104,1115,4.0,2.662841558456421
753,304,4.0,3.395587921142578
883,338,4.0,2.6134815216064453
870,959,4.0,3.3470165729522705
347,403,5.0,3.549093008041382
458,209,4.0,4.310190200805664
288,520,5.0,4.196547508239746
489,289,2.0,3.4520745277404785
82,241,3.0,3.2626264095306396
648,21,3.0,3.0760273933410645
363,290,3.0,2.8116543292999268
56,692,4.0,4.01747989654541
898,286,2.0,3.838402032852173
63,259,3.0,2.3718395233154297
794,14,5.0,4.510639190673828
714,477,2.0,2.9871633052825928
217,576,1.0,2.8060619831085205
383,484,4.0,4.484673500061035
294,1047,3.0,2.7970056533813477
435,549,3.0,3.484558343887329
180,1131,5.0,4.598041534423828
603,250,5.0,3.5734217166900635
101,1051,2.0,3.0095906257629395
246,746,4.0,3.427600145339966
409,83,3.0,3.545888900756836
210,274,5.0,3.6833627223968506
703,9,2.0,3.39482045173645
28,568,4.0,3.518982410430908
13,736,4.0,3.8429877758026123
521,496,2.0,3.3120839595794678
263,222,4.0,3.653923511505127
297,535,3.0,2.988585948944092
928,358,5.0,3.2329764366149902
716,842,3.0,3.299227476119995
130,1248,3.0,3.518541097640991
655,1268,3.0,3.412621259689331
18,198,3.0,4.097287654876709
246,97,3.0,3.207120895385742
141,880,1.0,2.645219087600708
716,122,2.0,2.2547504901885986
314,1014,3.0,3.3568994998931885
455,1136,3.0,3.3544247150421143
828,270,5.0,2.8380539417266846
890,174,5.0,3.966364622116089
694,127,5.0,4.261282920837402
553,178,5.0,4.658348083496094
344,473,4.0,3.54105806350708
694,483,5.0,4.75083065032959
336,275,4.0,3.8474647998809814
933,39,3.0,2.682934522628784
464,12,5.0,4.717159271240234
392,493,4.0,4.738714218139648
707,163,2.0,3.2095448970794678
365,948,1.0,2.2222328186035156
932,890,1.0,1.477736234664917
252,290,3.0,3.6283633708953857
394,184,3.0,3.878178358078003
450,750,3.0,4.268995761871338
58,645,5.0,4.045183181762695
214,652,4.0,3.9077818393707275
793,1365,2.0,1.2363317012786865
1,5,3.0,2.8637657165527344
417,783,3.0,2.5184996128082275
7,606,3.0,4.547842979431152
295,144,4.0,4.5417680740356445
721,406,1.0,2.9714367389678955
398,403,4.0,3.283310890197754
399,164,2.0,3.157463788986206
844,216,5.0,3.6151459217071533
250,235,2.0,3.2331995964050293
450,167,5.0,3.4606456756591797
37,55,3.0,4.157327651977539
624,319,3.0,3.5602035522460938
798,671,2.0,2.683054208755493
381,283,5.0,3.9436984062194824
671,82,4.0,4.113574981689453
773,639,4.0,3.8279531002044678
445,293,3.0,2.4255518913269043
766,518,3.0,3.509500741958618
632,55,2.0,3.485318183898926
838,153,4.0,3.9938228130340576
872,363,4.0,2.606060266494751
417,769,1.0,2.4405901432037354
141,825,4.0,3.2723371982574463
689,717,3.0,3.250417470932007
711,729,3.0,3.523705005645752
537,484,4.0,3.5432443618774414
434,833,4.0,3.6023147106170654
292,79,5.0,4.3085036277771
73,657,5.0,4.222226142883301
374,717,3.0,3.054948329925537
139,475,5.0,4.162127494812012
207,121,3.0,3.6536612510681152
92,191,4.0,4.35836124420166
889,195,4.0,3.8605129718780518
864,73,5.0,3.7920150756835938
28,529,4.0,3.8306515216827393
585,1485,3.0,3.2169435024261475
109,154,2.0,3.01639461517334
326,399,4.0,2.857037305831909
608,187,4.0,3.95212459564209
537,848,3.0,2.923835277557373
918,174,3.0,2.938178539276123
297,22,4.0,3.6598803997039795
327,559,2.0,2.5380396842956543
660,259,4.0,2.116879940032959
804,510,5.0,3.791383981704712
298,530,5.0,4.12581729888916
442,42,4.0,3.65439510345459
846,11,5.0,4.224221706390381
643,177,4.0,4.210474014282227
553,56,4.0,4.303156852722168
504,371,3.0,3.4206743240356445
583,175,5.0,4.3990631103515625
90,482,5.0,4.6808977127075195
222,396,1.0,2.3318867683410645
691,227,4.0,3.6021673679351807
279,932,3.0,2.8918027877807617
541,924,5.0,3.31221342086792
133,294,3.0,2.8485748767852783
615,937,2.0,3.342526912689209
930,244,4.0,2.7298378944396973
192,235,3.0,3.051405668258667
469,610,4.0,4.4943647384643555
92,260,1.0,2.7007336616516113
312,611,5.0,4.830392837524414
583,483,5.0,4.931097984313965
345,747,3.0,3.5815441608428955
160,150,4.0,4.2551422119140625
881,54,4.0,3.186856985092163
222,358,2.0,2.8247618675231934
538,692,3.0,3.3893938064575195
3,350,3.0,2.9455666542053223
16,172,5.0,5.067685127258301
708,1280,1.0,2.6501033306121826
286,405,3.0,3.7180514335632324
154,191,4.0,4.448781967163086
498,191,4.0,3.5817227363586426
507,338,5.0,3.674788236618042
457,66,4.0,3.8388452529907227
749,292,4.0,3.5376815795898438
151,419,3.0,4.178104400634766
577,829,3.0,3.053860664367676
278,286,5.0,3.9123194217681885
43,280,3.0,3.6257829666137695
422,276,5.0,4.03285026550293
751,193,5.0,4.086980819702148
524,239,2.0,3.3246707916259766
298,423,5.0,4.261502742767334
437,721,2.0,2.909663200378418
695,268,5.0,4.000872611999512
59,1074,4.0,3.2979893684387207
766,229,3.0,2.707465887069702
606,284,4.0,3.5611979961395264
253,243,2.0,2.209761619567871
92,934,2.0,2.561319351196289
189,1065,5.0,3.7836663722991943
788,984,3.0,2.7162790298461914
486,995,4.0,3.4457528591156006
524,480,4.0,4.150318622589111
393,724,3.0,3.1360654830932617
318,892,3.0,3.014530658721924
825,926,4.0,4.012686729431152
629,317,4.0,4.570372581481934
194,241,2.0,2.988826036453247
901,28,5.0,4.314800262451172
566,763,4.0,2.9619152545928955
130,329,4.0,3.9987502098083496
659,134,4.0,4.115204811096191
815,402,5.0,3.745039224624634
423,326,4.0,3.121629476547241
450,479,4.0,4.639828681945801
331,306,5.0,3.955057144165039
59,650,5.0,4.109384536743164
504,204,3.0,4.104416847229004
601,183,4.0,3.7433176040649414
54,302,4.0,4.461440086364746
483,99,3.0,3.1401374340057373
655,734,3.0,2.169919013977051
608,318,4.0,4.204242706298828
868,81,4.0,3.5386641025543213
130,121,5.0,4.5941267013549805
548,924,3.0,3.5245604515075684
711,181,4.0,3.7005422115325928
851,410,4.0,3.4044225215911865
870,65,3.0,3.452035427093506
246,98,4.0,4.179231643676758
416,937,2.0,4.1400604248046875
109,924,3.0,3.3707144260406494
830,399,5.0,3.233757257461548
472,94,5.0,3.8263967037200928
1,182,4.0,4.379788398742676
581,50,4.0,4.214714050292969
655,483,4.0,3.639934539794922
321,654,4.0,4.078187942504883
527,324,3.0,2.968193769454956
354,660,3.0,3.548454761505127
222,375,1.0,1.8337358236312866
151,1006,1.0,3.3858675956726074
883,208,4.0,3.9941298961639404
503,246,5.0,3.986088991165161
295,812,4.0,3.2141411304473877
94,234,5.0,4.046602249145508
235,1464,4.0,2.1345572471618652
294,363,1.0,2.7870867252349854
693,428,3.0,3.343693971633911
343,228,5.0,3.978529691696167
216,673,4.0,3.801193952560425
648,164,4.0,3.711087942123413
858,678,1.0,2.6528122425079346
592,50,5.0,4.90167236328125
392,179,5.0,4.398249626159668
387,475,3.0,4.354935646057129
1,43,4.0,2.9648282527923584
653,258,3.0,3.3547818660736084
548,185,5.0,4.0628437995910645
90,317,4.0,4.497282981872559
648,722,3.0,2.754838228225708
451,876,4.0,2.264599323272705
590,100,5.0,4.498030662536621
397,358,2.0,2.558912992477417
788,7,4.0,3.592055559158325
49,172,1.0,3.0309219360351562
727,24,3.0,3.2194254398345947
823,26,5.0,3.931692600250244
201,631,2.0,3.3502590656280518
269,476,1.0,1.5852378606796265
276,800,3.0,3.0254204273223877
7,463,4.0,4.147572994232178
774,673,2.0,2.2839598655700684
452,481,5.0,3.616010904312134
882,11,4.0,4.34422492980957
18,510,4.0,4.07023811340332
704,1299,3.0,3.3469431400299072
796,591,3.0,3.7186899185180664
354,272,3.0,4.105478286743164
80,45,4.0,3.9273428916931152
406,414,2.0,3.630056858062744
570,258,3.0,2.928152322769165
505,204,3.0,3.6488304138183594
32,100,3.0,4.011221408843994
883,306,3.0,4.253157615661621
606,100,5.0,4.326229095458984
506,261,3.0,2.2546870708465576
447,508,3.0,3.690563201904297
106,211,4.0,4.1086039543151855
151,462,4.0,4.243128776550293
774,218,1.0,2.202061176300049
215,157,4.0,3.91448712348938
882,369,3.0,2.989401340484619
888,153,4.0,4.152101516723633
608,157,1.0,3.518883466720581
578,258,1.0,3.1178553104400635
893,50,5.0,4.582826614379883
543,770,4.0,3.342186212539673
417,1539,2.0,1.7499687671661377
521,246,4.0,3.3052704334259033
861,45,5.0,4.216407775878906
25,7,4.0,3.8018994331359863
595,14,5.0,4.375853538513184
356,892,1.0,2.817932605743408
85,516,4.0,3.698747396469116
248,114,5.0,3.9133992195129395
384,316,5.0,4.743817329406738
720,345,2.0,3.609402656555176
634,1009,2.0,3.2923812866210938
619,809,1.0,3.2434988021850586
216,172,4.0,4.308864116668701
676,250,4.0,3.5061299800872803
339,488,5.0,4.894680976867676
91,474,3.0,3.8539111614227295
823,83,3.0,4.429730415344238
648,384,4.0,2.8572068214416504
341,1527,4.0,2.9639625549316406
655,578,2.0,2.3126754760742188
234,430,4.0,3.352296829223633
144,73,3.0,3.650785207748413
538,127,5.0,3.922260284423828
588,125,3.0,3.9499847888946533
122,519,4.0,4.29203987121582
846,510,4.0,4.242706298828125
182,123,4.0,3.1640560626983643
85,135,5.0,3.9406375885009766
871,359,3.0,3.4253087043762207
184,22,3.0,3.8028478622436523
943,443,2.0,3.3777308464050293
286,763,2.0,3.6935417652130127
628,330,5.0,3.724851369857788
499,463,5.0,3.7102320194244385
250,159,4.0,3.60184907913208
769,111,5.0,3.3992109298706055
870,603,5.0,4.290343284606934
632,763,3.0,2.765279531478882
23,70,2.0,3.6987709999084473
655,144,3.0,2.91915225982666
840,432,5.0,4.291467666625977
938,240,2.0,2.472971200942993
530,88,4.0,3.3731563091278076
293,39,3.0,2.808730363845825
327,196,4.0,3.4540982246398926
399,697,2.0,2.8804080486297607
213,628,5.0,3.9260246753692627
586,22,3.0,4.214910507202148
128,508,4.0,3.6236343383789062
807,393,4.0,4.171706676483154
665,298,3.0,3.699690580368042
24,763,5.0,3.6881115436553955
284,301,5.0,3.1760237216949463
683,332,3.0,2.760004758834839
806,200,4.0,3.847586154937744
486,879,3.0,2.7445425987243652
264,93,5.0,4.1822099685668945
474,518,4.0,4.127676963806152
95,144,5.0,3.8504478931427
213,151,5.0,4.123889923095703
457,222,5.0,4.016801357269287
722,117,4.0,4.153958320617676
209,127,5.0,3.8429596424102783
56,720,3.0,3.270230293273926
477,275,5.0,5.041329383850098
373,414,3.0,3.637556791305542
796,48,3.0,3.6023881435394287
739,751,3.0,3.3104851245880127
608,268,4.0,3.49304461479187
561,154,4.0,3.7371280193328857
308,1126,3.0,3.490541458129883
65,476,3.0,2.990016222000122
189,283,5.0,3.8802475929260254
299,778,4.0,3.4881582260131836
43,729,4.0,3.9065158367156982
624,235,4.0,3.112349271774292
899,483,4.0,4.202470302581787
115,20,3.0,4.141949653625488
116,288,3.0,2.898007869720459
827,329,3.0,3.1635682582855225
207,282,4.0,3.475635290145874
452,455,1.0,3.0404551029205322
425,271,5.0,2.8988287448883057
147,904,5.0,3.9700944423675537
303,1411,2.0,3.296637773513794
717,268,5.0,4.219621181488037
848,490,5.0,4.396468162536621
503,318,5.0,4.811258316040039
98,502,2.0,3.5191872119903564
281,308,1.0,3.0187625885009766
290,450,2.0,2.4897396564483643
417,208,3.0,3.828808546066284
429,535,2.0,2.969674587249756
886,76,4.0,3.48649263381958
533,1291,1.0,2.625033378601074
314,72,2.0,3.698080062866211
15,303,3.0,3.218703508377075
616,292,4.0,3.9161746501922607
312,644,5.0,4.47286319732666
106,584,4.0,3.6768548488616943
592,92,5.0,4.191812515258789
293,258,3.0,2.8933427333831787
630,975,4.0,3.0014779567718506
373,186,5.0,4.290825843811035
533,147,1.0,3.3257312774658203
7,431,4.0,4.140093803405762
221,386,3.0,2.749352216720581
903,87,4.0,4.047138214111328
880,254,2.0,2.3090972900390625
887,127,3.0,4.413028717041016
697,689,4.0,3.4280951023101807
553,23,5.0,4.30275821685791
776,442,2.0,0.9024810194969177
907,934,4.0,3.948749303817749
711,447,4.0,4.2342634201049805
326,563,3.0,2.059938669204712
330,252,4.0,3.9302825927734375
394,228,5.0,4.257640361785889
751,434,4.0,3.947932481765747
5,371,1.0,2.926490545272827
886,168,4.0,3.9888203144073486
429,250,2.0,3.215618133544922
398,497,3.0,3.98368239402771
655,944,3.0,1.8747566938400269
524,24,3.0,3.40307354927063
64,1141,5.0,3.0005838871002197
802,56,3.0,3.8778369426727295
446,340,2.0,3.053497076034546
924,258,3.0,3.4465243816375732
650,546,1.0,2.5312087535858154
181,292,1.0,1.5676356554031372
11,11,2.0,3.812319278717041
291,168,5.0,4.999217987060547
410,328,3.0,3.113694190979004
790,959,3.0,3.268169641494751
728,287,4.0,3.855879306793213
506,699,4.0,3.8777129650115967
825,595,3.0,3.529279947280884
13,651,5.0,4.159893035888672
514,713,3.0,3.664090394973755
734,607,5.0,3.566866874694824
287,347,4.0,4.009544372558594
934,168,4.0,3.991456985473633
592,295,4.0,3.505612373352051
452,805,4.0,3.7086164951324463
650,197,4.0,3.50614857673645
339,186,4.0,4.028527736663818
573,127,4.0,4.136353015899658
293,67,3.0,2.022726058959961
429,652,4.0,3.792625904083252
38,678,5.0,3.5452768802642822
749,1274,2.0,2.0501914024353027
813,243,3.0,2.3915114402770996
318,968,3.0,3.893761157989502
74,331,4.0,3.8949782848358154
507,288,5.0,4.821930885314941
151,423,4.0,4.407035827636719
387,772,4.0,3.2989563941955566
244,9,5.0,4.582449913024902
130,627,5.0,4.0393242835998535
801,895,5.0,4.473675727844238
59,59,5.0,4.4770612716674805
11,718,5.0,3.583634376525879
206,300,1.0,2.9233055114746094
817,7,4.0,3.245288133621216
115,92,4.0,4.0184173583984375
213,405,3.0,3.557596445083618
594,286,3.0,3.3963277339935303
535,506,5.0,4.1039581298828125
600,449,4.0,3.3198020458221436
600,176,5.0,4.368841171264648
691,182,5.0,4.5130157470703125
800,121,4.0,3.812122106552124
586,581,2.0,2.9566996097564697
244,40,2.0,3.1439099311828613
741,95,2.0,3.6260292530059814
270,869,1.0,3.711941957473755
534,1028,5.0,4.083696365356445
21,979,2.0,3.2247414588928223
142,28,4.0,3.8072876930236816
792,831,2.0,2.268077850341797
664,302,4.0,4.085703372955322
254,230,4.0,3.5406696796417236
663,121,4.0,3.8499557971954346
525,1011,3.0,3.02651309967041
21,696,2.0,2.6997368335723877
835,210,5.0,4.250649452209473
943,229,2.0,3.1215503215789795
10,495,4.0,4.033164024353027
658,69,4.0,3.5679984092712402
747,202,4.0,3.9830329418182373
458,333,1.0,3.0501856803894043
654,1035,4.0,3.336284637451172
347,268,4.0,3.5605854988098145
436,761,4.0,3.370147705078125
711,763,1.0,3.0945775508880615
206,314,1.0,0.8196439743041992
203,258,3.0,3.9842326641082764
178,783,4.0,3.1731748580932617
234,1064,4.0,3.1934762001037598
559,508,3.0,3.4189023971557617
678,287,3.0,3.417695999145508
275,173,3.0,3.616990327835083
314,7,4.0,3.5386698246002197
148,501,4.0,3.4809553623199463
158,228,5.0,3.92529296875
738,651,4.0,4.103741645812988
378,1232,3.0,2.446444511413574
835,1673,3.0,0.5887148380279541
807,168,4.0,3.989872694015503
243,191,5.0,4.2676239013671875
110,28,4.0,3.6937754154205322
773,809,1.0,2.2939367294311523
417,420,4.0,3.410402536392212
719,87,2.0,3.607351541519165
479,304,4.0,3.371767044067383
655,712,3.0,2.591625452041626
764,216,4.0,4.121258735656738
648,62,5.0,3.0336334705352783
26,298,3.0,3.275211811065674
889,664,2.0,3.4533469676971436
749,240,1.0,2.3227922916412354
339,99,4.0,4.251416206359863
603,380,4.0,3.650444269180298
291,800,2.0,3.532792091369629
488,418,3.0,3.5290777683258057
833,226,3.0,2.1128532886505127
308,24,4.0,3.616760730743408
497,175,4.0,3.298764944076538
303,997,2.0,2.665107488632202
890,89,4.0,4.501456260681152
727,977,2.0,2.559056043624878
385,631,3.0,3.9279539585113525
596,682,4.0,3.284837245941162
798,602,3.0,3.0657944679260254
846,562,5.0,3.2903213500976562
478,780,3.0,2.8054914474487305
259,288,3.0,3.6568751335144043
903,89,4.0,4.491018295288086
766,202,3.0,3.306847333908081
605,210,3.0,3.8015973567962646
588,24,2.0,3.513242721557617
487,378,5.0,4.3508148193359375
268,574,2.0,1.9620262384414673
396,260,3.0,2.7655065059661865
546,590,4.0,2.522233724594116
435,64,5.0,4.303439617156982
489,303,4.0,3.7422726154327393
455,279,3.0,3.3381457328796387
154,945,3.0,3.9285621643066406
276,595,2.0,2.8740592002868652
207,88,2.0,3.4895448684692383
510,1025,3.0,2.533580780029297
59,134,5.0,4.942914962768555
416,588,5.0,4.373873710632324
530,64,5.0,4.549166679382324
281,310,4.0,3.8191568851470947
533,88,4.0,3.6764674186706543
196,116,3.0,3.784137010574341
114,186,3.0,3.52728271484375
894,289,2.0,3.1821813583374023
539,258,4.0,3.8626134395599365
900,480,4.0,3.0146093368530273
904,603,4.0,4.255867004394531
159,364,1.0,2.5083699226379395
504,756,3.0,3.1697375774383545
533,245,3.0,2.947543144226074
846,1055,3.0,3.171996593475342
38,465,5.0,4.063268184661865
296,248,5.0,4.11321496963501
798,38,4.0,3.8900654315948486
837,535,1.0,3.299901247024536
293,196,4.0,3.3693981170654297
407,316,4.0,4.045416831970215
234,482,4.0,3.752847671508789
11,107,4.0,3.7288029193878174
638,515,4.0,3.793945550918579
185,740,4.0,3.7827095985412598
862,100,5.0,5.073028564453125
162,1011,4.0,3.229901075363159
487,289,2.0,3.2000317573547363
771,243,3.0,2.4447288513183594
269,488,4.0,4.149440765380859
639,60,3.0,3.5011801719665527
407,218,4.0,3.537811517715454
735,690,4.0,3.191880226135254
469,490,5.0,4.736437797546387
92,955,4.0,3.5602424144744873
393,153,3.0,3.5747034549713135
488,742,4.0,3.475693464279175
181,1277,2.0,1.6343857049942017
58,955,4.0,3.652323007583618
13,154,5.0,3.6890344619750977
211,228,3.0,3.2500898838043213
109,147,4.0,3.799304723739624
117,895,2.0,3.87692928314209
566,705,4.0,3.806441307067871
525,475,3.0,3.706354856491089
361,226,3.0,2.6055500507354736
290,515,3.0,3.462346076965332
664,678,2.0,1.8826887607574463
706,325,1.0,2.6126868724823
474,737,4.0,3.222477674484253
566,378,4.0,3.3383700847625732
804,468,4.0,3.593320846557617
524,504,5.0,3.890251636505127
235,474,5.0,4.709090232849121
428,347,4.0,3.852383852005005
425,976,1.0,1.8384790420532227
190,294,3.0,3.5444176197052
45,476,3.0,3.17092227935791
304,682,3.0,2.955989122390747
888,762,5.0,4.0252685546875
249,1069,5.0,4.171622276306152
846,232,3.0,3.4979748725891113
416,1400,4.0,3.465857982635498
72,471,4.0,3.347904682159424
389,100,5.0,4.46989631652832
13,629,1.0,3.4774391651153564
533,1033,4.0,2.460392475128174
638,204,5.0,3.8440542221069336
615,300,4.0,2.5952556133270264
843,25,2.0,3.1352083683013916
363,234,3.0,3.3011226654052734
304,893,3.0,2.287564992904663
200,380,5.0,4.387566089630127
13,750,5.0,3.425605297088623
416,185,4.0,4.549489974975586
380,315,4.0,3.6637802124023438
684,742,4.0,3.585235595703125
299,607,4.0,3.9010024070739746
268,223,3.0,3.9506893157958984
135,39,3.0,3.2771706581115723
342,1315,1.0,3.0278637409210205
184,117,2.0,2.990971565246582
757,1016,3.0,3.520892858505249
327,23,4.0,4.05486536026001
308,127,4.0,4.60154914855957
619,252,3.0,3.033355236053467
249,476,3.0,3.019369125366211
880,1423,3.0,1.2722926139831543
151,628,5.0,3.6177217960357666
659,517,5.0,3.8430874347686768
682,419,3.0,3.2834270000457764
766,136,3.0,3.801690101623535
145,410,4.0,3.2099852561950684
766,499,3.0,3.592606782913208
72,195,5.0,3.697929620742798
476,239,4.0,3.722454071044922
437,1206,4.0,2.5071451663970947
875,582,5.0,3.935819387435913
796,449,4.0,3.2293941974639893
606,11,5.0,4.283566474914551
632,237,3.0,3.3686983585357666
660,210,4.0,2.9708714485168457
62,91,4.0,3.5366008281707764
918,381,5.0,3.3017704486846924
666,70,4.0,3.6635701656341553
132,124,4.0,4.11417293548584
412,4,3.0,3.4742751121520996
670,175,2.0,3.253844976425171
216,81,4.0,3.9082062244415283
324,873,5.0,3.893538236618042
279,919,3.0,3.1538000106811523
665,931,3.0,2.0705764293670654
781,318,3.0,4.51755428314209
244,550,1.0,3.4937057495117188
748,474,4.0,3.703253984451294
239,701,5.0,4.284777641296387
83,756,4.0,3.0521233081817627
347,182,5.0,3.7902495861053467
476,451,3.0,3.5074658393859863
899,51,1.0,3.3939623832702637
623,15,4.0,3.426171064376831
462,288,5.0,4.07928991317749
398,654,4.0,3.7485430240631104
219,269,5.0,4.428189277648926
328,754,4.0,3.258039951324463
882,1412,3.0,1.8052220344543457
401,204,5.0,3.2922463417053223
725,15,4.0,4.016868591308594
459,596,3.0,3.362525701522827
219,936,4.0,4.037660121917725
766,217,4.0,2.831437349319458
697,7,5.0,4.1673688888549805
787,305,3.0,3.2090487480163574
417,325,2.0,2.6161248683929443
450,728,3.0,3.369614362716675
186,298,3.0,3.750138759613037
665,234,3.0,3.615971565246582
545,549,4.0,3.340663194656372
435,211,4.0,3.56440806388855
805,223,5.0,4.287311553955078
321,730,3.0,3.541923999786377
763,462,5.0,3.952470541000366
291,571,2.0,2.5429797172546387
263,378,5.0,4.395430564880371
572,300,4.0,2.7503063678741455
831,328,3.0,3.149777412414551
639,197,3.0,3.5330796241760254
815,127,3.0,3.964137077331543
711,365,3.0,3.2752835750579834
59,609,2.0,3.8316800594329834
222,418,2.0,3.3814923763275146
387,1198,3.0,3.336230993270874
5,110,1.0,2.004429578781128
293,1147,4.0,3.347626209259033
283,168,5.0,4.703230857849121
535,64,5.0,4.581086158752441
9,487,5.0,4.368588924407959
913,202,4.0,3.45001220703125
848,393,5.0,3.6037979125976562
739,216,4.0,3.488809823989868
354,10,5.0,4.05532169342041
897,405,5.0,3.8614954948425293
4,328,3.0,4.663850784301758
542,1,4.0,3.6541240215301514
763,198,5.0,4.3050055503845215
880,328,4.0,3.482447862625122
748,86,4.0,3.607128143310547
201,1128,4.0,2.5329740047454834
830,56,2.0,3.85697865486145
38,211,1.0,4.146183967590332
189,276,3.0,4.077758312225342
334,403,4.0,3.1391539573669434
224,329,3.0,2.9763216972351074
256,724,4.0,4.032217979431152
292,199,5.0,4.595770835876465
11,291,4.0,3.235487222671509
498,50,4.0,3.47074294090271
841,307,5.0,3.8271358013153076
396,977,3.0,2.8806023597717285
378,1478,3.0,2.8814432621002197
416,284,4.0,3.7072455883026123
697,881,2.0,3.2011756896972656
655,900,3.0,3.3744418621063232
693,258,4.0,3.3815295696258545
637,13,1.0,2.2603864669799805
60,180,4.0,4.583359718322754
354,135,3.0,4.117153644561768
618,148,3.0,3.014864683151245
36,875,3.0,2.926283836364746
807,477,4.0,3.323056936264038
810,326,5.0,4.428269386291504
625,528,3.0,3.5345346927642822
653,546,2.0,2.9301278591156006
320,470,5.0,4.167402267456055
6,521,4.0,3.7533340454101562
7,259,3.0,2.365586280822754
222,636,4.0,3.310119867324829
254,1444,3.0,2.5057506561279297
23,275,5.0,4.026486396789551
374,233,3.0,3.547539710998535
295,389,4.0,4.129009246826172
846,95,3.0,3.9241437911987305
825,106,4.0,3.2090842723846436
483,405,3.0,3.1859827041625977
843,145,3.0,2.427408218383789
504,162,4.0,3.5876245498657227
330,204,5.0,5.024007797241211
897,498,5.0,4.331933975219727
276,463,4.0,4.177088737487793
524,416,4.0,3.1972296237945557
465,603,4.0,3.7028253078460693
279,685,3.0,3.463038206100464
883,55,4.0,4.108185768127441
269,747,4.0,2.7762467861175537
787,350,1.0,3.1836609840393066
429,510,4.0,3.8071041107177734
181,1373,1.0,0.47409266233444214
682,943,3.0,3.531581163406372
618,655,4.0,3.420189380645752
301,790,4.0,3.1038713455200195
254,103,2.0,2.1803088188171387
200,523,4.0,4.5964460372924805
535,197,5.0,4.168637275695801
435,358,4.0,2.881375551223755
655,1011,3.0,2.913472890853882
450,549,3.0,3.8836669921875
318,94,4.0,3.5213544368743896
828,557,2.0,2.988835096359253
44,172,4.0,4.560825347900391
749,984,3.0,2.5814049243927
269,1154,3.0,2.5433151721954346
758,231,3.0,2.931445360183716
279,1162,3.0,1.2127532958984375
94,472,3.0,2.265611171722412
485,321,3.0,2.7516603469848633
299,602,3.0,3.3268346786499023
151,88,5.0,3.55290150642395
271,220,3.0,3.168098211288452
45,15,4.0,3.9450972080230713
921,778,3.0,3.113101005554199
655,803,3.0,2.0928146839141846
864,734,3.0,2.8522019386291504
48,524,3.0,3.874147415161133
416,213,5.0,4.315874099731445
593,4,4.0,3.518720865249634
514,682,4.0,2.932532548904419
378,295,3.0,3.4434430599212646
160,56,5.0,4.743812561035156
234,808,2.0,1.9599803686141968
429,385,3.0,3.2594375610351562
843,379,2.0,2.8210062980651855
610,172,4.0,4.313174247741699
244,197,4.0,4.449427604675293
627,177,5.0,3.840574264526367
655,475,3.0,3.602686643600464
655,1213,2.0,1.7135505676269531
841,751,3.0,3.8437132835388184
882,471,4.0,3.9944424629211426
577,1271,3.0,2.6749720573425293
203,257,3.0,3.8950417041778564
248,928,3.0,2.859098196029663
288,286,4.0,3.7930800914764404
299,733,3.0,3.578050374984741
653,765,1.0,2.354113817214966
880,375,1.0,2.343458414077759
328,1109,3.0,3.1925745010375977
58,9,4.0,4.096348762512207
521,240,3.0,2.4697530269622803
332,934,2.0,3.607311725616455
845,1234,4.0,1.8923068046569824
62,21,3.0,2.242321729660034
698,516,2.0,2.862001657485962
215,288,2.0,3.228605270385742
548,370,3.0,3.2099053859710693
339,156,5.0,4.4015350341796875
159,117,5.0,4.368827819824219
194,640,1.0,2.5627124309539795
194,417,2.0,2.639878511428833
699,828,3.0,2.4423999786376953
244,95,4.0,3.5980398654937744
145,486,3.0,3.8455374240875244
267,685,3.0,3.434784173965454
437,42,3.0,3.4716601371765137
880,85,3.0,3.257408618927002
267,474,5.0,5.0789995193481445
682,187,5.0,3.811314582824707
661,70,4.0,3.874410390853882
653,286,4.0,2.926656484603882
318,282,4.0,4.049561500549316
690,70,2.0,3.1210224628448486
21,980,2.0,3.560588836669922
297,588,4.0,3.3078463077545166
897,179,3.0,3.3254096508026123
523,662,4.0,4.2443318367004395
663,260,2.0,2.6655330657958984
435,157,4.0,3.7074496746063232
59,47,5.0,4.151456832885742
13,852,1.0,0.5951383113861084
296,276,5.0,4.240376949310303
654,121,4.0,4.072665214538574
195,678,3.0,2.611562967300415
3,344,4.0,3.1863656044006348
748,173,4.0,3.9035451412200928
817,876,4.0,2.612757682800293
308,73,3.0,3.3398184776306152
774,234,2.0,2.5361759662628174
414,313,4.0,4.652050018310547
18,242,5.0,4.338671684265137
407,202,4.0,3.5201618671417236
936,118,3.0,2.6400861740112305
774,178,4.0,2.7243330478668213
743,276,5.0,4.004242897033691
354,47,4.0,3.85343861579895
566,49,2.0,3.0983521938323975
221,358,3.0,2.9693703651428223
268,949,2.0,3.252088785171509
102,501,2.0,2.6657209396362305
782,1378,2.0,1.988671064376831
795,588,5.0,3.3306946754455566
1,175,5.0,4.281567573547363
185,196,4.0,4.165096282958984
145,411,2.0,2.9905714988708496
287,218,5.0,4.104040145874023
488,514,2.0,2.755067825317383
750,269,4.0,3.9321837425231934
336,619,3.0,3.2518277168273926
6,490,5.0,4.1962151527404785
394,797,3.0,3.5041732788085938
197,306,2.0,3.624445915222168
435,155,3.0,2.6452744007110596
43,531,4.0,4.039378643035889
201,222,3.0,2.6535704135894775
532,22,5.0,5.767693519592285
664,513,4.0,4.488975524902344
356,331,3.0,3.6870501041412354
524,474,4.0,4.309459686279297
663,685,4.0,3.4612679481506348
622,162,3.0,3.441270112991333
44,196,4.0,4.087620258331299
457,318,5.0,5.320477485656738
655,1018,3.0,2.8227474689483643
271,216,5.0,4.012334823608398
13,821,3.0,2.619231700897217
286,642,3.0,3.9033637046813965
130,413,3.0,3.1266727447509766
145,100,5.0,4.0225629806518555
342,792,3.0,3.943450689315796
299,173,5.0,3.877012014389038
655,619,3.0,2.399998664855957
788,231,3.0,2.751967430114746
417,743,2.0,2.01802921295166
401,724,4.0,3.040454387664795
268,232,3.0,2.7267305850982666
72,679,2.0,2.902625799179077
921,924,3.0,3.066871404647827
181,3,2.0,1.4264782667160034
779,117,4.0,4.347751140594482
774,1091,1.0,1.6518478393554688
397,343,2.0,2.6583003997802734
843,227,3.0,2.5871589183807373
823,450,1.0,2.7009999752044678
113,292,3.0,4.050647735595703
233,215,5.0,4.272542953491211
314,468,4.0,3.8744280338287354
454,185,2.0,2.924506187438965
51,485,1.0,3.4784183502197266
682,281,3.0,3.1210367679595947
257,531,5.0,4.280328750610352
592,702,4.0,3.489744186401367
328,528,5.0,3.868933916091919
13,327,3.0,2.630579710006714
213,97,5.0,4.269903182983398
176,151,4.0,3.8163957595825195
347,1,4.0,3.9551544189453125
794,109,4.0,3.8797531127929688
838,121,2.0,3.892634630203247
540,281,3.0,3.386216878890991
903,59,4.0,4.2637810707092285
312,968,5.0,4.26657772064209
271,642,5.0,3.5786561965942383
279,663,3.0,3.5188629627227783
533,591,4.0,3.4714882373809814
52,471,4.0,4.1444621086120605
184,93,4.0,3.7734572887420654
195,135,5.0,3.9282898902893066
828,316,5.0,3.297124147415161
796,322,3.0,3.4518141746520996
378,744,3.0,3.4814653396606445
378,546,2.0,2.8520936965942383
57,249,5.0,3.49110746383667
189,199,5.0,4.509404182434082
667,23,3.0,4.528146743774414
301,3,2.0,3.3137969970703125
297,751,4.0,3.140371322631836
515,258,4.0,3.3761394023895264
796,282,4.0,4.119315147399902
380,28,4.0,3.094444513320923
339,484,5.0,4.735206604003906
368,288,3.0,3.2926623821258545
72,45,5.0,3.887805938720703
618,181,5.0,3.798367977142334
687,323,2.0,3.202498435974121
397,332,2.0,2.566403865814209
344,246,4.0,3.8735969066619873
303,233,4.0,2.9482741355895996
488,612,4.0,3.457296371459961
305,190,3.0,3.9910435676574707
85,301,4.0,2.53011417388916
9,50,5.0,5.009515762329102
125,238,3.0,2.9964380264282227
201,56,5.0,3.9781620502471924
934,771,3.0,2.6298723220825195
884,515,4.0,4.261166095733643
472,323,4.0,4.571943283081055
75,118,3.0,2.868628978729248
524,501,2.0,3.36262845993042
151,301,4.0,3.2679738998413086
197,177,5.0,3.6887409687042236
437,56,4.0,4.094394683837891
346,127,5.0,3.5818428993225098
547,315,4.0,4.205336570739746
757,1240,3.0,3.753302574157715
846,241,4.0,3.8577969074249268
682,623,3.0,2.630398988723755
639,61,3.0,3.2215960025787354
761,261,1.0,2.17923641204834
76,1153,2.0,3.4928596019744873
904,815,4.0,3.369865894317627
892,274,4.0,3.7144715785980225
62,22,4.0,3.6301136016845703
398,692,4.0,3.866399049758911
192,284,5.0,2.9655697345733643
7,449,3.0,3.2294206619262695
241,880,5.0,2.7695868015289307
741,239,2.0,3.368964433670044
543,651,3.0,3.8737480640411377
328,284,3.0,3.188674211502075
48,243,3.0,2.1038966178894043
627,2,3.0,2.8866710662841797
934,660,5.0,3.8075366020202637
542,523,4.0,4.075360298156738
786,429,4.0,4.33625602722168
707,9,5.0,4.092779159545898
609,287,5.0,2.8762118816375732
286,1060,5.0,3.4434852600097656
542,23,5.0,4.224308967590332
37,403,5.0,3.685671329498291
692,287,3.0,3.4592103958129883
303,763,4.0,3.017939329147339
294,406,2.0,2.59696364402771
387,203,4.0,3.9143025875091553
787,269,3.0,3.5847766399383545
495,969,4.0,4.435817718505859
610,331,3.0,3.2729413509368896
160,763,4.0,3.3983089923858643
249,89,5.0,4.9455718994140625
918,213,5.0,3.6245529651641846
459,678,4.0,3.0869882106781006
625,172,4.0,3.7757327556610107
566,33,2.0,3.281587839126587
855,462,4.0,2.9711146354675293
648,225,1.0,3.0238101482391357
663,544,4.0,3.3079652786254883
301,429,4.0,4.040048122406006
230,211,5.0,3.9228663444519043
346,1090,2.0,2.4505228996276855
229,358,1.0,2.2081689834594727
532,545,2.0,2.5217959880828857
747,649,3.0,3.8938238620758057
918,747,3.0,2.876835823059082
279,659,5.0,3.782179117202759
900,1028,2.0,1.857972264289856
457,53,4.0,3.2805466651916504
291,413,4.0,3.1020381450653076
164,121,5.0,4.672597885131836
650,849,2.0,2.3403995037078857
541,1036,2.0,2.8578784465789795
269,111,1.0,2.4192888736724854
503,640,1.0,3.2071244716644287
545,578,4.0,3.4706051349639893
130,393,5.0,4.1374969482421875
716,1050,4.0,3.7342052459716797
102,436,2.0,2.6704814434051514
101,928,2.0,2.870604991912842
380,1444,1.0,1.8432461023330688
919,1315,2.0,3.3412582874298096
460,289,4.0,2.8337008953094482
396,329,2.0,3.5629336833953857
739,79,4.0,3.7763562202453613
185,480,4.0,4.338800430297852
385,367,4.0,2.6999664306640625
334,549,4.0,3.4678494930267334
843,288,4.0,3.2333006858825684
236,195,2.0,3.613555669784546
405,521,4.0,1.8607932329177856
178,654,3.0,3.4932966232299805
718,111,4.0,3.6941776275634766
254,82,4.0,3.81613826751709
180,462,5.0,4.273475646972656
94,1224,3.0,2.7858798503875732
94,63,3.0,2.4690334796905518
785,288,3.0,3.626014232635498
342,762,2.0,3.178370952606201
207,841,3.0,2.7227394580841064
625,945,3.0,3.3867337703704834
537,91,2.0,3.1685571670532227
897,73,3.0,4.043944358825684
79,813,5.0,4.214679718017578
393,316,5.0,3.7482738494873047
577,79,4.0,4.520768165588379
295,722,4.0,3.4189155101776123
118,919,5.0,4.555769920349121
881,222,5.0,3.5913889408111572
343,25,2.0,3.4905450344085693
442,710,5.0,3.4809517860412598
846,132,5.0,4.242386817932129
286,73,5.0,3.7131102085113525
429,1011,4.0,3.3276913166046143
435,333,3.0,3.8646109104156494
711,277,5.0,3.905651807785034
287,50,5.0,5.064627647399902
851,693,5.0,4.12080192565918
804,2,4.0,3.692319869995117
616,313,5.0,4.640425682067871
454,238,3.0,2.3325934410095215
224,157,4.0,2.951734781265259
648,810,4.0,2.601353645324707
629,301,3.0,3.248814821243286
650,97,3.0,3.432086706161499
320,148,4.0,3.883457899093628
625,433,3.0,3.250075578689575
402,476,3.0,3.04178786277771
416,684,5.0,4.333501815795898
921,328,5.0,3.4306983947753906
409,178,5.0,4.207754135131836
551,25,1.0,3.955836534500122
715,276,3.0,3.6191530227661133
374,15,3.0,3.898841619491577
306,1028,2.0,2.784151554107666
344,1014,4.0,3.0782604217529297
121,717,5.0,1.9489284753799438
347,273,5.0,3.4653608798980713
262,71,4.0,3.432278633117676
453,68,4.0,3.524681806564331
508,181,3.0,3.464216709136963
472,229,5.0,3.8047993183135986
883,61,5.0,4.154459476470947
149,258,3.0,3.127411127090454
706,245,3.0,3.137582302093506
102,746,2.0,2.8777172565460205
315,276,4.0,4.521533966064453
582,597,3.0,2.5155997276306152
453,33,4.0,3.5654819011688232
222,223,4.0,3.6749305725097656
378,559,4.0,3.0568764209747314
343,163,5.0,3.9791626930236816
225,172,5.0,4.880746841430664
796,1076,2.0,2.5763142108917236
95,505,3.0,3.701692819595337
423,690,4.0,3.482106924057007
602,871,3.0,3.026240348815918
129,288,1.0,2.3760986328125
774,449,1.0,1.7912538051605225
230,371,4.0,3.340405225753784
495,181,5.0,4.785102844238281
621,559,5.0,3.8125507831573486
679,8,2.0,4.003808975219727
202,286,1.0,2.7709524631500244
943,471,5.0,3.9916787147521973
22,386,3.0,3.0268328189849854
181,118,2.0,2.3950564861297607
374,88,3.0,3.760282516479492
435,52,5.0,3.3185060024261475
437,417,5.0,3.0433883666992188
664,276,5.0,3.763152837753296
403,405,5.0,3.817572832107544
269,237,2.0,2.247856378555298
38,69,5.0,4.678715705871582
376,707,4.0,3.9300127029418945
268,780,3.0,2.6246275901794434
497,187,5.0,3.728609800338745
896,358,1.0,2.3966925144195557
828,86,3.0,3.432708263397217
593,79,4.0,4.22265625
432,315,5.0,4.300533294677734
504,693,4.0,3.7323553562164307
919,690,3.0,3.609326124191284
299,435,3.0,3.783064365386963
880,28,5.0,3.9500784873962402
405,57,1.0,2.0601353645324707
687,340,4.0,3.6144697666168213
360,523,3.0,4.3307671546936035
374,619,3.0,3.537581205368042
361,514,5.0,4.03560209274292
87,73,3.0,4.306804656982422
833,127,5.0,4.136812210083008
499,193,4.0,3.691556453704834
456,101,3.0,3.299281120300293
125,1036,2.0,2.9269840717315674
699,764,3.0,2.677996873855591
778,712,3.0,2.817373037338257
249,182,5.0,4.7993621826171875
299,381,3.0,3.5279650688171387
621,241,4.0,4.034198760986328
92,101,2.0,3.557417869567871
727,22,4.0,4.222173690795898
889,60,3.0,3.700082302093506
643,12,5.0,4.541983604431152
169,495,3.0,3.52247953414917
437,781,4.0,2.877211570739746
877,226,3.0,3.383521795272827
606,15,5.0,4.127335548400879
10,698,4.0,2.9236948490142822
592,985,4.0,3.082902193069458
399,1219,3.0,2.6130120754241943
938,1152,3.0,3.3858046531677246
66,1,3.0,3.775880813598633
585,166,4.0,4.067619323730469
269,417,2.0,1.8815439939498901
682,17,3.0,3.1217243671417236
880,636,3.0,3.6112332344055176
650,579,3.0,2.513664484024048
354,515,3.0,4.404166221618652
528,178,4.0,4.246990203857422
5,421,1.0,3.431359052658081
534,455,5.0,3.9648942947387695
60,173,4.0,4.586451530456543
452,509,4.0,3.2540647983551025
536,416,4.0,3.7354230880737305
789,591,3.0,3.441661834716797
224,686,4.0,3.1991288661956787
805,162,2.0,3.609340190887451
399,232,2.0,2.977261781692505
486,1322,3.0,2.810257911682129
548,12,5.0,4.236745834350586
279,977,4.0,2.8740081787109375
21,853,5.0,3.9626784324645996
249,175,4.0,4.680200576782227
151,485,5.0,4.341458797454834
301,758,3.0,2.1204662322998047
683,132,5.0,3.7208824157714844
659,241,3.0,3.725789785385132
802,219,5.0,3.6988658905029297
488,480,3.0,3.3940446376800537
712,812,4.0,3.1106951236724854
881,202,4.0,3.442420244216919
68,1028,4.0,2.3266515731811523
880,109,4.0,3.7336888313293457
660,219,1.0,2.624866485595703
548,504,5.0,3.507880926132202
457,436,4.0,4.131224632263184
38,218,3.0,4.20936393737793
891,476,5.0,3.5170795917510986
181,262,2.0,1.1374188661575317
391,12,5.0,4.361261367797852
315,178,4.0,4.598779678344727
472,100,5.0,4.94510555267334
896,1220,1.0,3.069476842880249
207,107,3.0,3.4573373794555664
303,550,3.0,3.144632339477539
458,499,4.0,3.9997875690460205
453,423,4.0,3.2205452919006348
114,522,5.0,3.359600067138672
13,363,3.0,2.256652355194092
561,566,3.0,2.2107949256896973
612,100,4.0,3.8198800086975098
833,64,3.0,3.553166389465332
194,117,3.0,2.5649683475494385
184,275,5.0,4.058249473571777
201,358,1.0,2.171062469482422
522,23,5.0,4.359208106994629
506,28,4.0,4.179409027099609
870,1134,4.0,3.181112051010132
305,89,3.0,3.892244338989258
91,527,4.0,3.9138412475585938
682,720,4.0,2.693115472793579
566,88,3.0,2.676593780517578
880,195,4.0,4.210387229919434
179,362,1.0,2.6006102561950684
383,504,4.0,4.244639873504639
79,10,5.0,4.219815254211426
567,109,2.0,3.1838371753692627
177,689,3.0,2.5035605430603027
938,748,2.0,3.3556461334228516
376,328,3.0,3.242534875869751
394,402,4.0,3.8453543186187744
504,418,3.0,3.863281488418579
21,50,3.0,4.315347671508789
262,931,2.0,1.9602940082550049
658,515,5.0,4.272098064422607
144,478,4.0,4.331491947174072
189,474,5.0,4.847860336303711
364,325,4.0,2.9449808597564697
328,748,3.0,3.101292133331299
711,959,5.0,3.84399151802063
201,286,2.0,3.3594133853912354
851,147,4.0,3.6988930702209473
297,53,3.0,2.719494342803955
499,539,1.0,2.5972771644592285
58,462,4.0,3.7915029525756836
846,216,4.0,3.991424322128296
416,469,4.0,4.007044792175293
218,762,4.0,3.2093775272369385
592,512,5.0,4.773627281188965
758,1025,3.0,2.701704978942871
37,546,3.0,3.2306244373321533
445,1014,1.0,1.948117733001709
705,655,3.0,3.519956111907959
554,79,5.0,4.180630207061768
201,559,2.0,2.687833309173584
932,67,2.0,2.326292037963867
860,508,4.0,3.3724570274353027
686,170,5.0,4.832653045654297
269,602,4.0,3.0164334774017334
13,109,4.0,3.0737335681915283
642,443,2.0,3.4117727279663086
284,751,3.0,3.3294355869293213
712,143,5.0,4.307624816894531
852,121,4.0,3.994508743286133
782,323,3.0,3.0981123447418213
336,186,4.0,3.9427542686462402
291,379,3.0,3.8303606510162354
52,250,3.0,3.849752187728882
303,739,5.0,2.7833752632141113
457,240,3.0,2.946380138397217
262,443,3.0,3.6249375343322754
882,568,5.0,4.316262245178223
405,1266,1.0,1.4509592056274414
253,203,4.0,3.9483821392059326
169,211,5.0,3.834237575531006
758,716,2.0,3.481105327606201
712,173,5.0,4.400851249694824
569,124,5.0,4.120596885681152
514,778,4.0,3.6405158042907715
172,178,3.0,3.61369252204895
514,98,5.0,4.373865127563477
157,100,5.0,4.742062568664551
650,151,3.0,3.2167510986328125
908,603,4.0,3.8589656352996826
496,921,5.0,3.5378386974334717
838,254,3.0,2.6072049140930176
637,127,2.0,2.8345754146575928
92,109,3.0,3.5009477138519287
320,68,5.0,4.071593284606934
393,270,5.0,4.008364677429199
429,357,5.0,4.292637825012207
378,401,4.0,2.7377262115478516
865,547,5.0,2.862191915512085
903,582,3.0,3.862715482711792
919,327,4.0,3.5484085083007812
634,1008,2.0,3.0635430812835693
342,833,3.0,2.832050085067749
536,167,3.0,3.3315868377685547
782,1142,3.0,2.866912603378296
13,908,1.0,1.6051442623138428
910,597,3.0,2.288654327392578
3,329,4.0,2.8460936546325684
167,1310,3.0,0.6074881553649902
890,489,4.0,4.426666259765625
788,983,3.0,2.3736202716827393
450,142,5.0,3.4858388900756836
716,387,4.0,3.452660083770752
815,471,2.0,3.249462604522705
907,1220,5.0,4.812283515930176
823,52,3.0,4.295435428619385
653,204,4.0,3.161494016647339
598,259,3.0,3.105395793914795
115,177,5.0,4.370942115783691
152,740,4.0,4.034762382507324
794,242,5.0,4.837862014770508
269,783,1.0,0.6074956059455872
315,654,5.0,4.674289703369141
349,9,4.0,3.583498477935791
151,231,1.0,2.8689777851104736
655,280,2.0,2.0352706909179688
795,265,3.0,3.1518380641937256
310,274,3.0,3.4479916095733643
6,22,3.0,3.3516414165496826
426,646,3.0,3.976553201675415
618,168,5.0,3.3874213695526123
355,689,4.0,3.932656764984131
276,182,5.0,4.480866432189941
679,172,5.0,4.077840328216553
393,195,3.0,4.159640789031982
98,168,2.0,3.877440929412842
197,684,4.0,3.9456372261047363
585,740,4.0,3.44901180267334
823,209,4.0,4.691235542297363
846,239,4.0,3.7974424362182617
479,205,3.0,4.026240348815918
328,582,5.0,3.3852345943450928
558,19,5.0,4.381032943725586
705,1043,5.0,3.0052690505981445
897,670,3.0,3.3296802043914795
207,319,3.0,2.920186996459961
841,286,5.0,3.8239805698394775
694,1126,5.0,3.4902799129486084
722,597,3.0,3.369258165359497
640,1054,1.0,2.783355712890625
669,614,4.0,3.240506649017334
524,584,1.0,3.550750494003296
440,329,5.0,3.674323558807373
16,69,5.0,4.629234313964844
425,540,2.0,2.190796375274658
804,257,5.0,4.270881652832031
897,28,4.0,4.3062334060668945
684,66,4.0,3.4378726482391357
85,1074,3.0,2.230720043182373
566,69,4.0,3.037712812423706
128,258,2.0,3.74043345451355
886,29,1.0,2.5743446350097656
885,237,5.0,3.6038100719451904
32,298,5.0,3.574131727218628
422,126,4.0,3.8258581161499023
373,420,4.0,3.5894877910614014
210,181,5.0,4.457139015197754
250,123,3.0,3.473574638366699
269,886,3.0,2.2755541801452637
186,406,1.0,2.8489296436309814
496,417,1.0,2.453101396560669
66,286,1.0,3.5102035999298096
401,154,1.0,2.990363836288452
38,616,3.0,3.7482147216796875
257,50,5.0,4.749350547790527
201,59,4.0,3.52731990814209
239,175,5.0,4.4576568603515625
880,881,4.0,3.0835630893707275
11,121,3.0,3.362720489501953
913,269,5.0,3.4946556091308594
306,289,3.0,3.106736421585083
21,324,4.0,3.315136671066284
258,286,5.0,3.6868808269500732
311,204,5.0,4.347002029418945
344,106,2.0,2.7156853675842285
247,300,2.0,3.6953978538513184
851,1051,2.0,3.427882671356201
428,896,4.0,3.8982186317443848
22,216,4.0,4.068136692047119
790,393,2.0,2.9190754890441895
892,417,3.0,3.663693428039551
436,925,4.0,3.789893627166748
343,252,4.0,2.563908100128174
524,647,3.0,4.130156517028809
919,98,5.0,4.196125030517578
210,152,5.0,4.1569695472717285
299,114,4.0,4.0879740715026855
833,249,1.0,2.899043083190918
795,121,3.0,2.472337007522583
312,526,5.0,4.617467880249023
854,302,3.0,3.879540205001831
190,7,4.0,3.2956976890563965
537,327,2.0,2.3419461250305176
627,553,3.0,2.835988759994507
788,125,3.0,3.5274722576141357
666,647,5.0,4.235983848571777
467,269,4.0,4.287498950958252
715,98,5.0,4.256540298461914
158,285,5.0,4.71049690246582
536,474,5.0,3.930655002593994
211,300,2.0,3.2725348472595215
407,163,3.0,3.4486939907073975
622,79,5.0,3.854156494140625
716,604,3.0,4.394704818725586
864,1217,3.0,3.119175434112549
42,194,5.0,4.161392688751221
480,169,5.0,4.144984722137451
345,220,3.0,3.131930351257324
514,81,4.0,3.601400852203369
385,650,5.0,3.5830557346343994
804,33,4.0,3.7616302967071533
577,97,5.0,4.290440559387207
495,234,5.0,4.497483253479004
173,269,4.0,5.157448768615723
416,619,4.0,3.8912124633789062
116,539,2.0,2.1680850982666016
623,227,4.0,3.148845911026001
936,127,5.0,4.929112434387207
897,849,4.0,3.0905256271362305
96,435,3.0,4.212469100952148
761,840,4.0,2.5756564140319824
551,91,1.0,4.023756980895996
380,923,3.0,3.8531477451324463
790,1044,4.0,3.0494518280029297
869,298,3.0,3.003880262374878
836,900,2.0,4.329362869262695
894,979,3.0,3.432934284210205
399,545,2.0,1.7534563541412354
257,151,4.0,4.071103096008301
796,22,4.0,4.866270065307617
188,769,2.0,2.7651660442352295
588,98,1.0,4.488178253173828
838,83,5.0,4.366758346557617
378,550,2.0,3.3690805435180664
4,301,5.0,4.335358619689941
294,544,4.0,3.443636894226074
164,331,5.0,4.3001909255981445
487,202,5.0,3.9955642223358154
326,515,5.0,3.407309055328369
537,50,4.0,3.330010175704956
455,629,3.0,3.2672839164733887
342,764,1.0,2.450061798095703
174,780,1.0,3.2986185550689697
719,890,1.0,1.5695143938064575
276,959,4.0,3.759136199951172
764,70,4.0,3.7737951278686523
398,495,4.0,3.7463786602020264
113,242,2.0,4.289337635040283
642,969,2.0,3.9533603191375732
201,144,4.0,3.1815943717956543
231,1,3.0,3.9701731204986572
330,22,5.0,5.655073165893555
60,511,4.0,4.874844551086426
5,445,3.0,3.465041160583496
666,127,5.0,4.3770952224731445
506,538,3.0,3.3431589603424072
347,686,5.0,3.779917001724243
189,486,5.0,4.161222457885742
308,432,4.0,3.810347318649292
553,646,4.0,4.373908996582031
585,463,5.0,3.9823756217956543
504,143,4.0,3.9882068634033203
868,432,2.0,3.36082124710083
393,51,4.0,3.4021167755126953
107,321,2.0,2.8437881469726562
299,462,5.0,3.693925380706787
13,862,3.0,1.9207779169082642
593,966,5.0,4.074215888977051
820,343,4.0,2.923853635787964
392,250,3.0,3.63236141204834
301,79,5.0,4.323396682739258
492,1121,2.0,3.2204785346984863
328,568,3.0,3.6796391010284424
151,420,5.0,3.890145778656006
253,96,5.0,4.371960163116455
7,546,4.0,2.936184883117676
251,147,3.0,3.5893478393554688
721,681,3.0,3.0472896099090576
244,1188,4.0,2.978924512863159
508,219,1.0,2.9795751571655273
900,31,2.0,2.3481619358062744
95,95,3.0,3.88769268989563
225,22,5.0,4.809853553771973
694,520,5.0,4.5483856201171875
393,125,4.0,4.163257598876953
521,17,1.0,2.830947160720825
276,67,3.0,3.1605117321014404
930,151,2.0,2.9468839168548584
592,521,5.0,4.462908744812012
894,1009,4.0,3.5370049476623535
639,356,2.0,2.651977777481079
280,11,5.0,4.114989280700684
606,530,4.0,4.270147323608398
935,15,5.0,4.202461242675781
551,66,2.0,3.689927577972412
659,172,3.0,4.343660354614258
92,202,3.0,3.6382241249084473
556,496,5.0,4.555461883544922
381,49,2.0,3.3964920043945312
55,144,5.0,3.5487494468688965
389,486,4.0,4.120687961578369
438,148,5.0,4.132411956787109
223,322,4.0,3.006796360015869
151,1,5.0,4.245321273803711
267,554,3.0,3.042808771133423
169,181,5.0,4.065442085266113
268,238,3.0,3.776571035385132
267,216,4.0,4.28157901763916
658,511,4.0,4.260829925537109
458,582,1.0,3.7635228633880615
334,209,3.0,4.125317573547363
349,100,4.0,4.026639461517334
916,1268,3.0,4.138782501220703
649,257,5.0,3.960405111312866
932,606,4.0,4.637345314025879
388,300,4.0,4.619502067565918
427,1296,5.0,4.580848693847656
669,12,5.0,3.7817819118499756
224,258,3.0,3.184314012527466
776,182,3.0,4.0326619148254395
907,25,5.0,4.531547546386719
100,328,4.0,3.235118865966797
327,204,4.0,3.127906084060669
864,194,4.0,4.307376384735107
695,343,4.0,3.114614248275757
653,197,3.0,2.612482786178589
655,233,3.0,2.225520610809326
308,634,4.0,3.605335235595703
381,120,1.0,1.8475559949874878
286,411,2.0,3.251676559448242
647,134,4.0,3.9793570041656494
731,127,4.0,3.291172742843628
230,234,4.0,4.023806571960449
715,95,4.0,3.7396225929260254
535,44,4.0,3.6309821605682373
151,210,4.0,4.126038551330566
198,820,1.0,2.1655330657958984
201,134,4.0,3.983816385269165
532,147,4.0,4.415099143981934
267,214,4.0,3.9305360317230225
566,8,4.0,4.141292572021484
49,423,2.0,2.7530012130737305
201,505,3.0,3.3509106636047363
1,252,2.0,2.518998861312866
151,168,5.0,4.415201187133789
146,307,3.0,3.7523353099823
216,298,5.0,3.917036771774292
360,69,3.0,3.4647679328918457
42,467,3.0,3.6305558681488037
416,761,4.0,3.370854377746582
588,934,4.0,3.1786997318267822
147,269,4.0,4.584741592407227
537,990,2.0,2.150291919708252
531,892,3.0,3.0931191444396973
806,14,3.0,3.9707190990448
508,209,5.0,4.462490081787109
293,582,4.0,3.4832699298858643
429,161,3.0,2.94128155708313
312,121,3.0,3.0682473182678223
712,172,5.0,4.772439956665039
399,550,3.0,3.1947624683380127
296,659,5.0,4.8447771072387695
892,288,4.0,3.671281337738037
716,160,2.0,3.1310431957244873
342,975,2.0,2.8821210861206055
334,405,3.0,2.7274229526519775
593,366,4.0,3.629145622253418
862,472,5.0,3.6548588275909424
56,423,5.0,3.9121129512786865
457,588,5.0,4.505910873413086
367,333,4.0,4.644353866577148
887,318,5.0,5.001307487487793
262,1054,2.0,2.168814182281494
117,151,4.0,4.071382522583008
198,655,4.0,3.472153663635254
7,483,4.0,5.102494239807129
207,129,3.0,3.446791648864746
844,24,5.0,3.065119981765747
341,881,5.0,3.811417818069458
933,160,3.0,2.83064341545105
298,311,3.0,3.804844617843628
551,218,5.0,4.057612419128418
844,7,3.0,3.4048385620117188
305,203,4.0,3.6082656383514404
13,230,3.0,3.138781785964966
821,597,3.0,3.6286416053771973
568,475,4.0,3.134223461151123
387,109,4.0,3.097264289855957
643,715,5.0,3.5066866874694824
154,302,4.0,4.304727554321289
638,636,3.0,3.1839001178741455
747,17,4.0,3.0912275314331055
201,123,2.0,2.5483813285827637
500,50,3.0,4.068517684936523
782,894,2.0,2.048201560974121
682,924,5.0,3.1822023391723633
488,205,4.0,3.4781243801116943
203,100,1.0,4.248022079467773
279,16,4.0,3.1006922721862793
533,580,3.0,2.85632586479187
152,1053,5.0,4.071301460266113
715,367,3.0,3.474778652191162
890,1065,3.0,3.879683017730713
323,294,3.0,2.550348997116089
843,563,2.0,2.1401970386505127
559,265,4.0,3.5054023265838623
450,1020,4.0,4.208346366882324
57,1095,2.0,2.6227519512176514
468,237,4.0,3.8422796726226807
192,125,3.0,3.0244100093841553
909,300,5.0,3.775531053543091
804,24,5.0,3.6526193618774414
880,298,4.0,4.132969856262207
457,1012,4.0,4.099832534790039
424,681,3.0,2.3805630207061768
44,151,4.0,3.852128028869629
234,173,3.0,3.5261929035186768
625,181,4.0,3.504840612411499
201,1425,3.0,2.2220561504364014
334,902,4.0,3.7211577892303467
326,519,5.0,3.6028058528900146
311,654,3.0,3.612473726272583
896,470,2.0,3.345240592956543
270,727,5.0,4.285372257232666
880,187,5.0,4.606032371520996
571,69,2.0,3.064412832260132
17,628,1.0,2.9523532390594482
255,672,2.0,2.1018924713134766
145,869,4.0,3.139864683151245
337,392,5.0,3.8332557678222656
608,100,4.0,4.002742767333984
881,1089,1.0,2.0214877128601074
827,272,4.0,4.052566051483154
631,346,4.0,3.4126789569854736
537,47,4.0,3.332707643508911
618,729,3.0,3.348254919052124
634,125,4.0,3.6718389987945557
632,720,3.0,2.85020112991333
758,211,4.0,4.454671859741211
804,68,3.0,3.8735413551330566
768,100,5.0,3.5608835220336914
698,1,4.0,3.197673797607422
523,289,4.0,3.748602867126465
25,419,4.0,3.866666316986084
318,63,3.0,3.398479461669922
878,699,1.0,3.489475727081299
606,1149,4.0,4.165675640106201
297,574,1.0,2.0732343196868896
919,319,3.0,3.2619056701660156
345,708,3.0,3.8720927238464355
307,230,5.0,3.6076595783233643
92,307,4.0,3.4222984313964844
20,1,3.0,3.2613210678100586
655,1167,3.0,2.906536340713501
749,969,4.0,3.947148084640503
7,423,5.0,4.526161193847656
798,231,2.0,3.0023961067199707
935,284,4.0,3.494206666946411
104,333,2.0,2.711092233657837
207,826,2.0,2.4341354370117188
263,1,5.0,4.179482460021973
378,280,2.0,3.051419258117676
254,699,3.0,3.196099281311035
870,505,4.0,3.726483106613159
435,154,4.0,3.8127996921539307
10,133,5.0,4.286812782287598
437,191,4.0,4.3858842849731445
472,577,3.0,2.7458205223083496
718,273,3.0,3.76601505279541
455,204,4.0,3.7926886081695557
184,1121,4.0,3.6834897994995117
585,30,4.0,4.109463214874268
943,230,1.0,3.8011231422424316
96,153,4.0,3.909531354904175
660,1074,1.0,2.22505521774292
293,17,2.0,2.40983247756958
500,735,4.0,3.57063889503479
40,259,2.0,2.3029465675354004
280,232,3.0,3.372847557067871
560,50,5.0,4.064200401306152
610,484,3.0,4.337658882141113
804,153,4.0,3.992668390274048
867,258,3.0,4.154305458068848
698,153,2.0,2.9041337966918945
152,117,4.0,4.850547790527344
486,304,3.0,3.2778468132019043
567,487,4.0,4.061375617980957
121,25,5.0,3.1513657569885254
621,55,5.0,4.288629055023193
226,258,5.0,3.820897340774536
416,420,3.0,3.9067342281341553
524,402,2.0,3.065877914428711
154,515,4.0,4.316019535064697
271,81,3.0,3.8426716327667236
198,690,3.0,2.6900553703308105
782,301,3.0,3.1276233196258545
752,589,4.0,3.484234571456909
15,405,2.0,2.7977733612060547
763,1180,2.0,2.700721263885498
196,306,4.0,4.012729167938232
765,283,4.0,3.994551420211792
882,841,1.0,3.1766979694366455
234,625,3.0,2.8020925521850586
504,403,3.0,3.6766457557678223
276,919,4.0,3.993842601776123
363,1007,5.0,3.5769245624542236
228,56,2.0,3.057842969894409
731,15,4.0,2.935116767883301
378,792,4.0,3.760939359664917
313,203,5.0,3.7268683910369873
617,1021,4.0,3.1065752506256104
533,177,4.0,3.3172101974487305
631,873,2.0,2.8698976039886475
716,56,5.0,3.8570902347564697
642,407,5.0,2.7758538722991943
330,31,5.0,4.767489433288574
805,729,3.0,3.146439790725708
597,250,4.0,3.5360782146453857
288,205,5.0,3.9700889587402344
487,288,4.0,3.5832643508911133
41,170,4.0,4.047486782073975
103,1089,1.0,2.1796810626983643
690,663,4.0,3.163965940475464
442,436,3.0,3.59256911277771
303,518,4.0,4.382260322570801
85,53,3.0,2.586822509765625
537,399,2.0,2.1513638496398926
246,402,3.0,2.740338087081909
796,810,3.0,2.8765017986297607
378,739,4.0,3.2604503631591797
411,655,4.0,3.769200325012207
221,346,5.0,4.08248233795166
807,403,4.0,3.808579921722412
96,484,5.0,4.200021743774414
669,517,3.0,3.643354654312134
150,100,2.0,4.658693313598633
561,1010,3.0,3.048435688018799
541,627,4.0,3.3694660663604736
44,123,4.0,3.3390274047851562
524,516,4.0,3.889854669570923
280,203,4.0,4.125568389892578
666,613,5.0,3.7188148498535156
445,1008,1.0,2.359208583831787
13,747,4.0,3.245847463607788
138,111,4.0,3.8040578365325928
276,9,5.0,4.368894577026367
897,294,3.0,3.714149236679077
623,216,4.0,3.7400832176208496
293,64,5.0,3.7363598346710205
892,67,4.0,3.3404524326324463
43,321,3.0,3.205688238143921
897,436,4.0,3.692023992538452
533,215,4.0,3.995856761932373
91,498,3.0,4.064610481262207
450,65,3.0,3.866420269012451
698,526,2.0,2.8895647525787354
709,56,5.0,3.5434048175811768
10,479,5.0,4.715219497680664
7,623,3.0,2.6942312717437744
933,184,1.0,2.7362515926361084
614,546,1.0,3.047254800796509
499,100,4.0,4.320853233337402
172,1134,2.0,2.915146589279175
339,566,3.0,3.331024646759033
347,1291,1.0,2.8482165336608887
805,419,4.0,3.2404465675354004
64,194,5.0,3.933562994003296
500,831,3.0,2.2136149406433105
649,471,5.0,3.8374600410461426
619,96,5.0,4.244678497314453
514,301,4.0,3.2372355461120605
1,184,4.0,3.6273481845855713
653,157,5.0,2.7736599445343018
665,181,4.0,3.755584239959717
757,270,3.0,3.850743293762207
693,88,3.0,2.9555819034576416
704,611,3.0,4.185914993286133
380,631,4.0,3.286663770675659
606,472,4.0,3.3914692401885986
271,148,3.0,2.7987401485443115
896,25,3.0,2.4009926319122314
768,237,4.0,3.3940842151641846
128,729,2.0,3.5854854583740234
532,1407,2.0,3.074559450149536
128,505,4.0,3.916832685470581
505,435,3.0,3.532712936401367
457,631,4.0,4.354766845703125
850,742,5.0,4.47828483581543
450,174,5.0,4.813061714172363
406,163,3.0,3.4467616081237793
655,134,4.0,3.7928061485290527
665,98,4.0,4.161933898925781
290,243,3.0,2.7115817070007324
201,99,3.0,3.138949394226074
892,436,3.0,4.022695541381836
586,1218,5.0,3.204103469848633
933,183,4.0,3.3908309936523438
329,11,3.0,3.616708993911743
221,1407,3.0,2.536919593811035
903,317,4.0,4.288172721862793
79,7,5.0,4.017409801483154
429,48,3.0,4.072700500488281
774,448,2.0,2.0859408378601074
624,294,3.0,2.948136568069458
795,1199,3.0,2.731448173522949
378,70,4.0,3.808420419692993
653,771,2.0,2.2050108909606934
246,133,3.0,3.382815361022949
758,441,3.0,2.7995052337646484
312,188,3.0,3.9692935943603516
361,156,4.0,3.682717800140381
618,939,2.0,3.419875383377075
102,210,3.0,3.132133722305298
795,473,2.0,3.101271390914917
479,22,4.0,4.083652496337891
95,649,4.0,3.224198818206787
454,504,2.0,2.4821438789367676
790,1183,2.0,2.3087961673736572
530,220,5.0,3.5428786277770996
144,172,4.0,4.562984466552734
921,720,4.0,3.156325578689575
833,186,1.0,3.0467567443847656
601,259,1.0,1.8446924686431885
576,475,1.0,3.6495471000671387
102,70,3.0,2.813847064971924
847,234,2.0,3.24920654296875
637,301,1.0,2.419138193130493
170,304,4.0,4.2555646896362305
416,220,4.0,3.9908547401428223
473,242,3.0,4.369601249694824
409,1093,2.0,3.3330113887786865
632,318,5.0,4.527507781982422
325,319,3.0,3.225951910018921
795,546,3.0,2.244961738586426
216,231,2.0,2.77101993560791
343,276,5.0,4.615019798278809
437,475,3.0,3.8615524768829346
284,322,3.0,2.876230478286743
222,200,3.0,3.2643604278564453
