907,143,5.0,4.838324069976807
371,210,4.0,4.1567277908325195
218,42,4.0,3.5260848999023438
829,170,4.0,3.981832265853882
733,277,1.0,3.125335931777954
363,1512,1.0,3.111426830291748
193,487,5.0,3.932149887084961
808,313,5.0,5.15172004699707
557,682,2.0,3.036444664001465
774,196,3.0,2.443136692047119
638,118,3.0,2.9370975494384766
632,81,5.0,3.608610153198242
417,200,4.0,3.7483253479003906
580,471,3.0,3.623378276824951
640,91,4.0,4.345274448394775
450,328,4.0,3.6901397705078125
596,13,2.0,3.4817757606506348
586,467,4.0,3.448662757873535
653,502,2.0,2.785428762435913
378,517,3.0,3.901012897491455
405,65,1.0,2.0555543899536133
279,399,4.0,3.0974161624908447
327,293,3.0,3.392871856689453
346,276,1.0,3.5252692699432373
59,928,4.0,3.3430545330047607
514,22,4.0,4.5032453536987305
807,402,5.0,3.9981980323791504
473,327,3.0,3.6565349102020264
342,324,1.0,3.029308319091797
269,136,4.0,3.4747262001037598
654,1,4.0,3.9053432941436768
250,28,4.0,4.273893356323242
282,689,2.0,3.3134655952453613
534,619,4.0,4.21475887298584
194,481,3.0,3.468416690826416
184,118,2.0,3.1113576889038086
291,739,3.0,3.732393741607666
293,31,2.0,3.306260824203491
943,1028,2.0,3.126488208770752
65,69,3.0,3.8587446212768555
562,135,5.0,3.842952251434326
466,62,3.0,2.9858410358428955
847,317,3.0,3.2497942447662354
650,521,3.0,3.317537307739258
656,326,1.0,2.4754018783569336
366,53,5.0,3.737975597381592
15,280,3.0,2.7128002643585205
474,322,4.0,3.1654229164123535
90,905,4.0,3.882556915283203
503,19,5.0,4.238093852996826
334,1524,4.0,3.7369043827056885
90,632,5.0,4.466287612915039
406,1118,3.0,3.136939287185669
899,515,3.0,4.239307880401611
13,339,3.0,2.7549188137054443
430,19,5.0,3.750833749771118
24,729,5.0,3.9755778312683105
634,225,3.0,2.9555933475494385
727,89,5.0,3.956847667694092
429,596,3.0,3.4210870265960693
62,127,4.0,4.069713115692139
771,241,1.0,3.431471109390259
733,762,4.0,3.0305490493774414
139,222,3.0,3.829371213912964
916,721,4.0,3.230376720428467
402,204,5.0,4.218076229095459
553,136,4.0,4.3331298828125
62,1073,4.0,3.570615530014038
521,271,3.0,2.806365728378296
488,358,3.0,2.3875224590301514
7,231,3.0,3.1578598022460938
346,727,1.0,3.2977981567382812
423,823,3.0,2.8643009662628174
405,575,5.0,1.6103014945983887
385,1158,5.0,2.4117448329925537
630,125,3.0,3.498188018798828
551,125,4.0,3.9574954509735107
727,183,3.0,3.8082499504089355
660,810,3.0,2.25654935836792
552,323,2.0,2.9572489261627197
13,604,5.0,3.8950586318969727
642,812,4.0,3.250300407409668
240,269,5.0,4.618521690368652
321,191,3.0,4.01875638961792
85,921,3.0,3.773747205734253
671,161,5.0,3.5952563285827637
253,97,4.0,4.092074394226074
605,187,5.0,4.217319488525391
472,625,4.0,4.243233680725098
56,449,5.0,3.2614922523498535
881,141,3.0,3.378422260284424
391,318,4.0,4.4712419509887695
601,387,3.0,2.8943557739257812
497,475,4.0,3.672457695007324
327,921,4.0,3.577855348587036
200,1033,2.0,3.053774356842041
605,64,5.0,4.4644293785095215
796,879,4.0,3.4376277923583984
214,216,4.0,3.9271421432495117
566,161,4.0,3.15017032623291
653,423,2.0,2.8139896392822266
344,216,4.0,3.9386000633239746
151,664,5.0,4.253992080688477
64,751,2.0,3.258242607116699
554,87,4.0,4.091278076171875
384,327,4.0,4.114646911621094
798,1032,3.0,2.816211700439453
622,90,4.0,3.097372055053711
719,735,5.0,3.3908581733703613
424,740,5.0,2.986999988555908
294,358,2.0,2.8387844562530518
21,396,2.0,2.8801212310791016
690,197,4.0,3.7188780307769775
360,471,4.0,3.5417699813842773
734,603,4.0,4.026157379150391
521,174,4.0,3.696239709854126
484,300,4.0,3.9223785400390625
128,50,4.0,4.455567836761475
633,921,3.0,3.7716245651245117
854,466,3.0,3.2650959491729736
493,751,5.0,3.63161039352417
504,392,5.0,3.8237698078155518
655,318,4.0,3.583742618560791
650,157,3.0,3.0815234184265137
104,273,3.0,2.772592067718506
872,117,4.0,3.9564008712768555
276,1170,4.0,3.2728769779205322
146,258,4.0,4.013850688934326
222,1066,1.0,2.9423341751098633
380,199,3.0,3.58974027633667
618,195,3.0,3.733135461807251
358,1266,4.0,3.4408366680145264
871,813,3.0,3.8075637817382812
234,174,3.0,3.579913854598999
912,15,4.0,3.4670767784118652
75,237,2.0,3.7110559940338135
713,270,2.0,2.9554615020751953
251,33,3.0,3.6794397830963135
275,199,4.0,3.782935619354248
766,91,5.0,3.3522260189056396
22,204,5.0,4.1425065994262695
487,591,2.0,3.934979200363159
827,316,3.0,3.75557279586792
919,22,5.0,4.220643043518066
637,274,5.0,2.5351500511169434
666,856,5.0,3.881281852722168
349,458,4.0,3.081369161605835
880,1197,3.0,3.995208263397217
30,892,4.0,2.8910109996795654
716,213,5.0,4.2018914222717285
235,70,5.0,3.5959370136260986
291,1042,4.0,3.5560615062713623
655,311,3.0,3.147503137588501
387,642,4.0,3.329761505126953
109,31,4.0,3.6749167442321777
484,69,5.0,4.248686790466309
393,7,4.0,3.7766568660736084
314,53,1.0,3.427403450012207
845,1394,4.0,2.2932329177856445
532,311,2.0,4.680240154266357
195,558,3.0,3.7330050468444824
89,151,5.0,4.077077865600586
824,243,1.0,2.188629150390625
632,11,4.0,3.864539861679077
393,412,3.0,2.3284945487976074
887,121,5.0,3.9376704692840576
682,412,1.0,2.169407367706299
406,210,5.0,3.782456636428833
795,552,2.0,2.5922977924346924
774,546,1.0,1.8875898122787476
47,304,3.0,3.664217710494995
514,15,4.0,3.7956299781799316
804,175,4.0,4.161386489868164
804,1056,4.0,3.244544506072998
21,243,2.0,1.8043451309204102
618,778,3.0,3.3209333419799805
151,222,5.0,3.893954277038574
224,583,1.0,2.8001723289489746
283,709,5.0,4.919412136077881
504,185,5.0,4.265407562255859
553,135,4.0,4.173608303070068
846,203,5.0,3.977047920227051
773,52,3.0,3.5971765518188477
385,384,1.0,2.386298179626465
346,720,2.0,2.780181407928467
373,366,4.0,3.4287121295928955
881,474,3.0,4.10534143447876
537,845,2.0,2.624988079071045
474,50,5.0,4.742615222930908
293,77,2.0,3.0090672969818115
542,435,4.0,3.8660788536071777
262,111,4.0,3.1303741931915283
109,1210,3.0,2.809964179992676
181,1164,3.0,1.1044738292694092
847,96,4.0,3.2700400352478027
625,640,3.0,2.799983501434326
246,178,5.0,3.863222599029541
425,24,2.0,3.011655569076538
749,712,3.0,3.3615732192993164
586,227,2.0,3.050694704055786
410,754,3.0,3.0172948837280273
332,9,4.0,4.575015544891357
185,47,4.0,3.6208395957946777
582,826,3.0,2.4027085304260254
130,217,3.0,3.858823299407959
537,426,1.0,2.4319396018981934
295,380,4.0,3.945010185241699
756,151,4.0,3.3186001777648926
749,826,3.0,2.5634419918060303
405,657,1.0,2.489675998687744
622,1407,1.0,2.384237766265869
425,825,2.0,2.57794189453125
372,56,4.0,5.058462619781494
338,1124,4.0,3.6335995197296143
795,568,3.0,3.235192060470581
99,694,1.0,4.373963356018066
717,980,4.0,3.6173624992370605
470,952,3.0,3.03503155708313
268,153,5.0,3.375227212905884
425,853,4.0,3.183739423751831
457,566,4.0,4.134519100189209
73,433,4.0,3.5458779335021973
397,665,3.0,2.939056396484375
466,357,4.0,4.065651893615723
389,1114,2.0,3.612576961517334
328,903,3.0,3.287153482437134
378,742,4.0,3.537086009979248
65,211,4.0,3.995758295059204
333,98,4.0,4.32320499420166
886,240,3.0,2.759671211242676
897,673,5.0,3.913724899291992
224,720,4.0,2.5328266620635986
934,526,2.0,3.976837635040283
181,931,1.0,1.1866679191589355
839,50,5.0,4.0308356285095215
782,322,4.0,3.2300331592559814
181,263,1.0,1.181065559387207
880,40,2.0,3.274590492248535
505,588,5.0,3.481313705444336
207,433,3.0,3.3634164333343506
500,619,3.0,3.1388282775878906
181,360,1.0,1.7139654159545898
922,62,3.0,3.117905855178833
815,735,5.0,3.9309515953063965
782,937,1.0,3.3129429817199707
894,638,3.0,3.8876819610595703
551,698,4.0,3.0238234996795654
246,1101,5.0,3.463775396347046
131,275,2.0,4.157565116882324
606,248,5.0,4.010621070861816
854,191,4.0,3.7712388038635254
889,3,4.0,2.952350616455078
547,294,1.0,3.368492841720581
211,303,3.0,3.2361185550689697
883,707,3.0,4.174767017364502
823,228,3.0,4.1942033767700195
889,173,5.0,3.9965243339538574
293,117,3.0,3.2685635089874268
723,164,4.0,3.0489447116851807
313,720,2.0,2.8195555210113525
87,8,5.0,4.439761638641357
305,215,2.0,3.3275516033172607
588,1411,1.0,2.907712936401367
83,50,3.0,4.711484909057617
81,432,2.0,3.5705928802490234
372,77,5.0,4.174478530883789
409,1512,5.0,3.5075221061706543
194,125,2.0,3.053114414215088
745,510,3.0,3.105274200439453
749,191,4.0,4.397406578063965
821,117,3.0,4.440254211425781
552,926,2.0,2.584256887435913
541,659,5.0,4.453083038330078
682,735,4.0,3.5591578483581543
424,127,4.0,3.6773252487182617
854,264,1.0,2.2958974838256836
389,492,5.0,3.9448165893554688
354,208,4.0,3.9369945526123047
527,127,5.0,4.115425109863281
378,302,5.0,4.186490058898926
903,1009,4.0,3.5864830017089844
484,15,5.0,4.140929222106934
62,7,4.0,3.5388541221618652
387,692,1.0,3.470716953277588
641,270,3.0,3.7471799850463867
164,9,4.0,4.54559850692749
608,204,4.0,3.8369221687316895
459,472,5.0,3.065117835998535
566,122,2.0,2.2989442348480225
398,4,2.0,3.4892773628234863
407,274,3.0,3.1698548793792725
144,273,4.0,3.54811692237854
523,582,4.0,4.287967681884766
613,607,4.0,4.438976287841797
416,690,5.0,3.7898871898651123
610,317,3.0,3.975541114807129
758,91,4.0,4.008749961853027
308,58,3.0,3.7514407634735107
334,620,2.0,2.9450464248657227
833,506,2.0,3.3664710521698
70,231,3.0,2.7298102378845215
399,1035,3.0,2.7097575664520264
13,64,5.0,4.190759658813477
534,93,1.0,4.711160182952881
843,708,2.0,2.5497500896453857
639,714,2.0,2.75221586227417
663,321,5.0,3.2831356525421143
189,1402,4.0,2.115840435028076
457,172,5.0,4.980182647705078
640,580,5.0,3.9728777408599854
94,356,4.0,3.4212493896484375
504,187,3.0,4.4172563552856445
436,288,4.0,3.7460038661956787
541,1030,3.0,2.2198150157928467
551,168,5.0,4.43283748626709
703,15,5.0,3.818911552429199
521,228,4.0,3.327498435974121
510,325,1.0,2.4595179557800293
463,689,2.0,2.721938371658325
312,499,4.0,4.554211139678955
533,357,3.0,4.035060882568359
393,794,4.0,3.5906903743743896
642,748,5.0,3.543243646621704
851,1291,2.0,2.922013282775879
128,507,4.0,3.9159159660339355
568,653,4.0,3.3838000297546387
325,1,2.0,3.612480401992798
345,161,3.0,3.5033605098724365
741,280,3.0,3.2050013542175293
545,222,4.0,3.598728895187378
778,144,4.0,2.990750312805176
874,137,4.0,3.8023338317871094
897,1254,2.0,1.6971960067749023
385,1143,4.0,3.5086677074432373
487,43,3.0,3.114964246749878
425,269,4.0,3.4237475395202637
758,412,5.0,2.4714527130126953
313,191,5.0,4.195553779602051
11,414,3.0,3.5797762870788574
225,1443,4.0,3.2626583576202393
849,676,5.0,4.301497459411621
616,339,3.0,3.287681818008423
109,131,1.0,3.8902199268341064
548,164,5.0,3.8141074180603027
455,1034,2.0,2.3441684246063232
289,849,4.0,2.3602044582366943
896,148,2.0,2.7388205528259277
38,294,5.0,3.757051706314087
194,385,2.0,3.0946226119995117
385,235,5.0,2.5853779315948486
553,131,5.0,4.1239914894104
896,184,3.0,3.047806978225708
940,315,4.0,3.870858907699585
178,144,4.0,3.99003267288208
482,311,4.0,3.783562421798706
327,663,4.0,3.4969468116760254
601,173,5.0,3.577523708343506
345,150,5.0,3.9559125900268555
761,1014,1.0,2.7041118144989014
790,1119,4.0,3.390491247177124
489,989,3.0,3.4501848220825195
38,318,3.0,5.249953269958496
279,1496,3.0,2.4874320030212402
923,591,5.0,4.599052906036377
323,215,5.0,3.7558720111846924
376,181,4.0,3.9631080627441406
927,541,5.0,3.287208318710327
416,1286,5.0,3.7008471488952637
268,655,4.0,3.4827187061309814
64,196,4.0,3.7811458110809326
271,427,5.0,4.185491561889648
122,511,5.0,4.651183128356934
167,404,3.0,3.6801135540008545
580,281,2.0,3.2192840576171875
95,510,4.0,4.0366291999816895
615,237,4.0,3.5659754276275635
663,25,4.0,3.49768328666687
883,517,4.0,4.098254203796387
189,30,4.0,4.305446624755859
735,333,4.0,3.2418479919433594
711,272,5.0,4.4388532638549805
874,124,4.0,4.149547576904297
796,525,4.0,4.284940719604492
668,596,3.0,3.321484327316284
533,9,4.0,3.5009264945983887
851,248,4.0,3.8766555786132812
360,14,5.0,4.087833404541016
62,181,4.0,3.678065299987793
579,514,3.0,3.6822333335876465
158,745,4.0,4.1741132736206055
119,1052,4.0,2.4451253414154053
275,162,3.0,3.2165441513061523
503,277,4.0,3.732015371322632
710,496,4.0,3.986212730407715
660,550,2.0,2.586799383163452
42,151,4.0,3.840414524078369
479,147,3.0,3.2089345455169678
574,887,4.0,3.593409538269043
13,655,5.0,3.778154134750366
593,220,3.0,3.4277658462524414
524,526,3.0,3.7264902591705322
244,721,5.0,3.7239580154418945
774,567,1.0,1.7600476741790771
848,132,5.0,4.440313339233398
851,435,4.0,4.343456268310547
198,58,3.0,3.284026861190796
286,210,5.0,4.258670806884766
608,753,5.0,3.7699480056762695
303,379,4.0,3.194887161254883
271,221,3.0,3.6994001865386963
492,650,2.0,3.1630477905273438
782,1278,4.0,2.9541051387786865
864,609,3.0,3.761812210083008
763,357,4.0,4.412644386291504
894,45,4.0,4.003630638122559
272,201,3.0,3.780986785888672
264,275,5.0,4.548064708709717
286,278,5.0,3.396059989929199
190,508,3.0,3.429685592651367
80,194,3.0,4.099179267883301
916,222,3.0,3.343971014022827
532,495,4.0,4.471365928649902
929,136,3.0,3.8972108364105225
178,731,4.0,3.2805376052856445
327,537,4.0,3.4028589725494385
591,172,3.0,4.278903007507324
679,268,4.0,3.6153054237365723
795,429,3.0,3.49918270111084
234,321,2.0,2.7492733001708984
698,275,4.0,2.934358835220337
385,503,3.0,3.0896430015563965
268,746,3.0,3.272035598754883
682,774,4.0,2.893789768218994
244,287,3.0,3.988884925842285
387,175,5.0,3.8304738998413086
707,194,4.0,3.9665870666503906
216,189,3.0,4.356352806091309
524,523,4.0,3.8931100368499756
486,288,4.0,3.1593987941741943
395,252,3.0,3.172314405441284
620,78,4.0,2.8015382289886475
892,64,4.0,4.782351016998291
345,241,4.0,3.6143958568573
593,597,2.0,3.1061348915100098
895,1,4.0,4.175278663635254
18,237,3.0,3.6992266178131104
60,151,5.0,3.9441463947296143
417,39,3.0,3.191892147064209
823,721,4.0,3.7664408683776855
286,231,3.0,3.0105435848236084
389,47,4.0,3.6655385494232178
298,1142,4.0,4.2934136390686035
216,200,5.0,4.071468830108643
236,204,3.0,3.7152791023254395
393,808,4.0,3.0423216819763184
704,354,4.0,3.42059326171875
416,1189,5.0,3.311803102493286
349,696,3.0,3.0813188552856445
90,174,5.0,4.817865371704102
828,1466,4.0,2.7494218349456787
286,1239,3.0,2.713000535964966
279,275,3.0,3.763545036315918
451,322,4.0,3.086334705352783
405,959,1.0,2.1436767578125
718,815,4.0,3.503605604171753
321,116,3.0,3.623405694961548
334,134,5.0,4.039897918701172
522,12,5.0,4.5622076988220215
889,469,4.0,3.633284091949463
930,282,4.0,3.049849033355713
215,210,4.0,4.081460952758789
716,603,5.0,4.551692485809326
326,568,4.0,3.178112506866455
919,287,4.0,3.664116859436035
344,25,4.0,3.4337010383605957
862,650,4.0,4.202644348144531
153,357,5.0,3.3468503952026367
627,521,2.0,3.6298487186431885
901,1120,4.0,3.276425361633301
868,470,1.0,3.1243174076080322
267,47,5.0,4.035715103149414
361,166,4.0,3.913628578186035
417,217,4.0,3.1076395511627197
459,546,1.0,3.047755718231201
152,22,5.0,5.407538890838623
625,188,4.0,3.2994396686553955
401,294,1.0,2.5584607124328613
160,79,4.0,4.250638961791992
910,100,4.0,3.587620735168457
179,905,4.0,3.148465871810913
379,502,5.0,4.190158367156982
796,371,5.0,3.3842546939849854
653,163,4.0,2.636538505554199
746,208,4.0,4.081418991088867
45,284,4.0,3.409862518310547
766,526,2.0,3.629674196243286
303,578,2.0,3.383211374282837
898,309,5.0,2.9032082557678223
593,866,5.0,3.299574613571167
643,144,4.0,3.8691039085388184
270,747,5.0,4.391750812530518
474,23,4.0,4.60447359085083
121,237,5.0,3.516167163848877
479,474,5.0,4.083734512329102
532,771,3.0,3.1179375648498535
121,313,5.0,4.215517520904541
912,268,2.0,3.579627513885498
764,673,4.0,3.729654312133789
387,1537,4.0,2.6092097759246826
34,288,2.0,4.043259620666504
344,118,3.0,3.1546876430511475
482,127,4.0,4.051161766052246
456,697,4.0,3.3852293491363525
260,748,4.0,3.820958137512207
305,135,3.0,3.650455951690674
457,114,5.0,5.081682205200195
339,161,3.0,3.6732289791107178
18,702,3.0,3.216637372970581
918,190,5.0,3.622908592224121
614,14,3.0,3.751030206680298
470,7,3.0,3.5949838161468506
93,934,3.0,2.875906229019165
407,151,4.0,3.4864630699157715
466,173,3.0,3.9074935913085938
279,824,4.0,2.7757022380828857
401,185,4.0,3.282296895980835
779,118,5.0,3.5031814575195312
184,629,3.0,3.334620952606201
102,118,3.0,2.5027685165405273
313,636,4.0,3.2456910610198975
232,166,4.0,4.039160251617432
370,427,5.0,4.052858352661133
320,22,5.0,4.973874568939209
299,1021,3.0,3.7946906089782715
786,230,4.0,3.6417388916015625
867,222,4.0,3.9302384853363037
472,386,5.0,3.575326681137085
826,313,5.0,4.9079694747924805
893,412,3.0,2.3231191635131836
757,570,3.0,2.989943504333496
709,431,5.0,3.584933280944824
705,423,2.0,3.963340997695923
425,187,3.0,3.6556999683380127
268,325,3.0,2.415768623352051
215,474,4.0,4.418060302734375
9,340,4.0,3.9560558795928955
770,742,4.0,4.569220066070557
762,749,1.0,2.531052350997925
437,248,2.0,3.587017059326172
13,88,4.0,3.305368661880493
373,196,5.0,3.9395363330841064
429,45,3.0,4.013987064361572
560,7,3.0,3.635213851928711
123,127,5.0,4.489878177642822
405,226,2.0,2.0950706005096436
756,742,3.0,3.2677342891693115
276,665,3.0,2.9825286865234375
63,25,4.0,2.9955708980560303
884,198,5.0,3.859987258911133
653,50,5.0,3.2530806064605713
677,288,5.0,3.685628890991211
561,513,3.0,3.677830219268799
213,294,3.0,3.341309070587158
188,288,4.0,3.4392175674438477
634,866,3.0,3.268613576889038
896,655,4.0,3.5125370025634766
653,223,3.0,3.1042282581329346
817,327,4.0,3.4436798095703125
585,855,3.0,3.979703664779663
782,908,3.0,2.3750460147857666
758,234,4.0,4.217958450317383
295,1459,5.0,3.9412806034088135
655,262,5.0,3.1082422733306885
709,227,2.0,3.368408679962158
64,64,4.0,4.259190082550049
201,289,2.0,2.5754458904266357
291,79,5.0,4.556748390197754
452,94,1.0,2.859083414077759
474,651,5.0,4.374663352966309
234,1172,3.0,3.1833596229553223
458,275,5.0,4.017701148986816
927,552,4.0,3.283883571624756
321,1050,3.0,3.406928300857544
113,303,5.0,4.223287582397461
706,323,4.0,2.816877603530884
92,527,3.0,3.949549436569214
83,233,4.0,3.4783966541290283
747,419,5.0,4.149653434753418
234,172,3.0,3.599045991897583
868,568,1.0,3.111415386199951
372,443,4.0,4.867645263671875
95,716,3.0,3.1145689487457275
97,1,4.0,4.181980609893799
758,1052,5.0,2.350137233734131
897,443,5.0,4.275821208953857
320,1011,3.0,3.8048644065856934
279,169,5.0,4.2121124267578125
291,1012,4.0,4.025643348693848
49,10,3.0,3.058260202407837
738,89,5.0,4.096291542053223
711,403,4.0,3.4974441528320312
524,508,5.0,3.422858953475952
521,651,3.0,3.5020530223846436
633,581,3.0,2.979827642440796
574,213,4.0,3.833230972290039
878,269,4.0,3.5427498817443848
727,38,1.0,2.8087410926818848
610,318,5.0,4.452540397644043
592,461,4.0,4.0016632080078125
562,684,4.0,3.549132823944092
407,8,5.0,3.735825300216675
938,756,3.0,2.8513436317443848
671,327,1.0,3.5717291831970215
731,487,4.0,3.4828968048095703
933,227,1.0,2.6477255821228027
805,475,5.0,3.8236193656921387
592,345,4.0,3.5882840156555176
389,503,3.0,3.7287354469299316
487,92,4.0,3.9020445346832275
932,235,2.0,3.1416969299316406
580,1028,3.0,3.197429656982422
761,1277,1.0,3.046773672103882
386,181,3.0,4.3695807456970215
145,155,2.0,3.2540478706359863
181,148,2.0,1.68163001537323
618,68,3.0,3.2016043663024902
18,474,4.0,4.317002296447754
672,1190,2.0,2.9335718154907227
399,622,4.0,2.822726249694824
446,302,4.0,3.429527759552002
848,511,4.0,4.692952632904053
144,262,3.0,3.7167768478393555
660,99,2.0,2.871994972229004
892,1091,2.0,2.9459731578826904
303,164,4.0,3.6944141387939453
417,1210,2.0,2.7290055751800537
421,234,5.0,3.706305503845215
524,382,3.0,3.5024850368499756
290,1091,2.0,2.584639072418213
18,8,5.0,4.004995346069336
311,785,3.0,3.440361499786377
727,202,4.0,3.5969767570495605
804,615,5.0,4.224520683288574
579,186,3.0,3.6988894939422607
303,1044,3.0,3.4609997272491455
161,204,2.0,2.6128501892089844
320,24,3.0,3.9545226097106934
562,806,1.0,3.4068679809570312
10,558,4.0,4.127995491027832
881,49,5.0,3.2519662380218506
738,174,5.0,4.209918975830078
786,684,4.0,3.8430354595184326
23,283,4.0,3.5458590984344482
545,393,4.0,3.3334403038024902
608,690,4.0,3.1343815326690674
608,333,4.0,3.3195927143096924
194,79,3.0,3.5067691802978516
339,53,4.0,3.261683940887451
162,179,3.0,3.94358491897583
650,117,4.0,3.131382465362549
442,226,3.0,2.9963972568511963
867,28,5.0,4.318436622619629
435,125,3.0,3.452887535095215
334,19,4.0,3.7867774963378906
804,210,5.0,4.222706317901611
849,421,5.0,4.565934658050537
543,9,4.0,3.5312750339508057
181,620,2.0,1.473273515701294
889,11,5.0,3.7427783012390137
313,231,2.0,2.7080883979797363
801,752,4.0,4.336864471435547
59,433,5.0,4.08538818359375
563,172,5.0,4.784463882446289
712,462,3.0,4.041628360748291
159,126,5.0,4.2368059158325195
508,70,4.0,3.5781784057617188
653,492,4.0,2.7666587829589844
407,588,4.0,3.6062400341033936
293,240,2.0,2.576719045639038
210,243,2.0,2.4941017627716064
765,507,5.0,4.176173210144043
102,1240,2.0,2.904144048690796
655,286,3.0,2.9938535690307617
618,276,3.0,3.415928840637207
916,474,4.0,4.026743412017822
943,581,4.0,3.275653123855591
930,100,3.0,3.3472750186920166
271,509,4.0,3.782754421234131
301,771,2.0,2.584745168685913
7,652,3.0,4.428352355957031
561,642,3.0,2.889263391494751
84,322,3.0,3.577033042907715
116,270,3.0,3.105588912963867
334,164,3.0,3.4031734466552734
764,77,4.0,3.503554344177246
737,173,4.0,4.041505336761475
907,173,4.0,5.392244338989258
805,1033,3.0,2.441771984100342
141,237,4.0,3.8067452907562256
145,1288,4.0,2.828247547149658
901,560,3.0,2.980637311935425
588,172,5.0,4.54193115234375
62,288,2.0,3.136744976043701
62,228,3.0,3.5485565662384033
444,751,4.0,3.675039052963257
450,82,3.0,4.1497273445129395
389,386,3.0,2.948796272277832
567,673,3.0,3.5452780723571777
670,232,3.0,3.1870102882385254
756,1074,4.0,2.7254440784454346
387,1011,3.0,3.1812992095947266
447,629,3.0,3.486569404602051
704,519,3.0,4.130880832672119
653,517,1.0,2.868917465209961
198,381,3.0,3.199867010116577
899,423,4.0,3.6706743240356445
927,257,5.0,4.306903839111328
91,326,3.0,3.4685778617858887
244,156,4.0,4.201340675354004
943,56,5.0,4.1566691398620605
880,186,4.0,4.1216888427734375
843,392,2.0,2.6766021251678467
339,97,4.0,4.104794502258301
199,14,4.0,3.546872615814209
447,926,3.0,2.7706546783447266
629,234,4.0,4.283758163452148
694,528,3.0,4.579177379608154
314,15,5.0,4.216894626617432
524,116,4.0,3.5969150066375732
432,295,3.0,3.7115895748138428
655,340,3.0,2.9993457794189453
334,311,4.0,3.6691393852233887
747,408,5.0,5.059771537780762
506,660,3.0,3.929182529449463
244,710,3.0,4.015854835510254
276,157,5.0,3.828932285308838
327,88,2.0,3.106760025024414
702,258,5.0,2.8036675453186035
309,324,3.0,2.8585407733917236
37,62,5.0,3.3765759468078613
148,172,5.0,4.241298675537109
417,545,1.0,1.7942698001861572
650,301,2.0,2.7457125186920166
94,97,4.0,4.0387420654296875
332,12,5.0,5.299408435821533
536,209,2.0,4.121837615966797
698,220,3.0,2.496830701828003
151,100,3.0,4.552084922790527
70,496,4.0,4.1109843254089355
268,21,3.0,2.4593944549560547
14,70,1.0,3.803182601928711
690,239,2.0,3.357043504714966
458,589,4.0,4.135161399841309
7,523,4.0,4.71769905090332
378,793,3.0,3.2853362560272217
297,27,1.0,3.092130184173584
59,208,5.0,4.408289432525635
18,116,5.0,3.890758991241455
495,1118,5.0,3.777358293533325
396,245,3.0,3.506481647491455
837,277,2.0,3.488281488418579
297,102,1.0,3.1350955963134766
846,55,5.0,3.9231810569763184
368,441,3.0,2.650909662246704
643,428,4.0,4.006719589233398
62,245,2.0,2.764564037322998
383,180,5.0,4.37253475189209
804,1291,3.0,2.8568854331970215
116,300,3.0,2.987091302871704
632,176,3.0,3.9835989475250244
76,264,3.0,2.5992257595062256
704,432,5.0,3.6767609119415283
773,268,4.0,3.4642744064331055
413,222,4.0,3.611797571182251
374,69,5.0,3.7149198055267334
201,210,2.0,3.3978846073150635
8,172,5.0,4.701694965362549
327,1012,2.0,3.196700096130371
326,44,1.0,2.961820602416992
496,156,3.0,3.2118117809295654
296,111,3.0,3.8447632789611816
80,260,1.0,2.597614288330078
682,809,2.0,2.96052885055542
700,98,3.0,3.899614095687866
293,79,3.0,3.658418655395508
130,761,3.0,3.497446298599243
524,490,3.0,3.8455159664154053
699,762,3.0,3.1406564712524414
730,685,2.0,2.959087371826172
833,144,4.0,3.277719497680664
777,286,2.0,3.8159170150756836
311,498,4.0,4.398432731628418
314,158,3.0,2.932483434677124
375,302,5.0,4.311543941497803
60,498,5.0,4.553816318511963
579,4,2.0,3.4045767784118652
537,22,2.0,3.347259521484375
377,200,5.0,4.067007541656494
828,921,4.0,3.4911627769470215
497,139,3.0,2.7299273014068604
591,516,3.0,4.103743553161621
908,194,3.0,3.500437021255493
198,153,4.0,3.4346280097961426
290,683,2.0,2.430828094482422
815,87,5.0,4.152667999267578
59,237,3.0,3.9036829471588135
422,590,2.0,1.9892672300338745
308,71,4.0,3.9551243782043457
394,98,5.0,4.788331508636475
62,98,4.0,4.008955955505371
829,410,3.0,2.977396011352539
544,343,2.0,2.6346707344055176
617,868,4.0,2.257988452911377
56,71,4.0,4.08922004699707
429,514,3.0,3.88277530670166
339,1110,4.0,3.1941733360290527
617,669,1.0,1.4133548736572266
549,1047,3.0,3.096768379211426
647,255,4.0,3.436992645263672
222,1206,2.0,2.567230224609375
363,739,3.0,2.85913348197937
291,184,4.0,3.875189781188965
301,271,4.0,3.298194169998169
118,188,5.0,4.599360466003418
757,1188,3.0,2.6397855281829834
891,280,3.0,3.768759250640869
565,165,4.0,4.93260383605957
308,81,5.0,3.744220018386841
530,470,3.0,3.701860189437866
243,93,2.0,3.6942811012268066
59,371,4.0,3.53652286529541
664,1098,3.0,3.7034218311309814
26,760,1.0,2.4334378242492676
830,211,4.0,3.927039861679077
900,9,2.0,2.671025514602661
864,2,4.0,3.4606823921203613
597,242,4.0,4.41401481628418
22,792,4.0,3.9833006858825684
165,270,4.0,3.803161144256592
483,462,3.0,3.3204174041748047
593,144,4.0,3.873400926589966
299,461,3.0,3.3844804763793945
280,237,3.0,3.8388845920562744
327,176,4.0,3.603142499923706
200,196,4.0,4.749655723571777
264,672,3.0,3.0535125732421875
405,48,1.0,2.450998306274414
429,961,3.0,3.768308401107788
215,164,3.0,3.710385322570801
569,340,4.0,3.607651948928833
621,804,4.0,2.9245951175689697
188,22,5.0,4.35654354095459
360,144,2.0,3.868478298187256
293,132,4.0,3.745793581008911
399,343,2.0,2.762956142425537
456,86,2.0,3.8335838317871094
407,157,2.0,3.4542384147644043
707,100,5.0,4.063568115234375
328,750,4.0,3.8218839168548584
488,173,4.0,3.7321882247924805
868,229,3.0,2.5725510120391846
151,531,3.0,4.361860275268555
848,523,5.0,4.457960605621338
454,95,2.0,3.0522282123565674
368,7,4.0,3.608922004699707
807,526,5.0,4.341953277587891
708,15,3.0,3.6597914695739746
845,904,3.0,2.9066481590270996
658,471,4.0,3.419250011444092
328,194,3.0,3.993309736251831
663,473,3.0,3.212939500808716
537,523,3.0,3.2742838859558105
323,1012,4.0,3.6550040245056152
92,834,1.0,2.054063320159912
161,582,1.0,2.449009656906128
198,568,3.0,3.2766242027282715
650,429,4.0,3.3217132091522217
776,708,5.0,3.34018611907959
617,320,5.0,2.618223190307617
843,121,3.0,2.6737496852874756
196,173,2.0,4.157108306884766
37,273,3.0,3.832167863845825
402,410,1.0,3.3002984523773193
487,1,5.0,4.174981117248535
133,750,4.0,3.5003890991210938
123,23,4.0,4.391358375549316
788,1248,3.0,2.8828234672546387
606,1280,2.0,3.129725217819214
151,181,5.0,4.32447624206543
305,338,3.0,2.424302101135254
889,297,3.0,3.7900967597961426
253,294,4.0,3.1771128177642822
553,191,4.0,4.445012092590332
409,1541,4.0,2.0999794006347656
285,150,5.0,3.7844936847686768
77,268,5.0,3.496626377105713
455,1137,3.0,4.014270782470703
483,313,2.0,3.811978816986084
84,15,4.0,4.176205635070801
709,739,3.0,3.3993701934814453
579,7,3.0,3.5770792961120605
327,709,4.0,3.7237091064453125
805,405,3.0,3.1816158294677734
786,86,4.0,4.139839172363281
334,301,2.0,3.0125396251678467
388,773,3.0,3.243093252182007
222,1419,1.0,2.1318511962890625
151,433,3.0,4.058778762817383
556,187,5.0,4.52864933013916
850,490,5.0,4.612995147705078
291,41,4.0,3.4949886798858643
846,739,4.0,3.4664106369018555
332,97,5.0,4.699055194854736
388,307,4.0,4.185392379760742
776,134,4.0,4.1553874015808105
642,955,3.0,3.865654230117798
622,402,3.0,3.595698595046997
890,436,3.0,3.7379579544067383
269,640,5.0,2.655543088912964
6,32,4.0,3.7131316661834717
313,155,2.0,3.068955421447754
417,452,2.0,2.7664566040039062
685,299,2.0,1.7263073921203613
469,64,5.0,4.940751552581787
806,455,3.0,3.4038474559783936
370,64,4.0,4.102301597595215
313,582,2.0,3.5667059421539307
303,873,3.0,2.7619714736938477
363,39,4.0,2.8688912391662598
882,756,3.0,3.1514198780059814
466,909,5.0,3.6757099628448486
59,25,4.0,3.684711217880249
186,588,4.0,3.9036622047424316
735,288,4.0,3.1203417778015137
52,288,3.0,3.9058074951171875
624,255,3.0,3.462921380996704
868,378,2.0,3.160508394241333
847,367,3.0,2.947920799255371
675,347,4.0,3.5087544918060303
210,97,5.0,4.252011299133301
929,654,3.0,4.049044609069824
631,307,4.0,3.3966121673583984
72,382,4.0,3.7147305011749268
276,77,3.0,3.4631967544555664
459,286,4.0,3.7529287338256836
727,421,5.0,3.29721999168396
75,137,4.0,3.9757370948791504
486,327,3.0,3.166361093521118
882,432,5.0,4.207973480224609
919,1284,3.0,2.8463807106018066
149,310,2.0,2.946398973464966
5,454,1.0,2.8350536823272705
548,466,5.0,3.883042812347412
546,977,5.0,3.254598379135132
87,196,5.0,4.410479545593262
847,1,3.0,3.1926374435424805
579,88,4.0,3.3190245628356934
345,956,4.0,3.8437814712524414
327,715,4.0,3.033756971359253
234,1221,4.0,3.010885715484619
854,479,4.0,3.720353364944458
807,566,4.0,3.9833552837371826
396,472,5.0,3.239654064178467
719,79,4.0,3.580923557281494
312,740,4.0,3.8281776905059814
436,785,2.0,3.5754640102386475
592,881,1.0,2.9313158988952637
624,886,4.0,3.333967685699463
916,2,3.0,3.0167148113250732
95,71,5.0,3.9271342754364014
262,567,1.0,2.5125770568847656
606,168,5.0,4.558582305908203
398,235,2.0,2.8762357234954834
321,215,3.0,3.468360185623169
686,2,3.0,3.762254238128662
619,879,4.0,3.0997586250305176
932,659,5.0,4.457165718078613
308,275,4.0,4.0274553298950195
782,1241,2.0,2.3899943828582764
351,751,4.0,4.155340194702148
269,661,4.0,3.469697952270508
93,118,3.0,3.180785655975342
425,823,3.0,2.484863758087158
524,310,4.0,3.424546480178833
618,371,3.0,3.034881830215454
268,182,4.0,3.5704522132873535
324,538,4.0,4.480226516723633
899,740,5.0,3.307549238204956
87,80,4.0,3.0986759662628174
825,925,4.0,3.6090872287750244
378,272,4.0,4.237566947937012
774,135,3.0,2.536283016204834
930,238,4.0,3.0368425846099854
704,604,5.0,4.108625888824463
854,509,4.0,3.482848644256592
704,185,4.0,3.9669547080993652
497,1407,3.0,2.25352144241333
429,166,5.0,4.002505302429199
255,597,4.0,2.518449068069458
406,136,4.0,3.960279941558838
16,182,5.0,4.6523895263671875
715,546,4.0,2.9421865940093994
465,151,3.0,3.157222270965576
846,705,3.0,4.2151641845703125
23,780,1.0,2.9687609672546387
336,785,1.0,3.1100521087646484
214,196,4.0,3.964268684387207
669,56,2.0,3.629422187805176
846,135,4.0,4.223471641540527
181,1198,1.0,1.5085071325302124
896,392,3.0,3.1737959384918213
22,687,1.0,2.1369946002960205
396,288,3.0,3.6927478313446045
709,230,2.0,3.5687077045440674
379,433,4.0,4.0987868309021
664,57,4.0,4.139423370361328
805,636,4.0,3.234877586364746
195,46,3.0,3.6382901668548584
442,738,3.0,2.5710842609405518
893,172,5.0,4.491467475891113
682,209,3.0,3.7139647006988525
234,626,4.0,1.2446749210357666
118,7,5.0,4.733158588409424
756,195,3.0,3.5920705795288086
354,661,4.0,4.067391395568848
766,606,3.0,3.7916042804718018
838,191,5.0,4.541048526763916
839,319,1.0,3.109787702560425
456,1009,5.0,3.364358425140381
640,226,5.0,3.8777830600738525
274,88,4.0,3.998023748397827
85,631,4.0,3.4151017665863037
774,22,2.0,2.6514525413513184
67,121,4.0,4.032715797424316
493,1013,1.0,2.3797876834869385
339,133,4.0,4.1833038330078125
621,871,3.0,2.720101833343506
450,702,4.0,3.4726479053497314
648,742,5.0,3.4068493843078613
294,928,3.0,3.3389627933502197
727,271,4.0,3.150751829147339
699,269,4.0,3.7314789295196533
387,76,3.0,3.3352231979370117
424,25,4.0,3.029205083847046
269,708,4.0,2.88710618019104
911,197,4.0,4.045177459716797
738,429,3.0,3.8621678352355957
901,568,5.0,4.062272071838379
566,707,4.0,3.6787939071655273
881,417,2.0,3.1413285732269287
450,969,4.0,4.225704193115234
47,321,4.0,3.3682591915130615
44,71,3.0,3.826068162918091
487,111,3.0,3.7259364128112793
234,530,4.0,3.564337968826294
795,319,4.0,2.980433464050293
443,260,1.0,2.807413101196289
405,1566,1.0,0.6283172965049744
201,979,2.0,2.9238340854644775
853,678,4.0,2.6101841926574707
151,190,4.0,4.673229217529297
347,411,5.0,2.975736618041992
489,243,4.0,3.061969041824341
414,288,5.0,3.7518889904022217
378,392,3.0,3.554168939590454
409,223,4.0,4.184891700744629
234,385,2.0,3.0167315006256104
450,221,4.0,4.197342872619629
95,591,5.0,3.6928672790527344
42,371,4.0,3.4552488327026367
466,260,4.0,2.4637489318847656
552,1,3.0,3.60546612739563
94,160,4.0,3.567267417907715
584,230,4.0,3.381993055343628
109,452,2.0,2.8431713581085205
655,789,3.0,2.985269546508789
561,201,3.0,2.875415802001953
406,123,4.0,3.043588161468506
455,385,3.0,3.4588966369628906
144,124,4.0,4.139677047729492
435,1061,3.0,2.837292432785034
727,1034,2.0,2.3149490356445312
602,880,4.0,3.515735387802124
296,238,4.0,4.281536102294922
590,6,5.0,3.593262195587158
916,256,3.0,3.6802892684936523
262,447,3.0,3.2151222229003906
661,647,4.0,4.478453636169434
56,930,3.0,2.8201451301574707
117,156,4.0,4.423796653747559
804,511,4.0,4.543124675750732
591,435,4.0,4.0155487060546875
650,501,3.0,2.9609310626983643
343,531,5.0,4.3883161544799805
189,459,4.0,4.1635003089904785
302,333,3.0,2.518649101257324
666,866,2.0,3.1100070476531982
308,755,3.0,3.4573075771331787
854,1028,2.0,2.6346211433410645
458,127,5.0,4.382534027099609
394,22,5.0,4.817317008972168
436,381,4.0,3.8256163597106934
495,232,5.0,3.8837833404541016
457,371,4.0,3.790611743927002
417,963,4.0,4.126763343811035
145,358,4.0,2.7953436374664307
417,561,3.0,3.1002819538116455
916,1217,1.0,2.7602248191833496
238,756,3.0,2.8063864707946777
88,261,5.0,2.4052276611328125
334,1133,4.0,2.944227933883667
622,418,3.0,3.5901949405670166
643,150,5.0,3.942408323287964
454,134,3.0,3.287731885910034
6,480,4.0,4.057884216308594
738,659,4.0,4.071779727935791
458,134,5.0,4.286116600036621
252,149,5.0,3.7624545097351074
236,532,2.0,3.3222036361694336
84,597,3.0,3.4232988357543945
92,200,3.0,3.727806568145752
848,1101,5.0,4.178350448608398
708,476,3.0,3.0218989849090576
503,197,5.0,4.3427653312683105
70,229,3.0,2.9662017822265625
561,133,3.0,3.169482469558716
13,868,5.0,2.8107118606567383
561,304,3.0,2.8361194133758545
151,549,4.0,3.9468154907226562
938,405,3.0,3.399282932281494
236,172,3.0,4.007501602172852
795,550,3.0,2.951633930206299
393,1221,3.0,3.574686050415039
942,261,4.0,2.6743404865264893
7,676,3.0,3.733105421066284
307,163,3.0,3.7315754890441895
450,735,4.0,4.172288417816162
92,31,4.0,3.5061402320861816
620,1,5.0,4.365024566650391
429,1119,3.0,3.6564950942993164
537,190,4.0,3.389591693878174
593,845,3.0,3.5006608963012695
479,181,5.0,3.789433479309082
159,451,5.0,3.6433682441711426
495,228,5.0,4.403275489807129
13,127,5.0,4.199661731719971
747,178,5.0,4.731417179107666
886,11,5.0,3.792515516281128
623,234,4.0,3.70286226272583
886,419,3.0,3.632415294647217
655,44,2.0,2.8118557929992676
938,1012,5.0,3.541994094848633
167,615,5.0,4.023381233215332
135,227,3.0,3.1718528270721436
472,758,1.0,2.3286497592926025
823,156,5.0,4.278605937957764
538,174,4.0,3.9318695068359375
334,71,3.0,3.6698615550994873
870,22,4.0,4.09845495223999
495,68,5.0,3.989253044128418
262,423,4.0,3.433350086212158
383,663,5.0,4.21925163269043
380,86,4.0,3.2967913150787354
671,23,4.0,4.361927032470703
234,478,3.0,3.476806879043579
201,1069,2.0,3.0262386798858643
559,4,4.0,3.3584094047546387
181,758,1.0,1.031701683998108
56,794,3.0,3.7290000915527344
780,187,5.0,4.04425048828125
497,1042,3.0,2.9473073482513428
505,182,1.0,3.618753433227539
870,810,3.0,2.765672445297241
303,1153,3.0,3.8619749546051025
868,1098,5.0,3.184255599975586
303,186,4.0,4.092048645019531
201,47,4.0,3.042783260345459
416,184,4.0,3.879288673400879
246,219,5.0,2.9865896701812744
909,224,5.0,4.45579719543457
407,173,5.0,3.962688446044922
137,300,5.0,4.2353620529174805
43,17,3.0,3.3324522972106934
318,237,5.0,3.8622968196868896
885,1,5.0,3.6257450580596924
758,384,5.0,3.0028069019317627
10,275,4.0,4.388903617858887
499,486,3.0,3.8784685134887695
933,163,2.0,2.9039907455444336
305,204,2.0,3.5561013221740723
370,608,4.0,3.697972297668457
405,451,5.0,1.9668577909469604
940,316,4.0,3.8573803901672363
372,200,5.0,4.819650173187256
128,15,4.0,3.7172207832336426
18,199,3.0,4.360064506530762
109,202,5.0,3.761958360671997
837,1047,1.0,2.7721846103668213
387,744,3.0,3.3278582096099854
655,291,3.0,2.762676477432251
758,177,5.0,4.3686017990112305
94,153,5.0,4.043554782867432
840,566,5.0,3.805504560470581
608,956,3.0,3.650986671447754
130,109,3.0,4.298954010009766
686,204,4.0,4.612682342529297
329,483,4.0,4.186267852783203
378,1134,4.0,3.388795852661133
900,121,2.0,2.4499130249023438
594,237,3.0,3.1673364639282227
843,1135,3.0,2.265026092529297
389,490,3.0,4.247995853424072
655,1245,3.0,2.802765369415283
234,699,3.0,3.142667293548584
92,173,3.0,4.027441501617432
519,299,5.0,3.7470407485961914
301,111,1.0,3.4669511318206787
435,22,4.0,4.107697010040283
815,527,5.0,4.236657619476318
806,1059,3.0,2.73917818069458
435,1291,1.0,2.5817759037017822
207,475,2.0,3.538039207458496
617,653,4.0,3.0370492935180664
812,288,4.0,3.5217092037200928
321,510,5.0,3.802285671234131
406,203,4.0,3.6322648525238037
880,376,3.0,2.9827256202697754
497,62,4.0,2.9933314323425293
904,300,4.0,3.7355377674102783
899,229,2.0,2.857414960861206
26,508,3.0,3.0874764919281006
854,1197,3.0,3.3411660194396973
741,234,4.0,3.820460081100464
308,123,3.0,3.2538061141967773
435,778,4.0,3.425631284713745
299,94,1.0,2.9577736854553223
343,191,5.0,4.685014247894287
14,920,4.0,2.638033151626587
85,132,5.0,3.867272138595581
694,496,4.0,4.482504844665527
553,611,5.0,4.44355583190918
382,177,4.0,3.409529209136963
532,898,4.0,3.6012516021728516
480,190,5.0,3.961698532104492
487,501,4.0,3.736318349838257
389,923,5.0,4.451217174530029
189,274,4.0,3.5702619552612305
396,1399,3.0,2.397474765777588
467,288,4.0,3.467210531234741
209,333,2.0,3.0216498374938965
286,16,3.0,3.6262152194976807
716,58,5.0,3.7711856365203857
331,1194,3.0,3.8954007625579834
533,77,4.0,3.16231632232666
682,276,3.0,3.46532940864563
342,169,5.0,4.365085601806641
796,607,4.0,4.119104862213135
468,71,5.0,4.208033561706543
38,717,1.0,3.294027328491211
72,654,4.0,4.3065900802612305
399,28,2.0,3.396348714828491
60,234,4.0,4.099346160888672
701,285,5.0,4.819100856781006
424,538,5.0,3.137633800506592
296,632,5.0,4.393291473388672
932,1149,4.0,4.411094665527344
721,264,1.0,2.9034512042999268
694,1221,3.0,3.845433473587036
623,66,4.0,3.408998727798462
56,210,5.0,4.183913707733154
158,431,5.0,3.754992961883545
268,402,1.0,3.131514549255371
738,169,5.0,4.375774383544922
603,22,4.0,4.456606388092041
305,144,2.0,3.4211103916168213
573,162,4.0,3.459606170654297
881,4,3.0,3.473088264465332
561,11,4.0,3.207383155822754
389,142,3.0,3.0663650035858154
392,298,1.0,4.154800891876221
128,132,3.0,4.184070587158203
694,836,4.0,3.881680727005005
622,227,3.0,3.32363224029541
363,116,4.0,3.2629196643829346
388,117,5.0,4.404653072357178
233,223,4.0,4.794496059417725
472,417,4.0,4.142350196838379
41,238,5.0,3.7483837604522705
553,1451,4.0,3.8232667446136475
269,188,2.0,3.1118576526641846
663,1011,3.0,3.3629112243652344
682,147,1.0,3.219945192337036
834,342,2.0,3.084556818008423
383,286,5.0,3.870469570159912
292,665,3.0,3.172797203063965
590,1061,2.0,2.919487714767456
655,270,4.0,2.9423112869262695
671,144,4.0,3.913590908050537
660,24,3.0,2.675328493118286
654,111,4.0,3.4853079319000244
503,443,5.0,4.095188140869141
552,591,3.0,3.4370574951171875
405,728,4.0,1.872124195098877
296,282,4.0,4.143423080444336
551,1135,5.0,3.236999750137329
497,222,3.0,3.3938121795654297
327,718,4.0,3.293922185897827
861,292,4.0,3.945237636566162
630,412,1.0,2.1244754791259766
181,1034,1.0,1.2784957885742188
106,526,4.0,3.9601798057556152
184,88,3.0,3.420478105545044
244,553,5.0,3.4652304649353027
749,94,5.0,3.2437009811401367
374,97,5.0,3.7403151988983154
585,113,3.0,3.7909131050109863
912,474,3.0,4.032382965087891
500,93,4.0,3.550839424133301
536,283,3.0,3.8695919513702393
311,62,3.0,3.332252025604248
276,1239,1.0,2.5077004432678223
825,1015,2.0,3.441317081451416
151,203,3.0,4.10452938079834
554,121,4.0,3.5110831260681152
432,871,2.0,2.7845921516418457
862,222,5.0,4.2418975830078125
267,55,4.0,4.231062412261963
334,606,5.0,3.927873373031616
469,607,5.0,4.546289920806885
694,491,3.0,4.108260631561279
780,427,3.0,4.217277526855469
461,121,2.0,3.077263116836548
381,100,4.0,4.365877628326416
748,83,3.0,3.7793686389923096
600,62,4.0,3.311506748199463
795,209,5.0,3.533413887023926
234,523,4.0,3.4880471229553223
49,652,5.0,3.058290958404541
127,229,5.0,3.161970376968384
230,673,3.0,3.729438304901123
757,350,3.0,3.1843690872192383
854,144,3.0,3.3785758018493652
276,73,3.0,3.5916640758514404
714,291,3.0,3.52970290184021
529,269,3.0,4.3733015060424805
393,369,3.0,2.7530105113983154
668,333,3.0,3.558259963989258
605,302,4.0,4.269517421722412
437,47,4.0,3.5236127376556396
796,1049,4.0,2.5485754013061523
567,50,1.0,4.3562822341918945
730,322,1.0,2.77508544921875
83,322,3.0,3.215405225753784
474,170,4.0,4.435002326965332
552,873,3.0,2.9304587841033936
593,98,5.0,4.417266845703125
886,174,5.0,4.134151935577393
378,255,4.0,3.2906391620635986
783,881,4.0,3.3685851097106934
682,291,1.0,3.1646358966827393
747,154,3.0,4.115798473358154
361,218,3.0,3.4520351886749268
502,683,3.0,2.5468618869781494
566,137,5.0,3.578556537628174
128,172,3.0,4.338852882385254
285,269,4.0,4.085905075073242
830,2,3.0,3.2270195484161377
268,176,5.0,3.572194814682007
78,301,5.0,2.917187213897705
586,17,5.0,2.980781316757202
102,208,4.0,3.0726735591888428
114,646,4.0,3.7365376949310303
561,526,3.0,3.2542495727539062
59,448,4.0,3.6798434257507324
233,249,5.0,3.67276668548584
210,523,4.0,4.602739334106445
35,264,2.0,2.767451286315918
682,157,4.0,3.44415283203125
201,238,3.0,3.399905204772949
655,51,2.0,2.913003921508789
373,1006,2.0,3.2118093967437744
42,135,4.0,4.148092269897461
864,94,4.0,3.370112419128418
334,155,2.0,2.967660903930664
15,924,3.0,2.8288516998291016
756,739,4.0,3.020582437515259
60,128,3.0,3.7077763080596924
311,479,5.0,4.328350067138672
823,97,5.0,4.174365997314453
601,1540,2.0,2.5041704177856445
610,607,5.0,4.038621425628662
648,89,4.0,4.039325714111328
707,602,4.0,3.631910800933838
907,619,2.0,4.343392848968506
119,274,4.0,3.8713912963867188
880,22,4.0,4.5264973640441895
524,928,4.0,2.9500772953033447
207,82,3.0,3.413618564605713
118,559,4.0,4.089888095855713
302,266,2.0,1.893609642982483
84,284,3.0,3.5382843017578125
195,59,3.0,4.060834884643555
601,127,4.0,3.727480411529541
130,33,5.0,4.2152814865112305
269,208,2.0,3.3645970821380615
363,849,2.0,2.4285218715667725
671,742,5.0,3.7398712635040283
235,523,5.0,4.1296234130859375
87,157,3.0,4.1373610496521
660,100,3.0,3.257768392562866
537,1451,3.0,2.8836941719055176
94,546,3.0,3.095334529876709
347,432,4.0,3.7754430770874023
121,172,5.0,4.163897514343262
734,465,4.0,3.2756125926971436
718,597,5.0,3.2709264755249023
712,794,4.0,3.809208631515503
154,919,4.0,3.9889492988586426
143,328,4.0,3.6511902809143066
382,252,2.0,2.59543514251709
554,576,4.0,3.160278081893921
695,302,4.0,4.101356506347656
393,672,3.0,2.7597479820251465
234,617,3.0,3.2073557376861572
234,95,3.0,3.1962010860443115
311,527,4.0,4.258828639984131
603,449,4.0,3.211153984069824
183,380,4.0,3.019986629486084
690,554,3.0,2.652050018310547
796,217,4.0,3.311610221862793
334,238,4.0,3.710038900375366
882,1,5.0,4.40347146987915
268,333,4.0,3.0561366081237793
177,276,5.0,3.583406448364258
262,50,2.0,3.934971332550049
524,815,3.0,3.1156489849090576
1,143,1.0,3.7691571712493896
815,240,2.0,2.90140962600708
276,313,5.0,4.480904579162598
115,9,5.0,3.9159047603607178
666,172,3.0,4.132206916809082
616,347,4.0,3.658957004547119
449,9,4.0,3.9905529022216797
624,1120,4.0,3.0847744941711426
416,658,5.0,3.9188663959503174
863,340,3.0,3.3822073936462402
234,735,3.0,3.227219581604004
450,58,3.0,3.966820001602173
437,182,2.0,4.005013942718506
932,478,4.0,4.408522129058838
505,96,4.0,3.6441116333007812
357,280,5.0,4.20020866394043
833,655,2.0,3.412383556365967
450,546,4.0,3.303492546081543
327,327,3.0,2.9538912773132324
793,148,4.0,3.3225936889648438
70,99,4.0,3.6464662551879883
799,319,4.0,3.442655324935913
593,237,4.0,3.722215414047241
409,168,5.0,4.009476661682129
297,257,3.0,3.591299057006836
374,620,3.0,3.0521597862243652
150,14,4.0,4.280056953430176
828,288,3.0,2.9486865997314453
247,259,3.0,2.801685333251953
727,380,3.0,3.1737775802612305
83,527,4.0,4.41903018951416
103,96,4.0,3.926077365875244
506,203,4.0,3.921060562133789
450,89,5.0,4.53568696975708
62,875,4.0,2.6197469234466553
401,553,5.0,2.6337294578552246
269,505,3.0,3.3485493659973145
13,508,3.0,3.352842330932617
388,53,5.0,3.4672603607177734
666,489,4.0,4.015392303466797
373,259,5.0,2.7453198432922363
403,123,3.0,3.354854106903076
89,216,5.0,4.314220905303955
790,108,3.0,3.0077056884765625
393,932,3.0,2.984584093093872
624,534,3.0,3.577354907989502
216,122,5.0,2.534897565841675
11,738,3.0,2.743995189666748
416,369,2.0,2.9912307262420654
328,1139,1.0,2.746204376220703
870,50,3.0,4.200298309326172
454,371,3.0,2.6141490936279297
325,134,4.0,3.9890615940093994
305,79,3.0,3.6570112705230713
145,750,4.0,4.06379508972168
727,820,2.0,2.723881959915161
279,61,4.0,3.7482786178588867
738,141,3.0,3.4353222846984863
695,305,3.0,3.6437504291534424
707,504,1.0,3.8356387615203857
894,312,3.0,3.259798765182495
656,689,2.0,2.2769036293029785
890,98,4.0,4.366178035736084
466,684,4.0,3.460902452468872
389,58,4.0,3.7523839473724365
291,825,4.0,3.304288387298584
748,50,5.0,4.069493293762207
721,260,3.0,2.7686259746551514
180,83,5.0,4.29845666885376
444,50,5.0,4.58992862701416
870,52,2.0,3.7483015060424805
265,472,3.0,3.031724214553833
707,1251,4.0,3.6427078247070312
477,237,4.0,4.835771560668945
327,431,3.0,3.1505775451660156
373,732,3.0,3.717620372772217
829,116,4.0,3.6490066051483154
299,213,5.0,3.8143677711486816
405,561,1.0,1.9027026891708374
846,87,4.0,4.189999103546143
82,208,3.0,3.6906259059906006
846,91,4.0,3.804112434387207
276,125,4.0,3.7260189056396484
405,1518,2.0,1.690399169921875
929,419,4.0,3.544210910797119
85,1166,4.0,3.015190839767456
862,930,5.0,3.1423819065093994
868,211,3.0,3.3665263652801514
416,915,5.0,4.137353897094727
332,568,4.0,4.502602577209473
221,1017,4.0,3.369380474090576
798,270,4.0,3.552853584289551
457,708,4.0,3.9599530696868896
432,181,5.0,4.2584638595581055
751,917,2.0,3.2369887828826904
774,1028,2.0,1.861487627029419
210,210,5.0,4.418383598327637
749,117,4.0,3.873952865600586
293,632,3.0,3.566592216491699
892,615,5.0,4.362086296081543
813,538,3.0,3.190941095352173
905,294,3.0,3.051025390625
308,848,4.0,3.4237987995147705
162,358,3.0,2.6689183712005615
650,7,4.0,3.230412483215332
875,23,5.0,4.5395731925964355
343,387,4.0,3.7822775840759277
175,183,4.0,3.8731689453125
655,629,3.0,2.802112102508545
865,111,1.0,2.6227638721466064
256,1033,4.0,3.0697450637817383
276,931,2.0,2.1734495162963867
626,270,2.0,2.439866781234741
506,945,4.0,4.2452287673950195
865,685,3.0,2.491175889968872
840,474,5.0,4.574044704437256
389,38,2.0,2.984931468963623
889,881,3.0,2.741621494293213
573,480,4.0,4.084629058837891
128,427,5.0,4.405383110046387
659,482,4.0,4.173927307128906
463,242,2.0,3.498401403427124
886,12,5.0,4.1817169189453125
451,324,4.0,2.454803466796875
114,89,5.0,3.733645439147949
843,152,2.0,2.778611660003662
144,313,5.0,4.222955703735352
535,612,4.0,4.079715728759766
453,871,1.0,2.5191245079040527
721,1065,5.0,3.7306766510009766
826,294,4.0,3.5002715587615967
592,1097,4.0,4.1061296463012695
495,135,3.0,4.608043670654297
472,193,5.0,5.057639122009277
296,48,5.0,4.575807094573975
325,530,4.0,3.9726576805114746
917,535,4.0,3.306314468383789
391,148,3.0,3.0792996883392334
606,127,4.0,4.877040386199951
387,746,1.0,3.5389111042022705
593,293,1.0,3.922139883041382
334,655,4.0,3.731531858444214
98,523,5.0,3.819431781768799
763,609,4.0,3.5821902751922607
479,131,3.0,3.775923728942871
490,93,4.0,2.8973917961120605
846,602,4.0,3.919888496398926
703,864,2.0,3.2452008724212646
234,91,5.0,3.104499340057373
889,144,4.0,3.6323225498199463
710,330,3.0,2.935636520385742
13,433,4.0,3.578015089035034
693,520,2.0,3.4671521186828613
593,274,3.0,3.465334415435791
59,595,3.0,3.0938894748687744
254,219,1.0,2.9965615272521973
577,281,3.0,3.361565589904785
200,1049,3.0,2.960927724838257
405,418,5.0,2.1260433197021484
504,705,4.0,4.294278144836426
634,595,4.0,2.934096336364746
328,433,2.0,3.643855571746826
835,287,4.0,4.053450584411621
712,42,1.0,4.016622066497803
524,275,3.0,3.7692646980285645
639,286,4.0,2.897186279296875
897,871,3.0,2.877174139022827
311,161,4.0,3.62315034866333
780,515,3.0,4.300597190856934
416,103,3.0,2.4434964656829834
82,151,2.0,3.3496456146240234
450,633,5.0,4.348863124847412
419,705,5.0,4.271894454956055
20,323,4.0,2.540506362915039
456,1198,4.0,3.1883509159088135
378,1221,3.0,3.53859543800354
436,400,3.0,2.534712076187134
447,1046,3.0,3.2426278591156006
757,426,3.0,2.9457197189331055
484,186,4.0,4.4214372634887695
174,871,1.0,2.881910562515259
249,191,4.0,4.673876762390137
315,12,5.0,4.6177191734313965
1,88,4.0,3.5615062713623047
676,962,4.0,3.514256715774536
56,405,4.0,3.5319948196411133
437,11,1.0,3.899357557296753
271,506,4.0,3.7496049404144287
908,185,4.0,3.4323678016662598
936,1023,2.0,2.7959771156311035
618,723,3.0,3.0500447750091553
650,1039,3.0,3.3579394817352295
579,111,4.0,3.2841851711273193
223,173,5.0,3.8743185997009277
535,566,3.0,3.6317832469940186
334,1073,4.0,3.6732494831085205
860,4,4.0,3.306474208831787
838,143,5.0,3.9593262672424316
889,250,4.0,3.289099931716919
107,259,2.0,2.330392599105835
222,186,5.0,3.715141773223877
399,127,2.0,3.728435516357422
85,70,4.0,3.393493890762329
437,955,4.0,3.5119996070861816
299,606,4.0,3.9111642837524414
416,734,3.0,3.0050442218780518
332,284,5.0,3.8676598072052
372,441,4.0,3.4768898487091064
393,805,2.0,3.7750132083892822
313,183,5.0,3.939737319946289
275,169,3.0,3.912313938140869
543,147,4.0,3.200338125228882
257,113,4.0,4.071084976196289
275,825,2.0,2.6363890171051025
37,161,5.0,3.668107748031616
501,124,4.0,4.613622665405273
480,249,1.0,3.039323329925537
766,436,4.0,3.38128924369812
130,305,4.0,4.5060248374938965
830,424,1.0,1.3515080213546753
896,128,4.0,3.1112711429595947
708,405,4.0,3.352764129638672
241,270,3.0,3.411278247833252
303,50,5.0,4.591236114501953
889,39,2.0,3.1297919750213623
130,472,4.0,3.6705124378204346
663,7,4.0,3.860790967941284
795,655,3.0,3.500659704208374
515,687,3.0,1.9121650457382202
484,1016,4.0,3.847932815551758
526,243,1.0,1.9424936771392822
518,696,5.0,3.306291341781616
334,1172,3.0,3.5582871437072754
389,8,4.0,4.098812103271484
167,83,5.0,4.0734405517578125
801,343,4.0,4.080379486083984
666,182,4.0,3.8923187255859375
747,3,2.0,3.3780548572540283
451,288,5.0,3.0554044246673584
878,111,4.0,3.0300381183624268
807,94,2.0,3.4478201866149902
49,413,1.0,2.0403053760528564
828,381,3.0,3.0809922218322754
546,313,2.0,5.0929975509643555
704,607,4.0,3.9952785968780518
468,117,2.0,4.005195140838623
306,756,3.0,2.8903517723083496
588,1091,4.0,2.927150011062622
393,73,4.0,3.516373872756958
328,157,5.0,3.5600476264953613
475,316,5.0,3.848210334777832
145,761,4.0,3.0170705318450928
763,83,3.0,4.154314041137695
631,323,2.0,2.917403221130371
299,26,4.0,3.3040647506713867
778,204,4.0,3.085660934448242
840,185,5.0,4.318495750427246
480,603,4.0,4.033929824829102
489,898,3.0,3.8454484939575195
716,64,5.0,4.608165740966797
838,70,4.0,3.847761631011963
409,965,2.0,3.7314271926879883
738,496,4.0,4.075504302978516
271,242,4.0,3.900733470916748
601,483,4.0,3.8512423038482666
61,690,2.0,3.093980073928833
101,282,3.0,3.503852367401123
172,177,4.0,3.225902557373047
161,174,2.0,2.8265764713287354
435,254,3.0,2.3152685165405273
471,172,4.0,3.729024648666382
870,124,4.0,3.9823360443115234
890,121,2.0,3.435580253601074
32,222,3.0,3.3401589393615723
374,7,1.0,3.730451822280884
862,831,3.0,2.89528226852417
201,1153,2.0,3.196683406829834
60,405,4.0,3.531388282775879
344,251,5.0,4.364672660827637
574,310,4.0,3.5696232318878174
582,932,2.0,2.866372585296631
338,479,5.0,4.12174129486084
731,378,1.0,3.2447643280029297
804,1222,3.0,2.9573044776916504
561,675,3.0,3.0672030448913574
795,201,4.0,3.0995419025421143
913,203,4.0,3.434612274169922
90,300,3.0,3.782280445098877
42,88,5.0,3.7081375122070312
666,646,3.0,4.042900085449219
642,585,5.0,2.8472886085510254
667,1101,3.0,3.937739133834839
458,21,2.0,2.815368413925171
682,708,3.0,3.185152292251587
13,463,5.0,3.5858352184295654
181,458,3.0,1.5671892166137695
347,240,5.0,2.8944742679595947
62,232,3.0,3.112462043762207
113,246,5.0,4.367065906524658
586,470,4.0,3.3502919673919678
937,515,5.0,4.102716445922852
398,414,3.0,3.5922367572784424
41,209,4.0,3.822038412094116
889,514,1.0,3.6819934844970703
279,1411,3.0,2.742953062057495
423,299,3.0,2.9573898315429688
532,335,3.0,3.369276762008667
932,576,2.0,3.325350522994995
907,685,5.0,4.2953715324401855
242,111,4.0,4.223630905151367
441,683,2.0,2.608022928237915
640,204,5.0,4.688515663146973
15,283,4.0,3.104318141937256
655,1445,3.0,2.426806926727295
660,826,3.0,1.945388913154602
251,248,4.0,3.773102283477783
66,877,1.0,2.578139543533325
699,1010,3.0,3.180999994277954
145,281,4.0,3.1974477767944336
640,47,4.0,4.210125923156738
445,221,1.0,2.358978033065796
29,332,4.0,3.5141823291778564
554,294,3.0,3.177856683731079
60,433,4.0,4.007536888122559
717,271,2.0,3.6359779834747314
562,231,1.0,2.6715734004974365
711,660,5.0,3.8809916973114014
5,1,4.0,3.522493362426758
842,886,4.0,3.446460723876953
504,258,5.0,4.096407413482666
564,597,4.0,2.8945183753967285
308,1169,5.0,4.036032199859619
79,100,5.0,4.503055572509766
883,856,5.0,4.1833109855651855
305,257,2.0,3.392888069152832
215,234,4.0,3.950075149536133
363,68,2.0,2.9967637062072754
629,4,3.0,4.039557456970215
57,240,2.0,3.000584363937378
484,202,5.0,4.266605377197266
237,357,4.0,4.402454853057861
828,170,3.0,3.593904495239258
579,83,5.0,3.854262590408325
259,294,3.0,3.276057004928589
330,419,5.0,4.730495929718018
318,105,1.0,2.6620025634765625
315,93,5.0,3.9977402687072754
843,217,4.0,2.4364213943481445
896,562,2.0,2.816920280456543
500,1135,3.0,2.865574836730957
922,174,5.0,4.183407783508301
222,1041,3.0,3.005847692489624
82,482,4.0,3.7548303604125977
782,752,4.0,3.1153883934020996
238,151,2.0,3.614690065383911
767,478,4.0,4.621135234832764
42,210,5.0,4.17848014831543
429,218,3.0,3.575350761413574
20,405,3.0,2.8393471240997314
337,106,2.0,3.138792037963867
666,248,3.0,3.4803075790405273
478,975,4.0,2.875143527984619
868,405,1.0,2.8128974437713623
189,255,2.0,3.5115761756896973
499,207,5.0,3.800983428955078
885,418,4.0,3.33024525642395
95,176,3.0,4.047671318054199
535,435,5.0,4.054452896118164
222,231,2.0,2.6009440422058105
292,855,5.0,4.3536696434021
655,1644,1.0,1.7099943161010742
69,475,3.0,4.139798641204834
385,661,4.0,3.5281498432159424
618,433,2.0,3.4651191234588623
490,987,3.0,1.2591221332550049
792,24,3.0,3.276031732559204
68,237,5.0,3.107879161834717
690,294,3.0,2.8719842433929443
846,673,4.0,3.7217445373535156
90,223,4.0,4.819641590118408
922,249,3.0,3.222900629043579
642,49,4.0,3.743009328842163
244,232,4.0,3.624983787536621
528,213,4.0,4.067950248718262
16,204,5.0,4.568765163421631
788,670,3.0,2.789998769760132
650,232,3.0,2.846057415008545
62,174,4.0,3.9598982334136963
334,640,4.0,2.9970242977142334
269,642,3.0,2.9302005767822266
837,717,1.0,2.764091968536377
295,67,4.0,3.484539747238159
638,121,4.0,3.178206443786621
588,8,5.0,4.205838203430176
311,436,3.0,3.8173727989196777
407,388,2.0,2.3571994304656982
296,281,2.0,3.4018871784210205
290,588,4.0,3.5780441761016846
5,433,5.0,3.4027366638183594
592,324,4.0,3.369274616241455
707,902,5.0,3.805199146270752
453,401,3.0,2.5903513431549072
653,153,2.0,2.8378026485443115
711,710,4.0,3.75421142578125
796,77,5.0,3.476271629333496
387,408,4.0,4.393728256225586
459,300,4.0,3.8136332035064697
917,471,4.0,3.5314393043518066
7,502,5.0,4.360641002655029
406,451,2.0,3.2145936489105225
141,118,5.0,3.3828048706054688
385,455,4.0,2.8503122329711914
445,1598,1.0,1.6905291080474854
87,514,4.0,4.365606784820557
140,880,4.0,3.181398868560791
804,632,3.0,4.1391143798828125
192,1160,4.0,3.3683533668518066
38,252,5.0,3.482551097869873
178,288,5.0,3.5550098419189453
311,443,3.0,4.033272743225098
749,755,4.0,3.4967241287231445
43,699,4.0,3.8259642124176025
654,181,3.0,4.009440898895264
201,57,4.0,3.5174612998962402
716,141,4.0,3.6629676818847656
943,526,4.0,4.016670227050781
181,1368,1.0,1.6216033697128296
718,282,5.0,4.031791687011719
216,93,4.0,3.9263906478881836
378,323,3.0,2.8058841228485107
178,117,4.0,3.921334981918335
661,573,3.0,3.229588031768799
293,657,4.0,3.938220977783203
94,572,3.0,3.1326825618743896
359,313,5.0,4.916316509246826
880,755,3.0,3.5446643829345703
819,862,2.0,2.2898874282836914
87,273,3.0,4.028826713562012
6,514,5.0,3.6574807167053223
480,298,2.0,3.466803789138794
347,943,4.0,3.6092584133148193
618,210,3.0,3.709536552429199
940,151,3.0,3.3935928344726562
682,1305,3.0,2.5824642181396484
399,235,4.0,2.617769479751587
493,59,5.0,4.224256992340088
402,100,5.0,4.490638732910156
559,233,3.0,3.0349302291870117
757,53,3.0,2.899930000305176
313,479,5.0,4.126331806182861
194,540,1.0,2.210132360458374
378,756,3.0,2.7774081230163574
342,320,5.0,3.3778445720672607
7,404,5.0,4.235104084014893
7,640,3.0,3.5757486820220947
782,879,3.0,3.3888659477233887
924,1400,4.0,3.140364646911621
56,181,5.0,4.196112632751465
710,134,5.0,4.077053070068359
393,250,4.0,3.4739089012145996
301,384,5.0,2.7389039993286133
9,286,5.0,4.0249810218811035
887,655,1.0,4.409611701965332
490,224,2.0,2.976484775543213
881,216,4.0,3.7520718574523926
812,261,1.0,2.5352938175201416
804,972,3.0,3.582181930541992
7,446,2.0,3.0348591804504395
239,483,5.0,4.828399181365967
627,649,4.0,3.090595006942749
279,652,4.0,3.7605690956115723
43,283,2.0,3.8519060611724854
52,1085,4.0,3.3121185302734375
534,276,5.0,4.6297287940979
749,100,3.0,4.311797618865967
293,156,4.0,3.564342737197876
659,647,3.0,4.410274505615234
236,79,4.0,3.8178889751434326
312,588,5.0,4.227114677429199
844,294,2.0,2.864215850830078
192,277,3.0,3.4624931812286377
592,236,3.0,4.085084915161133
360,405,3.0,3.383277654647827
393,342,5.0,2.9755475521087646
498,9,2.0,3.2589938640594482
184,161,2.0,3.351433753967285
201,137,4.0,3.337783098220825
683,346,4.0,3.280604362487793
374,1049,1.0,2.4247984886169434
49,462,2.0,2.9925155639648438
867,286,5.0,4.033040523529053
342,974,2.0,2.7893526554107666
343,88,4.0,3.7915115356445312
358,59,4.0,3.748605489730835
450,650,4.0,3.8910160064697266
100,892,2.0,2.448652982711792
305,183,4.0,3.639620065689087
405,174,5.0,2.622605800628662
631,877,2.0,2.496659278869629
660,196,4.0,3.0272409915924072
158,684,3.0,3.94923996925354
620,225,3.0,3.28059458732605
267,62,3.0,3.576681613922119
207,205,4.0,3.610413074493408
806,504,4.0,4.111806869506836
923,248,4.0,4.501290321350098
208,194,5.0,3.976003408432007
931,111,3.0,3.4945120811462402
181,1026,1.0,1.2588725090026855
815,496,5.0,4.289633274078369
454,144,4.0,2.953045606613159
879,111,4.0,3.5320591926574707
577,237,4.0,3.934206008911133
567,168,5.0,4.057805061340332
234,268,2.0,3.21584415435791
456,72,1.0,3.0958642959594727
843,95,2.0,2.8274292945861816
796,775,2.0,2.9236538410186768
276,541,3.0,2.999889850616455
345,289,3.0,3.0047688484191895
244,471,1.0,3.728531837463379
56,183,5.0,4.160511016845703
119,1086,4.0,3.89898419380188
655,111,2.0,2.8656203746795654
13,875,1.0,2.7464191913604736
889,482,4.0,3.8673200607299805
868,1076,1.0,2.1578893661499023
313,63,4.0,3.064423084259033
621,2,3.0,3.418114423751831
128,966,4.0,4.068131446838379
943,97,2.0,3.888333320617676
160,59,4.0,4.300795555114746
642,82,5.0,4.208044052124023
303,748,2.0,2.994253158569336
125,709,3.0,4.246831893920898
116,872,3.0,2.6674344539642334
537,79,3.0,3.1605231761932373
788,1478,3.0,2.6007180213928223
686,28,4.0,4.627929210662842
244,31,4.0,3.957332134246826
807,265,5.0,4.225677490234375
256,276,3.0,4.442073345184326
181,926,1.0,1.46308171749115
8,457,1.0,1.884162425994873
417,255,3.0,3.217095375061035
601,98,3.0,3.670952320098877
454,118,4.0,2.687354803085327
327,182,4.0,3.6214075088500977
532,1162,2.0,1.235640287399292
867,651,5.0,4.441354751586914
13,893,3.0,2.1231255531311035
378,1439,3.0,3.0209152698516846
486,595,2.0,2.726278066635132
416,150,5.0,4.358188152313232
83,1165,2.0,2.1364049911499023
540,1016,4.0,3.5723352432250977
533,480,4.0,4.023331642150879
334,502,3.0,3.625516414642334
1,131,1.0,4.073321342468262
382,1534,4.0,1.6841386556625366
815,28,4.0,4.05460262298584
303,328,3.0,3.2115163803100586
102,396,2.0,2.316495895385742
305,56,1.0,3.70916748046875
580,250,5.0,3.504246473312378
152,255,5.0,4.134498596191406
23,512,5.0,4.043238639831543
210,88,4.0,3.904510021209717
207,273,4.0,3.25723934173584
436,1468,5.0,3.3501365184783936
559,527,4.0,3.82724928855896
870,288,4.0,3.1982436180114746
472,27,4.0,4.139125347137451
650,160,3.0,2.8366408348083496
629,271,4.0,3.568070650100708
140,334,2.0,3.471184015274048
642,1039,5.0,4.3549652099609375
95,31,4.0,3.701702356338501
705,28,4.0,4.102411270141602
671,583,3.0,3.336420774459839
524,22,3.0,4.058338165283203
782,515,3.0,3.635267972946167
877,98,5.0,4.447534561157227
77,833,1.0,2.890166997909546
911,1203,4.0,3.9621849060058594
547,340,4.0,3.63559889793396
456,188,4.0,3.6080963611602783
275,1066,3.0,2.826664447784424
115,22,3.0,4.512622356414795
167,288,3.0,3.3786211013793945
303,183,5.0,4.2218918800354
709,747,2.0,3.542703151702881
551,1314,2.0,2.641141653060913
24,662,5.0,3.838273286819458
468,742,3.0,3.8166544437408447
868,651,5.0,3.4801573753356934
334,678,3.0,2.460343837738037
793,597,3.0,3.170891761779785
178,176,4.0,4.2294745445251465
7,670,5.0,3.4995291233062744
459,255,4.0,3.357332468032837
378,68,2.0,3.4341325759887695
316,435,2.0,3.2081429958343506
298,132,5.0,4.3775835037231445
882,199,5.0,4.878210067749023
576,259,2.0,2.6893930435180664
940,56,5.0,3.7349085807800293
854,9,5.0,3.3185386657714844
621,128,4.0,3.6960058212280273
160,276,5.0,3.875844955444336
496,1060,1.0,2.5167477130889893
889,95,4.0,3.5976357460021973
660,67,1.0,2.339400291442871
33,292,4.0,3.9261741638183594
389,474,5.0,4.443013668060303
207,316,5.0,3.6893815994262695
560,197,4.0,3.941032648086548
234,601,3.0,3.410007953643799
13,14,4.0,3.74625825881958
130,798,1.0,2.9457178115844727
421,183,5.0,3.85728120803833
659,616,4.0,3.7405953407287598
606,647,3.0,4.862202167510986
7,569,4.0,3.174750566482544
807,271,3.0,3.6583118438720703
595,411,3.0,2.9027953147888184
900,871,1.0,1.880576252937317
834,762,4.0,3.665876865386963
840,504,3.0,4.250661849975586
796,794,4.0,3.6757075786590576
536,435,3.0,4.209432601928711
305,275,2.0,3.626293182373047
450,70,4.0,3.9431774616241455
303,825,3.0,2.991751194000244
405,1560,1.0,1.8032801151275635
698,707,2.0,2.8788561820983887
837,763,1.0,3.2574357986450195
230,8,5.0,4.141417503356934
301,403,4.0,3.456120014190674
477,369,4.0,3.497908115386963
674,1,4.0,4.066549301147461
410,289,1.0,2.737947940826416
83,566,4.0,3.8550302982330322
308,675,4.0,3.7976787090301514
327,682,3.0,2.4851818084716797
569,276,4.0,3.6716809272766113
896,1267,2.0,2.75980806350708
570,340,3.0,2.8870155811309814
364,990,4.0,3.5980679988861084
313,449,3.0,3.049574851989746
49,80,1.0,2.1955060958862305
151,836,4.0,3.937943935394287
141,407,2.0,2.492339611053467
880,930,2.0,2.8343665599823
934,199,4.0,4.329685211181641
42,234,4.0,3.992530345916748
416,1264,4.0,3.326744318008423
868,1035,1.0,2.6206789016723633
675,900,4.0,4.013334274291992
637,93,3.0,2.666238307952881
922,95,3.0,3.7487642765045166
452,479,5.0,3.7847964763641357
426,848,4.0,3.253066062927246
59,1048,4.0,3.2609243392944336
187,134,3.0,4.411092281341553
295,965,4.0,4.482099533081055
168,259,2.0,2.806985855102539
407,179,3.0,3.7424168586730957
109,227,5.0,3.3132848739624023
354,20,5.0,3.393634080886841
823,134,5.0,4.685006618499756
244,153,4.0,4.104305267333984
873,292,5.0,2.7928550243377686
842,288,3.0,3.6346263885498047
7,470,3.0,4.165561199188232
276,33,4.0,3.6681699752807617
378,577,2.0,2.243873357772827
620,151,4.0,4.12661075592041
683,354,3.0,3.1468617916107178
749,77,3.0,3.471039295196533
106,77,4.0,3.339695692062378
345,268,4.0,3.8744564056396484
269,192,4.0,3.4579949378967285
194,712,3.0,2.8087823390960693
916,198,4.0,3.8611984252929688
704,514,4.0,3.849106788635254
178,546,3.0,3.160175323486328
868,1188,1.0,2.3766086101531982
450,56,4.0,4.439674377441406
186,299,3.0,3.0065038204193115
339,402,3.0,3.8530220985412598
381,514,5.0,4.071310043334961
472,940,4.0,2.9133074283599854
279,33,4.0,3.436248540878296
463,473,4.0,2.667898416519165
379,28,4.0,4.3042402267456055
38,71,5.0,4.577694416046143
342,216,5.0,3.789154291152954
465,475,3.0,3.3717832565307617
795,118,2.0,2.802701950073242
642,1033,3.0,2.837352991104126
587,886,2.0,3.0090548992156982
280,452,2.0,2.9900054931640625
561,2,3.0,2.642460584640503
887,419,2.0,4.273157119750977
450,865,4.0,3.6626877784729004
694,663,4.0,4.21379280090332
666,7,4.0,3.693948268890381
930,106,4.0,2.365586757659912
303,568,4.0,3.7615058422088623
373,633,4.0,4.024055480957031
676,483,4.0,4.670675754547119
389,520,3.0,4.369245529174805
894,591,4.0,3.6237614154815674
199,9,5.0,3.3380677700042725
653,54,3.0,2.5305771827697754
16,661,4.0,4.801027774810791
663,180,4.0,4.130987167358398
308,148,3.0,3.177057981491089
653,686,2.0,2.6519861221313477
882,409,4.0,3.58312726020813
468,143,5.0,3.9950945377349854
44,591,4.0,3.595414161682129
95,392,3.0,3.5921711921691895
168,845,4.0,3.4410576820373535
433,273,3.0,3.4663314819335938
932,494,4.0,4.407919406890869
327,1170,4.0,2.83876895904541
497,176,4.0,3.777869462966919
89,283,4.0,4.126400947570801
586,249,2.0,3.0388529300689697
757,423,3.0,3.6367874145507812
458,144,4.0,3.78713321685791
374,823,1.0,2.8059136867523193
669,183,3.0,3.5719189643859863
429,227,2.0,3.290464401245117
588,716,5.0,3.31245756149292
758,238,5.0,4.293855667114258
268,228,4.0,3.3848512172698975
235,213,4.0,4.0249433517456055
655,1426,2.0,2.6529932022094727
796,1217,3.0,3.0401601791381836
579,523,3.0,3.893205165863037
666,518,4.0,3.6959643363952637
766,234,4.0,3.5259222984313965
399,564,3.0,1.7894879579544067
790,268,4.0,3.500880718231201
360,100,5.0,4.295072078704834
663,956,4.0,3.7724461555480957
456,12,3.0,4.204533100128174
327,222,2.0,3.148130416870117
8,177,4.0,4.336068153381348
591,709,4.0,4.242269515991211
201,269,3.0,3.4213473796844482
747,288,4.0,3.667846202850342
159,742,2.0,3.9531939029693604
504,245,4.0,3.4254651069641113
417,402,4.0,3.479778289794922
940,629,3.0,3.0975189208984375
449,251,3.0,4.607598304748535
311,318,5.0,4.675931453704834
435,924,3.0,3.214694023132324
130,1215,2.0,2.3136203289031982
53,250,2.0,3.6006147861480713
13,360,4.0,3.053776502609253
532,407,2.0,2.927384376525879
393,685,3.0,3.3751301765441895
650,200,4.0,3.281918525695801
399,176,3.0,3.450222969055176
648,323,5.0,2.687939167022705
295,735,5.0,4.506056308746338
487,399,5.0,3.42564058303833
692,249,3.0,3.062920331954956
197,347,4.0,3.447028398513794
246,576,1.0,2.77911114692688
848,433,3.0,4.033132553100586
8,651,5.0,4.462583541870117
537,663,3.0,3.0768868923187256
773,924,1.0,3.0567567348480225
34,242,5.0,4.8711442947387695
297,474,4.0,4.048246383666992
186,742,3.0,3.7023050785064697
305,971,4.0,3.4214093685150146
626,330,3.0,2.0940675735473633
934,13,5.0,3.46244740486145
389,395,2.0,2.4507875442504883
417,382,2.0,3.561039924621582
279,762,3.0,3.420064687728882
850,173,5.0,4.6719970703125
708,289,4.0,3.0669422149658203
932,1184,3.0,2.5950777530670166
327,865,5.0,3.0243964195251465
472,254,4.0,3.094914197921753
867,431,4.0,3.8310933113098145
565,86,5.0,4.648229122161865
282,325,1.0,2.9631688594818115
385,528,4.0,3.634237289428711
537,212,3.0,2.6947057247161865
694,378,3.0,4.035094261169434
894,121,3.0,3.3894779682159424
906,117,4.0,3.899437427520752
936,108,4.0,3.655182123184204
880,421,2.0,3.6824827194213867
195,1413,2.0,2.9679086208343506
474,549,5.0,3.8511273860931396
842,1105,2.0,3.177976608276367
328,162,4.0,3.5559639930725098
524,304,4.0,3.343515634536743
401,276,4.0,3.0129621028900146
58,950,1.0,3.158531665802002
21,619,2.0,3.0378732681274414
727,50,4.0,4.184118270874023
416,938,3.0,3.050093173980713
919,293,4.0,3.7665042877197266
178,591,5.0,3.8330070972442627
110,294,3.0,2.9896247386932373
597,15,5.0,3.9740471839904785
106,582,4.0,3.6428592205047607
21,981,2.0,1.6467280387878418
758,125,2.0,3.8411874771118164
625,265,3.0,3.4180004596710205
271,356,4.0,3.1183862686157227
125,520,5.0,4.271157264709473
417,395,4.0,2.3793911933898926
292,194,4.0,4.5946478843688965
708,934,4.0,2.8364343643188477
400,259,3.0,2.9888839721679688
458,619,2.0,3.3234007358551025
42,281,3.0,3.2548325061798096
251,100,4.0,4.408058166503906
28,258,5.0,3.855118751525879
327,11,4.0,3.479264497756958
290,229,3.0,2.8420541286468506
535,181,4.0,4.029721260070801
84,245,4.0,3.5870015621185303
286,186,5.0,4.173169136047363
416,1051,3.0,3.737846612930298
791,331,1.0,3.7684948444366455
373,81,2.0,3.6591763496398926
517,222,4.0,3.430345296859741
493,404,4.0,3.850989580154419
670,611,5.0,4.055841445922852
825,9,3.0,4.0493974685668945
854,274,3.0,2.8941762447357178
653,232,2.0,2.5453264713287354
44,419,4.0,3.7074544429779053
223,929,3.0,2.4508440494537354
370,514,4.0,3.6506190299987793
271,15,3.0,3.464559316635132
533,196,4.0,3.66172194480896
527,169,4.0,4.213902473449707
795,640,4.0,2.797569990158081
57,411,4.0,3.1233012676239014
393,1440,3.0,2.9568281173706055
13,855,4.0,3.675450325012207
424,990,5.0,2.9766929149627686
41,276,2.0,3.554791212081909
763,955,2.0,3.5847294330596924
246,567,5.0,2.4809436798095703
339,516,4.0,4.410024166107178
15,285,4.0,3.600579261779785
207,576,3.0,2.8379859924316406
825,515,4.0,4.792327404022217
180,121,5.0,3.5933516025543213
503,427,5.0,4.558172225952148
59,404,3.0,4.030531883239746
823,230,3.0,3.814642906188965
322,150,4.0,4.070836067199707
312,543,5.0,4.085670471191406
385,462,2.0,3.2674875259399414
893,298,4.0,3.9612085819244385
320,278,3.0,3.5892200469970703
489,1025,5.0,3.290069580078125
291,117,5.0,4.174872398376465
927,422,4.0,2.9293649196624756
253,588,5.0,4.086748123168945
28,96,5.0,4.094056129455566
271,135,4.0,3.8779067993164062
397,286,4.0,3.65488862991333
920,346,4.0,3.2171554565429688
476,202,4.0,3.8065686225891113
901,161,5.0,3.8567304611206055
764,356,4.0,3.389394760131836
396,597,4.0,3.270059108734131
188,237,3.0,3.669290781021118
6,272,4.0,3.865234613418579
221,250,5.0,3.454953193664551
474,475,4.0,4.2187018394470215
523,194,5.0,4.833953857421875
666,179,5.0,3.828383445739746
545,450,2.0,2.4432573318481445
659,489,4.0,4.233373641967773
254,112,2.0,2.304612159729004
871,1345,3.0,1.3885127305984497
222,246,4.0,3.706127643585205
642,392,4.0,3.9592490196228027
407,455,3.0,3.1268441677093506
297,265,3.0,3.6271848678588867
922,159,3.0,3.1441588401794434
763,196,4.0,3.9819209575653076
22,208,5.0,4.257342338562012
908,423,4.0,3.260373830795288
184,522,3.0,3.893970251083374
881,524,4.0,3.8983428478240967
514,25,4.0,3.5562987327575684
207,286,2.0,3.327695846557617
489,321,3.0,3.7490413188934326
164,689,5.0,3.8948893547058105
903,147,3.0,3.52225399017334
30,69,5.0,3.9453485012054443
51,655,3.0,3.6243817806243896
194,570,3.0,2.6903903484344482
90,650,5.0,4.066533088684082
454,435,2.0,3.1109859943389893
335,347,5.0,3.3207783699035645
805,9,3.0,3.645585775375366
318,712,4.0,3.4274375438690186
327,184,3.0,3.0909812450408936
441,313,4.0,4.48545503616333
875,772,5.0,3.2098052501678467
804,226,4.0,3.4904770851135254
706,628,4.0,3.3771047592163086
313,770,4.0,3.3106071949005127
417,185,3.0,3.921598196029663
601,185,4.0,3.4743480682373047
875,496,4.0,4.423550605773926
416,864,3.0,3.5218868255615234
308,147,3.0,3.458265542984009
527,208,4.0,3.7964468002319336
458,844,4.0,3.424063205718994
82,140,3.0,2.855185031890869
850,480,5.0,4.864576816558838
452,73,3.0,3.139617443084717
844,95,4.0,3.6453769207000732
896,67,2.0,2.6785550117492676
455,52,3.0,3.764613628387451
266,285,4.0,4.106184482574463
292,193,4.0,4.502771377563477
328,483,5.0,4.391871929168701
295,461,5.0,4.158874988555908
313,164,3.0,3.5330774784088135
332,833,5.0,3.8407936096191406
292,276,5.0,4.094707489013672
353,328,2.0,3.438701629638672
808,325,1.0,3.135554790496826
826,91,4.0,4.156444549560547
747,320,5.0,3.775447368621826
627,92,4.0,3.3225035667419434
474,238,4.0,4.209242820739746
194,1044,2.0,2.8930041790008545
127,62,5.0,3.347301721572876
587,301,3.0,3.0739731788635254
391,168,4.0,4.053776264190674
674,678,3.0,2.8136799335479736
136,9,5.0,4.130859375
615,192,5.0,4.174139022827148
830,231,2.0,2.760674476623535
234,589,3.0,3.4684529304504395
194,1028,2.0,2.5886542797088623
436,200,3.0,4.152376174926758
15,289,3.0,2.5959699153900146
407,508,4.0,3.392160177230835
439,14,5.0,4.175956726074219
303,226,4.0,3.401376247406006
299,286,4.0,3.403066396713257
643,202,3.0,3.8636796474456787
537,60,3.0,3.23102068901062
443,269,3.0,4.258338451385498
849,15,5.0,4.764398574829102
687,300,4.0,3.7638914585113525
26,597,2.0,2.6164660453796387
782,271,2.0,3.107518196105957
672,815,4.0,2.985158920288086
234,552,2.0,2.501577615737915
363,82,3.0,3.282824754714966
286,257,3.0,4.112851619720459
539,170,5.0,4.341036796569824
92,1214,2.0,2.1497249603271484
280,742,4.0,3.7828879356384277
592,258,5.0,3.880617141723633
183,216,4.0,3.491929769515991
450,401,3.0,2.9240610599517822
690,238,5.0,3.4908409118652344
383,660,4.0,4.066133499145508
585,60,4.0,4.16493558883667
389,1204,4.0,3.7769265174865723
82,25,2.0,3.0537331104278564
943,570,1.0,3.1816985607147217
648,679,3.0,3.0131707191467285
313,414,3.0,3.6464600563049316
416,151,3.0,4.157357215881348
521,156,4.0,3.375690460205078
273,900,3.0,4.131551742553711
854,96,3.0,3.516923189163208
197,431,3.0,3.4493303298950195
540,1014,4.0,3.2260093688964844
26,150,3.0,3.310622215270996
301,252,3.0,2.9823923110961914
698,199,2.0,3.1514344215393066
453,125,3.0,3.5242273807525635
303,276,4.0,3.7977235317230225
467,24,4.0,3.552908182144165
382,56,5.0,3.5206422805786133
249,273,4.0,3.885627269744873
377,168,5.0,4.304325103759766
84,523,4.0,4.6553215980529785
72,204,4.0,3.937084674835205
92,231,3.0,2.6422104835510254
846,651,3.0,4.264899253845215
561,473,3.0,2.6545159816741943
895,742,4.0,3.8692030906677246
544,327,2.0,2.8980636596679688
399,727,4.0,2.9587037563323975
303,302,4.0,4.347057342529297
191,269,3.0,3.933655261993408
270,566,5.0,4.527066230773926
566,153,2.0,3.524456262588501
802,260,4.0,2.7907869815826416
27,742,3.0,3.27178955078125
338,427,4.0,4.265440940856934
374,741,3.0,3.4856374263763428
295,357,4.0,5.076445579528809
494,845,4.0,3.524583339691162
773,170,5.0,3.7965633869171143
896,1045,3.0,2.8827872276306152
48,183,5.0,3.9074759483337402
115,673,3.0,3.733283042907715
130,254,2.0,2.928250312805176
373,70,4.0,3.6338045597076416
130,144,5.0,4.545193672180176
393,186,3.0,3.9319891929626465
605,245,3.0,3.0893290042877197
887,1029,5.0,2.106095790863037
933,229,1.0,2.395918369293213
60,423,4.0,4.087163925170898
543,187,4.0,3.9446945190429688
43,26,5.0,3.570847511291504
234,521,3.0,3.327702760696411
712,215,3.0,3.93845796585083
332,235,3.0,3.622725486755371
450,1222,3.0,3.0600039958953857
308,633,4.0,4.075357913970947
202,318,1.0,3.3616786003112793
542,864,3.0,3.0018696784973145
128,282,3.0,3.793942451477051
18,425,3.0,3.9487762451171875
316,98,5.0,3.4180972576141357
378,930,2.0,2.677187204360962
712,63,4.0,3.3914237022399902
924,300,2.0,3.3330719470977783
417,228,3.0,3.712519645690918
417,95,5.0,3.6897199153900146
943,24,4.0,3.5113465785980225
655,249,3.0,2.814089059829712
788,132,5.0,3.7279469966888428
650,158,2.0,2.212904930114746
293,748,2.0,2.589083194732666
291,706,3.0,3.1719248294830322
417,176,5.0,3.9074273109436035
62,294,1.0,2.7854716777801514
288,180,5.0,4.035463333129883
99,258,5.0,3.9721198081970215
851,11,5.0,4.262913703918457
640,66,4.0,4.176769733428955
921,257,3.0,3.4377400875091553
495,1110,4.0,3.4252891540527344
268,101,2.0,2.9366798400878906
25,968,4.0,3.9636147022247314
638,265,5.0,3.525026798248291
435,33,3.0,3.348771572113037
498,228,2.0,3.3292155265808105
413,333,2.0,3.5165352821350098
379,219,3.0,3.6224424839019775
90,836,5.0,4.085109233856201
894,14,4.0,3.9400899410247803
634,117,4.0,3.822195053100586
240,343,3.0,3.6051676273345947
267,515,5.0,4.983940601348877
292,408,4.0,5.168923854827881
892,210,4.0,4.283979415893555
343,367,4.0,3.9055256843566895
87,181,5.0,4.476526260375977
716,241,3.0,3.663921356201172
647,490,4.0,4.275473117828369
768,235,2.0,2.7233128547668457
374,581,4.0,3.1421515941619873
2,301,4.0,3.296450614929199
320,56,5.0,4.673653602600098
380,845,4.0,2.8603708744049072
393,399,4.0,3.236891031265259
625,584,3.0,3.158686399459839
708,352,1.0,2.3147077560424805
894,26,4.0,3.4656312465667725
471,878,4.0,2.2087063789367676
666,294,3.0,3.0160231590270996
270,335,3.0,3.564119338989258
886,42,5.0,3.6540353298187256
601,8,3.0,3.363301992416382
251,258,3.0,3.9845404624938965
6,506,4.0,3.6619789600372314
216,64,5.0,4.651865005493164
913,530,2.0,3.829686403274536
342,236,3.0,3.5621755123138428
316,678,1.0,2.226451873779297
889,762,3.0,3.313164710998535
368,320,5.0,3.298124074935913
844,90,3.0,2.928929090499878
847,8,4.0,3.2250845432281494
380,168,4.0,3.3991386890411377
922,411,1.0,2.873345375061035
841,288,3.0,3.745856761932373
435,520,4.0,4.00290584564209
267,114,5.0,4.981499195098877
495,431,5.0,4.060548305511475
533,191,4.0,3.9651880264282227
343,334,5.0,3.6664257049560547
782,260,2.0,2.661161422729492
545,77,3.0,3.3199634552001953
449,1005,5.0,4.017012596130371
88,1191,5.0,2.699108123779297
453,318,4.0,4.391463279724121
435,1401,4.0,3.0947580337524414
484,293,5.0,4.317191123962402
684,158,3.0,2.5685689449310303
472,68,5.0,4.398556709289551
663,597,3.0,3.09954833984375
406,124,4.0,3.994185209274292
13,515,2.0,4.107195854187012
582,235,3.0,2.9013352394104004
429,82,4.0,3.768588066101074
417,32,2.0,3.792576551437378
710,269,3.0,3.817330837249756
276,50,5.0,4.636255741119385
704,528,3.0,4.219017505645752
875,173,5.0,4.449173927307129
234,273,3.0,3.02023983001709
429,502,3.0,3.8059005737304688
399,568,2.0,3.1765341758728027
913,466,3.0,3.317598342895508
639,198,2.0,3.246892213821411
878,154,3.0,3.268901824951172
646,678,3.0,2.5193750858306885
422,248,3.0,3.6547019481658936
751,56,4.0,4.067229270935059
301,43,5.0,2.901840925216675
423,304,4.0,3.5834920406341553
128,79,4.0,4.095922470092773
659,521,5.0,4.0481061935424805
449,1142,4.0,4.3111491203308105
447,175,3.0,4.10107421875
888,69,4.0,4.157148361206055
389,579,1.0,2.9069759845733643
708,21,1.0,2.7432734966278076
417,449,3.0,3.0319480895996094
200,132,5.0,4.971997261047363
193,25,4.0,3.2419939041137695
500,780,3.0,2.9490721225738525
25,131,4.0,4.145256042480469
137,266,5.0,3.170644998550415
600,511,5.0,4.537277698516846
378,326,3.0,3.2562451362609863
731,1087,1.0,1.6294485330581665
503,79,5.0,4.220193862915039
454,182,3.0,3.1048407554626465
437,658,4.0,3.4584367275238037
541,423,3.0,4.071876525878906
90,692,4.0,4.117815971374512
899,66,4.0,3.355584144592285
152,794,5.0,4.431394100189209
305,168,4.0,3.7112765312194824
589,336,1.0,2.774082660675049
653,739,3.0,2.4901182651519775
916,511,5.0,4.064953804016113
892,239,4.0,3.9800050258636475
887,368,5.0,2.000814437866211
363,802,2.0,2.4323811531066895
83,575,4.0,2.685206890106201
346,186,3.0,3.7785470485687256
18,382,3.0,3.782817840576172
346,300,5.0,3.3652021884918213
700,73,3.0,3.132711887359619
874,289,4.0,2.9662811756134033
332,452,4.0,3.451798915863037
606,1039,4.0,4.46494722366333
500,358,4.0,2.5510921478271484
693,483,3.0,3.7126569747924805
548,1025,4.0,2.9224586486816406
350,483,5.0,4.890322208404541
524,212,5.0,3.219860792160034
916,229,3.0,2.8239800930023193
758,33,4.0,3.848522663116455
815,732,5.0,3.782449245452881
312,648,5.0,4.734699249267578
727,68,4.0,3.2725272178649902
158,665,2.0,3.0498931407928467
429,77,3.0,3.3200156688690186
268,452,1.0,2.4970810413360596
279,490,3.0,3.8765711784362793
918,1099,4.0,2.9495341777801514
892,526,4.0,4.271633625030518
911,638,4.0,3.842097759246826
177,1218,4.0,3.4756016731262207
921,323,4.0,2.69295334815979
60,59,5.0,4.363152027130127
943,31,4.0,3.7523248195648193
484,135,4.0,4.5078444480896
405,1405,1.0,1.9305121898651123
797,781,5.0,2.8221521377563477
41,265,3.0,3.6904749870300293
339,150,4.0,4.159135818481445
773,12,3.0,3.951016902923584
347,204,4.0,4.027263164520264
458,25,1.0,3.4553921222686768
13,212,5.0,3.2265145778656006
73,179,5.0,3.760542631149292
179,751,1.0,3.2254416942596436
109,12,4.0,4.294536113739014
235,1,4.0,3.865933656692505
455,161,4.0,3.3136558532714844
315,168,4.0,4.3524932861328125
99,121,3.0,3.6595981121063232
57,264,2.0,2.977881908416748
531,300,4.0,4.326288223266602
391,646,4.0,4.164715766906738
677,740,1.0,3.5694081783294678
527,285,5.0,4.068371295928955
297,154,5.0,3.5484771728515625
263,520,3.0,4.539874076843262
883,956,4.0,3.8889434337615967
582,547,4.0,3.3140077590942383
561,65,3.0,2.9456121921539307
616,355,4.0,3.01617693901062
480,165,5.0,3.873037576675415
178,566,4.0,3.7885665893554688
94,1222,3.0,2.959416389465332
655,282,3.0,3.0200307369232178
90,177,5.0,4.45797061920166
59,425,4.0,4.24504280090332
354,171,4.0,3.89276385307312
532,7,5.0,4.6087822914123535
385,100,4.0,3.5635831356048584
332,763,5.0,4.112578392028809
44,95,4.0,3.7529170513153076
374,280,3.0,3.2078402042388916
459,651,3.0,3.947232723236084
201,1267,3.0,2.7017173767089844
281,331,3.0,3.5705223083496094
795,123,4.0,2.8306612968444824
474,378,4.0,3.9874472618103027
85,281,3.0,2.84163236618042
453,117,4.0,3.6580493450164795
887,240,5.0,3.2039477825164795
170,876,3.0,3.1445014476776123
838,96,4.0,4.273414611816406
301,51,4.0,3.499879837036133
854,98,4.0,3.8358590602874756
338,170,5.0,4.100100040435791
806,1018,4.0,3.4059038162231445
537,697,2.0,2.7520205974578857
908,479,4.0,3.5680580139160156
454,686,2.0,2.844205856323242
749,204,4.0,4.096224308013916
13,179,2.0,3.8322012424468994
650,4,3.0,3.059666633605957
887,1279,3.0,3.2828283309936523
763,190,4.0,4.378690719604492
487,686,4.0,3.8933792114257812
423,620,4.0,3.1545186042785645
766,672,3.0,2.480750560760498
330,559,3.0,4.069422245025635
902,754,3.0,2.999734401702881
654,313,5.0,4.355863094329834
474,77,5.0,3.585691213607788
618,203,3.0,3.4979841709136963
43,8,4.0,4.060423851013184
646,880,3.0,2.682522773742676
100,289,3.0,2.7340829372406006
592,508,5.0,3.8960347175598145
168,288,1.0,3.4714977741241455
602,118,3.0,3.6821706295013428
303,1258,2.0,2.5620052814483643
782,873,4.0,3.0624029636383057
382,531,4.0,3.4797587394714355
747,1375,4.0,4.230072498321533
934,1449,5.0,4.202566146850586
763,132,3.0,4.187783241271973
550,300,4.0,4.140896797180176
135,603,4.0,4.208056449890137
535,608,4.0,4.000375747680664
542,509,4.0,3.7867720127105713
13,270,4.0,3.2412109375
882,294,4.0,3.4855737686157227
655,815,2.0,2.7223548889160156
234,144,3.0,3.201447010040283
493,176,5.0,4.212677955627441
887,180,4.0,4.564986228942871
699,288,3.0,3.163468837738037
234,77,3.0,2.8403806686401367
760,723,2.0,3.067924737930298
426,432,3.0,3.6641879081726074
87,578,3.0,3.695666790008545
899,195,4.0,3.7944693565368652
103,471,4.0,3.446030378341675
207,143,4.0,3.3457798957824707
537,1404,2.0,2.8010988235473633
495,796,4.0,3.53656005859375
385,346,3.0,3.1099164485931396
312,503,5.0,4.011391639709473
585,1005,4.0,3.8246326446533203
788,1459,2.0,3.0753443241119385
659,89,4.0,4.2396745681762695
640,941,5.0,3.688260555267334
246,585,1.0,2.2856812477111816
511,292,5.0,4.110863208770752
655,88,2.0,2.8810205459594727
634,283,2.0,3.7286226749420166
327,9,5.0,3.3412673473358154
286,251,5.0,4.613019943237305
843,153,3.0,2.878800868988037
18,516,5.0,4.122156143188477
398,132,5.0,3.9805397987365723
699,532,3.0,3.169193744659424
906,1011,4.0,3.423229217529297
94,144,3.0,4.022632598876953
152,121,5.0,4.3107500076293945
308,97,1.0,3.908113956451416
936,818,4.0,3.1877567768096924
285,357,5.0,4.204322338104248
919,423,5.0,3.7476694583892822
397,12,4.0,4.5675129890441895
325,511,4.0,4.060415744781494
862,252,3.0,3.476531982421875
437,301,3.0,3.247692346572876
774,986,1.0,1.6755328178405762
246,413,4.0,2.316385269165039
387,1097,3.0,3.5229785442352295
145,122,1.0,2.5476858615875244
457,215,4.0,4.2516703605651855
56,94,4.0,3.2750492095947266
399,31,3.0,3.1725821495056152
285,222,4.0,3.598426342010498
457,94,3.0,3.553460121154785
429,467,4.0,3.7827885150909424
435,12,5.0,4.149847984313965
661,304,2.0,3.552332878112793
363,426,2.0,2.6652512550354004
390,181,4.0,4.248413562774658
206,683,1.0,1.746093988418579
72,198,5.0,4.097644805908203
588,1053,3.0,3.3898062705993652
812,678,4.0,3.0410172939300537
130,342,3.0,3.495060920715332
276,1220,4.0,3.5718774795532227
145,202,4.0,3.962682008743286
378,98,5.0,4.289549827575684
72,237,3.0,3.6264400482177734
669,310,4.0,2.920623540878296
540,270,4.0,3.790586471557617
43,102,4.0,3.413374900817871
542,585,2.0,2.4877309799194336
788,521,4.0,3.6181886196136475
871,271,5.0,3.2018911838531494
109,183,5.0,3.9675538539886475
43,54,3.0,3.436338424682617
57,473,3.0,3.341677665710449
749,125,5.0,3.7320802211761475
749,951,4.0,2.7216529846191406
184,410,3.0,3.0285630226135254
7,616,4.0,4.165284633636475
773,13,4.0,3.1841933727264404
854,482,3.0,3.6382064819335938
378,531,4.0,3.9629716873168945
234,500,3.0,3.1733932495117188
14,492,4.0,4.027761459350586
214,346,3.0,3.6374335289001465
566,235,3.0,2.7642831802368164
401,429,3.0,3.193247079849243
606,194,4.0,4.6012115478515625
141,288,3.0,3.597486972808838
780,300,3.0,3.433577299118042
846,142,3.0,3.09863018989563
97,192,1.0,4.441617012023926
758,1001,5.0,2.252861738204956
653,265,4.0,2.8475501537323
747,479,5.0,4.606910228729248
234,132,4.0,3.4710021018981934
1,15,5.0,3.6693506240844727
186,38,5.0,3.0229029655456543
500,325,3.0,2.6437742710113525
586,76,5.0,3.1940348148345947
881,663,5.0,3.767961025238037
692,100,4.0,3.8880257606506348
747,664,2.0,4.289299011230469
454,58,4.0,2.8134047985076904
316,50,1.0,3.5054914951324463
622,135,4.0,4.048372268676758
873,879,2.0,2.7634897232055664
840,606,4.0,4.427798271179199
790,202,3.0,3.5022144317626953
843,127,2.0,3.2780022621154785
125,66,5.0,3.5769877433776855
716,498,5.0,4.454335689544678
886,388,1.0,2.411864995956421
472,385,5.0,4.587619304656982
275,118,3.0,2.8559203147888184
778,246,2.0,3.080838441848755
64,447,4.0,3.442852020263672
876,523,5.0,4.313480377197266
387,98,4.0,4.131514549255371
230,140,3.0,3.366024971008301
890,185,5.0,4.1058244705200195
339,286,5.0,3.915438175201416
587,937,4.0,3.356640577316284
46,286,5.0,4.151581287384033
417,871,2.0,2.5275514125823975
494,199,4.0,4.438198089599609
18,213,5.0,4.072580337524414
606,591,3.0,4.116471290588379
429,631,4.0,3.6095588207244873
92,386,3.0,2.7446060180664062
930,763,3.0,2.6752724647521973
385,79,3.0,3.416557550430298
908,963,4.0,3.640169382095337
537,670,2.0,2.439051628112793
268,449,2.0,2.7442784309387207
180,423,4.0,4.016591548919678
766,382,3.0,3.390965700149536
892,465,4.0,3.8252406120300293
280,934,2.0,3.0589072704315186
309,1025,5.0,2.6709635257720947
141,823,3.0,2.9461185932159424
148,474,5.0,4.26014518737793
144,281,3.0,3.061763048171997
122,1045,4.0,3.484785318374634
387,588,3.0,3.635972738265991
629,467,5.0,4.237720489501953
59,479,5.0,4.559686183929443
498,64,4.0,3.8172366619110107
28,11,4.0,4.006503105163574
655,27,3.0,2.742445230484009
864,577,3.0,2.377817153930664
233,89,3.0,4.652536392211914
279,805,3.0,3.6404616832733154
682,111,3.0,3.262606382369995
935,181,4.0,4.349618911743164
104,9,2.0,2.895346164703369
768,1061,1.0,2.7496886253356934
886,941,2.0,2.989264488220215
222,475,4.0,3.7019200325012207
472,760,5.0,3.605947494506836
650,1419,3.0,1.9742268323898315
764,191,3.0,4.4487457275390625
461,285,4.0,3.8517699241638184
470,874,3.0,3.2377872467041016
106,191,5.0,4.257258415222168
48,185,4.0,3.9637138843536377
92,455,2.0,3.183833599090576
11,213,4.0,3.876744031906128
913,423,3.0,3.4279749393463135
881,441,2.0,2.6776676177978516
256,127,4.0,5.226532936096191
148,114,5.0,4.351070404052734
130,800,4.0,3.7289071083068848
201,148,1.0,2.6621646881103516
707,212,4.0,3.306378126144409
559,261,3.0,2.243922472000122
416,625,5.0,3.762037992477417
480,183,4.0,3.6801743507385254
269,959,5.0,2.972597122192383
259,271,3.0,3.456983804702759
474,671,3.0,4.052623748779297
71,248,3.0,3.583621025085449
291,50,5.0,4.963367938995361
141,7,5.0,3.8867883682250977
474,481,4.0,4.348639488220215
21,563,2.0,2.4172611236572266
665,496,3.0,3.9897379875183105
472,78,1.0,3.157876968383789
13,315,5.0,3.630641222000122
215,99,4.0,3.812023401260376
682,300,2.0,3.3002891540527344
396,678,3.0,3.041428565979004
256,487,5.0,4.851256370544434
234,921,4.0,3.39284610748291
566,219,1.0,3.084097385406494
303,325,1.0,2.764392614364624
405,1101,3.0,2.2013111114501953
606,841,3.0,3.0638303756713867
389,161,2.0,3.5130276679992676
76,385,2.0,3.5369620323181152
593,501,2.0,3.5782933235168457
593,393,4.0,3.4385833740234375
391,648,5.0,4.228773593902588
833,24,4.0,2.9848995208740234
727,831,3.0,2.3817200660705566
301,232,4.0,3.359255790710449
769,831,1.0,2.436051368713379
463,302,5.0,3.6268372535705566
882,203,4.0,4.254117965698242
639,990,1.0,2.5710160732269287
339,504,5.0,4.308588027954102
13,341,2.0,2.987393856048584
332,1016,5.0,4.22506046295166
405,712,1.0,1.9798182249069214
64,154,4.0,3.6336793899536133
807,543,2.0,4.037143707275391
718,284,4.0,3.3413093090057373
22,161,4.0,3.582669258117676
303,1021,4.0,4.15789270401001
757,27,4.0,3.1099703311920166
342,297,3.0,3.925086259841919
877,176,5.0,4.166888236999512
193,412,3.0,2.164470672607422
647,73,5.0,3.5809714794158936
727,810,2.0,2.743943691253662
1,239,4.0,3.7608015537261963
14,628,5.0,3.7039871215820312
537,1025,1.0,2.0707621574401855
239,45,5.0,4.318281173706055
642,56,4.0,4.44114875793457
246,50,5.0,3.949903726577759
198,191,4.0,3.8382856845855713
690,763,4.0,3.0382509231567383
846,748,3.0,3.2121684551239014
222,810,2.0,2.6944925785064697
458,178,4.0,4.334239959716797
357,687,3.0,2.7190284729003906
365,894,1.0,2.065415382385254
276,200,5.0,4.085453510284424
880,327,3.0,3.6645965576171875
492,86,3.0,3.4892988204956055
665,535,4.0,3.1159284114837646
94,347,5.0,3.718977689743042
592,333,5.0,3.4316461086273193
537,966,2.0,3.121811628341675
504,163,4.0,3.865892171859741
846,357,4.0,4.561548709869385
617,519,3.0,3.114035129547119
864,184,4.0,3.6847612857818604
911,199,3.0,4.236688613891602
444,245,4.0,3.375915765762329
622,184,5.0,3.477837562561035
240,358,2.0,2.9369311332702637
288,269,5.0,4.069519996643066
711,222,3.0,3.6498031616210938
779,195,5.0,4.323724269866943
366,413,4.0,3.1718404293060303
69,12,5.0,4.604018211364746
94,823,3.0,2.9568283557891846
129,307,2.0,2.7884600162506104
193,689,2.0,2.722682237625122
620,740,5.0,3.876575231552124
498,522,3.0,3.4491190910339355
537,378,2.0,2.8871936798095703
528,484,3.0,4.367794036865234
573,836,3.0,3.42517352104187
756,473,3.0,2.8626015186309814
425,690,1.0,2.8045225143432617
393,365,3.0,3.434032678604126
657,327,1.0,3.1837682723999023
394,250,4.0,3.780823230743408
180,367,1.0,3.7612624168395996
749,986,3.0,2.765439510345459
711,48,4.0,4.197399616241455
145,216,5.0,4.055560111999512
334,945,4.0,3.8598098754882812
339,663,5.0,4.255039215087891
588,12,5.0,4.576895713806152
699,1187,4.0,3.18560791015625
343,660,3.0,4.156075954437256
311,170,5.0,4.302663803100586
389,82,4.0,3.8788883686065674
497,810,3.0,2.716977596282959
586,69,4.0,3.4709506034851074
268,1228,1.0,2.1180124282836914
758,889,3.0,3.937544345855713
896,133,2.0,3.4000537395477295
215,144,4.0,3.888235330581665
125,508,1.0,3.637554168701172
66,248,4.0,3.602423667907715
181,1085,1.0,1.3894851207733154
21,184,4.0,3.273106336593628
815,79,4.0,4.149224281311035
42,679,2.0,3.2097175121307373
940,474,3.0,3.9172134399414062
338,708,5.0,3.359905958175659
543,568,3.0,3.452101945877075
307,403,3.0,3.5547170639038086
409,1070,4.0,3.753614664077759
42,423,5.0,4.015722751617432
421,164,4.0,3.477174997329712
153,265,4.0,2.963287830352783
541,732,3.0,3.9155025482177734
373,735,5.0,3.8595643043518066
535,185,4.0,4.079018592834473
71,98,4.0,4.2760009765625
790,153,3.0,3.5288424491882324
13,872,3.0,2.9444024562835693
244,763,4.0,3.594019889831543
452,526,4.0,3.5731992721557617
59,527,5.0,4.492335319519043
253,82,3.0,4.049583435058594
430,42,3.0,3.5082149505615234
726,832,5.0,1.914782166481018
44,240,4.0,2.7667083740234375
618,724,3.0,3.2690300941467285
654,588,4.0,3.828110694885254
788,317,4.0,3.626086473464966
871,289,3.0,2.9355528354644775
270,703,4.0,4.528347015380859
73,202,2.0,3.5745978355407715
693,568,4.0,3.0183565616607666
117,475,5.0,4.492973804473877
57,405,4.0,3.605844259262085
508,238,4.0,3.8497073650360107
695,307,4.0,3.3910815715789795
412,427,4.0,4.358090400695801
807,1483,4.0,3.811295747756958
42,559,2.0,3.431889057159424
921,252,4.0,2.7281553745269775
916,219,3.0,3.1366994380950928
934,664,4.0,3.910946846008301
144,4,4.0,3.5683255195617676
862,177,4.0,4.586754322052002
244,13,4.0,3.7401866912841797
392,127,5.0,4.816852569580078
436,411,4.0,3.1788949966430664
624,831,3.0,2.584535837173462
169,705,5.0,3.9549739360809326
181,236,1.0,1.5954389572143555
184,238,4.0,3.774761915206909
823,187,5.0,4.615755081176758
15,9,4.0,3.1262335777282715
824,304,3.0,3.150343656539917
325,82,3.0,3.510420322418213
872,237,4.0,3.80541729927063
867,655,4.0,4.298739433288574
458,742,4.0,3.580604076385498
276,88,3.0,3.638181209564209
442,2,3.0,2.9162354469299316
683,187,5.0,3.78302264213562
627,549,3.0,3.3021321296691895
894,324,3.0,3.1099939346313477
889,204,4.0,3.749206066131592
700,144,4.0,3.413938283920288
374,164,4.0,3.530535936355591
751,269,5.0,3.938997745513916
330,432,4.0,4.610081672668457
398,144,5.0,3.65596079826355
932,86,4.0,4.231499671936035
271,224,4.0,3.6782140731811523
711,905,3.0,3.54713773727417
452,501,3.0,3.1529953479766846
291,773,3.0,3.1824920177459717
747,357,5.0,4.7590532302856445
280,392,5.0,3.7587008476257324
301,451,4.0,3.3552708625793457
117,405,5.0,3.854454755783081
271,482,5.0,3.96014666557312
409,205,3.0,3.94655442237854
457,356,4.0,3.7336015701293945
293,152,4.0,3.4070229530334473
234,747,3.0,2.9627718925476074
346,237,4.0,3.4955291748046875
463,283,5.0,3.1595523357391357
699,3,3.0,2.825176954269409
13,91,2.0,3.4612913131713867
295,420,4.0,4.167058944702148
351,1024,4.0,4.239043235778809
882,265,5.0,4.324469566345215
94,190,5.0,4.5802836418151855
354,882,4.0,3.6651265621185303
660,90,2.0,2.406193733215332
514,97,5.0,3.9783692359924316
375,566,4.0,3.642962694168091
255,1034,1.0,2.036713123321533
414,300,4.0,3.8549437522888184
752,539,4.0,2.3384361267089844
813,892,1.0,2.4662699699401855
592,427,5.0,4.866782188415527
575,531,1.0,3.2125258445739746
532,26,3.0,4.229191780090332
454,528,4.0,3.321647882461548
38,257,1.0,4.401377201080322
417,1215,2.0,1.8788247108459473
807,1050,5.0,3.971529245376587
320,202,4.0,4.344105243682861
327,589,3.0,3.6723833084106445
634,248,4.0,3.605201244354248
98,47,4.0,3.264132499694824
121,174,3.0,4.165335655212402
102,363,2.0,2.1762189865112305
271,602,3.0,3.6180715560913086
510,876,2.0,2.393831729888916
360,423,4.0,3.919822931289673
774,64,3.0,2.7392239570617676
92,40,3.0,2.9546005725860596
583,655,5.0,4.31102180480957
458,194,2.0,4.13239049911499
726,255,2.0,2.7279958724975586
917,50,3.0,4.460170745849609
378,97,5.0,3.7980828285217285
733,1115,3.0,3.088496685028076
62,72,3.0,2.918164014816284
57,477,4.0,3.3958065509796143
524,52,4.0,3.708829402923584
113,273,4.0,3.9669857025146484
177,238,3.0,3.8535051345825195
452,615,3.0,3.6420493125915527
524,818,3.0,2.723045587539673
313,193,4.0,3.951004981994629
28,441,2.0,2.837862253189087
537,457,1.0,1.3234210014343262
119,616,2.0,4.1784515380859375
326,230,3.0,3.0482401847839355
868,156,3.0,3.3620851039886475
381,1115,4.0,3.6626617908477783
334,179,4.0,3.7645363807678223
774,101,2.0,2.1031363010406494
168,1278,3.0,3.5471911430358887
892,484,5.0,4.6873297691345215
676,265,5.0,3.9379212856292725
863,900,3.0,3.6650047302246094
442,26,3.0,3.142463445663452
919,58,5.0,3.5089175701141357
71,52,4.0,3.9289321899414062
911,216,4.0,3.807839870452881
226,513,3.0,4.443648338317871
774,117,2.0,2.277308702468872
236,216,5.0,3.670668601989746
425,751,2.0,2.9306557178497314
880,379,4.0,3.328486919403076
593,723,4.0,3.4023399353027344
801,245,3.0,4.298646926879883
125,813,1.0,4.066863059997559
13,271,1.0,2.9528822898864746
303,655,5.0,4.119686126708984
332,122,5.0,2.9172425270080566
201,15,3.0,3.078122615814209
932,617,4.0,4.047313213348389
200,103,2.0,2.6427013874053955
863,242,4.0,3.7792727947235107
450,1303,4.0,2.389596462249756
897,528,3.0,4.709938049316406
378,411,3.0,2.918626308441162
37,930,3.0,2.8446238040924072
497,1047,3.0,2.651111602783203
262,11,4.0,3.510225296020508
712,724,3.0,3.7822728157043457
601,840,2.0,2.3790371417999268
768,16,3.0,3.0496890544891357
133,243,3.0,2.1358327865600586
592,95,4.0,4.1649065017700195
618,1058,3.0,2.993710517883301
634,269,4.0,4.112638473510742
939,326,5.0,4.366706848144531
14,313,2.0,4.5235114097595215
141,120,4.0,2.426750421524048
896,546,2.0,2.646364450454712
92,401,3.0,2.565758228302002
659,483,4.0,4.607548713684082
276,384,3.0,2.824130058288574
704,381,3.0,3.4998619556427
399,975,2.0,2.7042183876037598
922,834,1.0,2.119503974914551
883,421,5.0,3.678126811981201
234,358,1.0,2.246589422225952
592,246,5.0,4.377166748046875
665,248,4.0,3.4459125995635986
562,194,5.0,3.947983741760254
95,648,3.0,4.266410827636719
87,382,3.0,4.121251583099365
834,288,5.0,3.6562204360961914
435,84,2.0,2.729543685913086
498,212,3.0,2.9596970081329346
775,344,5.0,3.6804111003875732
884,179,5.0,3.711899757385254
574,288,4.0,3.3315823078155518
330,554,3.0,3.608199119567871
910,117,4.0,3.1995584964752197
235,346,4.0,3.5960190296173096
318,289,3.0,3.223529100418091
92,476,2.0,2.845499038696289
275,418,3.0,3.15755295753479
370,172,4.0,3.9762988090515137
660,755,2.0,2.6186509132385254
321,224,3.0,3.6320137977600098
224,678,3.0,2.416599750518799
757,574,3.0,2.1627111434936523
342,531,3.0,3.89365291595459
399,265,3.0,3.311008930206299
451,989,1.0,2.5496394634246826
557,1244,2.0,3.1445651054382324
144,223,4.0,4.221921920776367
222,403,3.0,3.2568697929382324
465,511,4.0,3.700610399246216
924,285,4.0,4.286548614501953
457,98,5.0,5.007217884063721
527,153,5.0,3.5870370864868164
122,11,1.0,4.17487907409668
537,337,3.0,2.837693214416504
499,181,3.0,3.993196487426758
378,450,3.0,2.4664697647094727
311,431,4.0,3.6664576530456543
367,288,5.0,4.187027931213379
342,220,1.0,3.2281670570373535
20,176,2.0,3.2994980812072754
270,265,4.0,4.831636428833008
416,795,2.0,2.6380112171173096
201,230,3.0,3.0077574253082275
634,477,3.0,3.205451011657715
198,241,3.0,3.1711490154266357
595,293,4.0,3.8373663425445557
910,182,4.0,3.438107490539551
894,166,4.0,3.974857807159424
406,99,5.0,3.553218126296997
464,176,4.0,4.49146842956543
790,583,2.0,2.9744186401367188
412,150,4.0,3.877695322036743
699,222,3.0,3.310177803039551
702,230,4.0,2.636368989944458
344,322,2.0,2.9991438388824463
5,427,3.0,3.9429283142089844
13,813,1.0,3.7801074981689453
67,1093,5.0,3.740696907043457
489,259,2.0,3.4500036239624023
811,895,5.0,3.93194842338562
276,734,1.0,2.7637252807617188
370,425,3.0,3.645249366760254
543,586,3.0,2.520853281021118
711,217,4.0,3.2618701457977295
548,696,4.0,3.3299918174743652
271,1411,2.0,2.644608736038208
840,1214,1.0,2.4036779403686523
165,15,5.0,3.845271110534668
761,289,2.0,2.704576015472412
454,70,4.0,2.870539665222168
693,572,2.0,2.457455635070801
654,109,3.0,3.5912415981292725
654,196,5.0,3.9285194873809814
429,999,2.0,3.036252975463867
374,1014,1.0,3.0277485847473145
360,744,4.0,3.6376142501831055
882,176,4.0,4.531551361083984
378,22,5.0,4.278772354125977
5,404,2.0,3.3620378971099854
370,100,4.0,3.9024901390075684
443,271,4.0,3.4818105697631836
174,823,4.0,3.1327295303344727
94,154,5.0,4.022112846374512
308,226,3.0,3.397242784500122
622,217,4.0,3.2154548168182373
280,215,3.0,3.8759450912475586
184,527,4.0,4.006604194641113
600,174,4.0,4.478673458099365
415,322,4.0,3.495851516723633
792,591,2.0,3.4685723781585693
239,530,5.0,4.520601272583008
472,1034,3.0,3.1043803691864014
216,416,3.0,3.598454713821411
931,286,5.0,3.8260691165924072
751,172,5.0,4.275480270385742
60,272,4.0,4.600247859954834
189,526,4.0,4.1941118240356445
888,792,5.0,4.164304733276367
296,242,4.0,4.579144477844238
397,474,5.0,4.528344631195068
503,546,4.0,3.110419273376465
239,133,3.0,4.112256050109863
613,478,5.0,4.542447566986084
326,493,5.0,3.700448751449585
833,654,5.0,3.7322168350219727
198,474,5.0,3.867227077484131
158,116,5.0,4.096717357635498
303,200,4.0,4.053040504455566
1,99,3.0,3.8139266967773438
13,786,3.0,2.7627758979797363
315,466,1.0,3.93637752532959
782,288,4.0,3.261265277862549
151,224,5.0,4.178770542144775
528,239,5.0,3.722435474395752
738,423,4.0,3.734534978866577
710,1101,4.0,3.6840474605560303
264,856,3.0,4.594980716705322
92,778,4.0,3.4309070110321045
627,58,5.0,3.3280386924743652
373,24,4.0,3.4725399017333984
293,206,4.0,3.212899923324585
783,260,4.0,3.039111614227295
394,179,5.0,4.365726947784424
831,479,4.0,4.235505104064941
846,423,4.0,3.9921529293060303
342,746,4.0,3.613701581954956
615,179,4.0,3.9977736473083496
293,845,2.0,3.0425002574920654
648,559,2.0,3.196380376815796
105,286,4.0,3.4505395889282227
593,685,3.0,3.371339797973633
939,1023,4.0,3.2826316356658936
881,21,3.0,2.7041873931884766
344,22,3.0,4.360931396484375
269,65,4.0,2.990462303161621
887,496,4.0,4.69445276260376
82,191,4.0,3.8896286487579346
490,993,1.0,2.7471981048583984
897,521,5.0,4.387502193450928
456,655,3.0,3.834637403488159
280,233,4.0,3.422447919845581
541,755,5.0,3.5896599292755127
129,311,3.0,3.1350648403167725
884,463,5.0,3.561044454574585
58,923,5.0,4.2774553298950195
870,549,2.0,3.4302399158477783
159,1132,5.0,3.0753579139709473
502,680,3.0,2.6570982933044434
92,15,3.0,3.452759027481079
104,302,5.0,3.25730037689209
385,1154,5.0,2.4911584854125977
399,291,3.0,2.937718629837036
875,135,4.0,4.267868995666504
210,301,4.0,3.5968708992004395
629,322,3.0,3.2870194911956787
587,315,4.0,3.8251283168792725
798,845,5.0,3.2797608375549316
303,1157,2.0,3.0951333045959473
771,408,5.0,4.487142086029053
786,404,4.0,3.854910373687744
627,76,3.0,3.188898801803589
804,159,4.0,3.3861594200134277
405,1549,1.0,1.2975380420684814
835,673,4.0,3.9052019119262695
402,32,3.0,4.235573768615723
346,470,3.0,3.525076389312744
495,218,4.0,4.129769802093506
456,568,2.0,3.548290967941284
331,653,3.0,3.7397260665893555
66,21,1.0,2.798988103866577
262,125,3.0,3.227585792541504
715,685,3.0,3.2110965251922607
409,499,3.0,4.016524314880371
6,538,2.0,3.1559219360351562
708,294,3.0,3.2877533435821533
409,518,1.0,3.7557685375213623
665,186,4.0,3.7444210052490234
413,14,5.0,3.9998373985290527
401,316,5.0,3.330235004425049
455,343,4.0,3.0120902061462402
23,597,3.0,2.8878707885742188
591,285,5.0,4.36370849609375
545,395,4.0,2.418144702911377
378,441,3.0,2.77766489982605
594,222,4.0,3.143723726272583
66,237,4.0,3.6774635314941406
442,188,3.0,3.376420736312866
489,908,5.0,2.873786687850952
387,477,1.0,3.0529448986053467
913,169,4.0,4.034341812133789
532,168,5.0,4.952774524688721
714,1014,3.0,3.2266688346862793
495,392,5.0,4.122122287750244
7,593,5.0,3.5943541526794434
210,98,5.0,4.791690826416016
246,250,4.0,3.06490421295166
935,300,4.0,3.9633595943450928
222,1438,4.0,1.7206100225448608
345,660,5.0,3.8949077129364014
499,347,4.0,3.577389717102051
393,419,4.0,3.7707674503326416
665,293,4.0,3.674914598464966
65,77,5.0,3.4315218925476074
896,422,3.0,2.3490753173828125
382,168,4.0,3.530832290649414
648,1092,1.0,2.378809690475464
262,1013,2.0,2.0940611362457275
775,269,4.0,3.85452938079834
522,200,4.0,4.077308654785156
94,159,3.0,3.3421502113342285
62,171,4.0,3.6798205375671387
756,99,3.0,3.3278958797454834
881,742,4.0,3.470367670059204
451,328,5.0,3.4595346450805664
320,95,3.0,4.392385482788086
916,451,3.0,3.141681432723999
535,338,3.0,2.6919314861297607
425,174,3.0,3.7120537757873535
49,50,1.0,3.4267661571502686
237,83,4.0,4.1430206298828125
643,410,4.0,3.1741597652435303
59,951,3.0,2.840646743774414
780,423,5.0,3.7325305938720703
412,634,5.0,3.5334856510162354
790,208,3.0,3.7368364334106445
91,338,4.0,2.745382785797119
648,231,2.0,2.6919214725494385
601,928,1.0,2.6117396354675293
405,735,5.0,2.2265090942382812
880,4,4.0,3.7938547134399414
442,150,4.0,3.4816348552703857
504,240,1.0,3.0320446491241455
561,98,4.0,3.5555343627929688
435,627,3.0,2.986279010772705
826,385,5.0,4.081221580505371
682,211,4.0,3.665750741958618
880,217,4.0,3.3802878856658936
268,384,3.0,2.391756057739258
664,631,4.0,3.617588758468628
274,71,4.0,4.459043502807617
567,96,4.0,3.950843572616577
279,1321,4.0,1.513251543045044
269,723,1.0,2.7570993900299072
840,196,4.0,4.169254779815674
85,647,4.0,4.06478214263916
883,224,4.0,4.017274379730225
222,96,5.0,3.813027858734131
434,815,4.0,3.6825156211853027
826,11,4.0,4.452324867248535
569,405,3.0,3.3320295810699463
114,56,3.0,3.647703170776367
435,1103,4.0,3.741403818130493
299,1103,4.0,3.743281602859497
733,1129,4.0,3.470576524734497
736,253,5.0,3.0079925060272217
52,463,5.0,4.363659858703613
911,435,5.0,3.9301741123199463
363,47,5.0,3.0805611610412598
494,528,3.0,4.404641151428223
889,96,4.0,3.820509672164917
146,262,4.0,3.829639434814453
637,150,1.0,2.785116672515869
835,281,4.0,3.3792672157287598
829,276,4.0,3.523815155029297
810,342,5.0,3.5272409915924072
919,596,3.0,3.3964014053344727
768,288,4.0,3.223590850830078
409,136,4.0,4.069341659545898
199,1354,1.0,1.1609103679656982
429,628,3.0,3.5070674419403076
303,294,4.0,2.9429941177368164
622,1207,2.0,2.315917491912842
690,223,4.0,3.847649574279785
770,15,5.0,4.687485694885254
170,328,3.0,4.387756824493408
158,511,5.0,4.663801670074463
664,431,2.0,3.4972400665283203
87,228,5.0,4.320488929748535
537,506,3.0,3.0803914070129395
148,529,5.0,3.94730544090271
112,325,1.0,2.8802101612091064
303,559,4.0,3.400529384613037
373,727,4.0,3.48939847946167
101,284,4.0,2.893444776535034
693,130,1.0,1.9140019416809082
707,719,3.0,2.4408321380615234
523,168,4.0,4.770195960998535
13,86,1.0,3.7131664752960205
536,679,4.0,3.211622953414917
59,559,5.0,3.5869293212890625
804,208,5.0,4.245564937591553
276,100,5.0,4.379960060119629
254,629,2.0,3.0206704139709473
543,1073,3.0,3.642920970916748
94,1011,4.0,3.531081438064575
22,167,3.0,3.232210397720337
573,134,4.0,3.9998066425323486
655,1045,3.0,2.764897346496582
136,15,4.0,4.053269386291504
293,122,3.0,2.2513976097106934
561,1210,1.0,2.322333335876465
757,17,3.0,3.1091861724853516
429,1016,4.0,3.3738884925842285
887,288,4.0,3.8570525646209717
721,872,3.0,3.1610963344573975
212,427,4.0,4.140734672546387
189,294,5.0,3.2627248764038086
45,276,5.0,3.9874610900878906
59,243,1.0,2.371654748916626
102,993,2.0,2.6988930702209473
450,611,5.0,4.6327924728393555
185,181,4.0,4.140828609466553
187,792,5.0,3.902352809906006
865,763,1.0,2.4908547401428223
699,283,4.0,3.386138677597046
174,384,1.0,3.035923480987549
83,127,4.0,4.674923419952393
716,260,1.0,2.704587936401367
517,823,2.0,2.6836905479431152
308,520,4.0,4.315568923950195
263,99,3.0,3.974944591522217
563,220,4.0,3.7302212715148926
672,25,5.0,3.152099609375
308,141,3.0,3.5951037406921387
286,142,4.0,3.2320854663848877
466,679,3.0,2.883873224258423
351,258,5.0,4.499988079071045
239,382,3.0,3.9481184482574463
509,294,2.0,2.4032301902770996
640,1016,3.0,4.048365592956543
187,651,5.0,4.201434135437012
184,1014,2.0,3.0279102325439453
699,16,3.0,3.0569119453430176
815,485,4.0,3.9594414234161377
665,1,4.0,3.7328948974609375
937,508,1.0,3.3502721786499023
290,625,4.0,3.134246826171875
315,211,4.0,4.172374725341797
797,300,2.0,2.858818531036377
368,11,4.0,3.733243227005005
159,756,4.0,3.075424909591675
536,432,4.0,3.8999977111816406
887,443,4.0,4.375832557678223
60,673,4.0,3.8224501609802246
232,357,4.0,4.367003440856934
871,50,5.0,4.1786723136901855
5,457,1.0,1.6288800239562988
363,571,1.0,2.2557871341705322
360,187,4.0,4.298501014709473
636,118,5.0,3.685046434402466
823,87,5.0,4.43013858795166
757,333,4.0,3.3554463386535645
600,181,4.0,4.167397975921631
366,853,5.0,4.624440670013428
405,8,4.0,2.3509929180145264
118,79,5.0,5.049846649169922
880,38,3.0,3.095560073852539
781,232,3.0,3.3329660892486572
234,506,4.0,3.2953107357025146
293,183,4.0,3.693624496459961
806,82,4.0,3.8770673274993896
87,182,4.0,4.5266947746276855
639,153,3.0,3.0318355560302734
234,99,5.0,3.1684482097625732
290,22,5.0,4.03262996673584
928,173,4.0,4.963974952697754
632,168,4.0,4.038482666015625
654,408,5.0,4.614718437194824
328,182,2.0,3.903730869293213
593,159,4.0,3.28031587600708
922,431,4.0,3.4425835609436035
561,1024,3.0,3.132697582244873
624,126,4.0,4.088758945465088
752,322,1.0,2.970205545425415
682,1178,1.0,2.5260112285614014
398,173,4.0,4.049726963043213
198,237,2.0,3.209036111831665
293,15,3.0,3.2104339599609375
738,357,4.0,4.254066467285156
354,473,3.0,3.134704113006592
74,121,4.0,3.503495216369629
345,238,5.0,4.008086204528809
889,385,3.0,3.4206998348236084
543,188,4.0,3.4944794178009033
253,895,4.0,3.2324347496032715
727,33,3.0,3.3414788246154785
456,845,3.0,3.312164783477783
574,258,5.0,3.7194371223449707
249,271,4.0,3.496964693069458
416,431,4.0,3.9700183868408203
378,11,3.0,3.898163318634033
381,1407,3.0,2.4912309646606445
330,393,4.0,4.185427188873291
329,512,4.0,3.8505208492279053
274,69,5.0,4.274396896362305
711,345,4.0,3.48994517326355
339,343,3.0,3.3330862522125244
87,651,4.0,4.565588474273682
145,559,2.0,3.450125217437744
881,15,3.0,3.5418519973754883
125,98,5.0,4.341266632080078
704,134,5.0,4.185830116271973
364,269,4.0,4.210265159606934
790,405,3.0,3.0589101314544678
234,284,3.0,2.6795167922973633
405,1193,1.0,2.4991254806518555
478,710,5.0,3.451479196548462
693,281,3.0,2.549288511276245
339,139,3.0,3.1448678970336914
755,259,3.0,2.8394765853881836
747,429,4.0,4.304704666137695
470,824,4.0,2.630230665206909
21,322,3.0,2.5982089042663574
620,7,4.0,4.240991592407227
412,211,4.0,3.9238228797912598
562,190,4.0,4.131946563720703
269,497,3.0,3.3434102535247803
715,50,5.0,4.329381942749023
303,250,4.0,3.5459675788879395
398,1020,3.0,3.7697813510894775
896,481,4.0,3.561915159225464
490,1386,4.0,2.0035910606384277
44,257,4.0,3.6830570697784424
838,313,5.0,4.68356466293335
17,245,2.0,2.5803704261779785
210,300,4.0,3.87263560295105
301,105,3.0,2.5402917861938477
903,127,5.0,4.561048984527588
153,325,2.0,2.201629638671875
92,159,4.0,3.017805576324463
637,282,3.0,2.7922539710998535
376,357,4.0,4.288573741912842
779,235,4.0,3.2100751399993896
880,720,2.0,3.035949468612671
393,1179,4.0,2.0367321968078613
229,313,2.0,3.466141939163208
87,433,3.0,4.199000358581543
224,555,3.0,1.715464472770691
942,95,5.0,4.280670166015625
280,699,4.0,3.928006172180176
716,549,4.0,3.7895944118499756
468,647,5.0,4.707493305206299
889,615,3.0,3.8025882244110107
537,1009,2.0,2.684919834136963
283,71,4.0,4.543529510498047
191,343,3.0,3.0655879974365234
669,511,5.0,3.862212896347046
437,842,4.0,3.095946788787842
239,589,3.0,4.404166221618652
705,286,3.0,3.868924379348755
458,189,4.0,4.170361518859863
200,82,5.0,4.611100673675537
387,559,3.0,3.1406612396240234
809,299,4.0,2.8391828536987305
537,323,1.0,1.9581212997436523
308,495,3.0,3.7619810104370117
66,742,5.0,3.6638011932373047
7,385,5.0,4.088138580322266
99,79,4.0,4.308758735656738
255,984,1.0,2.310741424560547
535,162,3.0,3.7117512226104736
464,709,5.0,4.772558689117432
393,81,2.0,3.599114418029785
524,133,5.0,3.642289400100708
295,1050,5.0,4.234633922576904
339,88,4.0,3.752264976501465
168,222,5.0,3.6448168754577637
72,566,4.0,3.5915520191192627
42,73,4.0,3.6257407665252686
82,518,4.0,3.4830594062805176
276,586,3.0,2.7377538681030273
889,1069,1.0,3.331329584121704
896,705,5.0,3.554866313934326
458,64,4.0,4.4303364753723145
577,727,5.0,3.738360643386841
886,55,4.0,3.5965888500213623
932,399,4.0,3.396479606628418
786,588,5.0,3.9795641899108887
489,895,4.0,3.9260733127593994
448,1022,5.0,3.308561325073242
486,689,2.0,2.7899653911590576
833,22,3.0,3.7027459144592285
416,272,5.0,4.909384250640869
75,820,3.0,2.936490774154663
30,688,3.0,2.086580991744995
423,282,4.0,3.8151259422302246
682,217,4.0,3.0178539752960205
494,121,4.0,3.546546459197998
572,1171,3.0,3.0146093368530273
87,321,2.0,3.580279588699341
524,135,3.0,3.7944536209106445
435,760,1.0,2.676792621612549
313,195,5.0,3.949256420135498
291,175,2.0,4.483795166015625
346,38,3.0,2.8306884765625
291,89,3.0,4.710641860961914
847,144,4.0,3.0765302181243896
30,135,5.0,4.16995906829834
308,452,2.0,2.946773052215576
295,227,4.0,3.862196683883667
486,475,4.0,3.730597972869873
388,569,5.0,3.2399842739105225
642,1287,2.0,1.5643863677978516
276,373,2.0,2.933548927307129
881,27,3.0,3.138615608215332
11,652,4.0,3.744110345840454
413,326,3.0,3.3232412338256836
542,168,4.0,3.945019483566284
628,305,5.0,4.656079292297363
105,268,4.0,3.508815288543701
145,265,5.0,4.0195817947387695
454,707,3.0,3.07877254486084
58,45,5.0,4.015997409820557
195,508,3.0,3.583800792694092
585,863,5.0,4.0149431228637695
174,31,4.0,4.136046409606934
587,272,5.0,4.065554618835449
301,233,4.0,3.246422052383423
586,117,4.0,3.4824166297912598
818,286,4.0,3.4112465381622314
405,1230,1.0,1.3098900318145752
870,188,5.0,3.5445964336395264
660,298,2.0,2.9366958141326904
535,179,4.0,3.9640960693359375
94,88,3.0,3.6780624389648438
943,1011,2.0,3.378648042678833
892,403,3.0,3.729973793029785
844,690,3.0,3.110827922821045
886,819,4.0,2.5340588092803955
160,282,4.0,3.9435532093048096
496,1133,3.0,2.549330472946167
449,15,4.0,3.8568003177642822
916,713,3.0,3.4572103023529053
783,331,3.0,4.027223587036133
144,91,2.0,3.625844955444336
642,1311,3.0,2.8850224018096924
23,28,3.0,3.7989137172698975
478,12,5.0,4.005944728851318
606,161,4.0,3.8722174167633057
178,173,5.0,4.397861480712891
117,109,4.0,4.081364154815674
698,28,2.0,2.9193356037139893
84,529,5.0,4.467167854309082
699,322,3.0,2.936415910720825
303,430,4.0,4.220944881439209
621,176,3.0,4.293523788452148
316,530,2.0,3.4012272357940674
394,72,4.0,3.523070812225342
456,216,4.0,3.7815802097320557
22,405,1.0,3.4123096466064453
595,763,3.0,3.3218157291412354
74,126,3.0,3.881784439086914
301,393,3.0,3.3475069999694824
469,286,5.0,4.105442047119141
782,887,4.0,3.171604871749878
566,82,4.0,3.478209972381592
137,257,5.0,4.548934459686279
843,271,5.0,2.5656332969665527
932,238,3.0,4.121988296508789
907,278,5.0,4.066569805145264
118,433,5.0,4.6796956062316895
525,237,4.0,3.5639259815216064
553,487,5.0,4.1917009353637695
638,174,5.0,3.9349071979522705
244,278,3.0,3.3843939304351807
504,186,3.0,4.153546333312988
427,258,4.0,5.27590274810791
474,523,5.0,4.445152759552002
92,780,3.0,2.9355218410491943
397,492,4.0,4.012518882751465
442,90,3.0,2.7771623134613037
677,322,4.0,3.4721126556396484
76,1158,4.0,2.717349052429199
733,471,3.0,3.048536539077759
880,179,4.0,4.141328811645508
537,271,2.0,2.446608304977417
739,22,5.0,3.813647747039795
832,873,2.0,2.726250171661377
599,111,5.0,4.210926055908203
894,343,2.0,3.141796588897705
561,1009,4.0,2.8404600620269775
379,637,2.0,3.281388521194458
500,471,4.0,3.2812154293060303
422,129,4.0,3.904456615447998
374,443,5.0,3.7917466163635254
841,748,4.0,3.6760506629943848
102,29,1.0,2.089038848876953
94,471,4.0,3.607599973678589
297,471,3.0,3.338385820388794
655,448,4.0,2.887861728668213
416,143,5.0,4.180891990661621
293,297,4.0,3.633596658706665
405,795,2.0,1.4416849613189697
533,190,2.0,4.011917591094971
8,187,4.0,4.600641250610352
764,151,4.0,3.8417131900787354
487,572,1.0,3.1703133583068848
344,288,4.0,3.3685474395751953
626,748,2.0,2.10860538482666
476,343,4.0,3.1681761741638184
174,9,5.0,4.210033416748047
472,365,4.0,4.3321685791015625
932,528,5.0,4.565685272216797
536,80,2.0,2.8754570484161377
506,77,3.0,3.4888932704925537
721,938,3.0,2.8352766036987305
796,761,3.0,3.0116796493530273
815,95,3.0,3.9249401092529297
535,707,4.0,4.042155742645264
733,922,3.0,3.5980560779571533
254,449,5.0,2.8059334754943848
244,1209,3.0,2.6471211910247803
64,748,1.0,2.9160404205322266
489,322,5.0,3.9103052616119385
916,82,4.0,3.5323355197906494
297,271,2.0,3.167879104614258
637,985,2.0,2.329171895980835
203,294,2.0,3.3497955799102783
788,879,4.0,3.0985426902770996
872,892,3.0,2.889822006225586
566,100,5.0,3.8597171306610107
334,521,4.0,3.7631986141204834
659,490,4.0,4.176692008972168
407,402,2.0,3.3740439414978027
920,313,5.0,3.926302433013916
823,474,5.0,4.715169429779053
222,739,4.0,3.1367571353912354
682,294,3.0,2.948336601257324
344,9,5.0,3.8000643253326416
229,269,4.0,3.1853866577148438
658,724,3.0,3.4927468299865723
827,358,2.0,2.418750762939453
110,64,4.0,4.171225547790527
5,446,4.0,2.4304587841033936
251,210,4.0,4.173093795776367
650,747,3.0,2.9501352310180664
398,708,3.0,3.301955223083496
570,286,4.0,2.9286012649536133
848,215,5.0,3.9579646587371826
326,564,3.0,1.7004326581954956
229,311,5.0,3.0360026359558105
425,83,2.0,3.508347511291504
18,194,3.0,4.153619766235352
216,3,4.0,3.2356717586517334
500,662,2.0,3.225512742996216
320,895,4.0,3.563520669937134
717,343,4.0,3.488741159439087
604,670,5.0,2.846060037612915
727,260,1.0,2.491121292114258
12,15,5.0,4.086623191833496
537,588,1.0,3.00858736038208
493,546,5.0,3.1590583324432373
301,82,5.0,3.7801015377044678
246,294,2.0,2.758606195449829
609,259,1.0,2.2614760398864746
181,1028,2.0,1.5114256143569946
544,332,3.0,2.952669620513916
201,654,3.0,3.674960136413574
145,1210,1.0,2.9037654399871826
883,896,5.0,4.174258232116699
796,1163,3.0,3.028634786605835
453,85,3.0,2.990583896636963
442,184,2.0,3.1250100135803223
303,1230,1.0,1.9314343929290771
10,194,4.0,4.527681350708008
620,112,4.0,2.892589807510376
687,678,4.0,2.8808627128601074
379,93,3.0,4.092014312744141
361,517,5.0,3.8240528106689453
93,235,4.0,2.9492416381835938
303,215,5.0,3.782435417175293
807,1039,4.0,4.383565902709961
175,12,4.0,4.208045959472656
318,404,3.0,3.8940513134002686
682,393,4.0,3.1556763648986816
788,445,4.0,3.4825611114501953
392,347,4.0,3.890185832977295
580,249,5.0,3.3715991973876953
902,87,4.0,3.6459760665893555
553,1200,3.0,3.605893611907959
116,180,5.0,3.462805986404419
894,255,3.0,3.2905733585357666
406,130,3.0,2.203166961669922
102,235,3.0,2.3267035484313965
361,197,5.0,4.028866291046143
85,14,4.0,3.7197086811065674
387,176,3.0,3.867391347885132
553,648,4.0,4.422501564025879
94,182,5.0,4.306543827056885
307,472,3.0,3.114194869995117
682,802,2.0,2.634099006652832
303,948,2.0,2.069225311279297
405,698,1.0,1.705779790878296
87,202,5.0,4.245262145996094
328,665,2.0,2.807723045349121
265,125,4.0,3.6460492610931396
145,257,5.0,3.912198066711426
918,606,4.0,3.5064899921417236
543,1014,4.0,2.90464186668396
85,237,3.0,3.3423879146575928
13,657,4.0,4.1172895431518555
254,624,2.0,2.8651208877563477
521,268,5.0,3.270505428314209
233,499,3.0,4.606297969818115
42,96,5.0,4.198021411895752
782,1283,2.0,2.331247329711914
848,478,5.0,4.476116180419922
453,578,3.0,3.181877613067627
842,752,4.0,3.6401355266571045
543,324,3.0,2.9347710609436035
232,194,4.0,4.123943328857422
58,175,5.0,3.962141752243042
851,331,3.0,3.7222237586975098
941,124,5.0,4.504229545593262
84,31,4.0,4.144566535949707
474,923,4.0,4.59637975692749
544,258,3.0,3.172905921936035
450,722,5.0,3.1082496643066406
907,1016,5.0,4.470803260803223
518,276,5.0,3.8250279426574707
731,66,4.0,3.0561540126800537
21,995,2.0,3.235848903656006
536,378,5.0,3.9570152759552
37,82,1.0,4.031120300292969
160,455,4.0,3.4662508964538574
748,451,1.0,3.118860960006714
595,298,4.0,3.7702341079711914
293,121,3.0,2.9817841053009033
308,502,5.0,3.916830062866211
191,313,5.0,4.2518415451049805
675,86,4.0,3.935208797454834
179,691,3.0,3.2383835315704346
881,7,4.0,3.648196220397949
533,109,2.0,3.3422908782958984
129,313,3.0,3.4010403156280518
638,410,4.0,2.862480878829956
450,663,4.0,4.268372535705566
450,521,4.0,4.321310520172119
292,249,3.0,3.697486639022827
698,283,2.0,2.737839937210083
276,204,5.0,4.127992630004883
862,180,5.0,4.744726657867432
622,94,2.0,3.1388299465179443
642,1,5.0,4.30355167388916
49,301,3.0,2.4957566261291504
892,385,3.0,3.8690667152404785
828,1646,4.0,1.8131579160690308
504,559,5.0,3.5068845748901367
222,144,5.0,3.5822079181671143
524,661,3.0,3.907017707824707
236,88,2.0,3.3380184173583984
406,596,3.0,3.28816556930542
200,409,2.0,3.871736764907837
804,259,4.0,2.996232271194458
506,490,3.0,4.250292778015137
416,161,4.0,3.9059529304504395
840,659,5.0,4.454888343811035
519,264,2.0,3.513007640838623
416,405,5.0,3.7849884033203125
627,28,3.0,3.6206750869750977
486,282,2.0,3.507357597351074
214,56,5.0,4.127823829650879
94,61,5.0,4.247012138366699
97,135,5.0,4.304522514343262
724,1176,1.0,2.471968650817871
13,441,1.0,2.632671356201172
653,136,1.0,3.009089469909668
261,342,3.0,3.417365074157715
796,418,4.0,3.6911652088165283
881,186,3.0,3.7917404174804688
94,1223,4.0,2.8604648113250732
459,926,4.0,2.763610363006592
8,511,5.0,4.7727370262146
715,125,3.0,3.530839443206787
194,471,3.0,2.9491775035858154
920,682,3.0,2.7180986404418945
829,190,4.0,4.11267614364624
264,559,5.0,3.7348146438598633
556,127,5.0,4.7176947593688965
276,1245,3.0,3.4437978267669678
521,99,3.0,3.1949315071105957
273,272,4.0,4.455506801605225
782,1670,3.0,0.9228596687316895
464,289,4.0,3.4770009517669678
316,318,5.0,3.618196964263916
39,294,4.0,3.2249505519866943
13,833,2.0,2.95308518409729
878,286,4.0,3.194176435470581
857,325,1.0,2.86075496673584
786,357,5.0,4.525242805480957
442,29,3.0,2.378089427947998
123,275,4.0,4.121284484863281
780,275,4.0,3.8927059173583984
94,183,5.0,4.276521682739258
345,291,3.0,3.374931812286377
826,550,3.0,3.782442808151245
195,809,3.0,3.121567726135254
289,254,1.0,2.0725245475769043
42,720,4.0,3.053173303604126
624,628,4.0,3.6896166801452637
707,533,5.0,3.5966005325317383
370,181,4.0,3.708789110183716
472,234,4.0,4.867690086364746
299,1073,4.0,3.646322727203369
608,262,3.0,3.6658577919006348
145,943,3.0,3.699307680130005
363,174,4.0,3.7160181999206543
23,463,4.0,3.6585655212402344
774,453,2.0,1.3108224868774414
119,405,4.0,3.824599266052246
633,5,3.0,3.06115460395813
627,227,3.0,3.040313482284546
579,216,5.0,3.6721456050872803
95,328,5.0,3.4052629470825195
942,300,5.0,3.89548397064209
875,358,3.0,2.7579755783081055
293,47,3.0,3.2392213344573975
776,1219,3.0,2.862922191619873
299,208,4.0,3.839102029800415
924,174,5.0,4.233963966369629
716,662,3.0,3.5532684326171875
457,385,4.0,4.134895324707031
883,239,3.0,3.8431015014648438
290,28,5.0,3.7103471755981445
429,265,4.0,3.823216199874878
270,282,3.0,4.732691764831543
195,234,5.0,3.7904791831970215
867,7,5.0,4.147149085998535
145,275,2.0,4.140447616577148
15,13,1.0,2.874143600463867
586,356,4.0,2.9861674308776855
6,174,4.0,3.9767181873321533
357,748,5.0,4.068811893463135
327,33,3.0,3.1335833072662354
518,742,5.0,3.7781896591186523
524,492,3.0,3.598280191421509
407,559,3.0,3.1081442832946777
171,313,4.0,4.117836952209473
121,740,3.0,3.366755962371826
42,367,2.0,3.7449984550476074
582,328,3.0,3.2174339294433594
533,443,3.0,3.6222341060638428
298,946,3.0,3.311896800994873
551,156,5.0,4.225824356079102
226,23,3.0,4.178752422332764
716,1269,4.0,3.990967273712158
875,50,5.0,4.668171405792236
870,55,3.0,3.5630860328674316
393,84,3.0,2.922773838043213
857,328,3.0,3.595228672027588
648,576,4.0,3.0007052421569824
288,528,4.0,4.266457557678223
200,393,4.0,4.0739006996154785
542,871,2.0,2.4844985008239746
617,674,3.0,2.334080696105957
621,257,5.0,3.9566352367401123
297,277,3.0,3.38124418258667
144,1285,3.0,3.24404239654541
650,243,2.0,1.9255502223968506
802,259,2.0,2.9380311965942383
323,475,3.0,4.0021586418151855
205,300,3.0,3.16721510887146
634,919,2.0,3.7608094215393066
130,272,5.0,5.198652267456055
664,89,5.0,4.167574882507324
671,56,1.0,4.188511848449707
835,179,5.0,4.2688093185424805
788,43,3.0,2.6726622581481934
533,19,3.0,3.759988784790039
331,132,3.0,3.7471988201141357
74,302,4.0,4.254998207092285
621,250,4.0,3.635671377182007
92,322,3.0,2.870518922805786
59,28,5.0,4.263906478881836
871,97,3.0,3.635211944580078
401,196,5.0,3.1842994689941406
250,270,4.0,3.869248867034912
453,628,3.0,3.4453020095825195
546,322,4.0,3.5911006927490234
236,191,4.0,4.015936851501465
387,81,3.0,3.502800226211548
116,297,3.0,3.4503042697906494
514,116,4.0,3.9560980796813965
49,1074,2.0,2.3613178730010986
927,227,2.0,3.736262321472168
405,178,3.0,2.4604218006134033
143,325,5.0,2.8490920066833496
627,182,4.0,3.694690227508545
64,100,4.0,4.023808002471924
295,174,4.0,5.015439987182617
551,176,4.0,4.387632369995117
43,950,3.0,3.26788067817688
866,344,2.0,2.7824809551239014
251,748,2.0,3.26023268699646
860,315,3.0,3.727692127227783
895,885,2.0,2.4871296882629395
305,664,2.0,3.557957649230957
579,238,3.0,3.648897409439087
326,205,4.0,3.4948678016662598
365,309,1.0,2.9411497116088867
426,527,3.0,4.038251876831055
450,724,5.0,3.8615832328796387
588,131,5.0,4.196743011474609
393,290,3.0,3.2103092670440674
848,509,4.0,4.274605751037598
405,1247,1.0,1.34700608253479
246,1039,4.0,3.570505142211914
405,202,4.0,2.337111473083496
435,174,5.0,4.0856852531433105
506,168,5.0,4.232139587402344
863,990,1.0,3.321181058883667
276,128,4.0,3.656001567840576
901,430,3.0,4.522519588470459
887,432,5.0,4.191970348358154
280,9,5.0,3.9368162155151367
373,435,4.0,4.021114349365234
303,546,2.0,3.0241310596466064
588,1061,5.0,3.1897804737091064
345,988,2.0,2.2608425617218018
95,378,4.0,3.7626519203186035
630,240,3.0,2.6831157207489014
654,302,5.0,4.246523380279541
894,311,4.0,3.8762216567993164
311,258,4.0,3.981843948364258
939,591,5.0,4.827780723571777
216,234,4.0,4.03088903427124
815,313,5.0,4.40675163269043
387,581,4.0,3.089022636413574
181,111,3.0,1.6517471075057983
188,1213,2.0,2.1334142684936523
194,692,2.0,3.1489436626434326
253,966,5.0,4.302316665649414
104,508,2.0,2.768650531768799
532,235,3.0,3.5939979553222656
851,930,3.0,2.8882880210876465
916,569,2.0,2.6244189739227295
716,385,1.0,3.732224941253662
445,433,2.0,2.312716484069824
622,276,4.0,3.7075483798980713
864,969,4.0,4.150317192077637
75,322,1.0,3.0907177925109863
214,131,3.0,4.008265018463135
327,333,2.0,2.982231855392456
450,38,4.0,3.221829652786255
279,1435,3.0,2.352149248123169
764,15,4.0,3.8977479934692383
256,11,5.0,4.743973255157471
15,308,5.0,2.8060524463653564
179,353,1.0,2.1349079608917236
257,381,5.0,3.899693489074707
911,151,5.0,3.6107614040374756
458,529,3.0,3.9810681343078613
355,882,4.0,4.599915504455566
249,135,5.0,4.401057243347168
249,317,5.0,4.388495445251465
271,692,4.0,3.5143165588378906
94,157,5.0,3.916377067565918
774,585,1.0,1.6845237016677856
474,485,4.0,4.097634315490723
497,720,2.0,2.700805187225342
506,148,3.0,3.281365394592285
227,411,4.0,2.8428988456726074
527,201,3.0,3.28595232963562
216,763,4.0,3.4793331623077393
373,195,4.0,4.011680603027344
778,197,4.0,3.223358154296875
807,1066,5.0,3.5444133281707764
314,66,5.0,4.005131721496582
151,405,3.0,3.593505382537842
276,223,5.0,4.47415828704834
100,905,3.0,3.0071043968200684
536,546,2.0,3.140657424926758
592,409,1.0,3.404622793197632
312,8,5.0,4.406503677368164
416,794,5.0,4.014408111572266
630,237,5.0,3.4926886558532715
410,312,2.0,2.9906327724456787
648,477,3.0,3.0752615928649902
13,191,3.0,4.064033508300781
632,275,3.0,3.922262668609619
799,479,5.0,4.318484306335449
608,79,5.0,3.932379961013794
618,8,3.0,3.663203716278076
880,476,3.0,3.1859517097473145
788,754,4.0,3.120043992996216
718,742,5.0,3.8797011375427246
335,340,5.0,3.3550920486450195
378,91,3.0,3.6332809925079346
184,170,5.0,4.0800395011901855
894,1005,5.0,3.728926420211792
933,934,1.0,2.2698981761932373
721,125,3.0,3.786865234375
500,97,4.0,3.621403932571411
618,12,4.0,4.002868175506592
495,191,3.0,4.930801868438721
626,294,3.0,2.100105047225952
670,482,5.0,3.893479108810425
758,514,5.0,4.2781758308410645
314,1016,4.0,3.9079954624176025
835,180,5.0,4.4370927810668945
101,118,3.0,3.0062055587768555
416,246,4.0,4.465314865112305
125,94,5.0,3.168356418609619
927,560,2.0,3.0347893238067627
818,271,4.0,3.04982328414917
236,282,5.0,3.6060140132904053
181,1245,1.0,1.501367211341858
551,286,4.0,3.9931178092956543
399,746,5.0,3.1952407360076904
708,1023,3.0,2.525796413421631
385,673,2.0,3.0619821548461914
213,2,4.0,3.5318830013275146
452,187,3.0,3.81290340423584
192,813,4.0,3.9195425510406494
141,300,5.0,3.7633118629455566
919,321,2.0,3.258699655532837
659,603,5.0,4.4476470947265625
293,94,2.0,2.8044161796569824
906,475,3.0,4.074420928955078
22,175,4.0,4.194448471069336
854,56,5.0,3.6558170318603516
459,291,4.0,3.366689920425415
246,94,2.0,2.7867162227630615
804,625,3.0,3.543166160583496
682,235,1.0,2.830217123031616
78,1160,5.0,3.109551429748535
880,1277,4.0,3.6603076457977295
235,303,4.0,3.77375864982605
769,824,2.0,2.7237260341644287
321,48,4.0,3.8840343952178955
654,250,1.0,3.4327874183654785
452,462,4.0,3.446523666381836
715,64,5.0,4.352199077606201
773,238,4.0,3.57437801361084
123,22,4.0,4.447330474853516
221,259,4.0,2.62782883644104
90,208,3.0,4.565496921539307
784,271,3.0,3.521165132522583
100,689,3.0,2.8519978523254395
498,14,4.0,3.437396287918091
934,172,5.0,4.2952985763549805
344,715,4.0,3.434739351272583
135,77,4.0,3.2020578384399414
836,496,4.0,4.307629108428955
445,689,1.0,1.8200440406799316
503,736,4.0,4.12469482421875
435,393,2.0,3.172057628631592
896,739,2.0,2.9151811599731445
326,183,5.0,3.4619688987731934
592,60,4.0,4.587912559509277
541,1412,1.0,1.697925329208374
883,752,4.0,3.558049201965332
11,90,2.0,2.9730541706085205
201,1163,1.0,2.5143585205078125
318,66,4.0,3.7195756435394287
503,127,5.0,4.556331634521484
75,108,4.0,3.348799705505371
109,239,4.0,3.6892616748809814
222,162,2.0,3.3892757892608643
313,420,5.0,3.514744758605957
846,50,5.0,4.631173133850098
488,207,3.0,3.423525333404541
279,1059,4.0,2.6784274578094482
401,1011,3.0,2.7093136310577393
177,307,4.0,3.319221019744873
537,855,3.0,3.073230504989624
223,1014,4.0,2.875584363937378
234,610,4.0,3.2323434352874756
741,94,3.0,3.085932970046997
456,218,4.0,3.487043857574463
805,319,2.0,3.235028028488159
181,104,1.0,0.9208314418792725
458,307,4.0,3.548153877258301
707,723,3.0,3.2225918769836426
13,241,3.0,3.3549418449401855
474,380,4.0,3.551466941833496
299,1132,1.0,2.705019474029541
422,257,4.0,3.7888989448547363
934,492,4.0,3.8324267864227295
474,414,4.0,3.968059778213501
641,198,5.0,4.231507301330566
804,550,4.0,3.5452165603637695
150,181,5.0,4.291403293609619
807,968,4.0,4.17083740234375
308,614,3.0,3.929267406463623
292,491,4.0,4.298439025878906
710,268,4.0,3.600954532623291
650,447,3.0,3.0129404067993164
383,205,4.0,4.324173927307129
201,385,2.0,3.0886623859405518
272,238,5.0,4.212520122528076
806,655,3.0,4.060230731964111
301,100,5.0,4.126605987548828
382,481,5.0,3.523470163345337
721,284,4.0,3.2669758796691895
378,143,4.0,3.680319309234619
296,1142,5.0,4.472351551055908
481,66,3.0,3.64829158782959
807,199,5.0,4.7268853187561035
588,566,2.0,3.8273189067840576
64,347,3.0,3.3921685218811035
708,118,5.0,3.2108120918273926
933,476,2.0,2.390516519546509
643,419,4.0,3.85178542137146
665,255,4.0,3.183884859085083
233,216,5.0,4.360354423522949
263,416,5.0,3.6856353282928467
587,261,3.0,2.2943248748779297
379,300,3.0,3.6267032623291016
346,932,2.0,2.802481174468994
346,89,4.0,4.004373073577881
790,209,1.0,3.6587307453155518
848,1063,5.0,3.9023149013519287
453,1145,2.0,2.6648097038269043
605,237,3.0,3.659574031829834
532,510,5.0,4.888674259185791
231,255,3.0,3.6231043338775635
699,685,3.0,3.0303194522857666
738,151,4.0,3.6126649379730225
921,202,4.0,3.4321906566619873
848,520,5.0,4.562983989715576
74,333,4.0,3.7373757362365723
160,461,5.0,3.7393412590026855
332,975,3.0,3.797074794769287
653,1620,2.0,2.383772611618042
246,932,1.0,2.601381778717041
301,173,4.0,4.144107818603516
709,781,3.0,3.3883872032165527
450,1435,4.0,2.52480411529541
291,563,3.0,2.911900520324707
396,406,2.0,2.741821765899658
327,659,4.0,3.7012643814086914
357,274,4.0,4.414809703826904
130,100,3.0,4.989697456359863
650,1215,3.0,1.6741230487823486
655,12,3.0,3.560760736465454
911,659,3.0,4.078213691711426
194,371,3.0,2.791186809539795
625,732,3.0,3.2941651344299316
432,313,4.0,4.742411136627197
758,656,5.0,4.68487548828125
846,789,4.0,3.7547154426574707
663,546,3.0,3.067955732345581
351,286,5.0,4.339173316955566
667,223,5.0,4.331201076507568
309,879,4.0,3.262434482574463
276,1028,3.0,3.139033079147339
331,414,4.0,3.391183376312256
453,272,5.0,4.24801778793335
401,203,4.0,3.0826256275177
796,815,4.0,3.4122886657714844
843,515,3.0,3.2150931358337402
314,996,4.0,2.4701197147369385
896,458,1.0,2.7738828659057617
85,702,2.0,3.0065674781799316
40,268,4.0,2.966822624206543
342,57,3.0,4.051359176635742
109,520,5.0,4.189173698425293
538,168,3.0,3.756481647491455
410,303,3.0,3.3006341457366943
884,116,4.0,3.6170103549957275
774,185,2.0,2.573038101196289
525,125,3.0,3.5478105545043945
165,332,4.0,3.60125732421875
1,255,2.0,3.3230974674224854
305,83,3.0,3.69622802734375
943,227,1.0,3.372309923171997
560,476,2.0,2.942162036895752
46,333,5.0,3.9935431480407715
244,54,2.0,3.5459327697753906
327,24,2.0,3.0780904293060303
379,345,3.0,3.676665782928467
495,54,5.0,3.8100061416625977
897,409,4.0,3.519638776779175
401,188,1.0,3.006962537765503
896,132,3.0,3.622382402420044
177,47,3.0,3.4809324741363525
690,705,1.0,3.6406455039978027
119,392,4.0,4.060377597808838
59,622,4.0,3.528966188430786
595,108,2.0,3.301800489425659
177,1,3.0,3.7665116786956787
537,486,3.0,3.0677871704101562
635,886,4.0,3.041616201400757
899,121,5.0,3.3276326656341553
170,881,3.0,3.5277652740478516
538,568,3.0,3.3447937965393066
863,876,2.0,2.5692086219787598
263,183,4.0,4.279263496398926
917,282,4.0,3.8030362129211426
763,87,2.0,4.115695953369141
92,39,3.0,3.151355266571045
677,1240,5.0,3.9680440425872803
72,644,4.0,3.8145790100097656
145,405,3.0,3.4821488857269287
615,736,5.0,3.9236135482788086
358,1159,5.0,3.0922296047210693
660,675,3.0,2.8620529174804688
312,528,5.0,4.759849548339844
707,345,5.0,3.3296003341674805
334,153,4.0,3.615337371826172
498,527,3.0,3.5806705951690674
698,144,2.0,2.7946627140045166
48,423,4.0,3.7628445625305176
716,163,4.0,3.7825045585632324
168,280,4.0,3.2583630084991455
796,500,4.0,3.8436548709869385
595,815,3.0,3.2425453662872314
267,222,4.0,4.029441833496094
566,170,5.0,3.8270089626312256
272,32,4.0,4.295649528503418
40,286,2.0,2.9323556423187256
144,68,2.0,3.419297456741333
409,6,4.0,3.585932731628418
81,42,4.0,3.6244287490844727
265,1197,2.0,3.7204697132110596
37,176,4.0,4.296769618988037
648,218,3.0,3.4689371585845947
198,455,3.0,2.996013641357422
77,176,4.0,3.7404301166534424
314,132,4.0,4.6333208084106445
487,470,5.0,3.926025867462158
349,126,2.0,3.7988805770874023
412,939,4.0,3.6101887226104736
417,943,3.0,3.443786144256592
151,260,1.0,2.785557985305786
105,258,5.0,3.5658960342407227
887,1012,1.0,4.0226545333862305
676,902,4.0,4.035701751708984
919,183,3.0,3.8412680625915527
268,286,5.0,3.1980607509613037
883,228,4.0,3.975965976715088
463,284,3.0,2.670184850692749
750,300,3.0,3.697598695755005
450,506,5.0,4.224747657775879
699,477,3.0,2.9374494552612305
201,581,3.0,2.7917516231536865
550,252,1.0,3.2631282806396484
880,316,5.0,4.309466361999512
95,855,3.0,3.911829948425293
542,399,2.0,3.0734782218933105
360,248,4.0,3.6794214248657227
655,1529,2.0,2.393791437149048
435,91,4.0,3.4690473079681396
605,276,4.0,3.7119863033294678
648,222,5.0,3.454188823699951
727,385,3.0,3.4394919872283936
541,625,4.0,3.5390331745147705
374,274,4.0,3.338068723678589
270,943,5.0,4.504971981048584
908,216,3.0,3.314469337463379
332,118,5.0,3.982349157333374
943,419,2.0,3.843529462814331
318,187,4.0,4.3829569816589355
515,1399,4.0,1.9770545959472656
123,182,4.0,4.136687278747559
354,508,3.0,3.5676541328430176
892,435,4.0,4.338216781616211
598,312,5.0,3.518765449523926
201,596,4.0,2.952085018157959
669,749,3.0,2.6947529315948486
679,111,3.0,3.313720464706421
138,137,5.0,4.177158355712891
943,485,5.0,3.897846221923828
749,385,3.0,3.727654218673706
315,209,5.0,4.216555595397949
766,77,2.0,3.078972101211548
588,25,4.0,3.658844232559204
606,178,5.0,4.8211212158203125
56,98,4.0,4.501791000366211
94,944,1.0,3.2120025157928467
837,276,1.0,3.6156911849975586
447,153,4.0,3.920016050338745
903,281,4.0,3.1832005977630615
283,291,2.0,3.86457896232605
727,258,2.0,3.65433406829834
889,1589,5.0,2.080427646636963
234,451,3.0,2.862151861190796
870,1090,2.0,2.47050404548645
293,455,2.0,3.0185465812683105
399,228,2.0,3.306734323501587
854,475,4.0,3.484985828399658
268,121,2.0,3.0011653900146484
807,969,4.0,4.270503044128418
145,53,2.0,3.1668710708618164
207,1046,4.0,2.8764286041259766
788,531,4.0,3.653472900390625
554,678,3.0,2.7449097633361816
249,333,4.0,3.7095260620117188
643,732,3.0,3.7563791275024414
514,631,4.0,3.7637534141540527
919,237,4.0,3.6224942207336426
262,790,3.0,2.6422853469848633
267,50,5.0,4.993515968322754
42,173,5.0,4.363348007202148
288,345,5.0,3.3943684101104736
484,879,4.0,3.6618804931640625
508,52,4.0,3.9156064987182617
795,120,3.0,2.051082134246826
845,311,4.0,3.1245903968811035
199,408,5.0,4.113984107971191
713,310,4.0,2.9522576332092285
639,179,1.0,3.1482150554656982
57,56,3.0,4.267908573150635
201,737,2.0,2.6323862075805664
782,254,2.0,2.175355911254883
452,971,4.0,3.3928234577178955
402,10,2.0,4.19295597076416
274,276,4.0,4.201536655426025
890,1039,4.0,4.057100296020508
577,452,3.0,3.0472214221954346
116,1244,2.0,2.5908265113830566
391,479,4.0,4.179159164428711
782,1243,3.0,3.3488070964813232
184,676,4.0,3.2721214294433594
276,474,5.0,4.487898826599121
83,235,1.0,3.1649489402770996
459,455,2.0,3.233917713165283
361,319,5.0,3.192664861679077
82,1078,3.0,2.658060073852539
374,231,2.0,2.7488720417022705
401,604,4.0,3.374764919281006
707,900,4.0,3.9082789421081543
457,168,5.0,4.743153095245361
71,429,4.0,3.911465883255005
904,709,3.0,4.442099571228027
454,1003,2.0,1.8693149089813232
796,230,5.0,3.6372385025024414
805,108,3.0,3.1757798194885254
635,262,5.0,3.4388043880462646
795,386,3.0,2.563894271850586
653,135,5.0,2.9235758781433105
664,449,2.0,3.076387405395508
815,559,3.0,3.35653018951416
625,588,4.0,3.409489870071411
646,294,2.0,2.8991239070892334
468,1168,2.0,3.7235019207000732
541,826,3.0,2.595559597015381
646,272,4.0,3.8315625190734863
334,887,5.0,3.5079739093780518
587,691,4.0,3.3755784034729004
639,580,2.0,2.6914899349212646
148,50,5.0,4.360310077667236
694,489,4.0,4.464566230773926
878,22,2.0,3.755462884902954
934,550,4.0,3.344649314880371
268,1035,2.0,2.692780017852783
261,1025,5.0,3.4485044479370117
189,209,1.0,4.2067461013793945
642,220,4.0,3.7392024993896484
202,258,4.0,2.89304256439209
758,414,4.0,4.069159507751465
807,63,5.0,3.48664927482605
119,655,5.0,4.4603776931762695
885,420,4.0,3.275041341781616
328,405,4.0,3.2920143604278564
545,95,4.0,3.793274164199829
593,117,4.0,3.84194278717041
618,496,4.0,3.8483736515045166
435,1,5.0,3.702470541000366
459,22,5.0,4.257645606994629
267,202,5.0,4.286231994628906
486,476,3.0,2.8371546268463135
913,346,3.0,3.24284291267395
64,381,4.0,3.4237866401672363
43,411,3.0,3.03336501121521
276,1131,3.0,4.338781356811523
618,697,3.0,3.2043471336364746
356,286,3.0,3.6991841793060303
416,1041,3.0,3.594905138015747
49,542,2.0,2.067049264907837
514,87,5.0,4.198040008544922
280,550,2.0,3.506608247756958
881,575,2.0,2.4307260513305664
210,435,4.0,4.460996150970459
622,403,4.0,3.492924213409424
642,1152,5.0,3.697188138961792
109,367,3.0,3.5658669471740723
452,135,3.0,3.6459038257598877
488,705,4.0,3.605099678039551
497,382,4.0,3.430950403213501
707,527,5.0,3.9664087295532227
59,132,5.0,4.4533209800720215
233,261,5.0,2.701655864715576
861,14,4.0,4.2476582527160645
633,252,3.0,2.8240041732788086
797,298,3.0,3.1746938228607178
758,554,3.0,3.1780450344085693
151,1113,4.0,3.659214973449707
421,12,5.0,4.180376052856445
889,12,5.0,4.131808280944824
595,928,3.0,3.0739896297454834
843,205,4.0,2.9714455604553223
682,339,2.0,2.8980371952056885
270,123,5.0,4.034106731414795
334,419,3.0,3.5736308097839355
387,1538,3.0,2.4961509704589844
511,271,5.0,3.7188127040863037
405,586,4.0,1.6289857625961304
329,655,4.0,3.6196038722991943
305,14,4.0,3.6167519092559814
144,1286,4.0,3.2754340171813965
271,1117,3.0,2.9112095832824707
131,286,5.0,3.8733856678009033
484,449,4.0,3.493961811065674
64,218,1.0,3.4507741928100586
537,633,3.0,3.1607184410095215
692,411,4.0,2.7536919116973877
280,161,4.0,3.6394476890563965
69,42,5.0,4.011784553527832
395,210,5.0,4.2755126953125
363,531,4.0,3.449054479598999
533,48,4.0,3.829077959060669
643,432,5.0,3.8098771572113037
42,265,3.0,4.025272369384766
62,96,4.0,3.701510429382324
215,239,3.0,3.7933545112609863
724,338,3.0,1.7947614192962646
92,947,4.0,3.2877750396728516
585,736,4.0,3.9899752140045166
393,456,3.0,2.397810935974121
654,14,2.0,3.969169855117798
365,151,4.0,3.720348834991455
239,47,2.0,3.801119565963745
23,202,3.0,3.6631293296813965
84,1,2.0,4.395613670349121
145,134,4.0,4.432218551635742
928,134,5.0,5.081628322601318
370,923,4.0,4.008394718170166
234,505,4.0,3.379664659500122
301,871,4.0,2.6173853874206543
239,605,4.0,3.5948381423950195
327,285,4.0,3.846174478530884
276,746,4.0,3.888355016708374
524,284,3.0,3.0053796768188477
893,24,4.0,3.6181206703186035
592,273,5.0,3.8936095237731934
551,1267,4.0,3.403233289718628
405,233,1.0,2.0141654014587402
671,257,5.0,3.8864073753356934
606,713,4.0,4.157670021057129
18,111,3.0,3.5338621139526367
398,183,4.0,3.8585283756256104
193,1258,3.0,2.4394125938415527
387,33,3.0,3.348370313644409
67,1095,4.0,2.7171437740325928
919,93,5.0,3.6284031867980957
145,933,1.0,2.7504515647888184
85,476,3.0,2.7843234539031982
867,276,1.0,4.028384208679199
303,25,4.0,3.4498190879821777
327,186,2.0,3.4962270259857178
865,456,1.0,1.737917184829712
457,401,3.0,3.050215244293213
367,258,4.0,4.673198699951172
659,507,5.0,3.915311098098755
514,344,3.0,4.037618637084961
503,463,1.0,3.9797983169555664
833,806,4.0,3.057405471801758
747,517,5.0,4.31416130065918
660,207,4.0,2.94460391998291
320,188,4.0,4.236356735229492
492,291,4.0,2.9482240676879883
639,83,4.0,3.2250723838806152
109,317,2.0,3.9655985832214355
587,875,1.0,2.6033692359924316
162,230,2.0,3.551084518432617
409,538,3.0,3.34204363822937
151,529,5.0,4.295238971710205
634,744,5.0,3.5942111015319824
838,455,4.0,3.508085012435913
663,330,4.0,3.1466143131256104
43,1,5.0,4.043647766113281
880,1014,4.0,3.2503204345703125
184,855,4.0,3.8228511810302734
648,181,5.0,3.8364362716674805
436,21,3.0,3.0273020267486572
805,216,2.0,3.765850067138672
96,187,5.0,4.410717964172363
865,222,2.0,2.7338383197784424
98,88,3.0,3.257523775100708
249,174,4.0,4.666015625
815,871,1.0,2.6481704711914062
676,288,1.0,3.4846391677856445
381,525,5.0,4.364691734313965
921,419,5.0,3.4417827129364014
576,471,4.0,3.4616048336029053
870,813,4.0,3.811800479888916
799,307,3.0,3.6629464626312256
299,175,5.0,3.79130482673645
117,96,5.0,4.576295852661133
322,197,5.0,4.366281986236572
831,749,2.0,3.104292392730713
222,1239,2.0,2.28366756439209
656,312,1.0,2.4637136459350586
316,97,5.0,3.062159538269043
894,107,3.0,3.599130153656006
77,246,5.0,3.645456552505493
369,919,5.0,4.186548233032227
828,1462,3.0,3.2074477672576904
500,301,2.0,3.066107749938965
806,522,3.0,4.104641914367676
293,195,3.0,3.6561737060546875
429,134,5.0,4.254232883453369
653,7,2.0,2.8297204971313477
65,178,5.0,4.436141014099121
895,748,3.0,3.431013584136963
207,458,3.0,2.8906726837158203
354,733,3.0,3.550647735595703
835,591,4.0,3.9892525672912598
907,1157,5.0,3.9473562240600586
763,629,5.0,3.4638895988464355
56,636,4.0,3.4523820877075195
18,60,4.0,4.130629062652588
830,661,4.0,4.174993515014648
690,4,3.0,3.264218807220459
659,448,4.0,3.4188079833984375
669,902,2.0,3.4458229541778564
370,22,4.0,4.003568172454834
189,405,2.0,3.516573429107666
527,87,3.0,3.796010732650757
314,405,4.0,3.8450100421905518
537,770,3.0,2.7283122539520264
795,797,3.0,2.76651668548584
327,428,4.0,3.512906074523926
542,15,2.0,3.4782865047454834
234,950,2.0,2.7429661750793457
110,1250,3.0,1.269468903541565
13,810,5.0,2.7275593280792236
234,1400,3.0,2.7091188430786133
882,82,5.0,4.275818347930908
551,343,4.0,3.442182779312134
349,847,4.0,3.7930290699005127
385,156,4.0,3.312570810317993
354,50,4.0,4.284882545471191
534,240,5.0,3.567518711090088
332,156,4.0,4.76178503036499
942,258,4.0,4.216896057128906
642,364,5.0,3.086677312850952
883,750,3.0,4.084734916687012
336,845,1.0,3.2074832916259766
385,4,2.0,3.1010026931762695
402,510,5.0,4.334261894226074
322,489,3.0,4.4076032638549805
616,316,4.0,4.292240142822266
195,753,3.0,3.8611598014831543
265,100,5.0,4.093149185180664
93,15,5.0,3.676168441772461
378,277,4.0,3.5337893962860107
360,124,5.0,4.308184623718262
888,137,4.0,4.259081840515137
295,99,4.0,4.323636531829834
711,463,5.0,3.8914105892181396
807,496,5.0,4.588501453399658
342,223,4.0,4.15921688079834
621,769,3.0,2.7517032623291016
504,122,1.0,2.5830399990081787
897,646,5.0,4.603996753692627
768,742,3.0,3.358769655227661
592,854,5.0,3.905830144882202
711,1119,4.0,3.7636032104492188
87,1072,3.0,2.6719858646392822
222,72,4.0,2.9647061824798584
838,235,2.0,3.158416986465454
250,969,5.0,4.2174177169799805
625,393,4.0,2.982435464859009
920,328,2.0,3.105602741241455
334,462,4.0,3.6190297603607178
450,239,5.0,4.032503604888916
524,895,4.0,3.015101671218872
897,826,4.0,2.732099771499634
452,404,4.0,3.3650410175323486
807,239,4.0,4.076080322265625
588,31,3.0,3.915137529373169
6,504,3.0,3.7571988105773926
576,100,4.0,4.133451461791992
479,471,4.0,3.2764225006103516
788,1518,3.0,2.5405869483947754
569,19,5.0,4.0315937995910645
890,205,5.0,4.094593048095703
472,682,4.0,3.873933792114258
109,1157,4.0,3.035170316696167
308,367,4.0,3.655944347381592
524,435,4.0,3.787614107131958
435,31,5.0,3.503152370452881
851,544,4.0,3.474703073501587
207,8,3.0,3.544018268585205
346,571,3.0,2.4420385360717773
833,346,5.0,3.151270627975464
207,1242,5.0,2.0240559577941895
874,357,5.0,4.290368556976318
629,144,5.0,4.2323408126831055
90,197,5.0,4.673618316650391
806,419,5.0,3.879516839981079
248,64,5.0,4.064364433288574
458,143,4.0,3.71685528755188
409,289,1.0,2.881181240081787
301,550,3.0,3.336717128753662
778,42,5.0,2.983112335205078
537,676,4.0,2.5205914974212646
727,783,3.0,2.604412078857422
82,174,5.0,3.898646831512451
200,660,3.0,4.586266040802002
766,22,3.0,3.950469970703125
141,244,5.0,3.2725603580474854
567,847,4.0,3.8495447635650635
499,511,5.0,4.313098430633545
854,979,4.0,3.003539800643921
199,117,3.0,3.278390407562256
865,472,1.0,2.2878036499023438
271,511,5.0,4.175845146179199
256,117,5.0,4.614770889282227
495,444,3.0,3.2399187088012695
447,5,3.0,3.3118958473205566
916,118,2.0,2.9367361068725586
916,58,5.0,3.429321527481079
398,735,4.0,3.7092504501342773
357,118,5.0,4.180242538452148
822,408,5.0,3.8325579166412354
249,237,5.0,3.903614044189453
845,286,5.0,3.0104362964630127
747,183,5.0,4.378141403198242
896,203,5.0,3.3676040172576904
12,28,5.0,4.375351905822754
291,928,2.0,3.475285768508911
380,428,3.0,3.26352858543396
618,651,5.0,3.753592014312744
806,421,4.0,3.613884210586548
843,191,3.0,3.1307241916656494
104,181,5.0,3.076108694076538
57,318,5.0,4.7922821044921875
409,321,2.0,3.1225719451904297
648,2,4.0,3.114830255508423
233,193,4.0,4.461461067199707
223,216,5.0,3.626082181930542
42,781,4.0,3.4929912090301514
450,597,4.0,3.3427414894104004
497,172,5.0,4.012829780578613
698,25,2.0,2.5841660499572754
95,22,4.0,4.355339050292969
544,302,5.0,3.4734888076782227
795,226,3.0,2.911585569381714
568,59,1.0,3.3674912452697754
220,995,3.0,3.5228257179260254
181,874,1.0,1.6152602434158325
636,15,5.0,4.236238479614258
868,1031,1.0,2.073042392730713
542,433,3.0,3.6225552558898926
162,181,4.0,4.062961578369141
779,71,4.0,4.25324821472168
892,125,4.0,3.8878023624420166
453,56,5.0,3.9919703006744385
399,426,3.0,2.6725168228149414
435,825,3.0,2.8293182849884033
244,1017,4.0,3.6125099658966064
50,475,5.0,3.8482041358947754
124,172,3.0,3.619155168533325
928,878,5.0,2.899627685546875
481,153,5.0,3.9415950775146484
342,433,5.0,3.664569139480591
898,242,4.0,4.196174621582031
48,71,3.0,3.8413002490997314
497,545,3.0,1.7285277843475342
303,801,1.0,2.946094036102295
249,1039,5.0,4.3754425048828125
906,740,4.0,3.5844523906707764
648,50,5.0,4.2474517822265625
569,291,4.0,3.3353450298309326
659,496,5.0,4.2368388175964355
58,652,5.0,3.869835138320923
307,509,3.0,4.074644088745117
243,713,3.0,3.6732802391052246
201,37,2.0,2.0180459022521973
1,134,4.0,4.393462181091309
622,542,2.0,2.613234758377075
416,468,5.0,3.678743600845337
117,1095,3.0,2.646240234375
551,1253,2.0,2.705953359603882
606,209,4.0,4.406221389770508
126,310,2.0,3.788771629333496
499,527,5.0,4.0678324699401855
790,83,3.0,3.7583937644958496
354,724,2.0,3.5067853927612305
562,56,1.0,3.9026918411254883
207,18,2.0,2.7901480197906494
839,100,3.0,3.867997646331787
911,134,4.0,4.170652389526367
8,510,4.0,4.432830333709717
416,1053,4.0,3.592226028442383
235,69,4.0,3.721951484680176
763,11,4.0,3.9779083728790283
184,86,5.0,3.877401351928711
434,147,3.0,3.8400964736938477
305,474,5.0,3.8870065212249756
92,758,1.0,1.7559374570846558
301,693,5.0,3.605729341506958
804,402,3.0,3.8173580169677734
395,172,5.0,4.624737739562988
679,100,3.0,3.9934492111206055
313,161,4.0,3.3690216541290283
802,670,4.0,3.1555306911468506
243,813,4.0,3.981904983520508
374,467,4.0,3.6936986446380615
85,502,4.0,3.5946476459503174
605,357,5.0,4.387451171875
568,462,4.0,3.152129888534546
702,289,2.0,2.2309088706970215
919,937,4.0,3.593019485473633
363,1157,2.0,2.646312713623047
881,420,3.0,3.4306507110595703
758,471,3.0,3.715141773223877
737,89,4.0,4.038695335388184
927,738,3.0,3.1911065578460693
536,405,2.0,3.495300054550171
617,242,3.0,2.985764980316162
748,528,3.0,3.9562742710113525
321,704,3.0,3.021278142929077
195,921,3.0,4.042290687561035
207,367,3.0,3.2401437759399414
682,304,1.0,3.268681764602661
524,1204,3.0,3.4528322219848633
851,405,5.0,3.607823133468628
488,732,4.0,3.3140950202941895
378,703,4.0,3.5377001762390137
758,447,4.0,3.9168243408203125
868,447,2.0,3.082787036895752
296,61,3.0,4.425169467926025
144,1016,3.0,3.371148109436035
825,685,4.0,3.652531862258911
405,519,2.0,2.4680368900299072
384,989,4.0,3.4728212356567383
787,300,4.0,3.738661289215088
720,304,4.0,3.8236570358276367
232,474,5.0,4.303628444671631
886,96,3.0,3.86163592338562
447,252,3.0,3.0065062046051025
56,196,2.0,4.096236228942871
234,193,4.0,3.4076075553894043
286,640,5.0,3.325638771057129
128,506,4.0,3.9630420207977295
378,1,4.0,3.864989757537842
181,1356,1.0,1.3031628131866455
682,423,5.0,3.5657620429992676
327,190,4.0,3.828077554702759
24,367,2.0,4.033075332641602
581,1097,4.0,3.754720687866211
818,887,4.0,3.38946270942688
773,780,4.0,2.8242990970611572
394,89,5.0,4.62845516204834
320,300,4.0,3.961904525756836
773,258,5.0,3.41501522064209
222,1087,1.0,1.6964904069900513
271,241,3.0,3.388063430786133
924,429,4.0,3.9021799564361572
258,300,5.0,4.090048789978027
295,210,4.0,4.646040916442871
274,1060,4.0,3.472006320953369
788,748,3.0,2.9913430213928223
633,183,4.0,3.6907503604888916
660,235,3.0,2.3380794525146484
624,302,4.0,4.424047946929932
405,530,1.0,2.4800302982330322
275,50,4.0,3.861873149871826
83,254,2.0,2.587517261505127
868,1,4.0,3.314146041870117
625,202,3.0,3.3847484588623047
716,468,3.0,3.392488479614258
717,322,5.0,3.518589496612549
459,79,3.0,4.0056047439575195
496,1074,2.0,2.49493408203125
207,302,4.0,3.8016085624694824
144,20,4.0,3.3630385398864746
43,486,4.0,4.002213954925537
241,307,4.0,3.322810649871826
483,318,3.0,3.928126096725464
922,739,3.0,3.2756686210632324
599,245,3.0,3.846468448638916
144,823,3.0,2.8012008666992188
553,481,3.0,4.235167503356934
551,268,4.0,4.124979019165039
339,218,3.0,3.8392577171325684
842,340,5.0,3.888174533843994
95,573,1.0,3.1701982021331787
617,136,3.0,3.068896532058716
916,475,4.0,3.704319477081299
788,755,3.0,3.1004881858825684
731,494,3.0,3.5952186584472656
401,520,3.0,3.431973695755005
177,358,2.0,2.536073923110962
501,1081,3.0,3.5850329399108887
83,35,1.0,2.563638210296631
770,288,4.0,4.316789627075195
790,186,3.0,3.6468560695648193
181,1165,1.0,1.135897159576416
62,436,3.0,3.402341604232788
757,248,4.0,3.426347255706787
709,860,3.0,2.4630918502807617
843,265,3.0,2.87257719039917
438,866,5.0,3.7529642581939697
456,179,5.0,3.861981153488159
248,257,3.0,3.4380037784576416
429,207,4.0,3.8086845874786377
194,227,1.0,2.8509366512298584
468,91,5.0,3.9548680782318115
843,162,2.0,2.7029733657836914
214,195,4.0,4.050229072570801
253,328,4.0,3.4557056427001953
851,353,3.0,2.515090227127075
268,546,4.0,2.618802309036255
500,479,5.0,3.9797253608703613
373,82,1.0,3.817283868789673
727,184,3.0,3.2547736167907715
106,12,4.0,4.322014808654785
484,143,4.0,4.183041572570801
655,607,4.0,3.295168399810791
645,239,3.0,3.8325982093811035
524,23,5.0,4.006015777587891
591,202,3.0,3.781083345413208
553,603,5.0,4.565096378326416
303,1286,4.0,3.357844829559326
43,289,4.0,3.2085142135620117
1,210,4.0,4.047894477844238
412,208,4.0,4.056002616882324
564,245,4.0,3.0175223350524902
881,204,4.0,3.8177976608276367
578,325,1.0,2.2809042930603027
205,333,4.0,3.0440378189086914
205,304,3.0,2.992809772491455
854,1134,3.0,3.007953643798828
133,245,3.0,2.8780593872070312
456,710,3.0,3.6307578086853027
764,321,1.0,3.4336435794830322
817,405,3.0,3.2888472080230713
31,498,4.0,4.467579364776611
655,867,4.0,2.771751880645752
130,1039,4.0,4.770864486694336
401,143,4.0,3.02083683013916
314,423,4.0,4.34197998046875
795,402,2.0,3.1770987510681152
484,692,5.0,4.137648582458496
130,95,5.0,4.590868949890137
434,1,4.0,4.348735809326172
144,747,5.0,3.446221113204956
259,772,4.0,3.1640002727508545
311,781,2.0,3.4783592224121094
613,1157,2.0,3.3230135440826416
351,678,4.0,3.4648494720458984
188,742,5.0,3.616652727127075
408,300,3.0,3.9206972122192383
618,1212,2.0,2.5140650272369385
602,257,4.0,4.279142379760742
81,282,5.0,3.6207098960876465
233,191,4.0,4.783275604248047
211,890,2.0,1.8512520790100098
859,1315,4.0,3.881704330444336
385,221,5.0,3.2858192920684814
862,416,3.0,3.9970312118530273
776,496,3.0,4.071490287780762
90,136,5.0,4.700986385345459
713,347,4.0,2.8730289936065674
377,272,5.0,4.661914348602295
615,319,4.0,3.2584993839263916
12,174,5.0,4.736095428466797
327,72,2.0,2.816026449203491
942,607,5.0,4.51967716217041
455,504,4.0,3.816277027130127
52,333,4.0,4.0559539794921875
447,209,4.0,4.081242561340332
454,651,4.0,3.134132146835327
276,751,4.0,3.5689051151275635
777,273,4.0,3.712336540222168
145,219,5.0,3.4902091026306152
655,574,2.0,2.0461270809173584
805,559,3.0,3.1979031562805176
515,344,2.0,3.2949161529541016
283,194,4.0,4.788412570953369
236,443,4.0,3.660085916519165
385,58,4.0,3.105745553970337
110,38,3.0,2.8211722373962402
766,265,3.0,3.5252022743225098
200,43,3.0,3.5137784481048584
339,515,5.0,4.740523815155029
557,198,5.0,4.291177749633789
221,32,4.0,3.9729926586151123
566,134,5.0,3.942841053009033
234,238,3.0,3.316274404525757
417,708,2.0,3.2940449714660645
201,436,3.0,3.1604623794555664
383,19,4.0,4.295407772064209
396,117,4.0,4.022308349609375
198,98,4.0,3.8953521251678467
10,703,5.0,3.928849220275879
551,720,2.0,3.130857229232788
892,216,5.0,4.200266361236572
795,367,3.0,3.1919970512390137
405,1207,1.0,1.436612844467163
487,56,4.0,4.383808135986328
790,449,2.0,2.8894171714782715
796,403,4.0,3.577918529510498
503,286,3.0,3.8625261783599854
417,78,2.0,2.4070310592651367
478,42,5.0,3.4905691146850586
386,50,4.0,4.7935075759887695
844,1039,4.0,3.823899030685425
157,410,4.0,3.4583897590637207
709,540,3.0,2.626760482788086
536,582,2.0,3.8187015056610107
327,411,3.0,2.598433017730713
363,652,4.0,3.398277759552002
621,890,1.0,2.186030149459839
294,678,2.0,2.935805559158325
782,1608,3.0,1.7997031211853027
124,166,5.0,3.4036500453948975
468,662,4.0,3.674081325531006
938,105,1.0,2.5372161865234375
267,403,4.0,3.9202051162719727
495,674,3.0,3.5764858722686768
334,183,4.0,3.8035905361175537
852,930,3.0,2.963674545288086
916,523,3.0,3.878321409225464
840,1018,3.0,3.5506539344787598
226,25,4.0,3.4164395332336426
883,1404,3.0,3.716965675354004
154,475,4.0,4.102756500244141
417,461,3.0,3.440877676010132
151,318,5.0,4.899056911468506
284,332,3.0,3.3684029579162598
219,4,4.0,3.6789302825927734
595,109,2.0,3.631019353866577
932,230,4.0,3.6926567554473877
934,1065,2.0,3.6666886806488037
151,663,4.0,4.284689903259277
38,95,5.0,4.490682601928711
319,259,2.0,2.8548028469085693
568,638,3.0,3.239125967025757
262,736,3.0,3.5213067531585693
299,433,5.0,3.5560009479522705
916,234,4.0,3.6234304904937744
805,346,4.0,3.51540470123291
506,715,2.0,3.470339059829712
301,772,3.0,3.0096166133880615
503,205,4.0,4.235799789428711
308,109,3.0,3.6906189918518066
771,173,4.0,4.016451835632324
210,692,4.0,4.078559875488281
896,274,2.0,2.9373960494995117
907,813,5.0,5.242879390716553
921,422,3.0,2.405500650405884
486,332,3.0,3.069666862487793
853,877,2.0,2.4360909461975098
646,682,3.0,2.721640110015869
458,330,3.0,3.124258041381836
487,419,3.0,4.054717540740967
385,794,2.0,3.03397536277771
474,259,1.0,2.735792398452759
373,132,3.0,4.128232002258301
5,369,1.0,2.3921279907226562
283,95,5.0,4.4503984451293945
907,277,5.0,4.628183364868164
567,1012,3.0,3.5438084602355957
406,393,4.0,3.1847081184387207
668,355,2.0,2.8583438396453857
837,284,1.0,3.0896859169006348
457,931,2.0,2.3846240043640137
551,144,5.0,4.130743980407715
526,750,4.0,3.6161959171295166
181,334,1.0,1.5916792154312134
449,212,5.0,3.6465978622436523
186,303,3.0,3.8938372135162354
87,323,3.0,3.129143714904785
164,472,5.0,3.7552058696746826
268,233,3.0,2.8530831336975098
601,154,5.0,3.213900089263916
60,842,4.0,3.317155599594116
738,470,4.0,3.592149019241333
352,96,4.0,3.920809030532837
148,8,4.0,3.9508821964263916
273,304,3.0,3.6181678771972656
18,64,5.0,4.456615447998047
879,304,4.0,3.566399335861206
468,89,4.0,4.53376579284668
22,546,3.0,3.077713966369629
276,108,3.0,3.3788983821868896
401,97,4.0,3.103774309158325
378,1063,4.0,3.613858699798584
117,307,5.0,4.084278106689453
110,326,4.0,3.138108491897583
297,301,4.0,3.1407785415649414
234,176,3.0,3.396353244781494
650,630,5.0,2.8399930000305176
227,137,5.0,3.7901549339294434
763,464,3.0,3.865817070007324
214,482,4.0,4.157865524291992
552,284,3.0,2.930255174636841
293,135,5.0,3.6981804370880127
808,300,4.0,4.3449931144714355
294,405,4.0,3.5973379611968994
504,678,4.0,2.984189033508301
201,685,3.0,2.8096237182617188
83,118,3.0,3.4090640544891357
655,1082,3.0,2.2652599811553955
125,914,1.0,2.3331985473632812
262,955,2.0,3.1674437522888184
653,187,4.0,3.0714759826660156
870,641,4.0,4.153533458709717
833,443,3.0,3.416536569595337
308,665,4.0,2.955612897872925
276,159,3.0,3.274906873703003
864,531,5.0,4.302087306976318
603,748,5.0,3.3206803798675537
756,230,3.0,3.1613690853118896
7,677,3.0,0.781289279460907
292,659,5.0,4.672159671783447
906,276,5.0,3.807208776473999
13,448,1.0,3.2232937812805176
230,951,5.0,2.7590081691741943
747,94,4.0,3.388057231903076
363,100,5.0,3.6368491649627686
311,79,4.0,4.230672836303711
690,218,5.0,3.2522006034851074
621,1228,3.0,2.5647940635681152
288,900,5.0,4.035425186157227
747,508,5.0,3.91890811920166
429,63,2.0,3.102508306503296
241,887,4.0,3.425305128097534
410,316,4.0,3.642131805419922
159,72,3.0,3.425807476043701
332,472,3.0,3.758880376815796
761,245,5.0,2.8484394550323486
458,527,2.0,4.137799263000488
841,322,4.0,3.6141576766967773
892,1454,3.0,3.384143590927124
405,1570,1.0,0.6314146518707275
262,755,3.0,3.043164014816284
653,967,2.0,2.3508853912353516
575,181,2.0,3.208686590194702
380,750,4.0,3.2968993186950684
101,756,3.0,2.630329132080078
465,286,4.0,3.1926934719085693
603,747,3.0,3.5797765254974365
840,216,4.0,4.141266822814941
160,32,5.0,4.146218299865723
301,514,3.0,3.8695216178894043
551,780,5.0,3.33945369720459
847,98,4.0,3.504734754562378
870,949,3.0,3.2599523067474365
294,334,4.0,3.602168560028076
805,476,1.0,2.909698009490967
655,210,3.0,3.2197227478027344
551,226,5.0,3.5731399059295654
466,27,3.0,3.059091806411743
130,125,5.0,4.3501691818237305
738,603,5.0,4.289993762969971
752,332,4.0,3.2917795181274414
60,82,3.0,4.033567428588867
336,367,3.0,3.372828483581543
735,813,4.0,3.626052141189575
280,975,4.0,3.2761428356170654
738,230,4.0,3.437861919403076
85,250,3.0,3.1909244060516357
337,471,5.0,3.7476377487182617
555,762,4.0,3.7422423362731934
570,327,4.0,2.7215754985809326
685,269,3.0,2.3042280673980713
447,290,4.0,3.2582597732543945
23,219,1.0,3.220438241958618
334,93,4.0,3.5560054779052734
155,331,3.0,2.710205316543579
493,357,5.0,4.521739959716797
820,315,3.0,3.6684823036193848
698,478,4.0,3.009068012237549
618,507,4.0,3.5407660007476807
435,185,4.0,3.8764002323150635
821,435,4.0,4.73360013961792
634,933,3.0,2.6707968711853027
49,657,5.0,3.352799892425537
476,173,5.0,4.212996959686279
86,328,2.0,3.590595245361328
429,587,3.0,3.6878623962402344
452,153,4.0,3.4699275493621826
712,501,3.0,3.7170848846435547
290,323,3.0,2.759505271911621
378,1181,2.0,2.691237211227417
693,176,2.0,3.306248664855957
17,151,4.0,3.115959882736206
354,953,3.0,3.385806083679199
10,340,4.0,3.9596452713012695
181,13,2.0,1.614933729171753
177,7,4.0,3.75479793548584
293,11,3.0,3.5478672981262207
5,385,4.0,3.2438206672668457
712,1040,4.0,2.762613296508789
326,554,3.0,2.5301387310028076
474,1063,5.0,3.8933303356170654
14,302,5.0,4.4504780769348145
198,200,4.0,3.5055739879608154
787,906,1.0,3.255476474761963
49,625,3.0,2.625844717025757
766,209,3.0,3.6355037689208984
642,622,4.0,3.6021363735198975
152,354,3.0,4.356174945831299
880,70,4.0,3.803476572036743
487,689,1.0,3.236499309539795
787,258,5.0,3.679762840270996
144,58,3.0,3.6007230281829834
530,319,3.0,3.404628038406372
696,285,4.0,4.789941787719727
523,533,4.0,4.385610580444336
301,203,4.0,3.7379374504089355
890,167,2.0,3.139928102493286
808,262,5.0,4.085944175720215
943,226,4.0,3.354935884475708
44,274,4.0,3.3188793659210205
193,690,4.0,2.9342730045318604
516,474,5.0,4.493526935577393
332,928,5.0,3.8466131687164307
286,747,4.0,3.7347075939178467
249,69,5.0,4.067682266235352
13,430,5.0,3.8678066730499268
654,3,3.0,3.1046335697174072
293,65,3.0,3.227797508239746
892,88,4.0,3.7866368293762207
486,280,2.0,3.042086124420166
890,496,5.0,4.234157085418701
109,322,2.0,3.136115550994873
780,705,5.0,3.922498941421509
846,768,4.0,3.159327745437622
145,894,1.0,2.077159881591797
437,393,3.0,3.3278567790985107
267,550,4.0,3.760676145553589
880,310,3.0,3.800388813018799
405,1487,1.0,1.3484656810760498
280,409,3.0,3.368690252304077
641,528,4.0,4.423992156982422
281,288,4.0,3.468862771987915
207,38,3.0,2.680135726928711
899,69,3.0,3.5862770080566406
123,480,3.0,4.480749130249023
208,88,5.0,3.4047329425811768
650,230,4.0,2.965420722961426
910,50,5.0,3.761587619781494
162,174,4.0,4.3382720947265625
323,886,3.0,3.1645185947418213
298,474,4.0,4.537003993988037
882,79,5.0,4.558849334716797
128,54,2.0,3.334775686264038
1,264,2.0,2.6318671703338623
840,707,5.0,4.270226001739502
566,202,4.0,3.5044004917144775
500,210,3.0,3.7790918350219727
125,163,5.0,3.655268669128418
653,719,3.0,1.8515619039535522
141,591,4.0,3.824381113052368
406,39,4.0,3.1636009216308594
862,484,4.0,5.064594268798828
96,173,3.0,4.401666641235352
361,435,5.0,3.8961400985717773
330,121,4.0,4.354742050170898
303,318,5.0,4.6526312828063965
8,336,3.0,2.8542897701263428
334,130,4.0,2.201986789703369
627,576,3.0,2.849055767059326
24,69,5.0,4.222171783447266
120,9,4.0,3.722728967666626
887,932,2.0,3.3317949771881104
334,38,2.0,2.777900218963623
908,631,4.0,3.0970165729522705
846,202,5.0,3.9866507053375244
501,922,4.0,4.5341596603393555
115,922,3.0,4.30876350402832
94,51,3.0,3.7220559120178223
7,607,3.0,4.6258745193481445
548,275,3.0,4.191228866577148
429,651,4.0,4.0516557693481445
303,53,3.0,3.1554622650146484
746,168,3.0,4.127172470092773
62,1134,2.0,3.1469714641571045
26,864,2.0,2.6932449340820312
498,657,3.0,3.7241668701171875
83,932,4.0,3.112764596939087
255,665,3.0,2.386530637741089
864,665,3.0,3.0923643112182617
87,519,4.0,4.70211124420166
249,302,4.0,4.586918830871582
486,255,3.0,3.111774444580078
586,735,3.0,3.4771361351013184
922,69,3.0,3.6797380447387695
478,604,3.0,3.8590636253356934
216,368,2.0,1.7779912948608398
288,211,5.0,3.876847505569458
782,1615,3.0,2.4592995643615723
329,258,3.0,3.5299954414367676
94,381,4.0,3.7847726345062256
627,176,5.0,3.698129653930664
535,1039,4.0,4.036914825439453
342,26,2.0,3.398921489715576
91,735,4.0,3.9434332847595215
727,358,2.0,2.56257700920105
316,1039,5.0,3.202440023422241
862,173,5.0,4.864929676055908
445,504,3.0,2.4368648529052734
277,24,4.0,3.3112869262695312
197,288,3.0,3.296840190887451
757,323,3.0,2.7352046966552734
450,488,4.0,4.6563215255737305
796,357,4.0,4.4271697998046875
303,746,4.0,3.8473799228668213
450,35,2.0,2.648289442062378
436,435,4.0,4.308015823364258
727,109,2.0,3.4000940322875977
332,257,4.0,4.643984794616699
551,470,5.0,3.970439910888672
200,1073,3.0,4.706317901611328
97,526,3.0,4.25467586517334
231,252,4.0,3.229260206222534
479,629,3.0,3.2364654541015625
205,875,2.0,2.1565184593200684
405,579,1.0,1.7186490297317505
788,284,3.0,2.9044671058654785
245,717,4.0,2.638519048690796
85,222,2.0,3.3153796195983887
609,294,2.0,2.603980541229248
694,188,5.0,3.9343535900115967
1,227,4.0,3.365173101425171
144,105,2.0,2.4995179176330566
144,32,4.0,3.899174690246582
901,1047,3.0,3.127741575241089
13,514,5.0,3.7101902961730957
883,30,4.0,4.229602336883545
847,66,3.0,2.8786277770996094
613,303,4.0,4.174773693084717
271,471,3.0,3.2824509143829346
543,936,4.0,3.73909854888916
938,225,4.0,2.9437410831451416
394,77,3.0,3.7123658657073975
823,164,3.0,3.932525157928467
671,250,5.0,3.5320308208465576
757,751,3.0,3.2772278785705566
426,504,4.0,3.899618625640869
210,134,5.0,4.744599342346191
700,48,4.0,3.735103130340576
472,313,5.0,5.63456392288208
758,887,5.0,4.019248962402344
716,418,4.0,3.7532155513763428
64,568,4.0,3.5150389671325684
919,253,3.0,3.4611306190490723
327,250,2.0,3.053016185760498
201,61,2.0,3.3724443912506104
861,301,4.0,3.4968550205230713
922,250,2.0,3.3302812576293945
286,792,3.0,4.019677639007568
574,333,3.0,3.4874308109283447
18,59,4.0,4.10999059677124
682,201,4.0,3.278226852416992
668,311,4.0,3.8222544193267822
630,409,3.0,3.0465240478515625
374,1277,3.0,3.404111623764038
932,527,4.0,4.378116607666016
588,638,4.0,4.167405128479004
766,577,3.0,2.0627222061157227
805,322,2.0,2.9282286167144775
798,196,3.0,3.6742208003997803
121,631,4.0,3.560570240020752
130,949,3.0,4.086634159088135
177,260,2.0,2.3934946060180664
130,1013,4.0,2.7453248500823975
541,1315,1.0,3.664059638977051
145,123,4.0,3.3073678016662598
420,14,5.0,4.169787406921387
624,298,4.0,3.948535203933716
798,734,3.0,2.5658650398254395
640,12,5.0,5.144238471984863
95,186,5.0,3.9429819583892822
750,881,2.0,2.84898042678833
532,506,5.0,4.737371921539307
214,509,4.0,3.9980287551879883
727,235,3.0,2.8393197059631348
184,582,4.0,3.566215991973877
417,260,3.0,2.5096025466918945
308,402,4.0,3.647634506225586
545,1228,3.0,2.418952465057373
193,1406,4.0,3.2055068016052246
749,434,4.0,4.107274055480957
630,295,4.0,3.294402599334717
676,845,5.0,3.5160608291625977
474,650,4.0,3.8206703662872314
552,258,4.0,3.647390365600586
453,476,3.0,2.932016134262085
897,609,5.0,3.865025520324707
226,182,1.0,3.946269989013672
18,402,3.0,3.6396279335021973
306,1251,5.0,3.8866019248962402
499,525,4.0,4.163029670715332
272,474,5.0,4.660164833068848
555,118,4.0,3.496161699295044
750,323,3.0,3.0714271068573
145,343,5.0,3.300755739212036
360,170,5.0,4.297153472900391
528,505,4.0,4.058266639709473
580,123,4.0,3.300711154937744
334,47,4.0,3.38379168510437
348,1028,4.0,3.8239147663116455
896,258,5.0,3.3120737075805664
200,172,5.0,5.192965030670166
151,660,4.0,4.120979309082031
246,721,4.0,3.0812413692474365
582,181,4.0,3.9136877059936523
279,167,3.0,3.0328240394592285
421,89,5.0,4.02138614654541
815,99,4.0,3.811197519302368
582,50,5.0,4.323319435119629
551,415,4.0,3.0297489166259766
231,15,4.0,4.019292831420898
345,285,5.0,4.438416481018066
867,180,5.0,4.458345413208008
677,742,4.0,3.8441057205200195
94,176,4.0,4.290288925170898
879,117,4.0,3.8029017448425293
62,83,5.0,3.768073797225952
218,164,3.0,3.3574957847595215
95,15,4.0,3.693955421447754
896,658,4.0,3.08475923538208
429,729,2.0,3.4928598403930664
174,98,5.0,4.828860282897949
294,257,3.0,4.0293426513671875
61,304,4.0,3.0637998580932617
264,202,5.0,4.3159074783325195
119,995,4.0,3.8154008388519287
538,210,3.0,3.632554531097412
11,58,3.0,3.495476007461548
234,433,2.0,3.1730141639709473
332,31,4.0,4.532347202301025
109,223,4.0,4.225368499755859
338,462,4.0,3.739550828933716
489,359,5.0,3.981816530227661
399,769,3.0,2.3328633308410645
426,661,4.0,4.070766448974609
16,100,5.0,4.825815200805664
406,22,3.0,4.11027193069458
305,792,4.0,3.4528584480285645
752,751,4.0,3.206702470779419
425,398,1.0,1.9732047319412231
505,172,3.0,3.8721535205841064
85,596,3.0,3.2101314067840576
815,176,4.0,4.128625392913818
933,157,4.0,2.934798240661621
393,1215,3.0,2.057133674621582
568,423,4.0,3.1694629192352295
102,288,2.0,2.7228786945343018
854,235,2.0,2.641510486602783
934,961,4.0,3.7975001335144043
216,1101,4.0,4.056637763977051
7,609,3.0,4.007936477661133
775,333,4.0,3.473954200744629
542,401,3.0,2.598924398422241
493,191,4.0,4.440238952636719
546,569,4.0,3.3428430557250977
920,333,4.0,3.191652297973633
344,97,3.0,3.8582425117492676
222,28,5.0,3.720583200454712
766,193,3.0,3.6927566528320312
406,32,5.0,3.765578031539917
16,479,5.0,4.845981121063232
177,223,4.0,4.177834987640381
118,132,4.0,5.155806541442871
537,1070,3.0,3.032977819442749
406,240,4.0,2.7371604442596436
629,15,5.0,4.029047012329102
262,185,3.0,3.635622262954712
262,762,2.0,3.1157126426696777
327,180,4.0,3.6452713012695312
798,1544,3.0,0.835928201675415
542,87,3.0,3.870518922805786
7,600,4.0,2.0777931213378906
798,29,4.0,2.6061742305755615
323,289,2.0,2.944666624069214
283,70,4.0,4.18846321105957
110,63,3.0,2.997962474822998
930,8,3.0,3.13804030418396
246,919,4.0,3.413506507873535
938,1016,3.0,3.437695264816284
472,831,5.0,3.172767400741577
517,748,4.0,3.060180187225342
127,450,5.0,2.5945818424224854
160,969,1.0,4.075377464294434
343,1211,4.0,3.808762788772583
757,69,3.0,3.5826611518859863
328,31,4.0,3.5890414714813232
326,226,5.0,2.8552677631378174
527,86,4.0,3.7229816913604736
427,938,5.0,3.64247989654541
208,435,5.0,3.885280132293701
727,159,2.0,3.0257649421691895
916,708,4.0,3.2284083366394043
60,50,5.0,4.69134521484375
694,197,5.0,4.4288787841796875
382,546,2.0,2.6103832721710205
600,566,3.0,3.7417614459991455
83,38,5.0,3.1395857334136963
639,285,1.0,3.41813325881958
897,478,3.0,4.566837787628174
773,386,3.0,2.6604533195495605
296,521,4.0,4.42995548248291
503,237,4.0,3.796814441680908
170,294,3.0,4.030966758728027
181,288,4.0,1.9263702630996704
454,81,1.0,2.80336332321167
545,550,3.0,3.305394172668457
535,156,2.0,3.9169273376464844
13,485,1.0,3.6233136653900146
654,282,3.0,3.7623753547668457
29,326,2.0,3.4000673294067383
579,748,3.0,2.9459097385406494
405,401,1.0,1.7078886032104492
184,250,4.0,3.3052730560302734
223,225,3.0,2.7288930416107178
26,456,1.0,1.9793881177902222
523,163,5.0,4.265533447265625
267,545,2.0,2.0303092002868652
682,24,4.0,3.2517895698547363
811,258,5.0,4.492172718048096
524,117,3.0,3.5363757610321045
454,199,3.0,3.3305153846740723
727,71,3.0,3.6867756843566895
62,118,2.0,2.9122092723846436
699,225,3.0,2.7102882862091064
59,199,4.0,4.724400520324707
117,288,3.0,3.925032138824463
417,156,3.0,3.7690982818603516
846,134,4.0,4.4701924324035645
385,340,4.0,3.095606803894043
144,815,1.0,3.244633197784424
313,683,3.0,2.487028121948242
342,95,4.0,3.6953980922698975
405,435,1.0,2.399920701980591
291,756,3.0,3.10068941116333
637,833,1.0,2.2946314811706543
484,597,3.0,3.4095568656921387
63,328,2.0,2.921596050262451
254,176,3.0,3.6029298305511475
840,50,4.0,4.679058074951172
389,501,5.0,3.6076927185058594
661,204,5.0,4.057110786437988
504,5,4.0,3.5076377391815186
363,429,5.0,3.4304563999176025
85,71,4.0,3.638357639312744
338,792,4.0,3.7108941078186035
628,984,5.0,3.6093552112579346
774,68,3.0,2.1543006896972656
699,308,4.0,3.0667858123779297
246,1222,3.0,2.5007548332214355
276,1031,2.0,2.4555587768554688
116,603,3.0,3.7229747772216797
401,519,4.0,3.4022023677825928
715,179,4.0,3.8815081119537354
676,546,3.0,3.0701775550842285
424,989,2.0,2.642552375793457
276,854,4.0,3.662400722503662
637,257,2.0,2.7721011638641357
59,727,2.0,3.7028584480285645
279,1498,4.0,0.9626110792160034
435,424,1.0,1.336639165878296
492,153,4.0,3.3420462608337402
280,750,5.0,4.108225345611572
254,50,5.0,3.9234442710876465
847,645,3.0,3.233004570007324
222,56,5.0,3.856678009033203
493,317,3.0,4.16969108581543
690,284,4.0,2.87089467048645
885,588,4.0,3.536182403564453
189,268,4.0,4.0347161293029785
23,479,5.0,4.065376281738281
67,472,4.0,3.5625369548797607
22,878,1.0,2.430370330810547
484,150,4.0,4.346316814422607
334,58,4.0,3.4601306915283203
918,1195,4.0,2.8986308574676514
145,635,4.0,2.923551559448242
215,380,3.0,3.450746536254883
570,358,2.0,2.0971009731292725
56,1057,3.0,2.424055576324463
933,25,2.0,2.7323806285858154
272,514,5.0,4.259190559387207
606,151,5.0,4.120744705200195
276,1044,3.0,3.500206470489502
566,64,5.0,4.0747270584106445
501,741,5.0,3.9455840587615967
453,385,3.0,3.5027284622192383
830,925,4.0,3.2715065479278564
217,27,1.0,2.847851276397705
299,144,4.0,3.603518486022949
308,1286,3.0,3.3584094047546387
448,338,1.0,2.4289655685424805
541,596,4.0,3.6497578620910645
192,515,4.0,4.295381546020508
583,519,5.0,4.619377136230469
290,139,2.0,2.743396520614624
256,778,4.0,4.359698295593262
178,124,4.0,4.347897052764893
316,22,4.0,3.448091983795166
833,428,2.0,3.402320384979248
660,159,1.0,2.4756174087524414
938,328,2.0,3.5246448516845703
919,332,4.0,3.5766875743865967
682,710,3.0,3.5264759063720703
670,945,4.0,3.9008758068084717
335,323,4.0,3.0522656440734863
94,738,2.0,2.98417067527771
211,205,5.0,3.3809149265289307
186,177,4.0,3.9972753524780273
206,1394,1.0,1.9118374586105347
193,276,4.0,3.539780855178833
805,742,3.0,3.405116081237793
96,445,4.0,4.03030252456665
158,583,3.0,3.441214084625244
863,350,1.0,3.310141086578369
524,107,3.0,3.412389039993286
741,1090,1.0,2.5750722885131836
425,562,1.0,2.7854161262512207
354,480,4.0,4.254244327545166
389,77,2.0,3.42864990234375
314,743,1.0,2.3053741455078125
280,286,4.0,3.885349750518799
770,50,3.0,5.552126407623291
379,522,5.0,4.375857353210449
858,754,4.0,3.3564982414245605
799,1545,4.0,2.195058822631836
378,69,3.0,3.739259958267212
932,447,3.0,3.7834298610687256
128,387,2.0,3.504279136657715
450,1091,4.0,3.004845142364502
505,77,3.0,3.0739920139312744
727,465,2.0,3.3412439823150635
83,828,3.0,2.887014389038086
922,1035,3.0,3.0581510066986084
301,756,4.0,2.8264715671539307
293,433,3.0,3.415982246398926
59,764,4.0,3.012056589126587
360,933,3.0,2.7469353675842285
358,114,5.0,4.005947113037109
125,926,3.0,2.783261775970459
45,21,3.0,3.0169928073883057
276,248,4.0,3.7273175716400146
880,732,4.0,3.870943069458008
181,285,2.0,1.8351352214813232
744,603,5.0,4.1758131980896
695,682,1.0,2.8260602951049805
286,14,4.0,4.287276268005371
815,1299,3.0,3.1041014194488525
863,319,2.0,3.208455801010132
901,174,5.0,4.743171691894531
779,447,4.0,3.857808828353882
267,1035,4.0,3.474026918411255
49,299,2.0,2.2685036659240723
889,540,2.0,2.44813871383667
564,313,4.0,4.158686637878418
204,304,3.0,3.2952916622161865
682,85,3.0,2.9161362648010254
927,568,5.0,4.147370338439941
621,222,4.0,3.8075897693634033
295,158,4.0,3.006906747817993
322,513,4.0,4.757901668548584
312,659,5.0,4.655738353729248
85,357,4.0,4.079693794250488
126,678,3.0,2.905015707015991
856,678,3.0,2.761359214782715
934,432,5.0,3.7452070713043213
521,290,3.0,2.7360246181488037
163,56,4.0,3.4605343341827393
92,737,4.0,2.898350715637207
303,845,4.0,3.46610426902771
804,328,4.0,3.7435545921325684
130,158,5.0,3.0801939964294434
77,121,2.0,3.1194632053375244
338,490,5.0,4.039329528808594
669,114,5.0,3.8961405754089355
234,404,4.0,3.1539528369903564
880,546,3.0,3.1764774322509766
642,53,2.0,3.3798155784606934
805,433,4.0,3.652405023574829
578,300,4.0,3.045661687850952
130,183,5.0,4.790708541870117
521,967,3.0,2.7619240283966064
186,754,2.0,3.4232664108276367
38,423,5.0,4.471162796020508
788,289,4.0,2.8396618366241455
251,144,5.0,3.964508056640625
18,775,3.0,2.8604671955108643
308,486,4.0,3.9779458045959473
751,734,1.0,2.663722038269043
402,124,4.0,4.505366325378418
179,750,1.0,3.6042730808258057
492,242,5.0,3.634026050567627
397,56,5.0,4.3006086349487305
807,358,3.0,2.931356430053711
551,471,5.0,3.7983880043029785
322,194,5.0,4.331849098205566
425,12,5.0,3.7686305046081543
250,475,4.0,4.256686210632324
271,134,3.0,4.107941627502441
58,69,1.0,3.7159180641174316
156,11,2.0,3.628288507461548
268,82,3.0,3.328087568283081
3,320,5.0,2.8755581378936768
405,1591,1.0,2.0658185482025146
95,450,2.0,2.451508045196533
872,332,3.0,3.7976279258728027
561,772,4.0,2.5356454849243164
151,322,2.0,3.3369712829589844
137,243,4.0,2.733602523803711
184,262,5.0,3.6715242862701416
497,225,3.0,2.710901975631714
121,298,2.0,3.6727523803710938
7,52,4.0,4.482233047485352
472,117,3.0,4.8438849449157715
229,328,1.0,2.7791996002197266
791,300,5.0,3.9272048473358154
932,198,4.0,4.363612174987793
65,365,3.0,3.513820171356201
864,951,3.0,2.814980983734131
877,59,5.0,4.227823734283447
374,229,5.0,2.982762575149536
299,785,2.0,3.1298210620880127
931,100,4.0,4.182257652282715
655,205,3.0,3.276963949203491
416,218,3.0,4.041062355041504
325,114,5.0,4.0881452560424805
495,441,3.0,3.197904586791992
327,10,4.0,3.487964630126953
268,50,5.0,3.888760566711426
235,647,4.0,4.34686803817749
416,765,4.0,3.192396640777588
642,441,1.0,3.0982019901275635
169,331,5.0,3.51735258102417
795,1555,3.0,2.2072598934173584
805,420,4.0,3.481250762939453
758,536,2.0,3.8726179599761963
256,203,4.0,4.528409481048584
248,210,3.0,3.6410269737243652
330,102,4.0,4.134857654571533
625,546,2.0,2.697152614593506
536,427,5.0,4.540091037750244
735,275,4.0,3.6124651432037354
43,501,4.0,3.558671236038208
665,194,3.0,3.926933526992798
738,210,5.0,3.8986074924468994
894,137,5.0,3.829592704772949
601,91,5.0,3.106729507446289
181,302,2.0,1.9974511861801147
453,356,2.0,3.1439595222473145
250,64,5.0,4.793737411499023
588,159,1.0,3.4140102863311768
65,1142,4.0,4.148873329162598
413,628,4.0,3.53002667427063
633,1132,2.0,2.6796796321868896
640,14,4.0,4.715019226074219
62,1074,4.0,2.7787139415740967
405,175,1.0,2.4263205528259277
880,230,3.0,3.682523488998413
404,1238,3.0,3.042367935180664
718,756,5.0,3.0220673084259033
796,685,4.0,3.431917428970337
293,230,2.0,3.144737958908081
488,9,4.0,3.355286121368408
70,181,4.0,3.9472196102142334
234,558,4.0,3.187547445297241
829,198,4.0,3.9334123134613037
765,151,4.0,3.9813785552978516
514,172,4.0,4.473687171936035
343,324,5.0,3.3773012161254883
733,13,3.0,3.047515869140625
352,228,3.0,3.748122215270996
60,616,3.0,3.939265727996826
621,301,4.0,3.389737844467163
839,742,3.0,3.3294479846954346
21,320,3.0,3.277550220489502
344,45,5.0,4.1136274337768555
588,313,5.0,4.59726619720459
766,434,5.0,3.6518614292144775
481,210,4.0,4.115041255950928
537,83,4.0,3.1760501861572266
715,24,3.0,3.3807621002197266
435,45,5.0,3.815509796142578
922,80,3.0,2.7082653045654297
734,162,3.0,3.3895702362060547
81,1,4.0,3.743145227432251
7,151,4.0,4.210515975952148
499,588,4.0,3.7957184314727783
634,276,5.0,3.7026805877685547
733,1085,4.0,2.5926008224487305
33,288,4.0,3.6808862686157227
148,228,4.0,3.7862563133239746
271,12,4.0,4.179108619689941
214,960,2.0,3.626004695892334
800,257,4.0,3.869206190109253
858,292,3.0,3.6536448001861572
456,479,5.0,4.076580047607422
416,1014,3.0,3.472449541091919
588,71,4.0,4.160065174102783
347,1059,3.0,2.7174735069274902
246,158,1.0,2.301074743270874
693,1248,3.0,2.599898338317871
655,273,4.0,2.9723072052001953
881,112,2.0,2.4573111534118652
222,1439,3.0,2.79243540763855
592,132,5.0,4.602413177490234
798,720,5.0,2.8209335803985596
290,162,3.0,3.419381856918335
588,660,4.0,4.034027099609375
406,612,5.0,3.835460901260376
153,322,3.0,2.4702701568603516
456,91,2.0,3.563413143157959
379,56,5.0,4.465651988983154
798,584,3.0,3.334413528442383
124,157,2.0,3.1093740463256836
189,639,4.0,3.992565631866455
850,969,5.0,4.37265682220459
94,273,4.0,3.7700412273406982
635,1025,2.0,2.6844162940979004
521,117,4.0,3.1893320083618164
613,1,4.0,4.264387130737305
130,993,5.0,4.254775047302246
551,315,5.0,4.462100982666016
710,504,4.0,3.8188982009887695
727,17,1.0,3.0847792625427246
474,136,4.0,4.452855587005615
479,604,3.0,3.9521751403808594
711,476,4.0,3.0791733264923096
870,469,4.0,3.6788344383239746
707,770,3.0,3.253701686859131
331,269,5.0,3.781815528869629
498,109,3.0,3.1184051036834717
254,504,3.0,3.542285442352295
122,660,3.0,4.05734395980835
279,1017,3.0,3.244831085205078
354,186,4.0,3.8028032779693604
381,1018,4.0,3.4637255668640137
209,269,2.0,3.5776352882385254
518,934,3.0,3.0016205310821533
832,328,3.0,3.1883325576782227
711,958,5.0,4.17561149597168
393,922,4.0,4.048788070678711
804,655,4.0,4.143152236938477
606,202,4.0,4.221646785736084
377,288,5.0,3.620879888534546
896,1622,2.0,1.8919672966003418
644,597,4.0,3.6278185844421387
773,14,5.0,3.633551597595215
109,178,3.0,4.242922782897949
181,109,1.0,1.5835570096969604
406,942,4.0,3.4035515785217285
504,127,5.0,4.6161909103393555
299,742,4.0,3.3075501918792725
522,128,4.0,3.6492762565612793
234,20,4.0,2.88525390625
256,657,5.0,5.153743743896484
405,449,1.0,1.955602765083313
781,327,4.0,3.2613794803619385
269,639,4.0,3.1382174491882324
393,725,2.0,2.8311870098114014
308,705,5.0,4.117371559143066
385,37,4.0,2.0647177696228027
378,276,4.0,3.6699106693267822
10,245,4.0,3.3259918689727783
787,938,3.0,2.5501327514648438
128,715,4.0,3.4130730628967285
903,120,2.0,2.369420051574707
537,528,3.0,3.3607702255249023
870,1210,1.0,2.6787538528442383
109,762,3.0,3.4771888256073
367,876,3.0,3.2778353691101074
222,849,4.0,2.601668357849121
60,138,2.0,2.6321890354156494
280,1063,3.0,3.818979024887085
62,204,3.0,3.640748977661133
394,416,5.0,3.8115298748016357
454,527,4.0,3.180206775665283
177,87,4.0,3.91786789894104
151,478,5.0,4.510914325714111
510,259,2.0,2.7144417762756348
159,456,3.0,2.481008291244507
313,485,3.0,3.7713682651519775
318,210,4.0,4.190488815307617
659,610,3.0,3.884739875793457
843,432,2.0,2.770789861679077
913,419,5.0,3.3922080993652344
286,83,5.0,4.392678737640381
934,190,4.0,4.322908401489258
16,237,5.0,4.186585426330566
452,211,2.0,3.546265125274658
239,171,5.0,4.236501693725586
492,83,4.0,3.591703414916992
815,435,4.0,4.12035608291626
940,285,4.0,3.9758191108703613
627,660,4.0,3.46455979347229
254,679,2.0,2.7800705432891846
437,566,3.0,3.573242664337158
478,143,5.0,3.4364547729492188
225,245,2.0,3.557184934616089
727,121,4.0,3.341012716293335
532,834,4.0,2.5705530643463135
299,100,3.0,3.9517674446105957
886,512,1.0,4.020940780639648
384,328,4.0,4.18933629989624
286,20,4.0,3.696967124938965
246,201,5.0,3.1217238903045654
712,1037,4.0,1.9560637474060059
23,90,2.0,2.9807658195495605
313,142,3.0,2.9185850620269775
505,66,4.0,3.2209227085113525
792,840,2.0,2.6696856021881104
923,257,5.0,4.706040382385254
691,304,3.0,3.9803922176361084
416,281,5.0,3.4905407428741455
253,510,5.0,4.338681221008301
682,719,2.0,2.3673369884490967
70,538,2.0,3.4820547103881836
712,177,2.0,4.172384262084961
347,203,5.0,3.8392162322998047
489,325,5.0,3.136908769607544
558,269,4.0,4.553415298461914
74,237,4.0,3.626741409301758
509,260,2.0,2.042086601257324
817,147,3.0,3.3431851863861084
15,476,4.0,2.561807155609131
843,210,3.0,2.984184980392456
248,806,3.0,3.2578015327453613
846,490,4.0,4.276806831359863
502,333,4.0,3.607393980026245
586,273,5.0,3.321718454360962
888,535,4.0,3.6091136932373047
758,746,4.0,4.065802574157715
114,210,3.0,3.5402157306671143
201,774,1.0,2.643670082092285
244,738,4.0,3.06082820892334
677,243,3.0,2.649883270263672
500,402,3.0,3.3910157680511475
347,806,3.0,3.5891473293304443
749,472,4.0,3.1625595092773438
932,1121,5.0,4.061705589294434
174,721,2.0,3.8548030853271484
659,345,4.0,3.447936534881592
889,1073,5.0,3.640937566757202
18,195,3.0,4.036980628967285
587,902,2.0,3.6492702960968018
648,200,2.0,3.751829147338867
301,265,4.0,3.820474624633789
338,212,4.0,3.341169834136963
654,114,5.0,4.37907075881958
174,155,4.0,3.544339179992676
606,38,4.0,3.2786524295806885
454,451,4.0,2.6793298721313477
561,163,3.0,2.992095470428467
402,151,5.0,3.939936876296997
311,22,4.0,4.492539405822754
650,1135,2.0,2.5452911853790283
875,514,5.0,4.1511640548706055
1,202,5.0,3.8877291679382324
823,89,5.0,4.599305629730225
13,797,5.0,2.948643684387207
805,678,4.0,2.5501224994659424
246,652,5.0,3.495992660522461
466,385,4.0,3.3584752082824707
283,845,4.0,3.9703526496887207
823,96,4.0,4.3814191818237305
151,522,5.0,4.336494445800781
184,368,1.0,1.7396533489227295
326,174,4.0,3.7101426124572754
83,468,4.0,3.4960057735443115
854,156,3.0,3.4683995246887207
545,648,3.0,4.163933753967285
545,234,3.0,3.77754807472229
671,810,2.0,3.0318825244903564
757,328,3.0,3.2088427543640137
209,351,2.0,2.541691303253174
815,154,5.0,3.8552474975585938
368,50,4.0,4.1807966232299805
417,163,4.0,3.4963343143463135
716,614,4.0,4.030778884887695
188,554,2.0,2.940990924835205
1,59,5.0,4.202880859375
73,28,3.0,3.703855514526367
283,294,4.0,3.5020592212677
643,200,3.0,3.9539527893066406
92,421,4.0,3.3370349407196045
666,195,3.0,3.876296043395996
301,7,4.0,3.7599096298217773
195,99,3.0,3.6674153804779053
339,737,3.0,3.2771050930023193
923,181,5.0,5.005378246307373
305,289,4.0,2.7573089599609375
62,365,2.0,3.120819091796875
655,698,4.0,2.454956531524658
355,306,4.0,5.0042009353637695
496,825,3.0,2.449305534362793
280,364,3.0,2.956265926361084
1,17,3.0,3.3298113346099854
561,515,3.0,3.585944414138794
249,195,4.0,4.375152587890625
64,436,5.0,3.546609878540039
314,628,5.0,4.015984535217285
543,576,4.0,2.954559326171875
498,558,4.0,3.2450265884399414
349,288,3.0,3.2870638370513916
339,182,5.0,4.345906734466553
102,405,2.0,2.598088264465332
267,393,3.0,3.7588887214660645
325,105,3.0,2.3373632431030273
943,569,2.0,2.847055435180664
222,58,3.0,3.386298894882202
773,23,5.0,3.893670082092285
880,976,2.0,2.227022171020508
763,819,2.0,2.6663360595703125
274,815,3.0,3.749051094055176
707,297,3.0,3.9206836223602295
753,653,4.0,3.6981499195098877
128,190,4.0,4.370962619781494
848,485,5.0,4.162018299102783
840,257,3.0,3.984210968017578
632,227,3.0,3.261253595352173
200,89,5.0,5.041069984436035
432,546,3.0,3.226651191711426
416,652,4.0,4.373769283294678
184,1148,3.0,3.3326005935668945
35,876,2.0,2.5553956031799316
702,895,1.0,2.272127628326416
334,675,4.0,3.5171825885772705
85,221,2.0,3.612647294998169
92,82,2.0,3.6102476119995117
699,475,4.0,3.5688118934631348
254,94,3.0,2.8398380279541016
894,847,4.0,3.852858781814575
301,132,4.0,4.057009220123291
731,140,2.0,2.758068323135376
450,336,3.0,2.9372751712799072
245,597,4.0,2.873567581176758
698,481,3.0,2.936016321182251
58,475,5.0,3.9192590713500977
87,1182,3.0,2.433713436126709
308,1028,2.0,3.0945498943328857
402,529,4.0,4.242135047912598
308,856,4.0,4.094526290893555
216,1218,3.0,3.7020423412323
721,8,4.0,4.0535173416137695
605,1,4.0,3.9318442344665527
427,292,2.0,5.070094585418701
372,448,4.0,4.161157608032227
72,792,3.0,3.765744209289551
620,699,5.0,4.181669235229492
875,654,4.0,4.603951454162598
846,484,5.0,4.529078960418701
357,820,4.0,3.7107038497924805
847,200,3.0,3.161041259765625
150,151,4.0,3.9644148349761963
246,410,1.0,2.7935433387756348
295,216,5.0,4.551863670349121
201,268,4.0,3.2696728706359863
727,206,3.0,3.309612274169922
892,56,4.0,4.383529186248779
393,815,4.0,3.35652494430542
308,135,5.0,4.131049633026123
500,1012,4.0,3.41208815574646
683,607,5.0,3.676424503326416
864,96,5.0,4.331584930419922
864,642,3.0,3.689939498901367
908,127,4.0,3.7086973190307617
428,268,4.0,4.197409629821777
878,462,4.0,3.314436912536621
389,629,2.0,3.513749599456787
877,371,5.0,3.408085823059082
833,58,2.0,3.1456758975982666
717,290,3.0,3.4150819778442383
506,449,2.0,3.2280497550964355
832,326,4.0,3.0008747577667236
916,12,4.0,4.100634574890137
383,657,5.0,4.623456001281738
70,96,4.0,3.948765277862549
314,283,4.0,4.211115837097168
189,132,5.0,4.3696441650390625
846,849,3.0,2.9089314937591553
782,1226,2.0,2.865300416946411
621,107,4.0,3.8168365955352783
454,742,3.0,3.0286779403686523
838,275,5.0,4.264927864074707
323,172,5.0,4.379939079284668
533,371,3.0,3.090137481689453
407,123,3.0,2.993034839630127
373,286,3.0,3.7165367603302
715,231,3.0,2.7022852897644043
303,1090,1.0,2.6210880279541016
316,286,5.0,3.0107786655426025
933,265,4.0,3.0780258178710938
69,151,5.0,3.896273612976074
432,222,4.0,3.8764491081237793
160,302,5.0,4.460853576660156
416,662,4.0,3.8259851932525635
279,1007,4.0,3.882225513458252
590,1017,4.0,3.2606191635131836
459,866,5.0,3.246666669845581
697,595,4.0,3.278379201889038
640,56,5.0,4.8234148025512695
650,191,4.0,3.577185869216919
653,4,3.0,2.6414401531219482
829,151,4.0,3.5283594131469727
780,186,4.0,3.785980463027954
312,481,5.0,4.5336503982543945
354,216,3.0,3.8113596439361572
498,176,2.0,3.5070884227752686
695,903,4.0,3.3091630935668945
934,419,4.0,3.8090271949768066
286,315,5.0,4.585342884063721
48,654,5.0,4.242312431335449
71,135,4.0,3.9772703647613525
277,258,4.0,3.7229552268981934
355,271,3.0,4.1415557861328125
402,235,3.0,3.147972583770752
7,562,5.0,3.669870138168335
177,197,4.0,4.0516815185546875
880,928,2.0,3.2825307846069336
933,433,1.0,3.014580488204956
805,1008,4.0,3.451310396194458
308,671,4.0,3.866575241088867
116,303,3.0,3.250256299972534
10,488,5.0,4.732555389404297
882,227,4.0,3.7169034481048584
499,357,5.0,4.287825584411621
59,418,2.0,3.8634276390075684
828,246,2.0,3.415780782699585
456,210,3.0,3.8431050777435303
311,754,3.0,3.503967046737671
747,23,5.0,4.675492763519287
94,390,5.0,3.0187530517578125
357,932,4.0,3.8057799339294434
11,549,4.0,3.507326126098633
474,479,5.0,4.508904457092285
655,371,3.0,2.7106430530548096
216,184,4.0,3.6176202297210693
452,88,2.0,3.185068130493164
498,1426,3.0,2.73016619682312
843,91,3.0,2.7186379432678223
790,665,3.0,2.6634225845336914
727,367,3.0,3.3954219818115234
292,28,4.0,4.391780853271484
457,175,5.0,4.616024971008301
481,4,3.0,3.723748207092285
62,4,4.0,3.36550235748291
747,279,4.0,3.648651599884033
284,345,4.0,3.402306079864502
697,975,1.0,3.518494129180908
144,880,5.0,3.0331246852874756
796,488,2.0,4.370937824249268
449,1367,4.0,3.7562520503997803
183,144,3.0,3.390775680541992
621,876,2.0,2.7865471839904785
16,531,5.0,4.629527568817139
390,742,4.0,3.8832287788391113
214,327,5.0,3.408292531967163
197,518,1.0,3.7365052700042725
38,70,5.0,4.1744208335876465
894,534,4.0,3.400996685028076
72,100,5.0,4.173530578613281
548,255,4.0,3.5049679279327393
293,605,3.0,3.047393798828125
407,565,3.0,2.5064260959625244
197,550,3.0,3.261162519454956
198,824,2.0,2.5125362873077393
392,650,5.0,3.979388475418091
741,215,4.0,3.6781272888183594
59,127,5.0,4.783079147338867
398,732,4.0,3.5749740600585938
417,419,4.0,3.646174430847168
643,1149,3.0,4.213585376739502
429,96,4.0,3.9989988803863525
102,597,3.0,2.3882951736450195
118,551,5.0,3.0219507217407227
334,905,1.0,3.250807762145996
6,259,1.0,2.2912821769714355
456,772,4.0,2.9782538414001465
741,118,1.0,3.172703266143799
829,129,4.0,3.658724546432495
339,45,5.0,4.380038261413574
864,628,4.0,3.83803129196167
292,125,2.0,3.966900587081909
424,15,4.0,3.199876308441162
521,659,4.0,3.5611445903778076
504,94,4.0,3.3308539390563965
49,813,3.0,3.1336147785186768
537,265,3.0,3.0142974853515625
458,654,5.0,4.347190856933594
397,172,5.0,4.509800910949707
69,50,5.0,4.65861701965332
524,461,3.0,3.3671162128448486
87,1187,2.0,3.9345946311950684
492,64,4.0,3.8792669773101807
120,546,2.0,2.999645471572876
165,174,4.0,4.450818061828613
784,678,4.0,3.1119205951690674
497,1615,3.0,2.6767258644104004
642,231,3.0,3.1108052730560303
291,760,2.0,3.1560075283050537
886,164,4.0,3.4684290885925293
380,614,3.0,3.2010324001312256
450,936,5.0,4.349032402038574
943,122,1.0,2.482064723968506
676,117,4.0,3.8527824878692627
115,181,4.0,4.154884338378906
405,141,2.0,2.091594696044922
405,580,1.0,2.0295300483703613
895,275,5.0,4.301553249359131
436,159,4.0,3.4567298889160156
246,809,2.0,2.801253080368042
633,28,4.0,3.7188901901245117
568,604,4.0,3.454181671142578
561,99,3.0,3.0761706829071045
128,568,4.0,3.7089271545410156
776,483,5.0,4.429672718048096
806,483,4.0,4.672597408294678
150,246,5.0,4.266160011291504
479,324,1.0,2.9485316276550293
437,1262,3.0,3.2007689476013184
310,116,5.0,4.1231584548950195
210,99,4.0,4.113300323486328
880,188,4.0,3.8840768337249756
398,174,5.0,4.15240478515625
940,508,5.0,3.334506034851074
734,662,3.0,3.146705150604248
677,101,5.0,3.432225227355957
2,280,3.0,3.2820911407470703
658,235,2.0,2.927288293838501
846,376,2.0,2.965611219406128
886,1435,3.0,2.229896068572998
312,480,5.0,4.815427303314209
68,245,3.0,2.732062339782715
935,546,4.0,3.299548387527466
862,429,5.0,4.587216854095459
653,70,2.0,2.705622434616089
224,326,4.0,2.9152960777282715
795,62,4.0,2.8179261684417725
765,222,2.0,3.8908939361572266
574,344,5.0,3.8025643825531006
565,52,5.0,4.5985870361328125
660,167,2.0,2.4032444953918457
880,405,4.0,3.523256301879883
429,662,3.0,3.374457597732544
406,1194,4.0,4.048062324523926
115,284,2.0,3.2770087718963623
693,488,4.0,3.5085926055908203
405,425,2.0,2.301846504211426
436,423,4.0,4.128575801849365
574,1022,2.0,3.4496333599090576
435,54,4.0,3.175445556640625
905,137,3.0,3.597212314605713
416,980,4.0,3.787369728088379
766,380,2.0,3.068967342376709
405,639,1.0,2.168006658554077
100,990,3.0,3.0395405292510986
862,64,5.0,5.185482978820801
727,147,3.0,3.2700610160827637
445,1011,1.0,2.0623230934143066
870,238,4.0,3.7385146617889404
672,874,4.0,3.0928680896759033
621,180,4.0,4.323148250579834
852,926,3.0,3.0115880966186523
326,521,2.0,3.4270031452178955
494,50,5.0,4.516003131866455
328,232,3.0,3.2954068183898926
85,180,4.0,3.839656352996826
622,161,3.0,3.4641714096069336
671,66,5.0,3.6611547470092773
374,12,4.0,4.223320960998535
655,462,3.0,3.163961172103882
416,742,4.0,4.066704750061035
786,174,4.0,4.469917297363281
642,90,4.0,3.3897440433502197
264,602,4.0,4.302915573120117
43,49,4.0,3.479842185974121
368,201,5.0,3.3173184394836426
198,480,4.0,3.902958393096924
561,474,5.0,3.5409560203552246
22,791,1.0,2.8191113471984863
44,245,4.0,3.0467324256896973
387,324,4.0,2.9662139415740967
805,357,5.0,4.2167840003967285
295,151,4.0,4.300393104553223
524,484,4.0,4.068192958831787
365,137,3.0,3.886643409729004
825,740,2.0,3.7667298316955566
345,303,4.0,3.8468267917633057
158,502,4.0,4.091849327087402
868,739,2.0,2.8043580055236816
187,710,4.0,3.8392276763916016
393,71,3.0,3.92474627494812
736,515,5.0,3.735165596008301
428,269,5.0,4.624383449554443
102,239,3.0,2.8258275985717773
444,906,4.0,3.7672154903411865
796,1032,3.0,3.0126075744628906
23,73,3.0,3.3137121200561523
432,411,3.0,3.1210379600524902
654,367,4.0,3.596029758453369
766,443,3.0,3.595571279525757
757,405,4.0,3.178774833679199
436,174,3.0,4.630190849304199
6,165,5.0,3.9136483669281006
521,755,3.0,2.907338857650757
243,708,3.0,3.387474298477173
71,100,4.0,4.1866865158081055
95,506,3.0,3.9038145542144775
428,879,4.0,4.006324291229248
181,1394,1.0,1.4493333101272583
561,4,3.0,3.009857177734375
634,237,5.0,3.694837808609009
5,395,2.0,2.1900808811187744
525,255,1.0,3.2521793842315674
387,564,1.0,1.851776361465454
606,477,4.0,3.574348211288452
639,483,5.0,3.57682466506958
496,150,2.0,3.196848154067993
454,736,3.0,3.0753798484802246
223,259,3.0,2.5070178508758545
933,840,3.0,2.2251181602478027
880,678,3.0,2.8914451599121094
799,50,4.0,4.510268688201904
38,127,2.0,5.014003276824951
179,914,5.0,2.1063432693481445
191,345,4.0,3.28179669380188
509,754,1.0,2.6368072032928467
58,1102,1.0,3.3790907859802246
653,1087,2.0,1.4158376455307007
184,65,4.0,3.512758731842041
244,946,4.0,3.3655800819396973
413,100,4.0,4.202439308166504
16,467,5.0,4.373298645019531
749,431,5.0,3.649446964263916
453,214,3.0,3.2515337467193604
750,286,4.0,3.5707387924194336
13,720,4.0,2.6682028770446777
748,181,4.0,3.7013602256774902
334,190,4.0,4.07086181640625
401,527,4.0,3.341388463973999
399,710,2.0,3.2059361934661865
59,519,4.0,4.571450233459473
345,315,5.0,4.059382438659668
682,756,2.0,2.6468920707702637
394,577,2.0,2.4264888763427734
342,1012,4.0,3.4719574451446533
696,310,4.0,3.9177896976470947
221,824,3.0,2.8221685886383057
256,1,5.0,4.725399017333984
296,923,5.0,4.798386096954346
659,559,1.0,3.3479411602020264
5,144,3.0,3.4293437004089355
286,746,4.0,3.984712839126587
1,203,4.0,3.905524730682373
668,286,4.0,3.6458208560943604
632,609,3.0,3.4759294986724854
584,227,4.0,3.194082736968994
256,473,5.0,3.8056440353393555
275,69,3.0,3.3323590755462646
796,869,4.0,3.1314287185668945
83,685,4.0,3.5036067962646484
894,595,3.0,2.8758885860443115
445,208,2.0,2.4669461250305176
257,14,5.0,4.358691692352295
437,412,3.0,2.239410161972046
826,511,3.0,4.9318528175354
290,174,5.0,4.004990577697754
548,305,1.0,3.9570159912109375
676,539,4.0,2.515688896179199
332,159,5.0,3.924020290374756
654,275,5.0,3.9924046993255615
870,96,4.0,3.8127493858337402
403,1047,2.0,2.9711179733276367
197,226,4.0,3.2076237201690674
450,495,4.0,4.013018608093262
405,669,1.0,1.2135612964630127
486,713,3.0,3.5146727561950684
122,582,5.0,3.9005162715911865
286,298,4.0,4.088432312011719
650,1050,3.0,3.0377016067504883
239,836,5.0,3.8388419151306152
566,575,1.0,2.337125778198242
200,570,4.0,3.7911441326141357
313,845,3.0,3.3370375633239746
522,135,5.0,4.2237043380737305
732,304,5.0,3.772390127182007
435,1044,4.0,3.202012062072754
916,7,4.0,3.612056255340576
693,378,2.0,3.0761020183563232
64,173,5.0,4.050834655761719
543,161,4.0,3.24787974357605
168,744,5.0,3.6003925800323486
194,526,4.0,3.4006412029266357
363,1014,1.0,2.668638229370117
863,321,4.0,3.1449007987976074
286,280,4.0,3.531379461288452
148,521,1.0,3.9722752571105957
505,526,5.0,3.5900657176971436
31,32,5.0,4.132401466369629
914,313,3.0,3.9910225868225098
379,63,2.0,3.40824818611145
312,521,5.0,4.4355010986328125
184,836,4.0,3.5469448566436768
721,22,5.0,4.441524505615234
514,380,4.0,3.4760446548461914
919,301,3.0,3.3160440921783447
845,272,3.0,3.564931631088257
75,294,3.0,3.0745911598205566
474,174,5.0,4.615368843078613
642,1054,3.0,2.675614356994629
234,492,3.0,3.235001802444458
110,790,4.0,2.7835323810577393
896,1303,4.0,1.9416687488555908
644,546,4.0,3.557983160018921
160,209,4.0,4.15736198425293
415,258,4.0,4.2451276779174805
608,506,4.0,3.8126485347747803
457,699,4.0,4.295221328735352
883,312,3.0,3.457984447479248
107,286,2.0,3.197232723236084
875,603,4.0,4.658655643463135
627,693,2.0,3.3401618003845215
1,9,5.0,3.8271515369415283
361,203,5.0,3.6772541999816895
79,313,2.0,4.6916632652282715
709,29,3.0,2.688596725463867
932,675,4.0,3.9246394634246826
201,1010,3.0,3.004530668258667
125,1204,3.0,3.6933655738830566
524,277,3.0,3.3700931072235107
378,780,2.0,3.0781090259552
130,385,5.0,4.327596664428711
659,96,4.0,4.0711517333984375
845,690,5.0,2.892939567565918
890,480,5.0,4.409664630889893
144,319,3.0,3.2708916664123535
848,23,2.0,4.596504211425781
909,289,3.0,3.5093045234680176
65,25,4.0,3.542473793029785
62,402,3.0,3.295423746109009
693,117,4.0,3.0794739723205566
660,485,3.0,2.9590184688568115
374,1513,2.0,2.105804920196533
749,823,3.0,2.9272444248199463
13,917,4.0,3.0755438804626465
814,413,2.0,2.2713286876678467
206,1429,1.0,2.0152387619018555
852,7,3.0,4.123965263366699
334,510,4.0,3.8295836448669434
276,340,5.0,3.7598516941070557
271,300,2.0,3.1437675952911377
391,59,5.0,4.066760063171387
346,77,4.0,3.2282936573028564
271,97,5.0,3.667022943496704
479,54,3.0,3.1145334243774414
648,227,3.0,3.2026560306549072
884,921,5.0,3.808274984359741
533,15,4.0,3.4916934967041016
851,159,3.0,3.44455623626709
718,982,4.0,2.7934956550598145
22,121,3.0,3.5352561473846436
222,723,3.0,3.0496726036071777
661,615,4.0,4.15201473236084
660,315,4.0,3.218986749649048
474,182,5.0,4.369144916534424
675,1007,4.0,4.0538177490234375
696,347,1.0,3.9030444622039795
758,550,4.0,3.645000457763672
3,325,1.0,2.3604846000671387
95,182,2.0,4.043460369110107
450,427,5.0,4.712696075439453
919,236,5.0,3.558504581451416
608,70,4.0,3.5192291736602783
621,1029,2.0,1.928271770477295
268,52,3.0,3.456989288330078
13,565,1.0,2.5573079586029053
339,235,3.0,3.1830713748931885
314,934,4.0,3.293686866760254
314,785,3.0,3.7742507457733154
432,7,2.0,3.992971658706665
69,1016,3.0,3.5415899753570557
649,147,4.0,3.544475555419922
234,1458,4.0,0.8184449672698975
249,628,3.0,3.804795265197754
293,264,3.0,2.3140745162963867
244,451,4.0,3.6430273056030273
5,90,3.0,2.789573907852173
367,53,4.0,3.746457099914551
815,131,2.0,4.0702948570251465
58,1106,4.0,2.4262781143188477
726,845,3.0,2.7678000926971436
178,204,4.0,4.157994747161865
201,597,2.0,2.594165325164795
473,319,3.0,3.516399383544922
864,70,4.0,3.887474536895752
452,1089,1.0,2.04793119430542
69,628,3.0,3.642324686050415
606,98,5.0,4.812549114227295
374,1215,1.0,1.93060302734375
189,990,3.0,3.4780592918395996
303,785,3.0,3.375237464904785
429,768,3.0,3.0105412006378174
178,846,3.0,2.9797091484069824
907,1,5.0,5.070888519287109
781,483,5.0,4.584768772125244
729,690,2.0,3.0762031078338623
320,42,4.0,4.3364033699035645
634,9,5.0,3.747445583343506
666,206,4.0,3.4286036491394043
479,148,2.0,2.9705965518951416
463,20,5.0,2.8798983097076416
320,79,4.0,4.653887748718262
709,28,5.0,4.015763759613037
571,174,4.0,3.6875391006469727
930,64,4.0,3.4974782466888428
7,496,5.0,4.751210689544678
145,1087,1.0,1.9090306758880615
869,287,2.0,3.102012872695923
344,431,3.0,3.5622897148132324
712,568,5.0,3.924563407897949
899,710,3.0,3.531031847000122
41,195,4.0,3.859480619430542
891,934,3.0,3.3703651428222656
793,685,3.0,3.424607753753662
298,127,5.0,4.628706455230713
214,20,4.0,3.4272491931915283
424,243,4.0,2.1894609928131104
768,9,5.0,3.429591178894043
527,93,4.0,3.5140438079833984
892,233,5.0,3.5014359951019287
313,182,4.0,3.9649181365966797
929,31,2.0,3.44500732421875
26,313,5.0,3.7348477840423584
642,1473,4.0,3.539124011993408
804,55,4.0,3.917267322540283
655,1378,3.0,2.0924015045166016
484,550,4.0,3.754851818084717
823,144,5.0,4.1547441482543945
517,405,4.0,3.171963930130005
498,136,3.0,3.5957119464874268
378,254,1.0,2.4326963424682617
223,1088,4.0,1.7597728967666626
943,184,5.0,3.5058140754699707
870,763,4.0,3.1604533195495605
123,64,3.0,4.550231456756592
507,328,5.0,4.8558549880981445
99,4,5.0,3.8354692459106445
72,582,4.0,3.635284185409546
468,55,5.0,4.032573699951172
13,137,5.0,3.6978445053100586
935,471,4.0,3.8358662128448486
250,629,4.0,3.7179908752441406
394,31,3.0,4.093387603759766
645,175,5.0,4.179961204528809
13,558,1.0,3.565194845199585
399,320,3.0,2.988541603088379
82,826,3.0,2.2111856937408447
883,277,4.0,3.723632574081421
710,483,5.0,4.339515686035156
417,428,3.0,3.7721242904663086
145,983,1.0,2.4809975624084473
311,12,4.0,4.47420597076416
207,53,1.0,2.7571566104888916
429,1224,2.0,2.824542999267578
297,1073,3.0,3.6948344707489014
435,219,5.0,3.2017719745635986
758,230,4.0,3.808490037918091
262,235,2.0,2.6993777751922607
28,323,3.0,2.8633079528808594
264,558,5.0,4.288837909698486
457,831,2.0,2.8111610412597656
561,109,1.0,2.9516866207122803
672,515,5.0,3.9889402389526367
102,792,3.0,2.873584747314453
280,155,5.0,3.345611095428467
215,8,2.0,4.088019847869873
256,761,4.0,3.533769369125366
536,50,5.0,4.595337867736816
77,215,2.0,3.39627742767334
354,494,4.0,4.051177978515625
474,244,4.0,3.3235323429107666
72,70,4.0,3.604431390762329
533,1086,3.0,3.1987545490264893
290,121,4.0,3.2885332107543945
62,357,4.0,4.019601821899414
504,1415,3.0,2.401829719543457
539,306,4.0,4.234314918518066
535,1098,5.0,3.7619056701660156
325,616,4.0,3.4426136016845703
710,127,5.0,4.174180507659912
508,234,4.0,3.7876229286193848
506,482,5.0,4.256142616271973
640,210,5.0,4.711833953857422
933,471,3.0,2.76377534866333
551,127,5.0,4.757206916809082
83,1060,3.0,3.235795736312866
5,405,3.0,2.9791626930236816
291,423,4.0,4.288994312286377
674,323,3.0,3.001967430114746
268,7,4.0,3.3848822116851807
121,137,5.0,3.758126974105835
716,238,4.0,4.009180068969727
308,1046,4.0,3.2435288429260254
49,238,4.0,3.0821027755737305
499,173,5.0,4.122748374938965
178,763,4.0,3.5065832138061523
890,1,4.0,3.933577060699463
787,294,3.0,3.2831356525421143
878,275,4.0,3.4726719856262207
379,1,4.0,4.238052845001221
933,732,3.0,2.952939987182617
49,13,3.0,2.742035150527954
18,972,3.0,3.4709818363189697
675,874,4.0,3.367940664291382
196,286,5.0,3.6430745124816895
251,866,2.0,3.3848583698272705
679,168,5.0,3.887007236480713
877,531,5.0,4.130130767822266
178,183,4.0,4.1894402503967285
130,1019,4.0,4.866530895233154
661,480,5.0,4.460600852966309
916,196,4.0,3.6715753078460693
937,294,1.0,2.8806309700012207
715,117,3.0,3.6663365364074707
60,194,4.0,4.392214775085449
91,193,3.0,4.091526031494141
251,151,5.0,3.8687210083007812
453,456,3.0,2.2195990085601807
683,269,3.0,3.6789679527282715
519,339,3.0,4.040569305419922
283,435,5.0,4.674604415893555
682,299,4.0,2.7043521404266357
936,927,4.0,3.657338857650757
727,366,3.0,3.200972318649292
639,604,4.0,3.2717275619506836
425,5,1.0,2.8044793605804443
450,1297,4.0,2.741849422454834
445,840,1.0,1.7547897100448608
638,210,4.0,3.6528244018554688
886,655,4.0,3.7993228435516357
537,405,2.0,2.4766860008239746
429,464,3.0,3.747830629348755
867,172,5.0,4.675607204437256
293,497,4.0,3.6600778102874756
128,371,1.0,3.3638761043548584
94,89,3.0,4.467000961303711
381,403,3.0,3.5913729667663574
416,472,4.0,3.4377923011779785
846,90,2.0,3.204965353012085
393,80,3.0,2.8136374950408936
13,442,1.0,1.0928285121917725
382,59,5.0,3.541935443878174
500,70,4.0,3.4567410945892334
429,217,3.0,3.186185836791992
878,70,3.0,3.148406505584717
391,322,3.0,2.9424538612365723
833,675,4.0,3.2112843990325928
300,1012,4.0,4.253204345703125
457,44,4.0,3.9519009590148926
660,483,4.0,3.5049831867218018
807,231,4.0,3.075155735015869
457,403,4.0,4.002730846405029
43,235,3.0,3.0537524223327637
13,559,1.0,3.124971628189087
620,758,2.0,2.082090377807617
658,772,3.0,2.977769613265991
399,66,3.0,3.056002378463745
181,256,1.0,1.6498947143554688
445,644,3.0,2.3482866287231445
601,131,4.0,3.354160785675049
622,88,3.0,3.520092248916626
334,449,3.0,2.9504146575927734
653,214,3.0,2.4478721618652344
551,331,5.0,3.807590961456299
324,250,4.0,4.2059645652771
66,597,3.0,3.086427688598633
927,404,4.0,4.148991584777832
615,187,5.0,4.22780704498291
10,144,4.0,4.147957801818848
686,527,3.0,4.830694675445557
919,787,3.0,3.226975440979004
141,410,4.0,3.223543643951416
625,255,2.0,2.9825429916381836
837,596,3.0,3.37683367729187
465,408,5.0,3.9289984703063965
797,327,2.0,2.861440658569336
790,364,2.0,2.6147758960723877
404,288,3.0,3.3944308757781982
45,108,4.0,3.503997325897217
840,1639,4.0,3.014626979827881
865,455,4.0,2.4822139739990234
159,127,5.0,4.664819717407227
13,400,4.0,2.2318272590637207
716,142,3.0,3.120400905609131
231,181,4.0,4.3348388671875
804,576,4.0,3.301238775253296
537,385,2.0,2.798509120941162
335,307,5.0,3.4303205013275146
363,239,3.0,3.190579891204834
417,1095,3.0,2.249875068664551
338,1,3.0,3.810161828994751
463,121,3.0,2.9811551570892334
500,77,3.0,3.188828945159912
886,117,2.0,3.5985732078552246
370,433,3.0,3.490679979324341
60,131,4.0,4.237691879272461
712,174,5.0,4.573526382446289
493,925,3.0,3.4032139778137207
368,100,4.0,3.9979493618011475
363,449,3.0,2.7186532020568848
301,685,3.0,3.295405387878418
761,402,3.0,3.145097494125366
407,844,2.0,3.2085020542144775
655,1062,3.0,3.2614476680755615
378,148,4.0,3.1317358016967773
319,346,3.0,3.534470558166504
194,228,1.0,3.3282222747802734
293,765,3.0,2.5493321418762207
83,121,4.0,3.685948610305786
800,292,5.0,3.794459342956543
815,423,5.0,3.9322943687438965
79,262,5.0,4.015968322753906
279,869,1.0,2.954819679260254
606,204,4.0,4.423131942749023
560,222,4.0,3.504723072052002
343,715,5.0,3.713320016860962
327,215,4.0,3.277153253555298
878,116,2.0,3.3340835571289062
500,836,5.0,3.401066541671753
4,357,4.0,5.26702880859375
675,318,5.0,4.4445390701293945
527,64,3.0,4.157393455505371
290,125,3.0,3.411886215209961
605,133,5.0,3.9196949005126953
622,1419,2.0,2.2977418899536133
439,273,2.0,3.747466564178467
535,238,4.0,3.9080426692962646
399,203,4.0,3.2386815547943115
663,652,4.0,3.9444704055786133
535,639,4.0,3.8049142360687256
297,211,4.0,3.703150749206543
541,419,5.0,4.037431240081787
758,23,4.0,4.705519676208496
354,610,4.0,3.7759361267089844
181,1336,1.0,1.0322167873382568
251,111,3.0,3.659782886505127
761,9,2.0,3.2550339698791504
749,98,5.0,4.459833145141602
7,530,5.0,4.835617542266846
69,742,3.0,3.60482120513916
890,194,5.0,4.164789199829102
368,53,2.0,2.88297700881958
892,648,4.0,4.600030422210693
457,623,3.0,3.364745855331421
25,258,5.0,3.9928879737854004
524,318,4.0,4.233893394470215
455,57,4.0,3.9780168533325195
18,968,3.0,3.8163058757781982
840,732,3.0,3.917086124420166
823,90,4.0,3.352163076400757
514,183,3.0,4.171363830566406
437,244,3.0,3.136272668838501
699,1284,3.0,2.6639695167541504
875,42,4.0,4.010468482971191
935,125,4.0,3.9824676513671875
910,1,4.0,3.3370940685272217
566,98,4.0,3.996875524520874
392,538,2.0,3.8365378379821777
749,389,3.0,3.5111427307128906
837,274,4.0,3.3629701137542725
497,432,3.0,3.4526219367980957
327,550,2.0,2.971714496612549
160,1223,4.0,2.812326192855835
500,1014,2.0,2.931180000305176
534,756,4.0,3.557518243789673
815,1157,2.0,3.1181180477142334
498,656,3.0,3.6944587230682373
588,713,3.0,3.947554349899292
664,192,4.0,4.1214189529418945
69,1142,4.0,4.265565872192383
489,333,4.0,4.2992143630981445
632,7,3.0,3.752272844314575
271,847,4.0,3.725250244140625
230,588,5.0,3.9979801177978516
60,494,4.0,4.429997444152832
828,902,4.0,3.3841392993927
151,114,5.0,4.753273010253906
645,963,4.0,4.503922939300537
577,407,4.0,2.5955934524536133
95,443,3.0,3.9230668544769287
484,468,5.0,3.671901226043701
790,781,4.0,3.0897152423858643
359,455,4.0,3.682997465133667
786,281,4.0,3.2125346660614014
925,788,3.0,0.980537474155426
894,323,2.0,2.8730406761169434
11,239,4.0,3.5604593753814697
916,121,3.0,3.159569263458252
628,288,5.0,4.25637674331665
345,1221,3.0,3.649116277694702
94,99,3.0,3.947672128677368
91,333,5.0,3.683154821395874
809,313,4.0,4.446864128112793
585,212,5.0,3.4782016277313232
836,216,4.0,4.006977081298828
405,623,1.0,1.7208236455917358
401,121,3.0,2.8166372776031494
303,1007,5.0,4.2259840965271
548,659,4.0,4.395953178405762
87,709,3.0,4.683863162994385
854,111,3.0,3.035973310470581
277,284,4.0,3.0412867069244385
215,215,3.0,3.7897727489471436
65,88,4.0,3.62096905708313
862,143,5.0,4.340581893920898
151,1047,2.0,3.0241243839263916
819,302,5.0,4.690177917480469
372,100,3.0,5.250301837921143
223,619,2.0,3.098684787750244
85,782,2.0,2.680161476135254
910,748,3.0,2.657665729522705
681,259,2.0,2.7391514778137207
334,306,4.0,3.757086753845215
747,423,5.0,4.190825462341309
7,269,3.0,4.535638332366943
551,1376,1.0,2.5960240364074707
782,1589,3.0,1.9246110916137695
493,134,3.0,4.4261698722839355
145,237,5.0,3.7865631580352783
457,239,5.0,4.248142242431641
932,144,3.0,3.970606565475464
85,521,3.0,3.7118916511535645
930,24,1.0,2.754232168197632
629,632,3.0,4.3957672119140625
884,1073,4.0,3.657727003097534
499,497,2.0,3.9720828533172607
622,4,4.0,3.6603331565856934
254,575,3.0,2.287813186645508
335,333,4.0,3.5068793296813965
45,282,4.0,4.089677810668945
426,143,3.0,3.624786376953125
635,323,3.0,2.9282963275909424
297,114,5.0,4.160881519317627
478,403,2.0,3.2038092613220215
223,369,1.0,2.496521472930908
694,52,4.0,4.211310386657715
442,834,2.0,1.9287443161010742
617,563,1.0,1.9802093505859375
821,106,2.0,3.431279182434082
405,774,1.0,1.8699907064437866
429,425,3.0,3.8920602798461914
234,48,2.0,3.490556478500366
754,282,4.0,3.6342356204986572
303,815,3.0,3.3211939334869385
606,175,4.0,4.429734230041504
833,449,2.0,2.6959939002990723
497,257,4.0,3.510061025619507
321,515,5.0,4.1564717292785645
456,57,4.0,4.028820037841797
716,622,3.0,3.4235973358154297
296,256,5.0,4.367749214172363
156,157,4.0,3.4170851707458496
825,325,5.0,3.0754714012145996
16,448,5.0,3.8619208335876465
389,182,5.0,4.163692951202393
548,218,4.0,3.7924864292144775
825,1051,4.0,3.644608974456787
330,100,4.0,5.206662654876709
58,1101,5.0,3.8403117656707764
117,195,5.0,4.562585830688477
400,332,2.0,3.8078417778015137
77,134,4.0,3.9465458393096924
239,671,5.0,4.035726070404053
269,514,4.0,3.2680811882019043
459,1016,4.0,3.4192941188812256
297,1007,4.0,3.904103994369507
130,289,5.0,3.612668752670288
519,340,5.0,4.643111228942871
942,662,4.0,3.795768976211548
503,509,5.0,4.164098739624023
629,81,3.0,4.074929237365723
724,678,2.0,2.1968278884887695
135,234,4.0,3.677189350128174
13,144,4.0,3.6618077754974365
7,658,3.0,3.9652416706085205
747,69,5.0,4.093964576721191
277,15,4.0,3.5915653705596924
6,197,5.0,3.8844377994537354
665,301,4.0,3.103743076324463
751,274,4.0,3.291412115097046
12,159,4.0,3.5346150398254395
262,628,2.0,3.17757511138916
802,443,4.0,4.0177459716796875
49,473,3.0,2.5207207202911377
293,521,3.0,3.5909509658813477
426,492,5.0,3.7405622005462646
883,49,3.0,3.5285274982452393
181,879,2.0,1.884411096572876
435,1047,3.0,2.686187982559204
892,837,5.0,4.238283157348633
290,429,4.0,3.668283462524414
159,546,4.0,3.283872604370117
216,143,2.0,3.873344898223877
435,1240,4.0,3.6424102783203125
328,294,3.0,3.1261463165283203
95,843,4.0,3.014718770980835
664,427,4.0,4.333043098449707
442,810,2.0,2.602766275405884
934,663,5.0,3.949773073196411
592,1079,1.0,2.473999261856079
436,226,4.0,3.5432887077331543
406,509,3.0,3.767834186553955
13,273,3.0,3.3568389415740967
118,324,4.0,3.8491334915161133
748,96,5.0,3.7109580039978027
303,842,2.0,3.151165246963501
790,792,2.0,3.4942164421081543
224,162,4.0,3.1524155139923096
44,228,5.0,3.7376627922058105
551,774,5.0,3.3313241004943848
312,614,4.0,4.288813591003418
815,159,3.0,3.275428295135498
203,181,5.0,4.2110595703125
551,72,5.0,3.4376726150512695
50,124,1.0,4.109651565551758
608,695,5.0,2.818331241607666
796,1511,3.0,3.153602123260498
397,221,4.0,4.029817581176758
524,204,3.0,3.731161117553711
684,94,3.0,3.0826096534729004
485,302,5.0,3.5245771408081055
851,681,1.0,2.9565343856811523
394,158,3.0,2.8468334674835205
620,15,5.0,4.13261604309082
691,1172,5.0,4.226778030395508
110,586,3.0,2.5277414321899414
626,324,4.0,2.1113901138305664
387,549,5.0,3.4289252758026123
334,82,4.0,3.5606093406677246
399,452,3.0,2.509145498275757
13,205,2.0,3.833261251449585
943,274,3.0,3.4347126483917236
308,481,4.0,4.1288557052612305
617,569,1.0,2.1079506874084473
551,393,5.0,3.6452813148498535
824,319,2.0,2.940500259399414
870,496,5.0,3.962470531463623
213,24,5.0,3.7789292335510254
213,515,4.0,4.839783191680908
617,313,1.0,3.040581464767456
930,405,3.0,2.725594997406006
303,1209,2.0,2.505324125289917
107,323,1.0,2.4907171726226807
648,566,4.0,3.47636342048645
59,1047,2.0,3.0113112926483154
13,58,4.0,3.5069425106048584
313,423,4.0,3.7521603107452393
450,196,5.0,4.274144172668457
854,195,3.0,3.5510990619659424
388,680,5.0,3.084723711013794
326,657,5.0,3.7143898010253906
679,318,5.0,4.299990177154541
618,966,4.0,3.691988229751587
429,462,4.0,3.802647352218628
300,100,3.0,5.0254807472229
72,241,4.0,3.5229387283325195
186,117,5.0,3.8571929931640625
175,136,4.0,4.055352687835693
363,128,5.0,3.061399459838867
772,326,4.0,3.876450777053833
900,294,4.0,2.2461585998535156
181,1348,1.0,0.6189713478088379
553,524,5.0,4.227621078491211
327,508,2.0,3.177466869354248
14,430,5.0,4.324247360229492
517,1,3.0,3.678697347640991
339,204,3.0,4.224641799926758
642,1413,3.0,3.2957420349121094
315,461,4.0,3.7887892723083496
460,146,4.0,2.476381301879883
405,1548,1.0,0.5974849462509155
723,433,3.0,3.1633098125457764
232,919,3.0,3.82293438911438
11,504,3.0,3.821781873703003
648,410,2.0,3.0238540172576904
881,229,4.0,2.9080116748809814
397,338,4.0,2.6482794284820557
899,250,2.0,3.225825309753418
112,891,3.0,2.884033203125
167,675,1.0,3.673585891723633
789,100,5.0,4.112008094787598
748,328,4.0,3.2026681900024414
49,1021,5.0,3.132211923599243
399,172,3.0,3.6573925018310547
6,135,5.0,3.7874631881713867
334,125,3.0,3.3514351844787598
621,25,4.0,3.620392322540283
601,257,2.0,3.1492652893066406
373,401,4.0,2.6976687908172607
244,118,2.0,3.4113454818725586
892,27,4.0,3.5078237056732178
38,405,5.0,3.948861837387085
527,492,3.0,3.5955300331115723
854,3,1.0,2.7349658012390137
128,684,4.0,3.7433693408966064
718,820,2.0,3.0421247482299805
75,240,1.0,2.901499032974243
805,148,2.0,3.015780448913574
81,169,4.0,4.302948951721191
511,333,4.0,4.044461250305176
655,25,3.0,2.8251590728759766
561,319,2.0,2.7636842727661133
7,238,5.0,4.442552089691162
655,451,3.0,2.779670476913452
334,98,4.0,4.079316139221191
665,483,4.0,4.330074310302734
109,566,4.0,3.615262269973755
867,31,5.0,4.01593017578125
373,1079,4.0,2.3075051307678223
299,24,3.0,3.268188714981079
316,58,3.0,2.91091251373291
601,455,4.0,2.8310141563415527
86,872,3.0,3.0842645168304443
608,218,4.0,3.488201856613159
368,234,3.0,3.6383047103881836
727,1165,2.0,1.926569938659668
535,168,5.0,4.116357803344727
109,69,4.0,3.7776544094085693
301,42,4.0,3.7422585487365723
881,103,1.0,2.101482391357422
422,295,3.0,3.5635035037994385
474,423,5.0,4.0854034423828125
507,313,5.0,6.109927177429199
22,430,4.0,4.304695129394531
291,7,5.0,4.2798871994018555
804,1488,3.0,2.4990715980529785
82,411,3.0,2.6276369094848633
7,47,5.0,4.054905891418457
87,384,4.0,3.0716965198516846
23,56,4.0,3.94903302192688
472,370,4.0,3.568744659423828
185,15,3.0,3.843535900115967
757,685,3.0,3.143388032913208
527,190,4.0,4.047196388244629
457,368,1.0,1.9329075813293457
38,445,2.0,4.424492359161377
124,144,4.0,3.1996846199035645
332,120,4.0,2.8244755268096924
327,811,4.0,3.594212532043457
312,143,4.0,4.120999813079834
132,154,4.0,3.581178665161133
279,502,5.0,3.674738883972168
62,117,4.0,3.420513153076172
26,7,3.0,3.2466464042663574
474,607,4.0,4.343898773193359
82,237,3.0,3.2525486946105957
189,83,4.0,4.332669258117676
527,193,3.0,3.784534215927124
459,323,3.0,3.150026559829712
2,291,3.0,3.395376443862915
684,781,3.0,3.302957057952881
758,597,2.0,3.233752727508545
684,692,4.0,3.637918472290039
385,160,4.0,2.88339900970459
807,151,4.0,4.051647186279297
931,304,4.0,3.7071340084075928
345,568,4.0,3.73124098777771
201,51,2.0,3.014106512069702
421,156,5.0,3.7535274028778076
53,15,5.0,3.9103572368621826
414,748,3.0,3.442662239074707
144,293,4.0,3.7848775386810303
343,234,1.0,4.193320274353027
44,678,3.0,2.6422152519226074
174,160,5.0,3.6858043670654297
429,88,3.0,3.480349063873291
159,1190,5.0,3.4832866191864014
566,23,4.0,3.949420928955078
494,86,3.0,4.082587718963623
495,154,4.0,4.317995548248291
303,386,4.0,2.958172559738159
874,276,4.0,3.6252779960632324
901,78,4.0,2.752258539199829
506,1244,2.0,3.1130990982055664
937,126,4.0,3.6380088329315186
634,597,4.0,3.1125993728637695
45,472,3.0,3.3063137531280518
450,568,4.0,4.005434036254883
224,962,2.0,2.951559543609619
600,96,5.0,4.182966232299805
125,50,5.0,4.433829307556152
456,208,4.0,3.929518461227417
541,756,4.0,2.946181297302246
741,367,2.0,3.5798544883728027
833,205,4.0,3.477794647216797
606,825,5.0,3.3207690715789795
886,188,4.0,3.5715668201446533
608,287,3.0,3.582793712615967
387,414,4.0,3.544891834259033
471,596,1.0,3.041557788848877
794,238,5.0,4.378811836242676
417,202,4.0,3.6628575325012207
269,482,3.0,3.417461633682251
743,294,2.0,3.247879981994629
151,154,4.0,4.06821870803833
327,249,2.0,2.979689359664917
543,134,5.0,4.009239196777344
608,265,3.0,3.734511613845825
650,1060,3.0,2.5737152099609375
144,15,4.0,3.62536883354187
722,25,4.0,3.734630823135376
474,530,5.0,4.556227684020996
128,73,3.0,3.4937994480133057
863,294,4.0,3.299752950668335
399,96,3.0,3.4479470252990723
615,678,1.0,2.4759647846221924
828,512,5.0,3.6015589237213135
650,658,3.0,2.937333583831787
874,302,5.0,4.172679901123047
289,363,3.0,2.382351875305176
280,100,3.0,4.396415710449219
622,665,2.0,2.8790767192840576
406,638,4.0,3.740097761154175
451,887,1.0,2.9155192375183105
312,587,3.0,4.139623641967773
129,268,1.0,3.0618062019348145
648,930,3.0,2.594362258911133
230,742,5.0,3.862090826034546
387,496,3.0,3.959336280822754
195,265,4.0,3.789363145828247
456,1267,4.0,3.0932233333587646
551,508,4.0,3.910811424255371
524,1126,1.0,3.2673120498657227
497,77,3.0,3.1420412063598633
487,226,3.0,3.5249063968658447
766,238,4.0,3.5738635063171387
257,237,2.0,3.976649284362793
655,855,3.0,3.1982083320617676
313,82,3.0,3.7177834510803223
851,264,2.0,2.898282766342163
790,10,1.0,3.593435287475586
845,306,2.0,3.212724447250366
70,15,3.0,3.624357223510742
653,367,3.0,2.677877902984619
875,171,5.0,4.221457481384277
90,178,5.0,4.869978427886963
398,283,3.0,3.5737130641937256
807,1016,4.0,3.7872767448425293
561,578,3.0,2.7027227878570557
715,250,2.0,3.3734655380249023
361,707,4.0,3.890481472015381
311,433,3.0,3.8837032318115234
860,312,4.0,2.9945766925811768
656,327,2.0,2.5823535919189453
736,50,3.0,3.710313558578491
659,173,4.0,4.257506370544434
886,196,3.0,3.774777889251709
81,79,5.0,3.894763708114624
49,581,3.0,2.5372512340545654
308,181,4.0,4.063719749450684
727,234,2.0,3.6497721672058105
525,332,4.0,3.42041277885437
64,420,3.0,3.44832181930542
727,808,2.0,2.81366229057312
303,150,5.0,4.000093460083008
559,521,2.0,3.6984503269195557
308,151,4.0,3.790914535522461
896,379,2.0,2.7316086292266846
770,295,4.0,4.43282413482666
230,7,3.0,3.9182820320129395
622,144,5.0,3.8348097801208496
344,290,2.0,3.207294464111328
244,468,1.0,3.5205867290496826
498,554,3.0,2.5335798263549805
642,141,4.0,3.8583860397338867
255,452,3.0,2.3657331466674805
339,213,4.0,4.357363700866699
307,746,4.0,3.807589292526245
727,55,3.0,3.536572217941284
483,380,3.0,2.9467172622680664
13,235,2.0,2.832061529159546
328,1217,3.0,2.8763375282287598
276,168,5.0,4.3028564453125
468,144,5.0,4.102714538574219
588,51,4.0,3.74613618850708
276,840,3.0,2.902266502380371
447,133,4.0,3.9761040210723877
391,1101,4.0,3.8371729850769043
293,426,1.0,2.789499282836914
927,780,1.0,3.493278980255127
833,647,4.0,3.7451162338256836
14,922,4.0,4.338907718658447
859,762,5.0,3.89548397064209
495,578,3.0,3.7895047664642334
223,409,3.0,2.9758825302124023
267,195,4.0,4.53933048248291
264,4,4.0,4.131839275360107
758,61,3.0,4.35294246673584
302,680,2.0,1.8931374549865723
627,39,4.0,3.0288279056549072
390,275,5.0,4.279053688049316
184,70,4.0,3.5222816467285156
144,591,3.0,3.6132166385650635
293,162,3.0,3.3340179920196533
7,681,1.0,3.0813846588134766
429,124,4.0,4.164653778076172
59,193,4.0,4.393616676330566
202,516,4.0,3.0418643951416016
106,699,4.0,3.7250571250915527
683,895,2.0,2.7995245456695557
653,1035,2.0,2.3032052516937256
52,427,5.0,5.000668525695801
643,49,3.0,3.4297006130218506
347,280,4.0,3.280935049057007
68,111,3.0,2.9755725860595703
378,568,4.0,3.6406984329223633
332,470,5.0,4.483929634094238
420,275,5.0,4.202724456787109
38,590,1.0,2.259258985519409
224,149,1.0,2.7860090732574463
618,790,3.0,2.701425552368164
554,11,4.0,3.9540011882781982
303,90,4.0,3.163912296295166
846,498,4.0,4.444331169128418
474,411,2.0,3.1206789016723633
864,216,4.0,4.180102348327637
249,24,4.0,3.7512824535369873
605,949,5.0,3.4477999210357666
214,257,3.0,3.751863479614258
540,9,5.0,3.9076788425445557
758,657,5.0,4.725963115692139
192,252,1.0,2.897690773010254
801,681,1.0,3.5874340534210205
542,732,3.0,3.5427846908569336
889,737,3.0,2.874953031539917
664,845,2.0,3.373307704925537
870,475,5.0,3.7452988624572754
490,293,2.0,2.963412284851074
201,216,4.0,3.337498188018799
85,310,3.0,3.1833388805389404
90,900,4.0,4.561223030090332
453,204,4.0,3.8489675521850586
547,319,4.0,3.405738592147827
7,556,3.0,3.126683235168457
114,640,2.0,2.808837413787842
406,1147,4.0,3.6234750747680664
776,661,5.0,4.0535993576049805
887,168,4.0,4.577229976654053
328,561,3.0,3.132049083709717
433,435,4.0,3.920713186264038
804,160,4.0,3.497218608856201
457,226,3.0,3.7741501331329346
22,403,5.0,3.6356940269470215
268,735,3.0,3.3519463539123535
885,50,3.0,4.0479736328125
250,480,5.0,4.716644287109375
349,596,2.0,3.326859474182129
230,91,3.0,3.8324615955352783
168,181,4.0,4.001155376434326
840,82,3.0,4.01987361907959
382,98,3.0,3.7192440032958984
290,550,3.0,3.1286778450012207
592,79,4.0,4.4540815353393555
901,405,4.0,3.714087963104248
198,184,3.0,3.1152753829956055
660,1178,1.0,2.0764946937561035
11,110,3.0,2.6429691314697266
474,514,4.0,4.181326389312744
858,293,3.0,3.788776397705078
326,237,2.0,3.1411550045013428
848,432,2.0,4.022285461425781
833,378,3.0,3.205235719680786
406,20,3.0,3.2401461601257324
619,1231,2.0,2.5256168842315674
261,875,5.0,3.1468796730041504
846,650,5.0,3.7176451683044434
670,515,2.0,4.202150344848633
345,620,2.0,3.163439989089966
671,204,5.0,4.096603870391846
97,482,5.0,4.419913291931152
823,100,5.0,4.583959579467773
870,202,3.0,3.624932289123535
339,240,4.0,3.036996603012085
907,326,5.0,4.368480682373047
636,258,5.0,4.358160018920898
401,528,5.0,3.473052740097046
178,405,3.0,3.4900074005126953
863,326,5.0,3.346864938735962
489,539,4.0,2.9766428470611572
869,50,4.0,3.675790786743164
387,984,1.0,2.579165458679199
84,276,4.0,4.144814491271973
409,199,4.0,4.247055530548096
864,161,4.0,3.7283778190612793
271,479,4.0,4.0469970703125
457,769,2.0,2.954597234725952
387,22,5.0,4.089937210083008
472,101,5.0,4.253397464752197
21,53,4.0,2.8846325874328613
243,26,3.0,3.4518070220947266
897,120,3.0,2.556401491165161
42,143,4.0,3.895735025405884
395,300,3.0,3.648449659347534
870,945,4.0,3.8737540245056152
940,173,4.0,3.8281667232513428
886,202,3.0,3.652994155883789
768,332,4.0,3.3316469192504883
256,387,4.0,4.186202526092529
87,49,5.0,3.7830660343170166
405,77,1.0,2.0926690101623535
500,161,2.0,3.274230718612671
807,135,5.0,4.370711326599121
701,275,5.0,4.454272270202637
894,125,3.0,3.558058500289917
405,231,3.0,1.7431071996688843
293,233,2.0,2.9230027198791504
597,111,3.0,3.730743408203125
588,286,4.0,3.8963592052459717
798,28,4.0,3.753112316131592
537,53,2.0,2.447023868560791
423,333,3.0,3.5573174953460693
491,19,4.0,3.971104383468628
654,172,4.0,4.297101974487305
698,513,2.0,3.2352993488311768
130,343,4.0,3.788930654525757
385,523,4.0,3.5075831413269043
648,143,4.0,3.551631212234497
591,66,2.0,3.507174253463745
311,134,5.0,4.395726203918457
279,364,4.0,2.8018689155578613
493,173,4.0,4.368422508239746
322,192,5.0,4.36575984954834
99,369,4.0,2.7890465259552
405,182,1.0,2.494830369949341
190,898,2.0,3.065126419067383
659,720,3.0,2.9518253803253174
369,114,5.0,4.849120140075684
122,427,3.0,4.643746852874756
197,323,3.0,2.730436086654663
403,476,4.0,3.1971380710601807
368,670,3.0,2.9124109745025635
269,13,4.0,2.9217488765716553
497,725,3.0,2.581852436065674
167,1305,1.0,2.687706470489502
639,323,1.0,2.25618839263916
58,773,4.0,2.81044340133667
627,191,4.0,3.9018349647521973
181,266,1.0,1.3394405841827393
303,251,4.0,4.430652618408203
835,200,4.0,4.202417373657227
804,624,2.0,3.347231149673462
560,249,5.0,3.141854763031006
279,1488,4.0,2.3735976219177246
642,58,3.0,3.9838647842407227
727,249,2.0,3.1462926864624023
297,596,3.0,3.2782773971557617
921,274,4.0,3.1131670475006104
97,603,4.0,4.713168144226074
566,327,3.0,3.1274075508117676
313,624,4.0,3.11539888381958
897,201,5.0,3.8247830867767334
682,77,3.0,3.1660728454589844
114,191,3.0,3.8041837215423584
919,755,3.0,3.306652069091797
521,96,4.0,3.4641764163970947
317,683,2.0,2.67551589012146
201,211,3.0,3.3698511123657227
764,50,3.0,4.579580783843994
49,129,2.0,2.988144636154175
742,546,1.0,2.9134061336517334
311,966,4.0,4.146140098571777
311,921,4.0,4.169025897979736
334,569,2.0,2.663191556930542
756,404,3.0,3.3278331756591797
130,1028,4.0,3.704242706298828
863,910,2.0,1.7680704593658447
833,233,2.0,2.7942564487457275
928,48,5.0,4.915986061096191
545,194,3.0,4.047680854797363
897,40,3.0,3.4293603897094727
95,195,5.0,4.031050682067871
332,22,5.0,5.335091590881348
367,670,4.0,3.772197961807251
262,929,3.0,2.390188217163086
721,292,3.0,3.8129255771636963
630,280,2.0,3.102830171585083
311,1232,4.0,2.6008810997009277
768,535,3.0,2.9720051288604736
707,517,3.0,3.7983880043029785
650,62,3.0,2.698120594024658
268,1231,2.0,2.2387442588806152
263,98,4.0,4.605593204498291
621,233,3.0,3.4466116428375244
655,1108,3.0,2.0882818698883057
455,234,4.0,3.694432258605957
82,596,3.0,3.105242967605591
488,258,4.0,3.4170961380004883
53,156,4.0,4.113429546356201
275,62,3.0,2.823539972305298
1,39,4.0,3.382377862930298
524,289,4.0,2.897503614425659
269,778,3.0,3.023275375366211
913,227,1.0,2.978137969970703
691,98,4.0,4.855245590209961
930,137,2.0,3.0416953563690186
712,699,5.0,3.96738862991333
23,211,4.0,3.7928736209869385
222,193,4.0,3.758979320526123
215,451,3.0,3.4804906845092773
553,199,4.0,4.502084255218506
303,872,3.0,3.158614158630371
363,322,2.0,2.610269546508789
579,69,2.0,3.551306962966919
408,302,5.0,4.3907670974731445
251,249,5.0,3.460325241088867
766,72,2.0,2.9140689373016357
882,143,4.0,4.202808380126953
618,197,3.0,3.81243634223938
363,431,2.0,3.0893611907958984
189,618,2.0,3.8108723163604736
308,566,4.0,3.678792715072632
416,934,2.0,3.2207796573638916
394,979,5.0,3.8192992210388184
457,54,4.0,3.7721433639526367
460,847,3.0,3.658038854598999
815,484,4.0,4.446863174438477
385,705,3.0,3.4319608211517334
899,147,2.0,3.2719309329986572
344,1165,1.0,1.9953272342681885
704,492,5.0,3.75905442237854
882,378,5.0,4.266207695007324
798,785,3.0,3.1406948566436768
756,225,1.0,2.661423683166504
32,249,4.0,3.040733575820923
919,328,2.0,3.5454883575439453
774,44,1.0,2.0954689979553223
915,302,4.0,3.602384090423584
184,382,5.0,3.6578285694122314
650,195,4.0,3.3924663066864014
102,226,2.0,2.5477001667022705
381,501,4.0,3.6262433528900146
880,1225,2.0,2.7770204544067383
606,187,4.0,4.674556732177734
489,299,2.0,3.2521142959594727
572,9,5.0,3.244356393814087
777,212,5.0,3.493316411972046
416,203,3.0,4.25552225112915
158,226,3.0,3.4966695308685303
290,1028,3.0,2.9152281284332275
567,1204,5.0,3.626269817352295
479,82,4.0,3.5865283012390137
222,1336,2.0,1.5930752754211426
786,237,5.0,3.7825231552124023
883,559,3.0,3.435624837875366
587,330,3.0,2.912576913833618
279,227,4.0,3.2462918758392334
405,1471,1.0,1.460660696029663
56,410,4.0,3.256528854370117
712,97,5.0,4.079024314880371
763,144,3.0,3.8316855430603027
299,152,4.0,3.5382392406463623
305,921,5.0,3.663390636444092
844,549,3.0,3.462498903274536
837,19,4.0,3.9838223457336426
312,414,3.0,4.14832878112793
768,173,5.0,3.775568962097168
561,24,3.0,2.839216709136963
693,1522,3.0,2.127473831176758
294,743,2.0,2.1532139778137207
592,55,4.0,4.155609607696533
363,505,3.0,3.464956760406494
486,1137,5.0,3.977750778198242
449,971,4.0,4.033000946044922
144,126,4.0,3.8507158756256104
748,174,5.0,3.961319923400879
427,322,3.0,4.5426344871521
417,101,3.0,3.2435989379882812
342,165,3.0,4.087336540222168
624,127,4.0,4.56810188293457
402,475,3.0,4.208606243133545
128,660,2.0,3.8576815128326416
653,96,4.0,3.013861656188965
7,443,5.0,4.4735565185546875
542,273,3.0,3.4399213790893555
450,123,2.0,3.4862966537475586
846,495,4.0,3.8387482166290283
378,319,3.0,3.3119874000549316
321,499,3.0,3.8666954040527344
790,41,3.0,2.8818743228912354
615,528,4.0,4.300664901733398
222,972,2.0,3.1418116092681885
370,494,3.0,3.863863468170166
144,847,4.0,3.855769634246826
470,19,4.0,3.8281612396240234
223,111,4.0,3.249321937561035
126,302,4.0,4.296207904815674
210,657,4.0,4.793882846832275
416,815,4.0,3.711545705795288
521,191,4.0,3.661327362060547
299,115,3.0,3.6640398502349854
826,1,4.0,4.4192891120910645
312,14,5.0,4.419790267944336
417,1209,3.0,2.405581474304199
912,517,4.0,3.7067904472351074
807,28,4.0,4.3632659912109375
455,191,5.0,4.086562156677246
655,959,3.0,2.9543204307556152
405,101,1.0,2.040015459060669
498,1495,3.0,2.835249423980713
850,71,5.0,4.432215690612793
532,419,5.0,4.598878860473633
822,189,4.0,3.4617655277252197
334,684,4.0,3.494400978088379
14,792,5.0,3.985778331756592
930,143,2.0,2.973477363586426
835,176,4.0,4.372693061828613
789,50,5.0,4.307518005371094
221,29,3.0,2.6539266109466553
864,128,4.0,3.722355842590332
919,1137,4.0,4.118689060211182
267,239,4.0,4.164483547210693
303,176,5.0,4.225434303283691
345,879,2.0,3.154078483581543
405,397,4.0,1.5865613222122192
749,181,5.0,4.13331413269043
270,237,1.0,4.592761993408203
882,284,3.0,3.543170690536499
422,250,5.0,3.4815471172332764
761,924,4.0,2.9640913009643555
145,1292,1.0,0.8896763324737549
21,987,3.0,1.285841703414917
43,482,4.0,4.171309471130371
876,48,5.0,4.292769432067871
466,518,4.0,3.5855259895324707
479,356,3.0,3.079127311706543
267,56,5.0,4.635369300842285
130,411,5.0,3.5369625091552734
308,172,4.0,4.407869338989258
58,98,4.0,4.2970685958862305
682,94,3.0,2.998507499694824
31,1019,5.0,4.263120651245117
870,433,3.0,3.582472562789917
478,237,5.0,3.3816747665405273
762,256,3.0,3.0386717319488525
878,136,4.0,3.621407985687256
495,217,5.0,3.704578161239624
393,4,4.0,3.5777807235717773
21,674,2.0,2.903740167617798
194,98,4.0,3.745260715484619
716,185,5.0,4.188767433166504
630,282,3.0,3.620295763015747
711,286,4.0,3.782287359237671
747,509,5.0,4.3400774002075195
551,1118,5.0,3.508010149002075
495,208,5.0,4.660244941711426
216,129,4.0,4.018882751464844
297,508,4.0,3.4380295276641846
748,180,4.0,3.757429599761963
681,294,5.0,3.1585280895233154
629,331,3.0,3.763150215148926
753,195,1.0,3.601660966873169
516,523,3.0,4.350086688995361
352,194,3.0,4.032544136047363
87,802,4.0,3.139892101287842
827,331,3.0,3.222132444381714
343,235,4.0,3.229200601577759
387,113,4.0,3.558150291442871
880,411,4.0,3.0932960510253906
5,234,2.0,3.4798855781555176
543,22,3.0,4.047132968902588
125,202,5.0,3.821025848388672
894,750,4.0,3.851398229598999
764,118,3.0,3.3957152366638184
83,79,5.0,4.346373558044434
257,269,3.0,4.482881546020508
802,333,4.0,3.783036947250366
13,239,4.0,3.4811792373657227
830,98,5.0,4.307194709777832
195,242,4.0,4.123044490814209
246,196,3.0,3.5060439109802246
795,108,3.0,2.8896515369415283
244,673,3.0,3.863126754760742
234,82,3.0,3.172084093093872
234,531,3.0,3.362314462661743
145,273,5.0,3.754437208175659
184,15,3.0,3.589315176010132
487,1220,4.0,3.6981256008148193
424,690,3.0,3.092158794403076
354,42,2.0,3.6721479892730713
450,170,5.0,4.5266032218933105
297,50,5.0,4.176486492156982
7,433,5.0,4.273272514343262
870,504,5.0,3.815814256668091
313,428,3.0,3.8603765964508057
504,409,4.0,3.433445453643799
59,1113,4.0,3.6600029468536377
843,569,1.0,2.1609625816345215
532,452,5.0,3.4395413398742676
500,255,3.0,3.1469790935516357
833,182,5.0,3.498404026031494
297,485,3.0,3.659379482269287
796,1228,4.0,2.523310422897339
854,11,5.0,3.462002754211426
455,22,4.0,4.140741348266602
308,526,3.0,4.0432024002075195
743,308,2.0,3.413939952850342
934,1425,1.0,2.8663339614868164
622,86,4.0,3.974853754043579
478,81,4.0,3.3767755031585693
486,236,3.0,3.480790615081787
923,174,5.0,5.388485431671143
910,24,3.0,2.953103542327881
805,25,4.0,3.305156946182251
514,268,4.0,3.9456920623779297
618,95,3.0,3.5482404232025146
570,321,1.0,2.5923852920532227
276,710,4.0,3.9147090911865234
236,483,5.0,4.278311729431152
833,79,3.0,3.4832146167755127
907,697,5.0,4.5018157958984375
679,721,3.0,3.282413959503174
601,508,4.0,3.032182216644287
848,462,5.0,4.102422714233398
918,289,2.0,2.6166326999664307
406,601,3.0,3.849454879760742
854,528,4.0,3.778416395187378
553,434,3.0,4.1441731452941895
611,311,4.0,4.1700239181518555
363,550,4.0,2.9108128547668457
264,746,3.0,4.2382683753967285
462,237,5.0,4.114678382873535
79,900,4.0,4.355660438537598
204,170,5.0,4.059366226196289
921,1279,2.0,2.669485569000244
215,77,3.0,3.428823232650757
43,82,4.0,3.921996831893921
405,666,1.0,1.6703671216964722
416,144,5.0,4.264087677001953
60,515,5.0,4.696832180023193
85,508,2.0,3.3403868675231934
471,768,3.0,2.6860177516937256
942,31,5.0,4.103383541107178
551,9,5.0,4.0433454513549805
323,121,3.0,3.383728265762329
655,650,3.0,2.957784652709961
864,209,3.0,4.213690757751465
750,325,1.0,2.6336162090301514
854,619,2.0,2.871004104614258
256,120,1.0,2.8310699462890625
515,342,3.0,2.451122522354126
76,1154,5.0,2.8302597999572754
833,649,3.0,2.933820962905884
269,531,5.0,3.3277928829193115
495,229,3.0,3.46034574508667
320,974,3.0,3.2958877086639404
524,515,4.0,4.1329345703125
489,681,3.0,3.2860305309295654
881,678,2.0,2.598356008529663
92,707,4.0,3.775503396987915
80,423,3.0,3.829916000366211
292,100,5.0,4.673428058624268
377,100,3.0,4.431767463684082
303,576,3.0,3.1810176372528076
916,106,3.0,2.7547898292541504
445,895,2.0,1.8608769178390503
333,435,4.0,4.039525032043457
746,181,5.0,4.025557994842529
886,919,4.0,3.6572911739349365
234,221,2.0,3.2561917304992676
566,273,5.0,3.2989699840545654
751,849,2.0,2.7520041465759277
73,272,4.0,4.006678581237793
864,629,3.0,3.608482837677002
91,423,5.0,3.9454498291015625
374,23,3.0,4.123360633850098
721,748,3.0,3.3895974159240723
181,934,3.0,1.4185547828674316
646,1237,3.0,2.8122358322143555
385,435,3.0,3.407925844192505
500,196,4.0,3.7212352752685547
342,475,5.0,3.8318352699279785
782,1598,2.0,2.3270206451416016
121,100,4.0,4.105368137359619
666,300,3.0,3.385550022125244
821,118,3.0,3.777599334716797
537,382,3.0,2.869168758392334
303,80,4.0,2.837599039077759
835,127,4.0,4.734126091003418
690,276,3.0,3.3484904766082764
276,147,4.0,3.540355920791626
577,866,5.0,3.49627685546875
450,191,5.0,4.638654708862305
450,657,4.0,4.664672374725342
57,117,4.0,4.041509628295898
648,47,2.0,3.4117066860198975
798,173,5.0,3.877755880355835
311,97,4.0,3.980320692062378
323,332,3.0,3.1597049236297607
354,900,4.0,3.9960780143737793
422,267,4.0,3.3723678588867188
804,528,4.0,4.474490642547607
818,328,4.0,3.2307238578796387
881,1411,2.0,2.6282434463500977
753,673,1.0,3.224092960357666
206,889,2.0,2.331496477127075
248,282,2.0,3.4381797313690186
684,121,3.0,3.4453999996185303
864,972,2.0,3.6517140865325928
836,89,4.0,4.306208610534668
389,497,4.0,4.151721000671387
388,294,4.0,3.7926154136657715
405,1297,1.0,1.589532494544983
758,1142,5.0,4.3825602531433105
749,448,2.0,3.4790074825286865
707,603,3.0,4.221744060516357
16,655,5.0,4.5446696281433105
805,71,3.0,3.740055561065674
735,9,4.0,3.387981414794922
455,275,4.0,3.8092243671417236
456,550,2.0,3.2525229454040527
880,147,4.0,3.6043601036071777
214,705,4.0,4.076224327087402
539,340,2.0,3.7754056453704834
894,905,3.0,3.436748504638672
653,746,5.0,2.7571470737457275
661,117,4.0,3.8174986839294434
234,647,3.0,3.647129535675049
617,452,1.0,2.1657609939575195
26,15,4.0,3.160430669784546
569,7,4.0,3.763737440109253
881,176,4.0,3.8824684619903564
487,88,4.0,3.776315450668335
83,568,4.0,3.925820827484131
276,915,4.0,3.8331234455108643
601,591,3.0,3.079275131225586
694,183,5.0,4.267760276794434
184,604,4.0,4.078891277313232
758,291,4.0,3.5985543727874756
437,436,4.0,3.678839921951294
234,511,5.0,3.6597681045532227
791,322,4.0,3.447925329208374
59,273,2.0,3.8905255794525146
825,456,3.0,2.532062530517578
796,215,5.0,3.786189317703247
201,421,2.0,2.986189603805542
168,930,3.0,2.7109367847442627
823,56,5.0,4.4866485595703125
899,172,4.0,4.062726974487305
98,194,5.0,3.797231912612915
916,91,4.0,3.4311583042144775
635,328,3.0,3.379793167114258
313,837,4.0,3.850468158721924
202,173,2.0,3.1010210514068604
11,659,5.0,4.010284423828125
601,921,5.0,3.405869960784912
543,207,5.0,3.5989208221435547
851,680,3.0,2.7676143646240234
345,98,5.0,4.431859970092773
520,311,3.0,3.9414939880371094
512,527,5.0,4.5510406494140625
54,685,3.0,3.590949535369873
147,339,5.0,3.4594345092773438
125,585,4.0,2.5787570476531982
840,499,4.0,4.369151592254639
559,398,3.0,2.0724411010742188
466,92,4.0,3.4012694358825684
401,588,2.0,3.11517596244812
291,90,5.0,3.4421803951263428
881,217,3.0,3.0888631343841553
514,511,3.0,4.515363693237305
271,77,4.0,3.211186647415161
387,91,4.0,3.4955155849456787
250,89,4.0,4.518405437469482
270,226,4.0,4.12527322769165
567,273,5.0,3.540212631225586
643,820,3.0,2.902985095977783
542,150,2.0,3.723135232925415
679,531,4.0,3.828735113143921
292,748,3.0,3.3327901363372803
708,271,1.0,3.3244383335113525
782,1383,3.0,1.8818198442459106
293,300,2.0,2.8404626846313477
798,281,4.0,3.0241858959198
6,302,4.0,3.891174793243408
887,284,4.0,3.5587658882141113
648,79,5.0,3.920058012008667
913,19,5.0,3.588548421859741
13,492,5.0,3.636906862258911
59,321,4.0,3.4812326431274414
557,150,3.0,4.02157735824585
145,412,4.0,2.3494722843170166
301,193,3.0,3.970369577407837
661,603,3.0,4.504261493682861
393,982,3.0,2.71887469291687
303,1016,3.0,3.4492194652557373
868,145,1.0,2.234595775604248
704,214,2.0,3.2994179725646973
561,79,3.0,3.302682638168335
474,131,4.0,4.227756500244141
87,575,3.0,2.8268446922302246
342,581,3.0,3.1452279090881348
397,475,4.0,4.103423595428467
505,705,3.0,3.6560475826263428
667,461,4.0,3.6029598712921143
128,151,3.0,3.7372734546661377
773,172,5.0,3.892193555831909
894,16,3.0,3.328575849533081
267,147,3.0,3.8266358375549316
262,735,4.0,3.4450578689575195
932,30,4.0,4.328835487365723
892,180,5.0,4.399538040161133
321,432,5.0,3.524569511413574
52,237,4.0,4.190934181213379
290,181,5.0,3.7505874633789062
476,33,4.0,3.532165288925171
588,720,4.0,3.0970098972320557
345,234,4.0,3.9373931884765625
790,572,3.0,2.744366407394409
194,175,3.0,3.4550960063934326
796,636,2.0,3.4115149974823
621,588,3.0,4.055047035217285
758,790,4.0,3.195047616958618
479,172,4.0,4.0829668045043945
894,237,4.0,3.5899453163146973
524,1152,3.0,3.1476950645446777
751,347,4.0,3.4596259593963623
326,523,4.0,3.579000234603882
109,826,3.0,2.5015738010406494
821,357,5.0,5.128973960876465
254,62,3.0,2.861727237701416
595,1142,5.0,4.066843032836914
279,1025,2.0,2.7004175186157227
393,332,4.0,3.5951249599456787
305,246,3.0,3.587430000305176
405,1177,1.0,1.2064807415008545
222,26,3.0,3.243999481201172
598,260,3.0,2.797668695449829
939,424,3.0,1.7147678136825562
59,142,1.0,3.2148289680480957
269,739,1.0,2.710655450820923
846,558,4.0,3.879573106765747
655,417,2.0,2.6633353233337402
301,182,5.0,3.9833617210388184
236,69,5.0,3.5474019050598145
198,131,3.0,3.5648772716522217
416,235,2.0,3.3502488136291504
642,1136,4.0,3.7631380558013916
476,738,3.0,2.8439600467681885
194,519,4.0,3.6201059818267822
347,177,5.0,4.022560119628906
318,157,5.0,3.862900733947754
712,790,4.0,3.1528913974761963
175,96,3.0,3.8831570148468018
927,91,4.0,4.129794120788574
435,752,3.0,3.2431375980377197
854,135,4.0,3.587556838989258
854,484,3.0,3.8113412857055664
922,219,1.0,3.2690439224243164
592,181,3.0,4.350089073181152
916,206,3.0,3.3151865005493164
293,186,2.0,3.572019577026367
793,250,4.0,3.5405478477478027
819,1537,5.0,3.0092411041259766
318,517,3.0,4.134371280670166
30,780,4.0,3.2330000400543213
509,301,2.0,2.56693696975708
940,610,1.0,3.503504514694214
715,405,3.0,3.2593722343444824
795,186,3.0,3.47745418548584
930,300,4.0,2.989917039871216
764,275,4.0,4.201631546020508
395,98,5.0,4.645073890686035
301,127,4.0,4.31873893737793
140,302,4.0,4.367795944213867
92,712,3.0,3.1176061630249023
660,191,4.0,3.28778338432312
109,1013,3.0,2.2873363494873047
425,178,3.0,3.67536997795105
542,508,3.0,3.4406309127807617
788,183,5.0,3.6222808361053467
271,338,1.0,2.501647472381592
145,731,3.0,3.251525402069092
610,11,4.0,3.8574423789978027
758,301,3.0,3.4024698734283447
881,430,4.0,3.93430233001709
758,213,5.0,4.4135284423828125
535,71,4.0,3.9521255493164062
788,665,2.0,2.6432604789733887
25,520,3.0,4.426985740661621
577,133,4.0,4.180853843688965
190,302,5.0,4.052482604980469
201,188,4.0,3.225167751312256
912,611,3.0,4.018917083740234
796,283,3.0,3.8001842498779297
312,484,5.0,4.816985130310059
363,699,2.0,3.201763868331909
59,756,2.0,2.988818645477295
296,89,5.0,4.614696979522705
784,315,4.0,4.405696392059326
484,578,3.0,3.700152635574341
527,23,5.0,4.016106605529785
145,393,5.0,3.484229326248169
627,947,3.0,3.161498785018921
299,950,2.0,3.020512819290161
656,270,3.0,2.7542073726654053
195,276,4.0,3.667579412460327
505,7,3.0,3.425356864929199
726,833,5.0,2.5324625968933105
753,199,5.0,3.8847341537475586
479,566,3.0,3.3977181911468506
435,895,3.0,3.041651487350464
42,866,4.0,3.389963388442993
507,294,5.0,4.471772193908691
408,242,4.0,4.220471382141113
840,357,5.0,4.635441303253174
200,118,4.0,3.904628038406372
399,386,3.0,2.4999499320983887
417,475,4.0,3.808030128479004
394,405,3.0,3.7142279148101807
268,63,1.0,2.7292027473449707
405,47,5.0,2.061947822570801
114,204,3.0,3.518869400024414
269,198,4.0,3.425626516342163
210,654,5.0,4.821635723114014
794,100,5.0,4.74084997177124
13,157,3.0,3.504641532897949
380,170,4.0,3.443476676940918
457,841,4.0,3.085500717163086
293,7,3.0,3.5062241554260254
862,496,5.0,4.878549098968506
243,111,4.0,3.4376380443573
482,289,3.0,3.0292716026306152
6,513,4.0,4.204281806945801
344,14,5.0,4.040040969848633
428,343,2.0,3.6670403480529785
145,51,3.0,3.6473045349121094
751,494,4.0,4.1277666091918945
279,68,4.0,3.354994535446167
15,322,3.0,2.6931493282318115
13,334,1.0,3.127239227294922
561,186,3.0,3.2181899547576904
628,1025,5.0,3.5050840377807617
630,687,3.0,2.1183228492736816
324,288,5.0,4.304030418395996
230,95,5.0,4.05570125579834
897,864,4.0,3.4537861347198486
785,69,4.0,3.723963737487793
130,888,3.0,4.426803112030029
279,1072,4.0,2.424447536468506
275,230,3.0,3.1098575592041016
647,136,5.0,4.319173812866211
778,11,5.0,3.082552194595337
707,507,5.0,3.7240445613861084
437,156,2.0,3.8679234981536865
442,231,3.0,2.510463237762451
896,768,2.0,2.6646997928619385
393,893,3.0,2.4995548725128174
500,768,2.0,2.8996126651763916
399,506,3.0,3.2949559688568115
497,240,4.0,2.694791316986084
296,194,5.0,4.563082695007324
291,356,4.0,3.639432907104492
533,1173,4.0,2.460139274597168
770,282,5.0,4.771842002868652
387,102,3.0,3.1215975284576416
528,258,4.0,3.8297877311706543
936,405,2.0,3.6308515071868896
453,164,3.0,3.5021114349365234
627,568,2.0,3.3488917350769043
68,596,2.0,2.935932159423828
307,197,4.0,4.257948875427246
292,250,3.0,3.799732208251953
639,528,4.0,3.3822641372680664
753,50,4.0,3.956486701965332
218,12,5.0,4.043715000152588
445,1081,1.0,2.0212018489837646
99,107,3.0,3.8264107704162598
300,456,4.0,2.7285733222961426
504,419,3.0,4.051119804382324
863,302,4.0,4.0097455978393555
413,258,4.0,3.798229694366455
189,855,3.0,4.149844169616699
474,663,4.0,4.1968584060668945
747,70,4.0,3.950244903564453
213,164,5.0,3.9496092796325684
5,105,3.0,2.265981674194336
778,82,3.0,2.9602668285369873
878,168,4.0,3.5492780208587646
226,191,4.0,4.197251319885254
389,25,3.0,3.4979870319366455
846,388,3.0,2.630941867828369
200,54,4.0,4.033095359802246
833,100,4.0,3.626361131668091
773,792,4.0,3.4801435470581055
251,172,5.0,4.502209663391113
392,463,3.0,4.188846588134766
359,748,3.0,3.5366220474243164
600,79,4.0,4.22829532623291
291,551,2.0,2.7139182090759277
506,731,4.0,3.239504337310791
642,65,4.0,3.9146149158477783
224,300,4.0,3.129479169845581
465,357,4.0,3.6886656284332275
293,69,3.0,3.3765602111816406
609,319,1.0,2.656121253967285
161,56,3.0,2.6984033584594727
846,204,3.0,4.150454044342041
451,681,1.0,2.454035758972168
504,402,4.0,3.8897650241851807
13,566,5.0,3.3969948291778564
504,1030,3.0,2.3059535026550293
280,200,5.0,4.050051212310791
807,133,5.0,4.265316963195801
794,751,3.0,3.849402904510498
784,333,4.0,3.8933753967285156
868,385,2.0,3.0599474906921387
63,286,4.0,3.19034481048584
450,44,3.0,3.731271743774414
181,1081,1.0,1.478182077407837
399,84,2.0,2.5200817584991455
25,969,3.0,4.060905456542969
314,1178,2.0,3.0443408489227295
916,9,5.0,3.523237466812134
655,942,4.0,2.9487106800079346
256,265,4.0,4.621298313140869
537,150,3.0,3.0492091178894043
892,100,5.0,4.525385856628418
373,497,3.0,4.022254943847656
782,326,5.0,3.2666831016540527
627,729,1.0,3.217029094696045
298,511,4.0,4.622116565704346
932,855,5.0,4.165602684020996
417,1023,4.0,2.4683480262756348
864,151,5.0,3.958864688873291
429,71,3.0,3.856029510498047
659,467,3.0,3.8647398948669434
328,344,4.0,3.8130288124084473
648,83,4.0,3.92049241065979
345,1117,4.0,3.1029839515686035
32,628,4.0,3.27230167388916
197,127,5.0,4.272594928741455
419,191,4.0,4.513057231903076
840,473,5.0,3.393054723739624
13,150,5.0,3.656877040863037
804,841,4.0,2.944519519805908
877,14,5.0,4.08842658996582
236,174,3.0,4.0348076820373535
49,151,5.0,2.8915982246398926
347,172,5.0,4.376349449157715
622,109,5.0,3.62287974357605
756,622,3.0,2.9620940685272217
335,748,2.0,3.241485595703125
600,182,4.0,4.219074249267578
271,707,4.0,3.827392578125
503,732,3.0,3.857764720916748
445,12,2.0,2.6486058235168457
883,50,4.0,4.568758487701416
387,99,5.0,3.5537164211273193
342,58,5.0,3.5549490451812744
595,1047,2.0,2.7164690494537354
712,399,5.0,3.438016891479492
708,274,4.0,3.382115364074707
62,451,3.0,3.1024768352508545
268,1118,3.0,2.8709261417388916
373,214,4.0,3.3716869354248047
712,234,2.0,4.084593772888184
390,302,5.0,4.56104040145874
98,321,3.0,3.03579044342041
431,332,3.0,3.6763508319854736
727,100,2.0,3.955950975418091
433,246,4.0,3.857113838195801
158,174,5.0,4.589905261993408
526,333,3.0,3.1848628520965576
622,178,4.0,4.336886882781982
512,286,5.0,4.00393533706665
483,68,1.0,3.0213215351104736
684,38,3.0,2.912022113800049
896,235,1.0,2.6504456996917725
71,177,2.0,3.912477493286133
244,215,4.0,3.962848663330078
344,1142,5.0,4.077642440795898
128,393,4.0,3.3963239192962646
430,168,4.0,3.79595685005188
405,356,5.0,2.0126571655273438
323,467,5.0,3.8906443119049072
394,773,4.0,3.1358795166015625
835,526,3.0,4.321414947509766
91,357,5.0,4.449483394622803
261,687,5.0,2.58593487739563
343,606,5.0,4.56210994720459
637,685,3.0,2.4470343589782715
181,873,1.0,1.758166790008545
221,218,4.0,3.6138572692871094
321,607,4.0,3.8248250484466553
362,689,5.0,3.201005697250366
883,531,3.0,4.181640625
911,478,5.0,4.053200721740723
535,727,4.0,3.501079559326172
851,174,5.0,4.660397529602051
458,56,5.0,4.092466354370117
622,404,3.0,3.73177170753479
110,67,3.0,2.8858959674835205
766,483,3.0,4.1538519859313965
345,1247,2.0,2.122982978820801
197,340,2.0,3.511732578277588
393,5,3.0,3.3101656436920166
533,988,2.0,2.2543764114379883
533,289,2.0,2.9018664360046387
788,380,3.0,3.086188316345215
252,276,5.0,4.248407363891602
825,258,4.0,4.233560562133789
562,727,5.0,3.325299024581909
883,89,5.0,4.339737892150879
862,657,5.0,5.0211501121521
707,64,3.0,4.253607273101807
846,1066,3.0,3.326512336730957
189,157,4.0,3.8999900817871094
97,133,1.0,4.165009498596191
87,570,3.0,3.5031075477600098
901,929,4.0,2.903254270553589
800,864,4.0,3.1961803436279297
288,132,3.0,4.090567588806152
234,464,4.0,3.197941780090332
391,15,4.0,3.591423988342285
605,176,4.0,4.0550055503845215
30,231,2.0,2.9082679748535156
870,477,4.0,3.0495564937591553
764,323,3.0,3.107177734375
630,153,3.0,3.5580132007598877
751,302,4.0,4.141402721405029
806,1012,4.0,3.6694729328155518
851,818,2.0,3.069148063659668
454,56,3.0,3.1751999855041504
579,173,5.0,3.935504198074341
383,137,5.0,4.132494926452637
847,153,4.0,3.1216623783111572
311,651,4.0,4.204273223876953
532,242,4.0,4.927889823913574
249,708,4.0,3.752420663833618
85,192,4.0,3.896549701690674
58,311,4.0,3.880777597427368
891,742,4.0,4.204118251800537
384,258,4.0,4.459816932678223
299,55,2.0,3.535780429840088
293,510,3.0,3.6836447715759277
427,331,4.0,4.883664131164551
903,324,4.0,3.2137184143066406
178,619,3.0,3.461602210998535
118,180,5.0,5.102799892425537
73,135,5.0,3.807171583175659
427,319,3.0,4.557888984680176
262,252,3.0,2.674459218978882
56,993,3.0,3.718231678009033
207,11,3.0,3.5240612030029297
758,386,3.0,3.1468663215637207
804,72,4.0,3.3616108894348145
339,160,5.0,3.597015380859375
712,776,4.0,3.454075336456299
501,544,4.0,3.5491585731506348
249,741,4.0,3.90535306930542
271,414,4.0,3.5743298530578613
298,205,5.0,4.288026809692383
773,568,1.0,3.3167335987091064
342,98,3.0,4.2161455154418945
941,300,4.0,3.757392168045044
868,164,2.0,3.0663340091705322
433,919,5.0,3.725831985473633
847,507,3.0,3.128516912460327
786,187,4.0,4.3527984619140625
648,82,5.0,3.6588265895843506
897,523,5.0,4.541025638580322
24,655,5.0,4.432057857513428
721,325,3.0,2.902225971221924
314,1221,3.0,4.0798492431640625
334,290,3.0,3.0208659172058105
500,204,3.0,3.7564926147460938
493,435,5.0,4.17262077331543
13,292,5.0,3.3079135417938232
826,241,4.0,4.012813568115234
645,203,4.0,3.966137647628784
378,436,4.0,3.66469407081604
465,114,4.0,3.7261037826538086
557,50,4.0,4.586209297180176
642,801,3.0,3.205385684967041
49,231,3.0,2.176351547241211
1,55,5.0,3.828705072402954
346,616,1.0,3.508842706680298
311,495,4.0,3.8108420372009277
640,926,3.0,3.213618278503418
48,650,3.0,3.5333175659179688
817,289,2.0,3.001110315322876
115,642,5.0,3.6334171295166016
595,1094,3.0,2.4229788780212402
647,588,4.0,3.9675023555755615
852,274,3.0,3.7544212341308594
114,505,3.0,3.575087547302246
158,50,4.0,4.712906837463379
169,443,4.0,3.822207450866699
664,663,4.0,3.9112703800201416
135,802,2.0,2.6761553287506104
201,62,1.0,2.734093427658081
592,1070,5.0,4.2842183113098145
416,67,4.0,3.375044822692871
757,203,5.0,3.6083221435546875
516,181,4.0,4.2182817459106445
825,323,4.0,3.352395534515381
645,709,3.0,4.423248291015625
128,118,5.0,3.2271602153778076
889,657,4.0,4.042045593261719
347,1047,1.0,2.845526695251465
201,448,3.0,2.956712484359741
661,178,4.0,4.442273139953613
49,406,2.0,2.048738479614258
497,71,4.0,3.634377956390381
437,381,5.0,3.5443971157073975
408,358,4.0,2.746786117553711
264,645,4.0,4.552055358886719
740,242,4.0,3.7271676063537598
833,288,2.0,2.9362614154815674
907,79,5.0,5.252908706665039
254,231,3.0,2.5107030868530273
561,480,4.0,3.559272527694702
748,135,4.0,3.7034201622009277
439,475,3.0,4.116737365722656
780,294,3.0,3.053250789642334
679,56,4.0,3.8613669872283936
660,748,3.0,2.530233860015869
882,122,2.0,2.6643261909484863
232,215,3.0,3.69474458694458
666,616,3.0,3.572490930557251
445,748,1.0,1.8581020832061768
848,481,3.0,4.388669013977051
830,193,5.0,4.013687610626221
588,370,5.0,2.9707207679748535
291,232,4.0,3.781127691268921
328,4,3.0,3.497894287109375
305,582,4.0,3.313359022140503
85,610,3.0,3.5834977626800537
423,258,5.0,3.857883930206299
63,480,3.0,3.7374489307403564
394,568,5.0,4.06564998626709
318,143,5.0,3.925977945327759
81,318,5.0,4.331481456756592
374,5,4.0,3.193405866622925
297,209,4.0,3.748631000518799
753,134,4.0,3.8327090740203857
915,286,4.0,3.1518914699554443
480,527,4.0,3.8006913661956787
393,8,3.0,3.9256081581115723
305,45,5.0,3.67521333694458
916,597,2.0,2.801097869873047
233,588,5.0,4.271733283996582
194,628,3.0,3.018364667892456
804,1028,3.0,3.282386541366577
426,1064,4.0,2.794788360595703
392,260,1.0,2.786677837371826
178,196,4.0,4.1149187088012695
5,226,3.0,2.971691608428955
181,1390,1.0,1.2347893714904785
271,317,3.0,3.852997064590454
763,59,5.0,4.162843704223633
893,771,3.0,2.706162691116333
582,124,4.0,4.154055595397949
161,100,4.0,2.81006121635437
308,637,3.0,3.1086835861206055
490,292,3.0,2.7822303771972656
497,151,3.0,3.448194980621338
878,707,2.0,3.4748241901397705
255,564,1.0,1.6337518692016602
655,1636,4.0,1.0270330905914307
222,1,4.0,3.6726598739624023
769,1322,2.0,2.677199602127075
135,642,4.0,3.3205971717834473
674,866,5.0,3.373953104019165
870,255,2.0,3.1191930770874023
619,245,4.0,2.9408347606658936
542,235,3.0,2.8779003620147705
850,228,5.0,4.27694034576416
825,930,5.0,2.9854907989501953
887,756,5.0,3.2027244567871094
387,25,2.0,3.2163302898406982
116,145,2.0,2.269596576690674
843,214,3.0,2.5150704383850098
497,194,3.0,3.8225464820861816
938,595,2.0,2.9190900325775146
556,513,4.0,4.893208980560303
145,763,4.0,3.4816064834594727
249,298,4.0,4.10128116607666
201,751,3.0,2.932328939437866
504,1444,3.0,2.701770305633545
851,95,4.0,4.137416839599609
318,326,4.0,3.543623447418213
653,202,3.0,2.81640362739563
633,498,2.0,3.9619364738464355
59,583,5.0,3.472957134246826
387,1187,4.0,3.3938817977905273
653,708,2.0,2.458759307861328
64,70,5.0,3.4845621585845947
318,501,4.0,3.673443078994751
834,294,3.0,3.387622356414795
633,148,1.0,3.04386305809021
322,272,4.0,4.507751941680908
763,111,2.0,3.536292791366577
393,223,4.0,4.208563804626465
301,1,4.0,3.8785502910614014
2,316,5.0,4.188896656036377
405,854,1.0,2.0522589683532715
453,826,1.0,2.402453899383545
381,682,2.0,3.072417736053467
592,1264,4.0,3.2464981079101562
398,56,4.0,3.9324300289154053
268,16,3.0,2.9159188270568848
297,300,3.0,3.4166743755340576
198,31,3.0,3.2932565212249756
892,542,1.0,2.7870473861694336
151,51,4.0,3.818084716796875
374,829,2.0,2.7126684188842773
552,7,3.0,3.439270496368408
642,118,3.0,3.628882646560669
320,368,3.0,1.9783408641815186
234,959,2.0,3.040632724761963
676,168,5.0,4.187661647796631
878,921,4.0,3.516035556793213
295,232,3.0,3.9245400428771973
314,73,4.0,3.9103970527648926
355,288,5.0,4.271974086761475
929,515,5.0,4.118114471435547
453,22,5.0,4.210788726806641
213,475,4.0,4.31703519821167
659,712,3.0,3.323686361312866
184,208,4.0,3.9219956398010254
682,1135,2.0,2.8074982166290283
922,227,4.0,3.2354202270507812
346,365,1.0,3.263866424560547
731,215,5.0,3.1995038986206055
429,1028,3.0,3.010704517364502
748,227,3.0,3.0665814876556396
886,132,3.0,3.948824167251587
551,62,5.0,3.467177391052246
623,275,5.0,3.8531618118286133
303,501,4.0,3.6136651039123535
648,17,2.0,3.147495985031128
677,845,3.0,3.554417133331299
897,660,4.0,4.17106294631958
144,286,4.0,3.606292963027954
543,748,3.0,2.8880584239959717
435,69,4.0,3.5809662342071533
870,503,4.0,3.446824073791504
693,99,3.0,3.0474672317504883
188,443,4.0,3.9210188388824463
339,1135,2.0,3.2403366565704346
682,431,4.0,3.3466429710388184
363,169,5.0,3.8623244762420654
406,180,5.0,3.8928797245025635
215,180,3.0,4.205601215362549
804,32,3.0,4.107973575592041
883,886,3.0,3.371978998184204
506,489,4.0,4.30074405670166
643,127,5.0,4.471275329589844
279,184,5.0,3.343439817428589
308,198,3.0,4.210882186889648
846,86,5.0,4.107345104217529
590,1014,3.0,3.0095081329345703
397,65,2.0,3.7253835201263428
399,455,4.0,2.881718158721924
416,269,4.0,4.571282863616943
301,496,5.0,4.126721382141113
405,1338,1.0,1.7164298295974731
487,586,2.0,2.830026149749756
614,9,4.0,3.5377423763275146
541,993,4.0,3.775582790374756
816,258,3.0,4.707230567932129
269,246,5.0,3.2909533977508545
514,430,4.0,4.262903213500977
326,176,2.0,3.488083839416504
267,22,4.0,4.894464492797852
339,134,5.0,4.6049604415893555
110,22,4.0,4.071821212768555
464,328,3.0,3.9910011291503906
365,271,4.0,3.3969337940216064
293,679,2.0,2.8128457069396973
881,98,5.0,4.150200843811035
346,29,4.0,2.5494186878204346
553,132,4.0,4.284212589263916
383,193,4.0,4.297824859619141
634,272,5.0,4.453732490539551
215,98,5.0,4.444908142089844
773,531,5.0,3.648637533187866
335,313,3.0,4.296682357788086
560,11,4.0,3.7625296115875244
428,877,5.0,3.071650505065918
400,304,4.0,3.753314733505249
698,22,1.0,3.1640172004699707
276,1090,1.0,2.66375470161438
764,100,4.0,4.383059501647949
642,462,4.0,4.145260810852051
540,741,3.0,3.7342443466186523
255,443,1.0,3.249786853790283
551,217,1.0,3.481415033340454
871,752,3.0,3.2639694213867188
385,215,2.0,3.1307363510131836
907,202,5.0,4.878246784210205
245,21,3.0,2.6110098361968994
907,869,5.0,3.963301658630371
94,127,5.0,4.653961658477783
316,521,5.0,3.2136077880859375
551,340,4.0,3.915896415710449
51,184,3.0,3.1853747367858887
26,476,3.0,2.6006038188934326
138,662,4.0,3.689096689224243
23,432,4.0,3.6210598945617676
846,505,5.0,4.178481578826904
505,71,4.0,3.578366994857788
313,778,2.0,3.53971529006958
24,582,4.0,4.099343776702881
851,1676,2.0,0.7285641431808472
659,97,5.0,3.8891749382019043
152,204,4.0,4.937556743621826
793,1,4.0,4.052010536193848
943,808,4.0,3.0371644496917725
151,686,3.0,3.9450221061706543
1,251,4.0,4.408448219299316
148,418,3.0,3.5887696743011475
292,343,2.0,3.4319396018981934
246,409,2.0,2.83758282661438
314,983,4.0,2.7358412742614746
470,295,3.0,3.3254270553588867
504,504,4.0,4.203620910644531
123,132,3.0,4.253917694091797
815,88,4.0,3.608766555786133
308,396,4.0,3.124351978302002
777,521,5.0,4.1052093505859375
381,742,4.0,3.702873945236206
918,170,4.0,3.525670289993286
456,414,3.0,3.6136341094970703
896,23,2.0,3.787895679473877
790,1074,3.0,2.7931530475616455
389,612,4.0,4.165647506713867
312,515,5.0,4.907686233520508
110,2,3.0,3.0621814727783203
331,268,5.0,3.491936683654785
518,222,5.0,3.7796595096588135
466,55,4.0,3.4929466247558594
320,27,3.0,3.733492612838745
299,480,4.0,4.088531494140625
119,222,5.0,4.121899604797363
110,333,4.0,3.3503406047821045
123,482,4.0,4.234054088592529
12,157,5.0,4.066123008728027
100,691,4.0,3.0570027828216553
592,1226,4.0,3.753605365753174
320,685,4.0,3.7651162147521973
863,895,5.0,3.2520008087158203
880,603,5.0,4.590751647949219
405,1579,1.0,0.6061054468154907
537,639,2.0,2.9500513076782227
670,245,4.0,2.9654064178466797
487,746,4.0,3.9873058795928955
556,321,4.0,3.4304399490356445
184,285,5.0,4.230757713317871
2,282,4.0,3.8233261108398438
514,189,5.0,4.318996906280518
280,678,2.0,2.873509168624878
476,999,2.0,3.0799357891082764
907,815,5.0,4.29138708114624
5,227,4.0,2.9904518127441406
620,91,2.0,4.106598854064941
382,334,5.0,2.9274911880493164
343,199,5.0,4.756098747253418
43,291,3.0,3.49919056892395
280,7,4.0,3.9781816005706787
738,91,4.0,3.568941831588745
889,1134,4.0,3.212195634841919
455,241,4.0,3.3921515941619873
90,156,4.0,4.385477066040039
176,258,4.0,3.917390823364258
871,511,2.0,4.105900764465332
107,268,4.0,3.3053030967712402
270,581,5.0,4.059439659118652
321,7,4.0,3.5877761840820312
298,294,3.0,3.345818281173706
298,178,5.0,4.593441009521484
774,550,2.0,2.1137168407440186
112,689,4.0,3.421826124191284
703,127,5.0,4.5482401847839355
897,69,5.0,4.155772686004639
340,186,4.0,4.120781898498535
899,89,4.0,3.952572822570801
668,347,4.0,3.4648356437683105
429,496,4.0,4.14423942565918
13,475,3.0,3.7175607681274414
293,89,5.0,3.8442671298980713
221,475,4.0,3.9700965881347656
474,208,3.0,4.368809700012207
311,233,4.0,3.395146369934082
738,209,4.0,3.8838655948638916
883,251,5.0,4.47514533996582
500,170,5.0,3.9048497676849365
846,1267,3.0,3.283146381378174
891,459,5.0,4.651594638824463
890,214,4.0,3.40124249458313
429,546,3.0,2.9736905097961426
128,237,4.0,3.6805827617645264
524,607,3.0,3.81022572517395
848,164,5.0,3.8839364051818848
409,153,4.0,3.732682943344116
541,418,5.0,3.8168394565582275
363,1,2.0,3.370445728302002
435,818,2.0,2.7145543098449707
318,40,4.0,3.2851028442382812
346,842,1.0,2.9633235931396484
288,435,4.0,3.977717399597168
249,124,5.0,4.581473350524902
392,321,5.0,3.5461277961730957
405,1035,1.0,1.8372358083724976
109,234,4.0,3.8154075145721436
58,137,5.0,3.8414387702941895
782,1534,2.0,1.7024798393249512
883,867,5.0,3.4244449138641357
429,89,4.0,4.188925743103027
291,456,3.0,2.5598134994506836
234,557,1.0,3.055083751678467
269,122,1.0,2.0987911224365234
43,127,4.0,4.467665672302246
795,234,4.0,3.4050064086914062
267,230,4.0,3.942251682281494
291,404,4.0,4.166598320007324
884,529,5.0,3.724372148513794
457,934,3.0,3.250605344772339
619,295,4.0,3.4526968002319336
554,735,3.0,3.872236728668213
896,651,4.0,3.608339786529541
612,926,2.0,2.672319173812866
269,148,1.0,2.579745054244995
178,180,3.0,4.262063503265381
705,546,3.0,3.1601550579071045
472,609,5.0,4.452713966369629
648,177,5.0,3.8246235847473145
389,559,3.0,3.361283302307129
342,654,4.0,4.219880104064941
655,514,5.0,3.1885151863098145
274,211,5.0,4.451053142547607
158,550,3.0,3.5522022247314453
886,1,4.0,3.750798225402832
435,1225,3.0,2.4924654960632324
405,241,1.0,2.1697745323181152
94,334,3.0,3.54822039604187
532,879,3.0,3.75654935836792
67,871,3.0,3.032916784286499
464,482,5.0,4.588871479034424
151,89,5.0,4.528542995452881
315,271,3.0,3.5129318237304688
661,144,5.0,3.881186008453369
796,234,2.0,3.941455841064453
645,185,5.0,4.261171817779541
216,466,4.0,3.865185022354126
198,369,1.0,2.3607892990112305
774,293,1.0,2.3731749057769775
875,921,5.0,4.2841644287109375
222,729,4.0,3.277149200439453
532,345,4.0,4.047713279724121
793,117,4.0,3.921557903289795
50,327,3.0,3.3529610633850098
886,288,4.0,3.3042750358581543
276,458,4.0,3.292539358139038
379,194,5.0,4.504518985748291
174,763,1.0,3.7216882705688477
308,219,3.0,3.4364867210388184
178,125,4.0,3.771249771118164
894,558,5.0,3.720330238342285
73,197,5.0,3.9154741764068604
854,358,2.0,2.2971272468566895
236,135,2.0,3.7431912422180176
16,178,5.0,4.979218006134033
481,163,4.0,3.759974956512451
49,148,1.0,2.41569185256958
568,301,1.0,2.7486820220947266
561,1039,3.0,3.2882940769195557
198,249,2.0,2.999866485595703
192,258,5.0,3.7458605766296387
274,274,4.0,3.8767974376678467
337,1016,4.0,3.68426513671875
270,145,3.0,3.274202585220337
757,969,3.0,3.690894842147827
916,77,3.0,3.1204423904418945
715,155,4.0,3.0579190254211426
744,657,5.0,4.105495929718018
753,316,4.0,3.7412214279174805
554,1284,3.0,2.9134507179260254
643,482,4.0,4.190148830413818
84,98,4.0,4.828134059906006
255,976,1.0,1.7519797086715698
109,425,2.0,3.8645496368408203
405,214,4.0,2.0081772804260254
13,161,5.0,3.238999605178833
545,174,4.0,4.238988399505615
306,287,4.0,3.8291287422180176
711,313,4.0,4.409781455993652
249,188,4.0,4.055318832397461
416,86,1.0,4.454988956451416
114,171,4.0,3.5455281734466553
907,144,5.0,4.859758377075195
936,221,4.0,4.300990104675293
429,97,4.0,3.802888870239258
259,200,4.0,4.048735618591309
452,684,4.0,3.367163896560669
940,521,4.0,3.6500697135925293
919,310,3.0,3.703183889389038
551,49,3.0,3.642695903778076
25,208,4.0,4.209921360015869
425,831,3.0,2.234849452972412
781,172,5.0,4.313755035400391
559,566,5.0,3.3456320762634277
591,70,4.0,3.6107852458953857
176,250,4.0,3.541144847869873
381,259,2.0,2.7834908962249756
450,467,4.0,4.127315998077393
407,712,2.0,3.066448211669922
492,187,5.0,3.656378984451294
320,238,4.0,4.45128870010376
327,651,4.0,3.6268742084503174
878,497,2.0,3.489661931991577
279,751,4.0,3.3140900135040283
487,385,4.0,3.8704545497894287
618,588,4.0,3.5522711277008057
796,134,3.0,4.337855815887451
217,566,4.0,3.153003692626953
42,64,5.0,4.629763603210449
216,655,5.0,4.143519878387451
854,756,3.0,2.399737596511841
780,498,5.0,4.14848518371582
670,949,2.0,3.2476699352264404
44,553,3.0,3.1575980186462402
479,62,3.0,3.0106201171875
280,3,2.0,3.278873920440674
650,780,2.0,2.6075096130371094
70,542,2.0,2.561943769454956
642,409,5.0,3.555097818374634
354,483,4.0,4.455150604248047
416,311,3.0,4.40376091003418
499,153,4.0,3.768547534942627
398,485,5.0,3.730865478515625
924,50,5.0,4.350561141967773
410,689,2.0,2.8270089626312256
313,175,4.0,3.919559955596924
455,39,2.0,3.170034408569336
120,127,4.0,4.311060428619385
393,1092,3.0,2.5383543968200684
659,423,4.0,3.8923656940460205
691,603,5.0,4.950407028198242
450,179,5.0,4.274312496185303
90,647,5.0,4.916250705718994
119,382,5.0,4.24500846862793
479,283,4.0,3.4876720905303955
643,68,3.0,3.5153677463531494
308,4,5.0,3.7464370727539062
711,317,4.0,4.072694301605225
466,7,4.0,3.565993547439575
85,658,3.0,3.2632052898406982
721,243,3.0,2.5168943405151367
846,205,5.0,4.219480514526367
299,93,2.0,3.5395545959472656
161,22,2.0,2.8462085723876953
478,11,4.0,3.6392672061920166
618,633,3.0,3.678569793701172
406,466,4.0,3.5162084102630615
342,288,5.0,3.2863173484802246
846,98,4.0,4.5553436279296875
934,502,4.0,3.832720994949341
116,346,4.0,3.1065638065338135
608,487,4.0,3.922882318496704
317,260,4.0,2.8671858310699463
921,1,3.0,3.5533711910247803
13,706,1.0,2.684203624725342
324,268,4.0,4.725117206573486
5,364,1.0,2.5434625148773193
399,722,2.0,2.483401298522949
880,570,3.0,3.2823896408081055
425,338,1.0,2.2907304763793945
719,50,2.0,3.8960347175598145
363,222,5.0,3.1133508682250977
442,22,2.0,3.8866500854492188
370,50,4.0,4.084221839904785
329,286,4.0,3.4166054725646973
846,289,4.0,3.1055917739868164
530,181,3.0,4.061471939086914
292,7,3.0,4.26127815246582
849,121,5.0,4.463911056518555
432,845,4.0,3.6492578983306885
790,17,2.0,3.012340545654297
722,291,4.0,3.6116013526916504
717,260,1.0,2.880793333053589
575,98,4.0,3.4631829261779785
286,1504,4.0,2.968126058578491
932,436,3.0,3.9252867698669434
796,1415,3.0,2.3048019409179688
115,1073,5.0,4.067487716674805
409,318,4.0,4.383399963378906
251,742,5.0,3.768747091293335
622,101,5.0,3.3557357788085938
682,1079,3.0,2.1652369499206543
42,591,4.0,3.855043649673462
868,843,1.0,2.598334789276123
826,226,4.0,3.7245707511901855
217,1034,3.0,2.161073684692383
648,118,4.0,3.0613036155700684
475,306,5.0,3.766282558441162
222,173,5.0,3.940277099609375
693,504,5.0,3.2624752521514893
280,1297,4.0,2.6618428230285645
652,538,4.0,3.2961585521698
316,276,2.0,2.9827675819396973
715,145,2.0,2.54580020904541
576,237,4.0,3.6081180572509766
314,1063,5.0,4.100713729858398
807,743,3.0,2.249911069869995
451,749,3.0,2.963350296020508
324,292,3.0,4.61992883682251
435,834,5.0,2.0911645889282227
567,1,3.0,3.8332440853118896
757,22,4.0,4.113568305969238
786,692,4.0,3.820155382156372
95,465,3.0,3.560629367828369
193,476,2.0,2.837900161743164
128,265,5.0,3.884775400161743
591,921,4.0,4.076277256011963
13,351,1.0,2.630645513534546
415,641,3.0,4.901665210723877
377,164,4.0,3.8163986206054688
417,1135,4.0,2.907651901245117
655,382,3.0,3.017265796661377
452,945,4.0,3.6783065795898438
885,65,2.0,3.3031418323516846
472,196,4.0,4.969050884246826
345,148,3.0,3.1683108806610107
76,56,5.0,4.039504051208496
305,655,4.0,3.570157527923584
450,1135,4.0,3.2810215950012207
659,636,3.0,3.3653533458709717
437,168,3.0,4.063584327697754
618,23,5.0,3.9207825660705566
925,245,3.0,3.323747396469116
5,176,3.0,3.6580471992492676
398,94,2.0,3.01813006401062
416,240,1.0,3.1961171627044678
398,133,3.0,3.753209352493286
569,111,3.0,3.4759716987609863
452,924,5.0,3.0449366569519043
930,1315,3.0,2.7908198833465576
617,413,1.0,1.9790881872177124
271,582,3.0,3.4878344535827637
82,194,4.0,3.7469234466552734
863,691,3.0,3.3241055011749268
293,658,1.0,3.1615922451019287
252,7,4.0,4.365898132324219
497,550,4.0,3.143033981323242
750,294,4.0,3.2574031352996826
445,762,1.0,2.162961006164551
708,926,3.0,2.720817804336548
401,322,2.0,2.5449841022491455
280,496,5.0,4.375321388244629
291,376,3.0,3.1540145874023438
174,143,5.0,4.176047325134277
746,423,3.0,3.8556721210479736
416,125,5.0,4.088347434997559
215,227,5.0,3.3919875621795654
678,14,3.0,3.7289130687713623
936,476,4.0,3.3123891353607178
763,730,5.0,3.8116488456726074
913,318,4.0,4.047244548797607
199,221,4.0,3.4376983642578125
678,50,4.0,4.111416816711426
663,129,3.0,3.891523599624634
346,578,2.0,3.1519088745117188
477,66,5.0,4.6736531257629395
481,198,4.0,4.263506889343262
603,62,2.0,3.2797670364379883
807,374,3.0,2.448056221008301
7,213,3.0,4.590609550476074
486,248,4.0,3.3960413932800293
43,385,5.0,3.711698293685913
299,118,2.0,2.962536573410034
527,134,5.0,4.006068229675293
269,1103,5.0,3.3045620918273926
536,561,3.0,3.3736984729766846
711,269,5.0,4.194676399230957
804,566,4.0,3.820248603820801
184,1398,5.0,2.1480865478515625
456,23,4.0,4.1435441970825195
600,1004,4.0,3.3351242542266846
308,213,4.0,4.112537384033203
405,1027,1.0,1.7238856554031372
694,385,4.0,3.8707358837127686
111,304,4.0,3.4555532932281494
364,262,3.0,3.657027244567871
435,763,5.0,3.1833879947662354
690,1210,3.0,2.557394504547119
883,386,3.0,2.990450382232666
788,554,3.0,2.6718719005584717
305,793,5.0,3.0122628211975098
603,227,3.0,3.402900218963623
616,299,3.0,2.996297836303711
49,1071,3.0,2.39190411567688
660,63,2.0,2.4212543964385986
313,218,2.0,3.510587215423584
334,275,4.0,3.7599685192108154
592,56,5.0,4.613121032714844
290,527,4.0,3.824084520339966
445,458,2.0,1.9644739627838135
886,101,4.0,3.222057819366455
476,80,3.0,2.760925054550171
292,320,5.0,3.8478944301605225
393,380,2.0,3.392848491668701
7,99,5.0,4.2369794845581055
405,996,1.0,1.388350248336792
494,507,4.0,3.962395668029785
614,476,3.0,2.886138916015625
409,343,3.0,2.9992876052856445
463,149,2.0,2.7515604496002197
169,174,4.0,4.199085712432861
181,1382,1.0,1.299595594406128
654,66,4.0,3.532327175140381
887,559,4.0,3.710829019546509
693,180,3.0,3.331392526626587
236,200,3.0,3.6226255893707275
374,1001,1.0,2.0736210346221924
831,877,2.0,2.264857292175293
710,64,4.0,4.218795299530029
460,258,3.0,3.5973129272460938
514,582,4.0,3.772948741912842
303,366,3.0,3.457080602645874
577,1531,4.0,3.4402835369110107
184,218,3.0,3.47554349899292
366,448,5.0,4.111904144287109
551,68,2.0,3.7494049072265625
235,269,4.0,4.037503242492676
503,430,5.0,4.3137359619140625
374,289,1.0,2.9873099327087402
268,114,5.0,3.8530919551849365
648,527,4.0,3.9733691215515137
7,418,4.0,4.0803375244140625
707,694,4.0,3.9900338649749756
486,25,4.0,3.2244367599487305
345,202,3.0,3.8843133449554443
650,550,3.0,2.819875717163086
648,121,5.0,3.3068935871124268
241,302,3.0,3.914621353149414
815,526,4.0,4.0632195472717285
292,174,5.0,4.799891948699951
343,747,4.0,3.7914843559265137
6,477,1.0,2.9848392009735107
707,1174,5.0,3.2132158279418945
886,709,3.0,4.031654357910156
841,333,4.0,3.994391918182373
882,205,5.0,4.569610118865967
364,1048,5.0,3.0281624794006348
496,204,3.0,3.242739677429199
430,152,4.0,3.4525458812713623
450,492,5.0,4.1468610763549805
679,95,3.0,3.641878843307495
1,213,2.0,4.146469593048096
835,354,3.0,3.814141035079956
715,237,4.0,3.5481488704681396
314,1139,5.0,3.205389976501465
727,802,2.0,2.6493706703186035
7,637,4.0,3.443033456802368
416,41,3.0,3.494306802749634
731,1269,3.0,3.3243532180786133
383,513,5.0,4.826096534729004
782,1096,2.0,1.9955929517745972
321,736,4.0,3.6997900009155273
899,385,3.0,3.415093183517456
654,153,4.0,3.8155341148376465
678,1129,1.0,3.727245330810547
92,665,3.0,2.746093273162842
830,88,4.0,3.518859624862671
160,328,3.0,3.53696346282959
286,993,2.0,3.8420348167419434
620,393,5.0,3.7720329761505127
409,608,4.0,3.8834776878356934
305,326,2.0,2.99920392036438
587,259,4.0,2.583402633666992
269,179,4.0,3.34378719329834
534,288,4.0,4.301937103271484
690,546,4.0,2.755244731903076
201,157,4.0,3.1452388763427734
897,127,5.0,4.794364929199219
922,380,4.0,3.2968344688415527
59,1118,2.0,3.5406715869903564
244,707,4.0,4.319485664367676
267,364,2.0,3.1512889862060547
932,274,5.0,3.5587282180786133
655,1214,2.0,2.07226824760437
504,399,4.0,3.440786361694336
405,372,1.0,2.165215015411377
354,1017,3.0,3.272739887237549
162,147,4.0,3.4888052940368652
222,167,3.0,2.8672585487365723
85,270,3.0,3.2977097034454346
491,408,5.0,4.551416873931885
25,143,3.0,3.8861711025238037
887,393,4.0,3.794513463973999
174,88,5.0,3.9390227794647217
454,660,3.0,2.9550821781158447
280,50,3.0,4.5971360206604
655,215,2.0,3.0101547241210938
887,13,1.0,3.8786847591400146
538,238,5.0,3.5792407989501953
554,405,4.0,3.3860695362091064
659,1044,4.0,3.4376211166381836
836,163,5.0,3.7370686531066895
404,300,4.0,3.6653733253479004
643,70,3.0,3.691171407699585
514,109,3.0,3.732897996902466
482,288,3.0,3.390018939971924
343,89,3.0,4.584286212921143
478,300,3.0,3.268216609954834
457,959,4.0,4.147695064544678
454,317,4.0,3.085069417953491
183,202,4.0,3.396672487258911
160,137,4.0,4.057978630065918
567,299,4.0,2.8552281856536865
802,565,3.0,2.741102457046509
889,210,4.0,3.780907392501831
479,295,1.0,3.3156168460845947
271,487,4.0,3.8660128116607666
650,602,4.0,3.1701369285583496
59,147,5.0,3.679409980773926
446,879,3.0,2.8547616004943848
605,521,5.0,4.0362348556518555
659,505,4.0,4.078073024749756
7,578,3.0,3.7538609504699707
345,278,3.0,3.205686092376709
767,222,5.0,3.9846274852752686
523,1041,4.0,3.736466646194458
292,248,4.0,3.9832448959350586
654,926,4.0,2.7421927452087402
904,778,3.0,3.7977359294891357
877,949,3.0,3.5164825916290283
643,959,3.0,3.6603755950927734
407,177,4.0,3.72540545463562
478,79,4.0,3.7477996349334717
60,496,4.0,4.455105781555176
474,357,5.0,4.678431034088135
10,175,3.0,4.37507438659668
425,576,3.0,2.7073545455932617
215,692,3.0,3.7707297801971436
880,394,3.0,3.7122573852539062
419,100,5.0,4.434999465942383
194,25,2.0,2.910698413848877
554,179,3.0,3.9402854442596436
484,71,2.0,4.413731098175049
843,71,2.0,2.8764424324035645
189,121,2.0,3.633803367614746
622,125,3.0,3.606745958328247
642,393,5.0,3.742260694503784
664,12,5.0,4.325249195098877
749,11,5.0,4.056671142578125
669,508,3.0,3.143669366836548
474,79,5.0,4.360445022583008
378,1220,3.0,3.4238226413726807
537,972,3.0,2.7286195755004883
330,570,4.0,3.881882429122925
552,249,3.0,2.9821085929870605
313,482,5.0,4.033247947692871
82,304,3.0,3.094945192337036
382,474,5.0,3.705843448638916
351,748,4.0,4.019274711608887
648,172,5.0,4.154610633850098
839,813,4.0,3.702319383621216
923,148,4.0,3.9719531536102295
932,498,5.0,4.547525405883789
184,708,4.0,3.3529245853424072
303,160,4.0,3.493717670440674
694,300,4.0,3.7814314365386963
489,351,5.0,3.3021130561828613
343,116,5.0,4.1925048828125
23,116,5.0,3.6882143020629883
385,486,2.0,3.317890167236328
523,186,3.0,4.561631202697754
210,176,4.0,4.47291374206543
172,430,3.0,3.3646068572998047
464,984,2.0,3.258321523666382
654,591,5.0,3.6736295223236084
297,47,2.0,3.345773458480835
536,49,3.0,3.5628952980041504
487,229,3.0,3.230170488357544
267,198,5.0,4.679567813873291
463,224,3.0,3.235447883605957
591,357,5.0,4.353850364685059
488,429,4.0,3.520357608795166
95,274,4.0,3.406294107437134
207,15,4.0,3.3305301666259766
496,727,5.0,2.8412530422210693
886,4,3.0,3.494131565093994
189,134,5.0,4.527875900268555
458,86,5.0,3.986027240753174
911,99,3.0,3.6355092525482178
711,316,4.0,4.200953006744385
204,269,4.0,3.8826334476470947
429,293,4.0,3.808403730392456
682,570,2.0,2.921717882156372
373,211,4.0,3.9223530292510986
269,120,1.0,1.923509955406189
899,660,4.0,3.6256561279296875
825,742,4.0,4.04134464263916
716,651,5.0,4.222283840179443
798,105,3.0,2.4803802967071533
675,305,4.0,3.7374749183654785
608,1101,4.0,3.7624666690826416
154,286,4.0,3.7385687828063965
669,79,2.0,3.5635833740234375
184,451,4.0,3.316351890563965
379,175,5.0,4.365697860717773
617,174,1.0,3.1537718772888184
796,546,4.0,3.1672444343566895
60,237,4.0,3.8628647327423096
207,192,3.0,3.6872270107269287
400,313,5.0,4.671330451965332
856,316,5.0,3.9649462699890137
879,121,4.0,3.4984850883483887
671,255,5.0,3.447183609008789
933,96,2.0,3.211850643157959
401,144,5.0,3.0718984603881836
429,176,3.0,4.038716793060303
429,1217,2.0,2.9213788509368896
291,735,4.0,4.306572914123535
416,29,2.0,2.969827890396118
773,462,5.0,3.490966320037842
567,79,2.0,3.9935691356658936
805,716,4.0,3.011382818222046
619,566,4.0,3.5651371479034424
378,106,2.0,2.9304962158203125
181,277,1.0,1.5857347249984741
566,157,5.0,3.398074150085449
312,69,4.0,4.14483642578125
286,629,5.0,3.6345157623291016
522,521,5.0,4.221294403076172
828,900,2.0,3.5021839141845703
449,274,2.0,3.535844326019287
313,186,3.0,3.8562934398651123
918,656,4.0,3.621553659439087
488,292,3.0,3.2747673988342285
805,1232,3.0,2.4410552978515625
702,313,5.0,3.1297905445098877
331,160,5.0,3.036989688873291
109,597,2.0,3.0789871215820312
497,260,4.0,2.4508602619171143
417,1057,2.0,2.2870326042175293
694,132,5.0,4.411637783050537
502,751,3.0,3.503643035888672
660,1133,2.0,2.3780429363250732
894,61,4.0,3.935244560241699
294,249,5.0,3.5207033157348633
537,694,4.0,3.2368927001953125
417,444,4.0,2.746446371078491
606,91,5.0,4.091738700866699
821,125,4.0,4.273633003234863
216,651,5.0,4.268664836883545
314,8,4.0,4.46817684173584
363,218,2.0,3.1303811073303223
815,433,3.0,3.8419508934020996
629,876,3.0,2.8977622985839844
275,186,3.0,3.459773063659668
291,1505,4.0,0.7469274997711182
495,421,1.0,4.0772600173950195
721,319,3.0,3.474127769470215
911,174,4.0,4.18662166595459
407,859,3.0,2.659966468811035
321,863,3.0,3.7214014530181885
748,237,4.0,3.3691139221191406
456,588,3.0,3.7078635692596436
292,111,4.0,3.857046365737915
605,523,5.0,4.178261756896973
2,13,4.0,3.513589859008789
561,117,3.0,2.9907000064849854
420,116,4.0,4.044495582580566
131,302,5.0,4.40896463394165
90,659,4.0,4.718551158905029
846,674,4.0,3.23523211479187
299,88,3.0,3.299875497817993
932,524,5.0,4.33305549621582
375,773,3.0,2.879136562347412
380,81,3.0,3.023557186126709
239,509,5.0,4.210661888122559
325,554,1.0,2.705162763595581
833,47,5.0,3.070357084274292
924,701,4.0,3.7030813694000244
106,495,4.0,3.6823508739471436
127,300,5.0,3.8020074367523193
645,483,5.0,4.769211292266846
343,631,4.0,3.9894275665283203
568,213,4.0,3.3247852325439453
116,323,3.0,2.4852452278137207
567,12,4.0,4.3065924644470215
735,300,4.0,3.2544453144073486
82,357,4.0,3.969682455062866
478,282,3.0,3.4924516677856445
422,436,3.0,3.7748262882232666
623,504,3.0,3.8529393672943115
913,92,4.0,3.2998359203338623
13,329,2.0,2.8301093578338623
361,705,5.0,3.919518232345581
14,507,4.0,4.062407970428467
1,27,2.0,3.3326828479766846
7,638,4.0,4.471149444580078
585,1021,3.0,4.107418060302734
279,1113,3.0,3.2643866539001465
498,464,4.0,3.2723186016082764
287,252,1.0,3.3983073234558105
318,193,3.0,4.192774772644043
90,212,4.0,3.852416753768921
458,423,2.0,3.8407905101776123
88,898,4.0,3.122509479522705
735,50,5.0,3.941859722137451
620,465,4.0,3.9941775798797607
251,418,4.0,3.769563913345337
862,1050,5.0,4.212364673614502
191,86,5.0,3.7743566036224365
402,257,4.0,4.0102338790893555
516,199,3.0,4.53581428527832
90,367,4.0,4.036914348602295
831,690,4.0,3.1738200187683105
693,449,2.0,2.574723720550537
303,734,1.0,2.7328598499298096
331,198,4.0,3.7373852729797363
933,95,3.0,3.0482804775238037
671,55,3.0,3.8409903049468994
874,116,4.0,3.8023746013641357
374,566,3.0,3.5514917373657227
123,13,3.0,3.546527624130249
880,150,4.0,4.068775177001953
444,286,2.0,3.927656650543213
880,176,5.0,4.233613014221191
379,636,3.0,3.6047825813293457
422,15,3.0,3.6940464973449707
676,50,5.0,4.518357276916504
409,497,3.0,3.9296891689300537
123,288,3.0,3.465212345123291
262,217,3.0,2.8903708457946777
802,194,4.0,4.25083065032959
174,458,4.0,3.560375452041626
756,566,4.0,3.2470011711120605
87,64,5.0,4.975135326385498
13,281,3.0,2.82437801361084
466,273,4.0,3.385392427444458
42,222,4.0,3.79373836517334
630,123,4.0,3.0245862007141113
693,181,3.0,3.288851022720337
190,310,4.0,3.555337429046631
574,750,3.0,3.8276138305664062
301,515,3.0,4.344031810760498
1,137,5.0,3.9806647300720215
327,156,4.0,3.4890735149383545
26,50,4.0,3.7620110511779785
896,201,3.0,3.082665205001831
534,1059,4.0,3.3833913803100586
87,318,4.0,5.04496431350708
654,963,4.0,4.288279056549072
788,144,4.0,3.436091899871826
919,11,4.0,3.8343398571014404
537,236,3.0,2.881068468093872
6,133,4.0,3.612962484359741
160,488,5.0,4.521307945251465
377,682,3.0,3.174415111541748
804,282,4.0,4.02229642868042
398,49,3.0,3.2721519470214844
82,87,3.0,3.672273874282837
625,200,3.0,3.460906505584717
749,498,4.0,4.38899040222168
862,432,5.0,4.335394382476807
92,631,4.0,3.45402193069458
721,995,3.0,3.4188461303710938
551,89,4.0,4.530348777770996
870,313,4.0,3.997352361679077
498,1404,3.0,3.084718704223633
125,996,3.0,2.1966476440429688
846,1107,4.0,3.40053129196167
287,111,3.0,4.010358810424805
437,588,3.0,3.8032684326171875
291,418,4.0,4.01901912689209
640,761,5.0,3.4431843757629395
72,161,5.0,3.4491615295410156
291,293,5.0,4.298098087310791
932,530,4.0,4.507185459136963
10,692,4.0,4.022948265075684
372,595,4.0,3.6258113384246826
503,134,5.0,4.466391086578369
681,894,1.0,1.9745368957519531
163,318,4.0,3.8650763034820557
683,311,3.0,3.533108711242676
276,154,4.0,3.944021701812744
593,660,5.0,3.8927230834960938
299,318,4.0,4.229928970336914
288,173,3.0,4.140006065368652
468,1016,3.0,3.6643683910369873
41,28,4.0,3.812338352203369
923,405,4.0,4.172305583953857
363,588,2.0,3.3212931156158447
198,188,5.0,3.3463048934936523
729,333,4.0,3.148228168487549
370,603,5.0,4.08051872253418
758,253,5.0,3.828618049621582
126,258,4.0,3.9182534217834473
892,1285,4.0,3.5181968212127686
303,289,2.0,2.975804090499878
618,50,5.0,4.079578399658203
428,303,3.0,4.2514567375183105
798,432,4.0,3.4738712310791016
125,175,2.0,4.002347469329834
343,333,3.0,3.718503952026367
471,8,5.0,3.4673423767089844
430,748,3.0,2.8724796772003174
191,751,3.0,3.3556888103485107
14,813,2.0,4.249155521392822
938,929,2.0,2.623305559158325
381,887,3.0,3.879673719406128
296,7,5.0,4.1957292556762695
363,1101,3.0,3.325791597366333
19,288,3.0,3.294565439224243
932,1449,5.0,4.459329128265381
450,1197,3.0,4.154324531555176
931,258,3.0,3.9579720497131348
109,409,2.0,3.1897528171539307
405,1224,1.0,1.7000216245651245
537,664,3.0,3.085710048675537
588,154,4.0,3.9727602005004883
168,866,5.0,3.26436448097229
342,143,5.0,3.587500810623169
796,486,5.0,3.995790719985962
338,215,3.0,3.6028919219970703
660,182,2.0,3.117286205291748
533,66,4.0,3.3246567249298096
493,1088,2.0,1.9802807569503784
612,15,4.0,3.6082603931427
933,585,1.0,2.0318703651428223
75,476,1.0,3.067525863647461
887,105,3.0,2.8789117336273193
24,402,4.0,4.059370994567871
435,121,3.0,3.3131396770477295
841,270,4.0,3.9929871559143066
593,196,5.0,4.029287338256836
843,616,3.0,2.722003221511841
25,633,4.0,4.203171730041504
130,392,4.0,4.291646957397461
848,172,5.0,4.6144561767578125
389,510,3.0,4.176722526550293
98,116,5.0,3.5885815620422363
749,393,5.0,3.4666454792022705
251,1,4.0,4.097557067871094
648,288,4.0,3.268256902694702
347,742,5.0,3.6317191123962402
643,186,4.0,4.001033306121826
242,361,5.0,4.245275497436523
398,519,4.0,4.059814453125
796,248,3.0,3.6876602172851562
195,258,4.0,3.8045191764831543
610,79,3.0,3.98041033744812
716,497,3.0,4.1844377517700195
655,410,2.0,2.6768908500671387
524,94,2.0,2.9927725791931152
880,24,3.0,3.6249608993530273
647,174,4.0,4.465903282165527
210,127,5.0,4.860174655914307
343,11,5.0,4.264194488525391
374,526,4.0,3.8399415016174316
445,291,2.0,2.057516574859619
670,659,5.0,3.970033645629883
18,729,3.0,3.5577552318573
276,728,2.0,3.1408071517944336
479,121,4.0,3.227590799331665
416,347,4.0,3.9872167110443115
592,338,2.0,2.7657763957977295
466,4,3.0,3.3824667930603027
293,248,3.0,3.2238330841064453
272,1101,5.0,4.219645023345947
236,194,3.0,3.8848066329956055
657,628,3.0,3.1943721771240234
43,95,4.0,3.9753668308258057
308,121,3.0,3.4863290786743164
500,569,4.0,2.687866687774658
605,70,3.0,3.6433451175689697
450,704,3.0,3.4880857467651367
279,109,5.0,3.492056369781494
940,628,4.0,3.28694486618042
506,425,4.0,4.04409646987915
864,356,4.0,3.4797511100769043
942,969,4.0,4.331659317016602
700,169,3.0,4.079787254333496
249,467,4.0,4.153189659118652
352,385,4.0,3.5187363624572754
860,294,2.0,2.8455777168273926
846,751,5.0,3.5684444904327393
269,665,1.0,2.4065160751342773
654,210,5.0,3.9883151054382324
523,202,4.0,4.416234016418457
43,705,4.0,4.130577087402344
721,145,4.0,2.7187530994415283
18,1,5.0,3.946139335632324
880,412,3.0,2.3842155933380127
360,45,4.0,4.173501014709473
457,179,4.0,4.586968898773193
286,476,4.0,3.355103015899658
186,470,5.0,3.7572426795959473
262,191,4.0,3.8220643997192383
219,132,5.0,4.21292781829834
724,683,1.0,1.7341058254241943
279,284,1.0,3.09689998626709
378,47,4.0,3.5175442695617676
577,226,4.0,3.5245769023895264
276,1240,4.0,3.9808452129364014
916,203,4.0,3.5812299251556396
743,301,4.0,3.3468453884124756
486,1609,3.0,0.9798939824104309
911,530,4.0,4.146031379699707
863,750,4.0,3.797532796859741
60,430,5.0,4.385087966918945
798,378,4.0,3.5315849781036377
334,313,4.0,3.9736273288726807
308,143,4.0,3.765437364578247
204,748,1.0,2.7950243949890137
632,134,5.0,4.2137651443481445
664,215,4.0,3.648973226547241
416,127,5.0,4.924192905426025
429,42,5.0,3.7907779216766357
823,53,5.0,3.3148114681243896
488,70,3.0,3.2471041679382324
393,546,2.0,3.140258312225342
795,25,5.0,3.0356149673461914
28,380,4.0,3.4261107444763184
22,209,4.0,4.184775352478027
313,127,5.0,4.301865577697754
341,358,1.0,3.357187271118164
641,511,5.0,4.478116512298584
551,587,4.0,4.01362419128418
896,1437,1.0,2.108682632446289
883,270,4.0,3.814375877380371
385,208,3.0,3.4235706329345703
834,292,5.0,3.9193379878997803
18,204,3.0,3.97395658493042
412,276,5.0,3.7011499404907227
645,319,3.0,3.426231622695923
543,97,3.0,3.5984699726104736
852,827,2.0,3.014669418334961
181,116,1.0,1.6814967393875122
385,46,5.0,3.1265411376953125
447,17,3.0,3.3361713886260986
218,47,4.0,3.3184385299682617
472,216,4.0,4.9474358558654785
776,135,4.0,3.9025444984436035
298,276,2.0,3.9052493572235107
372,1212,4.0,3.3690578937530518
327,338,1.0,2.339263439178467
409,1558,5.0,3.2711639404296875
900,129,4.0,2.707650661468506
903,56,5.0,4.259135723114014
222,97,4.0,3.581808567047119
22,29,1.0,2.6880972385406494
13,116,5.0,3.5285627841949463
132,806,3.0,3.390690326690674
437,95,4.0,3.806699275970459
606,483,5.0,5.073774337768555
934,529,5.0,3.963031053543091
624,1017,3.0,3.4822492599487305
278,603,5.0,4.629550933837891
201,1421,3.0,2.8080997467041016
537,1010,2.0,2.7623138427734375
524,7,2.0,3.62126088142395
412,508,4.0,3.612025499343872
201,25,3.0,2.9228179454803467
706,24,3.0,3.287473678588867
620,294,5.0,3.508363962173462
342,293,4.0,3.720775604248047
128,603,5.0,4.439122200012207
380,582,4.0,3.0547454357147217
585,190,4.0,4.367727279663086
654,1048,3.0,3.023603916168213
368,17,5.0,3.098771095275879
835,458,4.0,3.4625778198242188
928,749,5.0,3.8463311195373535
64,174,5.0,4.133233070373535
486,882,2.0,3.410095453262329
116,349,2.0,2.5769150257110596
236,614,5.0,3.6552116870880127
839,244,3.0,2.912773609161377
339,461,5.0,3.8399529457092285
11,332,5.0,3.3501901626586914
843,385,3.0,2.7171640396118164
796,873,3.0,3.0686557292938232
642,422,3.0,2.9238545894622803
116,730,4.0,3.189476251602173
126,346,3.0,3.661842107772827
233,462,5.0,4.259116172790527
5,432,4.0,3.3949790000915527
450,78,2.0,2.708343505859375
716,609,3.0,3.667462110519409
181,7,4.0,1.7077968120574951
372,148,5.0,4.021106719970703
66,7,3.0,3.7774691581726074
882,969,5.0,4.395185470581055
354,83,4.0,4.015651702880859
24,127,5.0,4.916502475738525
189,179,5.0,4.191934585571289
228,427,4.0,3.405667304992676
223,866,4.0,3.011488199234009
279,1133,2.0,2.9883713722229004
291,573,4.0,3.547053098678589
62,273,4.0,3.3101460933685303
198,156,3.0,3.5172622203826904
561,346,5.0,2.993051528930664
303,800,3.0,3.1511971950531006
210,44,3.0,3.8130056858062744
119,182,4.0,4.557366847991943
697,235,4.0,3.361786365509033
254,678,3.0,2.398550033569336
346,216,3.0,3.7389562129974365
291,1078,4.0,3.2964022159576416
301,702,4.0,3.1602249145507812
907,271,5.0,4.302848815917969
344,213,4.0,4.105254173278809
614,458,4.0,3.0322699546813965
64,160,4.0,3.2260890007019043
352,234,4.0,3.759587526321411
886,380,3.0,3.2225494384765625
454,323,2.0,2.678529977798462
943,182,5.0,4.104323863983154
490,137,3.0,3.0008432865142822
280,180,4.0,4.259537220001221
701,289,4.0,3.380866050720215
154,414,4.0,3.888676881790161
497,739,4.0,3.125666618347168
761,458,1.0,2.7914810180664062
308,506,4.0,3.9767398834228516
347,173,2.0,4.279584884643555
194,435,4.0,3.4593019485473633
181,1392,1.0,1.1945000886917114
646,683,3.0,2.2187414169311523
236,294,2.0,3.1156463623046875
354,847,3.0,3.856567859649658
161,1266,2.0,2.483893871307373
405,770,1.0,2.0833847522735596
178,64,5.0,4.644225597381592
425,232,3.0,2.9485843181610107
378,636,3.0,3.3119421005249023
450,794,5.0,3.885089159011841
910,307,2.0,3.018234968185425
919,5,4.0,3.205421209335327
347,385,4.0,3.6715095043182373
385,896,5.0,3.4148800373077393
29,245,3.0,3.188401699066162
6,216,5.0,3.624140977859497
145,66,4.0,3.685421943664551
933,144,4.0,3.0409178733825684
177,302,4.0,4.06894063949585
474,28,4.0,4.216333389282227
234,418,3.0,3.0331499576568604
453,763,4.0,3.2508654594421387
459,111,3.0,3.4646456241607666
871,127,5.0,4.159525394439697
659,670,2.0,3.1274380683898926
804,139,3.0,3.078821897506714
419,275,5.0,4.245303153991699
942,313,3.0,4.841976642608643
722,845,5.0,3.690838098526001
710,23,5.0,4.093031406402588
727,827,3.0,2.5605335235595703
224,751,3.0,3.0299644470214844
713,302,4.0,3.3985297679901123
488,707,2.0,3.5725018978118896
854,273,4.0,3.138378381729126
444,1483,2.0,3.645045518875122
886,715,1.0,3.235419750213623
883,387,5.0,3.612917184829712
848,419,5.0,4.081809043884277
447,260,2.0,2.576119899749756
271,493,4.0,4.130223274230957
135,324,3.0,2.996363639831543
774,468,2.0,2.0539212226867676
710,300,3.0,3.0808234214782715
498,538,1.0,2.9925050735473633
294,472,3.0,3.2693121433258057
196,153,5.0,3.7910373210906982
393,689,3.0,3.1984331607818604
601,82,1.0,3.2020463943481445
909,1121,5.0,4.4171342849731445
862,568,3.0,4.270255088806152
425,1,2.0,3.3563878536224365
868,426,4.0,2.6356401443481445
387,558,4.0,3.580531597137451
541,254,3.0,2.553140878677368
230,174,5.0,4.487188339233398
883,20,4.0,3.576219081878662
142,333,5.0,3.5996997356414795
147,937,3.0,3.95065975189209
749,501,4.0,3.5993354320526123
256,831,4.0,3.0065512657165527
498,156,5.0,3.3891632556915283
378,179,2.0,3.9366140365600586
489,270,4.0,4.252244472503662
925,567,3.0,2.678713798522949
237,423,4.0,3.8859047889709473
262,546,2.0,2.6912808418273926
715,157,4.0,3.60056209564209
896,429,5.0,3.5052828788757324
654,54,3.0,3.320481777191162
558,283,3.0,4.119525909423828
83,768,4.0,3.2372539043426514
751,100,4.0,4.13198709487915
267,1185,2.0,2.621213674545288
405,1231,1.0,1.6429933309555054
773,181,5.0,3.615830421447754
757,229,3.0,2.8720717430114746
416,274,4.0,3.8175649642944336
227,823,2.0,2.746262550354004
385,1097,5.0,3.1576831340789795
533,148,3.0,3.0513503551483154
458,302,5.0,4.266392707824707
324,410,5.0,3.8342599868774414
22,510,5.0,4.245190620422363
95,787,2.0,3.3219075202941895
606,93,4.0,4.168144702911377
621,722,4.0,2.995743989944458
151,971,5.0,4.0885162353515625
900,237,4.0,2.5768861770629883
495,655,5.0,4.540417671203613
321,513,4.0,4.245024681091309
250,44,4.0,3.74055552482605
532,277,5.0,4.315983295440674
354,423,4.0,3.7672557830810547
642,998,3.0,2.7833266258239746
238,252,3.0,2.951525926589966
56,568,4.0,3.8437576293945312
921,284,4.0,2.8789472579956055
459,1013,3.0,2.327720880508423
511,880,5.0,3.4288227558135986
527,543,4.0,3.457162618637085
765,242,5.0,4.477265357971191
295,7,5.0,4.408681392669678
90,923,5.0,4.85980224609375
371,55,4.0,3.902977228164673
271,476,1.0,2.841636896133423
682,942,2.0,3.3115930557250977
868,133,2.0,3.2982635498046875
848,151,4.0,3.9657483100891113
311,484,4.0,4.474161624908447
727,154,3.0,3.5502800941467285
42,50,5.0,4.582766056060791
937,874,3.0,3.1649906635284424
331,514,3.0,3.576263427734375
442,1218,2.0,3.2257986068725586
54,313,4.0,4.9515790939331055
487,841,2.0,2.925248861312866
761,263,1.0,1.8421180248260498
805,735,4.0,3.702479839324951
472,172,5.0,5.433492183685303
545,80,3.0,2.722548246383667
788,174,2.0,3.9117586612701416
591,47,3.0,3.5599544048309326
391,47,4.0,3.522981643676758
896,489,5.0,3.6262552738189697
878,50,4.0,3.832467794418335
498,185,4.0,3.5381205081939697
144,300,3.0,3.367903709411621
683,22,4.0,3.8947789669036865
450,717,4.0,3.060763120651245
495,413,5.0,2.9748806953430176
561,426,1.0,2.5617284774780273
65,514,4.0,4.0127363204956055
776,174,5.0,4.179969787597656
125,475,1.0,3.9727535247802734
918,196,3.0,3.3032655715942383
700,423,4.0,3.4865119457244873
542,321,4.0,3.087306499481201
554,67,3.0,3.00667142868042
144,89,3.0,4.113054275512695
279,411,3.0,2.894094467163086
415,1524,5.0,4.3848114013671875
450,1282,3.0,3.5793986320495605
250,98,5.0,4.654847145080566
782,339,3.0,2.9637184143066406
392,1007,5.0,4.535765647888184
608,735,4.0,3.730097770690918
543,64,4.0,4.150084495544434
381,313,2.0,4.508898735046387
286,689,5.0,3.5050547122955322
721,288,3.0,3.6114208698272705
747,174,5.0,4.6840128898620605
406,23,4.0,4.071381568908691
319,261,3.0,2.4530768394470215
109,294,4.0,3.1814422607421875
829,255,3.0,3.148062229156494
456,1019,4.0,3.9433515071868896
42,953,2.0,3.5850579738616943
128,487,5.0,4.0923566818237305
786,504,4.0,4.144225120544434
121,192,4.0,4.0266008377075195
158,250,4.0,3.631739377975464
294,100,4.0,4.469710350036621
604,185,2.0,3.757702589035034
843,77,2.0,2.532135486602783
805,455,4.0,3.2315618991851807
788,553,3.0,2.962975025177002
435,169,5.0,4.240619659423828
346,879,5.0,3.123292922973633
670,195,4.0,3.7942187786102295
313,163,2.0,3.5600554943084717
390,989,5.0,3.2353124618530273
880,248,4.0,3.7764885425567627
5,135,4.0,3.645016670227051
552,127,4.0,3.9572720527648926
696,178,4.0,4.769265174865723
665,748,4.0,2.9766368865966797
622,62,4.0,3.1822879314422607
786,211,4.0,4.080859661102295
119,349,3.0,3.4338197708129883
554,284,3.0,3.1789023876190186
522,530,4.0,4.4785590171813965
318,182,4.0,4.20447301864624
588,204,5.0,4.200096607208252
438,269,4.0,4.7306389808654785
512,186,5.0,4.313298225402832
745,96,4.0,3.0886940956115723
59,654,4.0,4.689637660980225
178,62,4.0,3.3406107425689697
385,526,3.0,3.3663487434387207
357,407,3.0,3.058959484100342
412,172,5.0,4.306557655334473
344,319,1.0,3.346052408218384
393,40,1.0,3.1396865844726562
457,755,4.0,3.888169527053833
523,1472,5.0,2.113006353378296
394,97,4.0,4.248452186584473
305,50,5.0,3.985609531402588
738,183,5.0,3.931094169616699
890,163,3.0,3.6799850463867188
210,419,4.0,4.217991828918457
694,665,4.0,3.0644171237945557
535,381,3.0,3.590871810913086
138,222,4.0,3.906503677368164
385,175,4.0,3.39962100982666
623,692,3.0,3.5586190223693848
574,347,3.0,3.440492868423462
314,869,4.0,3.474442481994629
632,215,4.0,3.6464595794677734
379,47,5.0,3.8899741172790527
111,272,3.0,4.265888214111328
514,729,4.0,3.656351089477539
450,776,4.0,3.5129549503326416
533,111,4.0,3.285804510116577
11,740,4.0,3.342642307281494
5,216,1.0,3.5297939777374268
230,504,3.0,4.118269920349121
62,132,5.0,3.78971004486084
506,554,3.0,3.0182993412017822
788,429,3.0,3.5717997550964355
654,147,3.0,3.4247326850891113
833,645,3.0,3.426630735397339
537,230,2.0,2.7227556705474854
555,274,4.0,3.6939806938171387
42,603,4.0,4.5418572425842285
703,300,4.0,3.5234427452087402
467,93,4.0,3.8552651405334473
79,19,5.0,4.341946601867676
844,258,4.0,3.5789012908935547
85,1065,3.0,3.4311740398406982
298,503,4.0,3.823848009109497
50,324,5.0,3.0409367084503174
933,578,1.0,2.6189889907836914
404,689,2.0,3.101987838745117
293,571,2.0,2.314716339111328
11,660,3.0,3.6574203968048096
455,258,5.0,3.643775463104248
94,686,4.0,3.8525166511535645
458,317,5.0,4.015405654907227
880,948,4.0,2.272709846496582
354,638,4.0,3.8662257194519043
630,12,4.0,4.001633167266846
250,195,2.0,4.314449310302734
524,898,4.0,2.9750723838806152
90,1204,4.0,4.129987716674805
314,28,5.0,4.486144065856934
416,865,3.0,3.7696518898010254
311,39,4.0,3.4367079734802246
106,313,4.0,4.307023525238037
561,733,3.0,3.007385492324829
450,318,5.0,4.903574466705322
398,276,4.0,3.556370496749878
712,1503,4.0,3.2452406883239746
864,382,3.0,3.995401382446289
708,1061,3.0,2.958019495010376
655,59,4.0,3.2917795181274414
913,235,1.0,2.690138816833496
268,768,3.0,2.6541292667388916
365,1017,4.0,3.3420426845550537
417,792,4.0,3.6462254524230957
8,518,4.0,4.18922758102417
846,435,5.0,4.212864875793457
916,190,4.0,4.031761169433594
630,465,1.0,3.3301868438720703
379,577,4.0,2.3641815185546875
286,1047,1.0,3.109175682067871
940,751,3.0,3.2800838947296143
85,8,4.0,3.725395917892456
538,276,1.0,3.378038167953491
85,298,4.0,3.511441230773926
686,23,5.0,4.98988151550293
505,271,4.0,3.058000087738037
334,1048,4.0,2.8720107078552246
298,485,3.0,4.1068620681762695
269,393,1.0,2.7462754249572754
197,328,4.0,3.217251777648926
474,610,3.0,4.073332786560059
807,428,4.0,4.310019493103027
833,289,1.0,2.607499361038208
1,180,3.0,4.214247703552246
785,195,4.0,3.943831443786621
837,225,3.0,2.89113450050354
506,135,5.0,4.153348922729492
43,202,5.0,3.8740575313568115
181,1,3.0,1.8215055465698242
495,185,5.0,4.662169933319092
777,42,5.0,3.8522682189941406
910,300,4.0,2.9687952995300293
388,895,4.0,3.791261911392212
774,238,5.0,2.484438896179199
303,24,3.0,3.5545248985290527
123,289,1.0,3.0963504314422607
417,552,2.0,2.815211296081543
6,473,2.0,2.986419439315796
897,95,3.0,4.239538192749023
642,153,3.0,4.188410758972168
285,300,4.0,3.7042436599731445
639,204,3.0,3.1132030487060547
398,73,3.0,3.340932846069336
592,685,2.0,3.504560947418213
207,290,2.0,2.888904333114624
223,329,2.0,2.9963464736938477
13,612,4.0,3.815129518508911
743,302,5.0,4.328302383422852
905,879,3.0,3.193439483642578
144,96,5.0,3.9502956867218018
267,715,4.0,3.826958656311035
763,173,4.0,4.243696212768555
562,318,3.0,4.326681137084961
669,514,3.0,3.479621410369873
387,1078,1.0,2.797086477279663
7,680,4.0,2.8663394451141357
350,1039,4.0,4.294317722320557
232,191,4.0,4.282252311706543
151,133,5.0,4.214064598083496
878,274,3.0,2.9455652236938477
463,741,1.0,2.9909677505493164
686,172,4.0,5.002533435821533
920,299,2.0,2.603748321533203
365,275,4.0,4.083000183105469
864,8,5.0,4.240898609161377
654,265,5.0,3.8488826751708984
721,172,5.0,4.385478973388672
495,168,5.0,4.708080768585205
474,14,5.0,4.2453508377075195
457,134,5.0,4.945157527923584
456,125,4.0,3.460601329803467
901,451,4.0,3.7515058517456055
514,42,5.0,3.939267158508301
407,313,4.0,4.095709800720215
269,346,2.0,3.0438616275787354
484,222,5.0,4.0596604347229
79,1,4.0,4.181982040405273
916,727,4.0,3.205127000808716
454,649,2.0,2.6321229934692383
44,90,2.0,3.0023868083953857
629,880,4.0,3.3527016639709473
825,137,2.0,4.158910751342773
591,923,4.0,4.3323073387146
523,634,5.0,4.133598804473877
684,371,2.0,3.2899951934814453
587,539,3.0,2.363576889038086
196,70,3.0,3.6009912490844727
804,152,4.0,3.8974626064300537
347,117,5.0,3.7997734546661377
881,143,5.0,3.574662685394287
805,552,3.0,2.833813428878784
397,334,3.0,3.4387874603271484
349,20,5.0,3.310817241668701
144,302,3.0,4.159600734710693
339,23,5.0,4.6097412109375
92,725,3.0,2.613227128982544
867,216,3.0,4.254817962646484
749,56,2.0,4.210107326507568
276,426,3.0,3.1646876335144043
527,508,3.0,3.3667044639587402
336,1051,2.0,3.118757724761963
859,293,4.0,4.312860488891602
405,1200,1.0,2.061521053314209
634,50,4.0,4.394157886505127
6,238,5.0,3.6775951385498047
797,328,2.0,2.7777442932128906
795,154,3.0,3.3500728607177734
661,172,5.0,4.408611297607422
550,258,5.0,4.247399806976318
363,283,2.0,3.1674892902374268
343,69,5.0,4.0647430419921875
411,449,3.0,3.033702850341797
881,1215,1.0,1.8508758544921875
465,56,4.0,3.474231719970703
788,151,1.0,3.364231824874878
640,170,5.0,4.963900566101074
343,86,5.0,4.354752063751221
332,271,4.0,4.081333160400391
244,716,3.0,3.3563032150268555
823,77,4.0,3.638380527496338
727,53,1.0,2.8935906887054443
770,302,2.0,5.404892921447754
497,405,3.0,3.1490421295166016
919,419,5.0,3.6914451122283936
935,846,4.0,3.09537410736084
445,246,1.0,2.398068904876709
339,250,5.0,3.637712001800537
181,1284,1.0,1.3698582649230957
387,294,2.0,2.7814600467681885
5,424,1.0,1.250767469406128
608,1204,2.0,3.568051338195801
126,905,2.0,3.5231714248657227
772,259,2.0,3.2437961101531982
162,208,3.0,4.066561222076416
658,276,4.0,3.6302130222320557
328,627,3.0,3.0855038166046143
62,225,3.0,2.6374261379241943
655,276,4.0,3.09529972076416
49,324,4.0,2.4501397609710693
793,928,3.0,3.2441983222961426
379,514,3.0,4.282868385314941
368,98,3.0,4.093332290649414
69,289,4.0,3.03043270111084
623,50,5.0,4.25189208984375
332,367,4.0,4.395717620849609
808,312,3.0,3.8692915439605713
292,118,3.0,3.5076630115509033
85,923,4.0,4.011511325836182
387,447,4.0,3.4226534366607666
495,582,4.0,4.204875469207764
551,692,4.0,3.995213747024536
49,325,3.0,2.1635425090789795
642,234,1.0,4.203042984008789
283,209,4.0,4.605973243713379
796,178,3.0,4.38124418258667
328,1021,3.0,3.882819414138794
446,888,1.0,3.0276358127593994
881,528,5.0,4.102234363555908
474,221,4.0,4.132699012756348
264,1118,4.0,3.7393062114715576
354,1007,4.0,4.047567367553711
622,679,3.0,3.110807180404663
637,286,5.0,2.7739224433898926
143,331,5.0,3.6319899559020996
1,207,5.0,3.933300733566284
624,121,3.0,3.5936150550842285
457,193,5.0,4.666028022766113
201,789,3.0,3.0837225914001465
835,196,5.0,4.280746936798096
527,283,4.0,3.4580812454223633
936,1315,3.0,3.8244688510894775
370,153,2.0,3.545402765274048
865,99,1.0,2.7708427906036377
62,238,5.0,3.6243045330047607
793,237,3.0,3.79846453666687
606,662,4.0,3.8037161827087402
622,364,1.0,2.8150479793548584
338,79,4.0,3.9498775005340576
870,527,5.0,3.947782039642334
527,962,3.0,3.2339212894439697
635,246,5.0,3.654954433441162
177,508,4.0,3.4677677154541016
908,694,4.0,3.5236430168151855
712,1220,5.0,3.6980035305023193
217,96,4.0,3.4953978061676025
497,655,4.0,3.681467294692993
308,490,4.0,4.180742263793945
732,937,4.0,3.763425350189209
378,728,3.0,3.0338830947875977
173,292,5.0,4.611947536468506
655,153,2.0,3.1796553134918213
458,98,3.0,4.324883937835693
405,1544,1.0,0.6345298290252686
527,191,5.0,4.006497383117676
919,111,4.0,3.4371256828308105
171,269,4.0,3.7771658897399902
660,122,1.0,1.9317487478256226
751,28,5.0,3.909040689468384
425,455,2.0,2.924499034881592
339,447,4.0,3.848975419998169
297,419,3.0,3.5833959579467773
721,358,1.0,2.785614252090454
22,377,1.0,2.5116641521453857
28,89,4.0,4.269227981567383
119,28,5.0,4.493142127990723
597,151,4.0,3.9140172004699707
655,271,3.0,2.7223613262176514
178,83,4.0,4.274415016174316
873,294,4.0,2.682298421859741
10,116,4.0,4.211158752441406
325,305,2.0,3.4835402965545654
243,196,4.0,3.874350070953369
450,1402,2.0,2.1917648315429688
378,709,4.0,4.153871059417725
92,148,2.0,2.972311019897461
334,475,4.0,3.7237191200256348
450,821,2.0,3.486912727355957
181,477,1.0,1.4805934429168701
815,239,5.0,3.7794723510742188
665,631,2.0,3.4745187759399414
194,7,3.0,3.318876028060913
901,66,5.0,3.9129228591918945
458,484,5.0,4.345636367797852
932,497,5.0,4.267423629760742
246,231,1.0,2.4701943397521973
63,283,4.0,3.202158212661743
201,325,5.0,2.3906409740448
919,322,3.0,3.233322858810425
280,204,3.0,4.143582820892334
586,780,4.0,2.857039213180542
872,284,3.0,3.2583823204040527
185,286,4.0,3.8722593784332275
437,433,3.0,3.733701705932617
747,461,5.0,3.893871545791626
401,13,2.0,2.8271970748901367
267,480,4.0,4.9347310066223145
269,1133,1.0,2.5813610553741455
85,325,2.0,2.5699033737182617
429,843,1.0,3.0092248916625977
314,1297,4.0,2.844799280166626
593,164,4.0,3.701364040374756
198,501,4.0,3.1517322063446045
846,99,4.0,3.8971235752105713
463,892,2.0,2.3662736415863037
145,628,2.0,3.689805746078491
768,255,4.0,3.0778355598449707
145,44,5.0,3.519357919692993
380,182,3.0,3.346323013305664
449,118,1.0,3.313345193862915
102,443,3.0,2.9600470066070557
38,1031,5.0,2.8096346855163574
844,144,3.0,3.6089231967926025
804,747,3.0,3.684408187866211
160,628,3.0,3.709810972213745
638,144,5.0,3.4723784923553467
548,282,4.0,3.9695756435394287
207,23,4.0,3.778853178024292
449,60,5.0,4.400948524475098
916,642,3.0,3.2697739601135254
359,295,3.0,3.9230079650878906
450,430,4.0,4.453027725219727
788,135,3.0,3.6238627433776855
393,147,5.0,3.4945640563964844
369,752,4.0,3.8317642211914062
194,199,4.0,3.7481307983398438
303,1023,2.0,2.5243704319000244
682,568,3.0,3.4638454914093018
330,67,4.0,3.6985342502593994
814,288,4.0,2.9935450553894043
101,979,2.0,3.1497292518615723
3,303,3.0,3.179760217666626
320,340,2.0,4.128635406494141
303,452,2.0,2.918320894241333
360,303,3.0,3.889341354370117
303,172,5.0,4.487973213195801
280,660,5.0,3.9937450885772705
385,483,4.0,3.835047483444214
707,367,4.0,3.4803719520568848
95,1188,2.0,2.759843349456787
409,303,4.0,3.6723134517669678
32,118,3.0,2.96395206451416
942,272,5.0,4.852591037750244
875,258,4.0,3.977630138397217
870,127,5.0,4.191481590270996
870,513,4.0,4.264703750610352
655,292,2.0,2.950282573699951
901,391,5.0,3.0537102222442627
486,813,5.0,3.805462598800659
124,11,5.0,3.3196280002593994
324,846,5.0,3.5304832458496094
809,678,2.0,2.8554766178131104
326,550,5.0,2.894484758377075
224,287,3.0,3.2040231227874756
130,554,4.0,3.50014591217041
919,70,4.0,3.530264139175415
385,425,3.0,3.328803539276123
932,77,2.0,3.5309479236602783
768,845,2.0,3.138251304626465
398,393,5.0,3.2454705238342285
640,126,4.0,4.630315780639648
601,276,4.0,3.1280648708343506
75,273,5.0,3.688250780105591
301,50,5.0,4.355292797088623
894,676,3.0,3.3009958267211914
328,258,5.0,3.7565298080444336
502,682,5.0,3.071737289428711
92,4,4.0,3.481623649597168
363,979,1.0,2.9642865657806396
380,177,3.0,3.2639386653900146
198,411,1.0,2.613621234893799
5,168,3.0,3.709024429321289
83,240,1.0,3.015632152557373
90,639,5.0,4.255232334136963
559,73,4.0,3.2144124507904053
327,396,3.0,2.73728084564209
470,50,5.0,4.164306640625
175,98,5.0,4.185635566711426
851,690,4.0,3.571925163269043
665,117,4.0,3.5887959003448486
94,62,3.0,3.3385121822357178
178,333,3.0,3.6369080543518066
640,55,5.0,4.416105270385742
349,118,2.0,3.089592218399048
527,203,4.0,3.56437349319458
407,134,5.0,4.024360656738281
153,50,1.0,3.3984851837158203
865,501,1.0,2.6079866886138916
276,123,4.0,3.289083957672119
346,168,4.0,3.9135642051696777
356,288,4.0,3.432875394821167
577,200,3.0,4.133371353149414
133,304,3.0,3.1802637577056885
535,686,5.0,3.671701431274414
402,13,3.0,3.674234628677368
184,143,3.0,3.6220481395721436
398,502,3.0,3.696777105331421
62,582,4.0,3.3651156425476074
222,364,1.0,2.6010475158691406
486,460,4.0,2.9238274097442627
28,174,5.0,4.388578414916992
411,603,5.0,4.275596618652344
316,988,1.0,1.925877332687378
160,604,4.0,4.393025875091553
522,168,5.0,4.310207366943359
73,152,3.0,3.517467498779297
808,346,5.0,4.068500518798828
650,174,4.0,3.60624361038208
109,531,4.0,3.970238208770752
14,181,5.0,4.200224876403809
254,286,1.0,3.2446861267089844
455,463,4.0,3.614621162414551
300,288,4.0,4.115262508392334
64,238,4.0,3.7601804733276367
661,168,5.0,4.195277214050293
323,15,3.0,3.6591403484344482
839,713,2.0,3.425414800643921
705,22,5.0,4.463111877441406
721,984,3.0,3.0088720321655273
745,230,2.0,2.714752674102783
2,14,4.0,4.072997093200684
504,69,4.0,4.027422904968262
244,214,5.0,3.642937660217285
277,111,4.0,3.369793176651001
18,529,5.0,4.010037422180176
314,288,5.0,3.907992362976074
409,631,3.0,3.551144599914551
533,292,4.0,3.4569642543792725
643,82,3.0,3.8582797050476074
715,4,4.0,3.553368091583252
327,1017,2.0,3.00814151763916
773,840,1.0,2.5813891887664795
871,1197,3.0,3.614166021347046
354,507,3.0,3.7992055416107178
3,264,2.0,2.3529162406921387
299,209,3.0,3.776529312133789
556,64,5.0,4.781590938568115
514,153,4.0,3.974332332611084
279,41,2.0,3.0606441497802734
548,991,1.0,2.504995822906494
541,405,3.0,3.5078976154327393
622,685,2.0,3.283365488052368
518,288,3.0,3.587974786758423
150,123,4.0,3.4330835342407227
437,94,4.0,3.1044654846191406
432,257,5.0,4.030038833618164
533,25,4.0,3.276719570159912
880,1052,1.0,2.288761615753174
352,92,3.0,3.5599498748779297
772,327,4.0,3.994950771331787
719,468,3.0,2.895209312438965
125,283,5.0,3.7398061752319336
848,973,5.0,0.6715961694717407
782,293,2.0,3.2188503742218018
722,294,2.0,3.446275234222412
721,582,3.0,3.753438711166382
201,98,4.0,3.7349445819854736
773,286,3.0,3.3120975494384766
694,172,5.0,4.594592094421387
620,98,4.0,4.816152572631836
883,151,5.0,3.852973461151123
639,648,3.0,3.33947491645813
748,58,4.0,3.351630210876465
160,273,5.0,3.7846884727478027
854,1,3.0,3.4027514457702637
293,182,5.0,3.709609031677246
495,790,3.0,3.3739967346191406
521,732,3.0,3.1767830848693848
334,52,4.0,3.730959415435791
89,86,5.0,4.401669502258301
224,243,2.0,2.0539016723632812
160,202,4.0,3.967197895050049
498,673,3.0,3.1064391136169434
151,488,4.0,4.675629615783691
894,1658,4.0,2.473346710205078
811,286,5.0,4.325469970703125
894,1080,4.0,2.3272218704223633
612,259,3.0,2.7029969692230225
387,431,3.0,3.371264934539795
144,316,5.0,4.018342971801758
630,717,3.0,2.6941869258880615
796,172,4.0,4.405169486999512
255,748,1.0,2.5687856674194336
85,1169,4.0,3.711991548538208
539,242,5.0,4.311605453491211
621,71,3.0,4.1266984939575195
650,199,4.0,3.637162685394287
154,479,4.0,4.399989128112793
109,245,3.0,3.137889862060547
844,403,3.0,3.304438591003418
791,269,4.0,4.380015850067139
846,1118,5.0,3.393568754196167
225,482,5.0,4.771214962005615
883,694,5.0,4.32437801361084
342,378,4.0,3.631582736968994
627,273,4.0,3.300687074661255
486,235,2.0,2.8421998023986816
268,298,3.0,3.324474811553955
840,664,3.0,4.1838059425354
181,307,1.0,1.902957558631897
294,1254,3.0,1.6471997499465942
498,607,3.0,3.511547565460205
252,1,5.0,4.5103864669799805
298,502,5.0,4.054006099700928
583,276,4.0,4.025601387023926
804,378,4.0,3.933232069015503
397,243,1.0,1.988615870475769
7,614,5.0,4.395073890686035
123,483,4.0,4.6908135414123535
808,327,5.0,4.064044952392578
303,252,3.0,2.9763779640197754
271,199,4.0,4.17396354675293
363,582,2.0,3.158869504928589
354,136,5.0,4.087634086608887
120,744,4.0,3.5712618827819824
806,96,5.0,4.108491897583008
268,433,4.0,3.310173511505127
193,286,4.0,3.4109861850738525
283,216,4.0,4.530982494354248
215,202,4.0,3.8942039012908936
290,205,3.0,3.7547647953033447
280,715,2.0,3.542452335357666
896,426,2.0,2.6946816444396973
378,317,5.0,3.9760565757751465
379,161,2.0,3.73787784576416
253,689,5.0,3.157797336578369
49,403,3.0,2.703965663909912
39,313,4.0,4.33626651763916
172,514,3.0,3.228574752807617
586,257,3.0,3.446702718734741
299,182,3.0,3.836884021759033
207,70,3.0,3.2561542987823486
863,902,5.0,3.6234683990478516
607,100,4.0,4.093317985534668
328,271,3.0,3.2489655017852783
269,1438,3.0,1.6181867122650146
102,840,2.0,2.1781601905822754
91,322,4.0,3.2642064094543457
330,66,5.0,4.4001946449279785
801,302,4.0,5.3112359046936035
499,202,4.0,3.756340742111206
286,703,2.0,3.854215621948242
648,90,3.0,2.9697937965393066
845,900,3.0,3.1599700450897217
383,166,4.0,4.314402103424072
95,542,2.0,2.6053295135498047
456,214,4.0,3.287703037261963
899,96,4.0,3.805208921432495
804,588,4.0,4.031539440155029
919,333,4.0,3.614766836166382
276,627,3.0,3.2432425022125244
407,569,3.0,2.640695571899414
94,448,5.0,3.549921751022339
833,526,4.0,3.4127683639526367
194,580,4.0,2.9038755893707275
407,4,4.0,3.412984848022461
409,58,4.0,3.5738942623138428
650,290,2.0,2.6911399364471436
119,1101,5.0,4.4108500480651855
85,483,5.0,4.248579025268555
506,608,4.0,4.102174758911133
212,197,5.0,3.9493486881256104
629,292,4.0,3.984788179397583
247,251,4.0,4.592597007751465
650,50,5.0,3.7003440856933594
417,1183,4.0,2.4352314472198486
524,482,5.0,3.8560566902160645
327,475,4.0,3.5111894607543945
125,692,3.0,3.722644090652466
94,302,4.0,4.457651138305664
308,615,3.0,4.119561195373535
512,1459,4.0,3.699794054031372
500,289,4.0,2.850813627243042
880,627,3.0,3.319321632385254
724,538,2.0,2.452277660369873
606,96,5.0,4.482293128967285
614,1142,3.0,3.806947708129883
758,425,5.0,4.279759407043457
642,148,5.0,3.6013858318328857
295,143,4.0,4.35446310043335
277,628,4.0,3.4256811141967773
311,231,4.0,2.9051513671875
399,155,2.0,2.7585439682006836
246,145,1.0,2.330259323120117
457,47,4.0,4.112274169921875
425,912,2.0,2.7513763904571533
63,1028,3.0,2.6511712074279785
921,173,5.0,3.7790064811706543
121,479,5.0,4.117959022521973
450,490,5.0,4.457289695739746
592,255,4.0,3.5032739639282227
233,64,5.0,4.965059280395508
916,578,1.0,3.0806028842926025
287,117,5.0,4.333601951599121
897,77,4.0,3.68855357170105
727,585,2.0,2.4347379207611084
323,327,4.0,3.309699296951294
798,172,4.0,3.986311197280884
930,176,3.0,3.15710186958313
833,262,2.0,3.253828525543213
268,116,4.0,3.324005603790283
130,363,3.0,3.3779349327087402
186,243,2.0,2.3664631843566895
119,813,4.0,4.580697536468506
54,258,4.0,4.2511467933654785
374,122,2.0,2.4283366203308105
313,531,3.0,3.93288254737854
537,284,3.0,2.4551398754119873
665,196,4.0,3.752596616744995
930,14,4.0,3.178624153137207
707,81,2.0,3.5148119926452637
200,720,4.0,3.517552137374878
189,1099,5.0,3.6575117111206055
708,864,3.0,3.0790116786956787
186,31,4.0,3.7750608921051025
262,40,4.0,2.8128700256347656
927,217,1.0,3.6419870853424072
169,480,4.0,4.256436347961426
21,443,4.0,3.7656478881835938
155,990,3.0,2.5558929443359375
116,322,2.0,2.6591036319732666
592,686,5.0,4.048561096191406
407,189,4.0,3.9014666080474854
230,99,3.0,3.847996234893799
374,106,3.0,2.900470733642578
500,370,3.0,2.603489398956299
234,209,4.0,3.3705074787139893
795,152,4.0,3.3118536472320557
863,270,3.0,3.544416904449463
188,76,4.0,3.507727861404419
500,393,3.0,3.1755266189575195
429,44,3.0,3.3858237266540527
542,73,3.0,3.322977304458618
293,572,2.0,2.672433853149414
118,17,3.0,4.06205415725708
100,347,4.0,3.0798287391662598
597,118,3.0,3.464712619781494
457,31,4.0,4.239211082458496
683,328,2.0,2.995738983154297
721,228,5.0,3.9249725341796875
435,709,4.0,3.9595720767974854
5,419,3.0,3.4262142181396484
18,778,2.0,3.660187005996704
165,304,3.0,3.7052369117736816
393,790,4.0,2.968857526779175
10,686,4.0,3.9940171241760254
389,674,2.0,3.189314603805542
78,880,5.0,2.7701497077941895
494,322,2.0,3.187859535217285
174,1139,2.0,3.113564968109131
380,570,3.0,2.6049411296844482
405,1069,1.0,2.102639675140381
308,537,4.0,3.8967063426971436
403,1199,2.0,3.0454726219177246
177,527,4.0,4.055185317993164
489,1612,5.0,3.3167405128479004
223,476,3.0,2.8194239139556885
605,318,5.0,4.559732913970947
5,208,4.0,3.6702017784118652
722,333,5.0,3.8615951538085938
234,782,3.0,2.4575629234313965
92,732,3.0,3.5107226371765137
130,284,2.0,3.785208225250244
429,654,4.0,4.304074287414551
856,749,3.0,3.1923916339874268
226,98,5.0,4.233351707458496
940,657,4.0,3.933608055114746
339,428,5.0,4.26129150390625
44,507,3.0,3.762782335281372
497,433,3.0,3.5015087127685547
788,11,2.0,3.58610463142395
59,664,4.0,4.236310005187988
417,404,3.0,3.583550453186035
311,203,5.0,3.9116199016571045
254,548,2.0,2.028850555419922
851,833,3.0,3.3847815990448
315,98,4.0,4.590523719787598
7,667,5.0,2.4207019805908203
255,234,5.0,3.1919331550598145
568,661,4.0,3.4194791316986084
673,311,4.0,4.087864875793457
360,181,4.0,4.084915637969971
881,294,3.0,3.0015833377838135
614,405,2.0,3.198733329772949
60,799,4.0,2.584625482559204
450,211,5.0,4.263271331787109
8,82,5.0,4.133678436279297
378,732,4.0,3.6626386642456055
224,736,3.0,3.3709099292755127
690,722,3.0,2.577409505844116
385,23,5.0,3.6155476570129395
407,657,4.0,4.050353050231934
642,398,2.0,2.5093562602996826
863,268,5.0,3.506842613220215
109,508,4.0,3.5805115699768066
666,210,2.0,3.818751335144043
660,1139,2.0,2.1808719635009766
749,1188,3.0,2.8551504611968994
174,70,5.0,4.036524772644043
883,64,4.0,4.593790531158447
153,174,1.0,3.3045685291290283
313,162,3.0,3.6004064083099365
541,941,4.0,3.306713581085205
178,508,3.0,3.746587038040161
795,70,3.0,3.2184550762176514
658,100,4.0,4.121920585632324
561,1074,3.0,2.482642412185669
406,624,5.0,3.0444703102111816
94,72,3.0,3.3383607864379883
64,98,4.0,4.16862678527832
330,237,4.0,4.563906669616699
92,577,3.0,2.13629150390625
704,461,3.0,3.4934189319610596
305,249,3.0,3.0061028003692627
13,362,4.0,2.8877696990966797
7,197,4.0,4.714522361755371
234,183,4.0,3.3939802646636963
417,238,4.0,3.7526819705963135
506,182,5.0,4.187063694000244
655,939,3.0,2.9620931148529053
497,951,2.0,2.47367525100708
649,815,3.0,3.409674882888794
21,321,3.0,2.9378392696380615
627,541,4.0,2.6535630226135254
94,464,5.0,4.028692245483398
249,203,5.0,4.1427459716796875
653,575,1.0,1.9111628532409668
286,537,4.0,4.12332820892334
747,608,4.0,4.346136093139648
492,523,4.0,3.6223721504211426
117,121,4.0,3.993811845779419
82,582,4.0,3.299769639968872
472,403,5.0,4.413000106811523
528,526,4.0,3.9897067546844482
883,727,3.0,3.609964609146118
734,15,4.0,3.4060709476470947
504,742,4.0,3.901322364807129
617,670,1.0,2.317835569381714
294,299,3.0,3.106567144393921
57,323,3.0,3.2547669410705566
653,38,3.0,2.228158473968506
416,1516,5.0,2.9782497882843018
532,660,4.0,4.605013370513916
653,161,4.0,2.591475486755371
269,255,1.0,2.7393429279327393
665,369,4.0,2.5667660236358643
885,274,5.0,3.1841225624084473
716,673,4.0,3.7230896949768066
579,268,3.0,3.5842671394348145
514,175,4.0,4.144096851348877
467,117,2.0,3.8447070121765137
125,269,1.0,4.118668556213379
561,483,4.0,3.722933053970337
444,258,3.0,4.03702974319458
95,207,5.0,3.838453769683838
735,327,3.0,3.163656234741211
276,254,2.0,2.483372211456299
329,282,3.0,3.4486827850341797
320,771,3.0,2.9484732151031494
647,748,4.0,3.199340343475342
298,196,4.0,4.170489311218262
291,49,4.0,3.784304618835449
889,31,3.0,3.4904661178588867
903,30,5.0,4.205180644989014
721,299,3.0,3.0263447761535645
329,81,2.0,3.362628936767578
11,603,4.0,4.20573616027832
271,605,4.0,3.234261989593506
659,185,4.0,4.118049621582031
932,429,5.0,4.167781829833984
234,501,4.0,2.991584062576294
128,378,5.0,3.8177881240844727
325,32,3.0,3.704179286956787
221,1073,4.0,3.899876356124878
106,161,3.0,3.4412126541137695
798,1035,4.0,2.998713970184326
256,210,4.0,4.816700458526611
1,196,5.0,4.02587890625
326,491,4.0,3.3267247676849365
551,505,5.0,4.329967498779297
110,385,3.0,3.426146984100342
922,258,4.0,3.7005772590637207
396,25,3.0,3.6923794746398926
497,743,3.0,1.9181175231933594
43,140,4.0,3.286076784133911
711,1053,4.0,3.209824323654175
360,748,2.0,3.1071715354919434
92,367,3.0,3.4093966484069824
663,978,4.0,2.6052587032318115
308,558,4.0,3.8103110790252686
901,402,4.0,4.016860008239746
781,324,4.0,3.07106614112854
210,49,3.0,3.762005090713501
474,70,4.0,3.8831093311309814
217,797,4.0,2.7209067344665527
7,68,4.0,3.921358585357666
524,530,4.0,3.981367826461792
327,66,3.0,3.1195826530456543
533,23,3.0,3.9322690963745117
803,321,4.0,3.2268192768096924
115,847,4.0,4.078634262084961
380,498,4.0,3.5207555294036865
896,11,2.0,3.4908812046051025
393,28,4.0,3.973031759262085
90,97,5.0,4.308708190917969
921,215,4.0,3.3519604206085205
795,1101,4.0,3.4342668056488037
752,678,3.0,2.6296393871307373
180,785,4.0,3.4839024543762207
389,482,5.0,4.246410369873047
862,1117,4.0,3.5420045852661133
336,407,1.0,2.2833235263824463
256,742,5.0,4.436575412750244
524,95,3.0,3.605656623840332
863,303,1.0,3.532188892364502
543,403,4.0,3.2725234031677246
833,28,3.0,3.3892736434936523
648,103,1.0,2.1250386238098145
379,143,4.0,4.036730766296387
727,588,4.0,3.633492946624756
120,121,4.0,3.475221872329712
56,295,3.0,3.6519687175750732
378,304,4.0,3.447800397872925
777,509,4.0,4.071124076843262
602,508,3.0,4.068940162658691
877,553,4.0,3.3162803649902344
472,720,5.0,3.704315662384033
339,67,3.0,3.187384605407715
312,489,5.0,4.659930229187012
514,732,5.0,3.838803768157959
331,1141,3.0,2.891230583190918
630,477,4.0,3.026905059814453
94,674,3.0,3.2786779403686523
13,685,5.0,3.0494556427001953
330,1028,4.0,3.8646059036254883
450,705,4.0,4.3918914794921875
929,100,4.0,3.918773651123047
655,1070,4.0,3.1494529247283936
563,237,5.0,4.046502113342285
115,96,3.0,4.170289516448975
823,631,4.0,3.9764833450317383
747,393,2.0,3.6421427726745605
804,22,5.0,4.554317474365234
318,629,4.0,3.5783586502075195
772,264,4.0,3.146833658218384
603,271,2.0,3.4454870223999023
207,293,2.0,3.448892116546631
666,513,4.0,4.338428974151611
374,322,4.0,3.0854759216308594
562,118,3.0,3.075316905975342
615,509,4.0,3.963627815246582
6,529,4.0,3.6937813758850098
896,760,2.0,2.4642045497894287
416,106,3.0,3.2972729206085205
5,228,5.0,3.4687843322753906
213,778,5.0,3.960291862487793
697,815,3.0,3.7425503730773926
703,410,4.0,3.2284741401672363
897,193,3.0,4.389424800872803
826,678,4.0,3.037860631942749
453,421,4.0,3.405989646911621
499,307,4.0,3.614619493484497
476,579,2.0,2.859652042388916
615,211,5.0,3.9547536373138428
46,294,2.0,3.567497491836548
279,625,3.0,3.284536123275757
276,58,4.0,3.803831100463867
270,672,5.0,3.3978466987609863
630,1023,4.0,2.457907199859619
199,269,5.0,3.603203535079956
200,378,5.0,4.545851230621338
299,185,3.0,3.865802764892578
230,963,5.0,4.49678897857666
786,451,2.0,3.5269017219543457
92,71,5.0,3.689405679702759
899,238,2.0,3.6588048934936523
650,644,3.0,3.2274057865142822
276,420,4.0,3.745534658432007
436,187,5.0,4.497982025146484
543,111,4.0,3.2788684368133545
851,160,5.0,3.6075916290283203
682,143,3.0,3.470435380935669
201,582,5.0,3.1208438873291016
262,727,3.0,3.105576992034912
854,512,3.0,3.7031588554382324
848,165,5.0,4.553698539733887
128,702,3.0,3.224156618118286
54,597,2.0,3.355205535888672
327,962,3.0,3.079813241958618
551,1518,4.0,2.965853452682495
693,471,3.0,2.858720064163208
315,180,4.0,4.343174934387207
770,275,5.0,5.096231937408447
59,550,5.0,3.6351993083953857
427,341,5.0,4.603006362915039
877,203,4.0,3.9120426177978516
60,211,4.0,4.18880558013916
194,735,4.0,3.2700066566467285
907,125,4.0,4.742010593414307
568,30,4.0,3.352081298828125
222,816,1.0,2.3666329383850098
328,82,4.0,3.7015461921691895
104,405,3.0,2.5630409717559814
830,226,5.0,3.265690803527832
529,875,4.0,2.747488260269165
262,1147,4.0,3.4131555557250977
270,200,5.0,4.8744282722473145
326,565,3.0,2.3244993686676025
184,231,3.0,2.716398000717163
749,1228,4.0,2.509416341781616
246,1044,1.0,3.0044593811035156
783,880,4.0,3.5062315464019775
689,121,5.0,3.651838541030884
880,879,3.0,3.4716877937316895
515,292,3.0,3.1317994594573975
545,524,4.0,3.985642433166504
780,467,3.0,3.6819379329681396
391,180,5.0,4.0521345138549805
318,1063,3.0,3.8163716793060303
655,694,3.0,3.3137078285217285
376,197,4.0,4.086836814880371
679,322,3.0,2.9466161727905273
445,831,1.0,1.6161556243896484
773,895,2.0,2.7802751064300537
450,274,4.0,3.700943946838379
405,1580,1.0,0.630041241645813
405,643,1.0,1.9222174882888794
889,433,4.0,3.564194440841675
271,461,5.0,3.4314746856689453
483,101,2.0,2.9318270683288574
396,106,4.0,3.0669186115264893
199,322,2.0,2.6500797271728516
145,331,3.0,3.6581592559814453
768,682,3.0,2.8640871047973633
82,414,4.0,3.384627103805542
83,717,4.0,2.9708187580108643
297,17,3.0,3.0918757915496826
327,1100,4.0,2.4927163124084473
299,503,4.0,3.4237658977508545
299,1068,3.0,3.311306953430176
405,806,1.0,2.090198516845703
927,204,4.0,4.4719696044921875
927,38,5.0,3.3230679035186768
287,346,5.0,4.167122840881348
94,684,4.0,3.9097330570220947
156,48,4.0,3.8199963569641113
916,561,3.0,2.9729437828063965
483,1,4.0,3.4100329875946045
727,63,2.0,2.9793193340301514
137,748,4.0,3.7693896293640137
883,347,4.0,3.717696189880371
878,515,4.0,3.833015203475952
671,864,3.0,3.2390081882476807
474,736,3.0,4.184432029724121
272,98,4.0,4.682294845581055
892,845,4.0,3.6896862983703613
450,388,3.0,2.7358222007751465
713,272,4.0,3.5185277462005615
531,751,4.0,3.937089443206787
254,238,3.0,3.4588875770568848
57,194,4.0,4.3479461669921875
314,1291,1.0,3.06093430519104
533,328,4.0,3.327453136444092
698,435,3.0,2.9231884479522705
639,660,2.0,3.0138297080993652
305,527,5.0,3.74375319480896
379,186,5.0,4.284245491027832
487,978,1.0,2.749260187149048
373,651,4.0,4.0686445236206055
334,483,5.0,4.287926197052002
42,28,5.0,4.149374485015869
393,930,3.0,2.787468671798706
13,226,4.0,3.1356849670410156
566,1437,2.0,2.223611831665039
524,443,4.0,3.6991066932678223
64,77,3.0,3.2204973697662354
177,156,5.0,3.838528871536255
567,640,4.0,3.1295065879821777
254,622,4.0,2.9332900047302246
908,322,2.0,2.68058443069458
165,260,3.0,2.703450918197632
7,9,5.0,4.245684623718262
389,475,5.0,4.050221920013428
269,940,1.0,1.9737070798873901
877,748,4.0,3.0247387886047363
553,134,4.0,4.442196369171143
382,276,3.0,3.210550546646118
279,71,3.0,3.716531753540039
284,315,5.0,4.056621074676514
839,825,4.0,2.7432620525360107
110,68,2.0,3.2685766220092773
94,41,3.0,3.2922329902648926
320,3,4.0,3.561537981033325
75,408,4.0,4.763367176055908
232,98,4.0,4.33370304107666
863,344,4.0,3.683100461959839
145,69,5.0,3.93349552154541
401,275,4.0,3.245668649673462
15,931,1.0,1.818255066871643
371,237,5.0,3.797616958618164
862,174,5.0,5.013087749481201
198,203,3.0,3.4178733825683594
72,233,4.0,3.2530646324157715
734,483,4.0,4.181875228881836
864,231,3.0,2.9888052940368652
925,185,4.0,3.8072519302368164
101,840,3.0,2.5768518447875977
537,4,2.0,2.93388032913208
697,682,2.0,3.3762612342834473
30,678,2.0,2.943587303161621
866,889,2.0,2.56601619720459
529,288,4.0,3.738649606704712
346,358,4.0,2.5538792610168457
162,403,3.0,3.500983238220215
776,5,4.0,3.1774511337280273
416,418,4.0,4.043139457702637
653,210,4.0,2.9822285175323486
393,9,4.0,3.7143709659576416
200,188,4.0,4.468459129333496
314,12,4.0,4.840083599090576
726,535,3.0,2.6203222274780273
158,659,5.0,4.479400157928467
748,183,4.0,3.7014293670654297
497,29,4.0,2.510462522506714
437,812,3.0,2.920799970626831
234,1020,4.0,3.289149045944214
214,462,4.0,3.852797508239746
938,275,4.0,3.9939472675323486
300,948,4.0,2.539220094680786
104,313,4.0,3.3250815868377686
782,349,3.0,2.873988151550293
593,211,4.0,4.012258529663086
766,179,4.0,3.6251020431518555
308,679,4.0,3.211524724960327
561,428,4.0,3.247891664505005
56,386,3.0,2.9578351974487305
239,923,5.0,4.580734729766846
93,125,1.0,3.60015606880188
707,1381,3.0,3.3294827938079834
703,323,2.0,2.8832123279571533
59,232,3.0,3.664074182510376
409,339,2.0,2.942619562149048
567,513,4.0,4.447742462158203
346,134,5.0,4.065915107727051
405,1408,1.0,0.8658851981163025
489,245,3.0,4.014434337615967
637,690,5.0,2.642138957977295
641,209,4.0,4.059953212738037
344,530,4.0,4.315589904785156
194,22,5.0,3.7070181369781494
438,118,4.0,3.7381536960601807
234,2,2.0,2.739682912826538
184,496,5.0,4.062967300415039
429,679,4.0,3.087766408920288
914,692,3.0,3.398456335067749
16,197,5.0,4.77486515045166
94,216,3.0,4.125260353088379
709,219,4.0,3.4052815437316895
841,331,5.0,3.8582117557525635
506,194,5.0,4.2701640129089355
256,728,4.0,3.6793112754821777
243,69,3.0,3.7006094455718994
234,515,5.0,3.6681106090545654
708,319,5.0,3.321974039077759
758,236,4.0,4.006698131561279
590,864,1.0,3.0470869541168213
253,806,4.0,3.7965729236602783
217,405,3.0,2.9366939067840576
774,233,2.0,2.060668468475342
158,514,3.0,4.187192440032959
299,965,4.0,3.60406231880188
618,531,4.0,3.6997909545898438
2,307,3.0,3.585432767868042
336,1249,3.0,2.7700490951538086
517,1047,2.0,2.6744985580444336
48,690,4.0,3.314211845397949
694,15,4.0,3.959088087081909
92,28,3.0,3.7520439624786377
777,202,5.0,3.878007173538208
361,53,2.0,2.93729305267334
694,448,3.0,3.58516263961792
50,823,3.0,2.7726728916168213
250,196,4.0,4.258531093597412
798,1337,3.0,2.0157790184020996
497,603,3.0,4.068216323852539
746,720,3.0,2.901132345199585
60,1060,4.0,3.255546808242798
682,175,3.0,3.742974281311035
457,232,4.0,3.8638529777526855
365,124,4.0,4.256143093109131
1,101,2.0,3.42141056060791
496,147,3.0,2.813323974609375
567,199,4.0,4.300899028778076
409,708,4.0,3.374558687210083
500,43,3.0,2.783759593963623
666,566,3.0,3.4747133255004883
59,926,1.0,2.9367830753326416
56,7,5.0,3.9568448066711426
181,476,4.0,1.550990104675293
834,316,5.0,4.401880741119385
1,28,4.0,4.0174455642700195
308,17,4.0,3.340049982070923
870,395,3.0,2.3119120597839355
436,1119,4.0,3.9741992950439453
323,873,3.0,2.6962380409240723
312,513,5.0,5.022719383239746
253,132,5.0,4.427460670471191
939,890,2.0,2.6742136478424072
504,476,5.0,3.2690303325653076
315,164,4.0,3.852086067199707
767,141,4.0,3.9001922607421875
101,1,3.0,3.5711069107055664
782,298,4.0,3.2006261348724365
244,66,4.0,3.789181709289551
190,696,3.0,3.0236384868621826
207,79,4.0,3.6373212337493896
91,64,4.0,4.55183744430542
427,263,5.0,2.7777185440063477
101,846,3.0,2.603111743927002
655,895,3.0,2.5738019943237305
234,874,1.0,2.8772928714752197
889,177,4.0,3.7500669956207275
551,17,5.0,3.526137113571167
409,171,4.0,3.8966102600097656
334,268,4.0,3.5856575965881348
932,7,4.0,4.022027969360352
90,705,5.0,4.564871788024902
405,708,1.0,2.0195252895355225
150,13,4.0,3.7121686935424805
406,663,5.0,3.7417333126068115
916,211,4.0,3.687859296798706
213,181,4.0,4.374917030334473
30,181,4.0,4.2106828689575195
533,322,4.0,3.035388708114624
739,359,5.0,3.164766788482666
456,582,5.0,3.5353586673736572
761,243,3.0,2.130380630493164
178,96,4.0,4.213156700134277
27,123,5.0,2.9017276763916016
254,313,5.0,3.8199286460876465
659,492,3.0,3.8840811252593994
295,559,4.0,3.8243420124053955
210,121,4.0,3.8349480628967285
450,96,4.0,4.38493537902832
378,620,3.0,3.0913937091827393
429,222,4.0,3.569563150405884
136,257,3.0,4.139708518981934
389,72,3.0,3.2564706802368164
457,169,5.0,5.2116007804870605
280,845,3.0,3.6169447898864746
345,1096,3.0,2.233959436416626
653,294,2.0,2.6448187828063965
665,96,3.0,3.8194782733917236
851,338,3.0,2.8285000324249268
49,70,2.0,2.8429930210113525
807,140,3.0,3.521282911300659
871,237,3.0,3.4948692321777344
653,1139,3.0,2.1114792823791504
498,985,1.0,2.754272937774658
563,70,4.0,4.021352767944336
84,4,3.0,4.024083137512207
59,710,3.0,4.060765266418457
385,606,4.0,3.5141420364379883
131,100,5.0,4.3348798751831055
278,315,4.0,4.380761623382568
158,1098,4.0,3.9850711822509766
846,570,4.0,3.2641992568969727
886,475,5.0,3.801541805267334
648,122,1.0,2.392334461212158
392,180,5.0,4.513039588928223
56,38,2.0,3.086681842803955
457,559,4.0,3.7685883045196533
558,286,4.0,4.100851058959961
92,1207,3.0,2.1976208686828613
525,762,4.0,3.362288475036621
405,1210,1.0,1.7002848386764526
653,1023,3.0,1.9676618576049805
684,181,4.0,3.9554901123046875
680,9,4.0,3.8933157920837402
59,241,4.0,3.8376007080078125
336,276,4.0,3.4784176349639893
206,362,1.0,2.018089771270752
164,748,5.0,4.041216850280762
499,98,4.0,4.256357192993164
215,238,2.0,4.004694938659668
1,123,4.0,3.245190143585205
3,343,3.0,2.697873592376709
716,470,4.0,3.8094704151153564
119,9,4.0,4.2499799728393555
831,245,2.0,2.896886110305786
295,951,5.0,3.0680224895477295
920,301,2.0,2.9441075325012207
97,357,5.0,4.672551155090332
313,588,4.0,3.756869077682495
82,275,2.0,3.597060203552246
504,384,2.0,2.953167200088501
181,763,1.0,1.6162141561508179
28,12,4.0,4.438259124755859
635,300,3.0,3.520329236984253
416,433,4.0,4.2237138748168945
488,69,4.0,3.379152297973633
92,402,3.0,3.3977675437927246
225,64,4.0,5.135211944580078
230,420,5.0,3.7078518867492676
829,408,4.0,4.412178993225098
862,205,4.0,4.714019298553467
346,132,4.0,3.933767318725586
35,258,2.0,3.7078781127929688
11,383,2.0,2.084627389907837
216,210,4.0,4.155658721923828
6,257,2.0,3.425501823425293
298,208,5.0,4.290464401245117
116,324,2.0,2.6801955699920654
332,245,4.0,3.907297372817993
896,1217,2.0,2.5994906425476074
497,195,4.0,3.7704484462738037
18,88,3.0,3.547173500061035
95,385,4.0,3.614776372909546
745,203,3.0,2.9360737800598145
878,15,4.0,3.189422845840454
843,228,4.0,2.894442081451416
299,692,4.0,3.4531195163726807
192,1061,4.0,2.9278011322021484
178,458,3.0,3.3083770275115967
49,346,4.0,2.8336434364318848
475,313,2.0,4.0938897132873535
91,172,4.0,4.392005443572998
315,504,3.0,4.245728015899658
714,410,3.0,3.218057870864868
619,188,4.0,3.668375015258789
125,999,4.0,3.0977394580841064
112,331,4.0,3.7684485912323
453,427,3.0,4.220028877258301
539,275,4.0,4.17751407623291
554,717,3.0,2.8249754905700684
518,829,3.0,2.8609471321105957
817,597,2.0,2.987245559692383
299,1050,4.0,3.4165332317352295
627,175,1.0,3.6555957794189453
405,719,1.0,1.5871446132659912
592,305,4.0,4.004607200622559
232,170,5.0,4.179379463195801
413,284,4.0,3.1542441844940186
307,1,5.0,3.995694637298584
650,443,5.0,3.308870792388916
75,742,1.0,3.6397812366485596
234,588,3.0,3.2325618267059326
318,64,4.0,4.657706260681152
484,161,4.0,3.897329330444336
234,428,4.0,3.3288893699645996
617,582,4.0,2.709139823913574
32,271,3.0,3.0447309017181396
546,7,5.0,4.550160884857178
268,721,3.0,3.0207016468048096
214,302,4.0,4.2427568435668945
161,181,2.0,2.6892082691192627
745,531,3.0,3.088127851486206
151,657,5.0,4.685194969177246
167,1308,1.0,1.3333499431610107
400,690,3.0,3.7081053256988525
425,294,2.0,2.599271297454834
815,179,2.0,4.040765762329102
705,797,4.0,3.2351322174072266
157,289,4.0,3.3668289184570312
95,62,4.0,3.193998336791992
787,748,4.0,3.288741111755371
577,996,3.0,2.3439342975616455
49,1075,2.0,2.773897171020508
452,164,4.0,3.25760817527771
592,178,5.0,4.809133529663086
642,378,3.0,4.129243850708008
587,289,3.0,2.8684191703796387
178,984,2.0,2.8863537311553955
437,496,4.0,4.147653579711914
831,237,4.0,3.5998165607452393
334,86,4.0,3.7473673820495605
293,272,4.0,3.7531003952026367
586,295,3.0,3.1928722858428955
280,5,4.0,3.439115524291992
428,751,5.0,4.028491020202637
218,209,5.0,3.7073240280151367
397,1001,1.0,2.0734848976135254
495,403,5.0,3.997800350189209
707,1281,4.0,2.9715466499328613
16,11,5.0,4.529233932495117
840,134,3.0,4.548588275909424
752,750,2.0,3.562742233276367
567,127,5.0,4.333778381347656
189,197,5.0,4.398171424865723
395,240,1.0,3.0399696826934814
322,64,5.0,4.66534423828125
135,653,4.0,3.9408202171325684
559,191,5.0,3.952338695526123
445,272,3.0,2.5199596881866455
913,222,3.0,3.2049989700317383
15,754,5.0,2.8471169471740723
495,577,1.0,2.518167018890381
293,425,4.0,3.551536798477173
452,172,4.0,3.89733624458313
445,121,1.0,2.1025938987731934
401,511,2.0,3.523782253265381
234,516,3.0,3.4283530712127686
434,237,5.0,4.086180210113525
201,1423,3.0,1.2669148445129395
846,195,4.0,4.242883682250977
85,589,3.0,3.8665432929992676
244,1132,4.0,3.099034070968628
137,1028,5.0,3.731527090072632
60,229,4.0,3.2087905406951904
475,302,3.0,3.961540699005127
331,486,3.0,3.5646753311157227
666,23,4.0,4.109704971313477
548,291,5.0,3.540416955947876
436,132,1.0,4.41690731048584
591,523,4.0,4.15069580078125
790,72,2.0,2.9281647205352783
804,128,5.0,3.6611557006835938
566,133,4.0,3.5671799182891846
472,419,4.0,4.79530143737793
87,153,5.0,4.281835556030273
308,100,5.0,4.263310432434082
386,982,3.0,2.8741650581359863
463,1067,2.0,3.1929519176483154
126,323,3.0,3.143531084060669
327,1141,3.0,2.8390684127807617
91,183,5.0,4.079718112945557
332,64,5.0,5.457245826721191
416,157,4.0,4.144370079040527
303,3,3.0,3.184736728668213
516,212,4.0,3.592519521713257
916,558,3.0,3.5104377269744873
566,755,2.0,3.1160874366760254
798,996,3.0,2.130465030670166
815,217,3.0,3.283733367919922
389,283,5.0,3.790843963623047
276,210,4.0,4.167605400085449
188,159,3.0,3.2315480709075928
849,133,5.0,5.01713228225708
627,597,3.0,2.793246269226074
276,1109,3.0,3.465156078338623
484,172,5.0,4.840034484863281
913,164,2.0,3.228088617324829
587,271,4.0,3.1034257411956787
889,493,3.0,4.0301055908203125
698,132,4.0,2.9806735515594482
150,325,1.0,2.9780185222625732
921,760,2.0,2.596484422683716
537,226,2.0,2.602297782897949
450,727,4.0,3.755072832107544
218,654,4.0,4.054164886474609
398,284,2.0,3.0494513511657715
293,474,5.0,3.930816888809204
260,270,5.0,4.262378692626953
940,1167,4.0,3.231458902359009
805,135,4.0,3.9160053730010986
728,1355,4.0,2.6009304523468018
95,1227,2.0,2.468268632888794
708,742,1.0,3.6142308712005615
577,71,5.0,4.239248275756836
109,550,5.0,3.3454670906066895
151,66,4.0,3.8086273670196533
537,192,4.0,3.3146817684173584
62,483,4.0,4.185924053192139
276,76,4.0,3.6353302001953125
49,1069,3.0,2.7721991539001465
280,172,3.0,4.474436283111572
561,1267,3.0,2.6125059127807617
20,423,2.0,3.184307336807251
378,222,3.0,3.568848133087158
12,195,4.0,4.399311065673828
157,405,3.0,3.7168476581573486
632,131,4.0,3.921780824661255
894,1592,4.0,2.8248820304870605
892,265,4.0,4.135260581970215
717,748,3.0,3.5391740798950195
768,597,2.0,2.8295516967773438
642,155,3.0,3.5361390113830566
346,210,4.0,3.832134485244751
592,121,4.0,3.5575196743011475
581,844,5.0,3.436469554901123
94,1012,4.0,3.799973249435425
7,583,2.0,3.6650588512420654
488,510,4.0,3.5978188514709473
4,362,5.0,3.7558372020721436
421,197,3.0,3.9874260425567627
222,409,3.0,2.994988441467285
18,191,4.0,4.3096513748168945
437,710,4.0,3.705008029937744
456,403,2.0,3.377718448638916
592,1039,4.0,4.487203598022461
936,312,3.0,3.514735221862793
269,22,1.0,3.559648275375366
276,276,4.0,3.8602514266967773
927,82,2.0,4.301309108734131
506,66,4.0,3.6668660640716553
79,311,4.0,4.219507217407227
781,286,1.0,3.560248374938965
690,186,4.0,3.5628082752227783
776,192,5.0,4.0302886962890625
112,289,5.0,3.2621185779571533
87,121,5.0,3.88986873626709
425,293,4.0,3.3028361797332764
499,430,3.0,4.080082416534424
274,234,5.0,4.360106468200684
350,1,4.0,4.167201519012451
806,254,3.0,2.454753875732422
782,1511,2.0,2.608920097351074
933,1028,2.0,2.4189000129699707
181,871,2.0,1.3913098573684692
713,344,5.0,3.168469190597534
193,294,1.0,2.6839394569396973
290,216,4.0,3.635132074356079
805,94,1.0,3.01912784576416
429,473,3.0,3.1751012802124023
298,98,4.0,4.565270900726318
853,748,2.0,3.00663685798645
221,407,2.0,2.458118438720703
7,23,3.0,4.8775715827941895
1,13,5.0,3.553800106048584
892,739,4.0,3.5958924293518066
410,690,4.0,3.1612441539764404
442,569,2.0,2.5228235721588135
682,395,3.0,2.3270578384399414
835,257,3.0,4.084171772003174
664,318,5.0,4.4736199378967285
268,679,4.0,2.718252420425415
630,568,4.0,3.4478378295898438
798,748,5.0,3.2278196811676025
265,237,5.0,3.631406307220459
624,15,4.0,3.8430275917053223
650,162,3.0,3.0929102897644043
426,435,3.0,3.927025318145752
25,527,4.0,4.3076324462890625
200,99,5.0,4.470182418823242
125,734,3.0,2.7088189125061035
64,476,1.0,2.8733580112457275
328,56,4.0,3.96368670463562
399,432,3.0,3.174359083175659
828,328,3.0,2.8856334686279297
648,70,2.0,3.4902031421661377
867,186,5.0,4.2648606300354
391,480,4.0,4.3120832443237305
417,725,4.0,2.6849985122680664
58,514,5.0,3.875509262084961
210,173,4.0,4.648557186126709
787,347,4.0,3.3163743019104004
70,1035,3.0,3.0566959381103516
880,1041,4.0,3.357435941696167
174,126,5.0,4.437159538269043
216,221,4.0,4.052332878112793
85,588,3.0,3.584131956100464
567,9,4.0,3.7085442543029785
286,329,4.0,3.6764309406280518
394,795,2.0,2.601132392883301
486,1047,2.0,2.6331605911254883
690,208,5.0,3.6595518589019775
916,69,4.0,3.503772020339966
436,1489,2.0,2.291358470916748
189,498,5.0,4.524166584014893
378,722,3.0,2.835498332977295
499,191,5.0,4.2225341796875
790,977,1.0,2.5202479362487793
80,64,5.0,4.405131816864014
389,181,4.0,4.095848560333252
195,386,2.0,2.8232476711273193
64,333,3.0,3.3137128353118896
264,656,4.0,4.913141250610352
200,373,4.0,3.4244258403778076
262,1048,2.0,2.7404963970184326
650,823,3.0,2.4154748916625977
726,274,4.0,2.790959119796753
199,285,4.0,3.8731439113616943
780,97,5.0,3.713088035583496
154,137,3.0,4.035754203796387
361,26,3.0,3.375023126602173
131,1281,4.0,3.1460928916931152
152,451,5.0,4.231560707092285
85,79,3.0,3.7721176147460938
330,117,5.0,4.716550350189209
92,558,3.0,3.5533385276794434
899,291,4.0,3.2042884826660156
918,487,4.0,3.4089112281799316
292,173,5.0,4.703381538391113
472,581,4.0,4.07302188873291
624,690,4.0,3.4672088623046875
119,407,3.0,2.734043836593628
548,762,4.0,3.6773641109466553
437,82,3.0,3.76141619682312
613,64,5.0,4.846668243408203
280,673,4.0,3.755854606628418
374,117,5.0,3.7062976360321045
823,770,4.0,3.6908798217773438
210,864,3.0,3.4650254249572754
496,532,5.0,2.8652379512786865
311,177,5.0,4.065989971160889
506,274,4.0,3.5049514770507812
378,496,3.0,4.1296234130859375
760,185,2.0,3.689357042312622
661,174,5.0,4.412600994110107
109,88,4.0,3.5267491340637207
279,172,2.0,4.144824028015137
343,744,4.0,3.862880229949951
92,196,4.0,3.7431480884552
94,50,5.0,4.670617580413818
591,72,3.0,3.16821551322937
450,51,4.0,3.836092948913574
226,480,4.0,4.2742509841918945
268,455,3.0,2.922900915145874
864,230,2.0,3.7804298400878906
804,1411,3.0,2.882218360900879
806,923,3.0,4.41259241104126
336,1011,2.0,3.1232783794403076
13,90,3.0,2.90909481048584
216,97,4.0,4.0003252029418945
650,357,4.0,3.648420810699463
312,713,5.0,4.131714344024658
263,1020,3.0,4.184377670288086
130,721,3.0,4.115700721740723
43,215,5.0,3.7820560932159424
268,188,4.0,3.277540922164917
13,860,1.0,2.288658618927002
882,147,4.0,3.853294849395752
769,473,3.0,3.12079119682312
343,260,1.0,2.734065294265747
92,53,3.0,2.9267892837524414
201,919,3.0,3.2852227687835693
553,485,3.0,4.010642051696777
889,160,4.0,3.1905155181884766
853,333,4.0,3.242295742034912
718,405,5.0,3.5986764430999756
605,269,4.0,4.115256309509277
303,255,4.0,3.3385539054870605
416,401,2.0,2.997363328933716
715,233,3.0,3.181347370147705
42,63,4.0,3.3051013946533203
727,1437,2.0,2.245913028717041
44,175,4.0,3.8827710151672363
621,383,2.0,2.2473535537719727
586,186,2.0,3.6043286323547363
181,413,2.0,1.326233148574829
896,86,1.0,3.4488627910614014
402,19,4.0,4.330047607421875
59,489,4.0,4.490723609924316
796,447,3.0,3.6467676162719727
519,874,5.0,4.371096134185791
883,724,4.0,3.7087206840515137
807,172,5.0,4.696359157562256
727,90,3.0,2.9113051891326904
682,772,4.0,2.8597235679626465
645,195,4.0,4.174887657165527
336,202,1.0,3.5632107257843018
492,69,3.0,3.2943475246429443
311,83,5.0,4.241786956787109
875,176,4.0,4.285440444946289
279,44,1.0,3.264389753341675
72,972,4.0,3.431554079055786
504,72,4.0,3.405726909637451
468,248,4.0,3.866013765335083
932,611,5.0,4.543149948120117
802,444,4.0,2.9010391235351562
59,428,5.0,4.2615790367126465
495,1079,5.0,2.598223924636841
716,484,4.0,4.5224504470825195
404,307,4.0,3.5111141204833984
342,179,5.0,3.8794407844543457
442,144,4.0,3.481828212738037
251,535,3.0,3.411449432373047
63,277,4.0,3.0849952697753906
255,324,5.0,2.590019464492798
263,294,2.0,3.1470725536346436
48,209,5.0,3.8768739700317383
796,326,4.0,3.4891934394836426
655,1022,3.0,3.006094455718994
466,117,5.0,3.522373914718628
416,591,5.0,4.146035194396973
693,196,2.0,3.221714496612549
104,271,1.0,2.537862539291382
189,15,2.0,3.8783791065216064
201,855,4.0,3.333073616027832
255,872,4.0,2.5610883235931396
690,1,4.0,3.5408060550689697
660,328,3.0,2.714420795440674
177,210,4.0,3.869412899017334
221,568,4.0,3.6851882934570312
472,29,5.0,3.3733057975769043
354,694,5.0,4.081976890563965
501,181,4.0,4.380332946777344
109,742,5.0,3.6247406005859375
339,81,5.0,3.949622392654419
308,480,4.0,4.413660526275635
655,129,3.0,3.1571052074432373
318,121,1.0,3.6811273097991943
923,1028,4.0,3.8568575382232666
379,52,4.0,4.314141750335693
721,327,2.0,3.657740592956543
833,379,2.0,2.721870183944702
363,940,2.0,2.0528268814086914
637,1060,2.0,2.2323665618896484
851,455,3.0,3.58376145362854
903,994,3.0,2.8467650413513184
5,214,3.0,3.0486092567443848
406,216,3.0,3.7197022438049316
453,158,2.0,2.487454652786255
416,1011,4.0,3.724360942840576
130,174,5.0,5.148371696472168
487,720,4.0,3.1000375747680664
223,185,2.0,3.751708507537842
638,554,3.0,2.67236590385437
815,1133,3.0,3.171409845352173
84,546,3.0,3.366569995880127
747,672,4.0,2.9341092109680176
758,298,4.0,4.108312606811523
339,241,4.0,3.7836668491363525
412,70,4.0,3.632171869277954
802,197,3.0,4.254581451416016
896,343,1.0,2.715789318084717
456,485,4.0,3.7298331260681152
262,22,4.0,3.8573644161224365
200,229,5.0,3.655327558517456
694,237,4.0,3.9197499752044678
704,193,5.0,3.926990270614624
416,202,4.0,4.2614898681640625
773,72,3.0,2.9027087688446045
92,66,3.0,3.3617398738861084
892,367,4.0,3.867232322692871
345,200,4.0,3.989497661590576
215,179,4.0,4.068202972412109
648,498,3.0,4.068470001220703
1,268,5.0,3.8668088912963867
698,588,4.0,2.8215603828430176
181,1376,1.0,1.2135601043701172
145,1102,1.0,3.5239148139953613
875,131,4.0,4.204446792602539
934,462,4.0,3.818732738494873
933,70,2.0,2.9064574241638184
575,357,5.0,3.4912097454071045
311,211,3.0,4.044604301452637
524,66,3.0,3.3370606899261475
127,227,4.0,3.4765701293945312
243,86,5.0,3.933657169342041
652,288,2.0,3.1920042037963867
653,1444,3.0,1.872464895248413
339,80,3.0,2.9527251720428467
18,142,4.0,3.0208899974823
88,886,5.0,3.1417062282562256
551,827,5.0,2.9335126876831055
595,289,4.0,2.9079740047454834
339,121,3.0,3.624751329421997
358,1529,3.0,2.558145046234131
97,429,4.0,4.228232383728027
262,195,2.0,3.583711862564087
22,648,4.0,4.47418212890625
671,779,3.0,2.6896395683288574
821,281,3.0,3.664900302886963
630,732,4.0,3.477400779724121
85,42,3.0,3.5568745136260986
537,654,3.0,3.435889720916748
593,234,2.0,3.9299240112304688
405,1575,1.0,0.6234989762306213
620,678,3.0,3.0456464290618896
333,748,4.0,3.2906887531280518
833,657,4.0,3.7151479721069336
145,592,3.0,3.2957077026367188
495,843,3.0,3.4640867710113525
468,39,3.0,3.5686352252960205
342,1008,3.0,3.465298891067505
778,168,5.0,3.199037551879883
747,519,5.0,4.616690635681152
902,181,3.0,3.607689619064331
169,683,3.0,2.5453009605407715
764,22,4.0,4.529476642608643
416,339,5.0,3.493605375289917
373,166,5.0,4.032495021820068
246,226,2.0,2.937107563018799
913,180,3.0,3.695727586746216
796,553,4.0,3.3257479667663574
936,14,4.0,4.423059463500977
605,132,5.0,4.160872459411621
550,50,5.0,4.709312438964844
454,603,4.0,3.3781979084014893
1,106,4.0,2.9741015434265137
548,9,1.0,3.93569016456604
601,71,1.0,3.2843105792999268
92,452,2.0,2.721409559249878
710,318,4.0,4.293752670288086
373,843,3.0,3.0332400798797607
936,281,4.0,3.4060072898864746
27,925,3.0,2.9819796085357666
476,715,4.0,3.378511905670166
280,499,4.0,4.3010406494140625
760,71,4.0,3.582324266433716
828,547,2.0,2.912114143371582
109,940,3.0,2.308926820755005
452,186,1.0,3.574467420578003
59,959,4.0,3.8792872428894043
56,73,4.0,3.6167681217193604
331,277,4.0,3.2617380619049072
534,151,4.0,4.650393962860107
691,50,4.0,4.959584712982178
880,845,3.0,3.5928874015808105
873,342,4.0,2.1410720348358154
239,187,5.0,4.458820819854736
126,266,5.0,2.716602325439453
321,275,4.0,3.7721803188323975
391,491,3.0,3.817045211791992
194,792,4.0,3.29002046585083
289,742,4.0,3.046550989151001
525,248,4.0,3.4960694313049316
767,242,4.0,4.607118129730225
592,173,5.0,4.734575271606445
496,483,4.0,3.731595993041992
361,129,4.0,3.696829319000244
442,31,3.0,3.3089077472686768
814,565,3.0,2.3273708820343018
733,1023,1.0,2.268747329711914
938,476,4.0,3.0514798164367676
128,955,5.0,3.5700201988220215
829,222,4.0,3.418876886367798
121,282,1.0,3.628098487854004
536,699,3.0,3.9105615615844727
805,121,3.0,3.2720203399658203
61,333,3.0,3.142019748687744
206,690,2.0,2.520327568054199
532,982,3.0,3.192246913909912
401,173,3.0,3.3891003131866455
363,1010,4.0,3.0408377647399902
92,116,3.0,3.594224452972412
363,227,4.0,2.8762004375457764
784,328,3.0,3.897632598876953
119,154,5.0,4.2435479164123535
141,245,3.0,3.31498646736145
176,508,3.0,3.744706630706787
682,581,2.0,3.0252811908721924
179,271,1.0,3.0606417655944824
193,182,4.0,3.9470930099487305
932,64,2.0,4.673977851867676
332,370,2.0,3.4228763580322266
395,750,5.0,4.172497749328613
303,427,4.0,4.528171062469482
889,294,3.0,2.942744731903076
435,265,3.0,3.656282663345337
446,326,2.0,2.810176134109497
48,680,3.0,2.5586347579956055
524,199,4.0,4.07803201675415
843,183,5.0,3.00872802734375
871,1024,3.0,3.6356823444366455
557,271,4.0,3.4034690856933594
43,931,1.0,2.217958450317383
627,518,4.0,3.4908018112182617
186,226,5.0,3.3593947887420654
416,737,3.0,3.402324676513672
188,1263,3.0,2.760739803314209
514,49,2.0,3.5017812252044678
848,209,5.0,4.259726524353027
829,70,4.0,3.455094575881958
17,1,4.0,3.2845215797424316
836,56,4.0,4.189339637756348
604,200,1.0,3.595263957977295
760,98,3.0,3.927131414413452
887,100,2.0,4.690421104431152
561,204,3.0,3.2113590240478516
151,28,4.0,4.283933639526367
851,302,5.0,4.568868160247803
72,2,3.0,3.2168049812316895
198,187,4.0,3.787410259246826
808,872,5.0,3.3637096881866455
181,989,1.0,1.5530542135238647
219,303,4.0,3.916249990463257
51,173,5.0,3.842912197113037
534,282,5.0,4.773017883300781
316,463,5.0,3.0549867153167725
405,1567,1.0,0.6111670136451721
269,154,3.0,3.157465934753418
233,495,4.0,4.132970809936523
413,275,5.0,4.015779495239258
647,147,4.0,3.5382158756256104
923,1001,1.0,2.470529079437256
487,566,4.0,3.8665881156921387
484,226,4.0,3.6861681938171387
7,367,5.0,4.061477184295654
294,751,4.0,3.722930669784546
577,5,4.0,3.5189270973205566
280,90,4.0,3.2492008209228516
621,94,2.0,3.3216099739074707
406,715,4.0,3.2267730236053467
778,738,1.0,2.2397537231445312
305,70,4.0,3.293775796890259
449,273,4.0,3.7870640754699707
790,144,4.0,3.5307469367980957
130,477,4.0,3.818115472793579
358,558,4.0,3.4503419399261475
450,277,3.0,3.874518632888794
363,444,4.0,2.5028457641601562
250,151,4.0,3.986302137374878
139,460,3.0,3.2310025691986084
194,165,4.0,3.5905680656433105
524,466,4.0,3.4788804054260254
372,218,5.0,4.474246025085449
271,507,2.0,3.6951470375061035
279,922,3.0,3.8725697994232178
551,825,5.0,3.2244207859039307
311,56,5.0,4.216185569763184
771,542,4.0,2.5476901531219482
328,23,3.0,4.107705593109131
727,191,4.0,4.0205278396606445
711,496,5.0,4.258522033691406
666,181,2.0,3.8546767234802246
871,313,5.0,4.183509826660156
561,559,1.0,2.7059574127197266
321,61,5.0,3.7597222328186035
823,1,4.0,4.242547035217285
328,685,4.0,3.229278087615967
397,345,4.0,3.4438343048095703
488,28,4.0,3.546661138534546
234,125,3.0,2.97637677192688
709,172,5.0,4.3607001304626465
95,190,4.0,4.325930595397949
655,125,2.0,2.9199368953704834
276,215,4.0,3.814413070678711
933,172,2.0,3.4542429447174072
263,879,2.0,3.351630687713623
116,888,2.0,3.1375956535339355
629,416,4.0,3.823296070098877
896,237,5.0,3.170279026031494
825,406,2.0,2.8578522205352783
872,323,2.0,3.253854751586914
286,402,3.0,3.8952417373657227
251,281,4.0,3.2483012676239014
94,1065,4.0,3.89101505279541
463,1383,2.0,1.781048059463501
103,487,4.0,3.9681572914123535
592,24,4.0,3.826918840408325
378,59,4.0,4.031956672668457
864,404,4.0,3.9564566612243652
29,182,4.0,4.074477195739746
254,386,2.0,2.5813450813293457
12,4,5.0,3.961301326751709
336,410,3.0,2.9418318271636963
145,22,5.0,4.509481906890869
357,291,4.0,4.3552350997924805
919,272,5.0,4.408863544464111
130,58,2.0,4.352156639099121
330,549,5.0,4.5347185134887695
711,941,3.0,3.174743175506592
308,186,4.0,4.047773361206055
682,125,4.0,3.4001190662384033
440,512,3.0,5.006601333618164
246,559,3.0,2.943732976913452
374,483,3.0,4.390454292297363
76,769,1.0,2.5682668685913086
437,213,4.0,4.01579475402832
823,210,4.0,4.336530685424805
332,38,2.0,3.5947160720825195
707,499,4.0,3.948476552963257
749,167,2.0,3.203313112258911
157,515,5.0,4.92641019821167
487,181,4.0,4.285223960876465
744,28,3.0,3.7799603939056396
740,294,4.0,3.0651729106903076
110,578,3.0,3.1179332733154297
129,300,3.0,2.670642852783203
409,429,5.0,3.85528564453125
476,66,3.0,3.5517828464508057
799,292,4.0,3.797719717025757
222,1042,4.0,2.9328458309173584
338,488,5.0,4.224105358123779
198,101,5.0,3.0065150260925293
676,688,1.0,1.870046854019165
294,1245,3.0,3.536074161529541
506,684,5.0,3.8493170738220215
620,416,4.0,3.8591766357421875
234,686,3.0,3.0864768028259277
57,1071,3.0,3.180408477783203
508,1135,3.0,2.9882025718688965
44,194,5.0,4.029217720031738
361,659,5.0,4.06216287612915
7,662,3.0,3.876952648162842
405,463,1.0,2.17411470413208
181,460,1.0,1.4102461338043213
922,391,3.0,2.695223569869995
90,644,5.0,4.333154201507568
892,118,4.0,3.4414994716644287
178,194,4.0,4.30181884765625
223,977,2.0,2.548013210296631
292,197,5.0,4.631840705871582
881,94,2.0,3.022613763809204
554,9,4.0,3.772217035293579
606,201,4.0,3.8883213996887207
151,195,3.0,4.328709125518799
642,1023,3.0,2.8556411266326904
426,430,3.0,4.019306659698486
919,297,4.0,3.980771780014038
693,423,3.0,3.141395330429077
230,511,2.0,4.547104835510254
655,192,3.0,3.4090359210968018
95,28,4.0,3.9804582595825195
702,683,1.0,1.9354804754257202
146,347,3.0,3.712686538696289
56,280,4.0,3.406721353530884
405,510,1.0,2.329873561859131
206,260,3.0,1.9100302457809448
158,210,4.0,4.239200592041016
21,567,2.0,2.585343360900879
79,740,4.0,3.701914072036743
177,135,5.0,3.959097146987915
189,9,3.0,3.9810280799865723
892,82,3.0,4.084682464599609
405,80,1.0,1.7579350471496582
378,1037,2.0,1.815658688545227
526,181,4.0,3.823960542678833
308,448,3.0,3.4889109134674072
637,475,1.0,2.8523058891296387
193,301,4.0,2.9532852172851562
886,783,1.0,2.638881206512451
405,1072,1.0,1.5316358804702759
880,144,5.0,3.9769482612609863
710,192,5.0,3.9622561931610107
671,4,5.0,3.70916748046875
533,676,5.0,3.147897720336914
870,13,4.0,3.3093409538269043
795,3,2.0,2.7503044605255127
416,451,5.0,3.803131103515625
262,660,4.0,3.4096438884735107
405,673,5.0,2.0990090370178223
709,92,4.0,3.6778829097747803
664,22,2.0,4.272612571716309
391,69,4.0,3.6964290142059326
170,687,3.0,2.514526605606079
286,3,2.0,3.3406617641448975
746,8,4.0,4.000290393829346
230,447,1.0,3.707303047180176
532,692,5.0,4.4586639404296875
526,475,5.0,3.793541431427002
618,150,2.0,3.5686910152435303
717,291,4.0,3.6429569721221924
268,288,4.0,3.000648021697998
174,902,3.0,4.45720100402832
458,509,4.0,3.9865806102752686
871,515,4.0,4.167052268981934
215,28,4.0,4.064033508300781
655,512,3.0,3.39220929145813
37,7,4.0,4.050040245056152
934,483,3.0,4.554128170013428
262,15,3.0,3.2905044555664062
848,476,3.0,3.2401599884033203
751,1,3.0,3.841820478439331
271,218,3.0,3.4368011951446533
280,86,4.0,4.17939567565918
715,158,2.0,2.4997382164001465
203,477,4.0,3.3732171058654785
809,331,2.0,3.512678861618042
893,1245,2.0,3.4778730869293213
43,123,1.0,3.2890138626098633
82,475,1.0,3.5720624923706055
632,508,2.0,3.5231399536132812
63,106,2.0,2.5561606884002686
308,254,2.0,2.501725673675537
369,346,4.0,4.037557601928711
318,12,4.0,4.532242298126221
745,169,4.0,3.4453256130218506
456,69,4.0,3.64607310295105
472,51,5.0,4.459275245666504
82,919,3.0,3.4695680141448975
862,196,5.0,4.5749945640563965
929,188,4.0,3.4587061405181885
890,186,2.0,3.9500510692596436
491,493,4.0,4.226615905761719
886,64,5.0,4.263421058654785
790,283,2.0,3.366999864578247
653,973,2.0,0.5883968472480774
494,143,5.0,3.813523054122925
141,323,4.0,3.095421075820923
864,755,4.0,3.626899003982544
13,799,4.0,2.306788444519043
751,90,3.0,3.0430686473846436
880,467,4.0,3.974640130996704
553,1,3.0,4.049848556518555
635,688,2.0,1.973467230796814
299,289,3.0,2.806659460067749
889,513,4.0,4.1982927322387695
303,93,5.0,3.8678016662597656
881,97,3.0,3.6806180477142334
85,157,3.0,3.4495620727539062
297,984,1.0,2.7201459407806396
121,736,5.0,3.841062307357788
256,829,4.0,3.339214324951172
661,665,3.0,2.9167838096618652
608,126,1.0,3.772315502166748
519,1280,5.0,3.592381477355957
879,292,4.0,3.7064998149871826
496,554,2.0,2.4012856483459473
81,756,1.0,2.7016217708587646
308,591,3.0,3.7155046463012695
236,117,3.0,3.5968034267425537
393,15,3.0,3.744917154312134
308,802,3.0,2.878633737564087
59,56,5.0,4.487382888793945
606,729,4.0,3.947054624557495
836,1065,4.0,3.7729148864746094
246,173,5.0,3.7557175159454346
48,433,3.0,3.6773688793182373
407,153,4.0,3.6090078353881836
13,82,2.0,3.5819029808044434
634,1011,4.0,3.3037526607513428
361,216,5.0,3.7697861194610596
101,820,3.0,2.63708758354187
112,346,5.0,3.72182035446167
705,526,3.0,4.062255859375
535,632,4.0,3.9983911514282227
189,99,5.0,3.9382505416870117
394,383,2.0,2.3574419021606445
201,31,1.0,3.150909900665283
373,423,2.0,3.856566905975342
337,228,5.0,4.112338542938232
918,499,4.0,3.474871873855591
164,678,4.0,3.485729694366455
763,28,3.0,4.006855010986328
666,1474,3.0,2.6172282695770264
763,418,4.0,3.6427114009857178
59,616,5.0,3.955927610397339
94,81,4.0,3.9032533168792725
727,199,4.0,4.086485385894775
109,250,2.0,3.4282124042510986
500,281,3.0,2.9207284450531006
450,878,2.0,2.6752512454986572
504,181,3.0,4.275629043579102
868,233,2.0,2.780992031097412
188,678,3.0,2.7084202766418457
660,97,3.0,2.9512853622436523
871,937,3.0,3.448309898376465
361,655,3.0,3.8195831775665283
733,14,5.0,3.496323823928833
488,478,3.0,3.7024073600769043
266,874,2.0,3.1976237297058105
815,228,5.0,3.918652057647705
13,194,5.0,3.9028942584991455
323,772,3.0,3.0853967666625977
78,411,4.0,2.6286392211914062
440,751,3.0,4.0453901290893555
200,195,5.0,4.861074924468994
29,678,3.0,2.7661352157592773
201,651,4.0,3.479635715484619
429,23,4.0,4.2636260986328125
932,863,4.0,4.198358535766602
301,269,5.0,4.025569438934326
815,135,2.0,4.11375617980957
234,604,5.0,3.478567600250244
159,881,1.0,3.186429977416992
896,685,3.0,2.8819432258605957
185,514,5.0,4.03755521774292
506,494,5.0,4.297672271728516
601,204,2.0,3.34201717376709
921,728,3.0,2.7735378742218018
3,300,2.0,3.070424795150757
864,226,3.0,3.532951593399048
326,170,2.0,3.58884859085083
322,656,5.0,4.528858661651611
32,245,2.0,2.8771629333496094
378,96,4.0,3.9886417388916016
630,323,4.0,2.965615749359131
907,1051,5.0,4.343993663787842
405,480,4.0,2.513749122619629
90,31,4.0,4.140106201171875
43,751,2.0,3.6764400005340576
671,159,5.0,3.3191187381744385
533,651,4.0,3.7782182693481445
569,321,4.0,3.2478508949279785
27,515,4.0,3.9955151081085205
110,550,3.0,3.187236785888672
830,241,4.0,3.532700538635254
578,346,3.0,2.898392677307129
504,1084,4.0,4.240714073181152
456,608,4.0,3.8496081829071045
7,619,3.0,3.727219581604004
405,439,1.0,0.7867463827133179
151,10,5.0,4.254173278808594
223,423,3.0,3.5677716732025146
889,81,4.0,3.442003011703491
727,405,3.0,3.204002857208252
711,168,4.0,4.145130157470703
223,295,3.0,3.2616748809814453
594,515,5.0,3.825795888900757
807,298,4.0,4.1628522872924805
689,300,5.0,3.811669111251831
21,103,1.0,2.003976583480835
543,660,3.0,3.574514389038086
790,1132,2.0,2.6364235877990723
294,286,5.0,3.94649076461792
503,321,2.0,3.408094882965088
215,300,3.0,3.5078043937683105
407,405,3.0,3.1326911449432373
399,175,3.0,3.3829896450042725
551,79,5.0,4.430438041687012
881,1046,3.0,3.0535624027252197
531,908,1.0,2.7311923503875732
802,183,5.0,4.107585430145264
560,235,2.0,2.8661632537841797
693,298,3.0,3.102735757827759
275,627,3.0,2.7982871532440186
790,771,4.0,2.395134687423706
669,172,3.0,3.8084781169891357
929,318,4.0,4.224874019622803
870,272,4.0,4.017560958862305
201,402,2.0,3.0330588817596436
391,134,4.0,4.23452091217041
478,182,5.0,3.7192258834838867
650,432,4.0,3.160477638244629
54,240,4.0,3.034921407699585
221,566,3.0,3.6171720027923584
900,618,4.0,2.5335566997528076
887,1079,1.0,2.582514524459839
86,327,4.0,3.5893747806549072
49,347,3.0,2.766326665878296
378,213,5.0,3.992393970489502
629,732,5.0,4.093913555145264
886,128,4.0,3.36090087890625
561,239,3.0,3.004591941833496
335,355,3.0,2.753044605255127
660,347,3.0,2.780879020690918
446,880,2.0,2.5367791652679443
840,1451,5.0,3.922121047973633
867,68,4.0,3.766928195953369
83,56,1.0,4.351465225219727
575,322,3.0,2.440035820007324
270,93,5.0,4.729185104370117
328,117,4.0,3.677640676498413
113,424,1.0,1.533299446105957
675,750,4.0,3.8610727787017822
283,56,5.0,4.717503070831299
790,451,3.0,3.1039769649505615
749,50,5.0,4.544412612915039
158,221,2.0,4.127208232879639
141,597,4.0,3.2068562507629395
221,150,5.0,3.897263765335083
151,83,5.0,4.434815406799316
665,125,4.0,3.454183578491211
74,285,3.0,4.209298133850098
619,403,5.0,3.4460248947143555
95,89,3.0,4.191310882568359
356,258,5.0,3.827666759490967
392,316,5.0,4.483039855957031
850,705,5.0,4.535146236419678
660,89,3.0,3.2414772510528564
934,414,5.0,3.72851824760437
864,186,4.0,4.214865684509277
320,82,3.0,4.354896545410156
5,435,4.0,3.6368179321289062
303,97,5.0,3.9404478073120117
308,216,3.0,3.9886813163757324
188,151,3.0,3.7121267318725586
94,824,4.0,2.9533331394195557
435,200,5.0,3.700061798095703
796,559,3.0,3.412692070007324
383,14,5.0,4.255431175231934
527,513,4.0,4.225118637084961
847,173,5.0,3.395514965057373
621,746,4.0,3.9400932788848877
758,968,5.0,4.140718460083008
286,1118,1.0,3.5208449363708496
13,857,3.0,0.6996154189109802
781,1500,5.0,2.0847463607788086
780,497,2.0,3.8938474655151367
435,572,2.0,2.8215672969818115
83,739,5.0,3.5780344009399414
926,321,3.0,2.999269962310791
579,676,3.0,3.1474008560180664
694,133,5.0,4.156994342803955
642,1146,1.0,2.871843099594116
478,866,1.0,2.991410255432129
296,187,5.0,4.639065742492676
933,234,3.0,3.0845706462860107
715,81,4.0,3.5613880157470703
922,181,5.0,3.9117517471313477
658,518,4.0,3.7589046955108643
504,973,4.0,0.7891247272491455
90,1206,2.0,3.113759756088257
181,147,1.0,1.716322898864746
98,435,5.0,3.695504665374756
755,269,5.0,3.6548569202423096
751,50,5.0,4.374598503112793
842,344,1.0,4.235773086547852
608,4,3.0,3.5480475425720215
436,95,4.0,4.144510746002197
495,186,5.0,4.518871307373047
716,507,5.0,4.029669761657715
864,693,4.0,3.88519287109375
264,345,4.0,3.8539633750915527
188,300,4.0,3.500051498413086
660,474,2.0,3.305006742477417
276,794,2.0,3.715960741043091
207,423,4.0,3.4363670349121094
648,216,4.0,3.7537341117858887
158,79,4.0,4.325925827026367
85,520,3.0,3.9658315181732178
145,316,5.0,4.263784885406494
654,117,4.0,3.7597928047180176
854,100,5.0,3.696338653564453
2,304,4.0,3.5906455516815186
466,510,2.0,3.785506010055542
770,255,4.0,4.206724643707275
291,85,2.0,3.4553160667419434
525,123,3.0,3.1113882064819336
669,187,5.0,3.7331228256225586
470,919,3.0,3.577169179916382
151,516,5.0,4.447392463684082
234,316,4.0,3.375241756439209
399,735,3.0,3.2688069343566895
286,655,3.0,4.193493843078613
590,298,2.0,3.6813666820526123
537,185,4.0,3.283728837966919
889,24,4.0,3.2731008529663086
186,770,2.0,3.425058364868164
773,769,1.0,2.4063560962677
868,232,1.0,2.886003255844116
343,118,2.0,3.399160623550415
373,506,4.0,3.908447027206421
810,294,5.0,4.287227630615234
932,180,4.0,4.324069976806641
698,482,2.0,2.961970090866089
891,409,4.0,3.726425886154175
334,425,4.0,3.707718849182129
263,210,3.0,4.218796730041504
646,310,3.0,3.2518677711486816
770,258,5.0,4.8239359855651855
85,161,4.0,3.204155683517456
684,553,4.0,3.209778308868408
622,434,4.0,4.013925075531006
320,97,5.0,4.380170822143555
493,171,5.0,4.1352996826171875
200,1060,3.0,3.6880972385406494
246,235,3.0,2.6685922145843506
772,302,5.0,4.708548069000244
564,289,4.0,2.917069673538208
189,517,4.0,4.181257247924805
332,409,3.0,3.9205105304718018
551,527,5.0,4.462972640991211
552,280,3.0,3.0337822437286377
626,272,5.0,2.887864351272583
497,42,4.0,3.5429282188415527
897,484,3.0,4.763152599334717
786,195,4.0,4.158064842224121
610,699,2.0,3.692779541015625
450,837,4.0,4.262289047241211
44,174,5.0,4.197686195373535
627,732,3.0,3.37998104095459
501,696,4.0,3.472879648208618
552,117,3.0,3.5463812351226807
498,83,3.0,3.5295588970184326
862,151,5.0,4.302724838256836
575,50,2.0,3.5333783626556396
757,11,4.0,3.7478246688842773
184,57,5.0,4.074926853179932
817,24,4.0,3.3018767833709717
298,546,3.0,3.1981329917907715
661,280,3.0,3.2887415885925293
244,458,3.0,3.428534507751465
506,215,5.0,3.825648546218872
64,419,2.0,3.637145519256592
868,209,4.0,3.430649518966675
276,1407,1.0,2.4343490600585938
711,283,4.0,3.7950005531311035
750,688,1.0,2.090299129486084
606,176,5.0,4.495495796203613
627,423,3.0,3.4969136714935303
292,124,4.0,4.682530403137207
95,728,3.0,3.046689987182617
394,222,4.0,4.0028886795043945
232,64,4.0,4.4389448165893555
922,222,4.0,3.5256094932556152
814,559,3.0,2.8616316318511963
244,744,3.0,3.8221170902252197
301,229,3.0,3.0107386112213135
222,9,5.0,3.4959733486175537
318,167,4.0,3.2678720951080322
868,506,4.0,3.3342931270599365
734,282,4.0,3.474108934402466
157,258,3.0,4.213082790374756
119,562,4.0,3.681975841522217
335,260,3.0,2.6045219898223877
167,1126,5.0,3.456134080886841
98,629,5.0,3.15301513671875
815,9,4.0,3.838330030441284
509,258,4.0,3.0115160942077637
221,53,4.0,3.091524124145508
321,709,4.0,3.9753785133361816
394,780,2.0,3.4195942878723145
650,100,4.0,3.5262532234191895
497,174,4.0,4.01392936706543
535,9,5.0,3.7926831245422363
474,92,4.0,3.92913556098938
293,436,3.0,3.352353096008301
458,126,4.0,3.9144227504730225
843,590,3.0,1.578401803970337
230,378,5.0,3.9621524810791016
8,385,1.0,3.9122633934020996
347,928,3.0,3.153228521347046
429,441,3.0,2.757331609725952
495,631,2.0,4.199026107788086
880,44,4.0,3.578730344772339
399,383,2.0,1.94685697555542
212,179,1.0,3.735908269882202
500,83,4.0,3.8698863983154297
311,465,4.0,3.6902565956115723
524,649,4.0,3.195098876953125
393,569,4.0,2.8568897247314453
222,294,3.0,3.1011292934417725
161,315,5.0,2.8424789905548096
904,274,5.0,3.5901577472686768
269,654,4.0,3.616692304611206
459,275,4.0,3.972910165786743
590,126,5.0,3.8112525939941406
213,234,4.0,4.210724830627441
58,222,4.0,3.578763008117676
417,121,3.0,3.3650264739990234
655,367,3.0,2.9687795639038086
548,316,4.0,4.288441181182861
325,137,5.0,3.609604835510254
405,1359,1.0,1.0080379247665405
22,118,4.0,3.266235589981079
254,768,3.0,2.7241153717041016
650,809,3.0,2.6577155590057373
716,740,4.0,3.591038465499878
238,181,3.0,3.947988271713257
894,300,4.0,3.4362573623657227
672,15,3.0,3.3445963859558105
301,1012,4.0,3.542451858520508
478,64,5.0,4.097781181335449
56,523,4.0,4.306362628936768
665,238,4.0,3.7055535316467285
693,192,2.0,3.39074969291687
429,183,4.0,4.0226640701293945
500,1385,4.0,2.544999837875366
417,674,2.0,3.0041165351867676
943,139,1.0,2.983431339263916
339,183,4.0,4.3143110275268555
526,270,3.0,3.3608624935150146
610,751,4.0,3.283113956451416
454,1190,3.0,2.57452130317688
137,250,5.0,4.105473518371582
145,636,4.0,3.4785730838775635
334,300,3.0,3.1339783668518066
271,504,3.0,3.8478808403015137
10,357,5.0,4.784996509552002
2,313,5.0,4.411836624145508
416,727,5.0,3.8809587955474854
697,118,3.0,3.648178815841675
216,790,3.0,3.0398194789886475
250,676,5.0,3.605119228363037
535,953,5.0,3.473503828048706
776,675,3.0,3.610863447189331
862,238,4.0,4.5035905838012695
803,339,3.0,3.06722354888916
90,185,5.0,4.573896884918213
782,344,3.0,3.3745861053466797
754,293,4.0,3.7245919704437256
682,1303,2.0,2.072786808013916
407,186,4.0,3.709926128387451
567,223,4.0,4.230514049530029
795,4,4.0,3.2229766845703125
401,663,1.0,3.185214042663574
870,569,2.0,2.6658143997192383
868,427,4.0,3.728544235229492
118,421,4.0,4.413572788238525
189,137,4.0,4.096950531005859
639,662,2.0,2.702355146408081
844,97,3.0,3.6414239406585693
232,270,3.0,3.582252264022827
51,479,3.0,3.864675998687744
342,289,2.0,2.90708327293396
643,423,4.0,3.8955395221710205
299,1258,2.0,2.4051170349121094
655,24,3.0,2.8864028453826904
655,19,2.0,3.2217931747436523
886,467,4.0,3.6546380519866943
227,127,4.0,4.272386074066162
541,142,5.0,3.176483392715454
42,468,4.0,3.4184482097625732
661,215,3.0,3.78942608833313
22,89,5.0,4.412583351135254
391,300,2.0,3.281259298324585
410,538,3.0,3.16194486618042
350,127,5.0,4.668644428253174
559,238,1.0,3.6041531562805176
279,147,4.0,3.308687925338745
788,712,3.0,2.974438190460205
94,288,3.0,3.498656749725342
920,307,3.0,3.1790473461151123
562,435,4.0,3.8478646278381348
615,523,5.0,4.176849365234375
326,48,3.0,3.561257839202881
44,183,4.0,3.896977424621582
416,66,5.0,3.986416816711426
122,70,5.0,3.8509795665740967
707,449,2.0,3.0322508811950684
717,111,4.0,3.7848596572875977
523,72,4.0,3.7293946743011475
548,283,3.0,3.8857672214508057
216,1161,4.0,3.1756749153137207
11,745,5.0,3.7619760036468506
897,161,5.0,3.8215529918670654
846,215,5.0,3.8462398052215576
454,55,2.0,2.913302421569824
249,68,5.0,3.7563343048095703
436,715,4.0,3.595205068588257
909,326,4.0,3.850043535232544
456,42,4.0,3.6926333904266357
425,529,4.0,3.3983542919158936
363,435,3.0,3.484518527984619
508,82,3.0,3.7302112579345703
764,696,3.0,3.3442511558532715
567,83,4.0,4.030457019805908
279,105,4.0,2.545315742492676
182,111,4.0,3.4034311771392822
311,523,5.0,4.276528358459473
128,380,4.0,3.4050803184509277
643,794,3.0,3.6212317943573
645,258,3.0,3.859147548675537
503,582,5.0,3.825993061065674
307,215,4.0,3.7783219814300537
506,218,3.0,3.718231678009033
768,151,2.0,3.3573734760284424
12,684,5.0,4.070044040679932
864,800,1.0,3.3512091636657715
621,1016,4.0,3.6071507930755615
838,50,5.0,4.681363105773926
796,274,5.0,3.5356669425964355
329,198,4.0,3.7858548164367676
343,528,3.0,4.708308219909668
279,1266,1.0,3.5345137119293213
741,131,4.0,3.966517925262451
280,40,5.0,3.305509328842163
757,97,4.0,3.633340358734131
848,153,5.0,4.096675395965576
373,510,3.0,4.037876129150391
704,180,4.0,3.996962070465088
664,96,3.0,3.9536659717559814
243,137,3.0,3.800719976425171
60,606,4.0,4.434279441833496
528,210,5.0,3.9997339248657227
840,172,3.0,4.554058074951172
666,98,4.0,4.167963027954102
38,161,5.0,4.043508529663086
94,125,1.0,3.7231264114379883
639,673,4.0,2.837338447570801
825,1087,3.0,2.0162408351898193
828,322,3.0,2.658076524734497
885,756,2.0,2.6393587589263916
653,732,2.0,2.753772735595703
437,287,2.0,3.692192554473877
295,98,5.0,5.0222978591918945
474,528,5.0,4.578425407409668
211,526,4.0,3.313887357711792
717,866,1.0,3.5310001373291016
940,153,2.0,3.5062484741210938
568,631,5.0,3.0111258029937744
507,298,5.0,5.111413478851318
34,310,4.0,4.365928649902344
334,69,1.0,3.5378150939941406
707,582,5.0,3.5423645973205566
463,985,1.0,2.7071781158447266
59,699,4.0,4.011806964874268
752,690,4.0,3.215728282928467
902,300,4.0,3.0907304286956787
694,138,3.0,2.6456151008605957
552,628,3.0,3.3050031661987305
92,134,4.0,4.075653076171875
406,665,3.0,2.7480697631835938
676,315,4.0,4.180641174316406
195,384,2.0,2.7306904792785645
736,533,3.0,3.1891016960144043
654,742,4.0,3.5981576442718506
551,281,5.0,3.3605220317840576
350,340,4.0,3.8661081790924072
125,513,4.0,4.53134298324585
930,1010,2.0,2.799349308013916
387,268,3.0,3.608186721801758
244,676,4.0,3.5802671909332275
610,7,2.0,3.7549989223480225
503,121,3.0,3.587564706802368
458,514,5.0,3.932250499725342
7,626,5.0,1.4609631299972534
943,234,3.0,3.914989709854126
18,189,5.0,4.190040588378906
164,281,4.0,3.8317081928253174
269,167,1.0,2.6047449111938477
466,172,4.0,4.005099296569824
716,1020,5.0,4.074387550354004
870,378,3.0,3.545577049255371
805,603,4.0,4.263681411743164
697,50,5.0,5.008322238922119
267,64,5.0,5.01999568939209
422,379,2.0,3.2184457778930664
635,307,4.0,3.3959500789642334
151,492,3.0,4.151427745819092
674,313,5.0,4.534857749938965
711,425,4.0,3.991056203842163
684,716,2.0,3.0921761989593506
268,525,4.0,3.6915013790130615
59,181,5.0,4.31389045715332
57,588,4.0,4.030803680419922
264,671,4.0,4.329509735107422
201,26,4.0,2.998793363571167
588,451,5.0,3.599095344543457
863,328,5.0,3.564326763153076
838,318,5.0,4.820886135101318
468,12,4.0,4.703186988830566
831,307,2.0,3.435309886932373
24,100,5.0,4.725773811340332
913,11,4.0,3.5506021976470947
586,39,4.0,3.0188050270080566
870,333,3.0,3.2490310668945312
398,208,5.0,3.908583641052246
207,127,5.0,3.905254364013672
26,831,2.0,2.15608286857605
621,87,5.0,4.249601364135742
770,919,5.0,4.778201580047607
235,96,4.0,3.9709601402282715
666,264,3.0,2.654503345489502
924,605,3.0,3.3386940956115723
90,505,5.0,4.536253929138184
634,273,3.0,3.6400818824768066
561,942,3.0,2.943650484085083
487,231,1.0,2.9683711528778076
334,577,2.0,2.1273560523986816
624,295,3.0,3.652499198913574
523,306,5.0,4.763478755950928
491,124,5.0,4.129123687744141
493,475,3.0,4.110901355743408
387,446,2.0,2.5665194988250732
343,510,5.0,4.437292098999023
650,692,3.0,3.095149278640747
318,722,4.0,3.000009775161743
195,887,4.0,3.728219509124756
327,778,3.0,3.2113285064697266
650,480,5.0,3.6220791339874268
452,492,4.0,3.444026470184326
870,653,4.0,3.9068217277526855
315,732,3.0,3.927617073059082
429,475,4.0,3.9274954795837402
668,993,4.0,3.4216318130493164
270,283,5.0,4.681581020355225
445,823,1.0,1.7798489332199097
87,871,4.0,2.8867850303649902
487,300,5.0,3.698516845703125
393,280,4.0,3.328705072402954
535,83,4.0,4.126428604125977
293,257,2.0,3.321134328842163
344,176,5.0,4.092116355895996
234,318,4.0,3.7482833862304688
181,975,2.0,1.4747974872589111
42,496,5.0,4.362748146057129
553,615,5.0,4.207801342010498
178,294,2.0,3.2016708850860596
884,213,4.0,3.7958548069000244
938,928,5.0,3.142815351486206
787,352,2.0,2.212505578994751
378,44,3.0,3.396019220352173
481,204,4.0,4.091428279876709
398,197,5.0,3.9998698234558105
537,1197,3.0,2.9516096115112305
359,546,3.0,3.358902931213379
848,72,5.0,3.4073359966278076
913,741,4.0,3.217360496520996
747,653,5.0,4.501331329345703
663,151,3.0,3.7496347427368164
798,87,3.0,3.7759463787078857
628,938,5.0,3.3130669593811035
269,616,4.0,3.0863699913024902
936,106,3.0,3.250155448913574
627,144,2.0,3.470046043395996
901,756,4.0,3.128618001937866
295,290,4.0,3.7148661613464355
207,845,3.0,3.0966572761535645
290,385,4.0,3.380078077316284
436,642,4.0,3.711259365081787
459,181,4.0,3.973020076751709
399,24,4.0,2.9848272800445557
645,512,5.0,4.400704383850098
346,273,4.0,3.4522922039031982
489,302,5.0,4.775370121002197
194,62,2.0,2.7263190746307373
653,125,2.0,2.7985026836395264
716,154,5.0,3.886539936065674
499,7,4.0,3.749645233154297
409,115,2.0,3.79484224319458
862,250,5.0,3.977342367172241
181,278,2.0,1.466660976409912
135,183,4.0,3.8170254230499268
653,1014,2.0,2.317420482635498
908,318,5.0,3.837362051010132
151,770,4.0,3.6387016773223877
74,300,3.0,3.898287773132324
664,160,3.0,3.3310837745666504
704,269,4.0,4.0045671463012695
497,679,3.0,2.8969616889953613
115,172,4.0,4.475550174713135
504,834,2.0,2.362344264984131
15,742,2.0,3.0379393100738525
411,73,4.0,3.359649896621704
911,465,5.0,3.46879506111145
268,566,3.0,3.1557533740997314
130,433,3.0,4.490333080291748
504,295,4.0,3.744553804397583
868,621,2.0,2.7213377952575684
390,740,4.0,3.6807332038879395
468,772,4.0,3.267867088317871
296,285,5.0,4.821648597717285
804,651,4.0,4.253546714782715
537,133,4.0,3.0267298221588135
774,228,4.0,2.4381327629089355
130,419,5.0,4.525274276733398
650,530,4.0,3.55293345451355
238,258,3.0,3.8139986991882324
733,245,3.0,2.7124924659729004
331,302,5.0,3.912541389465332
639,28,4.0,3.120150566101074
767,648,4.0,4.75553035736084
864,805,4.0,4.066647052764893
141,1013,1.0,2.3975818157196045
194,182,3.0,3.5111312866210938
393,77,3.0,3.4032552242279053
660,17,1.0,2.522552967071533
771,181,4.0,3.9130992889404297
311,180,4.0,4.2040019035339355
287,815,3.0,3.7846570014953613
887,289,5.0,3.4306371212005615
303,284,4.0,3.210480213165283
840,607,4.0,4.330271244049072
798,265,5.0,3.608943462371826
8,96,3.0,4.37210750579834
6,301,2.0,2.8907933235168457
138,133,4.0,4.205750942230225
875,22,3.0,4.573970794677734
466,882,5.0,3.4439914226531982
250,174,3.0,4.638159275054932
72,480,5.0,4.316844940185547
399,475,5.0,3.3733296394348145
719,69,5.0,3.336137533187866
59,473,3.0,3.451441764831543
59,647,5.0,4.698394298553467
721,680,3.0,2.770561933517456
763,61,5.0,4.058407783508301
766,1050,3.0,3.3102431297302246
85,195,3.0,3.7561941146850586
49,147,1.0,2.6265451908111572
28,227,4.0,3.373894691467285
336,692,3.0,3.4511656761169434
774,186,3.0,2.494347095489502
450,305,4.0,4.099956512451172
844,168,4.0,3.8996329307556152
293,168,4.0,3.7469217777252197
243,1115,3.0,3.493042469024658
488,176,4.0,3.599112033843994
222,627,3.0,2.9491536617279053
174,147,4.0,3.8394248485565186
807,399,4.0,3.536424160003662
11,526,3.0,3.8051645755767822
943,625,3.0,3.4080090522766113
655,1007,3.0,3.3077750205993652
159,595,5.0,3.149171829223633
933,710,2.0,2.9917001724243164
385,745,4.0,3.3208048343658447
453,90,3.0,2.9926364421844482
561,284,1.0,2.5878989696502686
693,77,2.0,2.771615505218506
605,14,5.0,4.023526191711426
268,450,1.0,2.156738758087158
429,591,3.0,3.636518955230713
593,157,3.0,3.7708144187927246
59,705,4.0,4.369042873382568
327,302,3.0,3.7212486267089844
932,482,5.0,4.3679728507995605
239,114,3.0,4.656686782836914
483,9,2.0,3.2800371646881104
497,268,4.0,3.5488529205322266
818,751,5.0,3.2131617069244385
738,136,4.0,4.061730861663818
66,281,4.0,3.127875566482544
768,257,4.0,3.474921703338623
117,268,5.0,4.341874599456787
290,546,2.0,2.8536226749420166
374,24,3.0,3.382058620452881
85,629,3.0,3.2059264183044434
804,288,1.0,3.715683937072754
102,202,4.0,2.903024435043335
405,1556,1.0,1.4007062911987305
438,284,2.0,3.63421630859375
343,134,5.0,4.683763027191162
416,1428,3.0,4.1969146728515625
409,210,4.0,3.8546900749206543
450,423,5.0,4.181571960449219
470,319,3.0,3.201882839202881
10,371,4.0,3.631089210510254
604,637,4.0,2.7986273765563965
707,478,4.0,3.9928581714630127
543,183,4.0,3.7780096530914307
280,1048,4.0,3.214097261428833
334,1051,4.0,3.135965347290039
328,570,3.0,3.049098014831543
94,100,5.0,4.448286056518555
200,202,5.0,4.582132816314697
44,1058,4.0,3.1745500564575195
119,492,5.0,4.331365585327148
271,13,4.0,3.3193352222442627
452,234,3.0,3.4958202838897705
869,412,5.0,1.9231730699539185
318,610,5.0,4.025620460510254
109,159,4.0,3.203415632247925
34,299,5.0,3.4223766326904297
473,9,5.0,3.9421000480651855
711,58,4.0,3.684173822402954
747,625,3.0,3.649332284927368
721,755,4.0,3.483292579650879
790,91,3.0,3.3663344383239746
393,802,3.0,2.8573825359344482
304,879,3.0,3.2916393280029297
393,356,3.0,3.2881417274475098
805,588,2.0,3.691175699234009
392,1226,4.0,3.7643465995788574
655,293,4.0,3.1370887756347656
852,100,4.0,4.590810775756836
184,399,3.0,3.141066789627075
184,182,4.0,3.899843215942383
935,118,4.0,3.539489984512329
637,744,4.0,2.6335091590881348
586,756,1.0,2.6358978748321533
896,511,5.0,3.825619697570801
885,949,4.0,3.1490230560302734
275,419,3.0,3.3214876651763916
650,969,3.0,3.2591240406036377
154,496,3.0,4.356635570526123
69,235,3.0,3.1126842498779297
1,112,1.0,2.582406997680664
194,762,3.0,2.9987053871154785
789,1007,4.0,4.032989025115967
635,358,1.0,2.492342233657837
884,285,4.0,4.079771995544434
774,54,1.0,2.0926570892333984
177,322,2.0,2.7915151119232178
469,641,4.0,4.930808067321777
474,173,5.0,4.539705753326416
10,712,4.0,3.578009605407715
276,388,2.0,2.6004996299743652
757,260,3.0,2.4712934494018555
48,202,4.0,3.7135093212127686
587,304,4.0,3.3163199424743652
630,243,2.0,2.3871254920959473
831,56,5.0,4.098178863525391
507,250,5.0,4.5610432624816895
479,325,1.0,2.605489730834961
459,220,3.0,3.3721041679382324
886,144,4.0,3.6623075008392334
216,56,5.0,4.299688816070557
451,1280,1.0,2.264451026916504
472,400,5.0,2.9707539081573486
561,48,4.0,3.3970673084259033
604,567,5.0,2.5761213302612305
479,500,4.0,3.5777058601379395
745,79,3.0,3.127769708633423
847,164,3.0,2.950258493423462
361,1074,3.0,2.8985819816589355
299,347,4.0,3.3235368728637695
347,282,5.0,3.803149938583374
14,276,4.0,3.8701059818267822
648,178,4.0,4.114058494567871
122,469,5.0,4.097315788269043
422,200,5.0,3.9776151180267334
371,186,5.0,4.101378917694092
167,726,1.0,2.6849875450134277
97,100,2.0,4.504164218902588
288,237,4.0,3.61607027053833
121,118,2.0,3.065558433532715
221,24,5.0,3.4838414192199707
608,56,5.0,3.981630563735962
627,183,5.0,3.67238450050354
542,70,4.0,3.4824390411376953
14,81,5.0,3.849592685699463
313,121,4.0,3.3567113876342773
77,518,4.0,3.551996946334839
373,238,4.0,3.8591511249542236
268,83,4.0,3.585324287414551
334,50,5.0,4.152412414550781
56,233,1.0,3.4117727279663086
416,42,3.0,4.250157356262207
167,831,3.0,2.4828758239746094
504,257,5.0,4.044857025146484
249,125,3.0,3.8540380001068115
207,185,4.0,3.606429100036621
933,392,3.0,2.8591041564941406
417,684,3.0,3.5879225730895996
441,25,3.0,3.5167975425720215
645,208,5.0,4.2285332679748535
65,237,4.0,3.7436490058898926
806,133,5.0,3.973968029022217
790,131,2.0,3.6283631324768066
286,107,1.0,3.906977653503418
805,212,3.0,3.3091843128204346
416,278,3.0,3.522063970565796
640,1073,5.0,4.6176581382751465
591,367,3.0,3.591468334197998
591,238,5.0,3.884711742401123
73,1073,4.0,3.665588617324829
579,1047,3.0,2.645362138748169
265,294,4.0,3.37031888961792
842,313,4.0,4.632702350616455
448,750,5.0,3.534388780593872
308,98,3.0,4.444257736206055
56,447,4.0,3.7054638862609863
712,228,3.0,4.073532581329346
18,223,5.0,4.302981376647949
2,315,1.0,4.164038181304932
495,1135,5.0,3.466407537460327
434,15,3.0,4.136226654052734
563,692,5.0,4.0960893630981445
258,315,3.0,4.310314178466797
116,191,4.0,3.6210296154022217
655,127,5.0,3.6041297912597656
537,515,4.0,3.3943469524383545
248,405,4.0,3.058685779571533
13,234,5.0,3.6802897453308105
253,175,2.0,4.260071754455566
853,334,3.0,2.8980047702789307
13,202,5.0,3.6252071857452393
152,313,4.0,5.348759651184082
320,147,4.0,3.919649600982666
817,124,4.0,4.014169692993164
892,1444,3.0,2.6791000366210938
429,820,3.0,2.833566188812256
330,91,4.0,4.5478949546813965
653,429,3.0,2.8823554515838623
58,240,4.0,2.8233134746551514
21,406,1.0,2.3825340270996094
882,33,2.0,3.945760488510132
909,286,4.0,4.274352073669434
496,22,4.0,3.53934645652771
201,1229,3.0,1.713945746421814
59,367,4.0,3.870354175567627
214,151,5.0,3.7265260219573975
269,3,3.0,2.580881118774414
342,135,3.0,3.9246954917907715
13,662,5.0,3.229598045349121
234,724,4.0,3.0082530975341797
474,509,5.0,4.223467826843262
577,684,4.0,3.972228765487671
618,485,3.0,3.5379769802093506
80,58,4.0,3.6093523502349854
42,729,3.0,3.6895365715026855
889,193,4.0,3.830017566680908
167,364,3.0,2.7835564613342285
178,222,4.0,3.7678585052490234
261,117,4.0,4.5582122802734375
477,36,4.0,2.576887369155884
379,398,1.0,2.3637895584106445
796,623,3.0,3.035374164581299
318,132,4.0,4.330862998962402
467,1017,2.0,3.4420981407165527
21,447,5.0,3.3918609619140625
279,1288,4.0,2.703310251235962
650,449,3.0,2.647184371948242
840,179,5.0,4.209354400634766
315,185,4.0,4.302982330322266
506,749,4.0,3.300877809524536
671,1597,1.0,3.1278204917907715
244,220,2.0,3.6020736694335938
249,161,3.0,3.7210402488708496
308,649,4.0,3.462303638458252
831,742,3.0,3.5075225830078125
870,1073,5.0,3.6751697063446045
176,475,5.0,4.12264347076416
313,417,2.0,3.1901354789733887
417,1047,4.0,2.7294628620147705
397,171,5.0,4.178378105163574
536,275,5.0,4.180115699768066
303,230,3.0,3.5987658500671387
587,264,4.0,2.58044171333313
622,1039,5.0,4.023080825805664
293,429,4.0,3.5950145721435547
343,1067,3.0,4.164166450500488
671,226,3.0,3.39890718460083
828,753,4.0,3.3458971977233887
350,50,5.0,4.710229873657227
393,826,3.0,2.585282564163208
805,338,1.0,2.5656332969665527
151,176,2.0,4.359616279602051
303,778,4.0,3.706429958343506
407,525,4.0,3.953639507293701
846,401,5.0,2.79860258102417
423,329,3.0,3.2643284797668457
56,237,5.0,3.8242974281311035
128,131,5.0,4.028987884521484
190,333,4.0,3.4824471473693848
398,134,3.0,4.114678382873535
929,284,2.0,2.9419498443603516
373,181,5.0,4.025401592254639
487,559,3.0,3.53669810295105
807,597,4.0,3.3902502059936523
823,418,4.0,3.91418719291687
90,69,1.0,4.215843200683594
286,781,4.0,3.584813117980957
346,302,3.0,4.0462646484375
307,431,4.0,3.610212802886963
345,1281,4.0,3.1254453659057617
248,475,5.0,3.6276073455810547
503,303,5.0,3.9962873458862305
933,210,3.0,3.1745474338531494
883,8,4.0,4.133103370666504
94,673,3.0,3.8029775619506836
883,770,4.0,3.509658098220825
380,956,4.0,3.0979130268096924
798,1446,4.0,2.86647629737854
110,791,2.0,2.5887718200683594
833,234,3.0,3.332343101501465
934,313,3.0,4.3544111251831055
1,222,4.0,3.6092944145202637
99,300,4.0,3.587346076965332
331,221,4.0,3.525296449661255
57,1093,3.0,3.358903646469116
287,39,5.0,3.7974231243133545
896,719,1.0,2.2239160537719727
378,674,3.0,3.094229221343994
763,845,4.0,3.4763524532318115
201,212,4.0,2.91510009765625
393,272,4.0,4.393362045288086
886,234,3.0,3.707308292388916
899,111,4.0,3.3370678424835205
352,653,3.0,4.02623987197876
790,585,2.0,2.39506459236145
515,347,3.0,3.00500226020813
480,319,3.0,3.066627264022827
532,226,4.0,3.9966747760772705
299,487,5.0,3.793574333190918
121,742,5.0,3.447932481765747
504,755,4.0,3.625431537628174
374,466,5.0,3.5668962001800537
314,819,4.0,3.0451247692108154
855,171,3.0,3.3335330486297607
379,9,4.0,4.085657119750977
291,655,4.0,4.443999290466309
847,11,3.0,3.2024331092834473
201,636,2.0,2.9110512733459473
224,54,3.0,2.9019041061401367
749,944,4.0,3.1607651710510254
363,29,1.0,2.296480655670166
816,259,2.0,3.5210015773773193
747,14,3.0,4.357678413391113
119,194,5.0,4.669160842895508
234,662,3.0,2.900485038757324
694,131,5.0,4.236354351043701
699,929,3.0,2.437483310699463
16,227,5.0,3.80045223236084
551,70,4.0,3.9277713298797607
624,411,4.0,3.049053192138672
63,596,2.0,2.9843173027038574
403,477,4.0,3.356736898422241
531,688,1.0,2.441898822784424
390,475,1.0,4.166976451873779
538,215,5.0,3.3720245361328125
324,282,5.0,4.71781587600708
256,552,3.0,3.515202045440674
919,748,1.0,3.272052526473999
52,498,5.0,4.9207611083984375
198,180,3.0,3.6846365928649902
655,31,3.0,3.0198259353637695
305,482,2.0,3.71492338180542
123,185,4.0,4.16602897644043
297,100,5.0,4.002246856689453
87,111,4.0,3.8940157890319824
471,627,1.0,2.8131706714630127
903,410,4.0,3.244236469268799
79,370,2.0,2.988327980041504
345,387,4.0,3.5252010822296143
796,728,3.0,3.1513657569885254
429,732,4.0,3.6653013229370117
805,89,4.0,4.077073574066162
826,771,3.0,2.921905994415283
764,595,4.0,3.05157470703125
934,174,5.0,4.312705993652344
716,499,4.0,4.271195411682129
264,240,4.0,3.214041233062744
132,50,3.0,4.1836395263671875
851,831,5.0,2.6823301315307617
883,96,4.0,4.162787437438965
880,554,3.0,3.0636188983917236
846,212,5.0,3.5325093269348145
189,105,2.0,2.6673874855041504
534,687,5.0,2.672995090484619
835,654,5.0,4.74323034286499
188,470,5.0,3.692582130432129
502,258,2.0,3.833950996398926
417,157,4.0,3.55479097366333
721,197,4.0,4.2154130935668945
90,258,3.0,4.220640182495117
125,198,3.0,4.145524024963379
840,495,3.0,3.925855875015259
428,332,4.0,4.195023536682129
488,56,4.0,3.635836124420166
200,652,2.0,4.700146198272705
401,117,3.0,3.0484819412231445
304,322,4.0,3.1340811252593994
269,504,4.0,3.3442888259887695
919,1173,3.0,2.5753161907196045
406,664,2.0,3.7302772998809814
919,21,2.0,2.7467315196990967
896,121,3.0,3.014133930206299
145,394,1.0,3.6605334281921387
308,663,5.0,3.994856119155884
394,156,4.0,4.324740409851074
178,295,3.0,3.646304130554199
382,756,3.0,2.4540305137634277
805,569,1.0,2.7286529541015625
640,315,5.0,4.82335090637207
693,79,4.0,3.327324628829956
405,1470,2.0,1.5148355960845947
220,300,5.0,3.981696367263794
554,202,4.0,3.813293933868408
683,271,3.0,2.957052707672119
684,386,3.0,2.8129215240478516
435,90,4.0,2.94941782951355
481,88,4.0,3.6432766914367676
23,224,5.0,3.7135274410247803
159,1013,4.0,2.485860824584961
503,166,5.0,4.224943161010742
112,327,1.0,3.7893378734588623
862,70,4.0,4.217302322387695
13,233,4.0,3.0918703079223633
882,243,4.0,2.5196709632873535
308,203,5.0,3.8973824977874756
70,431,3.0,3.467982292175293
804,447,3.0,3.743143081665039
760,202,3.0,3.473968267440796
230,10,3.0,4.084199905395508
411,566,4.0,3.506649971008301
486,1405,5.0,3.1084041595458984
839,458,5.0,2.945059299468994
587,268,4.0,3.541623115539551
838,283,5.0,3.949751377105713
758,705,5.0,4.42014217376709
829,1120,2.0,2.8269381523132324
217,176,4.0,3.50605845451355
716,102,2.0,3.4609262943267822
868,327,4.0,2.934778928756714
264,23,5.0,4.890960216522217
417,727,5.0,3.3134312629699707
618,1,4.0,3.6192617416381836
497,722,3.0,2.644456386566162
193,259,2.0,2.307610034942627
184,742,3.0,3.4815006256103516
56,597,3.0,3.207883834838867
655,66,2.0,2.90132737159729
868,189,5.0,3.5387351512908936
130,82,5.0,4.565092086791992
429,431,5.0,3.5270638465881348
345,235,3.0,3.0404140949249268
561,72,2.0,2.6071174144744873
280,225,4.0,3.091564655303955
1,93,5.0,3.844043731689453
69,321,4.0,3.297039747238159
49,433,5.0,2.943807601928711
740,340,4.0,3.2933976650238037
450,417,4.0,3.5655908584594727
193,195,1.0,3.884982109069824
397,322,1.0,2.8878562450408936
699,870,3.0,2.732354164123535
757,195,4.0,3.823672294616699
246,672,4.0,2.407331943511963
230,568,3.0,3.846587657928467
883,168,5.0,4.254141807556152
616,349,4.0,3.1719236373901367
85,433,3.0,3.5174503326416016
634,819,2.0,2.697758197784424
738,403,3.0,3.404453754425049
676,144,4.0,3.873070001602173
893,258,3.0,3.9532527923583984
212,631,5.0,3.47493577003479
308,265,3.0,3.944571018218994
922,596,4.0,3.373307466506958
56,451,3.0,3.526780843734741
447,474,3.0,4.4086995124816895
429,167,3.0,3.0866780281066895
686,26,5.0,4.080320358276367
435,53,3.0,2.902688980102539
747,580,5.0,3.6782665252685547
222,51,3.0,3.277768850326538
44,946,3.0,3.046665668487549
794,150,4.0,4.368582725524902
405,860,1.0,1.5490188598632812
881,432,3.0,3.57702898979187
753,272,4.0,3.973553419113159
20,931,1.0,1.851714015007019
880,295,5.0,3.672327995300293
932,529,4.0,4.212923049926758
164,237,2.0,4.49665641784668
58,483,5.0,4.510705947875977
377,154,5.0,3.9434990882873535
29,270,4.0,3.716548442840576
643,451,2.0,3.432467222213745
389,722,2.0,2.9215290546417236
321,205,5.0,3.8062198162078857
286,168,4.0,4.34787130355835
63,475,4.0,3.4237422943115234
263,323,1.0,2.9046366214752197
394,96,5.0,4.451931476593018
268,823,2.0,2.4777679443359375
234,646,3.0,3.529014825820923
614,25,1.0,3.2939305305480957
83,1035,4.0,3.30985164642334
388,266,5.0,3.0910418033599854
881,188,4.0,3.5453953742980957
804,141,3.0,3.683351755142212
244,856,5.0,4.33597469329834
546,294,1.0,3.5728766918182373
622,215,3.0,3.6948318481445312
442,943,4.0,3.2203450202941895
13,915,5.0,3.518599510192871
531,895,2.0,3.738260269165039
241,288,5.0,3.195065498352051
44,636,4.0,3.211162567138672
16,202,5.0,4.3652520179748535
18,56,5.0,4.109880447387695
631,332,3.0,3.4119186401367188
776,234,5.0,3.740206480026245
727,5,3.0,3.0726637840270996
495,144,4.0,4.3465986251831055
94,235,4.0,3.14153790473938
495,452,2.0,3.2524731159210205
940,692,4.0,3.3849756717681885
360,511,5.0,4.464738845825195
498,186,4.0,3.4072041511535645
766,481,4.0,3.715636730194092
610,527,4.0,4.098049640655518
751,479,2.0,4.182462692260742
775,315,5.0,3.942509651184082
835,310,4.0,3.8398401737213135
708,538,2.0,3.5601284503936768
640,732,4.0,4.36791467666626
332,696,3.0,3.8826730251312256
334,537,4.0,3.62567138671875
823,79,4.0,4.42966365814209
219,13,1.0,3.536393404006958
405,1509,1.0,1.179715871810913
674,827,4.0,2.8434908390045166
800,25,4.0,3.567171573638916
328,614,4.0,3.744887351989746
839,117,5.0,3.4590229988098145
18,963,5.0,4.323050022125244
907,172,4.0,5.538301467895508
714,15,3.0,3.8860256671905518
495,357,5.0,5.008523464202881
452,102,2.0,2.9707093238830566
641,484,5.0,4.458292007446289
43,315,4.0,4.335720062255859
561,52,4.0,3.2434287071228027
37,79,4.0,4.313357353210449
669,190,3.0,3.8313043117523193
891,978,4.0,3.037809133529663
421,516,5.0,3.929321050643921
393,751,2.0,3.574343204498291
738,164,5.0,3.5272014141082764
933,866,2.0,2.548405170440674
268,70,3.0,3.1958281993865967
92,88,3.0,3.3371894359588623
433,303,4.0,3.6807544231414795
908,133,5.0,3.3006033897399902
407,182,4.0,3.815797805786133
128,276,4.0,3.7265403270721436
854,1013,1.0,1.9906725883483887
414,272,5.0,4.8517165184021
303,300,1.0,3.305023670196533
883,83,3.0,4.25617790222168
424,427,4.0,3.6638524532318115
618,497,2.0,3.705390453338623
344,12,5.0,4.413848400115967
527,275,3.0,3.73706316947937
155,988,2.0,1.8299260139465332
115,357,5.0,4.545457363128662
848,195,3.0,4.306396961212158
66,471,5.0,3.5432393550872803
870,1014,2.0,2.9141182899475098
379,64,5.0,4.84467077255249
805,1,4.0,3.7516086101531982
488,245,3.0,2.803912878036499
94,581,4.0,3.4313838481903076
283,588,4.0,4.436705589294434
38,1033,5.0,2.962050199508667
406,154,5.0,3.6020302772521973
665,147,4.0,3.276671886444092
849,588,5.0,4.927419185638428
21,741,3.0,3.380002737045288
883,98,3.0,4.477513790130615
214,154,3.0,3.8158769607543945
405,842,5.0,1.8026033639907837
246,735,4.0,3.423068046569824
661,255,3.0,3.3780767917633057
68,275,5.0,3.4369468688964844
1,126,2.0,3.937821865081787
393,56,2.0,4.044812202453613
230,419,4.0,3.986510753631592
379,701,4.0,4.078824520111084
556,302,4.0,4.526932239532471
730,258,5.0,3.410214424133301
655,1194,5.0,3.4086368083953857
235,701,4.0,3.730315685272217
130,930,3.0,3.2337138652801514
429,233,3.0,3.2392032146453857
280,58,4.0,3.813847541809082
327,298,3.0,3.3401331901550293
851,261,3.0,2.5553629398345947
10,168,4.0,4.494749069213867
12,97,5.0,4.223615646362305
828,961,2.0,3.2717700004577637
786,28,5.0,4.119514465332031
722,458,4.0,3.430398464202881
534,1047,4.0,3.5621836185455322
13,589,3.0,3.9208807945251465
343,64,5.0,4.831895351409912
916,164,4.0,3.358673572540283
406,661,5.0,3.9690756797790527
484,554,4.0,3.2668344974517822
276,354,4.0,3.5876731872558594
435,39,3.0,3.1335811614990234
3,271,3.0,2.8062057495117188
126,340,5.0,3.6459710597991943
916,566,3.0,3.351811408996582
406,528,4.0,4.082873344421387
82,474,3.0,3.924234628677368
788,684,5.0,3.37798810005188
561,660,3.0,3.122718572616577
823,172,5.0,4.708628177642822
432,249,5.0,3.45696759223938
769,222,4.0,3.5220835208892822
524,168,3.0,3.8541836738586426
780,385,4.0,3.4818217754364014
554,22,4.0,4.37238883972168
630,871,2.0,2.5246620178222656
888,237,5.0,4.043810844421387
20,22,5.0,3.5722033977508545
870,7,4.0,3.657515287399292
788,73,3.0,3.170017719268799
299,297,3.0,3.7955875396728516
593,210,2.0,4.0857648849487305
455,455,3.0,3.1874098777770996
239,482,3.0,4.386277198791504
703,508,3.0,3.7284059524536133
693,216,4.0,3.200566291809082
49,90,1.0,2.43812894821167
932,489,4.0,4.450547218322754
532,1221,5.0,4.337276458740234
10,420,4.0,3.9239723682403564
299,1056,4.0,2.929450750350952
774,250,3.0,2.203059673309326
699,886,3.0,2.9611151218414307
216,181,3.0,4.1728715896606445
537,216,3.0,3.0602176189422607
460,458,2.0,3.004925489425659
297,4,1.0,3.4138264656066895
485,319,3.0,2.7986390590667725
42,121,4.0,3.6714649200439453
887,993,5.0,4.018360137939453
708,845,5.0,3.3733832836151123
271,276,3.0,3.526365280151367
802,264,4.0,2.918705701828003
588,133,5.0,4.116056442260742
96,183,4.0,4.20436954498291
445,276,3.0,2.292173385620117
473,285,4.0,4.572023868560791
676,286,4.0,3.767040491104126
299,14,4.0,3.7510526180267334
916,1109,3.0,3.1440110206604004
238,458,4.0,3.153651237487793
279,191,3.0,4.058751583099365
896,1423,2.0,1.2170865535736084
357,826,3.0,3.164119005203247
890,215,4.0,3.7188174724578857
92,931,1.0,2.0221669673919678
83,748,2.0,3.2253358364105225
450,1192,5.0,3.640918016433716
494,194,4.0,4.227989196777344
890,501,4.0,3.5317485332489014
416,678,2.0,3.05263614654541
798,941,3.0,2.9622387886047363
119,174,4.0,4.879096508026123
561,243,1.0,1.8080127239227295
221,763,4.0,3.362663507461548
417,508,3.0,3.473623752593994
823,762,4.0,3.784684419631958
919,112,3.0,2.5271124839782715
387,208,3.0,3.869037389755249
305,471,4.0,3.14780330657959
294,347,5.0,3.7932636737823486
379,447,4.0,3.894429922103882
389,955,4.0,3.6291046142578125
524,215,2.0,3.4647057056427
210,763,2.0,3.703624963760376
310,257,5.0,3.9836370944976807
629,265,4.0,4.277862548828125
94,1188,3.0,2.9106898307800293
181,1242,1.0,1.134250521659851
650,479,5.0,3.5237107276916504
639,962,1.0,2.7448654174804688
921,1028,4.0,2.8267550468444824
806,188,3.0,3.8126473426818848
894,83,4.0,4.027667999267578
276,797,3.0,3.217682361602783
868,480,4.0,3.7122581005096436
682,274,4.0,3.1678996086120605
682,697,4.0,3.2439942359924316
115,117,4.0,3.8785924911499023
409,514,5.0,3.8244175910949707
882,290,4.0,3.5735747814178467
721,329,3.0,3.420095682144165
752,286,1.0,3.3737635612487793
222,391,3.0,2.562124729156494
747,8,5.0,4.353863716125488
387,678,3.0,2.4336493015289307
348,628,4.0,4.357484817504883
528,193,4.0,4.037851333618164
42,66,4.0,3.703458786010742
23,694,4.0,4.008427143096924
748,222,4.0,3.361410140991211
833,1149,4.0,3.5595479011535645
296,10,2.0,4.3355512619018555
806,518,3.0,3.93800687789917
331,190,3.0,3.9220337867736816
339,32,5.0,4.270060062408447
406,206,1.0,3.3804867267608643
363,561,2.0,2.7514679431915283
201,1169,4.0,3.372394561767578
409,504,2.0,3.922607898712158
821,1,5.0,4.604572772979736
13,906,3.0,3.3293211460113525
176,257,1.0,3.901388645172119
181,1379,1.0,1.4779878854751587
406,173,2.0,4.006477355957031
276,268,4.0,3.9720869064331055
407,135,3.0,3.79557466506958
892,90,2.0,3.2946009635925293
429,1285,3.0,3.2378933429718018
44,24,3.0,3.375382423400879
151,191,3.0,4.637871742248535
405,775,1.0,1.7165659666061401
16,22,5.0,5.001754283905029
588,144,3.0,4.006436347961426
495,448,5.0,3.8524951934814453
416,187,5.0,4.720323085784912
256,1228,1.0,2.944115400314331
455,286,5.0,3.499908685684204
77,250,3.0,3.1582412719726562
696,1062,4.0,4.5181169509887695
439,240,3.0,2.9418811798095703
630,191,3.0,3.9531285762786865
87,396,1.0,3.3755927085876465
268,381,3.0,3.1197352409362793
907,317,5.0,5.194229602813721
42,742,4.0,3.796238660812378
756,66,4.0,3.17458176612854
155,286,4.0,2.8912577629089355
464,127,5.0,4.876801013946533
934,705,4.0,4.056387901306152
432,298,3.0,4.020666122436523
735,1,4.0,3.5137338638305664
535,192,4.0,4.163971900939941
802,323,5.0,3.1718592643737793
460,13,3.0,3.2393991947174072
480,96,4.0,3.6562209129333496
294,235,3.0,3.1792914867401123
372,581,5.0,4.012824058532715
145,544,4.0,3.3167741298675537
903,1073,3.0,4.0307769775390625
139,458,4.0,3.375753164291382
210,15,4.0,4.090524196624756
541,1442,1.0,3.1502161026000977
49,320,5.0,2.7363531589508057
268,1046,3.0,2.770137071609497
500,421,4.0,3.3300118446350098
279,671,2.0,3.616335391998291
238,220,3.0,3.3336005210876465
331,238,4.0,3.529754400253296
504,386,3.0,3.038450241088867
42,111,1.0,3.649444818496704
21,774,2.0,2.8607683181762695
342,866,1.0,3.0967977046966553
276,732,4.0,3.836435317993164
537,307,3.0,2.621809720993042
437,86,4.0,3.9514808654785156
360,194,3.0,4.218077182769775
60,507,4.0,4.125953674316406
721,318,4.0,4.628472805023193
299,259,3.0,2.4260153770446777
312,505,5.0,4.472914695739746
931,121,2.0,3.556629180908203
900,288,2.0,2.4488306045532227
551,721,5.0,3.716252565383911
392,324,1.0,3.407517194747925
327,178,4.0,3.8232321739196777
297,69,3.0,3.5647177696228027
913,789,4.0,3.25468373298645
18,6,5.0,3.7220702171325684
666,162,4.0,3.553954601287842
481,238,4.0,4.008546829223633
99,111,1.0,3.668745756149292
474,478,4.0,4.4468770027160645
733,546,1.0,2.621828317642212
308,42,4.0,3.909867286682129
364,875,3.0,2.6448814868927
512,258,3.0,4.1277594566345215
519,259,1.0,3.4612936973571777
286,250,4.0,3.675070285797119
776,95,4.0,3.7389755249023438
95,1219,1.0,2.928262710571289
13,844,1.0,3.270570993423462
537,19,4.0,3.0852444171905518
405,422,1.0,1.6777453422546387
627,174,3.0,3.923482656478882
480,863,4.0,3.638847589492798
672,225,2.0,2.661098003387451
600,89,5.0,4.370611190795898
486,15,3.0,3.434227466583252
10,707,5.0,4.409616947174072
881,542,1.0,2.5144779682159424
215,523,4.0,4.272007465362549
198,215,4.0,3.3071422576904297
222,40,1.0,2.8706977367401123
912,523,4.0,3.8921165466308594
215,432,5.0,3.849003314971924
751,117,4.0,3.6401195526123047
823,708,4.0,3.7513558864593506
389,154,3.0,3.8819360733032227
469,511,5.0,4.868517875671387
334,208,5.0,3.826634407043457
197,1228,4.0,2.3778977394104004
588,1180,2.0,2.916102409362793
796,284,3.0,3.270078659057617
366,201,5.0,4.314892768859863
897,117,3.0,4.174196243286133
498,10,5.0,3.392519235610962
796,1057,2.0,2.4240305423736572
49,300,1.0,2.5689339637756348
551,159,4.0,3.4610395431518555
622,204,3.0,3.9747605323791504
585,1475,3.0,3.009129285812378
104,412,3.0,1.764509677886963
313,176,4.0,3.9600417613983154
288,289,3.0,3.026607036590576
445,64,2.0,2.6863486766815186
57,682,3.0,3.295267105102539
223,819,3.0,2.471628189086914
883,1592,5.0,2.9616150856018066
758,151,5.0,4.043100357055664
31,328,2.0,3.429445266723633
421,238,5.0,3.7456395626068115
224,328,4.0,3.0092921257019043
224,28,4.0,3.441361665725708
774,1118,3.0,2.030599355697632
634,294,4.0,3.281308174133301
837,181,3.0,3.928162097930908
201,282,2.0,3.16558837890625
56,426,4.0,3.2106943130493164
815,216,3.0,3.9935569763183594
343,196,4.0,4.283895015716553
271,187,5.0,4.047425270080566
87,451,4.0,3.7734713554382324
832,323,3.0,2.769465923309326
345,742,4.0,3.567082166671753
472,168,5.0,5.166780948638916
205,984,1.0,2.4561057090759277
181,925,2.0,1.5571528673171997
305,512,4.0,3.7884976863861084
358,639,4.0,3.463289976119995
936,358,4.0,2.877063751220703
854,919,4.0,3.398587942123413
633,654,3.0,3.996206045150757
262,1095,2.0,2.113621950149536
181,948,1.0,1.295687198638916
562,174,5.0,4.112184524536133
479,190,4.0,4.101785659790039
546,413,4.0,3.078343629837036
623,659,5.0,4.0475945472717285
847,301,5.0,2.7226669788360596
901,322,4.0,3.4299204349517822
420,288,3.0,3.588494062423706
200,892,4.0,3.2690067291259766
295,739,4.0,3.921243667602539
749,402,4.0,3.7229835987091064
56,230,5.0,3.6811025142669678
766,747,5.0,3.204928159713745
648,4,1.0,3.5124664306640625
92,521,4.0,3.77766752243042
401,404,2.0,3.015212297439575
312,498,5.0,4.747101783752441
44,449,5.0,3.041682720184326
405,1139,1.0,1.7376588582992554
435,462,5.0,3.6184306144714355
173,258,4.0,4.814295768737793
254,164,4.0,3.2291178703308105
541,403,3.0,3.6750807762145996
642,88,5.0,3.927161931991577
397,8,4.0,4.16166353225708
421,194,4.0,3.963115692138672
536,489,4.0,4.3783860206604
320,77,3.0,3.828037738800049
334,154,4.0,3.5841479301452637
682,68,5.0,3.250462532043457
389,1451,5.0,3.7943923473358154
345,226,3.0,3.355721950531006
363,7,3.0,3.355698585510254
343,153,5.0,4.159964561462402
429,195,4.0,4.017688751220703
537,117,2.0,2.7824487686157227
804,135,3.0,4.179548263549805
409,664,4.0,3.837852716445923
375,761,3.0,2.9627630710601807
798,465,4.0,3.361741542816162
650,163,3.0,3.0594208240509033
795,1095,3.0,2.0612733364105225
328,696,3.0,3.0839762687683105
296,1160,4.0,3.827536106109619
130,739,5.0,4.020791530609131
916,593,4.0,2.9555304050445557
877,727,4.0,3.567530870437622
345,1315,3.0,3.513697624206543
450,609,5.0,3.8280441761016846
167,232,1.0,3.3403255939483643
882,177,5.0,4.436390399932861
279,233,5.0,3.2005088329315186
185,703,4.0,3.6949126720428467
13,312,1.0,2.8775634765625
261,288,4.0,4.2094526290893555
544,292,4.0,3.0328116416931152
655,793,3.0,2.793752908706665
778,117,3.0,2.9132163524627686
201,544,2.0,2.729510545730591
586,229,3.0,2.793386936187744
786,708,4.0,3.5615432262420654
56,68,3.0,3.6129186153411865
575,96,5.0,3.204249143600464
87,208,5.0,4.5513224601745605
291,455,5.0,3.727391242980957
291,31,4.0,4.1299896240234375
504,364,2.0,2.978121280670166
13,822,3.0,2.6893537044525146
709,127,5.0,4.443784713745117
697,1012,1.0,4.061809539794922
686,64,5.0,5.192755222320557
363,549,4.0,3.110142707824707
92,168,4.0,3.920271396636963
393,85,3.0,3.103037118911743
157,120,1.0,2.5649759769439697
382,258,2.0,3.2932944297790527
409,530,4.0,4.161969184875488
299,83,5.0,3.841493844985962
782,295,2.0,2.9348580837249756
246,475,4.0,3.53342866897583
660,164,2.0,2.7909839153289795
328,159,3.0,3.1220126152038574
854,492,4.0,3.379986047744751
943,284,2.0,3.212089776992798
896,85,3.0,2.7423629760742188
267,1401,4.0,3.7065558433532715
378,230,3.0,3.4848721027374268
847,121,3.0,2.861072063446045
371,431,5.0,3.682685375213623
788,498,5.0,3.8528122901916504
27,1017,4.0,3.015040159225464
886,81,4.0,3.5109150409698486
280,127,5.0,4.565247535705566
453,496,4.0,4.046873569488525
336,105,4.0,2.374037265777588
787,1671,1.0,0.7090224027633667
489,340,4.0,4.01203727722168
559,519,5.0,3.8925039768218994
60,835,4.0,4.20338249206543
836,654,5.0,4.486077308654785
345,508,4.0,3.6517176628112793
506,418,4.0,3.716081142425537
637,149,2.0,2.356964111328125
833,1017,4.0,2.896907329559326
554,204,5.0,3.988658905029297
655,60,3.0,3.315406322479248
198,230,3.0,3.136509418487549
532,143,4.0,4.497933387756348
345,655,4.0,4.046051025390625
293,554,1.0,2.6120879650115967
221,737,4.0,3.065800666809082
790,1040,2.0,2.3632869720458984
123,606,3.0,4.288557052612305
861,52,5.0,4.190292835235596
741,5,3.0,3.234858751296997
456,447,3.0,3.483409881591797
477,731,4.0,4.110724449157715
787,324,2.0,2.848874092102051
592,169,5.0,5.017307281494141
880,365,2.0,3.566267490386963
225,603,5.0,5.075622081756592
254,1060,3.0,2.7198448181152344
880,71,4.0,4.080509185791016
846,474,5.0,4.489710807800293
295,72,4.0,3.7165040969848633
12,172,4.0,4.711506366729736
417,222,3.0,3.49756121635437
167,392,1.0,3.558197498321533
601,365,3.0,2.867262125015259
500,122,3.0,2.408740520477295
11,227,3.0,3.189753770828247
535,268,3.0,3.843803882598877
222,386,2.0,2.648317575454712
229,316,1.0,3.2093443870544434
83,751,3.0,3.614924192428589
429,81,3.0,3.633755683898926
588,578,5.0,3.495582103729248
447,7,5.0,3.9144527912139893
486,408,3.0,4.3617448806762695
770,303,4.0,4.849940299987793
286,790,1.0,3.1748387813568115
338,663,5.0,3.866395950317383
659,143,5.0,3.772535562515259
577,82,4.0,4.088979721069336
385,48,5.0,3.4982612133026123
527,174,4.0,4.0205769538879395
814,53,4.0,2.6489953994750977
610,477,2.0,3.1757004261016846
306,242,5.0,4.267143726348877
406,845,3.0,3.258004665374756
870,447,4.0,3.410115957260132
398,2,3.0,3.1210546493530273
872,820,3.0,2.9664530754089355
238,286,5.0,3.692612648010254
884,736,3.0,3.691300392150879
92,433,5.0,3.5936005115509033
663,265,4.0,3.9061264991760254
181,718,1.0,1.6162593364715576
62,86,2.0,3.648745059967041
82,111,4.0,3.1320223808288574
95,226,4.0,3.2915842533111572
361,70,4.0,3.4958057403564453
6,211,5.0,3.6840765476226807
472,233,4.0,4.139840602874756
27,118,3.0,2.918715715408325
200,495,3.0,4.452325820922852
393,833,4.0,3.1665806770324707
798,568,4.0,3.48537540435791
18,971,4.0,3.8017520904541016
90,489,5.0,4.711573123931885
7,430,3.0,4.660346508026123
308,208,4.0,4.159295082092285
197,302,3.0,4.114994525909424
499,251,5.0,4.272826194763184
253,679,3.0,3.2891361713409424
44,427,3.0,4.2516679763793945
343,124,4.0,4.6111741065979
156,58,4.0,3.372191905975342
487,732,5.0,3.9578118324279785
210,238,3.0,4.300715446472168
28,448,4.0,3.4246299266815186
236,56,5.0,3.791325330734253
201,326,2.0,2.803844928741455
495,226,4.0,3.772653579711914
648,429,4.0,3.809664011001587
826,228,3.0,4.352300643920898
10,657,4.0,4.751307487487793
10,192,4.0,4.5548577308654785
166,258,4.0,3.9609193801879883
398,993,3.0,3.4428391456604004
653,239,5.0,2.749804973602295
582,508,4.0,3.523045301437378
214,461,4.0,3.60433030128479
268,399,3.0,2.7938649654388428
620,795,4.0,2.668584108352661
363,180,3.0,3.55490779876709
870,180,3.0,3.9035511016845703
21,564,3.0,1.7661840915679932
330,95,5.0,4.808010101318359
807,1078,4.0,3.2586593627929688
833,826,2.0,2.15054988861084
94,76,4.0,3.7014384269714355
332,44,3.0,4.19590425491333
162,254,3.0,2.4703145027160645
398,969,4.0,3.755446672439575
736,1089,1.0,1.9618356227874756
721,294,3.0,3.399549961090088
705,196,4.0,4.035214424133301
59,528,4.0,4.629104137420654
168,284,2.0,3.1515307426452637
930,107,3.0,2.9147140979766846
892,760,3.0,3.0483503341674805
486,270,2.0,3.36242413520813
7,499,4.0,4.667974472045898
567,185,5.0,4.041835308074951
524,403,4.0,3.2816476821899414
621,546,3.0,3.181483268737793
502,264,3.0,2.788349151611328
60,514,4.0,4.179985046386719
388,9,3.0,4.327627658843994
24,249,4.0,3.7082300186157227
184,476,2.0,2.96549129486084
496,53,3.0,2.520811080932617
119,109,5.0,4.067127227783203
707,168,3.0,3.9365687370300293
840,419,5.0,4.031047821044922
363,200,3.0,3.3992347717285156
497,185,3.0,3.77716326713562
276,523,4.0,4.31490421295166
630,1040,4.0,2.4401376247406006
254,843,2.0,2.7096545696258545
271,196,4.0,3.7757697105407715
658,195,3.0,3.9297451972961426
417,625,4.0,3.244645833969116
121,744,3.0,3.48435378074646
823,747,4.0,3.808429479598999
588,597,4.0,3.2423181533813477
391,1163,2.0,2.8963820934295654
930,117,3.0,3.046947956085205
42,2,5.0,3.3838448524475098
605,275,4.0,4.036725997924805
568,134,5.0,3.5104072093963623
622,166,5.0,4.047156810760498
601,153,4.0,3.2479147911071777
479,213,4.0,3.8387904167175293
711,197,4.0,4.22526741027832
758,239,3.0,4.017555236816406
650,519,4.0,3.5297436714172363
6,530,4.0,3.9796152114868164
508,175,4.0,3.945204496383667
922,202,5.0,3.6921305656433105
25,141,4.0,3.669581651687622
687,988,3.0,2.3851981163024902
626,302,4.0,2.833021640777588
293,202,3.0,3.4519336223602295
805,83,4.0,3.943798780441284
389,489,4.0,4.3077192306518555
95,110,2.0,2.7185068130493164
164,411,2.0,3.5882911682128906
666,32,4.0,3.8168399333953857
389,155,2.0,3.2184696197509766
54,252,3.0,3.247706413269043
109,97,3.0,3.804293632507324
429,499,4.0,4.067772388458252
765,237,3.0,3.9297611713409424
145,450,3.0,2.5561435222625732
193,237,4.0,3.458948850631714
477,90,4.0,4.031103134155273
548,156,5.0,4.112626552581787
879,763,5.0,3.377291202545166
642,1509,2.0,2.056865692138672
585,224,2.0,3.9242920875549316
253,100,4.0,4.472382545471191
256,684,5.0,4.455824851989746
541,655,4.0,4.171341896057129
94,443,4.0,4.195890426635742
641,1194,3.0,4.404818058013916
496,652,5.0,3.221966028213501
385,273,2.0,3.0563859939575195
518,121,5.0,3.6415553092956543
163,433,1.0,3.2074058055877686
13,518,4.0,3.654663562774658
303,475,4.0,4.073304653167725
538,181,3.0,3.6598763465881348
280,690,2.0,3.5431535243988037
62,1135,2.0,2.7756240367889404
894,885,2.0,2.332430362701416
151,81,5.0,3.959171772003174
537,518,4.0,3.0505964756011963
27,978,2.0,2.373361587524414
619,405,3.0,3.282292604446411
454,87,4.0,3.11641788482666
693,514,4.0,3.212179660797119
239,419,3.0,4.010333061218262
751,704,2.0,3.188159704208374
258,313,5.0,4.69758415222168
927,623,3.0,3.361557960510254
709,363,3.0,2.8530592918395996
57,475,2.0,4.173045635223389
682,801,3.0,2.704559087753296
248,156,5.0,3.5827441215515137
276,928,3.0,3.2036988735198975
786,709,2.0,4.4022979736328125
514,405,2.0,3.4462265968322754
301,582,2.0,3.6115529537200928
716,568,4.0,3.8093626499176025
330,151,4.0,4.5754923820495605
878,179,4.0,3.4268105030059814
326,1,3.0,3.3791494369506836
23,227,3.0,3.186474084854126
320,760,3.0,3.241751194000244
260,272,3.0,5.162807464599609
630,1047,4.0,2.724346160888672
1,246,5.0,4.050136566162109
18,28,3.0,3.997619390487671
38,383,2.0,2.50309157371521
840,493,5.0,4.568710803985596
804,127,3.0,4.591740131378174
790,159,3.0,2.943873882293701
82,121,4.0,3.054572343826294
90,9,4.0,4.231224060058594
274,742,4.0,4.124654293060303
815,614,3.0,3.9600257873535156
58,491,4.0,3.814662218093872
918,529,3.0,3.3651626110076904
762,875,5.0,2.1887855529785156
886,631,4.0,3.48553466796875
263,484,4.0,4.642383098602295
217,679,5.0,2.7000136375427246
717,302,5.0,4.632758140563965
2,251,5.0,4.402106285095215
865,117,2.0,2.822887897491455
785,886,3.0,3.227581262588501
417,384,4.0,2.6616363525390625
391,131,2.0,3.9413344860076904
270,242,5.0,5.227102279663086
515,294,3.0,2.9030768871307373
396,840,3.0,2.950718641281128
401,638,4.0,3.185194730758667
505,496,5.0,3.7909135818481445
721,1026,3.0,2.334522247314453
887,1116,5.0,3.729647636413574
796,739,5.0,3.4763810634613037
537,203,4.0,3.0451760292053223
878,781,1.0,2.899327039718628
110,338,1.0,2.527189016342163
465,32,3.0,3.357808828353882
536,510,4.0,4.224240303039551
870,570,2.0,2.9905552864074707
462,100,4.0,4.673381805419922
793,106,3.0,3.03110933303833
919,276,5.0,3.620722770690918
790,358,2.0,2.451416492462158
393,21,3.0,2.881500720977783
13,333,3.0,3.067776918411255
44,99,4.0,3.614525318145752
102,204,4.0,3.0219979286193848
919,282,4.0,3.746742010116577
110,230,3.0,3.3337862491607666
733,515,5.0,3.8478715419769287
397,192,5.0,4.373624801635742
863,288,4.0,3.353182792663574
771,283,4.0,3.65374755859375
942,1028,4.0,3.43656325340271
487,546,3.0,3.229121446609497
618,427,5.0,4.004692077636719
738,211,3.0,3.8381171226501465
514,328,3.0,3.436215400695801
751,178,5.0,4.273101806640625
782,532,2.0,2.8824644088745117
41,181,4.0,3.85662841796875
870,382,3.0,3.5122344493865967
125,722,3.0,2.8750436305999756
315,17,1.0,3.469285011291504
92,132,3.0,3.9117772579193115
450,685,4.0,3.601912260055542
448,303,4.0,3.476196765899658
648,5,4.0,3.1072347164154053
338,650,5.0,3.536773920059204
22,241,3.0,3.6958324909210205
394,84,4.0,3.210947036743164
256,82,5.0,4.592580795288086
870,203,4.0,3.6309585571289062
278,752,5.0,3.6265203952789307
753,64,4.0,3.9871387481689453
262,145,1.0,2.361445903778076
744,237,4.0,3.486358642578125
371,175,1.0,4.1630096435546875
92,591,4.0,3.4830212593078613
708,147,4.0,3.3961963653564453
194,582,1.0,3.1219065189361572
654,143,5.0,3.7056305408477783
709,217,5.0,3.2581584453582764
442,367,2.0,3.2181482315063477
178,866,4.0,3.3601791858673096
13,819,1.0,2.3819124698638916
798,400,3.0,2.3082480430603027
896,824,1.0,2.4648115634918213
396,300,3.0,3.980842113494873
643,665,3.0,2.9136762619018555
236,237,4.0,3.490055561065674
228,651,4.0,3.1630027294158936
894,887,4.0,3.6895997524261475
234,192,3.0,3.4997808933258057
197,68,2.0,3.37446928024292
912,97,4.0,3.5969347953796387
592,223,5.0,4.798879623413086
566,97,3.0,3.50872802734375
926,288,3.0,3.1491944789886475
353,326,2.0,3.2880637645721436
200,11,5.0,4.768338203430176
535,971,2.0,3.8012664318084717
493,274,5.0,3.534191370010376
130,672,5.0,3.235708713531494
201,923,3.0,3.6478304862976074
417,180,5.0,3.932029962539673
416,696,3.0,3.5597994327545166
112,888,4.0,3.915376663208008
13,511,5.0,4.121739387512207
426,510,4.0,3.951836109161377
94,392,3.0,3.7732994556427
293,251,4.0,3.888015031814575
758,752,3.0,3.5909318923950195
804,988,4.0,2.553769826889038
686,806,5.0,4.143996238708496
256,288,5.0,4.20566463470459
218,695,3.0,2.6893491744995117
267,227,3.0,3.719974994659424
846,184,5.0,3.6037237644195557
398,69,5.0,3.6487934589385986
387,195,4.0,3.837585926055908
616,343,4.0,3.3199868202209473
13,229,4.0,2.868382453918457
666,604,3.0,4.018070697784424
551,468,5.0,3.543208360671997
846,1069,4.0,3.6732378005981445
88,881,5.0,2.880499839782715
6,81,4.0,3.434183120727539
860,302,4.0,3.876988410949707
682,385,3.0,3.412494659423828
263,199,5.0,4.641149997711182
41,100,4.0,4.048961162567139
699,991,3.0,2.2673139572143555
374,173,3.0,4.09528923034668
724,259,2.0,2.2241594791412354
398,1119,4.0,3.5640649795532227
601,195,3.0,3.416386604309082
182,69,5.0,3.6567001342773438
33,895,3.0,3.5417048931121826
907,647,3.0,5.668581962585449
20,678,4.0,2.37736439704895
495,91,2.0,4.229891777038574
458,321,3.0,3.27655029296875
256,864,4.0,3.7959585189819336
125,63,3.0,3.1894822120666504
507,334,5.0,4.567244529724121
921,71,4.0,3.5605757236480713
21,558,5.0,3.561290979385376
653,471,2.0,2.6803417205810547
276,916,4.0,3.021960735321045
385,218,2.0,3.0526914596557617
518,370,4.0,2.9211585521698
406,211,5.0,3.751420259475708
56,473,2.0,3.2979576587677
405,943,1.0,2.1420607566833496
199,539,1.0,2.152045726776123
222,196,5.0,3.6644389629364014
813,259,2.0,2.589073419570923
450,288,3.0,3.745133876800537
407,201,4.0,3.284074544906616
503,234,5.0,4.004621505737305
868,825,1.0,2.5204195976257324
130,168,3.0,4.881220817565918
90,26,4.0,3.9411871433258057
254,234,4.0,3.4268078804016113
279,741,5.0,3.4603829383850098
394,218,4.0,3.975640296936035
405,734,2.0,1.6396939754486084
110,69,4.0,3.578115463256836
276,655,4.0,4.152402877807617
64,190,4.0,4.14140510559082
406,410,4.0,2.987355947494507
291,71,4.0,4.376536846160889
735,285,4.0,3.8968522548675537
70,230,4.0,3.4585843086242676
312,633,5.0,4.480533599853516
289,109,3.0,3.016308069229126
184,79,3.0,3.9099953174591064
301,196,4.0,3.892091989517212
479,380,3.0,3.170565605163574
236,185,5.0,3.76918888092041
489,313,4.0,5.245555400848389
393,303,4.0,3.78405499458313
62,421,5.0,3.2482526302337646
551,410,5.0,3.381404399871826
887,225,4.0,3.3189401626586914
524,831,3.0,2.4118690490722656
903,61,4.0,4.140388011932373
439,405,4.0,3.4626567363739014
111,344,2.0,3.7033724784851074
405,923,2.0,2.472968101501465
796,934,3.0,2.9686427116394043
561,925,3.0,2.642188787460327
222,90,2.0,2.865851402282715
405,58,1.0,2.206825017929077
293,208,3.0,3.6984384059906006
532,338,3.0,3.160566568374634
253,496,5.0,4.489744663238525
497,153,4.0,3.5694618225097656
834,276,5.0,3.9106781482696533
688,338,5.0,3.7939765453338623
846,42,5.0,3.9903833866119385
840,855,4.0,4.176703929901123
203,475,3.0,4.146627426147461
537,472,2.0,2.3106250762939453
939,15,5.0,4.859107971191406
349,25,3.0,3.3422317504882812
23,131,4.0,3.8329532146453857
5,368,1.0,1.5721158981323242
92,528,4.0,4.072190284729004
76,182,4.0,3.9994287490844727
724,989,1.0,2.0369300842285156
642,1091,4.0,3.0591156482696533
200,679,4.0,3.731877565383911
591,13,4.0,3.459395408630371
549,282,3.0,4.162234306335449
543,199,4.0,4.069392204284668
35,243,2.0,2.597093105316162
337,135,5.0,4.309342384338379
712,996,4.0,2.3582797050476074
195,451,5.0,3.3755013942718506
655,186,3.0,3.244079113006592
896,139,2.0,2.5891826152801514
862,92,5.0,4.224246025085449
263,521,3.0,4.271183013916016
522,179,5.0,4.144506454467773
514,118,2.0,3.309436559677124
13,323,3.0,2.3680107593536377
933,151,4.0,2.9563329219818115
682,1016,2.0,3.207401752471924
796,409,3.0,3.303679943084717
142,463,3.0,3.8901939392089844
551,28,4.0,4.295534133911133
458,435,4.0,4.028301239013672
495,417,3.0,3.7750585079193115
653,213,2.0,2.9293272495269775
450,312,4.0,3.5711328983306885
655,1634,2.0,1.0107879638671875
294,872,4.0,3.279282331466675
833,1335,2.0,2.5146994590759277
727,196,4.0,3.710775136947632
308,616,2.0,3.7303194999694824
680,117,4.0,3.9023070335388184
450,1208,3.0,3.237104654312134
321,153,4.0,3.5966029167175293
226,527,4.0,4.05147647857666
253,192,1.0,4.437765121459961
144,190,5.0,4.258791446685791
458,301,1.0,3.2682688236236572
269,793,4.0,2.7747931480407715
934,661,4.0,4.165408134460449
435,271,4.0,3.163087844848633
752,301,4.0,3.0364980697631836
625,183,3.0,3.5758485794067383
882,98,5.0,4.850529193878174
592,320,5.0,3.850909471511841
56,728,3.0,3.177685022354126
342,212,5.0,3.315786123275757
506,10,2.0,4.04302978515625
327,90,3.0,2.765881299972534
229,875,1.0,2.134796142578125
882,208,5.0,4.558872222900391
342,287,3.0,3.582265853881836
761,237,5.0,3.205432891845703
301,288,4.0,3.4277255535125732
383,134,5.0,4.566062927246094
114,183,5.0,3.576774835586548
12,471,5.0,3.866610527038574
646,895,3.0,2.885371685028076
222,571,2.0,2.381276845932007
223,535,3.0,3.0241291522979736
655,236,3.0,3.015990972518921
135,5,3.0,3.134568691253662
821,742,4.0,4.242415428161621
837,286,4.0,3.7011475563049316
334,204,4.0,3.7189383506774902
307,401,1.0,2.7310080528259277
151,491,4.0,4.180228233337402
728,286,3.0,3.857099771499634
291,546,3.0,3.3405709266662598
58,56,5.0,4.065438270568848
504,462,4.0,4.043582439422607
843,132,3.0,2.997040033340454
429,7,2.0,3.8245019912719727
613,603,5.0,4.782038688659668
901,498,4.0,4.700979709625244
13,520,4.0,4.02755069732666
620,118,4.0,3.6097829341888428
311,553,3.0,3.3604702949523926
758,269,4.0,4.3285298347473145
923,338,4.0,3.284336805343628
236,686,3.0,3.432094097137451
353,333,4.0,3.495864152908325
532,352,3.0,2.75366473197937
222,575,3.0,2.358025312423706
406,485,3.0,3.6609079837799072
393,243,4.0,2.5111372470855713
2,283,5.0,3.78057861328125
505,56,1.0,3.656383752822876
354,603,5.0,4.28400993347168
52,277,5.0,4.101223468780518
276,591,3.0,3.8076345920562744
7,11,3.0,4.454148292541504
249,405,3.0,3.552488088607788
328,448,3.0,3.2865614891052246
532,292,4.0,4.33101749420166
795,181,4.0,3.5335657596588135
230,607,3.0,4.226949691772461
385,128,5.0,2.979077100753784
756,527,3.0,3.6953046321868896
481,484,4.0,4.497858047485352
668,403,4.0,3.308724880218506
880,383,3.0,2.2640724182128906
472,660,5.0,4.798595905303955
354,896,4.0,3.9579381942749023
457,125,4.0,4.079586029052734
223,1009,1.0,3.237368106842041
21,977,2.0,2.499619960784912
466,210,4.0,3.710193395614624
104,301,2.0,2.5133020877838135
864,780,2.0,3.3108017444610596
184,127,5.0,4.23259162902832
707,1018,3.0,3.228492259979248
457,48,5.0,4.793798446655273
551,385,5.0,3.9280624389648438
405,52,1.0,2.29937481880188
234,496,4.0,3.501556396484375
416,307,1.0,3.994130849838257
374,77,5.0,3.30218768119812
938,273,5.0,3.6190435886383057
528,751,4.0,3.4635231494903564
452,207,4.0,3.4501001834869385
877,549,4.0,3.7399120330810547
64,435,4.0,3.870295286178589
740,326,3.0,3.164654493331909
927,395,3.0,2.7256548404693604
626,268,4.0,2.557229518890381
711,180,4.0,4.134020805358887
632,91,3.0,3.6105220317840576
825,322,5.0,3.5562143325805664
876,527,5.0,4.293858528137207
588,40,4.0,3.3210508823394775
870,134,4.0,4.07181978225708
733,1,2.0,3.4098405838012695
387,7,5.0,3.667231559753418
758,290,5.0,3.4905333518981934
102,67,1.0,2.343008518218994
270,218,5.0,4.5126261711120605
624,1089,2.0,2.363719940185547
388,672,4.0,3.1131973266601562
407,127,3.0,4.14354133605957
230,385,1.0,3.771641731262207
909,165,5.0,4.898017406463623
130,330,4.0,3.7249674797058105
235,705,5.0,4.02302360534668
821,15,5.0,4.360482692718506
276,603,5.0,4.612050533294678
312,214,3.0,3.7362422943115234
790,417,2.0,2.9890685081481934
291,670,5.0,3.429253101348877
761,1272,1.0,1.9097702503204346
654,1009,3.0,3.460235118865967
862,120,3.0,2.70160174369812
130,743,2.0,2.4410440921783447
379,197,5.0,4.543491363525391
18,367,4.0,3.6395034790039062
273,345,3.0,3.489657163619995
327,132,5.0,3.6617307662963867
293,155,2.0,2.7863779067993164
38,780,4.0,3.5907883644104004
298,183,3.0,4.217986583709717
742,7,3.0,3.6831634044647217
573,22,4.0,4.068949222564697
812,333,5.0,3.7674295902252197
114,180,3.0,3.6332309246063232
42,1040,3.0,2.6702935695648193
167,949,1.0,3.4002902507781982
116,596,5.0,2.96242094039917
198,631,3.0,3.2544310092926025
731,136,4.0,3.6015565395355225
486,127,5.0,4.137517929077148
455,402,4.0,3.4499566555023193
473,508,2.0,3.793200969696045
94,12,4.0,4.627068996429443
527,429,5.0,3.706652879714966
10,711,4.0,0.7305237054824829
297,699,4.0,3.5350148677825928
824,321,2.0,2.879349946975708
151,781,3.0,3.6008288860321045
465,845,4.0,2.939359426498413
399,742,4.0,3.141788959503174
707,311,4.0,3.807217597961426
94,436,5.0,3.9197189807891846
864,275,4.0,4.307180404663086
130,237,5.0,4.3752007484436035
709,665,3.0,2.9124157428741455
775,690,3.0,3.3848726749420166
829,639,4.0,3.5930275917053223
429,193,4.0,4.021396636962891
782,1296,3.0,2.9209542274475098
293,73,2.0,3.101194143295288
682,658,4.0,3.286369562149048
299,820,3.0,2.701167583465576
405,1119,3.0,2.1576929092407227
658,9,4.0,3.6881091594696045
264,320,4.0,3.935894012451172
550,877,4.0,2.901970624923706
308,792,3.0,3.9052810668945312
268,479,4.0,3.692397356033325
861,381,4.0,3.7963316440582275
326,96,3.0,3.4716453552246094
846,555,2.0,2.030442237854004
914,732,2.0,3.4155592918395996
814,145,2.0,2.2948474884033203
405,1435,1.0,1.4706507921218872
293,651,3.0,3.7089993953704834
498,381,3.0,3.087965965270996
593,106,2.0,2.9934210777282715
251,405,3.0,3.5065650939941406
353,340,4.0,3.443209409713745
92,271,2.0,3.102912187576294
24,275,5.0,4.506134510040283
716,257,5.0,3.928493022918701
392,191,5.0,4.722671985626221
854,1086,3.0,2.994022846221924
406,170,3.0,3.958723783493042
495,55,2.0,4.299007415771484
262,609,3.0,3.168644428253174
314,71,5.0,4.445436477661133
653,55,3.0,2.753547430038452
221,161,3.0,3.4685282707214355
463,150,2.0,3.2509264945983887
910,9,4.0,3.212655544281006
197,176,5.0,3.944990873336792
312,169,5.0,4.987592697143555
411,209,4.0,3.864187717437744
429,498,5.0,4.2243452072143555
92,106,3.0,2.802460193634033
661,48,4.0,4.244102478027344
896,1240,4.0,3.352386713027954
479,173,5.0,3.9923958778381348
645,191,5.0,4.479497909545898
305,269,4.0,3.6921658515930176
521,829,2.0,2.368157148361206
869,1132,1.0,2.412693977355957
109,72,5.0,3.16589617729187
100,1236,3.0,0.6870590448379517
514,890,1.0,2.1296911239624023
385,185,5.0,3.4629571437835693
200,1028,2.0,3.7457056045532227
659,606,5.0,4.211031913757324
357,1047,4.0,3.6488351821899414
222,77,4.0,3.145885467529297
110,794,3.0,3.38000750541687
123,134,4.0,4.39656925201416
753,211,4.0,3.5206961631774902
782,1014,2.0,2.6962621212005615
156,180,5.0,3.770742416381836
533,692,4.0,3.464517116546631
531,259,1.0,3.25313138961792
852,264,3.0,3.0255227088928223
496,433,4.0,3.102936029434204
18,221,5.0,3.900273323059082
518,919,5.0,3.915834903717041
401,655,3.0,3.193397283554077
181,221,1.0,1.7080737352371216
311,519,3.0,4.332874774932861
181,680,1.0,1.4922256469726562
567,271,4.0,3.1937754154205322
302,258,3.0,2.7091898918151855
808,875,4.0,2.936586380004883
872,272,4.0,4.647575378417969
1,257,4.0,3.775939464569092
848,197,5.0,4.464369297027588
223,1150,2.0,2.966904640197754
406,825,4.0,2.826157331466675
194,135,3.0,3.4827041625976562
193,96,1.0,3.8692381381988525
193,94,3.0,2.9999537467956543
573,144,4.0,3.5277786254882812
795,407,3.0,2.1638877391815186
15,244,2.0,2.635648250579834
911,205,3.0,3.9459781646728516
452,265,3.0,3.4873504638671875
759,257,4.0,4.267073631286621
211,257,5.0,3.193397283554077
518,289,4.0,3.1777827739715576
666,410,2.0,3.0172579288482666
796,871,1.0,2.710238218307495
207,471,3.0,3.1639506816864014
457,792,4.0,4.383158206939697
450,223,3.0,4.639002799987793
194,405,2.0,2.8170487880706787
741,67,3.0,2.9651379585266113
493,284,4.0,3.2925541400909424
865,928,1.0,2.3489718437194824
399,431,2.0,3.054630756378174
194,9,4.0,3.220778226852417
387,731,1.0,2.966428756713867
210,502,3.0,4.243191719055176
627,399,3.0,2.925889730453491
622,229,2.0,3.0217957496643066
650,662,3.0,2.8725216388702393
620,627,5.0,3.582237482070923
7,659,5.0,4.7472004890441895
566,20,4.0,3.1330413818359375
542,97,4.0,3.6707186698913574
334,508,3.0,3.3890297412872314
780,79,4.0,3.9292073249816895
181,121,4.0,1.8769440650939941
330,651,5.0,5.052374839782715
91,131,2.0,4.0659499168396
893,759,3.0,2.156970977783203
603,176,2.0,4.125723361968994
886,940,2.0,2.241888999938965
737,357,5.0,4.201503753662109
291,619,3.0,3.697183132171631
435,729,2.0,3.3304221630096436
279,151,4.0,3.588083505630493
204,301,4.0,3.015108346939087
667,962,2.0,3.470353603363037
59,288,5.0,3.6811065673828125
201,375,3.0,1.8143037557601929
921,194,3.0,3.7302541732788086
340,172,4.0,4.504700660705566
843,204,3.0,2.9474897384643555
515,538,3.0,3.063850164413452
844,117,4.0,3.5383403301239014
499,258,2.0,3.8723626136779785
83,732,4.0,3.9500365257263184
401,157,3.0,2.9794182777404785
452,86,4.0,3.5612576007843018
144,961,3.0,3.7518396377563477
403,925,4.0,3.4603095054626465
222,12,5.0,4.068178653717041
782,1292,3.0,1.019716739654541
716,83,4.0,4.2622528076171875
903,179,5.0,4.123642921447754
569,748,2.0,3.129359006881714
932,177,4.0,4.182012557983398
844,2,4.0,3.0735561847686768
840,644,4.0,4.086711883544922
363,187,2.0,3.671281337738037
887,206,5.0,3.9853339195251465
486,1014,3.0,2.921250581741333
635,268,5.0,3.5281615257263184
59,200,5.0,4.227858543395996
889,509,2.0,3.7166922092437744
776,50,5.0,4.291666030883789
629,22,5.0,4.820965766906738
130,321,5.0,3.8787753582000732
472,66,5.0,4.500905990600586
437,276,5.0,3.6905388832092285
314,150,4.0,4.359094619750977
682,895,4.0,2.947587251663208
406,7,4.0,3.655363082885742
830,487,5.0,4.05000114440918
880,783,1.0,2.884148359298706
676,271,3.0,3.3599140644073486
315,301,2.0,3.469874143600464
214,522,4.0,4.040309906005859
284,340,4.0,3.6176371574401855
319,880,4.0,3.053023099899292
234,1447,3.0,0.7816534638404846
846,836,5.0,3.743868827819824
197,258,4.0,3.6730399131774902
419,617,4.0,4.029219627380371
521,90,2.0,2.662792444229126
487,85,2.0,3.297666549682617
194,549,3.0,3.0807857513427734
144,303,4.0,3.7502856254577637
85,372,4.0,3.3761215209960938
11,731,4.0,3.0290098190307617
7,485,5.0,4.375442981719971
534,748,4.0,3.933086633682251
18,427,5.0,4.384773254394531
47,683,3.0,2.6377182006835938
13,340,2.0,3.3543410301208496
198,871,1.0,2.299314498901367
655,1370,3.0,2.070176601409912
383,357,5.0,4.65166711807251
731,611,3.0,3.694089651107788
698,202,3.0,2.799837589263916
697,1059,2.0,3.0420405864715576
396,717,3.0,2.9766204357147217
63,121,1.0,2.9807448387145996
573,286,3.0,3.49971342086792
864,722,2.0,3.03297758102417
758,288,4.0,3.612065553665161
648,500,5.0,3.5946760177612305
500,294,3.0,2.896121025085449
200,465,4.0,4.3037919998168945
237,174,4.0,4.338204860687256
506,465,4.0,3.6714844703674316
452,318,5.0,4.07219123840332
141,100,4.0,4.311806678771973
311,499,4.0,4.219468116760254
474,435,5.0,4.321341037750244
94,385,2.0,3.7713418006896973
190,100,4.0,3.9645230770111084
437,249,5.0,3.2830634117126465
897,925,5.0,3.6222543716430664
235,1134,4.0,3.3964650630950928
303,474,5.0,4.4687604904174805
484,153,5.0,4.292503356933594
286,372,4.0,3.857407569885254
525,118,3.0,3.1436808109283447
83,728,4.0,3.2509829998016357
860,894,2.0,1.8422104120254517
315,46,4.0,3.911355972290039
800,223,5.0,4.314927101135254
296,79,4.0,4.471916198730469
59,53,5.0,3.316063642501831
262,845,4.0,3.0814592838287354
916,132,3.0,3.849579334259033
436,856,4.0,4.304701328277588
548,293,4.0,4.045604705810547
825,100,4.0,4.538156509399414
889,386,3.0,2.7289252281188965
178,276,3.0,3.8337020874023438
253,4,4.0,3.8759021759033203
922,1,5.0,3.8084661960601807
545,810,4.0,2.9048330783843994
608,661,3.0,4.0509490966796875
26,109,3.0,3.0677928924560547
805,99,2.0,3.607654094696045
810,338,4.0,3.325019359588623
563,118,4.0,3.549049139022827
676,748,4.0,3.1688661575317383
488,1025,2.0,2.5186691284179688
116,532,2.0,2.976775646209717
697,326,4.0,3.791721820831299
400,689,3.0,3.3226511478424072
440,300,3.0,4.0338592529296875
531,311,4.0,4.272427558898926
49,547,5.0,2.6138648986816406
254,435,3.0,3.586731195449829
919,1134,2.0,3.3189024925231934
631,334,2.0,3.172377109527588
932,470,3.0,3.8757457733154297
90,906,2.0,4.0230512619018555
490,919,4.0,2.961782932281494
164,823,4.0,3.439720630645752
756,176,4.0,3.605546474456787
188,100,4.0,4.20669412612915
314,932,4.0,3.3585686683654785
878,796,2.0,2.660219192504883
405,442,1.0,0.8363261222839355
756,419,3.0,3.4139230251312256
158,430,5.0,4.395492076873779
925,327,3.0,3.5237443447113037
85,152,5.0,3.507483720779419
394,62,4.0,3.5371594429016113
325,58,3.0,3.404106616973877
320,195,5.0,4.598485469818115
497,1077,4.0,2.6262168884277344
374,975,4.0,3.0471746921539307
350,183,3.0,4.267972469329834
433,95,3.0,3.7073495388031006
299,20,3.0,3.2023041248321533
854,122,3.0,2.217092514038086
184,210,4.0,3.8371012210845947
625,476,2.0,2.7180094718933105
445,100,2.0,2.548982620239258
847,735,4.0,3.1256227493286133
215,22,3.0,4.455074310302734
928,877,5.0,2.8927721977233887
643,5,3.0,3.291949987411499
877,83,3.0,4.210823059082031
804,1,5.0,4.129185676574707
158,163,4.0,3.8810014724731445
109,796,3.0,3.0584964752197266
542,282,3.0,3.558983564376831
551,735,5.0,4.143333435058594
870,208,4.0,3.867543935775757
406,591,3.0,3.484691858291626
653,180,5.0,2.9532039165496826
942,315,4.0,4.555379390716553
695,286,3.0,3.5608503818511963
311,70,4.0,3.758218288421631
741,70,4.0,3.601294994354248
650,1474,3.0,2.2922825813293457
145,1245,5.0,3.434384346008301
766,131,3.0,3.6290674209594727
62,697,4.0,3.212716817855835
222,154,3.0,3.4832611083984375
325,133,3.0,3.6133391857147217
291,84,3.0,3.2349491119384766
413,690,4.0,3.3483500480651855
604,183,3.0,3.6998417377471924
615,286,4.0,3.5682897567749023
13,287,1.0,3.427168846130371
738,152,4.0,3.6447432041168213
31,611,4.0,4.467581272125244
643,671,4.0,3.854874610900879
552,815,3.0,3.0787289142608643
301,235,2.0,2.9681015014648438
892,671,5.0,4.08349609375
85,95,4.0,3.5538878440856934
255,827,2.0,2.234389305114746
181,18,1.0,1.4183235168457031
600,435,5.0,4.190005302429199
554,411,3.0,2.9590587615966797
31,303,3.0,3.9716265201568604
40,316,3.0,3.2328290939331055
714,7,4.0,3.8940792083740234
796,1042,4.0,3.2716500759124756
659,153,4.0,3.8804826736450195
816,326,4.0,4.227659702301025
301,184,4.0,3.420760154724121
703,1012,4.0,3.7237906455993652
290,596,4.0,3.240891218185425
500,396,3.0,2.9062271118164062
914,371,4.0,3.085214853286743
374,1197,4.0,3.695669651031494
393,423,3.0,3.821669578552246
267,3,4.0,3.497769594192505
234,519,5.0,3.543172836303711
303,81,4.0,3.78952693939209
44,91,2.0,3.5859949588775635
892,151,4.0,3.97182035446167
145,109,4.0,3.7294390201568604
416,990,2.0,3.700878858566284
240,751,3.0,3.9524741172790527
710,234,4.0,3.655904769897461
456,268,5.0,3.6852002143859863
73,64,5.0,4.172905921936035
138,117,4.0,4.066356658935547
5,412,3.0,2.037928581237793
292,511,5.0,4.8589348793029785
373,946,5.0,3.151949167251587
405,33,1.0,2.171510696411133
23,174,4.0,4.1255340576171875
450,842,4.0,3.3743081092834473
158,283,5.0,3.9387147426605225
455,237,3.0,3.4798662662506104
416,1495,3.0,3.6175880432128906
795,97,2.0,3.384392261505127
529,310,4.0,4.093609809875488
185,515,4.0,4.579781532287598
277,405,3.0,3.266803026199341
43,301,5.0,3.4643681049346924
727,176,4.0,3.8466413021087646
290,210,5.0,3.7287466526031494
223,1197,3.0,3.561885118484497
882,407,2.0,2.675405263900757
211,199,5.0,3.5936622619628906
624,689,3.0,3.1569132804870605
363,216,3.0,3.38142466545105
193,210,4.0,3.846909761428833
397,325,3.0,2.7721540927886963
276,240,4.0,2.987860679626465
645,430,5.0,4.3044891357421875
310,251,5.0,4.611189842224121
104,1017,1.0,2.5755133628845215
178,280,4.0,3.3909554481506348
339,469,5.0,4.149677276611328
833,328,2.0,2.8521952629089355
450,630,3.0,3.688488721847534
537,86,4.0,3.0838637351989746
263,678,2.0,2.733651638031006
916,48,5.0,3.877650022506714
719,410,1.0,2.7502951622009277
417,685,1.0,3.1913979053497314
351,289,5.0,3.5907843112945557
798,486,4.0,3.65826416015625
896,135,3.0,3.578522205352783
256,370,3.0,3.425083875656128
326,479,5.0,3.625765085220337
144,514,5.0,3.877774715423584
64,11,4.0,3.780015230178833
471,477,5.0,2.8352320194244385
336,294,4.0,2.8847098350524902
178,118,4.0,3.358921527862549
12,402,5.0,4.000905990600586
908,12,3.0,3.676604986190796
279,101,3.0,3.2635960578918457
60,660,4.0,4.0590081214904785
244,155,3.0,3.387727737426758
11,196,5.0,3.776228666305542
757,161,3.0,3.2843189239501953
749,172,5.0,4.440013885498047
690,514,1.0,3.5287256240844727
60,513,5.0,4.807667255401611
543,44,3.0,3.2254014015197754
466,226,4.0,3.0685629844665527
503,213,5.0,4.234679222106934
653,151,3.0,2.738635301589966
645,243,1.0,2.188441753387451
194,661,5.0,3.5751404762268066
92,273,4.0,3.4259047508239746
727,2,4.0,3.0553317070007324
478,150,4.0,3.5848727226257324
155,288,3.0,2.671260356903076
719,66,3.0,3.114393472671509
524,823,4.0,2.7123641967773438
863,329,2.0,3.2456071376800537
685,302,3.0,2.3839104175567627
942,216,4.0,4.332719802856445
321,1028,2.0,2.8947110176086426
916,101,3.0,3.13425874710083
216,408,3.0,4.860960006713867
660,470,2.0,2.835423469543457
710,22,3.0,4.115115165710449
500,175,5.0,3.813472270965576
406,9,5.0,3.5890026092529297
44,147,4.0,3.349870204925537
659,178,5.0,4.378879547119141
867,690,5.0,3.6652159690856934
393,66,3.0,3.581071138381958
435,821,2.0,3.0044713020324707
201,215,2.0,3.1322145462036133
561,228,3.0,3.148538112640381
423,879,3.0,3.2955284118652344
770,294,3.0,3.9908065795898438
804,737,3.0,3.182393789291382
435,715,3.0,3.1890153884887695
450,491,3.0,4.180737018585205
405,436,1.0,2.1897308826446533
747,480,5.0,4.753796100616455
363,121,2.0,2.9551098346710205
95,32,1.0,3.949857473373413
650,510,3.0,3.3857216835021973
394,67,5.0,3.3176658153533936
354,650,3.0,3.567887544631958
226,270,4.0,3.5991885662078857
321,212,3.0,3.2158267498016357
207,265,3.0,3.4430699348449707
290,818,3.0,2.6807188987731934
269,411,1.0,2.4292564392089844
405,540,1.0,1.5723694562911987
906,284,4.0,3.2562551498413086
487,540,2.0,2.775604248046875
193,100,5.0,4.0333733558654785
648,565,3.0,2.5824878215789795
393,99,3.0,3.669161081314087
503,416,2.0,3.607564687728882
450,604,4.0,4.507126331329346
568,1050,4.0,2.9881157875061035
181,411,3.0,1.448277473449707
527,183,5.0,3.7711994647979736
500,554,3.0,2.7906713485717773
303,1335,3.0,2.9519097805023193
18,488,3.0,4.338949680328369
792,546,3.0,2.8304715156555176
257,59,5.0,4.481197834014893
169,243,3.0,2.3968346118927
229,286,4.0,2.9117822647094727
757,693,4.0,3.473621129989624
181,682,4.0,1.7875733375549316
435,384,3.0,2.5988211631774902
932,1456,4.0,3.892249345779419
44,480,4.0,4.248843193054199
856,322,4.0,3.151684522628784
279,517,4.0,3.7600913047790527
790,235,1.0,2.7702062129974365
309,1393,2.0,2.2430408000946045
858,334,4.0,3.3446459770202637
405,2,1.0,1.9563651084899902
130,731,3.0,3.758302927017212
919,892,3.0,2.7325284481048584
655,133,4.0,3.1453824043273926
373,748,4.0,3.1824984550476074
350,589,5.0,4.444550514221191
378,566,3.0,3.5739407539367676
413,236,4.0,3.6701440811157227
655,761,2.0,2.4953784942626953
505,151,3.0,3.34671688079834
232,133,4.0,3.885809898376465
416,331,4.0,3.925793409347534
661,173,4.0,4.303432464599609
425,259,1.0,2.2630198001861572
864,511,4.0,4.647256851196289
472,21,3.0,3.5675740242004395
909,86,5.0,4.616964817047119
698,1149,3.0,2.9985742568969727
162,237,4.0,3.71760892868042
406,382,5.0,3.535261392593384
445,174,4.0,2.6099612712860107
113,100,4.0,4.607316970825195
271,518,4.0,3.67763614654541
189,588,4.0,4.0526885986328125
747,651,5.0,4.446971416473389
936,321,3.0,3.545213460922241
551,578,5.0,3.5545053482055664
378,631,4.0,3.6037611961364746
334,310,3.0,3.272963762283325
574,312,4.0,3.24349045753479
240,898,5.0,3.6308741569519043
43,479,4.0,4.282752990722656
11,435,4.0,3.855351686477661
836,611,5.0,4.415313720703125
57,111,4.0,3.7096924781799316
802,681,4.0,2.9469354152679443
880,287,4.0,3.8869078159332275
161,135,2.0,2.6356570720672607
181,1384,1.0,1.2644567489624023
679,222,4.0,3.42402982711792
261,892,5.0,3.3505942821502686
269,1040,1.0,2.1458046436309814
918,83,4.0,3.4453675746917725
311,43,4.0,3.028503894805908
70,820,1.0,2.8144729137420654
901,82,5.0,4.205330848693848
459,108,1.0,3.1484453678131104
305,511,4.0,3.937910795211792
271,169,5.0,4.305734157562256
391,427,5.0,4.31999397277832
346,182,5.0,3.869171142578125
33,313,5.0,4.808005332946777
84,203,3.0,4.235959529876709
456,143,3.0,3.5909132957458496
896,198,4.0,3.637580633163452
234,607,4.0,3.422349452972412
807,610,3.0,4.202336311340332
311,468,4.0,3.4054760932922363
619,144,5.0,3.7777271270751953
7,561,4.0,3.6271533966064453
455,144,3.0,3.6479332447052
313,151,1.0,3.620401382446289
865,240,2.0,2.152174949645996
476,70,3.0,3.635335683822632
1,98,4.0,4.448997497558594
146,294,1.0,3.3989450931549072
698,86,2.0,2.8784730434417725
854,1077,3.0,2.50164794921875
222,377,1.0,2.2801387310028076
148,432,5.0,3.7247986793518066
506,67,3.0,3.107480049133301
693,1145,2.0,2.304274559020996
206,903,2.0,2.1852869987487793
291,1273,2.0,3.163186550140381
540,455,4.0,3.440937042236328
709,427,4.0,4.390608787536621
391,58,4.0,3.60503888130188
296,475,4.0,4.357337474822998
152,412,2.0,2.7179808616638184
249,411,3.0,3.161515951156616
385,421,2.0,2.9984145164489746
900,318,4.0,3.1754918098449707
933,94,1.0,2.4952921867370605
565,1396,5.0,4.169130325317383
96,195,5.0,4.204863548278809
537,224,3.0,3.008213758468628
690,402,3.0,3.2754430770874023
387,511,3.0,4.13632345199585
456,71,3.0,3.771566390991211
592,251,5.0,4.775884628295898
730,7,4.0,3.390263319015503
676,916,5.0,3.015045404434204
23,385,4.0,3.4538023471832275
588,485,5.0,4.093967914581299
716,655,4.0,4.074410438537598
461,305,2.0,3.3693833351135254
13,806,5.0,3.3535261154174805
867,64,5.0,4.841167449951172
405,1475,1.0,1.7855044603347778
822,358,3.0,2.21457839012146
207,68,2.0,3.1193323135375977
509,705,4.0,3.238680601119995
798,1076,3.0,2.4220001697540283
385,423,2.0,3.2384591102600098
330,38,4.0,3.6328885555267334
834,258,4.0,4.072790145874023
345,903,3.0,3.4592747688293457
548,443,4.0,4.124382019042969
1,34,2.0,2.979846715927124
898,312,2.0,3.3425731658935547
634,991,3.0,2.4435904026031494
495,139,2.0,3.365661382675171
881,1057,1.0,2.240830183029175
708,866,5.0,3.204941749572754
221,38,2.0,2.9636831283569336
788,22,5.0,3.944275379180908
14,242,4.0,4.337376594543457
761,7,4.0,3.2767491340637207
430,293,3.0,3.5654914379119873
416,164,5.0,4.0720391273498535
833,980,3.0,2.9230480194091797
643,1065,4.0,3.721569776535034
488,58,3.0,3.2522521018981934
710,286,4.0,3.4123849868774414
378,88,4.0,3.4960389137268066
524,751,4.0,3.292459011077881
181,685,2.0,1.661025047302246
216,82,4.0,3.959740400314331
450,87,5.0,4.386887550354004
486,301,4.0,3.0006911754608154
535,792,4.0,3.813758373260498
458,410,1.0,3.125558376312256
59,15,5.0,3.9163248538970947
297,298,5.0,3.606891393661499
854,87,4.0,3.5410776138305664
323,764,3.0,2.833858013153076
727,195,4.0,3.838515043258667
777,692,5.0,3.776869773864746
486,299,1.0,2.7539360523223877
10,521,4.0,4.391373634338379
178,597,4.0,3.182920455932617
782,1315,3.0,2.9525392055511475
622,176,4.0,4.0778679847717285
525,405,4.0,3.2820324897766113
178,588,4.0,4.0107011795043945
405,389,2.0,2.012343406677246
208,186,4.0,3.7837507724761963
727,135,2.0,3.782672166824341
22,62,4.0,3.299628734588623
529,321,4.0,3.509256601333618
576,7,5.0,3.719524621963501
863,879,2.0,3.4428486824035645
271,1133,3.0,2.962442398071289
128,742,3.0,3.612644910812378
622,845,3.0,3.4242782592773438
692,211,4.0,3.6078436374664307
417,153,5.0,3.6961748600006104
392,173,4.0,4.617138862609863
399,110,2.0,2.390773296356201
92,230,3.0,3.339226722717285
894,257,3.0,3.7091946601867676
766,228,3.0,3.5237841606140137
102,328,2.0,2.714346408843994
901,768,3.0,3.3637337684631348
535,207,4.0,3.8682548999786377
532,1496,2.0,2.9930524826049805
802,358,3.0,2.7895662784576416
468,135,5.0,4.348032474517822
532,248,4.0,4.32652473449707
715,234,4.0,3.7782044410705566
406,727,3.0,3.283812999725342
500,709,4.0,3.9542834758758545
595,336,2.0,2.5614402294158936
446,690,2.0,2.916621208190918
313,505,5.0,3.9406070709228516
442,56,5.0,3.7373242378234863
507,302,5.0,5.783771514892578
291,204,4.0,4.44560432434082
601,1615,4.0,2.437039852142334
889,700,3.0,2.5320122241973877
783,258,4.0,4.376684188842773
790,1063,5.0,3.3554635047912598
826,501,3.0,3.9628312587738037
664,227,3.0,3.2746317386627197
748,483,4.0,4.189462661743164
758,312,3.0,3.4153494834899902
5,233,4.0,2.9386472702026367
364,302,4.0,4.338511943817139
326,1231,3.0,2.226463794708252
301,866,4.0,3.216644525527954
709,295,3.0,3.5446622371673584
621,82,5.0,4.029094219207764
890,229,2.0,3.0148234367370605
717,1282,4.0,3.550234079360962
806,1074,3.0,3.068058490753174
763,382,5.0,3.799437999725342
850,318,5.0,5.09555196762085
891,116,3.0,4.55381441116333
806,222,4.0,3.642094850540161
600,391,3.0,2.8536012172698975
592,514,5.0,4.347565650939941
851,352,1.0,2.4708871841430664
177,433,4.0,3.6755032539367676
640,550,4.0,3.9496076107025146
586,195,4.0,3.671316623687744
94,201,4.0,3.7014098167419434
790,176,3.0,3.739955425262451
531,302,5.0,4.614083290100098
54,595,3.0,3.160254955291748
66,257,3.0,3.7986743450164795
330,161,4.0,4.3261919021606445
188,176,4.0,4.050289154052734
500,16,4.0,3.164442539215088
293,724,3.0,3.19234037399292
347,239,5.0,3.746929168701172
429,495,3.0,3.657618284225464
91,657,4.0,4.4111175537109375
269,276,5.0,3.1058928966522217
474,8,5.0,4.257776260375977
412,193,4.0,4.021610736846924
164,282,5.0,4.66338586807251
269,432,4.0,3.1444005966186523
243,215,3.0,3.638906955718994
320,292,3.0,4.170995712280273
901,275,3.0,4.387310981750488
327,195,4.0,3.5756170749664307
537,196,3.0,3.0862205028533936
262,432,3.0,3.367867946624756
707,165,3.0,4.062142372131348
82,1101,4.0,3.4987316131591797
796,12,5.0,4.429903030395508
620,8,3.0,4.445633888244629
1,130,3.0,2.3108768463134766
643,176,5.0,4.1192626953125
892,186,3.0,4.221851348876953
290,474,3.0,3.9609556198120117
846,463,5.0,3.934192657470703
416,241,5.0,3.9856152534484863
889,655,4.0,3.7507894039154053
3,341,1.0,2.8040504455566406
48,302,4.0,4.17086124420166
527,192,4.0,3.8987951278686523
749,24,2.0,3.557115077972412
1,218,3.0,3.6603684425354004
95,24,3.0,3.4576621055603027
533,525,3.0,3.9072275161743164
744,963,5.0,4.096929550170898
886,772,1.0,2.9227294921875
727,542,2.0,2.4796578884124756
249,318,5.0,4.911392688751221
804,238,4.0,4.053208827972412
882,988,5.0,2.5728588104248047
330,11,4.0,4.8721699714660645
603,326,4.0,3.4965837001800537
911,98,2.0,4.221075057983398
144,632,4.0,3.906440019607544
618,969,3.0,3.5821900367736816
860,516,3.0,3.7255616188049316
932,222,4.0,3.782531261444092
280,118,2.0,3.3757548332214355
25,25,5.0,3.6260974407196045
405,1553,1.0,1.9050838947296143
217,7,4.0,3.313793420791626
823,709,3.0,4.617806911468506
250,328,3.0,3.5129098892211914
510,288,3.0,3.132840156555176
435,1069,4.0,3.349482774734497
846,102,2.0,3.427642822265625
664,664,4.0,3.897836446762085
877,475,4.0,4.045034885406494
432,121,4.0,3.7504470348358154
195,877,3.0,2.485581874847412
456,1324,4.0,2.378511905670166
293,638,4.0,3.5744059085845947
711,216,4.0,3.951348304748535
727,413,2.0,2.4805831909179688
313,843,3.0,2.9555869102478027
457,871,1.0,2.908951759338379
459,216,3.0,3.8224737644195557
929,431,1.0,3.300497055053711
181,1163,2.0,1.4073338508605957
313,132,5.0,4.044251441955566
325,197,4.0,3.8798882961273193
107,902,5.0,3.407850503921509
360,520,4.0,4.345763206481934
875,195,4.0,4.245513916015625
7,564,3.0,2.1842093467712402
173,995,5.0,3.9713480472564697
633,128,3.0,3.224388599395752
222,227,3.0,3.1148390769958496
514,176,4.0,4.201587677001953
416,1300,3.0,2.4991841316223145
826,29,3.0,2.9724197387695312
327,152,3.0,3.3375184535980225
267,77,3.0,3.7562434673309326
796,393,4.0,3.482058048248291
416,24,5.0,3.878685474395752
6,484,5.0,4.041571140289307
796,1197,3.0,3.9079933166503906
810,878,4.0,3.259664535522461
405,960,1.0,2.148101806640625
815,196,4.0,4.029285430908203
346,172,5.0,4.122718811035156
596,678,3.0,2.999804973602295
914,736,3.0,3.6388089656829834
880,407,1.0,2.549652099609375
387,258,4.0,3.5455222129821777
7,481,5.0,4.629012107849121
391,132,4.0,4.0920000076293945
287,222,5.0,4.152185440063477
60,735,5.0,4.094879150390625
276,1413,1.0,3.100257396697998
711,88,5.0,3.547403573989868
339,411,2.0,3.124002456665039
532,914,5.0,2.737022876739502
727,117,3.0,3.5894007682800293
878,588,2.0,3.3253586292266846
889,627,2.0,2.97105073928833
417,242,3.0,3.921170473098755
805,154,5.0,3.6705617904663086
130,1267,4.0,3.786626100540161
314,246,5.0,4.478819847106934
7,577,2.0,2.523803949356079
195,1415,1.0,2.2081074714660645
393,1182,3.0,2.262098789215088
870,655,4.0,3.765336275100708
316,64,4.0,3.530712842941284
429,481,3.0,4.031284809112549
275,300,4.0,3.142552375793457
747,1,5.0,4.244563579559326
91,1126,1.0,3.5457770824432373
871,955,3.0,3.3437907695770264
615,303,5.0,3.759981393814087
23,162,3.0,3.552367687225342
416,417,3.0,3.6746773719787598
54,50,5.0,4.714293003082275
885,71,4.0,3.641893148422241
374,1,4.0,3.8212227821350098
332,53,3.0,3.6945996284484863
308,589,4.0,4.195133686065674
497,80,3.0,2.5959455966949463
881,795,2.0,2.265591621398926
314,412,3.0,2.5148041248321533
7,550,4.0,3.7865023612976074
361,451,3.0,3.265195608139038
286,1265,5.0,3.328252077102661
58,123,4.0,3.158461570739746
452,515,4.0,3.9561550617218018
378,275,5.0,3.9392831325531006
82,671,1.0,3.4456701278686523
846,176,4.0,4.255289077758789
622,1552,2.0,2.262230396270752
426,200,2.0,3.785374879837036
514,647,3.0,4.514159202575684
363,79,2.0,3.528196096420288
813,270,5.0,3.286188840866089
758,489,5.0,4.551580905914307
695,323,2.0,2.7439892292022705
486,887,5.0,3.5146708488464355
615,428,5.0,3.964292049407959
877,463,4.0,3.9091265201568604
887,140,5.0,3.6012158393859863
472,411,4.0,3.754575729370117
85,630,3.0,3.1540658473968506
785,423,2.0,3.7988688945770264
872,685,4.0,3.4458882808685303
622,769,1.0,2.6067118644714355
276,195,5.0,4.231237888336182
280,38,3.0,3.0947282314300537
424,333,5.0,3.1855242252349854
868,136,5.0,3.553293228149414
526,272,5.0,3.9959957599639893
76,1157,1.0,3.0043692588806152
524,192,4.0,3.8971614837646484
742,294,3.0,3.0756821632385254
774,72,1.0,1.9796514511108398
654,288,3.0,3.434030294418335
474,283,3.0,3.898503303527832
683,626,3.0,1.1846503019332886
532,840,4.0,3.402521848678589
488,71,3.0,3.5080032348632812
878,317,4.0,3.476029396057129
222,1178,2.0,2.4782862663269043
881,214,4.0,3.219707489013672
184,92,3.0,3.5374412536621094
71,151,1.0,3.6699483394622803
568,319,2.0,2.8070571422576904
66,50,5.0,4.390482425689697
661,135,5.0,4.1175761222839355
49,594,3.0,1.801286220550537
498,258,2.0,3.263118267059326
190,273,4.0,3.4373209476470947
804,87,4.0,4.217257976531982
110,195,2.0,3.7878153324127197
542,451,3.0,3.2354631423950195
429,178,4.0,4.280953407287598
499,328,5.0,3.547752857208252
200,509,4.0,4.79117488861084
871,909,3.0,3.706559181213379
453,402,3.0,3.4877798557281494
141,333,5.0,3.735621690750122
227,293,5.0,3.743433713912964
838,124,4.0,4.460606098175049
830,651,4.0,4.078433513641357
516,660,5.0,3.9937729835510254
343,403,4.0,3.7676472663879395
561,709,3.0,3.4426913261413574
896,482,3.0,3.6290743350982666
125,1037,2.0,1.8047285079956055
11,365,3.0,3.2978403568267822
82,514,4.0,3.560192108154297
95,552,1.0,2.9084105491638184
174,715,3.0,3.7720422744750977
41,357,4.0,4.194207191467285
104,307,2.0,2.7268126010894775
49,287,4.0,2.8496615886688232
416,258,5.0,4.291856288909912
60,490,4.0,4.39264440536499
694,484,4.0,4.642391681671143
84,294,3.0,3.5765185356140137
145,470,5.0,3.8158113956451416
268,1208,2.0,2.6164793968200684
152,410,4.0,3.857438802719116
917,9,5.0,3.8158693313598633
905,508,4.0,3.389338731765747
536,480,5.0,4.537106037139893
106,956,3.0,3.736166477203369
642,928,5.0,3.496716022491455
497,274,3.0,3.1695752143859863
450,1263,4.0,2.9943902492523193
304,298,5.0,3.631303310394287
766,318,5.0,4.115198135375977
22,173,5.0,4.428864002227783
840,632,3.0,4.213433265686035
43,58,3.0,3.6947970390319824
6,134,5.0,4.002586841583252
758,176,5.0,4.432671546936035
505,176,4.0,3.629795789718628
10,604,4.0,4.590047836303711
355,682,4.0,3.8413023948669434
301,117,5.0,3.7553491592407227
301,180,3.0,4.023924827575684
694,205,5.0,4.320729732513428
297,282,3.0,3.5929579734802246
336,1183,1.0,2.346057415008545
907,185,4.0,5.204480171203613
285,194,4.0,4.01792049407959
110,905,3.0,3.2655715942382812
779,15,4.0,4.028506278991699
236,1013,2.0,2.2241251468658447
884,275,4.0,3.763982057571411
14,25,2.0,3.6126365661621094
387,202,3.0,3.61969256401062
122,1044,5.0,3.597353458404541
805,772,3.0,2.9675679206848145
311,942,5.0,3.679530620574951
864,43,3.0,3.0993094444274902
68,742,1.0,3.0676658153533936
450,91,4.0,3.978041410446167
113,116,3.0,4.271559715270996
562,393,2.0,3.2200756072998047
450,194,5.0,4.480864524841309
279,1497,2.0,2.2547144889831543
291,369,3.0,2.943419933319092
537,1011,3.0,2.6542811393737793
268,860,1.0,2.1317458152770996
215,181,4.0,4.110115051269531
705,720,5.0,3.043666124343872
567,357,2.0,4.308274269104004
1,188,3.0,3.8214919567108154
676,300,4.0,3.548804521560669
784,327,4.0,3.7695138454437256
167,465,5.0,3.537039041519165
747,591,2.0,3.9830665588378906
343,708,4.0,3.768862247467041
59,770,4.0,3.672785758972168
269,441,1.0,2.330922842025757
840,654,4.0,4.619970798492432
405,675,1.0,2.2250421047210693
194,204,4.0,3.398014545440674
189,129,3.0,4.061574459075928
270,509,3.0,5.032362461090088
313,629,3.0,3.329134941101074
75,25,5.0,3.511078357696533
362,323,2.0,3.1652159690856934
756,245,3.0,2.878755807876587
62,511,4.0,4.007680416107178
269,186,2.0,3.260573148727417
243,223,4.0,4.220767974853516
318,191,5.0,4.4806108474731445
911,479,5.0,4.109663009643555
354,497,4.0,3.9289214611053467
804,154,3.0,3.919722080230713
471,465,5.0,3.1187262535095215
497,721,3.0,3.2082338333129883
561,1,2.0,3.1767261028289795
417,825,4.0,2.876077175140381
1,242,5.0,4.173984527587891
773,367,2.0,3.276820182800293
922,451,4.0,3.3199856281280518
543,318,3.0,4.220771789550781
143,322,4.0,3.3344855308532715
848,845,5.0,3.681792974472046
852,407,3.0,2.6174471378326416
669,649,4.0,3.0168204307556152
152,871,3.0,3.2178969383239746
5,373,3.0,2.5529041290283203
11,258,5.0,3.6939640045166016
600,578,2.0,3.4230504035949707
128,181,4.0,4.050138473510742
648,23,3.0,4.1087188720703125
351,750,5.0,4.650251865386963
535,196,4.0,3.9529261589050293
59,529,4.0,4.276115894317627
648,523,3.0,3.9759531021118164
254,415,3.0,2.5138704776763916
7,489,3.0,4.734372615814209
756,435,3.0,3.600032091140747
692,66,2.0,3.278977632522583
397,1018,4.0,3.463956117630005
711,955,1.0,3.613103151321411
210,568,4.0,4.061321258544922
868,567,1.0,2.3883111476898193
627,288,3.0,3.1647603511810303
936,253,5.0,3.9178245067596436
615,1021,5.0,4.051364898681641
845,1434,4.0,2.2524054050445557
639,423,2.0,3.009650468826294
239,208,3.0,4.295529842376709
11,24,3.0,3.3264288902282715
679,327,4.0,3.2772867679595947
943,1047,2.0,2.859649896621704
385,945,5.0,3.450504779815674
543,1555,3.0,2.3548407554626465
299,89,5.0,3.9761738777160645
144,197,4.0,4.094139099121094
584,450,2.0,2.374872922897339
711,393,4.0,3.3809995651245117
213,985,3.0,3.480473279953003
73,748,2.0,2.813278913497925
749,661,5.0,4.283318042755127
889,265,4.0,3.6529784202575684
457,122,2.0,2.75700044631958
588,316,5.0,4.3425397872924805
106,463,3.0,3.7895965576171875
295,794,4.0,4.153417587280273
807,8,4.0,4.352072715759277
178,823,2.0,2.961359977722168
193,541,1.0,2.832451105117798
368,567,3.0,2.641009569168091
757,183,4.0,3.8165717124938965
764,633,5.0,4.205270767211914
177,168,4.0,4.0145978927612305
815,229,3.0,3.0867507457733154
395,1028,2.0,3.3071212768554688
97,89,5.0,4.487375736236572
727,815,3.0,3.119597911834717
11,728,3.0,2.946110963821411
130,1231,4.0,3.051391124725342
391,507,4.0,3.8223767280578613
332,226,5.0,4.014691352844238
828,1062,4.0,3.506160020828247
221,298,4.0,3.7975337505340576
327,1,4.0,3.4406847953796387
864,423,5.0,4.108516693115234
447,13,5.0,3.5489695072174072
188,484,5.0,4.346074104309082
864,625,4.0,3.595611572265625
206,1022,1.0,2.3101110458374023
21,242,3.0,3.82031512260437
14,23,5.0,4.491971015930176
72,48,4.0,4.105003833770752
463,103,1.0,1.882039189338684
272,79,5.0,4.389683246612549
833,1628,3.0,2.364751100540161
487,313,3.0,4.612911701202393
349,1128,3.0,2.6910057067871094
308,293,4.0,3.9003686904907227
279,70,1.0,3.5186197757720947
445,9,2.0,2.3069686889648438
207,204,3.0,3.551325798034668
457,956,4.0,4.325323104858398
495,629,3.0,3.925142765045166
648,637,2.0,2.9078004360198975
660,41,1.0,2.3991358280181885
373,380,4.0,3.3925485610961914
62,159,3.0,2.926860809326172
919,300,4.0,3.6924753189086914
663,243,3.0,2.3092312812805176
214,166,4.0,4.070254802703857
622,22,4.0,4.351387977600098
339,383,1.0,2.2729551792144775
553,589,5.0,4.286831378936768
146,302,4.0,4.431241989135742
514,294,3.0,3.1661040782928467
487,652,5.0,4.163614749908447
679,215,3.0,3.4992363452911377
450,1054,2.0,2.5947675704956055
343,147,4.0,3.6768863201141357
454,1,3.0,3.123472213745117
371,97,5.0,4.007805824279785
167,222,4.0,3.591127395629883
347,24,3.0,3.509258985519409
385,671,3.0,3.2362940311431885
450,1119,4.0,4.018182277679443
797,243,2.0,1.8924413919448853
328,798,2.0,2.405205249786377
1,270,5.0,3.581404209136963
200,841,3.0,3.3340485095977783
151,507,5.0,4.194843292236328
655,628,3.0,2.9257912635803223
95,523,4.0,4.155789375305176
606,827,3.0,3.047166347503662
444,307,3.0,3.7624661922454834
94,68,4.0,3.6453487873077393
393,1210,3.0,2.868936061859131
642,1011,3.0,3.6411314010620117
180,191,4.0,4.495974540710449
378,234,4.0,3.828070640563965
524,175,3.0,3.770888328552246
380,496,4.0,3.452852249145508
707,869,1.0,2.968113899230957
122,1168,4.0,3.7057111263275146
465,191,4.0,3.626119613647461
444,275,4.0,4.222668170928955
578,324,1.0,2.49609637260437
530,607,5.0,4.105469226837158
757,1210,2.0,2.6949028968811035
671,195,5.0,4.14294958114624
426,617,3.0,3.720404863357544
94,228,4.0,4.053162574768066
828,340,5.0,3.13236665725708
660,1035,2.0,2.408578395843506
544,270,3.0,3.0353200435638428
784,323,4.0,3.405341386795044
244,685,2.0,3.5307860374450684
315,137,5.0,4.110401630401611
622,742,3.0,3.574967622756958
927,237,4.0,4.182760238647461
102,82,2.0,2.907291889190674
470,285,3.0,4.104937553405762
551,1067,2.0,4.107878684997559
506,183,5.0,4.155686855316162
932,480,5.0,4.614482879638672
1,170,5.0,4.270147323608398
554,692,4.0,3.712958812713623
450,59,4.0,4.418768882751465
611,301,4.0,3.5680904388427734
697,301,5.0,3.6944987773895264
215,23,3.0,4.3989973068237305
890,403,1.0,3.4969377517700195
277,121,2.0,3.3865814208984375
85,238,2.0,3.681429386138916
859,25,4.0,3.854012966156006
301,109,5.0,3.565178155899048
883,589,5.0,4.289068698883057
601,419,4.0,3.1974246501922607
416,475,2.0,4.434809684753418
815,418,4.0,3.6841607093811035
347,70,2.0,3.674453020095825
363,181,5.0,3.451931953430176
390,286,4.0,4.011983871459961
648,38,5.0,2.8486924171447754
648,399,4.0,3.068619728088379
666,510,4.0,3.8987462520599365
193,56,1.0,3.9735822677612305
758,922,5.0,4.484482765197754
274,845,5.0,3.9129014015197754
264,42,5.0,4.31758975982666
344,476,3.0,3.005397319793701
314,1074,3.0,3.426543951034546
135,321,4.0,3.1727426052093506
340,418,5.0,3.808004379272461
293,70,3.0,3.2841408252716064
727,62,3.0,3.033853769302368
892,1,5.0,4.202934265136719
92,183,4.0,3.867960214614868
833,761,2.0,2.5217134952545166
7,133,5.0,4.402498722076416
922,810,4.0,2.885988235473633
130,269,4.0,4.837763786315918
657,873,3.0,2.735201835632324
474,529,5.0,4.2231125831604
693,272,4.0,3.52768611907959
917,473,3.0,3.2373194694519043
269,51,2.0,2.930626630783081
524,708,4.0,3.236741781234741
786,285,3.0,4.5214433670043945
311,648,4.0,4.388248920440674
747,169,5.0,4.918362617492676
450,790,2.0,3.197211265563965
23,217,2.0,3.0990169048309326
394,90,3.0,3.4015252590179443
711,1221,4.0,3.6800451278686523
270,53,4.0,3.8202288150787354
934,498,3.0,4.278225898742676
296,209,4.0,4.3776421546936035
181,1371,1.0,0.9931302666664124
326,419,3.0,3.2771565914154053
458,427,4.0,4.364794731140137
116,325,3.0,2.408327102661133
346,96,5.0,3.85644268989563
276,232,3.0,3.52510142326355
66,405,3.0,3.397343158721924
868,132,4.0,3.505148410797119
634,150,3.0,3.868382453918457
101,826,3.0,2.291231393814087
796,660,5.0,3.875164270401001
271,514,4.0,3.7558255195617676
650,452,2.0,2.423698902130127
280,554,1.0,3.07828426361084
650,928,2.0,2.6216769218444824
615,988,1.0,2.164020538330078
268,627,3.0,2.7443060874938965
416,333,4.0,3.9885168075561523
344,272,5.0,4.313319206237793
474,1421,4.0,3.486750364303589
488,22,4.0,3.8610167503356934
496,561,5.0,2.640084743499756
910,684,4.0,3.15504789352417
796,258,4.0,3.9643030166625977
169,301,4.0,3.2972493171691895
311,118,3.0,3.3833582401275635
890,136,5.0,4.228172302246094
390,1296,2.0,3.676408290863037
269,205,3.0,3.3625636100769043
299,482,4.0,3.8898491859436035
92,515,4.0,4.164786338806152
747,603,5.0,4.808583736419678
149,346,4.0,2.9609410762786865
751,209,4.0,3.9575109481811523
15,748,3.0,2.72013258934021
94,993,4.0,3.745922327041626
13,173,2.0,4.04884147644043
92,949,3.0,3.2703890800476074
470,9,5.0,3.560936212539673
655,518,2.0,3.159175157546997
59,503,4.0,3.916198968887329
104,25,3.0,2.658219575881958
556,327,5.0,3.590792655944824
321,283,3.0,3.488668441772461
75,597,3.0,3.0830154418945312
416,526,5.0,4.452814102172852
450,136,5.0,4.514529705047607
13,128,1.0,3.3442771434783936
416,689,4.0,3.4447789192199707
588,393,4.0,3.5696027278900146
727,755,2.0,3.197251558303833
290,252,3.0,2.8198869228363037
224,1053,3.0,2.7759921550750732
6,274,4.0,3.0623555183410645
276,322,3.0,3.1444313526153564
942,265,5.0,4.267882347106934
217,550,1.0,2.9221885204315186
932,414,4.0,3.968397378921509
290,699,3.0,3.475400924682617
736,1388,5.0,2.826990842819214
683,133,5.0,3.509756088256836
627,47,2.0,3.2332544326782227
387,286,2.0,3.420786142349243
892,155,2.0,3.393737316131592
606,197,3.0,4.615355968475342
897,238,4.0,4.234828472137451
881,177,4.0,3.790149450302124
524,235,1.0,2.8620693683624268
504,234,3.0,4.063834190368652
937,268,1.0,3.542245864868164
181,1361,1.0,1.1587088108062744
747,488,5.0,4.708438396453857
624,300,4.0,3.598188877105713
227,150,3.0,3.7864162921905518
894,305,4.0,3.7363085746765137
110,1090,2.0,2.509317398071289
653,472,1.0,2.3247947692871094
206,310,5.0,2.636742115020752
276,383,2.0,2.1722655296325684
416,388,2.0,2.7927939891815186
938,288,5.0,3.4881060123443604
200,578,5.0,3.98667049407959
21,873,2.0,2.428798198699951
7,386,4.0,3.267465591430664
347,163,4.0,3.665799379348755
650,211,4.0,3.3045926094055176
450,601,3.0,4.397371292114258
374,692,5.0,3.617269992828369
303,260,3.0,2.5251526832580566
652,259,2.0,2.5939364433288574
500,285,3.0,4.085341930389404
213,144,5.0,4.146854400634766
435,159,5.0,3.0189404487609863
393,949,3.0,3.422224283218384
595,820,2.0,2.8544554710388184
748,154,3.0,3.463386058807373
639,519,4.0,3.3183627128601074
374,193,4.0,3.9271206855773926
301,802,2.0,2.7934300899505615
454,228,3.0,3.008058786392212
705,578,3.0,3.3904507160186768
936,410,3.0,3.475912094116211
181,1339,1.0,0.6389846801757812
486,328,2.0,3.0182361602783203
660,1181,1.0,2.0924525260925293
627,1478,3.0,2.59808349609375
533,659,4.0,3.8629682064056396
168,931,3.0,2.158742904663086
279,64,1.0,4.228864669799805
541,393,3.0,3.5518641471862793
194,168,5.0,3.536398410797119
166,894,4.0,2.141641855239868
518,147,4.0,3.582651138305664
264,606,5.0,4.750638008117676
661,97,4.0,3.928345203399658
710,181,3.0,3.790203094482422
931,900,4.0,4.0242204666137695
195,227,3.0,3.283006191253662
694,1455,3.0,2.0444774627685547
648,484,5.0,4.13914680480957
188,468,4.0,3.2922966480255127
618,4,2.0,3.337388515472412
484,141,4.0,3.953179359436035
715,941,2.0,3.0268845558166504
83,301,2.0,3.3914122581481934
771,114,4.0,4.248342514038086
710,204,4.0,3.7570576667785645
17,7,4.0,3.2131519317626953
299,508,4.0,3.382411241531372
117,597,4.0,3.4931602478027344
428,690,5.0,4.082001209259033
171,326,2.0,3.150560140609741
881,1078,3.0,2.8323214054107666
7,603,4.0,5.000545024871826
838,257,5.0,4.023037910461426
830,568,4.0,3.6652235984802246
893,117,4.0,3.9412946701049805
766,520,4.0,3.8738863468170166
921,1016,4.0,3.1273114681243896
848,451,4.0,3.6377832889556885
399,763,2.0,2.9095876216888428
59,23,5.0,4.655250549316406
10,157,5.0,4.048217296600342
456,60,4.0,3.9691615104675293
49,1009,3.0,2.699045419692993
58,191,5.0,4.23872184753418
523,412,3.0,2.5630533695220947
642,368,4.0,2.004401206970215
194,518,4.0,3.299238443374634
782,258,4.0,3.547062397003174
435,585,3.0,2.4521002769470215
332,323,5.0,3.6436429023742676
521,239,5.0,3.17270827293396
893,410,4.0,3.251629590988159
366,288,4.0,4.1925458908081055
230,96,2.0,4.185693740844727
523,382,5.0,4.40888786315918
537,460,2.0,2.398037910461426
796,485,4.0,3.9303252696990967
145,682,3.0,3.099569320678711
243,7,3.0,3.7415525913238525
730,1012,5.0,3.194499969482422
455,288,2.0,3.2796103954315186
25,134,4.0,4.441434860229492
158,1011,4.0,3.5441417694091797
10,176,4.0,4.426806449890137
637,591,3.0,2.707733154296875
33,751,4.0,3.772069215774536
802,484,3.0,4.457975387573242
707,1628,5.0,2.648566484451294
537,188,4.0,2.984470844268799
387,435,3.0,3.8333580493927
758,831,4.0,2.7300360202789307
435,172,5.0,4.097067356109619
416,833,3.0,3.5283780097961426
276,31,4.0,3.835785388946533
76,7,4.0,3.7698259353637695
276,1478,3.0,2.910189390182495
268,67,3.0,2.6411423683166504
393,825,4.0,3.051520586013794
556,340,5.0,3.8563730716705322
344,122,1.0,2.457690715789795
748,194,4.0,3.7982866764068604
203,7,3.0,3.9805002212524414
567,257,3.0,3.6739349365234375
450,923,5.0,4.677042007446289
258,311,4.0,3.921708345413208
897,451,4.0,3.7266597747802734
457,144,5.0,4.387042999267578
770,328,3.0,4.347412586212158
358,221,5.0,3.5478038787841797
399,420,3.0,3.0607945919036865
301,431,4.0,3.5062670707702637
524,77,3.0,3.1727209091186523
359,472,4.0,3.4164905548095703
583,286,4.0,4.02503776550293
665,1315,4.0,3.313565731048584
94,34,1.0,3.095430850982666
570,301,3.0,2.5846621990203857
182,423,5.0,3.740767478942871
736,748,2.0,2.5863656997680664
339,317,4.0,4.325857639312744
815,616,1.0,3.7757654190063477
707,1397,1.0,3.2957804203033447
500,82,4.0,3.6049256324768066
14,100,5.0,4.412332534790039
85,751,3.0,3.106307029724121
653,431,4.0,2.628478527069092
688,288,5.0,5.045602798461914
454,162,3.0,2.85036039352417
467,181,3.0,4.109888076782227
561,549,2.0,2.9536259174346924
339,655,4.0,4.235295295715332
189,253,4.0,3.7395341396331787
409,527,4.0,4.049940586090088
234,162,3.0,3.118600368499756
393,265,4.0,3.8593711853027344
102,79,2.0,3.1154441833496094
620,173,5.0,4.67204475402832
249,129,5.0,4.169329643249512
883,265,3.0,3.977926015853882
389,1286,5.0,3.4037060737609863
590,15,3.0,3.574985980987549
915,346,2.0,3.0867488384246826
773,109,4.0,3.2818961143493652
314,147,4.0,3.9075512886047363
451,984,4.0,2.695317029953003
94,750,4.0,4.031716346740723
551,917,3.0,3.528841972351074
345,40,3.0,3.1908528804779053
210,172,5.0,4.7637481689453125
73,285,4.0,4.100255489349365
244,1012,2.0,3.8565382957458496
119,459,4.0,4.481144428253174
409,206,4.0,3.4720492362976074
213,678,4.0,2.890409469604492
269,252,1.0,2.446432590484619
222,448,3.0,3.1851038932800293
58,174,4.0,4.252432823181152
150,147,4.0,3.6733314990997314
279,203,2.0,3.680018424987793
312,132,5.0,4.580750942230225
108,125,3.0,3.6057074069976807
361,194,4.0,3.9850080013275146
747,596,5.0,3.7558553218841553
470,93,4.0,3.533501625061035
474,469,4.0,4.138427257537842
788,828,3.0,2.515761375427246
328,318,5.0,4.37642765045166
89,880,5.0,3.426025629043579
75,1151,2.0,2.2232460975646973
748,326,3.0,3.1123552322387695
612,477,2.0,3.1241562366485596
943,391,2.0,2.7993710041046143
655,1466,3.0,2.6683754920959473
486,1302,3.0,3.1946640014648438
340,50,4.0,4.626456260681152
886,1231,3.0,2.4612722396850586
332,291,4.0,4.140687942504883
642,357,2.0,4.718013286590576
328,523,5.0,4.001939296722412
432,405,4.0,3.608215808868408
342,1016,1.0,3.2970545291900635
561,952,3.0,2.662015438079834
387,856,5.0,3.835231304168701
846,1133,2.0,3.200530529022217
69,427,3.0,4.622341156005859
561,679,3.0,2.56704044342041
533,44,4.0,3.193791151046753
374,427,3.0,4.203866004943848
584,108,3.0,3.1314544677734375
858,181,2.0,3.9504518508911133
312,483,5.0,5.041253566741943
181,1346,1.0,1.3597689867019653
869,294,3.0,2.6062259674072266
766,375,2.0,1.9196584224700928
92,672,3.0,2.5586838722229004
622,46,4.0,3.6647369861602783
463,1284,4.0,2.4554057121276855
482,301,4.0,3.2750515937805176
45,278,3.0,3.396787643432617
401,88,4.0,2.8671581745147705
137,546,5.0,3.6378304958343506
38,940,1.0,2.6624393463134766
899,597,2.0,2.915266990661621
69,288,5.0,3.3897485733032227
523,155,4.0,3.729045867919922
574,900,4.0,3.869342088699341
153,64,5.0,3.413294792175293
327,129,4.0,3.3993351459503174
393,323,2.0,3.088862419128418
342,488,5.0,4.17044734954834
610,378,5.0,3.720583915710449
291,95,4.0,4.28812313079834
943,685,4.0,3.3559117317199707
878,517,4.0,3.427870750427246
515,243,3.0,2.207226514816284
406,431,3.0,3.371242046356201
246,369,3.0,2.366891384124756
147,292,5.0,4.012531280517578
21,15,4.0,3.3373968601226807
846,76,4.0,3.654013156890869
908,434,4.0,3.393155336380005
87,2,4.0,3.6329002380371094
126,990,4.0,3.4783105850219727
521,147,4.0,2.9225709438323975
477,739,4.0,4.4412031173706055
593,815,3.0,3.359645366668701
747,82,4.0,4.126023292541504
465,428,3.0,3.354245662689209
56,265,4.0,4.0230536460876465
437,186,3.0,3.891889810562134
627,79,3.0,3.717858076095581
807,118,4.0,3.5779869556427
303,120,2.0,2.2856645584106445
305,15,1.0,3.304643154144287
305,382,5.0,3.384121894836426
5,80,2.0,2.5081329345703125
405,446,1.0,1.6994643211364746
634,137,3.0,3.8373069763183594
425,96,4.0,3.4846408367156982
293,1286,4.0,2.9695591926574707
151,692,3.0,3.9715416431427
934,514,5.0,3.9242119789123535
471,422,5.0,2.3313984870910645
313,655,4.0,3.871288537979126
407,68,4.0,3.2528538703918457
847,602,3.0,3.0661821365356445
662,319,3.0,3.558861494064331
173,984,4.0,3.667736530303955
269,448,2.0,2.825773239135742
416,111,4.0,3.9276959896087646
218,789,3.0,3.3816280364990234
264,1069,5.0,4.030341148376465
268,790,2.0,2.5458526611328125
303,423,4.0,3.919433832168579
529,301,4.0,3.6002018451690674
373,559,3.0,3.303151845932007
311,520,5.0,4.380008697509766
393,196,4.0,3.9096856117248535
387,972,2.0,3.2896220684051514
633,226,4.0,3.0650153160095215
447,866,2.0,3.2659740447998047
506,271,4.0,3.3860886096954346
485,301,2.0,2.698817491531372
782,270,4.0,3.363312244415283
322,196,4.0,4.132616996765137
145,823,3.0,2.9420325756073
846,967,3.0,3.3362159729003906
881,511,5.0,4.169624328613281
146,311,4.0,4.100813388824463
869,310,4.0,2.9968957901000977
244,193,4.0,4.324030876159668
315,230,4.0,3.7238495349884033
749,233,5.0,3.3693935871124268
788,679,2.0,2.807915210723877
758,676,2.0,3.574777603149414
527,129,2.0,3.5937442779541016
619,226,5.0,3.265974521636963
932,211,5.0,4.163546562194824
534,595,4.0,3.653472661972046
293,367,2.0,3.2290496826171875
539,357,4.0,4.466855049133301
279,22,1.0,4.125341415405273
256,233,4.0,3.9376399517059326
625,705,3.0,3.584615707397461
371,746,4.0,3.887744426727295
222,441,2.0,2.5803048610687256
852,289,2.0,3.3642923831939697
301,81,3.0,3.6012020111083984
63,748,4.0,2.7199490070343018
354,321,2.0,3.2770543098449707
343,303,4.0,4.149317264556885
580,1014,3.0,3.1913809776306152
694,203,4.0,4.043426513671875
361,430,5.0,3.9793999195098877
297,690,5.0,3.275566577911377
328,744,4.0,3.466583490371704
896,836,3.0,3.146954298019409
805,470,5.0,3.5387234687805176
807,398,3.0,2.4637832641601562
274,924,3.0,3.8456356525421143
854,249,3.0,2.9541866779327393
256,100,4.0,5.046451568603516
500,1048,3.0,2.8856050968170166
16,125,3.0,4.148754119873047
850,50,5.0,4.924006462097168
214,179,5.0,4.008611679077148
151,1041,3.0,3.4455151557922363
267,127,5.0,4.964442253112793
72,770,4.0,3.348137855529785
107,258,4.0,3.2964563369750977
297,153,5.0,3.6138553619384766
624,1289,3.0,2.1345481872558594
333,513,4.0,4.55727481842041
686,191,5.0,5.01175594329834
486,544,4.0,3.0720043182373047
313,497,4.0,3.9460151195526123
561,582,4.0,2.9992685317993164
270,98,5.0,5.443607330322266
497,840,3.0,2.637808322906494
825,235,3.0,3.2587058544158936
393,1285,3.0,3.2820496559143066
378,665,2.0,2.8678646087646484
378,949,3.0,3.4056291580200195
118,164,5.0,4.507701873779297
387,665,2.0,2.739001750946045
234,45,4.0,3.400433301925659
151,546,2.0,3.2281558513641357
874,311,4.0,3.861257553100586
168,151,5.0,3.649228096008301
629,196,4.0,4.377677917480469
85,530,3.0,3.9852986335754395
224,748,3.0,2.790062665939331
591,1028,3.0,3.0608983039855957
324,331,4.0,4.401103973388672
181,251,1.0,1.8081333637237549
913,151,4.0,3.3344902992248535
293,1057,2.0,2.104466676712036
416,1037,2.0,1.9757328033447266
327,517,2.0,3.510491371154785
407,729,4.0,3.309502363204956
782,313,5.0,4.156632900238037
785,661,3.0,4.095247268676758
256,550,5.0,4.036563396453857
381,133,5.0,4.025808811187744
826,946,3.0,3.533489227294922
650,520,4.0,3.5462520122528076
457,157,5.0,4.265671730041504
399,1179,2.0,1.7848491668701172
682,627,4.0,2.9578871726989746
406,129,5.0,3.655013084411621
70,82,4.0,3.7356760501861572
469,654,4.0,4.856839656829834
254,384,1.0,2.473585605621338
234,97,2.0,3.2249040603637695
416,763,5.0,3.770819902420044
851,1245,4.0,3.577453136444092
373,842,3.0,3.126112937927246
839,111,4.0,3.213383674621582
43,323,3.0,3.1900196075439453
437,281,1.0,3.076401948928833
378,405,3.0,3.3018479347229004
230,739,5.0,3.5440256595611572
671,511,3.0,4.457677841186523
648,127,3.0,4.225198745727539
625,4,4.0,3.220132827758789
566,78,1.0,2.2849009037017822
389,686,3.0,3.7444658279418945
416,452,3.0,3.1852571964263916
612,476,3.0,2.9729976654052734
911,483,3.0,4.436476230621338
269,133,3.0,3.219223737716675
276,765,3.0,2.9303455352783203
273,313,3.0,4.446128845214844
640,302,5.0,5.015720844268799
519,1617,5.0,1.5597730875015259
217,1222,1.0,2.4558510780334473
403,258,4.0,4.0431013107299805
8,341,2.0,3.5701818466186523
234,1121,5.0,3.219876766204834
707,747,3.0,3.371295213699341
663,658,4.0,3.5356452465057373
712,168,2.0,4.327696800231934
453,797,1.0,3.0201144218444824
378,629,5.0,3.373622417449951
712,4,4.0,3.829887866973877
177,98,5.0,4.2547197341918945
91,750,5.0,4.062050819396973
763,230,3.0,3.5486109256744385
454,140,3.0,2.5617072582244873
666,603,4.0,4.237785339355469
346,549,4.0,3.472784996032715
266,325,1.0,2.6053578853607178
44,294,4.0,3.0568764209747314
345,71,3.0,3.9806954860687256
392,249,1.0,3.63765287399292
378,977,3.0,2.7161078453063965
622,284,1.0,3.1630001068115234
71,89,5.0,4.1446638107299805
468,257,4.0,4.026203155517578
660,432,4.0,2.890711545944214
775,329,3.0,3.1686205863952637
39,269,4.0,3.9590981006622314
889,72,3.0,3.0055367946624756
201,288,4.0,2.952765464782715
684,408,5.0,4.543882369995117
824,245,2.0,2.904147148132324
455,269,4.0,3.870457172393799
95,568,4.0,3.6809613704681396
901,142,4.0,3.3285610675811768
85,495,3.0,3.4609286785125732
539,131,4.0,4.103084564208984
379,284,4.0,3.4118635654449463
857,348,1.0,3.4548168182373047
894,536,5.0,3.511241912841797
330,73,5.0,4.2883076667785645
927,928,4.0,3.5736589431762695
870,528,4.0,4.06782341003418
230,633,4.0,4.2022247314453125
592,815,3.0,3.5187878608703613
406,1008,4.0,3.3961265087127686
889,427,4.0,4.102842807769775
655,1012,3.0,2.971818685531616
363,555,1.0,1.7276617288589478
291,82,4.0,4.261660575866699
864,317,4.0,4.279297828674316
89,197,5.0,4.576474189758301
279,176,3.0,3.9251368045806885
201,587,4.0,3.163369655609131
457,744,3.0,4.041167259216309
95,862,1.0,2.1165695190429688
42,736,5.0,4.0859375
486,766,4.0,3.115161180496216
875,511,5.0,4.60883092880249
701,292,4.0,4.0949249267578125
593,1016,4.0,3.498422384262085
1,122,3.0,2.501859188079834
788,12,5.0,3.9240593910217285
339,640,5.0,3.3751907348632812
883,513,5.0,4.67641019821167
823,419,4.0,4.134543418884277
222,476,3.0,2.849808931350708
653,154,3.0,2.7280263900756836
786,528,5.0,4.469107151031494
588,155,5.0,3.368631362915039
13,1,3.0,3.648008346557617
77,1,5.0,3.5781192779541016
130,876,4.0,3.2029640674591064
279,1244,3.0,2.9461283683776855
181,846,3.0,1.3750369548797607
320,89,4.0,4.788097858428955
699,211,1.0,3.5122110843658447
361,466,4.0,3.5834906101226807
229,312,3.0,2.626723051071167
14,474,4.0,4.515901565551758
713,690,1.0,2.799431324005127
292,298,4.0,4.204926490783691
1,120,1.0,2.3034133911132812
312,654,5.0,4.814718723297119
484,14,4.0,4.4760284423828125
344,716,3.0,3.1318788528442383
806,675,3.0,3.808046340942383
625,97,4.0,3.3975932598114014
183,331,3.0,3.1090893745422363
758,496,3.0,4.548891544342041
299,538,3.0,3.241424560546875
356,347,4.0,3.4963645935058594
465,481,4.0,3.4562578201293945
163,286,3.0,3.2072737216949463
144,318,5.0,4.456748008728027
711,162,5.0,3.759533643722534
42,491,3.0,3.9896998405456543
95,405,3.0,3.3575475215911865
158,4,4.0,3.867915153503418
381,493,4.0,4.46080207824707
429,216,4.0,3.8794751167297363
428,242,4.0,4.572854995727539
144,248,4.0,3.5360190868377686
678,111,4.0,3.280871868133545
102,230,2.0,2.708995819091797
436,869,4.0,3.2881531715393066
705,597,4.0,3.208509922027588
934,648,3.0,4.262783527374268
458,517,4.0,3.957667350769043
346,226,3.0,3.1630282402038574
457,470,5.0,4.2234296798706055
830,288,1.0,3.3685755729675293
249,56,5.0,4.475289344787598
774,52,3.0,2.431446075439453
655,914,3.0,2.087843894958496
889,182,4.0,3.8458542823791504
157,235,5.0,3.292705774307251
293,628,3.0,3.1410956382751465
497,395,4.0,2.3058557510375977
682,318,4.0,4.202856063842773
870,713,4.0,3.5088448524475098
221,1067,3.0,3.821871757507324
15,546,2.0,2.5208795070648193
209,16,4.0,2.9753201007843018
435,67,4.0,2.869899272918701
772,678,4.0,3.2584824562072754
299,25,3.0,3.1988525390625
448,305,4.0,3.426873207092285
643,655,4.0,4.022740364074707
234,765,3.0,2.4393210411071777
666,651,5.0,3.916177272796631
276,63,3.0,3.226544141769409
122,553,3.0,3.440694808959961
328,12,5.0,4.203954696655273
1,224,5.0,3.9310812950134277
738,177,4.0,3.8736932277679443
930,113,5.0,2.972036838531494
875,64,5.0,4.68882942199707
380,518,3.0,3.1658096313476562
406,24,3.0,3.2950351238250732
81,269,3.0,3.9087936878204346
863,1024,3.0,3.501188039779663
115,496,1.0,4.357106685638428
537,661,4.0,3.290334463119507
92,576,2.0,2.9569029808044434
642,15,5.0,4.101959705352783
207,1170,2.0,2.855285167694092
868,1509,1.0,1.5373104810714722
305,1,5.0,3.524757146835327
577,208,4.0,4.3347368240356445
798,394,4.0,3.355949878692627
701,311,5.0,4.378540992736816
537,681,1.0,2.058154582977295
435,1039,4.0,3.776948928833008
669,271,2.0,2.787226676940918
450,234,3.0,4.184946537017822
382,475,3.0,3.424032211303711
749,423,4.0,3.954429864883423
405,877,1.0,1.6103159189224243
890,152,4.0,3.757845163345337
305,1485,3.0,2.6409854888916016
495,770,3.0,3.8591501712799072
87,216,5.0,4.368045330047607
10,708,4.0,3.7661147117614746
405,1229,1.0,1.2642731666564941
82,1001,1.0,1.8391330242156982
457,147,5.0,3.8790910243988037
635,13,2.0,3.1840450763702393
42,185,4.0,4.188632965087891
727,550,4.0,3.194459915161133
795,173,4.0,3.721482276916504
189,847,4.0,4.14132833480835
301,186,4.0,3.9023690223693848
291,249,4.0,3.735482931137085
641,124,4.0,4.332139015197754
878,152,4.0,3.2308804988861084
385,378,1.0,3.1775429248809814
788,227,3.0,3.0363996028900146
913,25,3.0,3.0477747917175293
542,959,3.0,3.459317207336426
450,742,4.0,3.9362382888793945
930,257,4.0,3.0419087409973145
716,143,5.0,3.8808701038360596
57,831,1.0,2.644374132156372
829,268,4.0,3.627272129058838
899,474,3.0,4.076526641845703
234,832,2.0,2.0650527477264404
679,42,4.0,3.5859885215759277
515,690,2.0,3.061143159866333
303,535,1.0,3.279923677444458
796,1037,2.0,1.8707623481750488
591,466,3.0,3.7004683017730713
870,789,4.0,3.4375545978546143
792,405,3.0,3.149540662765503
913,474,5.0,3.8699309825897217
437,730,3.0,3.722531318664551
705,588,3.0,3.9380218982696533
236,420,4.0,3.3460655212402344
290,739,3.0,3.1546075344085693
343,931,3.0,2.280393600463867
421,175,2.0,3.8338875770568848
170,984,5.0,3.5183022022247314
429,73,3.0,3.4307701587677
547,289,3.0,3.1366167068481445
682,834,3.0,2.075399875640869
501,591,4.0,4.012408256530762
758,109,3.0,3.943037748336792
892,500,5.0,4.069710731506348
892,121,4.0,3.715691089630127
416,942,4.0,4.007246971130371
246,426,3.0,2.75900936126709
450,79,4.0,4.428095817565918
719,121,1.0,3.013662338256836
405,670,1.0,1.8344457149505615
90,52,5.0,4.4496235847473145
367,234,4.0,4.746408462524414
270,148,4.0,4.008577346801758
287,591,5.0,4.2349772453308105
325,191,3.0,3.988698720932007
405,181,5.0,2.4434814453125
708,763,4.0,3.2756149768829346
381,483,5.0,4.721621036529541
922,579,3.0,2.7971396446228027
734,191,4.0,3.9227335453033447
82,235,1.0,2.6930201053619385
330,63,3.0,3.9261021614074707
144,655,5.0,3.8835368156433105
543,410,3.0,2.9485995769500732
230,570,4.0,3.2815818786621094
838,300,2.0,3.811018705368042
62,815,3.0,3.018634080886841
798,560,3.0,2.596949577331543
504,503,4.0,3.836738348007202
661,86,4.0,4.071474075317383
416,631,3.0,4.083514213562012
804,1060,3.0,3.2160563468933105
26,302,5.0,3.632248878479004
291,1109,4.0,3.761425018310547
458,513,4.0,4.51597261428833
406,747,2.0,3.3374040126800537
174,1313,4.0,3.5369620323181152
749,273,4.0,3.716813564300537
40,754,4.0,2.6744256019592285
421,709,4.0,4.051519870758057
409,937,2.0,3.4098687171936035
429,1079,2.0,2.2560372352600098
399,400,3.0,2.1225666999816895
64,135,4.0,3.876417636871338
788,1183,2.0,2.3028931617736816
751,1140,2.0,2.1320395469665527
872,1284,3.0,2.977688789367676
417,29,2.0,2.579773426055908
91,612,4.0,4.154228210449219
745,168,3.0,3.1548871994018555
831,354,4.0,3.4470510482788086
334,286,4.0,3.426624059677124
545,732,4.0,3.6573128700256348
940,98,4.0,3.9546048641204834
468,1134,5.0,3.6779425144195557
588,72,4.0,3.3823182582855225
251,978,2.0,2.7085494995117188
227,124,4.0,4.127404689788818
751,436,4.0,3.6642658710479736
830,732,5.0,3.695760726928711
660,230,3.0,2.7295570373535156
144,454,3.0,3.1021568775177
431,327,3.0,3.459688425064087
709,1059,5.0,2.7208924293518066
243,28,4.0,3.901740312576294
216,652,4.0,4.08845329284668
655,435,2.0,3.281179428100586
938,106,5.0,2.93285870552063
943,12,5.0,4.414984703063965
18,517,2.0,3.9703664779663086
318,307,3.0,3.750678300857544
372,1090,5.0,3.2513818740844727
30,2,3.0,3.3800623416900635
54,1088,3.0,1.9858295917510986
181,273,1.0,1.7547507286071777
543,86,4.0,3.7133266925811768
195,413,3.0,2.5681345462799072
326,153,4.0,3.314631223678589
519,991,2.0,3.085709810256958
858,289,3.0,3.042975902557373
567,23,4.0,4.240149021148682
499,176,4.0,3.968479871749878
234,389,3.0,2.880922794342041
697,833,3.0,3.5756750106811523
385,98,4.0,3.6527044773101807
263,50,5.0,4.696526527404785
606,79,3.0,4.530630111694336
160,1019,5.0,4.29627799987793
785,496,4.0,4.125543594360352
472,227,5.0,4.202510833740234
72,180,4.0,4.0617475509643555
828,510,3.0,3.4812958240509033
189,313,2.0,4.577583312988281
447,231,2.0,2.8270392417907715
846,601,5.0,4.209132671356201
276,14,4.0,4.142322540283203
234,842,4.0,2.6501381397247314
56,588,4.0,3.9927423000335693
681,304,3.0,3.3906028270721436
276,382,4.0,3.8333168029785156
479,238,4.0,3.713895559310913
704,679,2.0,3.0108468532562256
500,763,3.0,3.1812169551849365
391,604,4.0,4.136409759521484
654,418,4.0,3.58677077293396
199,678,1.0,2.2830841541290283
615,519,5.0,4.244135856628418
73,480,4.0,4.106914520263672
543,23,4.0,4.0083513259887695
495,1182,3.0,2.505061626434326
649,254,4.0,2.5275604724884033
577,655,4.0,4.210810661315918
433,174,5.0,4.1732330322265625
710,510,4.0,3.867159843444824
605,325,2.0,2.7911159992218018
927,228,5.0,4.289048671722412
686,98,5.0,5.038386821746826
267,169,5.0,5.105147361755371
727,257,2.0,3.5727248191833496
630,25,2.0,3.324953556060791
632,475,3.0,3.870049476623535
917,100,4.0,4.267678260803223
573,479,4.0,3.950467586517334
693,222,2.0,2.9652910232543945
75,114,4.0,4.518515586853027
73,269,4.0,3.8044214248657227
5,380,3.0,3.0293025970458984
222,678,3.0,2.6697912216186523
635,301,3.0,3.144542932510376
280,324,5.0,3.272416353225708
741,582,3.0,3.6355509757995605
303,56,5.0,4.309107780456543
650,98,4.0,3.632591724395752
188,69,4.0,3.800978183746338
816,1025,4.0,3.467603921890259
296,22,4.0,4.796275615692139
518,118,5.0,3.3638741970062256
621,40,3.0,3.2824716567993164
435,55,5.0,3.5563805103302
160,50,4.0,4.627169609069824
753,427,5.0,3.9139533042907715
404,343,1.0,3.127678394317627
560,13,3.0,3.3207333087921143
472,250,5.0,4.350576400756836
181,117,2.0,1.903486967086792
592,323,1.0,2.525484561920166
892,649,5.0,3.6403748989105225
798,1239,4.0,2.4270217418670654
49,418,3.0,2.7839226722717285
293,589,4.0,3.7534499168395996
833,515,3.0,3.7795052528381348
530,98,4.0,4.329249382019043
779,275,4.0,4.362555027008057
881,473,2.0,3.046304702758789
707,1176,2.0,3.8062291145324707
95,650,4.0,3.591329336166382
642,186,5.0,4.308265209197998
724,272,5.0,3.0409340858459473
303,79,5.0,4.19728422164917
334,23,4.0,4.04248046875
466,127,3.0,4.097629070281982
478,124,4.0,3.8834900856018066
458,58,5.0,3.652576208114624
348,477,3.0,3.911266803741455
825,174,5.0,4.693752765655518
588,268,5.0,4.03590726852417
82,640,3.0,2.8472354412078857
148,89,5.0,4.140106201171875
316,283,5.0,3.0096914768218994
305,631,3.0,3.3086564540863037
18,65,5.0,3.6282546520233154
397,210,4.0,4.1179890632629395
537,81,3.0,2.914562225341797
348,368,3.0,2.0989990234375
642,1503,2.0,3.3351387977600098
503,488,5.0,4.524580001831055
482,249,2.0,3.058073043823242
536,73,4.0,3.615732431411743
4,361,5.0,4.369718551635742
18,317,5.0,4.028498649597168
673,898,3.0,3.3265156745910645
402,135,4.0,4.282198905944824
829,213,4.0,3.853107452392578
308,5,4.0,3.300196409225464
628,294,4.0,4.094365119934082
254,1469,3.0,2.796283006668091
526,544,1.0,3.1129865646362305
13,843,5.0,2.892148971557617
468,124,5.0,4.530450344085693
70,423,5.0,3.7735073566436768
405,1530,1.0,1.3562493324279785
267,81,4.0,4.148305892944336
903,100,5.0,4.344263076782227
617,604,2.0,3.028930187225342
451,938,4.0,2.2740540504455566
454,15,2.0,3.00842022895813
152,1054,1.0,2.9394431114196777
699,298,4.0,3.427795171737671
233,143,4.0,4.169185638427734
380,1116,4.0,2.7557504177093506
269,211,4.0,3.273259162902832
92,56,5.0,3.9480230808258057
95,420,4.0,3.577988386154175
630,118,4.0,3.114114761352539
899,428,4.0,3.7527449131011963
454,385,3.0,2.8727166652679443
116,11,5.0,3.3395376205444336
406,174,4.0,4.082050323486328
445,628,1.0,2.1708288192749023
279,843,4.0,2.980645179748535
313,768,3.0,2.9652392864227295
801,313,5.0,5.751901626586914
8,243,2.0,2.335330009460449
405,1522,1.0,1.5975009202957153
243,125,3.0,3.544154405593872
910,252,2.0,2.5370349884033203
603,229,4.0,3.08620285987854
378,126,4.0,3.8453822135925293
130,546,4.0,3.642606496810913
234,286,3.0,3.06343674659729
235,1149,4.0,4.134485721588135
867,657,5.0,4.726347923278809
478,393,4.0,3.100950241088867
280,1313,5.0,3.3470404148101807
370,199,4.0,4.030255317687988
70,186,4.0,3.8629488945007324
426,199,5.0,4.23394250869751
528,402,4.0,3.638164758682251
932,47,4.0,3.7774550914764404
87,491,5.0,4.2932257652282715
506,231,3.0,2.874316692352295
201,209,3.0,3.436194658279419
851,31,4.0,3.987215518951416
348,472,4.0,3.7644355297088623
211,9,3.0,3.1670947074890137
569,756,3.0,2.8000874519348145
546,860,4.0,2.877596378326416
256,1042,5.0,3.876976490020752
334,28,3.0,3.717982530593872
663,895,4.0,3.1810455322265625
399,180,3.0,3.450531482696533
460,294,2.0,2.974745512008667
896,19,2.0,3.484034776687622
451,286,1.0,3.1691644191741943
64,188,4.0,3.5720226764678955
299,52,4.0,3.7204580307006836
405,423,5.0,2.2457337379455566
469,173,4.0,4.648589134216309
655,786,2.0,2.505314826965332
297,218,3.0,3.404531240463257
701,344,3.0,4.384042739868164
724,682,1.0,2.3154854774475098
435,578,5.0,3.11175274848938
59,611,3.0,4.624996662139893
198,385,3.0,3.2164881229400635
458,288,3.0,3.422996759414673
684,265,4.0,3.784313201904297
867,1159,5.0,3.643946647644043
487,1244,2.0,3.227231502532959
875,334,4.0,3.5567355155944824
885,451,2.0,3.138964891433716
450,1521,3.0,3.030263662338257
885,428,4.0,3.6169354915618896
618,763,2.0,3.1087100505828857
304,742,3.0,3.5167884826660156
903,4,4.0,3.773873805999756
709,568,4.0,3.7287704944610596
798,1249,4.0,2.8403687477111816
747,1456,3.0,3.9990909099578857
291,238,5.0,4.379373550415039
671,405,3.0,3.4816014766693115
886,265,4.0,3.69561767578125
405,1562,1.0,0.6288611888885498
807,422,4.0,2.8954970836639404
328,606,3.0,4.00576114654541
790,4,3.0,3.3589582443237305
796,880,3.0,3.1966922283172607
308,201,5.0,3.5806453227996826
291,1067,4.0,4.272125244140625
422,760,3.0,2.8951754570007324
776,219,3.0,3.267932176589966
453,693,5.0,3.546839714050293
459,358,2.0,2.6904826164245605
59,403,5.0,3.7789740562438965
189,28,4.0,4.186923980712891
833,508,5.0,3.104290008544922
479,1244,3.0,2.8576369285583496
234,746,2.0,3.136092185974121
308,241,4.0,3.624364137649536
62,24,4.0,3.188716173171997
92,368,1.0,1.6592984199523926
563,301,4.0,3.564885139465332
638,472,3.0,2.80002498626709
916,212,5.0,3.19073224067688
396,471,4.0,3.736508369445801
193,693,4.0,3.556328058242798
76,24,2.0,3.409437894821167
865,676,2.0,2.536607027053833
352,431,2.0,3.450605869293213
887,65,5.0,4.033272743225098
293,588,3.0,3.4654428958892822
337,121,5.0,3.7104644775390625
805,708,3.0,3.346773147583008
618,1048,3.0,2.7983431816101074
60,97,3.0,4.0782670974731445
346,241,4.0,3.4004461765289307
659,675,4.0,3.7584969997406006
846,780,4.0,3.219224214553833
753,504,3.0,3.576207160949707
1,72,4.0,3.227651596069336
392,286,2.0,4.011920928955078
148,189,4.0,4.14277458190918
166,315,3.0,4.291061878204346
814,17,3.0,2.8344480991363525
801,890,2.0,2.64801287651062
807,186,4.0,4.304211616516113
689,358,4.0,2.750117778778076
787,307,4.0,3.439380645751953
295,105,4.0,2.9465456008911133
193,127,5.0,4.258610725402832
163,97,4.0,3.2636678218841553
916,559,3.0,3.097461223602295
10,484,5.0,4.774389266967773
610,70,4.0,3.5652241706848145
222,216,4.0,3.6520650386810303
633,322,3.0,3.01491117477417
872,273,3.0,3.730076551437378
524,216,5.0,3.6753196716308594
539,481,4.0,4.212839126586914
288,190,1.0,4.274909019470215
532,135,3.0,4.862256050109863
145,591,4.0,3.827824115753174
921,1287,1.0,1.2564014196395874
161,1117,3.0,2.0544533729553223
758,616,4.0,3.999922752380371
389,518,4.0,3.9461746215820312
85,203,5.0,3.568798542022705
321,507,3.0,3.635197162628174
181,1252,1.0,1.5622608661651611
49,557,3.0,2.807042121887207
763,47,3.0,3.611543655395508
380,483,4.0,3.764739513397217
514,228,5.0,3.993833065032959
556,988,1.0,2.3664584159851074
665,105,2.0,2.432642936706543
847,174,4.0,3.4924025535583496
487,462,2.0,4.071366786956787
291,581,5.0,3.623718023300171
620,755,5.0,3.8005266189575195
674,304,3.0,3.6815686225891113
754,359,3.0,3.4038641452789307
194,50,3.0,3.8079309463500977
381,526,4.0,4.10874080657959
347,356,5.0,3.3035659790039062
454,879,4.0,2.893460273742676
825,984,5.0,3.1827895641326904
223,309,4.0,2.642793893814087
450,381,2.0,3.85933518409729
535,300,3.0,3.519726514816284
782,1379,3.0,2.7041425704956055
711,248,5.0,3.6697633266448975
165,202,4.0,3.925426721572876
293,1421,2.0,2.9559733867645264
532,815,4.0,3.9623804092407227
299,378,3.0,3.5200154781341553
682,742,3.0,3.3899924755096436
83,993,2.0,3.7945454120635986
681,898,4.0,3.096263885498047
592,15,5.0,3.876310348510742
535,121,4.0,3.4866294860839844
204,1,2.0,3.7317919731140137
381,724,3.0,3.6880741119384766
618,135,4.0,3.6970582008361816
643,845,3.0,3.4723458290100098
488,678,2.0,2.4488260746002197
452,52,3.0,3.549032211303711
240,349,1.0,3.4357213973999023
732,286,5.0,3.859440803527832
468,955,4.0,3.7975034713745117
656,316,3.0,3.116675853729248
313,98,4.0,4.246003150939941
262,44,2.0,3.0846173763275146
216,405,3.0,3.459163188934326
305,1286,5.0,3.018716335296631
901,259,2.0,2.9623165130615234
6,459,2.0,3.6295299530029297
259,117,4.0,3.941157817840576
92,674,4.0,2.9577579498291016
271,705,4.0,3.8811755180358887
442,239,3.0,3.3200747966766357
223,477,3.0,2.9902806282043457
6,405,1.0,2.991241455078125
922,77,4.0,3.2767179012298584
269,64,4.0,3.6579606533050537
347,392,2.0,3.643176317214966
882,180,4.0,4.594264507293701
450,92,4.0,3.9613733291625977
659,186,3.0,3.988953113555908
629,504,4.0,4.4524030685424805
519,908,5.0,3.1736085414886475
308,419,4.0,3.849503517150879
409,170,4.0,4.069937705993652
356,315,4.0,4.149275302886963
239,195,5.0,4.231809616088867
919,270,4.0,3.6643853187561035
293,732,3.0,3.3169970512390137
343,83,4.0,4.465900421142578
648,168,5.0,3.9437503814697266
450,608,4.0,4.303614616394043
847,756,1.0,2.331252336502075
21,291,3.0,3.0616538524627686
880,12,5.0,4.55166482925415
234,136,4.0,3.4986584186553955
405,168,1.0,2.4741976261138916
402,471,4.0,3.713136911392212
500,10,3.0,3.711198329925537
694,632,4.0,4.233053684234619
202,179,1.0,2.9351863861083984
405,171,1.0,2.3592185974121094
735,100,2.0,3.783547878265381
595,273,3.0,3.566063642501831
660,281,3.0,2.396000623703003
933,219,1.0,2.664884090423584
422,181,4.0,4.0550360679626465
829,124,4.0,4.005602836608887
862,515,4.0,5.176756381988525
59,1050,2.0,3.9015698432922363
889,223,4.0,4.026126861572266
7,357,5.0,4.957246780395508
1,183,5.0,4.146238327026367
716,197,5.0,4.3130879402160645
150,288,4.0,3.662449359893799
551,230,5.0,3.82088303565979
60,8,3.0,4.240650653839111
382,717,3.0,2.448287010192871
594,15,4.0,3.2047417163848877
279,96,4.0,3.894752264022827
184,478,4.0,4.037639141082764
554,238,3.0,3.8822100162506104
523,210,5.0,4.654510498046875
234,285,4.0,3.629312515258789
592,70,4.0,3.98710298538208
815,655,3.0,4.033814907073975
567,194,3.0,4.0686492919921875
393,363,3.0,2.88004732131958
705,1544,4.0,0.7597286105155945
790,213,3.0,3.699970245361328
276,325,3.0,2.8428597450256348
117,588,3.0,4.355894088745117
375,233,4.0,3.2969632148742676
43,336,4.0,2.822788715362549
153,22,2.0,3.332594156265259
869,126,2.0,3.2715859413146973
401,477,1.0,2.6306955814361572
266,289,3.0,2.8342971801757812
235,135,4.0,4.000690460205078
585,1347,2.0,2.896304130554199
724,327,4.0,2.4942946434020996
287,168,5.0,4.693953990936279
366,436,5.0,4.582348823547363
70,398,2.0,2.1763482093811035
231,151,1.0,3.974260091781616
293,303,4.0,3.3817543983459473
756,919,5.0,3.4011683464050293
271,44,4.0,3.2831649780273438
711,380,3.0,3.420942783355713
75,427,4.0,4.480832099914551
793,458,3.0,3.3066940307617188
595,676,2.0,3.2884836196899414
747,1067,2.0,4.16676664352417
587,353,2.0,2.226698398590088
766,194,3.0,3.768159866333008
746,566,4.0,3.625908851623535
373,210,5.0,4.002480506896973
435,1028,2.0,2.8996825218200684
682,87,5.0,3.723849296569824
181,264,2.0,1.5877175331115723
682,1225,4.0,2.4604740142822266
87,21,3.0,3.1509313583374023
354,387,4.0,3.421811103820801
12,318,5.0,5.0057830810546875
308,428,5.0,4.008000373840332
885,213,3.0,3.7062673568725586
201,150,4.0,3.329172372817993
354,25,2.0,3.4474244117736816
389,208,5.0,4.174637794494629
751,419,4.0,3.758477210998535
751,739,3.0,3.287893533706665
927,1415,4.0,2.498080253601074
765,15,2.0,3.9777328968048096
83,71,3.0,4.191490173339844
193,82,2.0,3.673201560974121
619,181,4.0,3.950625419616699
332,1315,2.0,4.250665664672852
307,483,5.0,4.67274808883667
663,588,4.0,3.878894329071045
339,9,5.0,4.038501739501953
184,568,2.0,3.5556161403656006
483,257,2.0,3.2953879833221436
254,418,3.0,3.2098753452301025
142,362,3.0,3.133326292037964
839,7,2.0,3.4896578788757324
537,705,3.0,3.1843392848968506
293,22,3.0,3.8952279090881348
584,423,4.0,3.693913221359253
393,477,3.0,3.219788074493408
488,493,3.0,3.8226592540740967
406,652,2.0,3.720470666885376
95,742,4.0,3.6181788444519043
773,29,2.0,2.4045498371124268
435,4,4.0,3.450563430786133
397,95,4.0,3.947650671005249
892,480,4.0,4.689417839050293
804,39,2.0,3.4855244159698486
661,427,4.0,4.469579696655273
385,961,4.0,3.2314772605895996
588,73,3.0,3.6726701259613037
145,1215,2.0,1.9796245098114014
933,193,4.0,3.231013774871826
40,333,4.0,2.855194330215454
125,153,2.0,3.850213050842285
704,289,3.0,2.963404417037964
334,500,3.0,3.562558889389038
10,505,4.0,4.425167083740234
450,619,3.0,3.622616767883301
285,198,5.0,3.9950382709503174
661,209,4.0,4.0661821365356445
440,57,5.0,4.991822242736816
380,480,4.0,3.5973899364471436
661,170,4.0,4.296117305755615
774,554,1.0,1.834537386894226
870,802,3.0,2.661447763442993
697,129,5.0,4.362124443054199
13,413,1.0,2.433645725250244
618,151,3.0,3.4190220832824707
864,794,3.0,3.829230546951294
4,288,4.0,4.315598964691162
757,399,3.0,3.0514934062957764
109,122,2.0,2.424433946609497
312,97,5.0,4.238533020019531
921,932,3.0,2.6890416145324707
532,125,5.0,4.327609062194824
239,96,5.0,4.211016654968262
795,72,3.0,2.816241502761841
94,1032,2.0,3.0797383785247803
431,286,4.0,3.570247173309326
59,111,4.0,3.7463157176971436
344,235,3.0,3.001709222793579
499,295,2.0,3.4881999492645264
416,972,4.0,3.853032350540161
222,198,4.0,3.844587802886963
423,898,4.0,3.1421380043029785
152,25,3.0,4.279205322265625
59,429,4.0,4.284117698669434
405,525,1.0,2.46330189704895
387,222,4.0,3.3769304752349854
286,85,5.0,3.2942724227905273
642,133,5.0,4.24018669128418
910,125,3.0,3.0829334259033203
807,748,4.0,3.513540506362915
293,222,3.0,3.1762032508850098
445,1378,2.0,1.4963674545288086
334,527,3.0,3.9127004146575928
276,1081,3.0,3.355750322341919
296,652,4.0,4.298137664794922
795,771,3.0,2.2965517044067383
661,756,3.0,2.8343515396118164
632,100,3.0,4.125218868255615
682,1220,4.0,3.239525079727173
152,284,5.0,3.9180774688720703
736,254,1.0,2.0834410190582275
484,315,3.0,4.6010541915893555
73,59,5.0,3.8727259635925293
393,684,4.0,3.713094472885132
397,498,4.0,4.476012229919434
601,21,3.0,2.380053997039795
887,279,5.0,3.7527379989624023
195,651,5.0,4.017217636108398
250,340,4.0,3.893637180328369
835,237,4.0,3.9577295780181885
340,15,5.0,3.921811819076538
530,357,5.0,4.374564170837402
707,221,4.0,3.733872175216675
918,133,1.0,3.2823050022125244
85,194,4.0,3.8483331203460693
503,97,4.0,3.995229721069336
848,739,5.0,3.576829433441162
847,109,5.0,2.922449827194214
286,237,2.0,3.9792768955230713
244,815,4.0,3.5337164402008057
325,176,3.0,3.771933078765869
180,235,4.0,3.113412618637085
848,755,5.0,3.6332881450653076
889,575,3.0,2.4104459285736084
416,1262,5.0,3.600024938583374
301,227,3.0,3.296201467514038
648,208,5.0,3.9081010818481445
843,298,2.0,2.8467583656311035
58,1069,2.0,3.4972522258758545
758,1019,4.0,4.434967041015625
644,328,4.0,4.301787853240967
650,494,3.0,3.4797849655151367
26,100,5.0,3.591247797012329
610,195,3.0,3.9429309368133545
60,502,4.0,4.084131240844727
316,100,4.0,3.375437021255493
299,235,1.0,2.838019609451294
59,588,2.0,4.145812034606934
409,680,1.0,2.4452872276306152
255,879,3.0,2.6485042572021484
293,29,1.0,2.315352439880371
551,979,4.0,3.7201755046844482
500,729,4.0,3.3415184020996094
756,421,4.0,3.173215389251709
660,95,2.0,2.9518024921417236
151,482,4.0,4.460988521575928
757,658,2.0,3.3213682174682617
204,242,5.0,3.979360342025757
868,89,4.0,3.615865707397461
233,47,5.0,3.960975408554077
253,79,5.0,4.323406219482422
49,313,3.0,3.2769572734832764
672,1023,2.0,2.3315858840942383
566,386,1.0,2.663005828857422
26,405,2.0,2.875408172607422
125,258,5.0,3.8574585914611816
151,238,5.0,4.208069801330566
425,670,3.0,2.6719002723693848
327,288,4.0,2.957557201385498
894,275,4.0,3.9563357830047607
698,427,1.0,3.156672716140747
60,661,4.0,4.446394920349121
786,179,4.0,4.088693141937256
12,300,4.0,3.900120973587036
775,286,4.0,3.5247466564178467
293,51,3.0,3.1791093349456787
429,162,4.0,3.646512508392334
437,218,2.0,3.5632617473602295
398,603,4.0,4.231813907623291
742,284,3.0,3.0638506412506104
503,174,5.0,4.477299213409424
181,275,3.0,1.805334448814392
479,472,1.0,2.8674306869506836
89,26,3.0,3.8563475608825684
870,100,4.0,3.98260235786438
864,12,5.0,4.643900394439697
821,707,5.0,4.753540515899658
407,147,4.0,3.2147715091705322
298,153,3.0,4.041177749633789
221,1210,3.0,2.8458611965179443
506,380,4.0,3.4689040184020996
593,40,1.0,3.188976287841797
243,13,4.0,3.41264271736145
104,124,2.0,3.215494394302368
188,164,4.0,3.638162612915039
755,301,3.0,3.1252453327178955
561,651,3.0,3.3322606086730957
752,302,5.0,3.8090734481811523
92,831,2.0,2.3895304203033447
882,25,2.0,3.8889241218566895
65,294,4.0,3.2185637950897217
5,94,3.0,2.8145251274108887
70,128,4.0,3.412482500076294
403,472,4.0,3.2262191772460938
844,241,4.0,3.366710901260376
128,280,1.0,3.2627995014190674
92,363,3.0,2.682758092880249
45,473,3.0,3.4265711307525635
1,190,5.0,4.428315162658691
660,392,2.0,2.767879009246826
939,409,4.0,4.170928955078125
411,1475,3.0,2.871842861175537
757,64,5.0,4.220816612243652
537,208,4.0,3.214067220687866
13,838,1.0,2.552698850631714
268,840,2.0,2.456303596496582
608,478,3.0,4.0337629318237305
523,874,4.0,3.9850096702575684
411,79,4.0,3.9494409561157227
804,322,5.0,3.415093183517456
47,874,3.0,3.5161900520324707
758,506,3.0,4.280569076538086
658,182,5.0,3.955204486846924
911,584,3.0,3.4632909297943115
899,663,4.0,3.762892007827759
704,661,4.0,4.086483955383301
727,596,4.0,3.26798152923584
624,1028,3.0,3.20416259765625
699,98,4.0,3.850027084350586
30,531,5.0,4.231538772583008
686,542,1.0,3.0021934509277344
839,532,3.0,3.2162575721740723
639,750,2.0,3.031726360321045
592,619,1.0,3.5450785160064697
614,1,5.0,3.691946268081665
831,28,3.0,3.9519426822662354
570,268,3.0,3.048661231994629
435,386,4.0,2.730853796005249
595,508,5.0,3.5666415691375732
387,641,5.0,4.164477825164795
476,1118,3.0,3.2943274974823
472,796,4.0,3.9025425910949707
584,161,4.0,3.3290038108825684
548,50,5.0,4.655961036682129
181,1340,1.0,0.6300705075263977
663,1067,3.0,3.8505334854125977
344,124,5.0,4.265355110168457
393,123,4.0,3.2333550453186035
716,620,3.0,3.2267262935638428
195,67,2.0,2.959468126296997
94,380,3.0,3.5163021087646484
130,24,5.0,4.131587982177734
654,431,4.0,3.533231735229492
727,840,2.0,2.6718456745147705
328,646,3.0,4.053858280181885
739,498,4.0,3.752326250076294
606,228,5.0,4.2699384689331055
491,654,5.0,4.273131847381592
527,507,5.0,3.622483015060425
467,7,5.0,3.901421546936035
903,187,5.0,4.377617835998535
859,288,4.0,3.7949776649475098
429,66,2.0,3.5044445991516113
592,408,5.0,5.151341438293457
224,949,3.0,2.946159839630127
781,302,5.0,4.174735069274902
466,550,3.0,3.125908851623535
684,50,4.0,4.319736957550049
402,25,4.0,3.6712448596954346
580,271,5.0,3.433933734893799
708,222,5.0,3.5976855754852295
59,258,3.0,4.0843377113342285
10,663,3.0,4.336994171142578
381,228,4.0,3.960420608520508
391,705,5.0,4.007629871368408
749,571,3.0,2.6229546070098877
378,173,5.0,4.174281120300293
406,238,2.0,3.7296142578125
102,5,3.0,2.4858195781707764
659,762,3.0,3.5304791927337646
707,962,2.0,3.329836130142212
370,523,3.0,3.8571784496307373
921,132,3.0,3.7240407466888428
537,732,3.0,2.8712735176086426
853,264,3.0,2.5171611309051514
234,87,3.0,3.382371187210083
303,100,5.0,4.3283371925354
672,1061,4.0,2.7264060974121094
934,254,4.0,2.445631742477417
275,96,3.0,3.5336101055145264
776,187,4.0,4.084175109863281
628,326,5.0,4.2573113441467285
62,742,2.0,3.266712188720703
397,183,4.0,4.233135223388672
420,251,5.0,4.507406234741211
217,403,5.0,3.0277810096740723
305,7,4.0,3.4665801525115967
911,191,5.0,4.169730186462402
846,185,5.0,4.275795936584473
152,845,3.0,4.274534225463867
588,227,3.0,3.51580548286438
311,941,4.0,3.2379307746887207
230,240,1.0,2.9463038444519043
53,845,3.0,3.635161876678467
913,613,5.0,3.642859697341919
551,658,5.0,3.7784311771392822
506,514,5.0,4.044144153594971
339,939,4.0,3.8341047763824463
59,216,4.0,4.232684135437012
747,40,2.0,3.404876708984375
54,7,4.0,4.050495624542236
286,425,2.0,4.19388484954834
900,696,2.0,2.2600979804992676
498,933,3.0,2.3450522422790527
399,450,2.0,2.210935592651367
796,86,5.0,4.0358734130859375
843,82,3.0,2.8425400257110596
545,161,4.0,3.432783365249634
721,942,4.0,3.6326186656951904
144,66,4.0,3.483670949935913
509,326,4.0,2.595734119415283
293,235,3.0,2.699415683746338
85,416,3.0,3.2471349239349365
38,406,2.0,3.045125722885132
717,995,5.0,3.5915145874023438
561,505,4.0,3.2980003356933594
786,7,5.0,3.9415385723114014
894,886,3.0,3.1963417530059814
587,350,3.0,3.156742811203003
13,21,3.0,2.653392791748047
828,313,3.0,3.7194745540618896
291,202,4.0,4.252999305725098
804,10,4.0,4.095432281494141
110,366,3.0,3.222346544265747
125,482,1.0,4.1327924728393555
128,451,4.0,3.4334604740142822
840,202,5.0,4.029989719390869
202,423,3.0,2.8552846908569336
807,520,5.0,4.646730899810791
445,994,1.0,1.74253249168396
416,176,4.0,4.544544696807861
406,492,4.0,3.644216775894165
236,523,2.0,3.8867604732513428
843,135,5.0,2.9861509799957275
535,1045,4.0,3.302729606628418
276,184,4.0,3.596839666366577
11,180,2.0,3.9045300483703613
682,991,2.0,2.262275218963623
535,521,5.0,4.021188259124756
682,722,4.0,2.656034231185913
758,200,5.0,4.263034820556641
272,11,4.0,4.259012222290039
6,192,4.0,3.888260841369629
881,215,3.0,3.550657272338867
536,117,4.0,3.934359550476074
500,1166,4.0,3.0564236640930176
122,1268,2.0,3.995406150817871
567,1019,5.0,4.024423122406006
144,410,3.0,3.0688228607177734
119,257,4.0,4.289155960083008
181,369,3.0,1.3720133304595947
262,358,3.0,2.3792591094970703
916,806,4.0,3.313326597213745
942,435,5.0,4.46932315826416
561,735,3.0,3.135014533996582
200,1139,3.0,3.4065518379211426
308,567,4.0,2.853163003921509
267,67,3.0,3.370462656021118
275,625,2.0,2.957777738571167
763,22,4.0,4.37869930267334
868,498,3.0,3.617814540863037
222,94,3.0,2.9836103916168213
831,64,5.0,4.449863433837891
551,96,5.0,4.388440132141113
658,86,4.0,3.9075682163238525
689,258,5.0,4.008793830871582
110,651,4.0,3.8252577781677246
234,14,3.0,3.356018304824829
823,69,5.0,4.099001884460449
181,237,5.0,1.8243086338043213
198,684,3.0,3.324601888656616
102,447,4.0,2.7152950763702393
660,7,3.0,2.971498489379883
921,411,2.0,2.684429168701172
445,829,1.0,1.721095085144043
498,1103,4.0,3.431215763092041
790,570,2.0,2.8939547538757324
250,993,5.0,3.860018014907837
186,322,5.0,3.2042481899261475
344,647,4.0,4.424370288848877
144,760,2.0,2.8194491863250732
346,245,4.0,2.9693782329559326
94,586,1.0,2.8021676540374756
336,238,3.0,3.6610710620880127
18,863,3.0,3.9733669757843018
655,98,4.0,3.543966770172119
934,614,3.0,3.8849716186523438
373,1066,4.0,3.2401177883148193
302,301,4.0,2.3401222229003906
541,234,5.0,4.065489292144775
862,478,4.0,4.8560709953308105
320,554,4.0,3.3346569538116455
90,83,5.0,4.597336292266846
94,1217,3.0,3.0991945266723633
407,250,4.0,3.237095832824707
151,559,2.0,3.541659116744995
118,816,3.0,3.1867408752441406
552,252,2.0,2.810872793197632
715,22,4.0,4.240025520324707
16,642,5.0,3.9841537475585938
629,566,5.0,3.984286308288574
332,95,5.0,4.723641395568848
184,9,5.0,3.668260097503662
387,156,5.0,3.7315919399261475
727,552,2.0,2.7461812496185303
716,81,4.0,3.793755054473877
474,448,5.0,3.6341514587402344
698,498,4.0,3.0726258754730225
699,596,3.0,3.1432015895843506
399,62,3.0,2.787503242492676
303,77,4.0,3.4247796535491943
832,260,3.0,2.3706023693084717
425,841,1.0,2.3712196350097656
417,465,4.0,3.4206714630126953
661,219,2.0,3.4151830673217773
497,169,4.0,4.140793800354004
293,239,3.0,3.3124101161956787
883,59,5.0,4.2489728927612305
537,151,2.0,2.922813653945923
711,70,5.0,3.671544313430786
642,165,4.0,4.598738670349121
527,91,2.0,3.4486637115478516
840,657,5.0,4.59841775894165
217,258,1.0,3.3441715240478516
758,96,5.0,4.367369651794434
718,841,4.0,2.9277002811431885
867,197,4.0,4.537654399871826
846,506,3.0,4.057249069213867
308,521,3.0,4.042071342468262
843,582,2.0,2.729975938796997
924,1,5.0,3.844667911529541
417,588,3.0,3.700301170349121
111,269,5.0,3.8855628967285156
459,301,2.0,3.375377655029297
661,357,4.0,4.474924087524414
358,65,4.0,3.2987496852874756
420,127,5.0,4.545438766479492
687,749,4.0,3.339869260787964
767,1068,4.0,3.8824141025543213
917,328,2.0,3.3562426567077637
568,56,4.0,3.34376859664917
435,781,3.0,3.1736690998077393
921,280,3.0,2.9604880809783936
798,1183,1.0,2.417903423309326
880,1000,3.0,3.0837836265563965
786,200,5.0,4.02046012878418
699,111,3.0,3.1821722984313965
64,1139,1.0,2.689570426940918
435,541,4.0,2.7613773345947266
442,89,4.0,3.803534746170044
583,12,5.0,4.750300407409668
405,1111,1.0,2.2059035301208496
886,228,4.0,3.690000057220459
749,158,3.0,2.657170057296753
181,884,1.0,1.5685962438583374
293,213,3.0,3.6732614040374756
784,299,3.0,3.002593994140625
885,169,5.0,4.134404182434082
320,4,3.0,4.149086952209473
682,808,4.0,2.785714626312256
233,117,3.0,4.222644805908203
343,471,4.0,3.7453553676605225
360,83,4.0,4.192903518676758
894,1403,3.0,2.452648162841797
346,31,4.0,3.539700746536255
256,597,4.0,3.743910312652588
472,392,4.0,4.5422282218933105
807,101,4.0,3.6971755027770996
561,156,4.0,3.209929943084717
59,48,5.0,4.486559867858887
126,350,2.0,3.498729944229126
484,393,1.0,3.7718472480773926
207,9,4.0,3.362569808959961
629,50,5.0,4.914483547210693
498,1083,3.0,2.0734705924987793
654,81,2.0,3.6463589668273926
758,168,5.0,4.486926078796387
592,988,1.0,2.2312281131744385
408,1296,4.0,3.524834632873535
294,120,2.0,2.474656581878662
498,262,2.0,3.265129566192627
911,87,5.0,3.9440646171569824
509,266,1.0,2.096543788909912
627,684,4.0,3.396641254425049
682,192,3.0,3.8983333110809326
345,1,3.0,3.9652903079986572
10,418,4.0,3.941816568374634
251,300,4.0,3.6580018997192383
762,955,5.0,2.720632553100586
62,715,2.0,3.1164042949676514
722,118,4.0,3.470370292663574
561,544,2.0,2.6454074382781982
249,58,5.0,3.9835541248321533
91,651,5.0,4.161901473999023
222,735,5.0,3.557852268218994
158,798,4.0,2.6195719242095947
868,64,5.0,3.781304359436035
417,42,4.0,3.6692280769348145
592,1012,5.0,4.012543678283691
577,62,3.0,3.4388606548309326
219,568,1.0,3.7131426334381104
82,79,3.0,3.6745548248291016
486,696,3.0,3.0053915977478027
385,2,3.0,2.754746437072754
804,1285,2.0,3.438382863998413
184,528,5.0,4.176043510437012
144,33,5.0,3.4674007892608643
57,248,5.0,3.822483777999878
172,612,3.0,3.3180503845214844
263,177,4.0,4.233666896820068
900,471,2.0,2.4728329181671143
437,204,5.0,3.915156841278076
89,277,4.0,3.9440131187438965
452,504,2.0,3.6081831455230713
92,155,2.0,2.9700379371643066
106,692,3.0,3.665055990219116
503,293,4.0,4.01737642288208
126,262,4.0,3.7133076190948486
890,423,5.0,3.8713388442993164
222,385,4.0,3.40604567527771
374,818,3.0,2.7968404293060303
650,502,3.0,3.218454599380493
210,969,4.0,4.3225202560424805
392,297,4.0,4.47124719619751
699,9,2.0,3.4038662910461426
846,65,3.0,3.7078182697296143
378,220,2.0,3.3069920539855957
368,396,2.0,2.879896640777588
387,385,3.0,3.405372381210327
417,386,3.0,2.772733211517334
576,137,3.0,3.7848198413848877
455,14,3.0,3.795804023742676
442,168,4.0,3.709284543991089
907,284,5.0,4.089427947998047
729,683,2.0,2.170558452606201
64,153,3.0,3.679760217666626
154,480,5.0,4.540171146392822
450,481,5.0,4.416876792907715
851,252,3.0,3.1936750411987305
222,7,5.0,3.5780725479125977
632,739,3.0,3.2811944484710693
788,739,2.0,3.077603816986084
710,874,3.0,3.197984457015991
705,566,4.0,3.7319188117980957
860,381,3.0,3.253286123275757
643,172,5.0,4.378970623016357
601,191,4.0,3.6171374320983887
409,283,4.0,3.5677881240844727
850,88,5.0,3.9784436225891113
703,50,5.0,4.58280611038208
436,172,3.0,4.611180782318115
63,302,3.0,3.6764960289001465
488,89,4.0,3.722900629043579
104,246,3.0,3.034045934677124
194,466,4.0,3.1582186222076416
367,774,4.0,3.8032803535461426
592,109,4.0,4.025510311126709
543,443,4.0,3.6956968307495117
250,204,2.0,4.2692060470581055
826,426,2.0,3.5027499198913574
496,38,2.0,2.4234774112701416
697,886,5.0,3.6596262454986572
749,136,5.0,4.286204814910889
773,185,4.0,3.7153773307800293
565,212,5.0,3.971085548400879
379,131,5.0,4.345666408538818
749,72,3.0,3.2862672805786133
100,313,5.0,3.9721434116363525
686,182,5.0,4.692006587982178
487,431,3.0,3.783848762512207
345,473,2.0,3.2652103900909424
648,596,3.0,3.306192398071289
271,477,3.0,3.067706823348999
613,50,5.0,4.802393436431885
894,293,4.0,3.7903857231140137
385,511,4.0,3.677313804626465
13,145,2.0,2.4619603157043457
738,919,4.0,3.718583106994629
222,1267,3.0,2.8995187282562256
495,498,3.0,4.922060012817383
186,356,5.0,3.32985258102417
150,278,2.0,3.3718602657318115
676,258,2.0,3.882153034210205
149,302,4.0,3.4521913528442383
918,520,3.0,3.562810182571411
450,366,3.0,3.710393190383911
894,198,4.0,4.0605573654174805
823,181,4.0,4.349257469177246
540,591,3.0,3.836437940597534
911,143,5.0,3.618730306625366
196,762,3.0,3.453094482421875
910,205,4.0,3.4482996463775635
79,303,4.0,4.099180221557617
382,127,3.0,3.7851128578186035
711,95,4.0,3.8938353061676025
280,8,5.0,4.163221836090088
620,595,5.0,3.249720335006714
405,447,4.0,2.166203022003174
577,1046,4.0,3.4374988079071045
94,66,2.0,3.7017769813537598
56,22,5.0,4.530922889709473
654,1115,3.0,3.5200462341308594
234,463,4.0,3.207284450531006
897,550,3.0,3.6697182655334473
537,1050,2.0,2.845262050628662
244,381,4.0,3.8494577407836914
932,632,4.0,4.209621906280518
219,546,4.0,3.0425803661346436
468,372,2.0,3.880845069885254
710,886,3.0,2.9890661239624023
282,305,4.0,4.027520179748535
145,282,5.0,3.9050004482269287
545,227,4.0,3.2775216102600098
12,133,4.0,4.284305572509766
867,855,5.0,4.294114112854004
450,1041,4.0,3.4940171241760254
474,205,5.0,4.318672180175781
72,509,4.0,3.944382905960083
346,392,3.0,3.439877510070801
281,258,2.0,3.861978530883789
435,434,2.0,3.7861690521240234
334,387,4.0,3.26409649848938
291,140,4.0,3.5407204627990723
830,480,5.0,4.3543782234191895
293,708,3.0,3.1399857997894287
497,25,4.0,3.2270383834838867
181,1327,1.0,1.1633422374725342
807,498,4.0,4.67486047744751
95,97,4.0,3.8424720764160156
655,1395,3.0,2.2646846771240234
130,215,5.0,4.407766342163086
712,400,3.0,2.558176279067993
213,597,5.0,3.2980246543884277
537,276,4.0,2.9132585525512695
561,86,4.0,3.245460271835327
595,948,3.0,2.017862558364868
186,385,4.0,3.692932605743408
89,381,4.0,3.9336888790130615
13,771,3.0,2.4196970462799072
58,283,1.0,3.6643893718719482
655,281,2.0,2.552748918533325
720,286,5.0,3.9824142456054688
470,742,4.0,3.4557266235351562
92,500,4.0,3.5557706356048584
92,508,5.0,3.427361249923706
451,687,2.0,1.9425048828125
556,604,5.0,4.521607875823975
599,1048,2.0,3.639618396759033
654,24,4.0,3.4565796852111816
141,50,4.0,4.529210090637207
303,99,4.0,3.858806610107422
256,771,2.0,3.1306345462799072
417,212,1.0,3.273770570755005
201,146,1.0,2.2271251678466797
187,300,4.0,3.5875415802001953
291,588,4.0,4.291104316711426
70,751,4.0,3.4114320278167725
543,96,4.0,3.7638120651245117
934,435,4.0,4.030369758605957
561,794,2.0,2.9201536178588867
900,186,2.0,2.764242649078369
659,214,3.0,3.4231972694396973
243,1148,3.0,3.3625504970550537
10,200,5.0,4.25692081451416
655,1106,2.0,2.1885313987731934
629,58,4.0,4.061728477478027
13,911,2.0,2.6362366676330566
774,1228,1.0,1.5584241151809692
472,485,3.0,4.880922317504883
389,568,3.0,3.744324207305908
313,684,4.0,3.6351864337921143
310,748,3.0,3.2346277236938477
271,28,5.0,3.779755115509033
562,4,1.0,3.464778423309326
707,782,3.0,2.7531254291534424
379,100,5.0,4.576358318328857
532,818,2.0,3.446418046951294
766,90,1.0,2.827509641647339
655,1140,3.0,1.9944931268692017
757,173,4.0,3.987994432449341
551,67,5.0,3.263353109359741
259,269,3.0,4.304361820220947
279,826,4.0,2.5075201988220215
18,515,5.0,4.46570348739624
504,1421,4.0,3.4823293685913086
496,443,2.0,3.244109869003296
747,467,4.0,4.155264854431152
343,583,4.0,3.5173685550689697
337,449,4.0,3.3441152572631836
528,168,4.0,4.116973876953125
417,732,4.0,3.570847988128662
425,53,4.0,2.6943798065185547
314,1165,2.0,2.33620285987854
435,1215,3.0,1.8344175815582275
745,177,3.0,3.046928644180298
442,159,4.0,2.8673033714294434
539,56,2.0,4.16765832901001
296,221,5.0,4.272825241088867
378,768,4.0,3.0221567153930664
326,436,3.0,3.1967461109161377
157,50,4.0,4.892197608947754
889,169,5.0,4.209330081939697
254,71,3.0,3.4975249767303467
347,930,2.0,2.7223031520843506
207,154,2.0,3.361888885498047
346,4,4.0,3.4668798446655273
447,484,5.0,4.448907852172852
393,11,3.0,3.9454197883605957
77,474,5.0,3.975839376449585
321,647,3.0,4.095349311828613
426,211,4.0,3.8362181186676025
606,185,3.0,4.51080322265625
664,58,4.0,3.6230063438415527
244,1107,2.0,3.5234880447387695
328,347,5.0,3.469576835632324
113,262,2.0,4.114820957183838
144,280,1.0,3.1887824535369873
798,161,3.0,3.317882537841797
126,344,4.0,3.975374460220337
84,237,4.0,4.112328052520752
905,333,3.0,3.409242630004883
555,111,4.0,3.7875585556030273
405,524,1.0,2.3123209476470947
361,513,5.0,4.380496978759766
433,276,5.0,3.5759031772613525
542,179,4.0,3.831693410873413
163,98,4.0,3.667412519454956
349,276,5.0,3.557338237762451
379,286,4.0,3.9486708641052246
393,50,5.0,4.3616838455200195
682,673,3.0,3.3233962059020996
617,448,3.0,2.548572063446045
328,601,4.0,3.9173460006713867
748,408,5.0,4.258008003234863
828,57,3.0,3.600285530090332
740,302,5.0,3.8791134357452393
907,924,5.0,4.38764762878418
64,718,4.0,3.547192335128784
171,344,3.0,3.6183362007141113
201,232,2.0,2.915133237838745
297,284,4.0,2.9949605464935303
650,88,3.0,2.966785192489624
887,633,5.0,4.5140485763549805
881,443,5.0,3.7493646144866943
303,1118,3.0,3.3677022457122803
835,234,5.0,4.158734321594238
234,21,3.0,2.4129478931427
13,668,1.0,2.433415412902832
893,471,4.0,3.6473915576934814
577,1054,3.0,2.5711936950683594
602,148,4.0,3.6641292572021484
833,943,4.0,3.0768628120422363
806,484,4.0,4.44887638092041
387,434,5.0,3.8005917072296143
694,229,4.0,3.237095355987549
373,12,5.0,4.320761680603027
722,124,4.0,4.503460884094238
347,827,1.0,2.72505521774292
460,286,4.0,3.499380350112915
449,640,5.0,3.3407506942749023
276,81,4.0,3.8038856983184814
763,702,3.0,3.2377359867095947
870,42,2.0,3.620877504348755
932,169,5.0,4.776600360870361
99,273,5.0,3.8070998191833496
85,1121,3.0,3.5764787197113037
276,386,3.0,2.9775466918945312
23,642,3.0,3.3672807216644287
655,1388,3.0,2.7553443908691406
172,606,3.0,3.4048678874969482
795,1030,3.0,1.892256736755371
347,227,4.0,3.37149715423584
32,250,4.0,3.1490914821624756
796,145,2.0,2.7195732593536377
268,717,1.0,2.4152302742004395
806,271,3.0,3.2793631553649902
483,195,3.0,3.4890639781951904
405,588,2.0,2.343355655670166
865,625,1.0,2.519449234008789
896,662,3.0,2.9918618202209473
435,28,3.0,3.748563289642334
385,922,4.0,3.481358766555786
256,741,4.0,4.317353248596191
109,55,2.0,3.705057144165039
103,255,5.0,3.270174980163574
184,517,4.0,3.8386149406433105
346,92,4.0,3.479869842529297
474,505,5.0,4.289745330810547
1,146,4.0,2.6290526390075684
104,269,5.0,3.12962007522583
308,1147,4.0,3.874042510986328
532,946,5.0,3.7799227237701416
805,396,4.0,2.967095375061035
501,928,3.0,3.4140052795410156
525,269,5.0,3.999690294265747
422,326,3.0,3.261356830596924
322,89,3.0,4.4085493087768555
314,959,3.0,4.083456039428711
442,96,4.0,3.62423038482666
303,88,4.0,3.584735870361328
354,511,4.0,4.268428802490234
707,170,5.0,4.016895294189453
318,211,5.0,4.107257843017578
1,167,2.0,3.1770517826080322
20,98,3.0,3.52683424949646
239,172,4.0,4.53528356552124
60,47,4.0,3.7943308353424072
880,628,2.0,3.7259159088134766
181,222,4.0,1.839693546295166
87,1047,3.0,3.1474363803863525
892,133,3.0,4.186298370361328
145,1023,1.0,2.630140781402588
506,432,4.0,3.8611550331115723
18,973,3.0,0.7261219024658203
268,558,3.0,3.2797961235046387
121,126,3.0,3.816218614578247
936,276,5.0,4.073173522949219
560,260,1.0,2.5934646129608154
26,840,2.0,2.416379690170288
58,195,4.0,3.9856817722320557
870,186,4.0,3.749338388442993
317,323,2.0,3.3122050762176514
595,1067,4.0,3.8328113555908203
213,273,5.0,3.9345974922180176
403,147,5.0,3.61772084236145
330,255,4.0,4.158304214477539
727,451,5.0,3.1790096759796143
500,129,4.0,3.650886297225952
681,682,1.0,2.9614248275756836
203,282,1.0,3.972874879837036
829,259,2.0,2.4911928176879883
254,64,4.0,3.9437925815582275
642,412,2.0,2.5073115825653076
650,137,3.0,3.250636577606201
99,288,4.0,3.5895726680755615
178,628,4.0,3.691354513168335
92,1213,2.0,1.9922795295715332
174,332,5.0,3.8999991416931152
141,330,1.0,3.2264864444732666
277,591,4.0,3.565061092376709
201,693,4.0,3.1774590015411377
192,276,2.0,3.596752643585205
621,172,5.0,4.564639091491699
80,514,3.0,3.9094247817993164
878,531,2.0,3.4914848804473877
142,243,1.0,2.293168067932129
622,391,2.0,2.7496116161346436
250,294,1.0,3.224196434020996
532,100,5.0,5.040207386016846
64,69,4.0,3.6152377128601074
328,540,3.0,2.5402467250823975
336,158,3.0,2.4246487617492676
170,348,3.0,4.005277633666992
94,528,5.0,4.561572551727295
29,539,2.0,2.5415008068084717
561,240,1.0,2.3713085651397705
394,132,4.0,4.5787835121154785
269,902,5.0,3.2629384994506836
889,488,2.0,4.016549110412598
817,273,5.0,3.4838175773620605
234,280,3.0,2.708742380142212
758,25,4.0,3.6807923316955566
311,176,4.0,4.172848701477051
919,832,3.0,2.2868282794952393
811,690,5.0,4.224670886993408
174,221,4.0,4.339932441711426
560,546,2.0,2.90683650970459
709,182,4.0,4.08665132522583
436,11,5.0,4.243730545043945
181,259,1.0,1.7760756015777588
486,7,5.0,3.6174073219299316
256,1119,3.0,4.458133697509766
534,919,5.0,4.777164936065674
159,988,3.0,2.559253454208374
397,134,5.0,4.49172306060791
504,1110,2.0,3.199280023574829
181,324,1.0,1.4900338649749756
719,254,1.0,2.156999111175537
255,185,4.0,3.37205171585083
399,71,3.0,3.349289894104004
786,216,4.0,4.055849552154541
887,164,4.0,4.079390525817871
496,420,3.0,2.952200412750244
524,514,5.0,3.6828298568725586
425,244,1.0,2.7160568237304688
474,124,5.0,4.4755048751831055
214,608,4.0,4.013044834136963
619,258,5.0,3.6983861923217773
679,184,4.0,3.2870659828186035
144,235,1.0,2.941227436065674
710,282,2.0,3.5143816471099854
354,958,4.0,4.017116069793701
303,106,2.0,2.9936394691467285
334,792,4.0,3.610625743865967
551,97,5.0,4.154192924499512
391,659,4.0,4.153284549713135
117,763,5.0,3.8142788410186768
825,628,4.0,3.9078102111816406
495,101,5.0,3.859243392944336
141,826,2.0,2.5885565280914307
556,325,2.0,2.92166805267334
144,100,5.0,4.128145217895508
229,260,1.0,2.1340160369873047
479,144,4.0,3.6012392044067383
311,671,3.0,3.9078550338745117
854,709,4.0,3.696868896484375
682,237,3.0,3.4193825721740723
735,325,1.0,2.526277780532837
246,161,3.0,3.053142786026001
26,116,2.0,3.288348913192749
279,940,5.0,2.376267910003662
169,258,5.0,3.837188243865967
230,418,5.0,3.7799880504608154
817,363,3.0,2.7107133865356445
880,396,2.0,3.1757888793945312
500,250,4.0,3.3034214973449707
393,1337,3.0,2.1333792209625244
703,276,3.0,3.819657564163208
823,1217,1.0,3.1990966796875
169,603,5.0,4.287060737609863
881,477,4.0,3.0743460655212402
525,829,2.0,2.6678621768951416
846,622,4.0,3.4015722274780273
634,300,3.0,3.6933302879333496
145,751,4.0,3.624647617340088
344,511,4.0,4.416423797607422
903,50,5.0,4.590065956115723
378,123,3.0,3.170802116394043
221,469,3.0,3.880364179611206
387,232,2.0,3.2005550861358643
251,50,5.0,4.623475074768066
846,131,3.0,4.111172676086426
303,1270,1.0,2.3439643383026123
551,235,1.0,3.2315750122070312
101,123,2.0,2.9164581298828125
409,1020,5.0,3.8108768463134766
815,444,2.0,2.897200584411621
437,288,2.0,3.411620855331421
7,341,3.0,3.6865434646606445
92,620,3.0,2.956580400466919
415,531,5.0,4.488729476928711
660,636,2.0,2.5747761726379395
378,591,4.0,3.629631757736206
603,230,4.0,3.6063578128814697
87,801,3.0,3.2260401248931885
899,685,3.0,3.1633315086364746
933,597,1.0,2.3985888957977295
739,98,3.0,3.7854950428009033
608,283,4.0,3.5680863857269287
123,531,3.0,4.142744064331055
886,237,4.0,3.4967854022979736
665,418,4.0,3.4417271614074707
727,392,4.0,3.3962478637695312
145,879,5.0,3.4340085983276367
553,181,4.0,4.155200004577637
1,214,4.0,3.4526166915893555
265,742,5.0,3.6507649421691895
409,603,5.0,4.300652503967285
479,248,4.0,3.400749683380127
213,200,5.0,4.244518756866455
805,755,3.0,3.270575761795044
99,118,2.0,3.3791868686676025
422,271,3.0,3.279703140258789
504,579,4.0,3.070836067199707
378,419,4.0,3.7499303817749023
821,148,3.0,3.765648603439331
276,183,5.0,4.241385459899902
392,847,4.0,4.313193321228027
151,659,5.0,4.542583465576172
803,688,1.0,1.7914409637451172
198,763,3.0,2.979313373565674
234,609,3.0,3.00042724609375
250,184,1.0,3.744643211364746
401,70,4.0,2.9533207416534424
619,568,5.0,3.632830858230591
896,127,5.0,3.9149222373962402
13,760,1.0,2.653022527694702
853,259,3.0,2.611065149307251
536,584,5.0,3.7135798931121826
321,479,4.0,3.9580366611480713
383,654,5.0,4.652115821838379
318,134,5.0,4.468494415283203
409,1328,2.0,3.575000524520874
463,116,5.0,3.2674601078033447
449,244,4.0,3.3183963298797607
130,622,3.0,3.9077045917510986
537,753,2.0,3.0312118530273438
903,192,5.0,4.319496154785156
13,478,4.0,3.9389991760253906
788,228,3.0,3.487678050994873
354,59,5.0,4.019721984863281
13,590,2.0,1.847989559173584
712,796,4.0,3.2927017211914062
892,70,4.0,3.893061399459839
18,492,4.0,3.8488576412200928
135,98,5.0,4.131250381469727
744,1,4.0,3.72910737991333
387,321,3.0,3.048295021057129
63,322,2.0,2.6875298023223877
178,469,3.0,4.008474826812744
734,111,3.0,3.2216038703918457
337,1133,4.0,3.3408381938934326
320,174,4.0,4.92458438873291
92,1157,2.0,2.8941876888275146
299,194,3.0,3.8794238567352295
823,640,1.0,3.433441638946533
545,233,4.0,3.221585273742676
59,427,5.0,4.7269206047058105
62,121,4.0,3.143915891647339
194,517,3.0,3.3871641159057617
343,198,4.0,4.509467124938965
442,433,4.0,3.402059555053711
109,809,4.0,3.1490001678466797
234,229,4.0,2.577364683151245
560,127,5.0,4.172881603240967
96,190,4.0,4.543644905090332
406,187,2.0,4.01099157333374
3,333,2.0,3.0310566425323486
779,294,5.0,3.465463161468506
521,56,4.0,3.558666706085205
373,99,5.0,3.7156195640563965
390,277,2.0,3.770581007003784
649,323,3.0,2.996675968170166
468,318,5.0,4.876995086669922
59,140,1.0,3.39713716506958
94,248,4.0,3.792634963989258
457,176,5.0,4.679877281188965
619,546,2.0,2.9716744422912598
73,255,2.0,3.0817348957061768
82,274,3.0,3.0104053020477295
595,546,4.0,2.91119122505188
416,4,4.0,4.055954456329346
405,747,1.0,2.170205593109131
286,1051,4.0,3.6224586963653564
618,506,4.0,3.5740129947662354
99,762,2.0,3.6944761276245117
938,126,4.0,3.920564889907837
453,237,4.0,3.5402042865753174
417,767,1.0,2.4603326320648193
126,315,4.0,4.226661682128906
756,755,3.0,3.055838108062744
320,129,4.0,4.390976428985596
489,331,5.0,4.132479190826416
729,879,3.0,3.012119770050049
244,433,5.0,4.050359725952148
176,319,3.0,3.4591333866119385
623,815,2.0,3.174083709716797
344,628,4.0,3.5368876457214355
456,357,4.0,4.220458984375
539,661,5.0,4.284982681274414
647,1263,3.0,2.831963539123535
643,204,3.0,4.0265631675720215
762,421,4.0,2.711334705352783
682,380,4.0,3.127714157104492
478,15,5.0,3.413942337036133
682,95,5.0,3.5745160579681396
426,133,5.0,3.7946009635925293
151,1044,2.0,3.651752233505249
15,932,1.0,2.4645423889160156
648,713,2.0,3.540397882461548
669,313,4.0,3.6080684661865234
308,47,4.0,3.6396143436431885
573,174,4.0,4.025806903839111
588,362,3.0,3.260157823562622
393,385,4.0,3.6545636653900146
627,300,4.0,3.2500574588775635
682,243,1.0,2.1682772636413574
399,407,3.0,2.1603264808654785
373,83,5.0,4.113571643829346
301,228,3.0,3.8079323768615723
661,566,4.0,3.684845447540283
852,473,3.0,3.4643585681915283
545,743,3.0,2.0153207778930664
223,975,1.0,2.8903439044952393
767,172,5.0,4.739837169647217
503,633,5.0,4.225067615509033
831,331,4.0,3.3638572692871094
773,588,1.0,3.4767181873321533
181,125,3.0,1.8680349588394165
543,466,4.0,3.4710004329681396
535,269,4.0,4.114893913269043
659,58,4.0,3.705669641494751
90,1200,4.0,3.9195556640625
599,846,5.0,3.4350571632385254
102,217,2.0,2.4609556198120117
299,1506,4.0,2.676370620727539
398,655,4.0,3.8029634952545166
545,680,2.0,2.6102020740509033
702,294,1.0,2.2377498149871826
385,484,4.0,3.6561942100524902
537,675,3.0,2.9499781131744385
592,180,5.0,4.618781566619873
588,384,1.0,2.9281575679779053
663,210,3.0,4.056346893310547
389,301,4.0,3.2988595962524414
650,484,5.0,3.6252663135528564
64,679,3.0,2.976480007171631
318,481,4.0,4.2820539474487305
665,833,3.0,3.028853416442871
580,619,3.0,3.4411869049072266
919,315,3.0,4.136220932006836
305,97,4.0,3.4497125148773193
157,118,2.0,3.558702230453491
200,552,4.0,3.5286834239959717
451,307,4.0,3.1549768447875977
158,516,5.0,4.37986946105957
18,168,3.0,4.114660263061523
151,661,4.0,4.518742084503174
655,503,3.0,2.999455451965332
387,769,1.0,2.4649815559387207
901,38,3.0,3.2672343254089355
184,591,3.0,3.5724878311157227
39,258,4.0,3.7557544708251953
790,67,3.0,2.803086757659912
201,191,4.0,3.646085023880005
591,856,4.0,4.038516044616699
379,527,3.0,4.53000545501709
537,730,3.0,2.9380221366882324
890,172,5.0,4.333078384399414
762,515,5.0,3.3896703720092773
56,56,5.0,4.25057315826416
660,216,2.0,3.017246723175049
347,328,4.0,3.3702549934387207
167,237,4.0,3.6219608783721924
846,28,5.0,4.128788948059082
622,190,4.0,4.329717636108398
417,1036,3.0,2.670931816101074
758,181,4.0,4.324732780456543
727,1215,2.0,1.8280258178710938
869,1163,2.0,2.4963269233703613
532,348,4.0,3.934884786605835
370,56,2.0,3.7854413986206055
533,193,4.0,3.7321739196777344
864,245,4.0,3.4963245391845703
483,473,3.0,2.7847824096679688
665,183,4.0,3.8126659393310547
361,443,3.0,3.8183462619781494
268,95,4.0,3.329063892364502
746,186,4.0,3.9688596725463867
279,153,5.0,3.71543288230896
553,275,5.0,4.163642883300781
426,601,3.0,3.9673197269439697
543,56,5.0,3.851288080215454
919,147,4.0,3.4025237560272217
650,1110,4.0,2.5149879455566406
266,25,3.0,3.237464189529419
92,660,4.0,3.6082303524017334
921,1034,3.0,2.245382070541382
405,173,5.0,2.5992283821105957
328,270,2.0,3.564589023590088
495,176,5.0,4.647525310516357
798,2,4.0,3.0629825592041016
561,197,4.0,3.417526960372925
405,1043,1.0,1.750683307647705
43,731,4.0,3.2222776412963867
398,588,4.0,3.7016918659210205
436,1178,3.0,2.883742570877075
431,323,3.0,3.1906797885894775
441,300,3.0,3.681232452392578
936,815,3.0,3.6247453689575195
457,77,4.0,3.842909097671509
43,371,4.0,3.4125876426696777
145,278,4.0,3.2386367321014404
478,1221,2.0,3.3200008869171143
407,216,4.0,3.672417640686035
795,39,4.0,2.944268226623535
291,829,2.0,3.0779552459716797
1,121,4.0,3.414165496826172
210,4,4.0,3.9970102310180664
538,496,5.0,3.8322176933288574
181,744,2.0,1.6866140365600586
629,300,4.0,3.6698319911956787
683,56,5.0,3.6813628673553467
221,33,4.0,3.5428311824798584
400,307,3.0,3.737834930419922
94,90,3.0,3.264728307723999
55,7,3.0,3.4867308139801025
222,82,4.0,3.59212064743042
46,93,4.0,4.119117259979248
222,772,2.0,2.804270029067993
540,742,4.0,3.7481744289398193
540,515,5.0,4.607783317565918
548,603,5.0,4.616426944732666
125,451,4.0,3.4198098182678223
195,325,2.0,2.778937339782715
457,160,4.0,3.856607437133789
425,1597,3.0,2.65307354927063
385,152,3.0,3.1765499114990234
331,69,5.0,3.4270122051239014
59,131,4.0,4.2724456787109375
435,609,4.0,3.3403849601745605
501,13,4.0,3.804936408996582
224,676,3.0,2.8994805812835693
121,514,3.0,3.8324990272521973
188,692,5.0,3.7043638229370117
523,430,4.0,4.8397979736328125
48,289,1.0,2.9891345500946045
343,214,4.0,3.676564931869507
253,1025,3.0,2.9221956729888916
851,332,1.0,3.6293609142303467
405,858,1.0,0.7833799719810486
454,746,2.0,2.9291014671325684
655,468,3.0,2.745544672012329
927,1,5.0,4.429003715515137
528,250,3.0,3.436609983444214
214,45,4.0,4.095050811767578
426,132,4.0,4.034012794494629
159,1095,5.0,2.5157201290130615
625,283,3.0,3.3057007789611816
190,300,4.0,3.544870615005493
847,482,2.0,3.3187828063964844
454,1126,2.0,2.672239303588867
650,121,3.0,2.905439853668213
537,646,2.0,3.31547212600708
383,479,4.0,4.505770683288574
854,93,5.0,3.320685386657715
380,97,3.0,3.1719937324523926
5,397,2.0,2.2790040969848633
472,38,4.0,3.7410852909088135
450,1479,3.0,3.228739023208618
370,135,4.0,3.739449977874756
747,476,3.0,3.270555257797241
749,433,3.0,3.87315034866333
894,316,4.0,4.043893814086914
542,734,3.0,2.5981688499450684
361,283,4.0,3.54879093170166
577,29,3.0,2.8521926403045654
574,315,3.0,4.0082197189331055
97,195,5.0,4.29725456237793
178,326,4.0,3.4158761501312256
686,480,5.0,5.105653762817383
346,685,3.0,3.172159433364868
686,197,5.0,4.855671405792236
416,717,2.0,3.1481480598449707
495,550,3.0,3.8490257263183594
863,898,1.0,3.1842894554138184
378,86,4.0,3.912440299987793
398,95,5.0,3.7112925052642822
690,739,3.0,3.050004482269287
533,31,3.0,3.464052200317383
474,971,4.0,4.021063804626465
34,1024,5.0,4.491397857666016
82,484,4.0,3.9450576305389404
325,865,3.0,3.14748215675354
26,871,2.0,2.2483575344085693
201,423,4.0,3.233837366104126
666,357,4.0,4.191049575805664
748,48,4.0,3.79379940032959
416,898,4.0,3.49224853515625
470,1134,4.0,3.229727029800415
399,153,2.0,3.2799830436706543
479,177,4.0,3.7665083408355713
271,40,1.0,2.983224391937256
635,873,3.0,2.9049227237701416
484,228,5.0,4.31333065032959
892,150,5.0,4.169238090515137
721,682,3.0,3.190737247467041
537,741,2.0,2.8144302368164062
365,326,2.0,3.4616024494171143
790,401,4.0,2.497246026992798
407,288,4.0,3.236666679382324
378,479,4.0,4.165448188781738
354,451,3.0,3.3440587520599365
41,430,5.0,3.9633710384368896
698,525,1.0,3.043999433517456
393,1270,3.0,2.4081919193267822
904,1152,4.0,3.5051469802856445
323,322,2.0,2.8884520530700684
104,328,3.0,2.588848114013672
907,98,5.0,5.561817646026611
152,483,5.0,5.656552314758301
553,525,4.0,4.374925136566162
399,977,3.0,2.414985418319702
783,876,4.0,3.0453643798828125
764,143,5.0,3.8997180461883545
385,1428,4.0,3.1950695514678955
329,194,3.0,3.785482406616211
796,307,4.0,3.696521043777466
782,358,4.0,2.513354778289795
927,328,4.0,4.024991035461426
379,402,3.0,3.911539077758789
270,17,2.0,4.120599746704102
916,678,2.0,2.4401636123657227
499,692,4.0,3.654096841812134
704,304,2.0,3.4453377723693848
296,294,1.0,3.3850722312927246
347,56,5.0,4.1666669845581055
342,1073,1.0,3.7763354778289795
454,22,4.0,3.3976643085479736
900,200,2.0,2.7457938194274902
757,226,3.0,3.1370646953582764
449,1318,2.0,1.4422470331192017
405,782,1.0,1.7432078123092651
43,250,2.0,3.508791208267212
186,288,1.0,3.5019452571868896
288,230,2.0,3.4695374965667725
285,183,4.0,3.8507046699523926
484,399,4.0,3.5977931022644043
402,1060,3.0,3.2502222061157227
745,9,4.0,2.914860248565674
173,302,5.0,5.279040336608887
21,670,3.0,2.8890981674194336
159,591,4.0,3.991511106491089
545,73,4.0,3.428274393081665
887,1136,5.0,3.8618154525756836
277,221,4.0,3.70460844039917
727,511,4.0,4.081273555755615
279,202,4.0,3.6736526489257812
902,8,5.0,3.576453685760498
724,877,1.0,2.0725412368774414
751,70,4.0,3.587792158126831
875,481,5.0,4.312777996063232
280,471,3.0,3.6806721687316895
635,302,4.0,3.9897053241729736
526,742,3.0,3.326482057571411
174,369,1.0,2.9668221473693848
314,393,4.0,3.8214352130889893
921,395,3.0,2.22343111038208
747,1134,5.0,3.729057788848877
521,227,3.0,2.860163450241089
798,168,4.0,3.7839510440826416
299,483,5.0,4.283247947692871
693,178,5.0,3.5214977264404297
763,238,4.0,3.9557743072509766
379,94,5.0,3.3711681365966797
846,1035,4.0,3.202859401702881
682,948,2.0,2.034834861755371
506,239,3.0,3.832916736602783
92,304,4.0,3.296999216079712
128,458,4.0,3.216399669647217
304,278,4.0,3.0117576122283936
793,181,4.0,4.158718585968018
378,806,4.0,3.5140645503997803
267,88,4.0,3.9492340087890625
921,69,4.0,3.4235446453094482
699,880,3.0,2.862424373626709
940,651,4.0,3.705995559692383
912,1041,4.0,2.9960265159606934
771,137,4.0,3.7238807678222656
329,297,4.0,3.7441635131835938
70,298,5.0,3.718329668045044
846,31,4.0,3.854671001434326
217,825,3.0,2.6076786518096924
328,237,4.0,3.5690724849700928
224,729,3.0,3.0563113689422607
437,583,1.0,3.2235658168792725
620,930,2.0,3.034122943878174
6,318,4.0,4.179562568664551
130,538,5.0,4.219793319702148
638,183,4.0,3.6606123447418213
592,188,5.0,4.166233062744141
601,1039,4.0,3.390556812286377
459,117,5.0,3.8015763759613037
554,582,3.0,3.6824324131011963
532,38,3.0,3.5577802658081055
796,849,4.0,2.884572744369507
387,95,2.0,3.59733510017395
345,367,4.0,3.6575350761413574
378,418,3.0,3.559953212738037
115,269,3.0,4.234195709228516
286,738,5.0,3.0580484867095947
686,430,4.0,4.832775115966797
234,12,1.0,3.6498255729675293
271,729,4.0,3.378232955932617
151,755,3.0,3.670381546020508
629,881,3.0,3.1410951614379883
746,523,3.0,4.185144901275635
340,969,5.0,4.1053876876831055
6,59,5.0,3.8266661167144775
527,279,4.0,3.1389620304107666
345,312,3.0,3.2250421047210693
158,238,5.0,4.161079406738281
455,1086,3.0,3.264928102493286
608,42,5.0,3.694708824157715
373,142,3.0,3.026172399520874
655,906,2.0,2.9339046478271484
782,690,4.0,3.465609312057495
303,236,4.0,3.768233299255371
94,188,4.0,3.9416236877441406
339,479,5.0,4.53961706161499
99,332,3.0,3.5063140392303467
454,748,4.0,2.8520851135253906
108,405,3.0,3.328791856765747
327,919,5.0,3.4127347469329834
843,28,3.0,2.946343421936035
878,59,3.0,3.5547890663146973
92,77,3.0,3.1848490238189697
450,378,5.0,4.08411979675293
361,639,4.0,3.6553092002868652
894,479,5.0,4.144340515136719
181,990,1.0,1.7381377220153809
328,135,3.0,3.8800933361053467
510,300,5.0,3.567610502243042
455,44,3.0,3.2721354961395264
838,584,4.0,3.7706422805786133
708,471,4.0,3.483858346939087
869,288,3.0,2.869802236557007
883,241,4.0,3.673219680786133
720,269,3.0,4.403614044189453
92,11,4.0,3.764237880706787
237,176,3.0,4.071494102478027
244,739,3.0,3.5779943466186523
44,155,3.0,3.0859179496765137
720,310,4.0,3.893904209136963
417,1040,2.0,2.4738364219665527
870,248,4.0,3.398956060409546
399,928,2.0,2.731088638305664
774,423,1.0,2.3385448455810547
359,117,4.0,4.222240447998047
178,358,1.0,2.7630319595336914
727,849,2.0,2.6466219425201416
406,629,3.0,3.2420010566711426
374,182,5.0,3.939411163330078
452,607,5.0,3.651399612426758
542,420,3.0,3.457275867462158
798,825,3.0,2.887749433517456
883,137,5.0,4.030723571777344
316,162,3.0,2.9643661975860596
130,240,4.0,3.423966884613037
305,749,2.0,2.9151451587677
176,328,4.0,3.4178013801574707
183,485,5.0,3.450467348098755
308,91,4.0,3.7322511672973633
364,687,1.0,2.2591631412506104
116,260,2.0,2.248777151107788
509,345,1.0,2.7142302989959717
365,473,4.0,3.1994881629943848
318,1030,2.0,2.2381763458251953
71,357,5.0,4.321364402770996
764,4,3.0,3.7368998527526855
378,476,3.0,2.9869093894958496
313,1050,4.0,3.5376625061035156
931,546,3.0,3.0446293354034424
543,521,4.0,3.7330620288848877
756,122,1.0,2.1937572956085205
437,654,5.0,4.301033020019531
489,324,3.0,3.416032314300537
89,736,3.0,4.35562801361084
873,348,3.0,2.5801632404327393
840,187,3.0,4.463491439819336
517,873,3.0,2.8456244468688965
889,732,2.0,3.500359535217285
582,748,3.0,2.978266477584839
90,486,5.0,4.404180526733398
389,29,2.0,2.658210277557373
846,177,3.0,4.156538009643555
92,628,4.0,3.36392879486084
623,127,4.0,4.214816093444824
486,276,4.0,3.4916744232177734
452,199,5.0,3.927985191345215
299,396,4.0,2.8968417644500732
577,294,4.0,3.3583858013153076
268,33,3.0,3.0853099822998047
201,186,3.0,3.39628529548645
552,829,3.0,2.549844980239868
674,292,4.0,3.8143250942230225
44,193,3.0,3.9102799892425537
833,302,3.0,3.6683783531188965
791,259,3.0,2.9849259853363037
353,346,4.0,3.44679594039917
102,73,3.0,2.675152540206909
615,699,3.0,3.729020595550537
363,679,4.0,2.713697671890259
321,52,3.0,3.714395523071289
303,541,3.0,2.9583568572998047
501,25,3.0,3.7515852451324463
669,133,4.0,3.4433939456939697
693,96,4.0,3.2860162258148193
293,161,2.0,3.0665464401245117
751,428,4.0,3.911494255065918
886,483,4.0,4.360751152038574
634,147,2.0,3.4734506607055664
592,1377,3.0,3.2624616622924805
497,67,3.0,2.8431224822998047
318,396,1.0,3.1659810543060303
621,135,5.0,4.246255874633789
624,358,3.0,2.716905355453491
303,715,4.0,3.489262104034424
161,197,3.0,2.7246804237365723
435,584,3.0,3.3528635501861572
457,28,5.0,4.545083999633789
655,1135,3.0,2.55496883392334
165,1119,3.0,3.845616102218628
587,303,4.0,3.545598030090332
774,229,2.0,1.922387719154358
648,1626,1.0,0.738763153553009
900,1298,2.0,2.683844804763794
475,539,3.0,2.3528363704681396
411,38,4.0,2.854768991470337
435,1419,2.0,2.2042930126190186
692,300,4.0,3.3880584239959717
279,375,1.0,2.0977065563201904
916,111,4.0,3.2390737533569336
708,269,3.0,4.051984786987305
18,131,4.0,4.000952243804932
634,100,4.0,4.195395469665527
417,411,2.0,2.8517894744873047
18,79,4.0,4.086605072021484
535,319,5.0,3.387524366378784
308,161,3.0,3.524127244949341
178,790,3.0,3.055356740951538
223,248,1.0,3.3461697101593018
622,98,5.0,4.367083549499512
916,144,3.0,3.5833115577697754
584,449,2.0,3.0118813514709473
210,179,3.0,4.3711419105529785
916,748,2.0,2.830934524536133
244,100,4.0,4.50959587097168
504,517,4.0,4.176324367523193
129,990,2.0,2.5860118865966797
178,578,4.0,3.4474434852600098
470,283,5.0,3.5346603393554688
417,946,4.0,3.0195112228393555
916,204,3.0,3.6871066093444824
1,2,3.0,3.297694683074951
526,323,2.0,2.4792964458465576
643,100,5.0,4.2725725173950195
342,1048,1.0,2.9321062564849854
868,202,3.0,3.258249044418335
7,649,5.0,3.848870038986206
342,7,4.0,3.725977659225464
398,50,5.0,4.255563735961914
345,974,3.0,2.9051623344421387
634,293,3.0,3.8529255390167236
437,770,3.0,3.349200487136841
796,147,5.0,3.5589096546173096
560,257,3.0,3.63211989402771
506,187,5.0,4.352380752563477
313,44,3.0,3.348156213760376
312,506,4.0,4.343997955322266
343,569,3.0,3.0341274738311768
533,150,3.0,3.6092498302459717
333,269,2.0,4.18453311920166
374,174,5.0,4.2112507820129395
429,380,3.0,3.309574604034424
637,717,3.0,2.0852973461151123
31,299,4.0,3.0256741046905518
217,1303,2.0,1.9408750534057617
392,197,5.0,4.5767822265625
532,926,3.0,3.3044323921203613
892,763,2.0,3.5852787494659424
291,577,1.0,2.462801933288574
417,668,2.0,2.48043155670166
833,1012,4.0,3.0855789184570312
514,191,5.0,4.440018177032471
36,288,4.0,3.8132710456848145
251,472,3.0,3.1976542472839355
443,313,4.0,4.684991359710693
159,880,1.0,3.3538105487823486
468,137,4.0,4.171567916870117
418,328,1.0,2.8859901428222656
328,651,5.0,3.9311821460723877
245,1033,5.0,2.3900532722473145
225,478,5.0,4.824142932891846
872,350,3.0,3.59187388420105
682,124,2.0,3.8779759407043457
14,603,4.0,4.61600399017334
487,735,4.0,4.105480194091797
22,110,1.0,2.802609920501709
339,238,5.0,4.198634147644043
943,121,3.0,3.5329673290252686
276,825,3.0,3.0572519302368164
460,676,4.0,3.1586947441101074
23,511,5.0,4.196440696716309
277,257,3.0,3.6529040336608887
334,150,4.0,3.658384084701538
332,237,5.0,4.503991603851318
916,92,5.0,3.435720205307007
35,937,4.0,3.4673421382904053
256,576,3.0,3.7905025482177734
804,380,4.0,3.55000638961792
293,742,2.0,3.102235794067383
826,99,3.0,4.199977874755859
64,82,3.0,3.642685890197754
528,541,3.0,2.922518014907837
943,423,3.0,3.8868489265441895
168,458,1.0,3.1961731910705566
890,632,5.0,4.013088703155518
393,1178,3.0,2.743014097213745
641,258,3.0,3.9095797538757324
941,919,5.0,4.0580034255981445
21,325,4.0,2.5099613666534424
595,979,3.0,3.429227113723755
308,56,5.0,4.232245445251465
534,290,4.0,4.016551971435547
470,305,4.0,3.60406494140625
188,98,5.0,4.3299360275268555
524,479,4.0,3.9527904987335205
757,82,4.0,3.6108016967773438
201,23,4.0,3.6646931171417236
711,404,3.0,3.7589173316955566
934,170,4.0,4.193181991577148
303,693,4.0,3.814382553100586
22,186,5.0,4.127824783325195
341,288,4.0,4.395155906677246
330,28,5.0,4.938959121704102
846,1041,4.0,3.3384335041046143
939,121,5.0,4.5531158447265625
600,1407,2.0,2.4841370582580566
896,222,4.0,3.152611494064331
42,405,4.0,3.521000385284424
774,518,1.0,2.392298936843872
937,9,5.0,3.4964098930358887
533,218,2.0,3.366525173187256
64,227,3.0,3.188875198364258
217,222,5.0,3.165942907333374
758,603,5.0,4.808175086975098
796,578,4.0,3.3804585933685303
303,382,3.0,3.7833783626556396
274,629,5.0,3.865985870361328
894,512,5.0,4.125201225280762
447,79,3.0,4.16053581237793
374,628,3.0,3.491971492767334
317,350,5.0,3.6534311771392822
269,499,4.0,3.418570041656494
789,508,4.0,3.522233724594116
42,283,3.0,3.854923725128174
89,707,5.0,4.437382698059082
7,656,3.0,4.869590759277344
848,610,5.0,4.1262311935424805
551,3,5.0,3.3720057010650635
883,952,3.0,3.350891351699829
577,217,5.0,3.462958812713623
848,496,2.0,4.504685878753662
926,262,3.0,3.366231679916382
479,117,3.0,3.5132150650024414
305,285,5.0,3.932105541229248
535,11,4.0,3.9472663402557373
125,376,3.0,2.8549838066101074
399,72,4.0,2.758333683013916
891,756,4.0,3.274996280670166
883,745,5.0,4.068696022033691
775,327,5.0,3.3692383766174316
417,642,5.0,3.343944549560547
298,194,5.0,4.3768110275268555
864,9,5.0,4.018162727355957
8,684,4.0,4.040314197540283
545,176,4.0,3.9653480052948
690,77,3.0,3.0535600185394287
13,402,4.0,3.3563153743743896
737,428,4.0,3.8143398761749268
416,97,5.0,4.309321403503418
18,285,5.0,4.3758134841918945
250,678,2.0,2.800023078918457
130,1034,2.0,2.9283204078674316
326,452,3.0,2.4787814617156982
13,2,3.0,3.0660481452941895
534,685,3.0,4.169942378997803
268,728,2.0,2.6574718952178955
297,736,4.0,3.7328810691833496
923,763,4.0,4.182672023773193
536,387,3.0,3.627227783203125
90,875,1.0,3.1696488857269287
653,164,3.0,2.6705312728881836
378,284,3.0,3.139465808868408
645,96,3.0,4.149748802185059
345,282,3.0,3.770238161087036
933,63,2.0,2.4897642135620117
57,410,3.0,3.288785457611084
286,191,4.0,4.558261394500732
74,245,3.0,3.445021629333496
382,1229,5.0,1.742507815361023
176,268,5.0,3.972114086151123
799,127,4.0,4.47280740737915
437,286,2.0,3.6853346824645996
354,1466,5.0,3.1299359798431396
59,177,4.0,4.3240509033203125
592,184,5.0,3.847337007522583
498,210,2.0,3.4175424575805664
130,692,5.0,4.41304874420166
447,1028,3.0,3.1112751960754395
896,789,2.0,3.1664764881134033
301,216,4.0,3.860138416290283
102,211,3.0,2.952977418899536
271,89,3.0,4.028861999511719
854,461,3.0,3.1663784980773926
870,64,5.0,4.20674467086792
72,234,4.0,3.8217852115631104
605,754,3.0,3.3659603595733643
851,1105,4.0,3.167614698410034
487,188,4.0,3.9582202434539795
181,872,1.0,1.393172025680542
823,128,2.0,3.8107166290283203
795,17,2.0,2.8987784385681152
328,427,3.0,4.20225191116333
234,629,4.0,2.897777557373047
840,516,5.0,4.35601806640625
437,50,5.0,4.372682571411133
522,79,3.0,4.25942325592041
820,751,1.0,3.090420961380005
911,482,4.0,4.018468856811523
171,292,4.0,3.4023256301879883
214,246,2.0,3.9934067726135254
407,204,3.0,3.717792510986328
246,164,3.0,3.2143211364746094
751,751,4.0,3.285123586654663
514,429,4.0,4.108088970184326
210,25,4.0,3.823392391204834
846,1220,2.0,3.5982463359832764
26,1010,2.0,3.008697509765625
293,366,2.0,3.0315229892730713
878,60,4.0,3.565579891204834
133,316,4.0,3.6695547103881836
830,385,4.0,3.5929441452026367
151,741,2.0,3.878474235534668
567,190,4.0,4.259903907775879
927,274,1.0,3.9111177921295166
894,883,3.0,3.4570956230163574
932,174,4.0,4.521885871887207
405,469,1.0,2.3121235370635986
805,58,4.0,3.5344598293304443
65,191,4.0,4.3618693351745605
587,342,1.0,2.7397522926330566
749,186,4.0,4.063993453979492
720,316,4.0,4.436419486999512
566,156,4.0,3.608937978744507
886,558,3.0,3.5881688594818115
876,435,4.0,4.177011489868164
174,278,5.0,3.5174131393432617
665,508,2.0,3.446942090988159
774,294,1.0,1.8566768169403076
290,227,2.0,3.1114277839660645
848,185,3.0,4.353364944458008
791,304,4.0,3.8391096591949463
54,272,5.0,4.922039985656738
203,151,4.0,3.8711869716644287
655,8,3.0,3.2386434078216553
592,23,5.0,4.857051372528076
891,126,5.0,4.619094371795654
405,543,1.0,2.15159273147583
242,268,5.0,4.593027591705322
795,710,3.0,3.3142216205596924
671,578,3.0,3.3947126865386963
606,473,4.0,3.540257692337036
671,22,4.0,4.47215461730957
823,17,4.0,3.5558865070343018
938,245,3.0,3.239495038986206
554,21,1.0,2.819662570953369
374,642,1.0,3.36318302154541
197,1419,2.0,2.227421998977661
393,168,4.0,4.028707504272461
836,288,1.0,3.42505145072937
330,729,5.0,4.399560928344727
491,340,4.0,3.540433645248413
870,111,3.0,3.2865211963653564
42,735,4.0,3.9982705116271973
854,125,3.0,3.089000701904297
144,181,4.0,3.952878713607788
645,98,4.0,4.515803813934326
85,481,4.0,3.808779239654541
101,257,4.0,3.4747281074523926
452,641,3.0,3.927316188812256
448,900,3.0,3.6915199756622314
293,4,4.0,3.3292603492736816
880,468,3.0,3.4321463108062744
680,845,4.0,3.565640449523926
643,1028,3.0,3.1066951751708984
577,44,3.0,3.7141361236572266
399,628,3.0,3.072047233581543
373,494,4.0,4.151534557342529
522,96,3.0,4.21247673034668
160,123,4.0,3.3527674674987793
519,1293,5.0,3.7798399925231934
554,95,4.0,3.8847854137420654
450,225,4.0,3.179898500442505
500,739,2.0,3.1543216705322266
903,1381,4.0,3.5473034381866455
746,82,4.0,3.8249971866607666
187,735,4.0,3.970137119293213
499,87,4.0,4.021432399749756
16,234,5.0,4.431478500366211
95,70,4.0,3.630314826965332
795,135,3.0,3.571300506591797
566,2,5.0,2.9724807739257812
130,772,4.0,3.6212949752807617
846,441,4.0,2.8942887783050537
529,1038,4.0,3.1583073139190674
545,993,2.0,3.5104265213012695
224,333,3.0,3.1077027320861816
735,319,4.0,3.046858549118042
694,22,5.0,4.652021408081055
885,278,3.0,2.9096181392669678
313,117,4.0,3.6418375968933105
682,576,4.0,2.918248176574707
764,89,4.0,4.3283796310424805
184,956,3.0,3.643655776977539
178,792,5.0,3.934156894683838
327,588,4.0,3.399679183959961
543,24,3.0,3.2609140872955322
197,227,3.0,3.2357213497161865
232,651,3.0,4.08595085144043
869,1382,3.0,1.8045845031738281
527,511,5.0,4.082378387451172
121,458,1.0,3.0812344551086426
307,1411,4.0,2.805298328399658
444,251,5.0,4.527124881744385
87,367,4.0,4.001767635345459
393,378,4.0,3.734264612197876
926,315,4.0,3.793148994445801
200,419,4.0,4.581207275390625
897,1033,4.0,2.7884037494659424
833,1070,5.0,3.3135342597961426
102,550,2.0,2.5751707553863525
236,265,2.0,3.5963997840881348
500,522,4.0,3.7679312229156494
66,9,4.0,3.749483108520508
721,161,5.0,3.5798392295837402
476,67,4.0,3.0051193237304688
437,423,5.0,3.811854124069214
64,969,3.0,3.730205535888672
213,511,4.0,4.773209095001221
774,385,1.0,2.258561611175537
71,302,3.0,4.237636566162109
28,79,4.0,4.136294364929199
311,132,4.0,4.251703262329102
629,245,3.0,3.250040292739868
859,1048,3.0,3.3954901695251465
344,284,3.0,3.1609015464782715
279,666,2.0,2.6770174503326416
663,299,2.0,2.934107780456543
402,222,4.0,3.8356521129608154
624,269,4.0,4.256259918212891
52,1011,4.0,3.805866241455078
749,99,5.0,3.8285648822784424
860,204,4.0,3.6030569076538086
90,306,4.0,4.501916408538818
63,678,2.0,2.3511197566986084
833,1154,4.0,2.4786884784698486
721,229,5.0,3.1138453483581543
504,75,4.0,2.9130067825317383
387,217,3.0,3.054699659347534
878,659,4.0,3.627596378326416
374,124,3.0,4.045560359954834
382,150,2.0,3.3510031700134277
200,227,5.0,4.012388229370117
31,490,4.0,4.3122782707214355
222,465,2.0,3.3004305362701416
677,687,4.0,2.3177835941314697
488,299,3.0,2.628291130065918
79,906,5.0,3.8305840492248535
822,169,4.0,3.7346110343933105
49,334,4.0,2.634446144104004
659,648,3.0,4.31207275390625
393,623,3.0,2.997673988342285
682,229,4.0,2.860116958618164
559,55,4.0,3.4589030742645264
708,25,3.0,3.437399387359619
253,1016,3.0,3.6357710361480713
318,127,5.0,4.576071262359619
864,422,3.0,2.8000965118408203
890,101,2.0,3.3758134841918945
454,611,2.0,3.2848947048187256
336,368,1.0,1.641890525817871
13,439,1.0,1.0018609762191772
257,676,4.0,3.656675100326538
676,272,4.0,4.446089744567871
667,137,3.0,3.8975653648376465
16,158,4.0,2.929558753967285
606,1151,3.0,2.418443441390991
842,749,4.0,3.449639081954956
76,293,4.0,3.7763614654541016
663,924,3.0,3.4227402210235596
293,160,4.0,3.074629783630371
152,220,5.0,4.176365852355957
749,1337,3.0,2.109356641769409
666,163,3.0,3.5138602256774902
807,505,3.0,4.400633811950684
457,370,3.0,3.128410816192627
932,154,5.0,3.9876742362976074
385,558,2.0,3.211064338684082
561,141,2.0,2.895934820175171
650,180,3.0,3.4215664863586426
869,249,4.0,2.7778124809265137
879,276,4.0,3.726703405380249
688,307,4.0,5.277561664581299
525,595,2.0,2.8329315185546875
256,471,5.0,4.282642364501953
99,25,3.0,3.6235342025756836
639,202,2.0,3.007038116455078
714,111,3.0,3.6416921615600586
504,65,4.0,3.828448534011841
871,197,3.0,3.9118282794952393
503,20,5.0,3.582120895385742
553,238,5.0,4.047110557556152
276,151,5.0,3.872525453567505
608,44,4.0,3.3436217308044434
890,530,4.0,4.314621925354004
474,116,5.0,4.027476787567139
251,845,4.0,3.598902940750122
256,283,3.0,4.508017063140869
148,69,5.0,3.7392983436584473
92,42,4.0,3.643547534942627
339,530,5.0,4.582571506500244
862,230,3.0,4.091692924499512
854,514,4.0,3.452302932739258
187,65,5.0,3.707247018814087
437,684,3.0,3.6777255535125732
296,523,4.0,4.591595649719238
655,860,3.0,2.1859378814697266
929,195,4.0,3.7550950050354004
279,1361,3.0,2.3078184127807617
325,1118,3.0,3.076836585998535
757,1090,2.0,2.4820077419281006
159,25,5.0,3.7610738277435303
97,435,4.0,4.316515922546387
883,19,2.0,4.194980621337891
694,660,3.0,4.070677757263184
158,182,5.0,4.31282377243042
460,293,4.0,3.5972137451171875
624,123,3.0,3.332587242126465
521,1240,3.0,3.28459095954895
401,707,2.0,3.2380220890045166
207,568,4.0,3.3025805950164795
316,531,5.0,3.2399744987487793
639,311,3.0,3.0745670795440674
281,338,2.0,2.6128640174865723
378,1061,2.0,2.965858221054077
565,83,5.0,4.773212432861328
747,1028,1.0,3.3279006481170654
454,483,3.0,3.5082807540893555
151,196,4.0,4.249541282653809
566,856,5.0,3.7129693031311035
903,129,3.0,3.9813899993896484
592,1048,3.0,3.29065203666687
653,573,1.0,2.3462185859680176
312,211,4.0,4.34318733215332
867,603,5.0,4.8012237548828125
854,173,4.0,3.7275524139404297
620,138,5.0,2.7911860942840576
55,678,3.0,2.4403421878814697
329,186,3.0,3.59828782081604
429,387,4.0,3.404653787612915
323,7,2.0,3.8748552799224854
325,650,3.0,3.360426187515259
56,483,4.0,4.725101947784424
521,203,3.0,3.27107310295105
450,252,3.0,3.265115737915039
332,815,4.0,4.0547075271606445
399,288,3.0,3.0234086513519287
456,50,4.0,4.264430999755859
551,155,4.0,3.4120240211486816
890,286,5.0,3.708381414413452
67,546,3.0,3.4973268508911133
268,1188,3.0,2.425771713256836
164,117,5.0,4.671047687530518
595,845,3.0,3.407959461212158
160,412,3.0,2.322618246078491
145,3,3.0,3.226954698562622
81,410,4.0,2.994539976119995
193,1132,3.0,2.789670944213867
546,286,2.0,4.34755802154541
760,1037,5.0,1.6604822874069214
406,480,4.0,4.127945423126221
699,221,4.0,3.4886555671691895
220,294,4.0,3.511976480484009
588,168,5.0,4.323215484619141
201,567,3.0,2.411027193069458
474,193,4.0,4.3500261306762695
378,727,4.0,3.4182262420654297
483,91,3.0,3.1987593173980713
916,1011,4.0,3.1316192150115967
534,294,5.0,3.93672776222229
82,197,4.0,3.7806315422058105
125,210,5.0,4.031795501708984
746,161,3.0,3.4785382747650146
160,3,3.0,3.255523443222046
224,70,2.0,3.1259751319885254
775,750,5.0,3.7519004344940186
638,82,2.0,3.481940984725952
497,96,4.0,3.767781972885132
454,82,4.0,3.019627094268799
274,118,4.0,3.6629958152770996
488,178,4.0,3.8494832515716553
450,421,4.0,3.8255038261413574
924,526,3.0,3.9248223304748535
648,629,4.0,3.248425006866455
854,945,3.0,3.5817337036132812
314,591,5.0,4.1837849617004395
940,382,3.0,3.437375545501709
235,7,4.0,3.7868781089782715
104,751,4.0,2.6474788188934326
279,94,3.0,3.141512393951416
301,161,3.0,3.4575610160827637
694,196,5.0,4.2065558433532715
581,137,5.0,3.8752291202545166
268,72,3.0,2.7749693393707275
508,568,4.0,3.6047310829162598
894,698,4.0,2.831406354904175
510,294,3.0,3.13742733001709
86,889,5.0,3.6421525478363037
898,302,4.0,4.3134260177612305
786,70,4.0,3.7552926540374756
298,275,3.0,4.252267837524414
497,230,2.0,3.2966411113739014
104,1115,4.0,2.6955928802490234
753,304,4.0,3.2332592010498047
883,338,4.0,2.8012702465057373
870,959,4.0,3.4155125617980957
347,403,5.0,3.533381462097168
458,209,4.0,3.9840056896209717
288,520,5.0,4.20304012298584
489,289,2.0,3.546190023422241
82,241,3.0,3.196284294128418
648,21,3.0,2.7158989906311035
363,290,3.0,2.7589621543884277
56,692,4.0,3.85569429397583
898,286,2.0,3.7523083686828613
63,259,3.0,2.341486930847168
794,14,5.0,4.510691165924072
714,477,2.0,3.3129358291625977
217,576,1.0,2.725472927093506
383,484,4.0,4.636375427246094
294,1047,3.0,3.0255963802337646
435,549,3.0,3.4178640842437744
180,1131,5.0,4.372275352478027
603,250,5.0,3.50703501701355
101,1051,2.0,3.0573010444641113
246,746,4.0,3.3219287395477295
409,83,3.0,3.976199150085449
210,274,5.0,3.7552947998046875
703,9,2.0,3.8849823474884033
28,568,4.0,3.735288381576538
13,736,4.0,3.684689998626709
521,496,2.0,3.563197374343872
263,222,4.0,3.795178174972534
297,535,3.0,3.0889487266540527
928,358,5.0,3.089324474334717
716,842,3.0,3.231414318084717
130,1248,3.0,3.770587205886841
655,1268,3.0,3.066804885864258
18,198,3.0,4.151226997375488
246,97,3.0,3.400642156600952
141,880,1.0,3.2168166637420654
716,122,2.0,2.4938371181488037
314,1014,3.0,3.518880844116211
455,1136,3.0,3.260460615158081
828,270,5.0,3.1166460514068604
890,174,5.0,4.326395034790039
694,127,5.0,4.675313472747803
553,178,5.0,4.494024753570557
344,473,4.0,3.224369764328003
694,483,5.0,4.862950801849365
336,275,4.0,3.740804672241211
933,39,3.0,2.63601016998291
464,12,5.0,4.842403888702393
392,493,4.0,4.749335289001465
707,163,2.0,3.5106568336486816
365,948,1.0,2.1896889209747314
932,890,1.0,2.193660020828247
252,290,3.0,3.660418748855591
394,184,3.0,3.826047897338867
450,750,3.0,4.249463081359863
58,645,5.0,3.9390676021575928
214,652,4.0,3.933981418609619
793,1365,2.0,1.379960060119629
1,5,3.0,3.2818517684936523
417,783,3.0,2.6697165966033936
7,606,3.0,4.720428943634033
295,144,4.0,4.386419296264648
721,406,1.0,2.6978724002838135
398,403,4.0,3.353208541870117
399,164,2.0,3.1051082611083984
844,216,5.0,3.7165818214416504
250,235,2.0,3.194734811782837
450,167,5.0,3.388277530670166
37,55,3.0,3.976059675216675
624,319,3.0,3.469510078430176
798,671,2.0,3.5292160511016846
381,283,5.0,3.856919765472412
671,82,4.0,3.9361610412597656
773,639,4.0,3.438596487045288
445,293,3.0,2.341395378112793
766,518,3.0,3.498295307159424
632,55,2.0,3.686755657196045
838,153,4.0,4.052847862243652
872,363,4.0,2.890475034713745
417,769,1.0,2.5450961589813232
141,825,4.0,3.1022849082946777
689,717,3.0,2.91538405418396
711,729,3.0,3.5930278301239014
537,484,4.0,3.390970468521118
434,833,4.0,3.5107579231262207
292,79,5.0,4.518585681915283
73,657,5.0,4.081664562225342
374,717,3.0,2.757171154022217
139,475,5.0,4.161733150482178
207,121,3.0,3.1618995666503906
92,191,4.0,4.074647903442383
889,195,4.0,3.8411362171173096
864,73,5.0,3.716942071914673
28,529,4.0,4.055600166320801
585,1485,3.0,2.9402713775634766
109,154,2.0,3.7140321731567383
326,399,4.0,2.774171829223633
608,187,4.0,4.088449001312256
537,848,3.0,2.6697676181793213
918,174,3.0,3.5810346603393555
297,22,4.0,4.112032413482666
327,559,2.0,2.9386303424835205
660,259,4.0,2.1802592277526855
804,510,5.0,4.192386150360107
298,530,5.0,4.504152297973633
442,42,4.0,3.459655284881592
846,11,5.0,4.133293151855469
643,177,4.0,4.03088903427124
553,56,4.0,4.241509437561035
504,371,3.0,3.564664125442505
583,175,5.0,4.360123634338379
90,482,5.0,4.645002841949463
222,396,1.0,2.778986692428589
691,227,4.0,3.7090487480163574
279,932,3.0,2.8248634338378906
541,924,5.0,3.54874324798584
133,294,3.0,2.866739273071289
615,937,2.0,3.461686372756958
930,244,4.0,2.5624358654022217
192,235,3.0,2.889659881591797
469,610,4.0,4.291181564331055
92,260,1.0,2.437633991241455
312,611,5.0,4.744822025299072
583,483,5.0,4.999008655548096
345,747,3.0,3.571293592453003
160,150,4.0,4.067923545837402
881,54,4.0,3.201390504837036
222,358,2.0,2.5497233867645264
538,692,3.0,3.3547770977020264
3,350,3.0,2.8675248622894287
16,172,5.0,4.957619667053223
708,1280,1.0,2.771338701248169
286,405,3.0,3.6922831535339355
154,191,4.0,4.462215423583984
498,191,4.0,3.689119815826416
507,338,5.0,3.59737491607666
457,66,4.0,4.055103302001953
749,292,4.0,3.7570173740386963
151,419,3.0,4.114959239959717
577,829,3.0,2.9833569526672363
278,286,5.0,3.9395182132720947
43,280,3.0,3.3782262802124023
422,276,5.0,3.756185293197632
751,193,5.0,4.020298004150391
524,239,2.0,3.491150379180908
298,423,5.0,4.084061145782471
437,721,2.0,3.4269821643829346
695,268,5.0,3.675576686859131
59,1074,4.0,3.2634434700012207
766,229,3.0,2.7753074169158936
606,284,4.0,3.5244228839874268
253,243,2.0,2.284392833709717
92,934,2.0,2.6991028785705566
189,1065,5.0,3.881021022796631
788,984,3.0,2.655918836593628
486,995,4.0,3.241853952407837
524,480,4.0,4.067918300628662
393,724,3.0,3.5388731956481934
318,892,3.0,2.8584372997283936
825,926,4.0,3.0540530681610107
629,317,4.0,4.478782653808594
194,241,2.0,3.0393590927124023
901,28,5.0,4.3826799392700195
566,763,4.0,3.066577434539795
130,329,4.0,3.8666036128997803
659,134,4.0,4.323705673217773
815,402,5.0,3.6938905715942383
423,326,4.0,3.357081890106201
450,479,4.0,4.555201530456543
331,306,5.0,3.7228376865386963
59,650,5.0,3.870147228240967
504,204,3.0,4.213070392608643
601,183,4.0,3.4225430488586426
54,302,4.0,4.65820837020874
483,99,3.0,3.2255687713623047
655,734,3.0,2.3455185890197754
608,318,4.0,4.372095108032227
868,81,4.0,3.135819673538208
130,121,5.0,4.18795108795166
548,924,3.0,3.545851230621338
711,181,4.0,4.052478313446045
851,410,4.0,3.3760883808135986
870,65,3.0,3.3938498497009277
246,98,4.0,3.8789961338043213
416,937,2.0,4.03548002243042
109,924,3.0,3.3702900409698486
830,399,5.0,3.202761173248291
472,94,5.0,3.963799476623535
1,182,4.0,4.17095947265625
581,50,4.0,4.403108596801758
655,483,4.0,3.6441574096679688
321,654,4.0,4.077898025512695
527,324,3.0,2.927090644836426
354,660,3.0,3.722485065460205
222,375,1.0,1.891175389289856
151,1006,1.0,3.4537909030914307
883,208,4.0,4.203725337982178
503,246,5.0,4.158002853393555
295,812,4.0,3.42445707321167
94,234,5.0,4.08164119720459
235,1464,4.0,1.8766764402389526
294,363,1.0,3.002197265625
693,428,3.0,3.220247507095337
343,228,5.0,4.16370153427124
216,673,4.0,3.7374682426452637
648,164,4.0,3.462899684906006
858,678,1.0,2.747936248779297
592,50,5.0,4.923569679260254
392,179,5.0,4.361746311187744
387,475,3.0,3.7534265518188477
1,43,4.0,2.9759180545806885
653,258,3.0,3.0170044898986816
548,185,5.0,4.281900405883789
90,317,4.0,4.520884990692139
648,722,3.0,2.7381081581115723
451,876,4.0,2.2697978019714355
590,100,5.0,4.0975341796875
397,358,2.0,2.6088967323303223
788,7,4.0,3.45109224319458
49,172,1.0,3.3413753509521484
727,24,3.0,3.2704763412475586
823,26,5.0,3.8134162425994873
201,631,2.0,3.1035406589508057
269,476,1.0,2.509880542755127
276,800,3.0,3.207489490509033
7,463,4.0,4.304730415344238
774,673,2.0,2.219506025314331
452,481,5.0,3.658043622970581
882,11,4.0,4.412249565124512
18,510,4.0,4.0675249099731445
704,1299,3.0,2.9866364002227783
796,591,3.0,3.813115119934082
354,272,3.0,4.397782325744629
80,45,4.0,4.0649919509887695
406,414,2.0,3.541231393814087
570,258,3.0,3.0283865928649902
505,204,3.0,3.598998546600342
32,100,3.0,3.8869149684906006
883,306,3.0,4.206415176391602
606,100,5.0,4.678147792816162
506,261,3.0,2.468155860900879
447,508,3.0,3.6681196689605713
106,211,4.0,3.9125866889953613
151,462,4.0,4.140631675720215
774,218,1.0,2.2648959159851074
215,157,4.0,3.7965078353881836
882,369,3.0,2.9865031242370605
888,153,4.0,4.204766750335693
608,157,1.0,3.595277786254883
578,258,1.0,3.1411709785461426
893,50,5.0,4.606481552124023
543,770,4.0,3.1913533210754395
417,1539,2.0,1.8092752695083618
521,246,4.0,3.393935203552246
861,45,5.0,4.338174819946289
25,7,4.0,3.95204496383667
595,14,5.0,4.005836009979248
356,892,1.0,2.7382709980010986
85,516,4.0,3.8227121829986572
248,114,5.0,4.0157694816589355
384,316,5.0,4.812207221984863
720,345,2.0,3.6766674518585205
634,1009,2.0,3.4739091396331787
619,809,1.0,3.1151700019836426
216,172,4.0,4.507155895233154
676,250,4.0,3.4871280193328857
339,488,5.0,4.6386260986328125
91,474,3.0,4.384848117828369
823,83,3.0,4.475066184997559
648,384,4.0,2.6516640186309814
341,1527,4.0,2.795583486557007
655,578,2.0,2.754850387573242
234,430,4.0,3.448234796524048
144,73,3.0,3.411207914352417
538,127,5.0,4.022756099700928
588,125,3.0,3.8436899185180664
122,519,4.0,4.494027137756348
846,510,4.0,4.2027435302734375
182,123,4.0,3.1190338134765625
85,135,5.0,3.79162335395813
871,359,3.0,3.365633726119995
184,22,3.0,4.187904357910156
943,443,2.0,3.974813938140869
286,763,2.0,3.603700876235962
628,330,5.0,3.7657599449157715
499,463,5.0,3.7517025470733643
250,159,4.0,3.466066598892212
769,111,5.0,3.4131405353546143
870,603,5.0,4.190487861633301
632,763,3.0,3.2703568935394287
23,70,2.0,3.4967048168182373
655,144,3.0,3.17520809173584
840,432,5.0,3.9919981956481934
938,240,2.0,2.836379051208496
530,88,4.0,3.5655555725097656
293,39,3.0,2.985846757888794
327,196,4.0,3.4903712272644043
399,697,2.0,2.989671468734741
213,628,5.0,3.855501413345337
586,22,3.0,3.936633586883545
128,508,4.0,3.6377134323120117
807,393,4.0,3.7148213386535645
665,298,3.0,3.6199381351470947
24,763,5.0,3.743596076965332
284,301,5.0,3.221263885498047
683,332,3.0,3.0402965545654297
806,200,4.0,3.998844623565674
486,879,3.0,2.9387741088867188
264,93,5.0,4.271366119384766
474,518,4.0,4.106577396392822
95,144,5.0,3.8004467487335205
213,151,5.0,4.037897109985352
457,222,5.0,4.086047172546387
722,117,4.0,4.067216873168945
209,127,5.0,3.856884002685547
56,720,3.0,3.0398788452148438
477,275,5.0,5.338502407073975
373,414,3.0,3.731802463531494
796,48,3.0,4.208230972290039
739,751,3.0,3.15922474861145
608,268,4.0,3.695387840270996
561,154,4.0,3.125605583190918
308,1126,3.0,3.5370075702667236
65,476,3.0,3.1001009941101074
189,283,5.0,3.9152848720550537
299,778,4.0,3.406799793243408
43,729,4.0,3.629150390625
624,235,4.0,3.0964040756225586
899,483,4.0,4.334245681762695
115,20,3.0,3.561049461364746
116,288,3.0,2.948974609375
827,329,3.0,3.018698215484619
207,282,4.0,3.4070475101470947
452,455,1.0,3.018583297729492
425,271,5.0,2.811335802078247
147,904,5.0,3.9464645385742188
303,1411,2.0,2.8240954875946045
717,268,5.0,4.117196083068848
848,490,5.0,4.435771465301514
503,318,5.0,4.736589431762695
98,502,2.0,3.5249288082122803
281,308,1.0,3.2751858234405518
290,450,2.0,2.3282036781311035
417,208,3.0,3.9113869667053223
429,535,2.0,3.2062621116638184
886,76,4.0,3.3595664501190186
533,1291,1.0,2.526139259338379
314,72,2.0,3.606686592102051
15,303,3.0,3.193603754043579
616,292,4.0,3.8152353763580322
312,644,5.0,4.258575439453125
106,584,4.0,3.5469112396240234
592,92,5.0,4.1309685707092285
293,258,3.0,3.3373055458068848
630,975,4.0,2.9329209327697754
373,186,5.0,3.9242923259735107
533,147,1.0,3.2501425743103027
7,431,4.0,4.017987251281738
221,386,3.0,2.896265745162964
903,87,4.0,4.196739196777344
880,254,2.0,2.5642056465148926
887,127,3.0,4.879955291748047
697,689,4.0,3.476447820663452
553,23,5.0,4.435502052307129
776,442,2.0,1.1137547492980957
907,934,4.0,3.745363473892212
711,447,4.0,3.6386516094207764
326,563,3.0,2.2725515365600586
330,252,4.0,3.706144094467163
394,228,5.0,4.24736213684082
751,434,4.0,3.952043056488037
5,371,1.0,2.9829442501068115
886,168,4.0,3.936274528503418
429,250,2.0,3.423253059387207
398,497,3.0,3.8808984756469727
655,944,3.0,2.598057508468628
524,24,3.0,3.2651913166046143
64,1141,5.0,3.033341407775879
802,56,3.0,4.194781303405762
446,340,2.0,2.9117112159729004
924,258,3.0,3.707516670227051
650,546,1.0,2.540015935897827
181,292,1.0,1.7537429332733154
11,11,2.0,3.776343822479248
291,168,5.0,4.605339527130127
410,328,3.0,3.204468250274658
790,959,3.0,3.315143585205078
728,287,4.0,3.8319008350372314
506,699,4.0,3.8480215072631836
825,595,3.0,3.205890417098999
13,651,5.0,3.8911545276641846
514,713,3.0,3.845543146133423
734,607,5.0,3.7380058765411377
287,347,4.0,4.088103294372559
934,168,4.0,4.0869460105896
592,295,4.0,3.833251953125
452,805,4.0,3.4432339668273926
650,197,4.0,3.484066963195801
339,186,4.0,4.200050354003906
573,127,4.0,4.092052936553955
293,67,3.0,2.704291582107544
429,652,4.0,3.889882802963257
38,678,5.0,3.24311900138855
749,1274,2.0,1.8790881633758545
813,243,3.0,2.2582085132598877
318,968,3.0,3.990112543106079
74,331,4.0,3.618192195892334
507,288,5.0,4.712140083312988
151,423,4.0,4.162820339202881
387,772,4.0,2.9156930446624756
244,9,5.0,4.038023948669434
130,627,5.0,3.813335418701172
801,895,5.0,4.248804092407227
59,59,5.0,4.4085493087768555
11,718,5.0,3.5496654510498047
206,300,1.0,2.7119040489196777
817,7,4.0,3.6181931495666504
115,92,4.0,3.804426431655884
213,405,3.0,3.632850408554077
594,286,3.0,3.238341808319092
535,506,5.0,3.9335851669311523
600,449,4.0,3.2436819076538086
600,176,5.0,4.220320701599121
691,182,5.0,4.532998561859131
800,121,4.0,3.6039600372314453
586,581,2.0,2.9463870525360107
244,40,2.0,3.375485897064209
741,95,2.0,3.8249528408050537
270,869,1.0,3.851597309112549
534,1028,5.0,3.9124279022216797
21,979,2.0,3.191643714904785
142,28,4.0,4.062115669250488
792,831,2.0,2.3742218017578125
664,302,4.0,4.187990188598633
254,230,4.0,3.155122995376587
663,121,4.0,3.5363197326660156
525,1011,3.0,3.204026937484741
21,696,2.0,2.9088635444641113
835,210,5.0,4.308835029602051
943,229,2.0,3.070528268814087
10,495,4.0,4.051741600036621
658,69,4.0,3.6934890747070312
747,202,4.0,4.14412260055542
458,333,1.0,3.5288262367248535
654,1035,4.0,3.1066503524780273
347,268,4.0,3.844780445098877
436,761,4.0,3.1545190811157227
711,763,1.0,3.360144853591919
206,314,1.0,0.9216942191123962
203,258,3.0,4.044998645782471
178,783,4.0,2.8817098140716553
234,1064,4.0,2.476240873336792
559,508,3.0,3.3423118591308594
678,287,3.0,3.49796199798584
275,173,3.0,3.6760711669921875
314,7,4.0,4.240546226501465
148,501,4.0,3.4848451614379883
158,228,5.0,4.089136123657227
738,651,4.0,3.985377311706543
378,1232,3.0,2.5059597492218018
835,1673,3.0,0.7925676703453064
807,168,4.0,4.465526580810547
243,191,5.0,4.210501670837402
110,28,4.0,3.735706329345703
773,809,1.0,2.870201587677002
417,420,4.0,3.4557487964630127
719,87,2.0,3.5892930030822754
479,304,4.0,3.2892937660217285
655,712,3.0,2.7531535625457764
764,216,4.0,4.0692219734191895
648,62,5.0,3.0739283561706543
26,298,3.0,3.2454893589019775
889,664,2.0,3.6702780723571777
749,240,1.0,2.9342691898345947
339,99,4.0,4.001887321472168
603,380,4.0,3.4750356674194336
291,800,2.0,3.476166248321533
488,418,3.0,3.221404790878296
833,226,3.0,2.836996555328369
308,24,4.0,3.536327362060547
497,175,4.0,3.703256845474243
303,997,2.0,2.2747867107391357
890,89,4.0,4.231596946716309
727,977,2.0,2.588852882385254
385,631,3.0,3.1127936840057373
596,682,4.0,3.264206886291504
798,602,3.0,3.525961399078369
846,562,5.0,3.3501217365264893
478,780,3.0,2.863450527191162
259,288,3.0,3.5730016231536865
903,89,4.0,4.358733177185059
766,202,3.0,3.480623960494995
605,210,3.0,3.992325782775879
588,24,2.0,3.6670360565185547
487,378,5.0,4.015490531921387
268,574,2.0,1.9729235172271729
396,260,3.0,2.84363055229187
546,590,4.0,2.2976832389831543
435,64,5.0,4.219120979309082
489,303,4.0,4.203690052032471
455,279,3.0,3.1920292377471924
154,945,3.0,4.278501033782959
276,595,2.0,2.9563345909118652
207,88,2.0,3.184136390686035
510,1025,3.0,2.558884620666504
59,134,5.0,4.635700702667236
416,588,5.0,4.30841064453125
530,64,5.0,4.477255821228027
281,310,4.0,3.850085973739624
533,88,4.0,3.3256735801696777
196,116,3.0,3.8284826278686523
114,186,3.0,3.506466865539551
894,289,2.0,3.0254459381103516
539,258,4.0,4.004158973693848
900,480,4.0,3.048618793487549
904,603,4.0,4.57344388961792
159,364,1.0,2.9822609424591064
504,756,3.0,3.0599873065948486
533,245,3.0,3.062211513519287
846,1055,3.0,3.3805015087127686
38,465,5.0,4.143523216247559
296,248,5.0,3.967644691467285
798,38,4.0,2.8428685665130615
837,535,1.0,3.195751905441284
293,196,4.0,3.560192108154297
407,316,4.0,3.8627781867980957
234,482,4.0,3.465296506881714
11,107,4.0,3.511029005050659
638,515,4.0,4.036713123321533
185,740,4.0,3.584397792816162
862,100,5.0,4.904762268066406
162,1011,4.0,3.346386671066284
487,289,2.0,3.212132215499878
771,243,3.0,2.368633270263672
269,488,4.0,3.572563409805298
639,60,3.0,3.238306999206543
407,218,4.0,3.3846263885498047
735,690,4.0,3.1152870655059814
469,490,5.0,4.614830017089844
92,955,4.0,3.3386237621307373
393,153,3.0,3.8137474060058594
488,742,4.0,3.232297658920288
181,1277,2.0,1.600271224975586
58,955,4.0,3.4794535636901855
13,154,5.0,3.6348886489868164
211,228,3.0,3.194667100906372
109,147,4.0,3.4329450130462646
117,895,2.0,3.6666505336761475
566,705,4.0,3.72247576713562
525,475,3.0,3.8312034606933594
361,226,3.0,3.1586503982543945
290,515,3.0,4.093189716339111
664,678,2.0,2.567230463027954
706,325,1.0,2.6716408729553223
474,737,4.0,3.2558035850524902
566,378,4.0,3.436678886413574
804,468,4.0,3.45924711227417
524,504,5.0,3.75903582572937
235,474,5.0,4.2790446281433105
428,347,4.0,3.996041774749756
425,976,1.0,1.8667097091674805
190,294,3.0,3.143916130065918
45,476,3.0,3.2748231887817383
304,682,3.0,2.9791531562805176
888,762,5.0,3.8213846683502197
249,1069,5.0,3.8425188064575195
846,232,3.0,3.538055181503296
416,1400,4.0,3.5517585277557373
72,471,4.0,3.47029185295105
389,100,5.0,4.32994270324707
13,629,1.0,3.2288756370544434
533,1033,4.0,2.394864082336426
638,204,5.0,3.6306018829345703
615,300,4.0,3.1954503059387207
843,25,2.0,2.62475848197937
363,234,3.0,3.3625006675720215
304,893,3.0,2.323758602142334
200,380,5.0,4.0760016441345215
13,750,5.0,3.471494436264038
416,185,4.0,4.5562310218811035
380,315,4.0,3.469639301300049
684,742,4.0,3.573199510574341
299,607,4.0,3.8332314491271973
268,223,3.0,3.7572991847991943
135,39,3.0,3.184807062149048
342,1315,1.0,3.343024730682373
184,117,2.0,3.636509895324707
757,1016,3.0,3.261988878250122
327,23,4.0,3.8206748962402344
308,127,4.0,4.501575469970703
619,252,3.0,2.9257187843322754
249,476,3.0,3.2331395149230957
880,1423,3.0,1.4324653148651123
151,628,5.0,3.8148670196533203
659,517,5.0,4.000933647155762
682,419,3.0,3.5263545513153076
766,136,3.0,3.8038365840911865
145,410,4.0,3.2565696239471436
766,499,3.0,3.7507619857788086
72,195,5.0,3.992926836013794
476,239,4.0,3.719437837600708
437,1206,4.0,2.754540205001831
875,582,5.0,3.8528950214385986
796,449,4.0,3.2313108444213867
606,11,5.0,4.384675025939941
632,237,3.0,3.556731939315796
660,210,4.0,3.08724308013916
62,91,4.0,3.3779561519622803
918,381,5.0,3.0336530208587646
666,70,4.0,3.5118355751037598
132,124,4.0,4.008522987365723
412,4,3.0,3.612989902496338
670,175,2.0,3.7697348594665527
216,81,4.0,3.828566312789917
324,873,5.0,3.747251272201538
279,919,3.0,3.6652815341949463
665,931,3.0,2.0688703060150146
781,318,3.0,4.52718448638916
244,550,1.0,3.5936858654022217
748,474,4.0,3.943481206893921
239,701,5.0,3.972961664199829
83,756,4.0,2.9676802158355713
347,182,5.0,4.111952304840088
476,451,3.0,3.4073092937469482
899,51,1.0,3.360347270965576
623,15,4.0,3.5500922203063965
462,288,5.0,3.93293833732605
398,654,4.0,4.177104473114014
219,269,5.0,4.207826614379883
328,754,4.0,3.298511505126953
882,1412,3.0,1.7738856077194214
401,204,5.0,3.2059550285339355
725,15,4.0,4.010195255279541
459,596,3.0,3.4202208518981934
219,936,4.0,4.106248378753662
766,217,4.0,2.9443271160125732
697,7,5.0,4.311077117919922
787,305,3.0,3.521399974822998
417,325,2.0,2.6894078254699707
450,728,3.0,3.3353991508483887
186,298,3.0,3.859175443649292
665,234,3.0,3.661722183227539
545,549,4.0,3.5712461471557617
435,211,4.0,3.7178709506988525
805,223,5.0,4.141022682189941
321,730,3.0,3.5309455394744873
763,462,5.0,3.8770194053649902
291,571,2.0,2.8374266624450684
263,378,5.0,4.025917053222656
572,300,4.0,3.141768455505371
831,328,3.0,3.1638331413269043
639,197,3.0,3.278273105621338
815,127,3.0,4.481390476226807
711,365,3.0,3.478250026702881
59,609,2.0,3.81540584564209
222,418,2.0,3.3379595279693604
387,1198,3.0,3.1184306144714355
5,110,1.0,2.4592132568359375
293,1147,4.0,3.44681978225708
283,168,5.0,4.747861385345459
535,64,5.0,4.4583539962768555
9,487,5.0,4.4324870109558105
913,202,4.0,3.4330573081970215
848,393,5.0,3.593341112136841
739,216,4.0,3.444955348968506
354,10,5.0,3.855468988418579
897,405,5.0,3.7272090911865234
4,328,3.0,4.520529270172119
542,1,4.0,3.7376883029937744
763,198,5.0,4.180950164794922
880,328,4.0,3.5967893600463867
748,86,4.0,3.6583476066589355
201,1128,4.0,2.4458422660827637
830,56,2.0,4.056922912597656
38,211,1.0,4.5095930099487305
189,276,3.0,3.9091989994049072
334,403,4.0,3.284755229949951
224,329,3.0,2.8127081394195557
256,724,4.0,4.286295413970947
292,199,5.0,4.856566429138184
11,291,4.0,3.248666524887085
498,50,4.0,3.811133861541748
841,307,5.0,3.8985865116119385
396,977,3.0,2.8803200721740723
378,1478,3.0,2.8228542804718018
416,284,4.0,3.5530388355255127
697,881,2.0,3.3114914894104004
655,900,3.0,3.2594757080078125
693,258,4.0,3.1240687370300293
637,13,1.0,2.498961925506592
60,180,4.0,4.357375144958496
354,135,3.0,3.911229372024536
618,148,3.0,2.9580085277557373
36,875,3.0,2.8188931941986084
807,477,4.0,3.534878730773926
810,326,5.0,4.408018112182617
625,528,3.0,3.813089370727539
653,546,2.0,2.3442556858062744
320,470,5.0,4.198578834533691
6,521,4.0,3.7042548656463623
7,259,3.0,2.880916118621826
222,636,4.0,3.1187374591827393
254,1444,3.0,2.2762036323547363
23,275,5.0,3.842690944671631
374,233,3.0,3.2054357528686523
295,389,4.0,3.9937777519226074
846,95,3.0,3.990006446838379
825,106,4.0,3.2161428928375244
483,405,3.0,2.93426251411438
843,145,3.0,2.040269374847412
504,162,4.0,3.9129745960235596
330,204,5.0,4.929198265075684
897,498,5.0,4.681857109069824
276,463,4.0,3.926856517791748
524,416,4.0,3.2566301822662354
465,603,4.0,3.729631185531616
279,685,3.0,3.194652557373047
883,55,4.0,3.879408836364746
269,747,4.0,2.904585361480713
787,350,1.0,3.304779291152954
429,510,4.0,4.010450839996338
181,1373,1.0,0.6367178559303284
682,943,3.0,3.338988780975342
618,655,4.0,3.645094394683838
301,790,4.0,2.9143378734588623
254,103,2.0,1.9921842813491821
200,523,4.0,4.998570919036865
535,197,5.0,4.171967029571533
435,358,4.0,2.5680429935455322
655,1011,3.0,2.8142495155334473
450,549,3.0,3.9439611434936523
318,94,4.0,3.2818474769592285
828,557,2.0,3.1108222007751465
44,172,4.0,4.18949556350708
749,984,3.0,2.9044108390808105
269,1154,3.0,2.4011452198028564
758,231,3.0,3.0228934288024902
279,1162,3.0,1.3120789527893066
94,472,3.0,3.156442165374756
485,321,3.0,2.7212095260620117
299,602,3.0,3.555346965789795
151,88,5.0,3.803123712539673
271,220,3.0,3.16713809967041
45,15,4.0,4.003387928009033
921,778,3.0,3.2921669483184814
655,803,3.0,2.1839599609375
864,734,3.0,2.8559868335723877
48,524,3.0,3.99698805809021
416,213,5.0,4.532221794128418
593,4,4.0,3.695180892944336
514,682,4.0,3.0137009620666504
378,295,3.0,3.4682135581970215
160,56,5.0,4.28546142578125
234,808,2.0,2.531128168106079
429,385,3.0,3.5752058029174805
843,379,2.0,2.3750059604644775
610,172,4.0,4.238624572753906
244,197,4.0,4.461103916168213
627,177,5.0,3.6110472679138184
655,475,3.0,3.2546005249023438
655,1213,2.0,1.9415090084075928
841,751,3.0,3.839536428451538
882,471,4.0,3.937561511993408
577,1271,3.0,2.833606719970703
203,257,3.0,3.9758667945861816
248,928,3.0,2.8651630878448486
288,286,4.0,3.672593355178833
299,733,3.0,3.437912702560425
653,765,1.0,2.11513614654541
880,375,1.0,2.1929633617401123
328,1109,3.0,3.262336254119873
58,9,4.0,3.725691556930542
521,240,3.0,2.487720251083374
332,934,2.0,3.51883602142334
845,1234,4.0,1.9508531093597412
62,21,3.0,2.5861878395080566
698,516,2.0,2.9508979320526123
215,288,2.0,3.4695472717285156
548,370,3.0,2.9139068126678467
339,156,5.0,4.193223476409912
159,117,5.0,4.113712787628174
194,640,1.0,2.734952211380005
194,417,2.0,2.763422966003418
699,828,3.0,2.516251802444458
244,95,4.0,4.106489181518555
145,486,3.0,4.05214786529541
267,685,3.0,3.681535243988037
437,42,3.0,3.7520275115966797
880,85,3.0,3.2363052368164062
267,474,5.0,4.8725433349609375
682,187,5.0,3.954054117202759
661,70,4.0,3.6992287635803223
653,286,4.0,2.8442184925079346
318,282,4.0,3.98519229888916
690,70,2.0,3.2782974243164062
21,980,2.0,3.205127239227295
297,588,4.0,3.6224968433380127
897,179,3.0,4.296770095825195
523,662,4.0,4.006970405578613
663,260,2.0,2.625185012817383
435,157,4.0,3.4879794120788574
59,47,5.0,3.853015661239624
13,852,1.0,0.6776199340820312
296,276,5.0,4.070918083190918
654,121,4.0,3.4727296829223633
195,678,3.0,2.73321795463562
3,344,4.0,3.2959442138671875
748,173,4.0,3.8677313327789307
817,876,4.0,2.6269989013671875
308,73,3.0,3.5399043560028076
774,234,2.0,2.422597885131836
414,313,4.0,4.827571392059326
18,242,5.0,4.178830623626709
407,202,4.0,3.585777759552002
936,118,3.0,3.481633424758911
774,178,4.0,2.6232006549835205
743,276,5.0,3.73380970954895
354,47,4.0,3.473411798477173
566,49,2.0,3.094829559326172
221,358,3.0,2.6561038494110107
268,949,2.0,3.006650447845459
102,501,2.0,2.6396324634552
782,1378,2.0,2.029438018798828
795,588,5.0,3.3961174488067627
1,175,5.0,4.112971305847168
185,196,4.0,4.030792236328125
145,411,2.0,3.0541534423828125
287,218,5.0,4.110078811645508
488,514,2.0,3.5026063919067383
750,269,4.0,3.886103391647339
336,619,3.0,3.1107234954833984
6,490,5.0,3.858180522918701
394,797,3.0,3.4684510231018066
197,306,2.0,3.9009625911712646
435,155,3.0,2.971282958984375
43,531,4.0,4.134672164916992
201,222,3.0,3.080176830291748
532,22,5.0,5.2502570152282715
664,513,4.0,4.477697372436523
356,331,3.0,3.5306143760681152
524,474,4.0,4.033037185668945
663,685,4.0,3.344338893890381
622,162,3.0,3.6842501163482666
44,196,4.0,3.8424205780029297
457,318,5.0,5.219326496124268
655,1018,3.0,2.7791473865509033
271,216,5.0,3.738243818283081
13,821,3.0,2.9601480960845947
286,642,3.0,3.711019515991211
130,413,3.0,3.1236379146575928
145,100,5.0,4.356900215148926
342,792,3.0,3.7125611305236816
299,173,5.0,3.9825263023376465
655,619,3.0,2.736152172088623
788,231,3.0,2.557568073272705
417,743,2.0,1.9953677654266357
401,724,4.0,2.893979072570801
268,232,3.0,2.962125778198242
72,679,2.0,3.072939157485962
921,924,3.0,3.0761590003967285
181,3,2.0,1.4688773155212402
779,117,4.0,4.108882427215576
774,1091,1.0,1.7193517684936523
397,343,2.0,3.092708110809326
843,227,3.0,2.5198097229003906
823,450,1.0,2.6507508754730225
113,292,3.0,4.084205627441406
233,215,5.0,4.125443935394287
314,468,4.0,3.7008554935455322
454,185,2.0,3.1136298179626465
51,485,1.0,3.553668975830078
682,281,3.0,2.89082407951355
257,531,5.0,4.409572124481201
592,702,4.0,3.537749767303467
328,528,5.0,4.142135143280029
13,327,3.0,3.053501844406128
213,97,5.0,4.1863203048706055
176,151,4.0,3.8492202758789062
347,1,4.0,3.951295852661133
794,109,4.0,4.049108505249023
838,121,2.0,3.7140965461730957
540,281,3.0,3.235151529312134
903,59,4.0,4.239133834838867
312,968,5.0,4.212861061096191
271,642,5.0,3.347529172897339
279,663,3.0,3.7122251987457275
533,591,4.0,3.479562997817993
52,471,4.0,4.016141891479492
184,93,4.0,3.6541690826416016
195,135,5.0,3.95294189453125
828,316,5.0,3.520249843597412
796,322,3.0,3.283585786819458
378,744,3.0,3.5020151138305664
378,546,2.0,2.988055944442749
57,249,5.0,3.4578778743743896
189,199,5.0,4.594177722930908
667,23,3.0,4.316310882568359
301,3,2.0,3.093200922012329
297,751,4.0,3.3261451721191406
515,258,4.0,3.3210058212280273
796,282,4.0,3.924121856689453
380,28,4.0,3.295560121536255
339,484,5.0,4.677608013153076
368,288,3.0,3.261106491088867
72,45,5.0,4.039461135864258
618,181,5.0,3.7182421684265137
687,323,2.0,3.11775541305542
397,332,2.0,3.168672800064087
344,246,4.0,4.0086259841918945
303,233,4.0,3.3375113010406494
488,612,4.0,3.6101646423339844
305,190,3.0,3.899225950241089
85,301,4.0,2.9478659629821777
9,50,5.0,4.81205415725708
125,238,3.0,3.8913731575012207
201,56,5.0,3.579228401184082
934,771,3.0,2.6006059646606445
884,515,4.0,4.1436767578125
472,323,4.0,3.807316541671753
75,118,3.0,3.2501862049102783
524,501,2.0,3.3023455142974854
151,301,4.0,3.4988300800323486
197,177,5.0,3.861567258834839
437,56,4.0,4.053999900817871
346,127,5.0,4.19732666015625
547,315,4.0,4.256977081298828
757,1240,3.0,3.6745853424072266
846,241,4.0,3.705700159072876
682,623,3.0,2.736276865005493
639,61,3.0,3.1434130668640137
761,261,1.0,2.168466091156006
76,1153,2.0,3.733604907989502
904,815,4.0,3.4678452014923096
892,274,4.0,3.644425392150879
62,22,4.0,3.979524850845337
398,692,4.0,3.557347536087036
192,284,5.0,3.070683240890503
7,449,3.0,3.5375895500183105
241,880,5.0,2.872713327407837
741,239,2.0,3.6795802116394043
543,651,3.0,3.8244473934173584
328,284,3.0,3.0846428871154785
48,243,3.0,2.2503318786621094
627,2,3.0,2.948331356048584
934,660,5.0,3.8117337226867676
542,523,4.0,3.986090660095215
786,429,4.0,4.09450626373291
707,9,5.0,3.6466832160949707
609,287,5.0,2.8727943897247314
286,1060,5.0,3.326417922973633
542,23,5.0,4.1172380447387695
37,403,5.0,3.6900110244750977
692,287,3.0,3.4654836654663086
303,763,4.0,3.410247325897217
294,406,2.0,2.7670304775238037
387,203,4.0,3.634571075439453
787,269,3.0,3.8476343154907227
495,969,4.0,4.4838738441467285
610,331,3.0,3.330665111541748
160,763,4.0,3.50624942779541
249,89,5.0,4.58601188659668
918,213,5.0,3.4099178314208984
459,678,4.0,2.918950319290161
625,172,4.0,3.8244287967681885
566,33,2.0,3.241985321044922
855,462,4.0,3.204937696456909
648,225,1.0,2.7496497631073
663,544,4.0,3.2648284435272217
301,429,4.0,3.9004533290863037
230,211,5.0,4.062582015991211
346,1090,2.0,2.507739305496216
229,358,1.0,2.104841947555542
532,545,2.0,2.2222139835357666
747,649,3.0,3.7054800987243652
918,747,3.0,2.946331024169922
279,659,5.0,3.9266538619995117
900,1028,2.0,2.178847312927246
457,53,4.0,3.4936108589172363
291,413,4.0,2.890068769454956
164,121,5.0,4.329025745391846
650,849,2.0,2.3712730407714844
541,1036,2.0,2.9189438819885254
269,111,1.0,2.889840841293335
503,640,1.0,3.259077787399292
545,578,4.0,3.244673013687134
130,393,5.0,4.027613162994385
716,1050,4.0,3.763704538345337
102,436,2.0,2.793623447418213
101,928,2.0,2.883289337158203
380,1444,1.0,2.1042561531066895
919,1315,2.0,3.408306360244751
460,289,4.0,2.890634298324585
396,329,2.0,3.52215313911438
739,79,4.0,3.5852205753326416
185,480,4.0,4.468911170959473
385,367,4.0,3.0712547302246094
334,549,4.0,3.426469087600708
843,288,4.0,2.7047224044799805
236,195,2.0,3.7465202808380127
405,521,4.0,2.2751519680023193
178,654,3.0,4.500823020935059
718,111,4.0,3.704556465148926
254,82,4.0,3.401792287826538
180,462,5.0,4.007842063903809
94,1224,3.0,3.014829158782959
94,63,3.0,3.2958133220672607
785,288,3.0,3.452218770980835
342,762,2.0,3.3715338706970215
207,841,3.0,2.5071287155151367
625,945,3.0,3.6262857913970947
537,91,2.0,2.8803093433380127
897,73,3.0,3.8067634105682373
79,813,5.0,4.33029842376709
393,316,5.0,4.124663352966309
577,79,4.0,4.352784156799316
295,722,4.0,3.338853359222412
118,919,5.0,4.746021270751953
881,222,5.0,3.4865777492523193
343,25,2.0,3.710913896560669
442,710,5.0,3.3899242877960205
846,132,5.0,4.301388740539551
286,73,5.0,3.711102247238159
429,1011,4.0,3.312288284301758
435,333,3.0,3.404879570007324
711,277,5.0,3.632678985595703
287,50,5.0,5.061931133270264
851,693,5.0,3.945089101791382
804,2,4.0,3.4081106185913086
616,313,5.0,4.627626419067383
454,238,3.0,2.9778332710266113
224,157,4.0,3.162590980529785
648,810,4.0,2.799589157104492
629,301,3.0,3.4937541484832764
650,97,3.0,3.2226719856262207
320,148,4.0,3.633255958557129
625,433,3.0,3.3518803119659424
402,476,3.0,3.204396963119507
416,684,5.0,4.172911643981934
921,328,5.0,3.144364356994629
409,178,5.0,4.219377517700195
551,25,1.0,3.749145746231079
715,276,3.0,3.6065845489501953
374,15,3.0,3.604212999343872
306,1028,2.0,3.172616481781006
344,1014,4.0,3.0904386043548584
121,717,5.0,2.698469400405884
347,273,5.0,3.646031141281128
262,71,4.0,3.4955525398254395
453,68,4.0,3.3569412231445312
508,181,3.0,3.9496824741363525
472,229,5.0,3.824601650238037
883,61,5.0,4.150899887084961
149,258,3.0,3.1199731826782227
706,245,3.0,3.0325686931610107
102,746,2.0,2.839111328125
315,276,4.0,3.9305479526519775
582,597,3.0,2.927729606628418
453,33,4.0,3.414691925048828
222,223,4.0,3.9751477241516113
378,559,4.0,3.285599946975708
343,163,5.0,3.9826653003692627
225,172,5.0,4.946289539337158
796,1076,2.0,2.582852840423584
95,505,3.0,4.023923873901367
423,690,4.0,3.388671636581421
602,871,3.0,2.9625372886657715
129,288,1.0,2.69187331199646
774,449,1.0,1.9837985038757324
230,371,4.0,3.5094234943389893
495,181,5.0,4.6089606285095215
621,559,5.0,3.503385305404663
679,8,2.0,3.7748076915740967
202,286,1.0,2.793792247772217
943,471,5.0,3.535224199295044
22,386,3.0,2.971064805984497
181,118,2.0,1.7110531330108643
374,88,3.0,3.4647104740142822
435,52,5.0,3.7167420387268066
437,417,5.0,3.2540700435638428
664,276,5.0,3.6496164798736572
403,405,5.0,3.5567212104797363
269,237,2.0,2.9861674308776855
38,69,5.0,4.37509822845459
376,707,4.0,3.9644346237182617
268,780,3.0,2.6946372985839844
497,187,5.0,3.908726692199707
896,358,1.0,2.3415441513061523
828,86,3.0,3.4274773597717285
593,79,4.0,4.154863357543945
432,315,5.0,4.430285930633545
504,693,4.0,3.8396995067596436
919,690,3.0,3.4848737716674805
299,435,3.0,3.8019466400146484
880,28,5.0,4.142472743988037
405,57,1.0,2.373462438583374
687,340,4.0,3.6015121936798096
360,523,3.0,4.24963903427124
374,619,3.0,3.2661211490631104
361,514,5.0,3.7983274459838867
87,73,3.0,3.8845016956329346
833,127,5.0,3.7953038215637207
499,193,4.0,3.9349420070648193
456,101,3.0,3.265627384185791
125,1036,2.0,2.8004889488220215
699,764,3.0,2.609191417694092
778,712,3.0,2.5640370845794678
249,182,5.0,4.429788589477539
299,381,3.0,3.3581013679504395
621,241,4.0,3.7525720596313477
92,101,2.0,3.193744659423828
727,22,4.0,4.104355812072754
889,60,3.0,3.847675323486328
643,12,5.0,4.434419631958008
169,495,3.0,3.6072919368743896
437,781,4.0,3.3157103061676025
877,226,3.0,3.38627290725708
606,15,5.0,4.127498626708984
10,698,4.0,3.0946297645568848
592,985,4.0,3.448341131210327
399,1219,3.0,2.561054229736328
938,1152,3.0,3.339280128479004
66,1,3.0,3.9191064834594727
585,166,4.0,4.093585968017578
269,417,2.0,2.687936544418335
682,17,3.0,3.058168649673462
880,636,3.0,3.4833781719207764
650,579,3.0,2.4115376472473145
354,515,3.0,4.371129512786865
528,178,4.0,4.3619842529296875
5,421,1.0,3.18819522857666
534,455,5.0,4.160266876220703
60,173,4.0,4.470273971557617
452,509,4.0,3.558681011199951
536,416,4.0,3.601691246032715
789,591,3.0,3.586892604827881
224,686,4.0,3.1405677795410156
805,162,2.0,3.56378173828125
399,232,2.0,2.940544843673706
486,1322,3.0,2.626471996307373
548,12,5.0,4.5718231201171875
279,977,4.0,2.697948455810547
21,853,5.0,3.5018317699432373
249,175,4.0,4.36635684967041
151,485,5.0,4.2009124755859375
301,758,3.0,1.8642977476119995
683,132,5.0,3.7312381267547607
659,241,3.0,3.596086263656616
802,219,5.0,3.473424196243286
488,480,3.0,3.8650741577148438
712,812,4.0,3.144857406616211
881,202,4.0,3.6444642543792725
68,1028,4.0,2.617629289627075
880,109,4.0,3.7644155025482178
660,219,1.0,2.6029675006866455
548,504,5.0,4.2010931968688965
457,436,4.0,4.258613586425781
38,218,3.0,4.144381523132324
891,476,5.0,3.535202980041504
181,262,2.0,1.6034680604934692
391,12,5.0,4.299513339996338
315,178,4.0,4.633448123931885
472,100,5.0,5.315611839294434
896,1220,1.0,3.039186954498291
207,107,3.0,3.266036033630371
303,550,3.0,3.4338552951812744
458,499,4.0,4.116123199462891
453,423,4.0,3.705446481704712
114,522,5.0,3.5565223693847656
13,363,3.0,2.6473019123077393
561,566,3.0,2.9163129329681396
612,100,4.0,4.064784049987793
833,64,3.0,3.802233934402466
194,117,3.0,3.168428897857666
184,275,5.0,3.8991219997406006
201,358,1.0,2.324075222015381
522,23,5.0,4.490810394287109
506,28,4.0,4.106220245361328
870,1134,4.0,3.2445366382598877
305,89,3.0,3.7946791648864746
91,527,4.0,4.224135398864746
682,720,4.0,2.7011406421661377
566,88,3.0,3.2199273109436035
880,195,4.0,4.211610794067383
179,362,1.0,2.7592520713806152
383,504,4.0,4.274724960327148
79,10,5.0,4.196228504180908
567,109,2.0,3.5630621910095215
177,689,3.0,2.7993545532226562
938,748,2.0,3.25789213180542
376,328,3.0,3.3836917877197266
394,402,4.0,4.009137153625488
504,418,3.0,3.8495445251464844
21,50,3.0,4.194231033325195
262,931,2.0,1.9614006280899048
658,515,5.0,4.33187198638916
144,478,4.0,4.098959922790527
189,474,5.0,4.551687717437744
364,325,4.0,2.8637430667877197
328,748,3.0,3.140810012817383
711,959,5.0,3.6634068489074707
201,286,2.0,3.1100428104400635
851,147,4.0,3.6983673572540283
297,53,3.0,2.8794543743133545
499,539,1.0,2.5522401332855225
58,462,4.0,3.7878801822662354
846,216,4.0,4.079561233520508
416,469,4.0,4.316575050354004
218,762,4.0,3.226696014404297
592,512,5.0,4.71397066116333
758,1025,3.0,2.943840742111206
37,546,3.0,3.1757848262786865
445,1014,1.0,1.9010374546051025
705,655,3.0,4.028219223022461
554,79,5.0,4.0939226150512695
201,559,2.0,2.865699052810669
932,67,2.0,3.144240617752075
860,508,4.0,3.291714906692505
686,170,5.0,4.93143892288208
269,602,4.0,3.1324057579040527
13,109,4.0,3.4220497608184814
642,443,2.0,4.235199928283691
284,751,3.0,3.4028637409210205
712,143,5.0,3.9731662273406982
852,121,4.0,3.826186180114746
782,323,3.0,3.198751449584961
336,186,4.0,3.6989972591400146
291,379,3.0,3.5284199714660645
52,250,3.0,3.8866701126098633
303,739,5.0,3.3707377910614014
457,240,3.0,3.2405660152435303
262,443,3.0,3.518871545791626
882,568,5.0,4.126003265380859
405,1266,1.0,2.1628646850585938
253,203,4.0,4.050185203552246
169,211,5.0,3.8228390216827393
758,716,2.0,3.3819944858551025
712,173,5.0,4.436801910400391
569,124,5.0,4.190713882446289
514,778,4.0,3.7410542964935303
172,178,3.0,3.541274309158325
514,98,5.0,4.500279903411865
157,100,5.0,4.664312839508057
650,151,3.0,3.118966817855835
908,603,4.0,3.7232210636138916
496,921,5.0,3.318958282470703
838,254,3.0,2.584292411804199
637,127,2.0,3.1228575706481934
92,109,3.0,3.42779803276062
320,68,5.0,3.9699130058288574
393,270,5.0,3.6992385387420654
429,357,5.0,4.338796615600586
378,401,4.0,2.6881520748138428
865,547,5.0,2.548689126968384
903,582,3.0,3.771301507949829
919,327,4.0,3.5133371353149414
634,1008,2.0,3.5298397541046143
342,833,3.0,3.0470638275146484
536,167,3.0,3.2502360343933105
782,1142,3.0,3.2656288146972656
13,908,1.0,2.229912757873535
910,597,3.0,2.593135356903076
3,329,4.0,2.7715134620666504
167,1310,3.0,0.7217684388160706
890,489,4.0,4.247176647186279
788,983,3.0,2.23893141746521
450,142,5.0,3.267284870147705
716,387,4.0,3.6098711490631104
815,471,2.0,3.551032781600952
907,1220,5.0,4.4815568923950195
823,52,3.0,4.316135406494141
653,204,4.0,2.9414291381835938
598,259,3.0,2.9747982025146484
115,177,5.0,4.143526554107666
152,740,4.0,4.291374206542969
794,242,5.0,4.675899028778076
269,783,1.0,2.2605984210968018
315,654,5.0,4.634679317474365
349,9,4.0,3.630640983581543
151,231,1.0,2.9921329021453857
655,280,2.0,2.6895432472229004
795,265,3.0,3.398850202560425
310,274,3.0,3.5845348834991455
6,22,3.0,4.002769470214844
426,646,3.0,4.1049017906188965
618,168,5.0,3.7754311561584473
355,689,4.0,3.9426794052124023
276,182,5.0,4.262199878692627
679,172,5.0,4.066108226776123
393,195,3.0,4.009846210479736
98,168,2.0,3.759044647216797
197,684,4.0,3.6155595779418945
585,740,4.0,3.5166101455688477
823,209,4.0,4.363835334777832
846,239,4.0,3.8641419410705566
479,205,3.0,3.8399360179901123
328,582,5.0,3.5524821281433105
558,19,5.0,4.502429008483887
705,1043,5.0,2.9501917362213135
897,670,3.0,3.3590986728668213
207,319,3.0,3.02840256690979
841,286,5.0,4.023386478424072
694,1126,5.0,3.6923701763153076
722,597,3.0,3.2913365364074707
640,1054,1.0,2.7854018211364746
669,614,4.0,3.4243545532226562
524,584,1.0,3.3546841144561768
440,329,5.0,3.805845022201538
16,69,5.0,4.343711853027344
425,540,2.0,2.2706680297851562
804,257,5.0,4.0051589012146
897,28,4.0,4.366538047790527
684,66,4.0,3.485644817352295
85,1074,3.0,2.81847882270813
566,69,4.0,3.4496188163757324
128,258,2.0,3.8163671493530273
886,29,1.0,2.5456809997558594
885,237,5.0,3.406801462173462
32,298,5.0,3.5017447471618652
422,126,4.0,3.952044725418091
373,420,4.0,3.5760843753814697
210,181,5.0,4.44511604309082
250,123,3.0,3.464481830596924
269,886,3.0,2.661881685256958
186,406,1.0,2.695078134536743
496,417,1.0,2.6787474155426025
66,286,1.0,3.752690076828003
401,154,1.0,3.0556821823120117
38,616,3.0,4.28922176361084
257,50,5.0,4.802585124969482
201,59,4.0,3.452423572540283
239,175,5.0,4.241690635681152
880,881,4.0,3.0877737998962402
11,121,3.0,3.3541948795318604
913,269,5.0,3.5985665321350098
306,289,3.0,3.1307146549224854
21,324,4.0,2.8955740928649902
258,286,5.0,3.8182308673858643
311,204,5.0,4.120364665985107
344,106,2.0,2.9400036334991455
247,300,2.0,3.655487060546875
851,1051,2.0,3.5836727619171143
428,896,4.0,4.389644622802734
22,216,4.0,4.085837364196777
790,393,2.0,3.0927391052246094
892,417,3.0,3.5267674922943115
436,925,4.0,3.5486152172088623
343,252,4.0,3.166386842727661
524,647,3.0,4.068588733673096
919,98,5.0,4.166624069213867
210,152,5.0,4.124200820922852
299,114,4.0,4.132730960845947
833,249,1.0,2.8762383460998535
795,121,3.0,3.018509864807129
312,526,5.0,4.400864601135254
854,302,3.0,3.705477714538574
190,7,4.0,3.5564613342285156
537,327,2.0,2.5387375354766846
627,553,3.0,2.937009811401367
788,125,3.0,3.357264995574951
666,647,5.0,4.189080715179443
467,269,4.0,4.185727119445801
715,98,5.0,4.251583099365234
158,285,5.0,4.646453857421875
536,474,5.0,4.4775285720825195
211,300,2.0,3.0785627365112305
407,163,3.0,3.4124503135681152
622,79,5.0,4.090732574462891
716,604,3.0,4.363023281097412
864,1217,3.0,3.1599223613739014
42,194,5.0,4.2972412109375
480,169,5.0,4.128843784332275
345,220,3.0,3.376553535461426
514,81,4.0,3.787386894226074
385,650,5.0,3.0791749954223633
804,33,4.0,3.7050387859344482
577,97,5.0,4.122056007385254
495,234,5.0,4.419427871704102
173,269,4.0,5.118757247924805
416,619,4.0,3.74170184135437
116,539,2.0,2.1650991439819336
623,227,4.0,3.1991541385650635
936,127,5.0,4.85115385055542
897,849,4.0,3.070620536804199
96,435,3.0,4.231907844543457
761,840,4.0,2.459841251373291
551,91,1.0,3.946870803833008
380,923,3.0,3.576982021331787
790,1044,4.0,3.1192007064819336
869,298,3.0,3.1687262058258057
836,900,2.0,4.177650451660156
894,979,3.0,3.412773609161377
399,545,2.0,1.7030112743377686
257,151,4.0,4.021531105041504
796,22,4.0,4.458788871765137
188,769,2.0,2.646876811981201
588,98,1.0,4.559317111968994
838,83,5.0,4.358785629272461
378,550,2.0,3.320502519607544
4,301,5.0,4.166582107543945
294,544,4.0,3.450319766998291
164,331,5.0,4.356348514556885
487,202,5.0,4.057443618774414
326,515,5.0,3.7958083152770996
537,50,4.0,3.479759931564331
455,629,3.0,3.2450637817382812
342,764,1.0,2.7299418449401855
174,780,1.0,3.4265506267547607
719,890,1.0,1.8207201957702637
276,959,4.0,3.727046489715576
764,70,4.0,3.7728936672210693
398,495,4.0,3.5633227825164795
113,242,2.0,4.569274425506592
642,969,2.0,4.246755599975586
201,144,4.0,3.3060312271118164
231,1,3.0,4.229129314422607
330,22,5.0,5.4079155921936035
60,511,4.0,4.642124176025391
5,445,3.0,3.4609556198120117
666,127,5.0,4.2233381271362305
506,538,3.0,3.6191415786743164
347,686,5.0,3.685525417327881
189,486,5.0,4.1402177810668945
308,432,4.0,3.828688383102417
553,646,4.0,4.365253448486328
585,463,5.0,3.861699104309082
504,143,4.0,3.984057903289795
868,432,2.0,3.2080206871032715
393,51,4.0,3.526003122329712
107,321,2.0,2.8369503021240234
299,462,5.0,3.6095938682556152
13,862,3.0,2.039278030395508
593,966,5.0,4.109286308288574
820,343,4.0,2.828648090362549
392,250,3.0,3.733659505844116
301,79,5.0,4.039393424987793
492,1121,2.0,3.350001096725464
328,568,3.0,3.571202278137207
151,420,5.0,3.868957281112671
253,96,5.0,4.272584915161133
7,546,4.0,3.375257968902588
251,147,3.0,3.5939934253692627
721,681,3.0,2.9330027103424072
244,1188,4.0,2.9960129261016846
508,219,1.0,3.292909622192383
900,31,2.0,2.5989885330200195
95,95,3.0,3.852649211883545
225,22,5.0,5.016361713409424
694,520,5.0,4.540788173675537
393,125,4.0,3.7147409915924072
521,17,1.0,2.8048741817474365
276,67,3.0,3.1209354400634766
930,151,2.0,2.9298014640808105
592,521,5.0,4.438814163208008
894,1009,4.0,3.435394048690796
639,356,2.0,2.5781197547912598
280,11,5.0,4.105123519897461
606,530,4.0,4.7357306480407715
935,15,5.0,4.050803184509277
551,66,2.0,3.8463187217712402
659,172,3.0,4.356296539306641
92,202,3.0,3.631500244140625
556,496,5.0,4.518831253051758
381,49,2.0,3.507861852645874
55,144,5.0,3.4619574546813965
389,486,4.0,4.0309953689575195
438,148,5.0,3.724205493927002
223,322,4.0,2.895200490951538
151,1,5.0,4.220097064971924
267,554,3.0,3.275864362716675
169,181,5.0,3.943429708480835
268,238,3.0,3.453031539916992
267,216,4.0,4.410209655761719
658,511,4.0,4.275404453277588
458,582,1.0,3.6661744117736816
334,209,3.0,3.773159980773926
349,100,4.0,4.05399227142334
916,1268,3.0,3.489762306213379
649,257,5.0,3.8944501876831055
932,606,4.0,4.424915313720703
388,300,4.0,4.285290718078613
427,1296,5.0,4.623915672302246
669,12,5.0,3.8606085777282715
224,258,3.0,3.3327908515930176
776,182,3.0,3.926462173461914
907,25,5.0,4.509965419769287
100,328,4.0,3.248917579650879
327,204,4.0,3.4978628158569336
864,194,4.0,4.41310977935791
695,343,4.0,3.042422294616699
653,197,3.0,3.0125679969787598
655,233,3.0,2.736971855163574
308,634,4.0,3.639493465423584
381,120,1.0,2.3965506553649902
286,411,2.0,3.203556776046753
647,134,4.0,4.416302680969238
731,127,4.0,3.7985129356384277
230,234,4.0,3.981687307357788
715,95,4.0,3.7293577194213867
535,44,4.0,3.4703919887542725
151,210,4.0,4.2880659103393555
198,820,1.0,2.5578370094299316
201,134,4.0,3.6586480140686035
532,147,4.0,4.114019393920898
267,214,4.0,3.8025147914886475
566,8,4.0,3.6610944271087646
49,423,2.0,2.9576311111450195
201,505,3.0,3.4117825031280518
1,252,2.0,2.9624319076538086
151,168,5.0,4.426609039306641
146,307,3.0,3.7414090633392334
216,298,5.0,3.9585134983062744
360,69,3.0,3.8363265991210938
42,467,3.0,3.9443519115448
416,761,4.0,3.2766425609588623
588,934,4.0,3.064133405685425
147,269,4.0,4.454201698303223
537,990,2.0,2.3741612434387207
531,892,3.0,3.054208755493164
806,14,3.0,4.070745468139648
508,209,5.0,3.9359848499298096
293,582,4.0,3.2808451652526855
429,161,3.0,3.4154484272003174
312,121,3.0,3.7883033752441406
712,172,5.0,4.551135540008545
399,550,3.0,2.9161617755889893
296,659,5.0,4.64115571975708
892,288,4.0,3.6606762409210205
716,160,2.0,3.438065528869629
342,975,2.0,3.019765853881836
334,405,3.0,3.100034475326538
593,366,4.0,3.481783866882324
862,472,5.0,3.5741465091705322
56,423,5.0,3.996394634246826
457,588,5.0,4.407970428466797
367,333,4.0,4.329950332641602
887,318,5.0,5.071969032287598
262,1054,2.0,2.1581521034240723
117,151,4.0,4.197147846221924
198,655,4.0,3.5528037548065186
7,483,4.0,5.1655683517456055
207,129,3.0,3.4465291500091553
844,24,5.0,3.2910165786743164
341,881,5.0,3.772984027862549
933,160,3.0,2.6762943267822266
298,311,3.0,4.1747660636901855
551,218,5.0,3.9032649993896484
844,7,3.0,3.6282596588134766
305,203,4.0,3.446704149246216
13,230,3.0,3.3121044635772705
821,597,3.0,3.5780868530273438
568,475,4.0,3.268148899078369
387,109,4.0,3.4294140338897705
643,715,5.0,3.4325125217437744
154,302,4.0,4.367214202880859
638,636,3.0,3.0322625637054443
747,17,4.0,3.559488534927368
201,123,2.0,2.721090793609619
500,50,3.0,4.191403865814209
782,894,2.0,2.041884422302246
682,924,5.0,3.1711204051971436
488,205,4.0,3.6105964183807373
203,100,1.0,4.421815872192383
279,16,4.0,3.2051570415496826
533,580,3.0,3.134722948074341
152,1053,5.0,3.9649569988250732
715,367,3.0,3.500999927520752
890,1065,3.0,3.715743064880371
323,294,3.0,2.848914384841919
843,563,2.0,1.9959795475006104
559,265,4.0,3.5671439170837402
450,1020,4.0,4.238276481628418
57,1095,2.0,2.4845972061157227
468,237,4.0,3.89613938331604
192,125,3.0,3.535221815109253
909,300,5.0,4.060583114624023
804,24,5.0,3.6379387378692627
880,298,4.0,3.9730942249298096
457,1012,4.0,4.127026557922363
424,681,3.0,2.488119602203369
44,151,4.0,3.6020078659057617
234,173,3.0,3.536512851715088
625,181,4.0,3.57476544380188
201,1425,3.0,2.4496936798095703
334,902,4.0,3.698812961578369
326,519,5.0,3.6318094730377197
311,654,3.0,4.438830852508545
896,470,2.0,3.249778985977173
270,727,5.0,4.378554821014404
880,187,5.0,4.397970199584961
571,69,2.0,3.2425613403320312
17,628,1.0,2.9757540225982666
255,672,2.0,2.2420926094055176
145,869,4.0,3.142780303955078
337,392,5.0,3.855036735534668
608,100,4.0,4.063555717468262
881,1089,1.0,2.190384864807129
827,272,4.0,4.020449638366699
631,346,4.0,3.4025485515594482
537,47,4.0,2.83646821975708
618,729,3.0,3.2629096508026123
634,125,4.0,3.683244466781616
632,720,3.0,2.837139368057251
758,211,4.0,4.312646865844727
804,68,3.0,3.6506505012512207
768,100,5.0,3.836125135421753
698,1,4.0,2.8871328830718994
523,289,4.0,3.5840840339660645
25,419,4.0,3.9626994132995605
318,63,3.0,3.325340747833252
878,699,1.0,3.2395946979522705
606,1149,4.0,4.630978107452393
297,574,1.0,2.1540403366088867
919,319,3.0,3.331148624420166
345,708,3.0,3.5280439853668213
307,230,5.0,3.5907838344573975
92,307,4.0,3.340646743774414
20,1,3.0,3.253624200820923
655,1167,3.0,2.897634744644165
749,969,4.0,3.999755620956421
7,423,5.0,4.348036289215088
798,231,2.0,2.6834664344787598
935,284,4.0,3.426435708999634
104,333,2.0,2.708923816680908
207,826,2.0,2.2932868003845215
263,1,5.0,4.1427459716796875
378,280,2.0,3.2061362266540527
254,699,3.0,3.3143019676208496
870,505,4.0,3.8114113807678223
435,154,4.0,3.5757346153259277
10,133,5.0,4.266170501708984
437,191,4.0,4.247506618499756
472,577,3.0,2.8024861812591553
718,273,3.0,3.8292222023010254
455,204,4.0,3.792843818664551
184,1121,4.0,3.725620746612549
585,30,4.0,4.132207870483398
943,230,1.0,3.5754764080047607
96,153,4.0,4.009294033050537
660,1074,1.0,2.3439934253692627
293,17,2.0,2.9455535411834717
500,735,4.0,3.62261962890625
40,259,2.0,2.2683331966400146
280,232,3.0,3.5427472591400146
560,50,5.0,4.197781562805176
610,484,3.0,4.287537574768066
804,153,4.0,4.019917964935303
867,258,3.0,4.146535873413086
698,153,2.0,2.8219220638275146
152,117,4.0,4.681568622589111
486,304,3.0,3.253417730331421
567,487,4.0,3.982825517654419
121,25,5.0,3.3390965461730957
621,55,5.0,3.949638843536377
226,258,5.0,3.7683053016662598
416,420,3.0,4.0181989669799805
524,402,2.0,3.3897135257720947
154,515,4.0,4.574176788330078
271,81,3.0,3.5177438259124756
198,690,3.0,2.861999034881592
782,301,3.0,3.1584880352020264
752,589,4.0,3.579453945159912
15,405,2.0,2.8165321350097656
763,1180,2.0,2.778463363647461
196,306,4.0,3.99890398979187
765,283,4.0,4.006014823913574
882,841,1.0,3.069281578063965
234,625,3.0,2.854949712753296
504,403,3.0,3.6894755363464355
276,919,4.0,3.986840009689331
363,1007,5.0,3.536593198776245
228,56,2.0,3.188930034637451
731,15,4.0,3.1686651706695557
378,792,4.0,3.7700276374816895
313,203,5.0,3.7175710201263428
617,1021,4.0,2.968719720840454
533,177,4.0,3.6494553089141846
631,873,2.0,2.90089750289917
716,56,5.0,4.211287975311279
642,407,5.0,2.6954944133758545
330,31,5.0,4.5950117111206055
805,729,3.0,3.403919219970703
597,250,4.0,3.618302822113037
288,205,5.0,4.0112385749816895
487,288,4.0,3.6573374271392822
41,170,4.0,4.034442901611328
103,1089,1.0,2.2427263259887695
690,663,4.0,3.532179594039917
442,436,3.0,3.323106050491333
303,518,4.0,3.9819955825805664
85,53,3.0,2.869427442550659
537,399,2.0,2.491267204284668
246,402,3.0,3.191241502761841
796,810,3.0,3.013526201248169
378,739,4.0,3.305903673171997
411,655,4.0,3.8377325534820557
221,346,5.0,3.631211996078491
807,403,4.0,3.819732666015625
96,484,5.0,4.574099540710449
669,517,3.0,3.5106544494628906
150,100,2.0,4.507711887359619
561,1010,3.0,2.889143705368042
541,627,4.0,3.3661105632781982
44,123,4.0,3.1280245780944824
524,516,4.0,3.8379385471343994
280,203,4.0,3.9711380004882812
666,613,5.0,3.9134650230407715
445,1008,1.0,2.1836280822753906
13,747,4.0,3.321802854537964
138,111,4.0,3.7732315063476562
276,9,5.0,3.906148672103882
897,294,3.0,3.52124285697937
623,216,4.0,3.7718937397003174
293,64,5.0,4.0051069259643555
892,67,4.0,3.2063119411468506
43,321,3.0,3.4032716751098633
897,436,4.0,4.049006462097168
533,215,4.0,3.4441237449645996
91,498,3.0,4.376054763793945
450,65,3.0,3.8907382488250732
698,526,2.0,2.883366584777832
709,56,5.0,4.153925895690918
10,479,5.0,4.62611722946167
7,623,3.0,3.3336868286132812
933,184,1.0,2.7654643058776855
614,546,1.0,2.871708631515503
499,100,4.0,4.17048454284668
172,1134,2.0,2.8195152282714844
339,566,3.0,3.83785080909729
347,1291,1.0,2.7455215454101562
805,419,4.0,3.649379014968872
64,194,5.0,3.956120729446411
500,831,3.0,2.4276282787323
649,471,5.0,3.6221280097961426
619,96,5.0,3.971562385559082
514,301,4.0,3.336726665496826
1,184,4.0,3.5439071655273438
653,157,5.0,2.6739983558654785
665,181,4.0,3.8285300731658936
757,270,3.0,3.4448564052581787
693,88,3.0,2.9010531902313232
704,611,3.0,4.200721740722656
380,631,4.0,3.026413679122925
606,472,4.0,3.4201691150665283
271,148,3.0,2.9774603843688965
896,25,3.0,2.978972911834717
768,237,4.0,3.3651304244995117
128,729,2.0,3.580766439437866
532,1407,2.0,2.905197858810425
128,505,4.0,4.075748443603516
505,435,3.0,3.634455919265747
457,631,4.0,4.192415237426758
850,742,5.0,4.102792739868164
450,174,5.0,4.690465927124023
406,163,3.0,3.4654767513275146
655,134,4.0,3.4773621559143066
665,98,4.0,4.107695579528809
290,243,3.0,2.2053465843200684
201,99,3.0,3.19858980178833
892,436,3.0,3.975324869155884
586,1218,5.0,3.230557441711426
933,183,4.0,3.2269651889801025
329,11,3.0,3.610161304473877
221,1407,3.0,2.427746534347534
903,317,4.0,4.178747653961182
79,7,5.0,4.054949760437012
429,48,3.0,4.109261989593506
774,448,2.0,2.177386999130249
624,294,3.0,3.2113945484161377
795,1199,3.0,2.634263515472412
378,70,4.0,3.602565050125122
653,771,2.0,1.9386080503463745
246,133,3.0,3.4601731300354004
758,441,3.0,3.0442187786102295
312,188,3.0,4.058517932891846
361,156,4.0,3.7806830406188965
618,939,2.0,3.339341640472412
102,210,3.0,3.0520598888397217
795,473,2.0,2.838090658187866
479,22,4.0,4.099157333374023
95,649,4.0,3.3791956901550293
454,504,2.0,3.0509283542633057
790,1183,2.0,2.3312582969665527
530,220,5.0,3.421518325805664
144,172,4.0,4.233676910400391
921,720,4.0,2.6646077632904053
833,186,1.0,3.3824305534362793
601,259,1.0,2.1807007789611816
576,475,1.0,3.885458469390869
102,70,3.0,2.7784762382507324
847,234,2.0,3.1277852058410645
637,301,1.0,2.5017852783203125
170,304,4.0,4.297593116760254
416,220,4.0,3.7791597843170166
473,242,3.0,4.365344047546387
409,1093,2.0,3.1401379108428955
632,318,5.0,4.460914134979248
325,319,3.0,3.085996150970459
795,546,3.0,2.6421334743499756
216,231,2.0,2.87809157371521
343,276,5.0,4.01744270324707
437,475,3.0,3.924355983734131
284,322,3.0,3.060905933380127
222,200,3.0,3.6219711303710938
