907,143,3.5318875312805176
371,210,3.5318875312805176
218,42,3.5318875312805176
829,170,3.5318875312805176
733,277,3.5318875312805176
363,1512,3.5318875312805176
193,487,3.5318875312805176
808,313,3.5318875312805176
557,682,3.5318875312805176
774,196,3.5318875312805176
638,118,3.5318875312805176
632,81,3.5318875312805176
417,200,3.5318875312805176
580,471,3.5318875312805176
640,91,3.5318875312805176
450,328,3.5318875312805176
596,13,3.5318875312805176
586,467,3.5318875312805176
653,502,3.5318875312805176
378,517,3.5318875312805176
405,65,3.5318875312805176
279,399,3.5318875312805176
327,293,3.5318875312805176
346,276,3.5318875312805176
59,928,3.5318875312805176
514,22,3.5318875312805176
807,402,3.5318875312805176
473,327,3.5318875312805176
342,324,3.5318875312805176
269,136,3.5318875312805176
654,1,3.5318875312805176
250,28,3.5318875312805176
282,689,3.5318875312805176
534,619,3.5318875312805176
194,481,3.5318875312805176
184,118,3.5318875312805176
291,739,3.5318875312805176
293,31,3.5318875312805176
943,1028,3.5318875312805176
65,69,3.5318875312805176
562,135,3.5318875312805176
466,62,3.5318875312805176
847,317,3.5318875312805176
650,521,3.5318875312805176
656,326,3.5318875312805176
366,53,3.5318875312805176
15,280,3.5318875312805176
474,322,3.5318875312805176
90,905,3.5318875312805176
503,19,3.5318875312805176
334,1524,3.5318875312805176
90,632,3.5318875312805176
406,1118,3.5318875312805176
899,515,3.5318875312805176
13,339,3.5318875312805176
430,19,3.5318875312805176
24,729,3.5318875312805176
634,225,3.5318875312805176
727,89,3.5318875312805176
429,596,3.5318875312805176
62,127,3.5318875312805176
771,241,3.5318875312805176
733,762,3.5318875312805176
139,222,3.5318875312805176
916,721,3.5318875312805176
402,204,3.5318875312805176
553,136,3.5318875312805176
62,1073,3.5318875312805176
521,271,3.5318875312805176
488,358,3.5318875312805176
7,231,3.5318875312805176
346,727,3.5318875312805176
423,823,3.5318875312805176
405,575,3.5318875312805176
385,1158,3.5318875312805176
630,125,3.5318875312805176
551,125,3.5318875312805176
727,183,3.5318875312805176
660,810,3.5318875312805176
552,323,3.5318875312805176
13,604,3.5318875312805176
642,812,3.5318875312805176
240,269,3.5318875312805176
321,191,3.5318875312805176
85,921,3.5318875312805176
671,161,3.5318875312805176
253,97,3.5318875312805176
605,187,3.5318875312805176
472,625,3.5318875312805176
56,449,3.5318875312805176
881,141,3.5318875312805176
391,318,3.5318875312805176
601,387,3.5318875312805176
497,475,3.5318875312805176
327,921,3.5318875312805176
200,1033,3.5318875312805176
605,64,3.5318875312805176
796,879,3.5318875312805176
214,216,3.5318875312805176
566,161,3.5318875312805176
653,423,3.5318875312805176
344,216,3.5318875312805176
151,664,3.5318875312805176
64,751,3.5318875312805176
554,87,3.5318875312805176
384,327,3.5318875312805176
798,1032,3.5318875312805176
622,90,3.5318875312805176
719,735,3.5318875312805176
424,740,3.5318875312805176
294,358,3.5318875312805176
21,396,3.5318875312805176
690,197,3.5318875312805176
360,471,3.5318875312805176
734,603,3.5318875312805176
521,174,3.5318875312805176
484,300,3.5318875312805176
128,50,3.5318875312805176
633,921,3.5318875312805176
854,466,3.5318875312805176
493,751,3.5318875312805176
504,392,3.5318875312805176
655,318,3.5318875312805176
650,157,3.5318875312805176
104,273,3.5318875312805176
872,117,3.5318875312805176
276,1170,3.5318875312805176
146,258,3.5318875312805176
222,1066,3.5318875312805176
380,199,3.5318875312805176
618,195,3.5318875312805176
358,1266,3.5318875312805176
871,813,3.5318875312805176
234,174,3.5318875312805176
912,15,3.5318875312805176
75,237,3.5318875312805176
713,270,3.5318875312805176
251,33,3.5318875312805176
275,199,3.5318875312805176
766,91,3.5318875312805176
22,204,3.5318875312805176
487,591,3.5318875312805176
827,316,3.5318875312805176
919,22,3.5318875312805176
637,274,3.5318875312805176
666,856,3.5318875312805176
349,458,3.5318875312805176
880,1197,3.5318875312805176
30,892,3.5318875312805176
716,213,3.5318875312805176
235,70,3.5318875312805176
291,1042,3.5318875312805176
655,311,3.5318875312805176
387,642,3.5318875312805176
109,31,3.5318875312805176
484,69,3.5318875312805176
393,7,3.5318875312805176
314,53,3.5318875312805176
845,1394,3.5318875312805176
532,311,3.5318875312805176
195,558,3.5318875312805176
89,151,3.5318875312805176
824,243,3.5318875312805176
632,11,3.5318875312805176
393,412,3.5318875312805176
887,121,3.5318875312805176
682,412,3.5318875312805176
406,210,3.5318875312805176
795,552,3.5318875312805176
774,546,3.5318875312805176
47,304,3.5318875312805176
514,15,3.5318875312805176
804,175,3.5318875312805176
804,1056,3.5318875312805176
21,243,3.5318875312805176
618,778,3.5318875312805176
151,222,3.5318875312805176
224,583,3.5318875312805176
283,709,3.5318875312805176
504,185,3.5318875312805176
553,135,3.5318875312805176
846,203,3.5318875312805176
773,52,3.5318875312805176
385,384,3.5318875312805176
346,720,3.5318875312805176
373,366,3.5318875312805176
881,474,3.5318875312805176
537,845,3.5318875312805176
474,50,3.5318875312805176
293,77,3.5318875312805176
542,435,3.5318875312805176
262,111,3.5318875312805176
109,1210,3.5318875312805176
181,1164,3.5318875312805176
847,96,3.5318875312805176
625,640,3.5318875312805176
246,178,3.5318875312805176
425,24,3.5318875312805176
749,712,3.5318875312805176
586,227,3.5318875312805176
410,754,3.5318875312805176
332,9,3.5318875312805176
185,47,3.5318875312805176
582,826,3.5318875312805176
130,217,3.5318875312805176
537,426,3.5318875312805176
295,380,3.5318875312805176
756,151,3.5318875312805176
749,826,3.5318875312805176
405,657,3.5318875312805176
622,1407,3.5318875312805176
425,825,3.5318875312805176
372,56,3.5318875312805176
338,1124,3.5318875312805176
795,568,3.5318875312805176
99,694,3.5318875312805176
717,980,3.5318875312805176
470,952,3.5318875312805176
268,153,3.5318875312805176
425,853,3.5318875312805176
457,566,3.5318875312805176
73,433,3.5318875312805176
397,665,3.5318875312805176
466,357,3.5318875312805176
389,1114,3.5318875312805176
328,903,3.5318875312805176
378,742,3.5318875312805176
65,211,3.5318875312805176
333,98,3.5318875312805176
886,240,3.5318875312805176
897,673,3.5318875312805176
224,720,3.5318875312805176
934,526,3.5318875312805176
181,931,3.5318875312805176
839,50,3.5318875312805176
782,322,3.5318875312805176
181,263,3.5318875312805176
880,40,3.5318875312805176
505,588,3.5318875312805176
207,433,3.5318875312805176
500,619,3.5318875312805176
181,360,3.5318875312805176
922,62,3.5318875312805176
815,735,3.5318875312805176
782,937,3.5318875312805176
894,638,3.5318875312805176
551,698,3.5318875312805176
246,1101,3.5318875312805176
131,275,3.5318875312805176
606,248,3.5318875312805176
854,191,3.5318875312805176
889,3,3.5318875312805176
547,294,3.5318875312805176
211,303,3.5318875312805176
883,707,3.5318875312805176
823,228,3.5318875312805176
889,173,3.5318875312805176
293,117,3.5318875312805176
723,164,3.5318875312805176
313,720,3.5318875312805176
87,8,3.5318875312805176
305,215,3.5318875312805176
588,1411,3.5318875312805176
83,50,3.5318875312805176
81,432,3.5318875312805176
372,77,3.5318875312805176
409,1512,3.5318875312805176
194,125,3.5318875312805176
745,510,3.5318875312805176
749,191,3.5318875312805176
821,117,3.5318875312805176
552,926,3.5318875312805176
541,659,3.5318875312805176
682,735,3.5318875312805176
424,127,3.5318875312805176
854,264,3.5318875312805176
389,492,3.5318875312805176
354,208,3.5318875312805176
527,127,3.5318875312805176
378,302,3.5318875312805176
903,1009,3.5318875312805176
484,15,3.5318875312805176
62,7,3.5318875312805176
387,692,3.5318875312805176
641,270,3.5318875312805176
164,9,3.5318875312805176
608,204,3.5318875312805176
459,472,3.5318875312805176
566,122,3.5318875312805176
398,4,3.5318875312805176
407,274,3.5318875312805176
144,273,3.5318875312805176
523,582,3.5318875312805176
613,607,3.5318875312805176
416,690,3.5318875312805176
610,317,3.5318875312805176
758,91,3.5318875312805176
308,58,3.5318875312805176
334,620,3.5318875312805176
833,506,3.5318875312805176
70,231,3.5318875312805176
399,1035,3.5318875312805176
13,64,3.5318875312805176
534,93,3.5318875312805176
843,708,3.5318875312805176
639,714,3.5318875312805176
663,321,3.5318875312805176
189,1402,3.5318875312805176
457,172,3.5318875312805176
640,580,3.5318875312805176
94,356,3.5318875312805176
504,187,3.5318875312805176
436,288,3.5318875312805176
541,1030,3.5318875312805176
551,168,3.5318875312805176
703,15,3.5318875312805176
521,228,3.5318875312805176
510,325,3.5318875312805176
463,689,3.5318875312805176
312,499,3.5318875312805176
533,357,3.5318875312805176
393,794,3.5318875312805176
642,748,3.5318875312805176
851,1291,3.5318875312805176
128,507,3.5318875312805176
568,653,3.5318875312805176
325,1,3.5318875312805176
345,161,3.5318875312805176
741,280,3.5318875312805176
545,222,3.5318875312805176
778,144,3.5318875312805176
874,137,3.5318875312805176
897,1254,3.5318875312805176
385,1143,3.5318875312805176
487,43,3.5318875312805176
425,269,3.5318875312805176
758,412,3.5318875312805176
313,191,3.5318875312805176
11,414,3.5318875312805176
225,1443,3.5318875312805176
849,676,3.5318875312805176
616,339,3.5318875312805176
109,131,3.5318875312805176
548,164,3.5318875312805176
455,1034,3.5318875312805176
289,849,3.5318875312805176
896,148,3.5318875312805176
38,294,3.5318875312805176
194,385,3.5318875312805176
385,235,3.5318875312805176
553,131,3.5318875312805176
896,184,3.5318875312805176
940,315,3.5318875312805176
178,144,3.5318875312805176
482,311,3.5318875312805176
327,663,3.5318875312805176
601,173,3.5318875312805176
345,150,3.5318875312805176
761,1014,3.5318875312805176
790,1119,3.5318875312805176
489,989,3.5318875312805176
38,318,3.5318875312805176
279,1496,3.5318875312805176
923,591,3.5318875312805176
323,215,3.5318875312805176
376,181,3.5318875312805176
927,541,3.5318875312805176
416,1286,3.5318875312805176
268,655,3.5318875312805176
64,196,3.5318875312805176
271,427,3.5318875312805176
122,511,3.5318875312805176
167,404,3.5318875312805176
580,281,3.5318875312805176
95,510,3.5318875312805176
615,237,3.5318875312805176
663,25,3.5318875312805176
883,517,3.5318875312805176
189,30,3.5318875312805176
735,333,3.5318875312805176
711,272,3.5318875312805176
874,124,3.5318875312805176
796,525,3.5318875312805176
668,596,3.5318875312805176
533,9,3.5318875312805176
851,248,3.5318875312805176
360,14,3.5318875312805176
62,181,3.5318875312805176
579,514,3.5318875312805176
158,745,3.5318875312805176
119,1052,3.5318875312805176
275,162,3.5318875312805176
503,277,3.5318875312805176
710,496,3.5318875312805176
660,550,3.5318875312805176
42,151,3.5318875312805176
479,147,3.5318875312805176
574,887,3.5318875312805176
13,655,3.5318875312805176
593,220,3.5318875312805176
524,526,3.5318875312805176
244,721,3.5318875312805176
774,567,3.5318875312805176
848,132,3.5318875312805176
851,435,3.5318875312805176
198,58,3.5318875312805176
286,210,3.5318875312805176
608,753,3.5318875312805176
303,379,3.5318875312805176
271,221,3.5318875312805176
492,650,3.5318875312805176
782,1278,3.5318875312805176
864,609,3.5318875312805176
763,357,3.5318875312805176
894,45,3.5318875312805176
272,201,3.5318875312805176
264,275,3.5318875312805176
286,278,3.5318875312805176
190,508,3.5318875312805176
80,194,3.5318875312805176
916,222,3.5318875312805176
532,495,3.5318875312805176
929,136,3.5318875312805176
178,731,3.5318875312805176
327,537,3.5318875312805176
591,172,3.5318875312805176
679,268,3.5318875312805176
795,429,3.5318875312805176
234,321,3.5318875312805176
698,275,3.5318875312805176
385,503,3.5318875312805176
268,746,3.5318875312805176
682,774,3.5318875312805176
244,287,3.5318875312805176
387,175,3.5318875312805176
707,194,3.5318875312805176
216,189,3.5318875312805176
524,523,3.5318875312805176
486,288,3.5318875312805176
395,252,3.5318875312805176
620,78,3.5318875312805176
892,64,3.5318875312805176
345,241,3.5318875312805176
593,597,3.5318875312805176
895,1,3.5318875312805176
18,237,3.5318875312805176
60,151,3.5318875312805176
417,39,3.5318875312805176
823,721,3.5318875312805176
286,231,3.5318875312805176
389,47,3.5318875312805176
298,1142,3.5318875312805176
216,200,3.5318875312805176
236,204,3.5318875312805176
393,808,3.5318875312805176
704,354,3.5318875312805176
416,1189,3.5318875312805176
349,696,3.5318875312805176
90,174,3.5318875312805176
828,1466,3.5318875312805176
286,1239,3.5318875312805176
279,275,3.5318875312805176
451,322,3.5318875312805176
405,959,3.5318875312805176
718,815,3.5318875312805176
321,116,3.5318875312805176
334,134,3.5318875312805176
522,12,3.5318875312805176
889,469,3.5318875312805176
930,282,3.5318875312805176
215,210,3.5318875312805176
716,603,3.5318875312805176
326,568,3.5318875312805176
919,287,3.5318875312805176
344,25,3.5318875312805176
862,650,3.5318875312805176
153,357,3.5318875312805176
627,521,3.5318875312805176
901,1120,3.5318875312805176
868,470,3.5318875312805176
267,47,3.5318875312805176
361,166,3.5318875312805176
417,217,3.5318875312805176
459,546,3.5318875312805176
152,22,3.5318875312805176
625,188,3.5318875312805176
401,294,3.5318875312805176
160,79,3.5318875312805176
910,100,3.5318875312805176
179,905,3.5318875312805176
379,502,3.5318875312805176
796,371,3.5318875312805176
653,163,3.5318875312805176
746,208,3.5318875312805176
45,284,3.5318875312805176
766,526,3.5318875312805176
303,578,3.5318875312805176
898,309,3.5318875312805176
593,866,3.5318875312805176
643,144,3.5318875312805176
270,747,3.5318875312805176
474,23,3.5318875312805176
121,237,3.5318875312805176
479,474,3.5318875312805176
532,771,3.5318875312805176
121,313,3.5318875312805176
912,268,3.5318875312805176
764,673,3.5318875312805176
387,1537,3.5318875312805176
34,288,3.5318875312805176
344,118,3.5318875312805176
482,127,3.5318875312805176
456,697,3.5318875312805176
260,748,3.5318875312805176
305,135,3.5318875312805176
457,114,3.5318875312805176
339,161,3.5318875312805176
18,702,3.5318875312805176
918,190,3.5318875312805176
614,14,3.5318875312805176
470,7,3.5318875312805176
93,934,3.5318875312805176
407,151,3.5318875312805176
466,173,3.5318875312805176
279,824,3.5318875312805176
401,185,3.5318875312805176
779,118,3.5318875312805176
184,629,3.5318875312805176
102,118,3.5318875312805176
313,636,3.5318875312805176
232,166,3.5318875312805176
370,427,3.5318875312805176
320,22,3.5318875312805176
299,1021,3.5318875312805176
786,230,3.5318875312805176
867,222,3.5318875312805176
472,386,3.5318875312805176
826,313,3.5318875312805176
893,412,3.5318875312805176
757,570,3.5318875312805176
709,431,3.5318875312805176
705,423,3.5318875312805176
425,187,3.5318875312805176
268,325,3.5318875312805176
215,474,3.5318875312805176
9,340,3.5318875312805176
770,742,3.5318875312805176
762,749,3.5318875312805176
437,248,3.5318875312805176
13,88,3.5318875312805176
373,196,3.5318875312805176
429,45,3.5318875312805176
560,7,3.5318875312805176
123,127,3.5318875312805176
405,226,3.5318875312805176
756,742,3.5318875312805176
276,665,3.5318875312805176
63,25,3.5318875312805176
884,198,3.5318875312805176
653,50,3.5318875312805176
677,288,3.5318875312805176
561,513,3.5318875312805176
213,294,3.5318875312805176
188,288,3.5318875312805176
634,866,3.5318875312805176
896,655,3.5318875312805176
653,223,3.5318875312805176
817,327,3.5318875312805176
585,855,3.5318875312805176
782,908,3.5318875312805176
758,234,3.5318875312805176
295,1459,3.5318875312805176
655,262,3.5318875312805176
709,227,3.5318875312805176
64,64,3.5318875312805176
201,289,3.5318875312805176
291,79,3.5318875312805176
452,94,3.5318875312805176
474,651,3.5318875312805176
234,1172,3.5318875312805176
458,275,3.5318875312805176
927,552,3.5318875312805176
321,1050,3.5318875312805176
113,303,3.5318875312805176
706,323,3.5318875312805176
92,527,3.5318875312805176
83,233,3.5318875312805176
747,419,3.5318875312805176
234,172,3.5318875312805176
868,568,3.5318875312805176
372,443,3.5318875312805176
95,716,3.5318875312805176
97,1,3.5318875312805176
758,1052,3.5318875312805176
897,443,3.5318875312805176
320,1011,3.5318875312805176
279,169,3.5318875312805176
291,1012,3.5318875312805176
49,10,3.5318875312805176
738,89,3.5318875312805176
711,403,3.5318875312805176
524,508,3.5318875312805176
521,651,3.5318875312805176
633,581,3.5318875312805176
574,213,3.5318875312805176
878,269,3.5318875312805176
727,38,3.5318875312805176
610,318,3.5318875312805176
592,461,3.5318875312805176
562,684,3.5318875312805176
407,8,3.5318875312805176
938,756,3.5318875312805176
671,327,3.5318875312805176
731,487,3.5318875312805176
933,227,3.5318875312805176
805,475,3.5318875312805176
592,345,3.5318875312805176
389,503,3.5318875312805176
487,92,3.5318875312805176
932,235,3.5318875312805176
580,1028,3.5318875312805176
761,1277,3.5318875312805176
386,181,3.5318875312805176
145,155,3.5318875312805176
181,148,3.5318875312805176
618,68,3.5318875312805176
18,474,3.5318875312805176
672,1190,3.5318875312805176
399,622,3.5318875312805176
446,302,3.5318875312805176
848,511,3.5318875312805176
144,262,3.5318875312805176
660,99,3.5318875312805176
892,1091,3.5318875312805176
303,164,3.5318875312805176
417,1210,3.5318875312805176
421,234,3.5318875312805176
524,382,3.5318875312805176
290,1091,3.5318875312805176
18,8,3.5318875312805176
311,785,3.5318875312805176
727,202,3.5318875312805176
804,615,3.5318875312805176
579,186,3.5318875312805176
303,1044,3.5318875312805176
161,204,3.5318875312805176
320,24,3.5318875312805176
562,806,3.5318875312805176
10,558,3.5318875312805176
881,49,3.5318875312805176
738,174,3.5318875312805176
786,684,3.5318875312805176
23,283,3.5318875312805176
545,393,3.5318875312805176
608,690,3.5318875312805176
608,333,3.5318875312805176
194,79,3.5318875312805176
339,53,3.5318875312805176
162,179,3.5318875312805176
650,117,3.5318875312805176
442,226,3.5318875312805176
867,28,3.5318875312805176
435,125,3.5318875312805176
334,19,3.5318875312805176
804,210,3.5318875312805176
849,421,3.5318875312805176
543,9,3.5318875312805176
181,620,3.5318875312805176
889,11,3.5318875312805176
313,231,3.5318875312805176
801,752,3.5318875312805176
59,433,3.5318875312805176
563,172,3.5318875312805176
712,462,3.5318875312805176
159,126,3.5318875312805176
508,70,3.5318875312805176
653,492,3.5318875312805176
407,588,3.5318875312805176
293,240,3.5318875312805176
210,243,3.5318875312805176
765,507,3.5318875312805176
102,1240,3.5318875312805176
655,286,3.5318875312805176
618,276,3.5318875312805176
916,474,3.5318875312805176
943,581,3.5318875312805176
930,100,3.5318875312805176
271,509,3.5318875312805176
301,771,3.5318875312805176
7,652,3.5318875312805176
561,642,3.5318875312805176
84,322,3.5318875312805176
116,270,3.5318875312805176
334,164,3.5318875312805176
764,77,3.5318875312805176
737,173,3.5318875312805176
907,173,3.5318875312805176
805,1033,3.5318875312805176
141,237,3.5318875312805176
145,1288,3.5318875312805176
901,560,3.5318875312805176
588,172,3.5318875312805176
62,288,3.5318875312805176
62,228,3.5318875312805176
444,751,3.5318875312805176
450,82,3.5318875312805176
389,386,3.5318875312805176
567,673,3.5318875312805176
670,232,3.5318875312805176
756,1074,3.5318875312805176
387,1011,3.5318875312805176
447,629,3.5318875312805176
704,519,3.5318875312805176
653,517,3.5318875312805176
198,381,3.5318875312805176
899,423,3.5318875312805176
927,257,3.5318875312805176
91,326,3.5318875312805176
244,156,3.5318875312805176
943,56,3.5318875312805176
880,186,3.5318875312805176
843,392,3.5318875312805176
339,97,3.5318875312805176
199,14,3.5318875312805176
447,926,3.5318875312805176
629,234,3.5318875312805176
694,528,3.5318875312805176
314,15,3.5318875312805176
524,116,3.5318875312805176
432,295,3.5318875312805176
655,340,3.5318875312805176
334,311,3.5318875312805176
747,408,3.5318875312805176
506,660,3.5318875312805176
244,710,3.5318875312805176
276,157,3.5318875312805176
327,88,3.5318875312805176
702,258,3.5318875312805176
309,324,3.5318875312805176
37,62,3.5318875312805176
148,172,3.5318875312805176
417,545,3.5318875312805176
650,301,3.5318875312805176
94,97,3.5318875312805176
332,12,3.5318875312805176
536,209,3.5318875312805176
698,220,3.5318875312805176
151,100,3.5318875312805176
70,496,3.5318875312805176
268,21,3.5318875312805176
14,70,3.5318875312805176
690,239,3.5318875312805176
458,589,3.5318875312805176
7,523,3.5318875312805176
378,793,3.5318875312805176
297,27,3.5318875312805176
59,208,3.5318875312805176
18,116,3.5318875312805176
495,1118,3.5318875312805176
396,245,3.5318875312805176
837,277,3.5318875312805176
297,102,3.5318875312805176
846,55,3.5318875312805176
368,441,3.5318875312805176
643,428,3.5318875312805176
62,245,3.5318875312805176
383,180,3.5318875312805176
804,1291,3.5318875312805176
116,300,3.5318875312805176
632,176,3.5318875312805176
76,264,3.5318875312805176
704,432,3.5318875312805176
773,268,3.5318875312805176
413,222,3.5318875312805176
374,69,3.5318875312805176
201,210,3.5318875312805176
8,172,3.5318875312805176
327,1012,3.5318875312805176
326,44,3.5318875312805176
496,156,3.5318875312805176
296,111,3.5318875312805176
80,260,3.5318875312805176
682,809,3.5318875312805176
700,98,3.5318875312805176
293,79,3.5318875312805176
130,761,3.5318875312805176
524,490,3.5318875312805176
699,762,3.5318875312805176
730,685,3.5318875312805176
833,144,3.5318875312805176
777,286,3.5318875312805176
311,498,3.5318875312805176
314,158,3.5318875312805176
375,302,3.5318875312805176
60,498,3.5318875312805176
579,4,3.5318875312805176
537,22,3.5318875312805176
377,200,3.5318875312805176
828,921,3.5318875312805176
497,139,3.5318875312805176
591,516,3.5318875312805176
908,194,3.5318875312805176
198,153,3.5318875312805176
290,683,3.5318875312805176
815,87,3.5318875312805176
59,237,3.5318875312805176
422,590,3.5318875312805176
308,71,3.5318875312805176
394,98,3.5318875312805176
62,98,3.5318875312805176
829,410,3.5318875312805176
544,343,3.5318875312805176
617,868,3.5318875312805176
56,71,3.5318875312805176
429,514,3.5318875312805176
339,1110,3.5318875312805176
617,669,3.5318875312805176
549,1047,3.5318875312805176
647,255,3.5318875312805176
222,1206,3.5318875312805176
363,739,3.5318875312805176
291,184,3.5318875312805176
301,271,3.5318875312805176
118,188,3.5318875312805176
757,1188,3.5318875312805176
891,280,3.5318875312805176
565,165,3.5318875312805176
308,81,3.5318875312805176
530,470,3.5318875312805176
243,93,3.5318875312805176
59,371,3.5318875312805176
664,1098,3.5318875312805176
26,760,3.5318875312805176
830,211,3.5318875312805176
900,9,3.5318875312805176
864,2,3.5318875312805176
597,242,3.5318875312805176
22,792,3.5318875312805176
165,270,3.5318875312805176
483,462,3.5318875312805176
593,144,3.5318875312805176
299,461,3.5318875312805176
280,237,3.5318875312805176
327,176,3.5318875312805176
200,196,3.5318875312805176
264,672,3.5318875312805176
405,48,3.5318875312805176
429,961,3.5318875312805176
215,164,3.5318875312805176
569,340,3.5318875312805176
621,804,3.5318875312805176
188,22,3.5318875312805176
360,144,3.5318875312805176
293,132,3.5318875312805176
399,343,3.5318875312805176
456,86,3.5318875312805176
407,157,3.5318875312805176
707,100,3.5318875312805176
328,750,3.5318875312805176
488,173,3.5318875312805176
868,229,3.5318875312805176
151,531,3.5318875312805176
848,523,3.5318875312805176
454,95,3.5318875312805176
368,7,3.5318875312805176
807,526,3.5318875312805176
708,15,3.5318875312805176
845,904,3.5318875312805176
658,471,3.5318875312805176
328,194,3.5318875312805176
663,473,3.5318875312805176
537,523,3.5318875312805176
323,1012,3.5318875312805176
92,834,3.5318875312805176
161,582,3.5318875312805176
198,568,3.5318875312805176
650,429,3.5318875312805176
776,708,3.5318875312805176
617,320,3.5318875312805176
843,121,3.5318875312805176
196,173,3.5318875312805176
37,273,3.5318875312805176
402,410,3.5318875312805176
487,1,3.5318875312805176
133,750,3.5318875312805176
123,23,3.5318875312805176
788,1248,3.5318875312805176
606,1280,3.5318875312805176
151,181,3.5318875312805176
305,338,3.5318875312805176
889,297,3.5318875312805176
253,294,3.5318875312805176
553,191,3.5318875312805176
409,1541,3.5318875312805176
285,150,3.5318875312805176
77,268,3.5318875312805176
455,1137,3.5318875312805176
483,313,3.5318875312805176
84,15,3.5318875312805176
709,739,3.5318875312805176
579,7,3.5318875312805176
327,709,3.5318875312805176
805,405,3.5318875312805176
786,86,3.5318875312805176
334,301,3.5318875312805176
388,773,3.5318875312805176
222,1419,3.5318875312805176
151,433,3.5318875312805176
556,187,3.5318875312805176
850,490,3.5318875312805176
291,41,3.5318875312805176
846,739,3.5318875312805176
332,97,3.5318875312805176
388,307,3.5318875312805176
776,134,3.5318875312805176
642,955,3.5318875312805176
622,402,3.5318875312805176
890,436,3.5318875312805176
269,640,3.5318875312805176
6,32,3.5318875312805176
313,155,3.5318875312805176
417,452,3.5318875312805176
685,299,3.5318875312805176
469,64,3.5318875312805176
806,455,3.5318875312805176
370,64,3.5318875312805176
313,582,3.5318875312805176
303,873,3.5318875312805176
363,39,3.5318875312805176
882,756,3.5318875312805176
466,909,3.5318875312805176
59,25,3.5318875312805176
186,588,3.5318875312805176
735,288,3.5318875312805176
52,288,3.5318875312805176
624,255,3.5318875312805176
868,378,3.5318875312805176
847,367,3.5318875312805176
675,347,3.5318875312805176
210,97,3.5318875312805176
929,654,3.5318875312805176
631,307,3.5318875312805176
72,382,3.5318875312805176
276,77,3.5318875312805176
459,286,3.5318875312805176
727,421,3.5318875312805176
75,137,3.5318875312805176
486,327,3.5318875312805176
882,432,3.5318875312805176
919,1284,3.5318875312805176
149,310,3.5318875312805176
5,454,3.5318875312805176
548,466,3.5318875312805176
546,977,3.5318875312805176
87,196,3.5318875312805176
847,1,3.5318875312805176
579,88,3.5318875312805176
345,956,3.5318875312805176
327,715,3.5318875312805176
234,1221,3.5318875312805176
854,479,3.5318875312805176
807,566,3.5318875312805176
396,472,3.5318875312805176
719,79,3.5318875312805176
312,740,3.5318875312805176
436,785,3.5318875312805176
592,881,3.5318875312805176
624,886,3.5318875312805176
916,2,3.5318875312805176
95,71,3.5318875312805176
262,567,3.5318875312805176
606,168,3.5318875312805176
398,235,3.5318875312805176
321,215,3.5318875312805176
686,2,3.5318875312805176
619,879,3.5318875312805176
932,659,3.5318875312805176
308,275,3.5318875312805176
782,1241,3.5318875312805176
351,751,3.5318875312805176
269,661,3.5318875312805176
93,118,3.5318875312805176
425,823,3.5318875312805176
524,310,3.5318875312805176
618,371,3.5318875312805176
268,182,3.5318875312805176
324,538,3.5318875312805176
899,740,3.5318875312805176
87,80,3.5318875312805176
825,925,3.5318875312805176
378,272,3.5318875312805176
774,135,3.5318875312805176
930,238,3.5318875312805176
704,604,3.5318875312805176
854,509,3.5318875312805176
704,185,3.5318875312805176
497,1407,3.5318875312805176
429,166,3.5318875312805176
255,597,3.5318875312805176
406,136,3.5318875312805176
16,182,3.5318875312805176
715,546,3.5318875312805176
465,151,3.5318875312805176
846,705,3.5318875312805176
23,780,3.5318875312805176
336,785,3.5318875312805176
214,196,3.5318875312805176
669,56,3.5318875312805176
846,135,3.5318875312805176
181,1198,3.5318875312805176
896,392,3.5318875312805176
22,687,3.5318875312805176
396,288,3.5318875312805176
709,230,3.5318875312805176
379,433,3.5318875312805176
664,57,3.5318875312805176
805,636,3.5318875312805176
195,46,3.5318875312805176
442,738,3.5318875312805176
893,172,3.5318875312805176
682,209,3.5318875312805176
234,626,3.5318875312805176
118,7,3.5318875312805176
756,195,3.5318875312805176
354,661,3.5318875312805176
766,606,3.5318875312805176
838,191,3.5318875312805176
839,319,3.5318875312805176
456,1009,3.5318875312805176
640,226,3.5318875312805176
274,88,3.5318875312805176
85,631,3.5318875312805176
774,22,3.5318875312805176
67,121,3.5318875312805176
493,1013,3.5318875312805176
339,133,3.5318875312805176
621,871,3.5318875312805176
450,702,3.5318875312805176
648,742,3.5318875312805176
294,928,3.5318875312805176
727,271,3.5318875312805176
699,269,3.5318875312805176
387,76,3.5318875312805176
424,25,3.5318875312805176
269,708,3.5318875312805176
911,197,3.5318875312805176
738,429,3.5318875312805176
901,568,3.5318875312805176
566,707,3.5318875312805176
881,417,3.5318875312805176
450,969,3.5318875312805176
47,321,3.5318875312805176
44,71,3.5318875312805176
487,111,3.5318875312805176
234,530,3.5318875312805176
795,319,3.5318875312805176
443,260,3.5318875312805176
405,1566,3.5318875312805176
201,979,3.5318875312805176
853,678,3.5318875312805176
151,190,3.5318875312805176
347,411,3.5318875312805176
489,243,3.5318875312805176
414,288,3.5318875312805176
378,392,3.5318875312805176
409,223,3.5318875312805176
234,385,3.5318875312805176
450,221,3.5318875312805176
95,591,3.5318875312805176
42,371,3.5318875312805176
466,260,3.5318875312805176
552,1,3.5318875312805176
94,160,3.5318875312805176
584,230,3.5318875312805176
109,452,3.5318875312805176
655,789,3.5318875312805176
561,201,3.5318875312805176
406,123,3.5318875312805176
455,385,3.5318875312805176
144,124,3.5318875312805176
435,1061,3.5318875312805176
727,1034,3.5318875312805176
602,880,3.5318875312805176
296,238,3.5318875312805176
590,6,3.5318875312805176
916,256,3.5318875312805176
262,447,3.5318875312805176
661,647,3.5318875312805176
56,930,3.5318875312805176
117,156,3.5318875312805176
804,511,3.5318875312805176
591,435,3.5318875312805176
650,501,3.5318875312805176
343,531,3.5318875312805176
189,459,3.5318875312805176
302,333,3.5318875312805176
666,866,3.5318875312805176
308,755,3.5318875312805176
854,1028,3.5318875312805176
458,127,3.5318875312805176
394,22,3.5318875312805176
436,381,3.5318875312805176
495,232,3.5318875312805176
457,371,3.5318875312805176
417,963,3.5318875312805176
145,358,3.5318875312805176
417,561,3.5318875312805176
916,1217,3.5318875312805176
238,756,3.5318875312805176
88,261,3.5318875312805176
334,1133,3.5318875312805176
622,418,3.5318875312805176
643,150,3.5318875312805176
454,134,3.5318875312805176
6,480,3.5318875312805176
738,659,3.5318875312805176
458,134,3.5318875312805176
252,149,3.5318875312805176
236,532,3.5318875312805176
84,597,3.5318875312805176
92,200,3.5318875312805176
848,1101,3.5318875312805176
708,476,3.5318875312805176
503,197,3.5318875312805176
70,229,3.5318875312805176
561,133,3.5318875312805176
13,868,3.5318875312805176
561,304,3.5318875312805176
151,549,3.5318875312805176
938,405,3.5318875312805176
236,172,3.5318875312805176
795,550,3.5318875312805176
393,1221,3.5318875312805176
942,261,3.5318875312805176
7,676,3.5318875312805176
307,163,3.5318875312805176
450,735,3.5318875312805176
92,31,3.5318875312805176
620,1,3.5318875312805176
429,1119,3.5318875312805176
537,190,3.5318875312805176
593,845,3.5318875312805176
479,181,3.5318875312805176
159,451,3.5318875312805176
495,228,3.5318875312805176
13,127,3.5318875312805176
747,178,3.5318875312805176
886,11,3.5318875312805176
623,234,3.5318875312805176
886,419,3.5318875312805176
655,44,3.5318875312805176
938,1012,3.5318875312805176
167,615,3.5318875312805176
135,227,3.5318875312805176
472,758,3.5318875312805176
823,156,3.5318875312805176
538,174,3.5318875312805176
334,71,3.5318875312805176
870,22,3.5318875312805176
495,68,3.5318875312805176
262,423,3.5318875312805176
383,663,3.5318875312805176
380,86,3.5318875312805176
671,23,3.5318875312805176
234,478,3.5318875312805176
201,1069,3.5318875312805176
559,4,3.5318875312805176
181,758,3.5318875312805176
56,794,3.5318875312805176
780,187,3.5318875312805176
497,1042,3.5318875312805176
505,182,3.5318875312805176
870,810,3.5318875312805176
303,1153,3.5318875312805176
868,1098,3.5318875312805176
303,186,3.5318875312805176
201,47,3.5318875312805176
416,184,3.5318875312805176
246,219,3.5318875312805176
909,224,3.5318875312805176
407,173,3.5318875312805176
137,300,3.5318875312805176
43,17,3.5318875312805176
318,237,3.5318875312805176
885,1,3.5318875312805176
758,384,3.5318875312805176
10,275,3.5318875312805176
499,486,3.5318875312805176
933,163,3.5318875312805176
305,204,3.5318875312805176
370,608,3.5318875312805176
405,451,3.5318875312805176
940,316,3.5318875312805176
372,200,3.5318875312805176
128,15,3.5318875312805176
18,199,3.5318875312805176
109,202,3.5318875312805176
837,1047,3.5318875312805176
387,744,3.5318875312805176
655,291,3.5318875312805176
758,177,3.5318875312805176
94,153,3.5318875312805176
840,566,3.5318875312805176
608,956,3.5318875312805176
130,109,3.5318875312805176
686,204,3.5318875312805176
329,483,3.5318875312805176
378,1134,3.5318875312805176
900,121,3.5318875312805176
594,237,3.5318875312805176
843,1135,3.5318875312805176
389,490,3.5318875312805176
655,1245,3.5318875312805176
234,699,3.5318875312805176
92,173,3.5318875312805176
519,299,3.5318875312805176
301,111,3.5318875312805176
435,22,3.5318875312805176
815,527,3.5318875312805176
806,1059,3.5318875312805176
435,1291,3.5318875312805176
207,475,3.5318875312805176
617,653,3.5318875312805176
812,288,3.5318875312805176
321,510,3.5318875312805176
406,203,3.5318875312805176
880,376,3.5318875312805176
497,62,3.5318875312805176
904,300,3.5318875312805176
899,229,3.5318875312805176
26,508,3.5318875312805176
854,1197,3.5318875312805176
741,234,3.5318875312805176
308,123,3.5318875312805176
435,778,3.5318875312805176
299,94,3.5318875312805176
343,191,3.5318875312805176
14,920,3.5318875312805176
85,132,3.5318875312805176
694,496,3.5318875312805176
553,611,3.5318875312805176
382,177,3.5318875312805176
532,898,3.5318875312805176
480,190,3.5318875312805176
487,501,3.5318875312805176
389,923,3.5318875312805176
189,274,3.5318875312805176
396,1399,3.5318875312805176
467,288,3.5318875312805176
209,333,3.5318875312805176
286,16,3.5318875312805176
716,58,3.5318875312805176
331,1194,3.5318875312805176
533,77,3.5318875312805176
682,276,3.5318875312805176
342,169,3.5318875312805176
796,607,3.5318875312805176
468,71,3.5318875312805176
38,717,3.5318875312805176
72,654,3.5318875312805176
399,28,3.5318875312805176
60,234,3.5318875312805176
701,285,3.5318875312805176
424,538,3.5318875312805176
296,632,3.5318875312805176
932,1149,3.5318875312805176
721,264,3.5318875312805176
694,1221,3.5318875312805176
623,66,3.5318875312805176
56,210,3.5318875312805176
158,431,3.5318875312805176
268,402,3.5318875312805176
738,169,3.5318875312805176
603,22,3.5318875312805176
305,144,3.5318875312805176
573,162,3.5318875312805176
881,4,3.5318875312805176
561,11,3.5318875312805176
389,142,3.5318875312805176
392,298,3.5318875312805176
128,132,3.5318875312805176
694,836,3.5318875312805176
622,227,3.5318875312805176
363,116,3.5318875312805176
388,117,3.5318875312805176
233,223,3.5318875312805176
472,417,3.5318875312805176
41,238,3.5318875312805176
553,1451,3.5318875312805176
269,188,3.5318875312805176
663,1011,3.5318875312805176
682,147,3.5318875312805176
834,342,3.5318875312805176
383,286,3.5318875312805176
292,665,3.5318875312805176
590,1061,3.5318875312805176
655,270,3.5318875312805176
671,144,3.5318875312805176
660,24,3.5318875312805176
654,111,3.5318875312805176
503,443,3.5318875312805176
552,591,3.5318875312805176
405,728,3.5318875312805176
296,282,3.5318875312805176
551,1135,3.5318875312805176
497,222,3.5318875312805176
327,718,3.5318875312805176
861,292,3.5318875312805176
630,412,3.5318875312805176
181,1034,3.5318875312805176
106,526,3.5318875312805176
184,88,3.5318875312805176
244,553,3.5318875312805176
749,94,3.5318875312805176
374,97,3.5318875312805176
585,113,3.5318875312805176
912,474,3.5318875312805176
500,93,3.5318875312805176
536,283,3.5318875312805176
311,62,3.5318875312805176
276,1239,3.5318875312805176
825,1015,3.5318875312805176
151,203,3.5318875312805176
554,121,3.5318875312805176
432,871,3.5318875312805176
862,222,3.5318875312805176
267,55,3.5318875312805176
334,606,3.5318875312805176
469,607,3.5318875312805176
694,491,3.5318875312805176
780,427,3.5318875312805176
461,121,3.5318875312805176
381,100,3.5318875312805176
748,83,3.5318875312805176
600,62,3.5318875312805176
795,209,3.5318875312805176
234,523,3.5318875312805176
49,652,3.5318875312805176
127,229,3.5318875312805176
230,673,3.5318875312805176
757,350,3.5318875312805176
854,144,3.5318875312805176
276,73,3.5318875312805176
714,291,3.5318875312805176
529,269,3.5318875312805176
393,369,3.5318875312805176
668,333,3.5318875312805176
605,302,3.5318875312805176
437,47,3.5318875312805176
796,1049,3.5318875312805176
567,50,3.5318875312805176
730,322,3.5318875312805176
83,322,3.5318875312805176
474,170,3.5318875312805176
552,873,3.5318875312805176
593,98,3.5318875312805176
886,174,3.5318875312805176
378,255,3.5318875312805176
783,881,3.5318875312805176
682,291,3.5318875312805176
747,154,3.5318875312805176
361,218,3.5318875312805176
502,683,3.5318875312805176
566,137,3.5318875312805176
128,172,3.5318875312805176
285,269,3.5318875312805176
830,2,3.5318875312805176
268,176,3.5318875312805176
78,301,3.5318875312805176
586,17,3.5318875312805176
102,208,3.5318875312805176
114,646,3.5318875312805176
561,526,3.5318875312805176
59,448,3.5318875312805176
233,249,3.5318875312805176
210,523,3.5318875312805176
35,264,3.5318875312805176
682,157,3.5318875312805176
201,238,3.5318875312805176
655,51,3.5318875312805176
373,1006,3.5318875312805176
42,135,3.5318875312805176
864,94,3.5318875312805176
334,155,3.5318875312805176
15,924,3.5318875312805176
756,739,3.5318875312805176
60,128,3.5318875312805176
311,479,3.5318875312805176
823,97,3.5318875312805176
601,1540,3.5318875312805176
610,607,3.5318875312805176
648,89,3.5318875312805176
707,602,3.5318875312805176
907,619,3.5318875312805176
119,274,3.5318875312805176
880,22,3.5318875312805176
524,928,3.5318875312805176
207,82,3.5318875312805176
118,559,3.5318875312805176
302,266,3.5318875312805176
84,284,3.5318875312805176
195,59,3.5318875312805176
601,127,3.5318875312805176
130,33,3.5318875312805176
269,208,3.5318875312805176
363,849,3.5318875312805176
671,742,3.5318875312805176
235,523,3.5318875312805176
87,157,3.5318875312805176
660,100,3.5318875312805176
537,1451,3.5318875312805176
94,546,3.5318875312805176
347,432,3.5318875312805176
121,172,3.5318875312805176
734,465,3.5318875312805176
718,597,3.5318875312805176
712,794,3.5318875312805176
154,919,3.5318875312805176
143,328,3.5318875312805176
382,252,3.5318875312805176
554,576,3.5318875312805176
695,302,3.5318875312805176
393,672,3.5318875312805176
234,617,3.5318875312805176
234,95,3.5318875312805176
311,527,3.5318875312805176
603,449,3.5318875312805176
183,380,3.5318875312805176
690,554,3.5318875312805176
796,217,3.5318875312805176
334,238,3.5318875312805176
882,1,3.5318875312805176
268,333,3.5318875312805176
177,276,3.5318875312805176
262,50,3.5318875312805176
524,815,3.5318875312805176
1,143,3.5318875312805176
815,240,3.5318875312805176
276,313,3.5318875312805176
115,9,3.5318875312805176
666,172,3.5318875312805176
616,347,3.5318875312805176
449,9,3.5318875312805176
624,1120,3.5318875312805176
416,658,3.5318875312805176
863,340,3.5318875312805176
234,735,3.5318875312805176
450,58,3.5318875312805176
437,182,3.5318875312805176
932,478,3.5318875312805176
505,96,3.5318875312805176
357,280,3.5318875312805176
833,655,3.5318875312805176
450,546,3.5318875312805176
327,327,3.5318875312805176
793,148,3.5318875312805176
70,99,3.5318875312805176
799,319,3.5318875312805176
593,237,3.5318875312805176
409,168,3.5318875312805176
297,257,3.5318875312805176
374,620,3.5318875312805176
150,14,3.5318875312805176
828,288,3.5318875312805176
247,259,3.5318875312805176
727,380,3.5318875312805176
83,527,3.5318875312805176
103,96,3.5318875312805176
506,203,3.5318875312805176
450,89,3.5318875312805176
62,875,3.5318875312805176
401,553,3.5318875312805176
269,505,3.5318875312805176
13,508,3.5318875312805176
388,53,3.5318875312805176
666,489,3.5318875312805176
373,259,3.5318875312805176
403,123,3.5318875312805176
89,216,3.5318875312805176
790,108,3.5318875312805176
393,932,3.5318875312805176
624,534,3.5318875312805176
216,122,3.5318875312805176
11,738,3.5318875312805176
416,369,3.5318875312805176
328,1139,3.5318875312805176
870,50,3.5318875312805176
454,371,3.5318875312805176
325,134,3.5318875312805176
305,79,3.5318875312805176
145,750,3.5318875312805176
727,820,3.5318875312805176
279,61,3.5318875312805176
738,141,3.5318875312805176
695,305,3.5318875312805176
707,504,3.5318875312805176
894,312,3.5318875312805176
656,689,3.5318875312805176
890,98,3.5318875312805176
466,684,3.5318875312805176
389,58,3.5318875312805176
291,825,3.5318875312805176
748,50,3.5318875312805176
721,260,3.5318875312805176
180,83,3.5318875312805176
444,50,3.5318875312805176
870,52,3.5318875312805176
265,472,3.5318875312805176
707,1251,3.5318875312805176
477,237,3.5318875312805176
327,431,3.5318875312805176
373,732,3.5318875312805176
829,116,3.5318875312805176
299,213,3.5318875312805176
405,561,3.5318875312805176
846,87,3.5318875312805176
82,208,3.5318875312805176
846,91,3.5318875312805176
276,125,3.5318875312805176
405,1518,3.5318875312805176
929,419,3.5318875312805176
85,1166,3.5318875312805176
862,930,3.5318875312805176
868,211,3.5318875312805176
416,915,3.5318875312805176
332,568,3.5318875312805176
221,1017,3.5318875312805176
798,270,3.5318875312805176
457,708,3.5318875312805176
432,181,3.5318875312805176
751,917,3.5318875312805176
774,1028,3.5318875312805176
210,210,3.5318875312805176
749,117,3.5318875312805176
293,632,3.5318875312805176
892,615,3.5318875312805176
813,538,3.5318875312805176
905,294,3.5318875312805176
308,848,3.5318875312805176
162,358,3.5318875312805176
650,7,3.5318875312805176
875,23,3.5318875312805176
343,387,3.5318875312805176
175,183,3.5318875312805176
655,629,3.5318875312805176
865,111,3.5318875312805176
256,1033,3.5318875312805176
276,931,3.5318875312805176
626,270,3.5318875312805176
506,945,3.5318875312805176
865,685,3.5318875312805176
840,474,3.5318875312805176
389,38,3.5318875312805176
889,881,3.5318875312805176
573,480,3.5318875312805176
128,427,3.5318875312805176
659,482,3.5318875312805176
463,242,3.5318875312805176
886,12,3.5318875312805176
451,324,3.5318875312805176
114,89,3.5318875312805176
843,152,3.5318875312805176
144,313,3.5318875312805176
535,612,3.5318875312805176
453,871,3.5318875312805176
721,1065,3.5318875312805176
826,294,3.5318875312805176
592,1097,3.5318875312805176
495,135,3.5318875312805176
472,193,3.5318875312805176
296,48,3.5318875312805176
325,530,3.5318875312805176
917,535,3.5318875312805176
391,148,3.5318875312805176
606,127,3.5318875312805176
387,746,3.5318875312805176
593,293,3.5318875312805176
334,655,3.5318875312805176
98,523,3.5318875312805176
763,609,3.5318875312805176
479,131,3.5318875312805176
490,93,3.5318875312805176
846,602,3.5318875312805176
703,864,3.5318875312805176
234,91,3.5318875312805176
889,144,3.5318875312805176
710,330,3.5318875312805176
13,433,3.5318875312805176
693,520,3.5318875312805176
593,274,3.5318875312805176
59,595,3.5318875312805176
254,219,3.5318875312805176
577,281,3.5318875312805176
200,1049,3.5318875312805176
405,418,3.5318875312805176
504,705,3.5318875312805176
634,595,3.5318875312805176
328,433,3.5318875312805176
835,287,3.5318875312805176
712,42,3.5318875312805176
524,275,3.5318875312805176
639,286,3.5318875312805176
897,871,3.5318875312805176
311,161,3.5318875312805176
780,515,3.5318875312805176
416,103,3.5318875312805176
82,151,3.5318875312805176
450,633,3.5318875312805176
419,705,3.5318875312805176
20,323,3.5318875312805176
456,1198,3.5318875312805176
378,1221,3.5318875312805176
436,400,3.5318875312805176
447,1046,3.5318875312805176
757,426,3.5318875312805176
484,186,3.5318875312805176
174,871,3.5318875312805176
249,191,3.5318875312805176
315,12,3.5318875312805176
1,88,3.5318875312805176
676,962,3.5318875312805176
56,405,3.5318875312805176
437,11,3.5318875312805176
271,506,3.5318875312805176
908,185,3.5318875312805176
936,1023,3.5318875312805176
618,723,3.5318875312805176
650,1039,3.5318875312805176
579,111,3.5318875312805176
223,173,3.5318875312805176
535,566,3.5318875312805176
334,1073,3.5318875312805176
860,4,3.5318875312805176
838,143,3.5318875312805176
889,250,3.5318875312805176
107,259,3.5318875312805176
222,186,3.5318875312805176
399,127,3.5318875312805176
85,70,3.5318875312805176
437,955,3.5318875312805176
299,606,3.5318875312805176
416,734,3.5318875312805176
332,284,3.5318875312805176
372,441,3.5318875312805176
393,805,3.5318875312805176
313,183,3.5318875312805176
275,169,3.5318875312805176
543,147,3.5318875312805176
257,113,3.5318875312805176
275,825,3.5318875312805176
37,161,3.5318875312805176
501,124,3.5318875312805176
480,249,3.5318875312805176
766,436,3.5318875312805176
130,305,3.5318875312805176
830,424,3.5318875312805176
896,128,3.5318875312805176
708,405,3.5318875312805176
241,270,3.5318875312805176
303,50,3.5318875312805176
889,39,3.5318875312805176
130,472,3.5318875312805176
663,7,3.5318875312805176
795,655,3.5318875312805176
515,687,3.5318875312805176
484,1016,3.5318875312805176
526,243,3.5318875312805176
518,696,3.5318875312805176
334,1172,3.5318875312805176
389,8,3.5318875312805176
167,83,3.5318875312805176
801,343,3.5318875312805176
666,182,3.5318875312805176
747,3,3.5318875312805176
451,288,3.5318875312805176
878,111,3.5318875312805176
807,94,3.5318875312805176
49,413,3.5318875312805176
828,381,3.5318875312805176
546,313,3.5318875312805176
704,607,3.5318875312805176
468,117,3.5318875312805176
306,756,3.5318875312805176
588,1091,3.5318875312805176
393,73,3.5318875312805176
328,157,3.5318875312805176
475,316,3.5318875312805176
145,761,3.5318875312805176
763,83,3.5318875312805176
631,323,3.5318875312805176
299,26,3.5318875312805176
778,204,3.5318875312805176
840,185,3.5318875312805176
480,603,3.5318875312805176
489,898,3.5318875312805176
716,64,3.5318875312805176
838,70,3.5318875312805176
409,965,3.5318875312805176
738,496,3.5318875312805176
271,242,3.5318875312805176
601,483,3.5318875312805176
61,690,3.5318875312805176
101,282,3.5318875312805176
172,177,3.5318875312805176
161,174,3.5318875312805176
435,254,3.5318875312805176
471,172,3.5318875312805176
870,124,3.5318875312805176
890,121,3.5318875312805176
32,222,3.5318875312805176
374,7,3.5318875312805176
862,831,3.5318875312805176
201,1153,3.5318875312805176
60,405,3.5318875312805176
344,251,3.5318875312805176
574,310,3.5318875312805176
582,932,3.5318875312805176
338,479,3.5318875312805176
731,378,3.5318875312805176
804,1222,3.5318875312805176
561,675,3.5318875312805176
795,201,3.5318875312805176
913,203,3.5318875312805176
90,300,3.5318875312805176
42,88,3.5318875312805176
666,646,3.5318875312805176
642,585,3.5318875312805176
667,1101,3.5318875312805176
458,21,3.5318875312805176
682,708,3.5318875312805176
13,463,3.5318875312805176
181,458,3.5318875312805176
347,240,3.5318875312805176
62,232,3.5318875312805176
113,246,3.5318875312805176
586,470,3.5318875312805176
937,515,3.5318875312805176
398,414,3.5318875312805176
41,209,3.5318875312805176
889,514,3.5318875312805176
279,1411,3.5318875312805176
423,299,3.5318875312805176
532,335,3.5318875312805176
932,576,3.5318875312805176
907,685,3.5318875312805176
242,111,3.5318875312805176
441,683,3.5318875312805176
640,204,3.5318875312805176
15,283,3.5318875312805176
655,1445,3.5318875312805176
660,826,3.5318875312805176
251,248,3.5318875312805176
66,877,3.5318875312805176
699,1010,3.5318875312805176
145,281,3.5318875312805176
640,47,3.5318875312805176
445,221,3.5318875312805176
29,332,3.5318875312805176
554,294,3.5318875312805176
60,433,3.5318875312805176
717,271,3.5318875312805176
562,231,3.5318875312805176
711,660,3.5318875312805176
5,1,3.5318875312805176
842,886,3.5318875312805176
504,258,3.5318875312805176
564,597,3.5318875312805176
308,1169,3.5318875312805176
79,100,3.5318875312805176
883,856,3.5318875312805176
305,257,3.5318875312805176
215,234,3.5318875312805176
363,68,3.5318875312805176
629,4,3.5318875312805176
57,240,3.5318875312805176
484,202,3.5318875312805176
237,357,3.5318875312805176
828,170,3.5318875312805176
579,83,3.5318875312805176
259,294,3.5318875312805176
330,419,3.5318875312805176
318,105,3.5318875312805176
315,93,3.5318875312805176
843,217,3.5318875312805176
896,562,3.5318875312805176
500,1135,3.5318875312805176
922,174,3.5318875312805176
222,1041,3.5318875312805176
82,482,3.5318875312805176
782,752,3.5318875312805176
238,151,3.5318875312805176
767,478,3.5318875312805176
42,210,3.5318875312805176
429,218,3.5318875312805176
20,405,3.5318875312805176
337,106,3.5318875312805176
666,248,3.5318875312805176
478,975,3.5318875312805176
868,405,3.5318875312805176
189,255,3.5318875312805176
499,207,3.5318875312805176
885,418,3.5318875312805176
95,176,3.5318875312805176
535,435,3.5318875312805176
222,231,3.5318875312805176
292,855,3.5318875312805176
655,1644,3.5318875312805176
69,475,3.5318875312805176
385,661,3.5318875312805176
618,433,3.5318875312805176
490,987,3.5318875312805176
792,24,3.5318875312805176
68,237,3.5318875312805176
690,294,3.5318875312805176
846,673,3.5318875312805176
90,223,3.5318875312805176
922,249,3.5318875312805176
642,49,3.5318875312805176
244,232,3.5318875312805176
528,213,3.5318875312805176
16,204,3.5318875312805176
788,670,3.5318875312805176
650,232,3.5318875312805176
62,174,3.5318875312805176
334,640,3.5318875312805176
269,642,3.5318875312805176
837,717,3.5318875312805176
295,67,3.5318875312805176
638,121,3.5318875312805176
588,8,3.5318875312805176
311,436,3.5318875312805176
407,388,3.5318875312805176
296,281,3.5318875312805176
290,588,3.5318875312805176
5,433,3.5318875312805176
592,324,3.5318875312805176
707,902,3.5318875312805176
453,401,3.5318875312805176
653,153,3.5318875312805176
711,710,3.5318875312805176
796,77,3.5318875312805176
387,408,3.5318875312805176
459,300,3.5318875312805176
917,471,3.5318875312805176
7,502,3.5318875312805176
406,451,3.5318875312805176
141,118,3.5318875312805176
385,455,3.5318875312805176
445,1598,3.5318875312805176
87,514,3.5318875312805176
140,880,3.5318875312805176
804,632,3.5318875312805176
192,1160,3.5318875312805176
38,252,3.5318875312805176
178,288,3.5318875312805176
311,443,3.5318875312805176
749,755,3.5318875312805176
43,699,3.5318875312805176
654,181,3.5318875312805176
201,57,3.5318875312805176
716,141,3.5318875312805176
943,526,3.5318875312805176
181,1368,3.5318875312805176
718,282,3.5318875312805176
216,93,3.5318875312805176
378,323,3.5318875312805176
178,117,3.5318875312805176
661,573,3.5318875312805176
293,657,3.5318875312805176
94,572,3.5318875312805176
359,313,3.5318875312805176
880,755,3.5318875312805176
819,862,3.5318875312805176
87,273,3.5318875312805176
6,514,3.5318875312805176
480,298,3.5318875312805176
347,943,3.5318875312805176
618,210,3.5318875312805176
940,151,3.5318875312805176
682,1305,3.5318875312805176
399,235,3.5318875312805176
493,59,3.5318875312805176
402,100,3.5318875312805176
559,233,3.5318875312805176
757,53,3.5318875312805176
313,479,3.5318875312805176
194,540,3.5318875312805176
378,756,3.5318875312805176
342,320,3.5318875312805176
7,404,3.5318875312805176
7,640,3.5318875312805176
782,879,3.5318875312805176
924,1400,3.5318875312805176
56,181,3.5318875312805176
710,134,3.5318875312805176
393,250,3.5318875312805176
301,384,3.5318875312805176
9,286,3.5318875312805176
887,655,3.5318875312805176
490,224,3.5318875312805176
881,216,3.5318875312805176
812,261,3.5318875312805176
804,972,3.5318875312805176
7,446,3.5318875312805176
239,483,3.5318875312805176
627,649,3.5318875312805176
279,652,3.5318875312805176
43,283,3.5318875312805176
52,1085,3.5318875312805176
534,276,3.5318875312805176
749,100,3.5318875312805176
293,156,3.5318875312805176
659,647,3.5318875312805176
236,79,3.5318875312805176
312,588,3.5318875312805176
844,294,3.5318875312805176
192,277,3.5318875312805176
592,236,3.5318875312805176
360,405,3.5318875312805176
393,342,3.5318875312805176
498,9,3.5318875312805176
184,161,3.5318875312805176
201,137,3.5318875312805176
683,346,3.5318875312805176
374,1049,3.5318875312805176
49,462,3.5318875312805176
867,286,3.5318875312805176
342,974,3.5318875312805176
343,88,3.5318875312805176
358,59,3.5318875312805176
450,650,3.5318875312805176
100,892,3.5318875312805176
305,183,3.5318875312805176
405,174,3.5318875312805176
631,877,3.5318875312805176
660,196,3.5318875312805176
158,684,3.5318875312805176
620,225,3.5318875312805176
267,62,3.5318875312805176
207,205,3.5318875312805176
806,504,3.5318875312805176
923,248,3.5318875312805176
208,194,3.5318875312805176
931,111,3.5318875312805176
181,1026,3.5318875312805176
815,496,3.5318875312805176
454,144,3.5318875312805176
879,111,3.5318875312805176
577,237,3.5318875312805176
567,168,3.5318875312805176
234,268,3.5318875312805176
456,72,3.5318875312805176
843,95,3.5318875312805176
796,775,3.5318875312805176
276,541,3.5318875312805176
345,289,3.5318875312805176
244,471,3.5318875312805176
56,183,3.5318875312805176
119,1086,3.5318875312805176
655,111,3.5318875312805176
13,875,3.5318875312805176
889,482,3.5318875312805176
868,1076,3.5318875312805176
313,63,3.5318875312805176
621,2,3.5318875312805176
128,966,3.5318875312805176
943,97,3.5318875312805176
160,59,3.5318875312805176
642,82,3.5318875312805176
303,748,3.5318875312805176
125,709,3.5318875312805176
116,872,3.5318875312805176
537,79,3.5318875312805176
788,1478,3.5318875312805176
686,28,3.5318875312805176
244,31,3.5318875312805176
807,265,3.5318875312805176
256,276,3.5318875312805176
181,926,3.5318875312805176
8,457,3.5318875312805176
417,255,3.5318875312805176
601,98,3.5318875312805176
454,118,3.5318875312805176
327,182,3.5318875312805176
532,1162,3.5318875312805176
867,651,3.5318875312805176
13,893,3.5318875312805176
378,1439,3.5318875312805176
486,595,3.5318875312805176
416,150,3.5318875312805176
83,1165,3.5318875312805176
540,1016,3.5318875312805176
533,480,3.5318875312805176
334,502,3.5318875312805176
1,131,3.5318875312805176
382,1534,3.5318875312805176
815,28,3.5318875312805176
303,328,3.5318875312805176
102,396,3.5318875312805176
305,56,3.5318875312805176
580,250,3.5318875312805176
152,255,3.5318875312805176
23,512,3.5318875312805176
210,88,3.5318875312805176
207,273,3.5318875312805176
436,1468,3.5318875312805176
559,527,3.5318875312805176
870,288,3.5318875312805176
472,27,3.5318875312805176
650,160,3.5318875312805176
629,271,3.5318875312805176
140,334,3.5318875312805176
642,1039,3.5318875312805176
95,31,3.5318875312805176
705,28,3.5318875312805176
671,583,3.5318875312805176
524,22,3.5318875312805176
782,515,3.5318875312805176
877,98,3.5318875312805176
77,833,3.5318875312805176
911,1203,3.5318875312805176
547,340,3.5318875312805176
456,188,3.5318875312805176
275,1066,3.5318875312805176
115,22,3.5318875312805176
167,288,3.5318875312805176
303,183,3.5318875312805176
709,747,3.5318875312805176
551,1314,3.5318875312805176
24,662,3.5318875312805176
468,742,3.5318875312805176
868,651,3.5318875312805176
334,678,3.5318875312805176
793,597,3.5318875312805176
178,176,3.5318875312805176
7,670,3.5318875312805176
459,255,3.5318875312805176
378,68,3.5318875312805176
316,435,3.5318875312805176
298,132,3.5318875312805176
882,199,3.5318875312805176
576,259,3.5318875312805176
940,56,3.5318875312805176
854,9,3.5318875312805176
621,128,3.5318875312805176
160,276,3.5318875312805176
496,1060,3.5318875312805176
889,95,3.5318875312805176
660,67,3.5318875312805176
33,292,3.5318875312805176
389,474,3.5318875312805176
207,316,3.5318875312805176
560,197,3.5318875312805176
234,601,3.5318875312805176
13,14,3.5318875312805176
130,798,3.5318875312805176
421,183,3.5318875312805176
659,616,3.5318875312805176
606,647,3.5318875312805176
7,569,3.5318875312805176
807,271,3.5318875312805176
595,411,3.5318875312805176
900,871,3.5318875312805176
834,762,3.5318875312805176
840,504,3.5318875312805176
796,794,3.5318875312805176
536,435,3.5318875312805176
305,275,3.5318875312805176
450,70,3.5318875312805176
303,825,3.5318875312805176
405,1560,3.5318875312805176
698,707,3.5318875312805176
837,763,3.5318875312805176
230,8,3.5318875312805176
301,403,3.5318875312805176
477,369,3.5318875312805176
674,1,3.5318875312805176
410,289,3.5318875312805176
83,566,3.5318875312805176
308,675,3.5318875312805176
327,682,3.5318875312805176
569,276,3.5318875312805176
896,1267,3.5318875312805176
570,340,3.5318875312805176
364,990,3.5318875312805176
313,449,3.5318875312805176
49,80,3.5318875312805176
151,836,3.5318875312805176
141,407,3.5318875312805176
880,930,3.5318875312805176
934,199,3.5318875312805176
42,234,3.5318875312805176
416,1264,3.5318875312805176
868,1035,3.5318875312805176
675,900,3.5318875312805176
637,93,3.5318875312805176
922,95,3.5318875312805176
452,479,3.5318875312805176
426,848,3.5318875312805176
59,1048,3.5318875312805176
187,134,3.5318875312805176
295,965,3.5318875312805176
168,259,3.5318875312805176
407,179,3.5318875312805176
109,227,3.5318875312805176
354,20,3.5318875312805176
823,134,3.5318875312805176
244,153,3.5318875312805176
873,292,3.5318875312805176
842,288,3.5318875312805176
7,470,3.5318875312805176
276,33,3.5318875312805176
378,577,3.5318875312805176
620,151,3.5318875312805176
683,354,3.5318875312805176
749,77,3.5318875312805176
106,77,3.5318875312805176
345,268,3.5318875312805176
269,192,3.5318875312805176
194,712,3.5318875312805176
916,198,3.5318875312805176
704,514,3.5318875312805176
178,546,3.5318875312805176
868,1188,3.5318875312805176
450,56,3.5318875312805176
186,299,3.5318875312805176
339,402,3.5318875312805176
381,514,3.5318875312805176
472,940,3.5318875312805176
279,33,3.5318875312805176
463,473,3.5318875312805176
379,28,3.5318875312805176
38,71,3.5318875312805176
342,216,3.5318875312805176
465,475,3.5318875312805176
795,118,3.5318875312805176
642,1033,3.5318875312805176
587,886,3.5318875312805176
280,452,3.5318875312805176
561,2,3.5318875312805176
887,419,3.5318875312805176
450,865,3.5318875312805176
694,663,3.5318875312805176
666,7,3.5318875312805176
930,106,3.5318875312805176
303,568,3.5318875312805176
373,633,3.5318875312805176
676,483,3.5318875312805176
389,520,3.5318875312805176
894,591,3.5318875312805176
199,9,3.5318875312805176
653,54,3.5318875312805176
16,661,3.5318875312805176
663,180,3.5318875312805176
308,148,3.5318875312805176
653,686,3.5318875312805176
882,409,3.5318875312805176
468,143,3.5318875312805176
44,591,3.5318875312805176
95,392,3.5318875312805176
168,845,3.5318875312805176
433,273,3.5318875312805176
932,494,3.5318875312805176
327,1170,3.5318875312805176
497,176,3.5318875312805176
89,283,3.5318875312805176
586,249,3.5318875312805176
757,423,3.5318875312805176
458,144,3.5318875312805176
374,823,3.5318875312805176
669,183,3.5318875312805176
429,227,3.5318875312805176
588,716,3.5318875312805176
758,238,3.5318875312805176
268,228,3.5318875312805176
235,213,3.5318875312805176
655,1426,3.5318875312805176
796,1217,3.5318875312805176
579,523,3.5318875312805176
666,518,3.5318875312805176
766,234,3.5318875312805176
399,564,3.5318875312805176
790,268,3.5318875312805176
360,100,3.5318875312805176
663,956,3.5318875312805176
456,12,3.5318875312805176
327,222,3.5318875312805176
8,177,3.5318875312805176
591,709,3.5318875312805176
201,269,3.5318875312805176
747,288,3.5318875312805176
159,742,3.5318875312805176
504,245,3.5318875312805176
417,402,3.5318875312805176
940,629,3.5318875312805176
449,251,3.5318875312805176
311,318,3.5318875312805176
435,924,3.5318875312805176
130,1215,3.5318875312805176
53,250,3.5318875312805176
13,360,3.5318875312805176
532,407,3.5318875312805176
393,685,3.5318875312805176
650,200,3.5318875312805176
399,176,3.5318875312805176
648,323,3.5318875312805176
295,735,3.5318875312805176
487,399,3.5318875312805176
692,249,3.5318875312805176
197,347,3.5318875312805176
246,576,3.5318875312805176
848,433,3.5318875312805176
8,651,3.5318875312805176
537,663,3.5318875312805176
773,924,3.5318875312805176
34,242,3.5318875312805176
297,474,3.5318875312805176
186,742,3.5318875312805176
305,971,3.5318875312805176
626,330,3.5318875312805176
934,13,3.5318875312805176
389,395,3.5318875312805176
417,382,3.5318875312805176
279,762,3.5318875312805176
850,173,3.5318875312805176
708,289,3.5318875312805176
932,1184,3.5318875312805176
327,865,3.5318875312805176
472,254,3.5318875312805176
867,431,3.5318875312805176
565,86,3.5318875312805176
282,325,3.5318875312805176
385,528,3.5318875312805176
537,212,3.5318875312805176
694,378,3.5318875312805176
894,121,3.5318875312805176
906,117,3.5318875312805176
936,108,3.5318875312805176
880,421,3.5318875312805176
195,1413,3.5318875312805176
474,549,3.5318875312805176
842,1105,3.5318875312805176
328,162,3.5318875312805176
524,304,3.5318875312805176
401,276,3.5318875312805176
58,950,3.5318875312805176
21,619,3.5318875312805176
727,50,3.5318875312805176
416,938,3.5318875312805176
919,293,3.5318875312805176
178,591,3.5318875312805176
110,294,3.5318875312805176
597,15,3.5318875312805176
106,582,3.5318875312805176
21,981,3.5318875312805176
758,125,3.5318875312805176
625,265,3.5318875312805176
271,356,3.5318875312805176
125,520,3.5318875312805176
417,395,3.5318875312805176
292,194,3.5318875312805176
708,934,3.5318875312805176
400,259,3.5318875312805176
458,619,3.5318875312805176
42,281,3.5318875312805176
251,100,3.5318875312805176
28,258,3.5318875312805176
327,11,3.5318875312805176
290,229,3.5318875312805176
535,181,3.5318875312805176
84,245,3.5318875312805176
286,186,3.5318875312805176
416,1051,3.5318875312805176
791,331,3.5318875312805176
373,81,3.5318875312805176
517,222,3.5318875312805176
493,404,3.5318875312805176
670,611,3.5318875312805176
825,9,3.5318875312805176
854,274,3.5318875312805176
653,232,3.5318875312805176
44,419,3.5318875312805176
223,929,3.5318875312805176
370,514,3.5318875312805176
271,15,3.5318875312805176
533,196,3.5318875312805176
527,169,3.5318875312805176
795,640,3.5318875312805176
57,411,3.5318875312805176
393,1440,3.5318875312805176
13,855,3.5318875312805176
424,990,3.5318875312805176
41,276,3.5318875312805176
763,955,3.5318875312805176
246,567,3.5318875312805176
339,516,3.5318875312805176
15,285,3.5318875312805176
207,576,3.5318875312805176
825,515,3.5318875312805176
180,121,3.5318875312805176
503,427,3.5318875312805176
59,404,3.5318875312805176
823,230,3.5318875312805176
322,150,3.5318875312805176
312,543,3.5318875312805176
385,462,3.5318875312805176
893,298,3.5318875312805176
320,278,3.5318875312805176
489,1025,3.5318875312805176
291,117,3.5318875312805176
927,422,3.5318875312805176
253,588,3.5318875312805176
28,96,3.5318875312805176
271,135,3.5318875312805176
397,286,3.5318875312805176
920,346,3.5318875312805176
476,202,3.5318875312805176
901,161,3.5318875312805176
764,356,3.5318875312805176
396,597,3.5318875312805176
188,237,3.5318875312805176
6,272,3.5318875312805176
221,250,3.5318875312805176
474,475,3.5318875312805176
523,194,3.5318875312805176
666,179,3.5318875312805176
545,450,3.5318875312805176
659,489,3.5318875312805176
254,112,3.5318875312805176
871,1345,3.5318875312805176
222,246,3.5318875312805176
642,392,3.5318875312805176
407,455,3.5318875312805176
297,265,3.5318875312805176
922,159,3.5318875312805176
763,196,3.5318875312805176
22,208,3.5318875312805176
908,423,3.5318875312805176
184,522,3.5318875312805176
881,524,3.5318875312805176
514,25,3.5318875312805176
207,286,3.5318875312805176
489,321,3.5318875312805176
164,689,3.5318875312805176
903,147,3.5318875312805176
30,69,3.5318875312805176
51,655,3.5318875312805176
194,570,3.5318875312805176
90,650,3.5318875312805176
454,435,3.5318875312805176
335,347,3.5318875312805176
805,9,3.5318875312805176
318,712,3.5318875312805176
327,184,3.5318875312805176
441,313,3.5318875312805176
875,772,3.5318875312805176
804,226,3.5318875312805176
706,628,3.5318875312805176
313,770,3.5318875312805176
417,185,3.5318875312805176
601,185,3.5318875312805176
875,496,3.5318875312805176
416,864,3.5318875312805176
308,147,3.5318875312805176
527,208,3.5318875312805176
458,844,3.5318875312805176
82,140,3.5318875312805176
850,480,3.5318875312805176
452,73,3.5318875312805176
844,95,3.5318875312805176
896,67,3.5318875312805176
455,52,3.5318875312805176
266,285,3.5318875312805176
292,193,3.5318875312805176
328,483,3.5318875312805176
295,461,3.5318875312805176
313,164,3.5318875312805176
332,833,3.5318875312805176
292,276,3.5318875312805176
353,328,3.5318875312805176
808,325,3.5318875312805176
826,91,3.5318875312805176
747,320,3.5318875312805176
627,92,3.5318875312805176
474,238,3.5318875312805176
194,1044,3.5318875312805176
127,62,3.5318875312805176
587,301,3.5318875312805176
391,168,3.5318875312805176
674,678,3.5318875312805176
136,9,3.5318875312805176
615,192,3.5318875312805176
830,231,3.5318875312805176
234,589,3.5318875312805176
194,1028,3.5318875312805176
436,200,3.5318875312805176
15,289,3.5318875312805176
407,508,3.5318875312805176
439,14,3.5318875312805176
303,226,3.5318875312805176
299,286,3.5318875312805176
643,202,3.5318875312805176
537,60,3.5318875312805176
443,269,3.5318875312805176
849,15,3.5318875312805176
687,300,3.5318875312805176
26,597,3.5318875312805176
782,271,3.5318875312805176
672,815,3.5318875312805176
234,552,3.5318875312805176
363,82,3.5318875312805176
286,257,3.5318875312805176
539,170,3.5318875312805176
92,1214,3.5318875312805176
280,742,3.5318875312805176
592,258,3.5318875312805176
183,216,3.5318875312805176
450,401,3.5318875312805176
690,238,3.5318875312805176
383,660,3.5318875312805176
585,60,3.5318875312805176
389,1204,3.5318875312805176
82,25,3.5318875312805176
943,570,3.5318875312805176
648,679,3.5318875312805176
313,414,3.5318875312805176
416,151,3.5318875312805176
521,156,3.5318875312805176
273,900,3.5318875312805176
854,96,3.5318875312805176
197,431,3.5318875312805176
540,1014,3.5318875312805176
26,150,3.5318875312805176
301,252,3.5318875312805176
698,199,3.5318875312805176
453,125,3.5318875312805176
303,276,3.5318875312805176
467,24,3.5318875312805176
382,56,3.5318875312805176
249,273,3.5318875312805176
377,168,3.5318875312805176
84,523,3.5318875312805176
72,204,3.5318875312805176
92,231,3.5318875312805176
846,651,3.5318875312805176
561,473,3.5318875312805176
895,742,3.5318875312805176
544,327,3.5318875312805176
399,727,3.5318875312805176
303,302,3.5318875312805176
191,269,3.5318875312805176
270,566,3.5318875312805176
566,153,3.5318875312805176
802,260,3.5318875312805176
27,742,3.5318875312805176
338,427,3.5318875312805176
374,741,3.5318875312805176
295,357,3.5318875312805176
494,845,3.5318875312805176
773,170,3.5318875312805176
896,1045,3.5318875312805176
48,183,3.5318875312805176
115,673,3.5318875312805176
130,254,3.5318875312805176
373,70,3.5318875312805176
130,144,3.5318875312805176
393,186,3.5318875312805176
605,245,3.5318875312805176
887,1029,3.5318875312805176
933,229,3.5318875312805176
60,423,3.5318875312805176
543,187,3.5318875312805176
43,26,3.5318875312805176
234,521,3.5318875312805176
712,215,3.5318875312805176
332,235,3.5318875312805176
450,1222,3.5318875312805176
308,633,3.5318875312805176
202,318,3.5318875312805176
542,864,3.5318875312805176
128,282,3.5318875312805176
18,425,3.5318875312805176
316,98,3.5318875312805176
378,930,3.5318875312805176
712,63,3.5318875312805176
924,300,3.5318875312805176
417,228,3.5318875312805176
417,95,3.5318875312805176
943,24,3.5318875312805176
655,249,3.5318875312805176
788,132,3.5318875312805176
650,158,3.5318875312805176
293,748,3.5318875312805176
291,706,3.5318875312805176
417,176,3.5318875312805176
62,294,3.5318875312805176
288,180,3.5318875312805176
99,258,3.5318875312805176
851,11,3.5318875312805176
640,66,3.5318875312805176
921,257,3.5318875312805176
495,1110,3.5318875312805176
268,101,3.5318875312805176
25,968,3.5318875312805176
638,265,3.5318875312805176
435,33,3.5318875312805176
498,228,3.5318875312805176
413,333,3.5318875312805176
379,219,3.5318875312805176
90,836,3.5318875312805176
894,14,3.5318875312805176
634,117,3.5318875312805176
240,343,3.5318875312805176
267,515,3.5318875312805176
292,408,3.5318875312805176
892,210,3.5318875312805176
343,367,3.5318875312805176
87,181,3.5318875312805176
716,241,3.5318875312805176
647,490,3.5318875312805176
768,235,3.5318875312805176
374,581,3.5318875312805176
2,301,3.5318875312805176
320,56,3.5318875312805176
380,845,3.5318875312805176
393,399,3.5318875312805176
625,584,3.5318875312805176
708,352,3.5318875312805176
894,26,3.5318875312805176
471,878,3.5318875312805176
666,294,3.5318875312805176
270,335,3.5318875312805176
886,42,3.5318875312805176
601,8,3.5318875312805176
251,258,3.5318875312805176
6,506,3.5318875312805176
216,64,3.5318875312805176
913,530,3.5318875312805176
342,236,3.5318875312805176
316,678,3.5318875312805176
889,762,3.5318875312805176
368,320,3.5318875312805176
844,90,3.5318875312805176
847,8,3.5318875312805176
380,168,3.5318875312805176
922,411,3.5318875312805176
841,288,3.5318875312805176
435,520,3.5318875312805176
267,114,3.5318875312805176
495,431,3.5318875312805176
533,191,3.5318875312805176
343,334,3.5318875312805176
782,260,3.5318875312805176
545,77,3.5318875312805176
449,1005,3.5318875312805176
88,1191,3.5318875312805176
453,318,3.5318875312805176
435,1401,3.5318875312805176
484,293,3.5318875312805176
684,158,3.5318875312805176
472,68,3.5318875312805176
663,597,3.5318875312805176
406,124,3.5318875312805176
13,515,3.5318875312805176
582,235,3.5318875312805176
429,82,3.5318875312805176
417,32,3.5318875312805176
710,269,3.5318875312805176
276,50,3.5318875312805176
704,528,3.5318875312805176
875,173,3.5318875312805176
234,273,3.5318875312805176
429,502,3.5318875312805176
399,568,3.5318875312805176
913,466,3.5318875312805176
639,198,3.5318875312805176
878,154,3.5318875312805176
646,678,3.5318875312805176
422,248,3.5318875312805176
751,56,3.5318875312805176
301,43,3.5318875312805176
423,304,3.5318875312805176
128,79,3.5318875312805176
659,521,3.5318875312805176
449,1142,3.5318875312805176
447,175,3.5318875312805176
888,69,3.5318875312805176
389,579,3.5318875312805176
708,21,3.5318875312805176
417,449,3.5318875312805176
200,132,3.5318875312805176
193,25,3.5318875312805176
500,780,3.5318875312805176
25,131,3.5318875312805176
137,266,3.5318875312805176
600,511,3.5318875312805176
378,326,3.5318875312805176
731,1087,3.5318875312805176
503,79,3.5318875312805176
454,182,3.5318875312805176
437,658,3.5318875312805176
541,423,3.5318875312805176
90,692,3.5318875312805176
899,66,3.5318875312805176
152,794,3.5318875312805176
305,168,3.5318875312805176
589,336,3.5318875312805176
653,739,3.5318875312805176
916,511,3.5318875312805176
892,239,3.5318875312805176
887,368,3.5318875312805176
363,802,3.5318875312805176
83,575,3.5318875312805176
346,186,3.5318875312805176
18,382,3.5318875312805176
346,300,3.5318875312805176
700,73,3.5318875312805176
874,289,3.5318875312805176
332,452,3.5318875312805176
606,1039,3.5318875312805176
500,358,3.5318875312805176
693,483,3.5318875312805176
548,1025,3.5318875312805176
350,483,3.5318875312805176
524,212,3.5318875312805176
916,229,3.5318875312805176
758,33,3.5318875312805176
815,732,3.5318875312805176
312,648,3.5318875312805176
727,68,3.5318875312805176
158,665,3.5318875312805176
429,77,3.5318875312805176
268,452,3.5318875312805176
279,490,3.5318875312805176
918,1099,3.5318875312805176
892,526,3.5318875312805176
911,638,3.5318875312805176
177,1218,3.5318875312805176
921,323,3.5318875312805176
60,59,3.5318875312805176
943,31,3.5318875312805176
484,135,3.5318875312805176
405,1405,3.5318875312805176
797,781,3.5318875312805176
41,265,3.5318875312805176
339,150,3.5318875312805176
773,12,3.5318875312805176
347,204,3.5318875312805176
458,25,3.5318875312805176
13,212,3.5318875312805176
73,179,3.5318875312805176
179,751,3.5318875312805176
109,12,3.5318875312805176
235,1,3.5318875312805176
455,161,3.5318875312805176
315,168,3.5318875312805176
99,121,3.5318875312805176
57,264,3.5318875312805176
531,300,3.5318875312805176
391,646,3.5318875312805176
677,740,3.5318875312805176
527,285,3.5318875312805176
297,154,3.5318875312805176
263,520,3.5318875312805176
883,956,3.5318875312805176
582,547,3.5318875312805176
561,65,3.5318875312805176
616,355,3.5318875312805176
480,165,3.5318875312805176
178,566,3.5318875312805176
94,1222,3.5318875312805176
655,282,3.5318875312805176
90,177,3.5318875312805176
59,425,3.5318875312805176
354,171,3.5318875312805176
532,7,3.5318875312805176
385,100,3.5318875312805176
332,763,3.5318875312805176
44,95,3.5318875312805176
374,280,3.5318875312805176
459,651,3.5318875312805176
201,1267,3.5318875312805176
281,331,3.5318875312805176
795,123,3.5318875312805176
474,378,3.5318875312805176
85,281,3.5318875312805176
453,117,3.5318875312805176
887,240,3.5318875312805176
170,876,3.5318875312805176
838,96,3.5318875312805176
301,51,3.5318875312805176
854,98,3.5318875312805176
338,170,3.5318875312805176
806,1018,3.5318875312805176
537,697,3.5318875312805176
908,479,3.5318875312805176
454,686,3.5318875312805176
749,204,3.5318875312805176
13,179,3.5318875312805176
650,4,3.5318875312805176
887,1279,3.5318875312805176
763,190,3.5318875312805176
487,686,3.5318875312805176
423,620,3.5318875312805176
766,672,3.5318875312805176
330,559,3.5318875312805176
902,754,3.5318875312805176
654,313,3.5318875312805176
474,77,3.5318875312805176
618,203,3.5318875312805176
43,8,3.5318875312805176
646,880,3.5318875312805176
100,289,3.5318875312805176
592,508,3.5318875312805176
168,288,3.5318875312805176
602,118,3.5318875312805176
303,1258,3.5318875312805176
782,873,3.5318875312805176
382,531,3.5318875312805176
747,1375,3.5318875312805176
934,1449,3.5318875312805176
763,132,3.5318875312805176
550,300,3.5318875312805176
135,603,3.5318875312805176
535,608,3.5318875312805176
542,509,3.5318875312805176
13,270,3.5318875312805176
882,294,3.5318875312805176
655,815,3.5318875312805176
234,144,3.5318875312805176
493,176,3.5318875312805176
887,180,3.5318875312805176
699,288,3.5318875312805176
234,77,3.5318875312805176
760,723,3.5318875312805176
426,432,3.5318875312805176
87,578,3.5318875312805176
899,195,3.5318875312805176
103,471,3.5318875312805176
207,143,3.5318875312805176
537,1404,3.5318875312805176
495,796,3.5318875312805176
385,346,3.5318875312805176
312,503,3.5318875312805176
585,1005,3.5318875312805176
788,1459,3.5318875312805176
659,89,3.5318875312805176
640,941,3.5318875312805176
246,585,3.5318875312805176
511,292,3.5318875312805176
655,88,3.5318875312805176
634,283,3.5318875312805176
327,9,3.5318875312805176
286,251,3.5318875312805176
843,153,3.5318875312805176
18,516,3.5318875312805176
398,132,3.5318875312805176
699,532,3.5318875312805176
906,1011,3.5318875312805176
94,144,3.5318875312805176
152,121,3.5318875312805176
308,97,3.5318875312805176
936,818,3.5318875312805176
285,357,3.5318875312805176
919,423,3.5318875312805176
397,12,3.5318875312805176
325,511,3.5318875312805176
862,252,3.5318875312805176
437,301,3.5318875312805176
774,986,3.5318875312805176
246,413,3.5318875312805176
387,1097,3.5318875312805176
145,122,3.5318875312805176
457,215,3.5318875312805176
56,94,3.5318875312805176
399,31,3.5318875312805176
285,222,3.5318875312805176
457,94,3.5318875312805176
429,467,3.5318875312805176
435,12,3.5318875312805176
661,304,3.5318875312805176
363,426,3.5318875312805176
390,181,3.5318875312805176
206,683,3.5318875312805176
72,198,3.5318875312805176
588,1053,3.5318875312805176
812,678,3.5318875312805176
130,342,3.5318875312805176
276,1220,3.5318875312805176
145,202,3.5318875312805176
378,98,3.5318875312805176
72,237,3.5318875312805176
669,310,3.5318875312805176
540,270,3.5318875312805176
43,102,3.5318875312805176
542,585,3.5318875312805176
788,521,3.5318875312805176
871,271,3.5318875312805176
109,183,3.5318875312805176
43,54,3.5318875312805176
57,473,3.5318875312805176
749,125,3.5318875312805176
749,951,3.5318875312805176
184,410,3.5318875312805176
7,616,3.5318875312805176
773,13,3.5318875312805176
854,482,3.5318875312805176
378,531,3.5318875312805176
234,500,3.5318875312805176
14,492,3.5318875312805176
214,346,3.5318875312805176
566,235,3.5318875312805176
401,429,3.5318875312805176
606,194,3.5318875312805176
141,288,3.5318875312805176
780,300,3.5318875312805176
846,142,3.5318875312805176
97,192,3.5318875312805176
758,1001,3.5318875312805176
653,265,3.5318875312805176
747,479,3.5318875312805176
234,132,3.5318875312805176
1,15,3.5318875312805176
186,38,3.5318875312805176
500,325,3.5318875312805176
586,76,3.5318875312805176
881,663,3.5318875312805176
692,100,3.5318875312805176
747,664,3.5318875312805176
454,58,3.5318875312805176
316,50,3.5318875312805176
622,135,3.5318875312805176
873,879,3.5318875312805176
840,606,3.5318875312805176
790,202,3.5318875312805176
843,127,3.5318875312805176
125,66,3.5318875312805176
716,498,3.5318875312805176
886,388,3.5318875312805176
472,385,3.5318875312805176
275,118,3.5318875312805176
778,246,3.5318875312805176
64,447,3.5318875312805176
876,523,3.5318875312805176
387,98,3.5318875312805176
230,140,3.5318875312805176
890,185,3.5318875312805176
339,286,3.5318875312805176
587,937,3.5318875312805176
46,286,3.5318875312805176
417,871,3.5318875312805176
494,199,3.5318875312805176
18,213,3.5318875312805176
606,591,3.5318875312805176
429,631,3.5318875312805176
92,386,3.5318875312805176
930,763,3.5318875312805176
385,79,3.5318875312805176
908,963,3.5318875312805176
537,670,3.5318875312805176
268,449,3.5318875312805176
180,423,3.5318875312805176
766,382,3.5318875312805176
892,465,3.5318875312805176
280,934,3.5318875312805176
309,1025,3.5318875312805176
141,823,3.5318875312805176
148,474,3.5318875312805176
144,281,3.5318875312805176
122,1045,3.5318875312805176
387,588,3.5318875312805176
629,467,3.5318875312805176
59,479,3.5318875312805176
498,64,3.5318875312805176
28,11,3.5318875312805176
655,27,3.5318875312805176
864,577,3.5318875312805176
233,89,3.5318875312805176
279,805,3.5318875312805176
682,111,3.5318875312805176
935,181,3.5318875312805176
104,9,3.5318875312805176
768,1061,3.5318875312805176
886,941,3.5318875312805176
222,475,3.5318875312805176
472,760,3.5318875312805176
650,1419,3.5318875312805176
764,191,3.5318875312805176
461,285,3.5318875312805176
470,874,3.5318875312805176
106,191,3.5318875312805176
48,185,3.5318875312805176
92,455,3.5318875312805176
11,213,3.5318875312805176
913,423,3.5318875312805176
881,441,3.5318875312805176
256,127,3.5318875312805176
148,114,3.5318875312805176
130,800,3.5318875312805176
201,148,3.5318875312805176
707,212,3.5318875312805176
559,261,3.5318875312805176
416,625,3.5318875312805176
480,183,3.5318875312805176
269,959,3.5318875312805176
259,271,3.5318875312805176
474,671,3.5318875312805176
71,248,3.5318875312805176
291,50,3.5318875312805176
141,7,3.5318875312805176
474,481,3.5318875312805176
21,563,3.5318875312805176
665,496,3.5318875312805176
472,78,3.5318875312805176
13,315,3.5318875312805176
215,99,3.5318875312805176
682,300,3.5318875312805176
396,678,3.5318875312805176
256,487,3.5318875312805176
234,921,3.5318875312805176
566,219,3.5318875312805176
303,325,3.5318875312805176
405,1101,3.5318875312805176
606,841,3.5318875312805176
389,161,3.5318875312805176
76,385,3.5318875312805176
593,501,3.5318875312805176
593,393,3.5318875312805176
391,648,3.5318875312805176
833,24,3.5318875312805176
727,831,3.5318875312805176
301,232,3.5318875312805176
769,831,3.5318875312805176
463,302,3.5318875312805176
882,203,3.5318875312805176
639,990,3.5318875312805176
339,504,3.5318875312805176
13,341,3.5318875312805176
332,1016,3.5318875312805176
405,712,3.5318875312805176
64,154,3.5318875312805176
807,543,3.5318875312805176
718,284,3.5318875312805176
22,161,3.5318875312805176
303,1021,3.5318875312805176
757,27,3.5318875312805176
342,297,3.5318875312805176
877,176,3.5318875312805176
193,412,3.5318875312805176
647,73,3.5318875312805176
727,810,3.5318875312805176
1,239,3.5318875312805176
14,628,3.5318875312805176
537,1025,3.5318875312805176
239,45,3.5318875312805176
642,56,3.5318875312805176
246,50,3.5318875312805176
198,191,3.5318875312805176
690,763,3.5318875312805176
846,748,3.5318875312805176
222,810,3.5318875312805176
458,178,3.5318875312805176
357,687,3.5318875312805176
365,894,3.5318875312805176
276,200,3.5318875312805176
880,327,3.5318875312805176
492,86,3.5318875312805176
665,535,3.5318875312805176
94,347,3.5318875312805176
592,333,3.5318875312805176
537,966,3.5318875312805176
504,163,3.5318875312805176
846,357,3.5318875312805176
617,519,3.5318875312805176
864,184,3.5318875312805176
911,199,3.5318875312805176
444,245,3.5318875312805176
622,184,3.5318875312805176
240,358,3.5318875312805176
288,269,3.5318875312805176
711,222,3.5318875312805176
779,195,3.5318875312805176
366,413,3.5318875312805176
69,12,3.5318875312805176
94,823,3.5318875312805176
129,307,3.5318875312805176
193,689,3.5318875312805176
620,740,3.5318875312805176
498,522,3.5318875312805176
537,378,3.5318875312805176
528,484,3.5318875312805176
573,836,3.5318875312805176
756,473,3.5318875312805176
425,690,3.5318875312805176
393,365,3.5318875312805176
657,327,3.5318875312805176
394,250,3.5318875312805176
180,367,3.5318875312805176
749,986,3.5318875312805176
711,48,3.5318875312805176
145,216,3.5318875312805176
334,945,3.5318875312805176
339,663,3.5318875312805176
588,12,3.5318875312805176
699,1187,3.5318875312805176
343,660,3.5318875312805176
311,170,3.5318875312805176
389,82,3.5318875312805176
497,810,3.5318875312805176
586,69,3.5318875312805176
268,1228,3.5318875312805176
758,889,3.5318875312805176
896,133,3.5318875312805176
215,144,3.5318875312805176
125,508,3.5318875312805176
66,248,3.5318875312805176
181,1085,3.5318875312805176
21,184,3.5318875312805176
815,79,3.5318875312805176
42,679,3.5318875312805176
940,474,3.5318875312805176
338,708,3.5318875312805176
543,568,3.5318875312805176
307,403,3.5318875312805176
409,1070,3.5318875312805176
42,423,3.5318875312805176
421,164,3.5318875312805176
153,265,3.5318875312805176
541,732,3.5318875312805176
373,735,3.5318875312805176
535,185,3.5318875312805176
71,98,3.5318875312805176
790,153,3.5318875312805176
13,872,3.5318875312805176
244,763,3.5318875312805176
452,526,3.5318875312805176
59,527,3.5318875312805176
253,82,3.5318875312805176
430,42,3.5318875312805176
726,832,3.5318875312805176
44,240,3.5318875312805176
618,724,3.5318875312805176
654,588,3.5318875312805176
788,317,3.5318875312805176
871,289,3.5318875312805176
270,703,3.5318875312805176
73,202,3.5318875312805176
693,568,3.5318875312805176
117,475,3.5318875312805176
57,405,3.5318875312805176
508,238,3.5318875312805176
695,307,3.5318875312805176
412,427,3.5318875312805176
807,1483,3.5318875312805176
42,559,3.5318875312805176
921,252,3.5318875312805176
916,219,3.5318875312805176
934,664,3.5318875312805176
144,4,3.5318875312805176
862,177,3.5318875312805176
244,13,3.5318875312805176
392,127,3.5318875312805176
436,411,3.5318875312805176
624,831,3.5318875312805176
169,705,3.5318875312805176
181,236,3.5318875312805176
184,238,3.5318875312805176
823,187,3.5318875312805176
15,9,3.5318875312805176
824,304,3.5318875312805176
325,82,3.5318875312805176
872,237,3.5318875312805176
867,655,3.5318875312805176
458,742,3.5318875312805176
276,88,3.5318875312805176
442,2,3.5318875312805176
683,187,3.5318875312805176
627,549,3.5318875312805176
894,324,3.5318875312805176
889,204,3.5318875312805176
700,144,3.5318875312805176
374,164,3.5318875312805176
751,269,3.5318875312805176
330,432,3.5318875312805176
398,144,3.5318875312805176
932,86,3.5318875312805176
271,224,3.5318875312805176
711,905,3.5318875312805176
452,501,3.5318875312805176
291,773,3.5318875312805176
747,357,3.5318875312805176
280,392,3.5318875312805176
301,451,3.5318875312805176
117,405,3.5318875312805176
271,482,3.5318875312805176
409,205,3.5318875312805176
457,356,3.5318875312805176
293,152,3.5318875312805176
234,747,3.5318875312805176
346,237,3.5318875312805176
463,283,3.5318875312805176
699,3,3.5318875312805176
13,91,3.5318875312805176
295,420,3.5318875312805176
351,1024,3.5318875312805176
882,265,3.5318875312805176
94,190,3.5318875312805176
354,882,3.5318875312805176
660,90,3.5318875312805176
514,97,3.5318875312805176
375,566,3.5318875312805176
255,1034,3.5318875312805176
414,300,3.5318875312805176
752,539,3.5318875312805176
813,892,3.5318875312805176
592,427,3.5318875312805176
575,531,3.5318875312805176
532,26,3.5318875312805176
454,528,3.5318875312805176
38,257,3.5318875312805176
417,1215,3.5318875312805176
807,1050,3.5318875312805176
320,202,3.5318875312805176
327,589,3.5318875312805176
634,248,3.5318875312805176
98,47,3.5318875312805176
121,174,3.5318875312805176
102,363,3.5318875312805176
271,602,3.5318875312805176
510,876,3.5318875312805176
360,423,3.5318875312805176
774,64,3.5318875312805176
92,40,3.5318875312805176
583,655,3.5318875312805176
458,194,3.5318875312805176
726,255,3.5318875312805176
917,50,3.5318875312805176
378,97,3.5318875312805176
733,1115,3.5318875312805176
62,72,3.5318875312805176
57,477,3.5318875312805176
524,52,3.5318875312805176
113,273,3.5318875312805176
177,238,3.5318875312805176
452,615,3.5318875312805176
524,818,3.5318875312805176
313,193,3.5318875312805176
28,441,3.5318875312805176
537,457,3.5318875312805176
119,616,3.5318875312805176
326,230,3.5318875312805176
868,156,3.5318875312805176
381,1115,3.5318875312805176
334,179,3.5318875312805176
774,101,3.5318875312805176
168,1278,3.5318875312805176
892,484,3.5318875312805176
676,265,3.5318875312805176
863,900,3.5318875312805176
442,26,3.5318875312805176
919,58,3.5318875312805176
71,52,3.5318875312805176
911,216,3.5318875312805176
226,513,3.5318875312805176
774,117,3.5318875312805176
236,216,3.5318875312805176
425,751,3.5318875312805176
880,379,3.5318875312805176
593,723,3.5318875312805176
801,245,3.5318875312805176
125,813,3.5318875312805176
13,271,3.5318875312805176
303,655,3.5318875312805176
332,122,3.5318875312805176
201,15,3.5318875312805176
932,617,3.5318875312805176
200,103,3.5318875312805176
863,242,3.5318875312805176
450,1303,3.5318875312805176
897,528,3.5318875312805176
378,411,3.5318875312805176
37,930,3.5318875312805176
497,1047,3.5318875312805176
262,11,3.5318875312805176
712,724,3.5318875312805176
601,840,3.5318875312805176
768,16,3.5318875312805176
133,243,3.5318875312805176
592,95,3.5318875312805176
618,1058,3.5318875312805176
634,269,3.5318875312805176
939,326,3.5318875312805176
14,313,3.5318875312805176
141,120,3.5318875312805176
896,546,3.5318875312805176
92,401,3.5318875312805176
659,483,3.5318875312805176
276,384,3.5318875312805176
704,381,3.5318875312805176
399,975,3.5318875312805176
922,834,3.5318875312805176
883,421,3.5318875312805176
234,358,3.5318875312805176
592,246,3.5318875312805176
665,248,3.5318875312805176
562,194,3.5318875312805176
95,648,3.5318875312805176
87,382,3.5318875312805176
834,288,3.5318875312805176
435,84,3.5318875312805176
498,212,3.5318875312805176
775,344,3.5318875312805176
884,179,3.5318875312805176
574,288,3.5318875312805176
330,554,3.5318875312805176
910,117,3.5318875312805176
235,346,3.5318875312805176
318,289,3.5318875312805176
92,476,3.5318875312805176
275,418,3.5318875312805176
370,172,3.5318875312805176
660,755,3.5318875312805176
321,224,3.5318875312805176
224,678,3.5318875312805176
757,574,3.5318875312805176
342,531,3.5318875312805176
399,265,3.5318875312805176
451,989,3.5318875312805176
557,1244,3.5318875312805176
144,223,3.5318875312805176
222,403,3.5318875312805176
465,511,3.5318875312805176
924,285,3.5318875312805176
457,98,3.5318875312805176
527,153,3.5318875312805176
122,11,3.5318875312805176
537,337,3.5318875312805176
499,181,3.5318875312805176
378,450,3.5318875312805176
311,431,3.5318875312805176
367,288,3.5318875312805176
342,220,3.5318875312805176
20,176,3.5318875312805176
270,265,3.5318875312805176
416,795,3.5318875312805176
201,230,3.5318875312805176
634,477,3.5318875312805176
198,241,3.5318875312805176
595,293,3.5318875312805176
910,182,3.5318875312805176
894,166,3.5318875312805176
406,99,3.5318875312805176
464,176,3.5318875312805176
790,583,3.5318875312805176
412,150,3.5318875312805176
699,222,3.5318875312805176
702,230,3.5318875312805176
344,322,3.5318875312805176
5,427,3.5318875312805176
13,813,3.5318875312805176
67,1093,3.5318875312805176
489,259,3.5318875312805176
811,895,3.5318875312805176
276,734,3.5318875312805176
370,425,3.5318875312805176
543,586,3.5318875312805176
711,217,3.5318875312805176
548,696,3.5318875312805176
271,1411,3.5318875312805176
840,1214,3.5318875312805176
165,15,3.5318875312805176
761,289,3.5318875312805176
454,70,3.5318875312805176
693,572,3.5318875312805176
654,109,3.5318875312805176
654,196,3.5318875312805176
429,999,3.5318875312805176
374,1014,3.5318875312805176
360,744,3.5318875312805176
882,176,3.5318875312805176
378,22,3.5318875312805176
5,404,3.5318875312805176
370,100,3.5318875312805176
443,271,3.5318875312805176
174,823,3.5318875312805176
94,154,3.5318875312805176
308,226,3.5318875312805176
622,217,3.5318875312805176
280,215,3.5318875312805176
184,527,3.5318875312805176
600,174,3.5318875312805176
415,322,3.5318875312805176
792,591,3.5318875312805176
239,530,3.5318875312805176
472,1034,3.5318875312805176
216,416,3.5318875312805176
931,286,3.5318875312805176
751,172,3.5318875312805176
60,272,3.5318875312805176
189,526,3.5318875312805176
888,792,3.5318875312805176
296,242,3.5318875312805176
397,474,3.5318875312805176
503,546,3.5318875312805176
239,133,3.5318875312805176
613,478,3.5318875312805176
326,493,3.5318875312805176
833,654,3.5318875312805176
198,474,3.5318875312805176
158,116,3.5318875312805176
303,200,3.5318875312805176
1,99,3.5318875312805176
13,786,3.5318875312805176
315,466,3.5318875312805176
782,288,3.5318875312805176
151,224,3.5318875312805176
528,239,3.5318875312805176
738,423,3.5318875312805176
710,1101,3.5318875312805176
264,856,3.5318875312805176
92,778,3.5318875312805176
627,58,3.5318875312805176
373,24,3.5318875312805176
293,206,3.5318875312805176
783,260,3.5318875312805176
394,179,3.5318875312805176
831,479,3.5318875312805176
846,423,3.5318875312805176
342,746,3.5318875312805176
615,179,3.5318875312805176
293,845,3.5318875312805176
648,559,3.5318875312805176
105,286,3.5318875312805176
593,685,3.5318875312805176
939,1023,3.5318875312805176
881,21,3.5318875312805176
344,22,3.5318875312805176
269,65,3.5318875312805176
887,496,3.5318875312805176
82,191,3.5318875312805176
490,993,3.5318875312805176
897,521,3.5318875312805176
456,655,3.5318875312805176
280,233,3.5318875312805176
541,755,3.5318875312805176
129,311,3.5318875312805176
884,463,3.5318875312805176
58,923,3.5318875312805176
870,549,3.5318875312805176
159,1132,3.5318875312805176
502,680,3.5318875312805176
92,15,3.5318875312805176
104,302,3.5318875312805176
385,1154,3.5318875312805176
399,291,3.5318875312805176
875,135,3.5318875312805176
210,301,3.5318875312805176
629,322,3.5318875312805176
587,315,3.5318875312805176
798,845,3.5318875312805176
303,1157,3.5318875312805176
771,408,3.5318875312805176
786,404,3.5318875312805176
627,76,3.5318875312805176
804,159,3.5318875312805176
405,1549,3.5318875312805176
835,673,3.5318875312805176
402,32,3.5318875312805176
346,470,3.5318875312805176
495,218,3.5318875312805176
456,568,3.5318875312805176
331,653,3.5318875312805176
66,21,3.5318875312805176
262,125,3.5318875312805176
715,685,3.5318875312805176
409,499,3.5318875312805176
6,538,3.5318875312805176
708,294,3.5318875312805176
409,518,3.5318875312805176
665,186,3.5318875312805176
413,14,3.5318875312805176
401,316,3.5318875312805176
455,343,3.5318875312805176
23,597,3.5318875312805176
591,285,3.5318875312805176
545,395,3.5318875312805176
378,441,3.5318875312805176
594,222,3.5318875312805176
66,237,3.5318875312805176
442,188,3.5318875312805176
489,908,3.5318875312805176
387,477,3.5318875312805176
913,169,3.5318875312805176
532,168,3.5318875312805176
714,1014,3.5318875312805176
495,392,3.5318875312805176
7,593,3.5318875312805176
210,98,3.5318875312805176
246,250,3.5318875312805176
935,300,3.5318875312805176
222,1438,3.5318875312805176
345,660,3.5318875312805176
499,347,3.5318875312805176
393,419,3.5318875312805176
665,293,3.5318875312805176
65,77,3.5318875312805176
896,422,3.5318875312805176
382,168,3.5318875312805176
648,1092,3.5318875312805176
262,1013,3.5318875312805176
775,269,3.5318875312805176
522,200,3.5318875312805176
94,159,3.5318875312805176
62,171,3.5318875312805176
756,99,3.5318875312805176
881,742,3.5318875312805176
451,328,3.5318875312805176
320,95,3.5318875312805176
916,451,3.5318875312805176
535,338,3.5318875312805176
425,174,3.5318875312805176
49,50,3.5318875312805176
237,83,3.5318875312805176
643,410,3.5318875312805176
59,951,3.5318875312805176
780,423,3.5318875312805176
412,634,3.5318875312805176
790,208,3.5318875312805176
91,338,3.5318875312805176
648,231,3.5318875312805176
601,928,3.5318875312805176
405,735,3.5318875312805176
880,4,3.5318875312805176
442,150,3.5318875312805176
504,240,3.5318875312805176
561,98,3.5318875312805176
435,627,3.5318875312805176
826,385,3.5318875312805176
682,211,3.5318875312805176
880,217,3.5318875312805176
268,384,3.5318875312805176
664,631,3.5318875312805176
274,71,3.5318875312805176
567,96,3.5318875312805176
279,1321,3.5318875312805176
269,723,3.5318875312805176
840,196,3.5318875312805176
85,647,3.5318875312805176
883,224,3.5318875312805176
222,96,3.5318875312805176
434,815,3.5318875312805176
826,11,3.5318875312805176
569,405,3.5318875312805176
114,56,3.5318875312805176
435,1103,3.5318875312805176
299,1103,3.5318875312805176
733,1129,3.5318875312805176
736,253,3.5318875312805176
52,463,3.5318875312805176
911,435,3.5318875312805176
363,47,3.5318875312805176
494,528,3.5318875312805176
889,96,3.5318875312805176
146,262,3.5318875312805176
637,150,3.5318875312805176
835,281,3.5318875312805176
829,276,3.5318875312805176
810,342,3.5318875312805176
919,596,3.5318875312805176
768,288,3.5318875312805176
409,136,3.5318875312805176
199,1354,3.5318875312805176
429,628,3.5318875312805176
303,294,3.5318875312805176
622,1207,3.5318875312805176
690,223,3.5318875312805176
770,15,3.5318875312805176
170,328,3.5318875312805176
158,511,3.5318875312805176
664,431,3.5318875312805176
87,228,3.5318875312805176
537,506,3.5318875312805176
148,529,3.5318875312805176
112,325,3.5318875312805176
303,559,3.5318875312805176
373,727,3.5318875312805176
101,284,3.5318875312805176
693,130,3.5318875312805176
707,719,3.5318875312805176
523,168,3.5318875312805176
13,86,3.5318875312805176
536,679,3.5318875312805176
59,559,3.5318875312805176
804,208,3.5318875312805176
276,100,3.5318875312805176
254,629,3.5318875312805176
543,1073,3.5318875312805176
94,1011,3.5318875312805176
22,167,3.5318875312805176
573,134,3.5318875312805176
655,1045,3.5318875312805176
136,15,3.5318875312805176
293,122,3.5318875312805176
561,1210,3.5318875312805176
757,17,3.5318875312805176
429,1016,3.5318875312805176
887,288,3.5318875312805176
721,872,3.5318875312805176
212,427,3.5318875312805176
189,294,3.5318875312805176
45,276,3.5318875312805176
59,243,3.5318875312805176
102,993,3.5318875312805176
450,611,3.5318875312805176
185,181,3.5318875312805176
187,792,3.5318875312805176
865,763,3.5318875312805176
699,283,3.5318875312805176
174,384,3.5318875312805176
83,127,3.5318875312805176
716,260,3.5318875312805176
517,823,3.5318875312805176
308,520,3.5318875312805176
263,99,3.5318875312805176
563,220,3.5318875312805176
672,25,3.5318875312805176
308,141,3.5318875312805176
286,142,3.5318875312805176
466,679,3.5318875312805176
351,258,3.5318875312805176
239,382,3.5318875312805176
509,294,3.5318875312805176
640,1016,3.5318875312805176
187,651,3.5318875312805176
184,1014,3.5318875312805176
699,16,3.5318875312805176
815,485,3.5318875312805176
665,1,3.5318875312805176
937,508,3.5318875312805176
290,625,3.5318875312805176
315,211,3.5318875312805176
797,300,3.5318875312805176
368,11,3.5318875312805176
159,756,3.5318875312805176
536,432,3.5318875312805176
887,443,3.5318875312805176
60,673,3.5318875312805176
232,357,3.5318875312805176
871,50,3.5318875312805176
5,457,3.5318875312805176
363,571,3.5318875312805176
360,187,3.5318875312805176
636,118,3.5318875312805176
823,87,3.5318875312805176
757,333,3.5318875312805176
600,181,3.5318875312805176
366,853,3.5318875312805176
405,8,3.5318875312805176
118,79,3.5318875312805176
880,38,3.5318875312805176
781,232,3.5318875312805176
234,506,3.5318875312805176
293,183,3.5318875312805176
806,82,3.5318875312805176
87,182,3.5318875312805176
639,153,3.5318875312805176
234,99,3.5318875312805176
290,22,3.5318875312805176
928,173,3.5318875312805176
632,168,3.5318875312805176
654,408,3.5318875312805176
328,182,3.5318875312805176
593,159,3.5318875312805176
922,431,3.5318875312805176
561,1024,3.5318875312805176
624,126,3.5318875312805176
752,322,3.5318875312805176
682,1178,3.5318875312805176
398,173,3.5318875312805176
198,237,3.5318875312805176
293,15,3.5318875312805176
738,357,3.5318875312805176
354,473,3.5318875312805176
74,121,3.5318875312805176
345,238,3.5318875312805176
889,385,3.5318875312805176
543,188,3.5318875312805176
253,895,3.5318875312805176
727,33,3.5318875312805176
456,845,3.5318875312805176
574,258,3.5318875312805176
249,271,3.5318875312805176
416,431,3.5318875312805176
378,11,3.5318875312805176
381,1407,3.5318875312805176
330,393,3.5318875312805176
329,512,3.5318875312805176
274,69,3.5318875312805176
711,345,3.5318875312805176
339,343,3.5318875312805176
87,651,3.5318875312805176
145,559,3.5318875312805176
881,15,3.5318875312805176
125,98,3.5318875312805176
704,134,3.5318875312805176
364,269,3.5318875312805176
790,405,3.5318875312805176
234,284,3.5318875312805176
405,1193,3.5318875312805176
478,710,3.5318875312805176
693,281,3.5318875312805176
339,139,3.5318875312805176
755,259,3.5318875312805176
747,429,3.5318875312805176
470,824,3.5318875312805176
21,322,3.5318875312805176
620,7,3.5318875312805176
412,211,3.5318875312805176
562,190,3.5318875312805176
269,497,3.5318875312805176
715,50,3.5318875312805176
303,250,3.5318875312805176
398,1020,3.5318875312805176
896,481,3.5318875312805176
490,1386,3.5318875312805176
44,257,3.5318875312805176
838,313,3.5318875312805176
17,245,3.5318875312805176
210,300,3.5318875312805176
301,105,3.5318875312805176
903,127,3.5318875312805176
153,325,3.5318875312805176
92,159,3.5318875312805176
637,282,3.5318875312805176
376,357,3.5318875312805176
779,235,3.5318875312805176
880,720,3.5318875312805176
393,1179,3.5318875312805176
229,313,3.5318875312805176
87,433,3.5318875312805176
224,555,3.5318875312805176
942,95,3.5318875312805176
280,699,3.5318875312805176
716,549,3.5318875312805176
468,647,3.5318875312805176
889,615,3.5318875312805176
537,1009,3.5318875312805176
283,71,3.5318875312805176
191,343,3.5318875312805176
669,511,3.5318875312805176
437,842,3.5318875312805176
239,589,3.5318875312805176
705,286,3.5318875312805176
458,189,3.5318875312805176
200,82,3.5318875312805176
387,559,3.5318875312805176
809,299,3.5318875312805176
537,323,3.5318875312805176
308,495,3.5318875312805176
66,742,3.5318875312805176
7,385,3.5318875312805176
99,79,3.5318875312805176
255,984,3.5318875312805176
535,162,3.5318875312805176
464,709,3.5318875312805176
393,81,3.5318875312805176
524,133,3.5318875312805176
295,1050,3.5318875312805176
339,88,3.5318875312805176
168,222,3.5318875312805176
72,566,3.5318875312805176
42,73,3.5318875312805176
82,518,3.5318875312805176
276,586,3.5318875312805176
889,1069,3.5318875312805176
896,705,3.5318875312805176
458,64,3.5318875312805176
577,727,3.5318875312805176
886,55,3.5318875312805176
932,399,3.5318875312805176
786,588,3.5318875312805176
489,895,3.5318875312805176
448,1022,3.5318875312805176
486,689,3.5318875312805176
833,22,3.5318875312805176
416,272,3.5318875312805176
75,820,3.5318875312805176
30,688,3.5318875312805176
423,282,3.5318875312805176
682,217,3.5318875312805176
494,121,3.5318875312805176
572,1171,3.5318875312805176
87,321,3.5318875312805176
524,135,3.5318875312805176
435,760,3.5318875312805176
313,195,3.5318875312805176
291,175,3.5318875312805176
346,38,3.5318875312805176
291,89,3.5318875312805176
847,144,3.5318875312805176
30,135,3.5318875312805176
308,452,3.5318875312805176
295,227,3.5318875312805176
486,475,3.5318875312805176
388,569,3.5318875312805176
642,1287,3.5318875312805176
276,373,3.5318875312805176
881,27,3.5318875312805176
11,652,3.5318875312805176
413,326,3.5318875312805176
542,168,3.5318875312805176
628,305,3.5318875312805176
105,268,3.5318875312805176
145,265,3.5318875312805176
454,707,3.5318875312805176
58,45,3.5318875312805176
195,508,3.5318875312805176
585,863,3.5318875312805176
174,31,3.5318875312805176
587,272,3.5318875312805176
301,233,3.5318875312805176
586,117,3.5318875312805176
818,286,3.5318875312805176
405,1230,3.5318875312805176
870,188,3.5318875312805176
660,298,3.5318875312805176
535,179,3.5318875312805176
94,88,3.5318875312805176
943,1011,3.5318875312805176
892,403,3.5318875312805176
844,690,3.5318875312805176
886,819,3.5318875312805176
160,282,3.5318875312805176
496,1133,3.5318875312805176
449,15,3.5318875312805176
916,713,3.5318875312805176
783,331,3.5318875312805176
144,91,3.5318875312805176
642,1311,3.5318875312805176
23,28,3.5318875312805176
478,12,3.5318875312805176
606,161,3.5318875312805176
178,173,3.5318875312805176
117,109,3.5318875312805176
698,28,3.5318875312805176
84,529,3.5318875312805176
699,322,3.5318875312805176
303,430,3.5318875312805176
621,176,3.5318875312805176
316,530,3.5318875312805176
394,72,3.5318875312805176
456,216,3.5318875312805176
22,405,3.5318875312805176
595,763,3.5318875312805176
74,126,3.5318875312805176
301,393,3.5318875312805176
469,286,3.5318875312805176
782,887,3.5318875312805176
566,82,3.5318875312805176
137,257,3.5318875312805176
843,271,3.5318875312805176
932,238,3.5318875312805176
907,278,3.5318875312805176
118,433,3.5318875312805176
525,237,3.5318875312805176
553,487,3.5318875312805176
638,174,3.5318875312805176
244,278,3.5318875312805176
504,186,3.5318875312805176
427,258,3.5318875312805176
474,523,3.5318875312805176
92,780,3.5318875312805176
397,492,3.5318875312805176
442,90,3.5318875312805176
677,322,3.5318875312805176
76,1158,3.5318875312805176
733,471,3.5318875312805176
880,179,3.5318875312805176
537,271,3.5318875312805176
739,22,3.5318875312805176
832,873,3.5318875312805176
599,111,3.5318875312805176
894,343,3.5318875312805176
561,1009,3.5318875312805176
379,637,3.5318875312805176
500,471,3.5318875312805176
422,129,3.5318875312805176
374,443,3.5318875312805176
841,748,3.5318875312805176
102,29,3.5318875312805176
94,471,3.5318875312805176
297,471,3.5318875312805176
655,448,3.5318875312805176
416,143,3.5318875312805176
293,297,3.5318875312805176
405,795,3.5318875312805176
533,190,3.5318875312805176
8,187,3.5318875312805176
764,151,3.5318875312805176
487,572,3.5318875312805176
344,288,3.5318875312805176
626,748,3.5318875312805176
476,343,3.5318875312805176
174,9,3.5318875312805176
472,365,3.5318875312805176
932,528,3.5318875312805176
536,80,3.5318875312805176
506,77,3.5318875312805176
721,938,3.5318875312805176
796,761,3.5318875312805176
815,95,3.5318875312805176
535,707,3.5318875312805176
733,922,3.5318875312805176
254,449,3.5318875312805176
244,1209,3.5318875312805176
64,748,3.5318875312805176
489,322,3.5318875312805176
916,82,3.5318875312805176
297,271,3.5318875312805176
637,985,3.5318875312805176
203,294,3.5318875312805176
788,879,3.5318875312805176
872,892,3.5318875312805176
566,100,3.5318875312805176
334,521,3.5318875312805176
659,490,3.5318875312805176
407,402,3.5318875312805176
920,313,3.5318875312805176
823,474,3.5318875312805176
222,739,3.5318875312805176
682,294,3.5318875312805176
344,9,3.5318875312805176
229,269,3.5318875312805176
658,724,3.5318875312805176
827,358,3.5318875312805176
110,64,3.5318875312805176
5,446,3.5318875312805176
251,210,3.5318875312805176
650,747,3.5318875312805176
398,708,3.5318875312805176
570,286,3.5318875312805176
848,215,3.5318875312805176
326,564,3.5318875312805176
229,311,3.5318875312805176
425,83,3.5318875312805176
18,194,3.5318875312805176
216,3,3.5318875312805176
500,662,3.5318875312805176
320,895,3.5318875312805176
717,343,3.5318875312805176
604,670,3.5318875312805176
727,260,3.5318875312805176
12,15,3.5318875312805176
537,588,3.5318875312805176
493,546,3.5318875312805176
301,82,3.5318875312805176
246,294,3.5318875312805176
609,259,3.5318875312805176
181,1028,3.5318875312805176
544,332,3.5318875312805176
201,654,3.5318875312805176
145,1210,3.5318875312805176
883,896,3.5318875312805176
796,1163,3.5318875312805176
453,85,3.5318875312805176
442,184,3.5318875312805176
303,1230,3.5318875312805176
10,194,3.5318875312805176
620,112,3.5318875312805176
687,678,3.5318875312805176
379,93,3.5318875312805176
361,517,3.5318875312805176
93,235,3.5318875312805176
303,215,3.5318875312805176
807,1039,3.5318875312805176
175,12,3.5318875312805176
318,404,3.5318875312805176
682,393,3.5318875312805176
788,445,3.5318875312805176
392,347,3.5318875312805176
580,249,3.5318875312805176
902,87,3.5318875312805176
553,1200,3.5318875312805176
116,180,3.5318875312805176
894,255,3.5318875312805176
406,130,3.5318875312805176
102,235,3.5318875312805176
361,197,3.5318875312805176
85,14,3.5318875312805176
387,176,3.5318875312805176
553,648,3.5318875312805176
94,182,3.5318875312805176
307,472,3.5318875312805176
682,802,3.5318875312805176
303,948,3.5318875312805176
405,698,3.5318875312805176
87,202,3.5318875312805176
328,665,3.5318875312805176
265,125,3.5318875312805176
145,257,3.5318875312805176
918,606,3.5318875312805176
543,1014,3.5318875312805176
85,237,3.5318875312805176
13,657,3.5318875312805176
254,624,3.5318875312805176
521,268,3.5318875312805176
233,499,3.5318875312805176
42,96,3.5318875312805176
782,1283,3.5318875312805176
848,478,3.5318875312805176
453,578,3.5318875312805176
842,752,3.5318875312805176
543,324,3.5318875312805176
232,194,3.5318875312805176
58,175,3.5318875312805176
851,331,3.5318875312805176
941,124,3.5318875312805176
84,31,3.5318875312805176
474,923,3.5318875312805176
544,258,3.5318875312805176
450,722,3.5318875312805176
907,1016,3.5318875312805176
518,276,3.5318875312805176
731,66,3.5318875312805176
21,995,3.5318875312805176
536,378,3.5318875312805176
37,82,3.5318875312805176
160,455,3.5318875312805176
748,451,3.5318875312805176
595,298,3.5318875312805176
293,121,3.5318875312805176
308,502,3.5318875312805176
191,313,3.5318875312805176
675,86,3.5318875312805176
179,691,3.5318875312805176
881,7,3.5318875312805176
533,109,3.5318875312805176
129,313,3.5318875312805176
638,410,3.5318875312805176
450,663,3.5318875312805176
450,521,3.5318875312805176
292,249,3.5318875312805176
698,283,3.5318875312805176
276,204,3.5318875312805176
862,180,3.5318875312805176
622,94,3.5318875312805176
642,1,3.5318875312805176
49,301,3.5318875312805176
892,385,3.5318875312805176
828,1646,3.5318875312805176
504,559,3.5318875312805176
222,144,3.5318875312805176
524,661,3.5318875312805176
236,88,3.5318875312805176
406,596,3.5318875312805176
200,409,3.5318875312805176
804,259,3.5318875312805176
506,490,3.5318875312805176
416,161,3.5318875312805176
840,659,3.5318875312805176
519,264,3.5318875312805176
416,405,3.5318875312805176
627,28,3.5318875312805176
486,282,3.5318875312805176
214,56,3.5318875312805176
94,61,3.5318875312805176
97,135,3.5318875312805176
724,1176,3.5318875312805176
13,441,3.5318875312805176
653,136,3.5318875312805176
261,342,3.5318875312805176
796,418,3.5318875312805176
881,186,3.5318875312805176
94,1223,3.5318875312805176
459,926,3.5318875312805176
8,511,3.5318875312805176
715,125,3.5318875312805176
194,471,3.5318875312805176
920,682,3.5318875312805176
829,190,3.5318875312805176
264,559,3.5318875312805176
556,127,3.5318875312805176
276,1245,3.5318875312805176
521,99,3.5318875312805176
273,272,3.5318875312805176
782,1670,3.5318875312805176
464,289,3.5318875312805176
316,318,3.5318875312805176
39,294,3.5318875312805176
13,833,3.5318875312805176
878,286,3.5318875312805176
857,325,3.5318875312805176
786,357,3.5318875312805176
442,29,3.5318875312805176
123,275,3.5318875312805176
780,275,3.5318875312805176
94,183,3.5318875312805176
345,291,3.5318875312805176
826,550,3.5318875312805176
195,809,3.5318875312805176
289,254,3.5318875312805176
42,720,3.5318875312805176
624,628,3.5318875312805176
707,533,3.5318875312805176
370,181,3.5318875312805176
472,234,3.5318875312805176
299,1073,3.5318875312805176
608,262,3.5318875312805176
145,943,3.5318875312805176
363,174,3.5318875312805176
23,463,3.5318875312805176
774,453,3.5318875312805176
119,405,3.5318875312805176
633,5,3.5318875312805176
627,227,3.5318875312805176
579,216,3.5318875312805176
95,328,3.5318875312805176
942,300,3.5318875312805176
875,358,3.5318875312805176
293,47,3.5318875312805176
776,1219,3.5318875312805176
299,208,3.5318875312805176
924,174,3.5318875312805176
716,662,3.5318875312805176
457,385,3.5318875312805176
883,239,3.5318875312805176
290,28,3.5318875312805176
429,265,3.5318875312805176
270,282,3.5318875312805176
195,234,3.5318875312805176
867,7,3.5318875312805176
145,275,3.5318875312805176
15,13,3.5318875312805176
586,356,3.5318875312805176
6,174,3.5318875312805176
357,748,3.5318875312805176
327,33,3.5318875312805176
518,742,3.5318875312805176
524,492,3.5318875312805176
407,559,3.5318875312805176
171,313,3.5318875312805176
121,740,3.5318875312805176
42,367,3.5318875312805176
582,328,3.5318875312805176
533,443,3.5318875312805176
298,946,3.5318875312805176
551,156,3.5318875312805176
226,23,3.5318875312805176
716,1269,3.5318875312805176
875,50,3.5318875312805176
870,55,3.5318875312805176
393,84,3.5318875312805176
857,328,3.5318875312805176
648,576,3.5318875312805176
288,528,3.5318875312805176
200,393,3.5318875312805176
542,871,3.5318875312805176
617,674,3.5318875312805176
621,257,3.5318875312805176
297,277,3.5318875312805176
144,1285,3.5318875312805176
650,243,3.5318875312805176
802,259,3.5318875312805176
323,475,3.5318875312805176
205,300,3.5318875312805176
634,919,3.5318875312805176
130,272,3.5318875312805176
664,89,3.5318875312805176
671,56,3.5318875312805176
835,179,3.5318875312805176
788,43,3.5318875312805176
533,19,3.5318875312805176
331,132,3.5318875312805176
74,302,3.5318875312805176
621,250,3.5318875312805176
92,322,3.5318875312805176
59,28,3.5318875312805176
871,97,3.5318875312805176
401,196,3.5318875312805176
250,270,3.5318875312805176
453,628,3.5318875312805176
546,322,3.5318875312805176
236,191,3.5318875312805176
387,81,3.5318875312805176
116,297,3.5318875312805176
514,116,3.5318875312805176
49,1074,3.5318875312805176
927,227,3.5318875312805176
405,178,3.5318875312805176
143,325,3.5318875312805176
627,182,3.5318875312805176
64,100,3.5318875312805176
295,174,3.5318875312805176
551,176,3.5318875312805176
43,950,3.5318875312805176
866,344,3.5318875312805176
251,748,3.5318875312805176
860,315,3.5318875312805176
895,885,3.5318875312805176
305,664,3.5318875312805176
579,238,3.5318875312805176
326,205,3.5318875312805176
365,309,3.5318875312805176
426,527,3.5318875312805176
450,724,3.5318875312805176
588,131,3.5318875312805176
393,290,3.5318875312805176
848,509,3.5318875312805176
405,1247,3.5318875312805176
246,1039,3.5318875312805176
405,202,3.5318875312805176
435,174,3.5318875312805176
506,168,3.5318875312805176
863,990,3.5318875312805176
276,128,3.5318875312805176
901,430,3.5318875312805176
887,432,3.5318875312805176
280,9,3.5318875312805176
373,435,3.5318875312805176
303,546,3.5318875312805176
588,1061,3.5318875312805176
345,988,3.5318875312805176
95,378,3.5318875312805176
630,240,3.5318875312805176
654,302,3.5318875312805176
894,311,3.5318875312805176
311,258,3.5318875312805176
939,591,3.5318875312805176
216,234,3.5318875312805176
815,313,3.5318875312805176
387,581,3.5318875312805176
181,111,3.5318875312805176
188,1213,3.5318875312805176
194,692,3.5318875312805176
253,966,3.5318875312805176
104,508,3.5318875312805176
532,235,3.5318875312805176
851,930,3.5318875312805176
916,569,3.5318875312805176
716,385,3.5318875312805176
445,433,3.5318875312805176
622,276,3.5318875312805176
864,969,3.5318875312805176
75,322,3.5318875312805176
214,131,3.5318875312805176
327,333,3.5318875312805176
450,38,3.5318875312805176
279,1435,3.5318875312805176
764,15,3.5318875312805176
256,11,3.5318875312805176
15,308,3.5318875312805176
179,353,3.5318875312805176
257,381,3.5318875312805176
911,151,3.5318875312805176
458,529,3.5318875312805176
355,882,3.5318875312805176
249,135,3.5318875312805176
249,317,3.5318875312805176
271,692,3.5318875312805176
94,157,3.5318875312805176
774,585,3.5318875312805176
474,485,3.5318875312805176
497,720,3.5318875312805176
506,148,3.5318875312805176
227,411,3.5318875312805176
527,201,3.5318875312805176
216,763,3.5318875312805176
373,195,3.5318875312805176
778,197,3.5318875312805176
807,1066,3.5318875312805176
314,66,3.5318875312805176
151,405,3.5318875312805176
276,223,3.5318875312805176
100,905,3.5318875312805176
536,546,3.5318875312805176
592,409,3.5318875312805176
312,8,3.5318875312805176
416,794,3.5318875312805176
630,237,3.5318875312805176
410,312,3.5318875312805176
648,477,3.5318875312805176
13,191,3.5318875312805176
632,275,3.5318875312805176
799,479,3.5318875312805176
608,79,3.5318875312805176
618,8,3.5318875312805176
880,476,3.5318875312805176
788,754,3.5318875312805176
718,742,3.5318875312805176
335,340,3.5318875312805176
378,91,3.5318875312805176
184,170,3.5318875312805176
894,1005,3.5318875312805176
933,934,3.5318875312805176
721,125,3.5318875312805176
500,97,3.5318875312805176
618,12,3.5318875312805176
495,191,3.5318875312805176
626,294,3.5318875312805176
670,482,3.5318875312805176
758,514,3.5318875312805176
314,1016,3.5318875312805176
835,180,3.5318875312805176
101,118,3.5318875312805176
416,246,3.5318875312805176
125,94,3.5318875312805176
927,560,3.5318875312805176
818,271,3.5318875312805176
236,282,3.5318875312805176
181,1245,3.5318875312805176
551,286,3.5318875312805176
399,746,3.5318875312805176
708,1023,3.5318875312805176
385,673,3.5318875312805176
213,2,3.5318875312805176
452,187,3.5318875312805176
192,813,3.5318875312805176
141,300,3.5318875312805176
919,321,3.5318875312805176
659,603,3.5318875312805176
293,94,3.5318875312805176
906,475,3.5318875312805176
22,175,3.5318875312805176
854,56,3.5318875312805176
459,291,3.5318875312805176
246,94,3.5318875312805176
804,625,3.5318875312805176
682,235,3.5318875312805176
78,1160,3.5318875312805176
880,1277,3.5318875312805176
235,303,3.5318875312805176
769,824,3.5318875312805176
321,48,3.5318875312805176
654,250,3.5318875312805176
452,462,3.5318875312805176
715,64,3.5318875312805176
773,238,3.5318875312805176
123,22,3.5318875312805176
221,259,3.5318875312805176
90,208,3.5318875312805176
784,271,3.5318875312805176
100,689,3.5318875312805176
498,14,3.5318875312805176
934,172,3.5318875312805176
344,715,3.5318875312805176
135,77,3.5318875312805176
836,496,3.5318875312805176
445,689,3.5318875312805176
503,736,3.5318875312805176
435,393,3.5318875312805176
896,739,3.5318875312805176
326,183,3.5318875312805176
592,60,3.5318875312805176
541,1412,3.5318875312805176
883,752,3.5318875312805176
11,90,3.5318875312805176
201,1163,3.5318875312805176
318,66,3.5318875312805176
503,127,3.5318875312805176
75,108,3.5318875312805176
109,239,3.5318875312805176
222,162,3.5318875312805176
313,420,3.5318875312805176
846,50,3.5318875312805176
488,207,3.5318875312805176
279,1059,3.5318875312805176
401,1011,3.5318875312805176
177,307,3.5318875312805176
537,855,3.5318875312805176
223,1014,3.5318875312805176
234,610,3.5318875312805176
741,94,3.5318875312805176
456,218,3.5318875312805176
805,319,3.5318875312805176
181,104,3.5318875312805176
458,307,3.5318875312805176
707,723,3.5318875312805176
13,241,3.5318875312805176
474,380,3.5318875312805176
299,1132,3.5318875312805176
422,257,3.5318875312805176
934,492,3.5318875312805176
474,414,3.5318875312805176
641,198,3.5318875312805176
804,550,3.5318875312805176
150,181,3.5318875312805176
807,968,3.5318875312805176
308,614,3.5318875312805176
292,491,3.5318875312805176
710,268,3.5318875312805176
650,447,3.5318875312805176
383,205,3.5318875312805176
201,385,3.5318875312805176
272,238,3.5318875312805176
806,655,3.5318875312805176
301,100,3.5318875312805176
382,481,3.5318875312805176
721,284,3.5318875312805176
378,143,3.5318875312805176
296,1142,3.5318875312805176
481,66,3.5318875312805176
807,199,3.5318875312805176
588,566,3.5318875312805176
64,347,3.5318875312805176
708,118,3.5318875312805176
933,476,3.5318875312805176
643,419,3.5318875312805176
665,255,3.5318875312805176
233,216,3.5318875312805176
263,416,3.5318875312805176
587,261,3.5318875312805176
379,300,3.5318875312805176
346,932,3.5318875312805176
346,89,3.5318875312805176
790,209,3.5318875312805176
848,1063,3.5318875312805176
453,1145,3.5318875312805176
605,237,3.5318875312805176
532,510,3.5318875312805176
231,255,3.5318875312805176
699,685,3.5318875312805176
738,151,3.5318875312805176
921,202,3.5318875312805176
848,520,3.5318875312805176
74,333,3.5318875312805176
160,461,3.5318875312805176
332,975,3.5318875312805176
653,1620,3.5318875312805176
246,932,3.5318875312805176
301,173,3.5318875312805176
709,781,3.5318875312805176
450,1435,3.5318875312805176
291,563,3.5318875312805176
396,406,3.5318875312805176
327,659,3.5318875312805176
357,274,3.5318875312805176
130,100,3.5318875312805176
650,1215,3.5318875312805176
655,12,3.5318875312805176
911,659,3.5318875312805176
194,371,3.5318875312805176
625,732,3.5318875312805176
432,313,3.5318875312805176
758,656,3.5318875312805176
846,789,3.5318875312805176
663,546,3.5318875312805176
351,286,3.5318875312805176
667,223,3.5318875312805176
309,879,3.5318875312805176
276,1028,3.5318875312805176
331,414,3.5318875312805176
453,272,3.5318875312805176
401,203,3.5318875312805176
796,815,3.5318875312805176
843,515,3.5318875312805176
314,996,3.5318875312805176
896,458,3.5318875312805176
85,702,3.5318875312805176
40,268,3.5318875312805176
342,57,3.5318875312805176
109,520,3.5318875312805176
538,168,3.5318875312805176
410,303,3.5318875312805176
884,116,3.5318875312805176
774,185,3.5318875312805176
525,125,3.5318875312805176
165,332,3.5318875312805176
1,255,3.5318875312805176
305,83,3.5318875312805176
943,227,3.5318875312805176
560,476,3.5318875312805176
46,333,3.5318875312805176
244,54,3.5318875312805176
327,24,3.5318875312805176
379,345,3.5318875312805176
495,54,3.5318875312805176
897,409,3.5318875312805176
401,188,3.5318875312805176
896,132,3.5318875312805176
177,47,3.5318875312805176
690,705,3.5318875312805176
119,392,3.5318875312805176
59,622,3.5318875312805176
595,108,3.5318875312805176
177,1,3.5318875312805176
537,486,3.5318875312805176
635,886,3.5318875312805176
899,121,3.5318875312805176
170,881,3.5318875312805176
538,568,3.5318875312805176
863,876,3.5318875312805176
263,183,3.5318875312805176
917,282,3.5318875312805176
763,87,3.5318875312805176
92,39,3.5318875312805176
677,1240,3.5318875312805176
72,644,3.5318875312805176
145,405,3.5318875312805176
615,736,3.5318875312805176
358,1159,3.5318875312805176
660,675,3.5318875312805176
312,528,3.5318875312805176
707,345,3.5318875312805176
334,153,3.5318875312805176
498,527,3.5318875312805176
698,144,3.5318875312805176
48,423,3.5318875312805176
716,163,3.5318875312805176
168,280,3.5318875312805176
796,500,3.5318875312805176
595,815,3.5318875312805176
267,222,3.5318875312805176
566,170,3.5318875312805176
272,32,3.5318875312805176
40,286,3.5318875312805176
144,68,3.5318875312805176
409,6,3.5318875312805176
81,42,3.5318875312805176
265,1197,3.5318875312805176
37,176,3.5318875312805176
648,218,3.5318875312805176
198,455,3.5318875312805176
77,176,3.5318875312805176
314,132,3.5318875312805176
487,470,3.5318875312805176
349,126,3.5318875312805176
412,939,3.5318875312805176
417,943,3.5318875312805176
151,260,3.5318875312805176
105,258,3.5318875312805176
887,1012,3.5318875312805176
676,902,3.5318875312805176
919,183,3.5318875312805176
268,286,3.5318875312805176
883,228,3.5318875312805176
463,284,3.5318875312805176
750,300,3.5318875312805176
450,506,3.5318875312805176
699,477,3.5318875312805176
201,581,3.5318875312805176
550,252,3.5318875312805176
880,316,3.5318875312805176
95,855,3.5318875312805176
542,399,3.5318875312805176
360,248,3.5318875312805176
655,1529,3.5318875312805176
435,91,3.5318875312805176
605,276,3.5318875312805176
648,222,3.5318875312805176
727,385,3.5318875312805176
541,625,3.5318875312805176
374,274,3.5318875312805176
270,943,3.5318875312805176
908,216,3.5318875312805176
332,118,3.5318875312805176
943,419,3.5318875312805176
318,187,3.5318875312805176
515,1399,3.5318875312805176
123,182,3.5318875312805176
354,508,3.5318875312805176
892,435,3.5318875312805176
598,312,3.5318875312805176
201,596,3.5318875312805176
669,749,3.5318875312805176
679,111,3.5318875312805176
138,137,3.5318875312805176
943,485,3.5318875312805176
749,385,3.5318875312805176
315,209,3.5318875312805176
766,77,3.5318875312805176
588,25,3.5318875312805176
606,178,3.5318875312805176
56,98,3.5318875312805176
94,944,3.5318875312805176
837,276,3.5318875312805176
447,153,3.5318875312805176
903,281,3.5318875312805176
283,291,3.5318875312805176
727,258,3.5318875312805176
889,1589,3.5318875312805176
234,451,3.5318875312805176
870,1090,3.5318875312805176
293,455,3.5318875312805176
399,228,3.5318875312805176
854,475,3.5318875312805176
268,121,3.5318875312805176
807,969,3.5318875312805176
145,53,3.5318875312805176
207,1046,3.5318875312805176
788,531,3.5318875312805176
554,678,3.5318875312805176
249,333,3.5318875312805176
643,732,3.5318875312805176
514,631,3.5318875312805176
919,237,3.5318875312805176
262,790,3.5318875312805176
267,50,3.5318875312805176
42,173,3.5318875312805176
288,345,3.5318875312805176
484,879,3.5318875312805176
508,52,3.5318875312805176
795,120,3.5318875312805176
845,311,3.5318875312805176
199,408,3.5318875312805176
713,310,3.5318875312805176
639,179,3.5318875312805176
57,56,3.5318875312805176
201,737,3.5318875312805176
782,254,3.5318875312805176
452,971,3.5318875312805176
402,10,3.5318875312805176
274,276,3.5318875312805176
890,1039,3.5318875312805176
577,452,3.5318875312805176
116,1244,3.5318875312805176
391,479,3.5318875312805176
782,1243,3.5318875312805176
184,676,3.5318875312805176
276,474,3.5318875312805176
83,235,3.5318875312805176
459,455,3.5318875312805176
361,319,3.5318875312805176
82,1078,3.5318875312805176
374,231,3.5318875312805176
401,604,3.5318875312805176
707,900,3.5318875312805176
457,168,3.5318875312805176
71,429,3.5318875312805176
904,709,3.5318875312805176
454,1003,3.5318875312805176
796,230,3.5318875312805176
805,108,3.5318875312805176
635,262,3.5318875312805176
795,386,3.5318875312805176
653,135,3.5318875312805176
664,449,3.5318875312805176
815,559,3.5318875312805176
625,588,3.5318875312805176
646,294,3.5318875312805176
468,1168,3.5318875312805176
541,826,3.5318875312805176
646,272,3.5318875312805176
334,887,3.5318875312805176
587,691,3.5318875312805176
639,580,3.5318875312805176
148,50,3.5318875312805176
694,489,3.5318875312805176
878,22,3.5318875312805176
934,550,3.5318875312805176
268,1035,3.5318875312805176
261,1025,3.5318875312805176
189,209,3.5318875312805176
642,220,3.5318875312805176
202,258,3.5318875312805176
758,414,3.5318875312805176
807,63,3.5318875312805176
119,655,3.5318875312805176
885,420,3.5318875312805176
328,405,3.5318875312805176
545,95,3.5318875312805176
593,117,3.5318875312805176
618,496,3.5318875312805176
435,1,3.5318875312805176
459,22,3.5318875312805176
267,202,3.5318875312805176
486,476,3.5318875312805176
913,346,3.5318875312805176
64,381,3.5318875312805176
43,411,3.5318875312805176
276,1131,3.5318875312805176
618,697,3.5318875312805176
356,286,3.5318875312805176
416,1041,3.5318875312805176
49,542,3.5318875312805176
514,87,3.5318875312805176
280,550,3.5318875312805176
881,575,3.5318875312805176
210,435,3.5318875312805176
622,403,3.5318875312805176
642,1152,3.5318875312805176
109,367,3.5318875312805176
452,135,3.5318875312805176
488,705,3.5318875312805176
497,382,3.5318875312805176
707,527,3.5318875312805176
59,132,3.5318875312805176
233,261,3.5318875312805176
861,14,3.5318875312805176
633,252,3.5318875312805176
797,298,3.5318875312805176
758,554,3.5318875312805176
151,1113,3.5318875312805176
421,12,3.5318875312805176
889,12,3.5318875312805176
595,928,3.5318875312805176
843,205,3.5318875312805176
682,339,3.5318875312805176
270,123,3.5318875312805176
334,419,3.5318875312805176
387,1538,3.5318875312805176
511,271,3.5318875312805176
405,586,3.5318875312805176
329,655,3.5318875312805176
305,14,3.5318875312805176
144,1286,3.5318875312805176
271,1117,3.5318875312805176
131,286,3.5318875312805176
484,449,3.5318875312805176
64,218,3.5318875312805176
537,633,3.5318875312805176
692,411,3.5318875312805176
280,161,3.5318875312805176
69,42,3.5318875312805176
395,210,3.5318875312805176
363,531,3.5318875312805176
533,48,3.5318875312805176
643,432,3.5318875312805176
42,265,3.5318875312805176
62,96,3.5318875312805176
215,239,3.5318875312805176
724,338,3.5318875312805176
92,947,3.5318875312805176
585,736,3.5318875312805176
393,456,3.5318875312805176
654,14,3.5318875312805176
365,151,3.5318875312805176
239,47,3.5318875312805176
23,202,3.5318875312805176
84,1,3.5318875312805176
145,134,3.5318875312805176
928,134,3.5318875312805176
370,923,3.5318875312805176
234,505,3.5318875312805176
301,871,3.5318875312805176
239,605,3.5318875312805176
327,285,3.5318875312805176
276,746,3.5318875312805176
524,284,3.5318875312805176
893,24,3.5318875312805176
592,273,3.5318875312805176
551,1267,3.5318875312805176
405,233,3.5318875312805176
671,257,3.5318875312805176
606,713,3.5318875312805176
18,111,3.5318875312805176
398,183,3.5318875312805176
193,1258,3.5318875312805176
387,33,3.5318875312805176
67,1095,3.5318875312805176
919,93,3.5318875312805176
145,933,3.5318875312805176
85,476,3.5318875312805176
867,276,3.5318875312805176
303,25,3.5318875312805176
327,186,3.5318875312805176
865,456,3.5318875312805176
457,401,3.5318875312805176
367,258,3.5318875312805176
659,507,3.5318875312805176
514,344,3.5318875312805176
503,463,3.5318875312805176
833,806,3.5318875312805176
747,517,3.5318875312805176
660,207,3.5318875312805176
320,188,3.5318875312805176
492,291,3.5318875312805176
639,83,3.5318875312805176
109,317,3.5318875312805176
587,875,3.5318875312805176
162,230,3.5318875312805176
409,538,3.5318875312805176
151,529,3.5318875312805176
634,744,3.5318875312805176
838,455,3.5318875312805176
663,330,3.5318875312805176
43,1,3.5318875312805176
880,1014,3.5318875312805176
184,855,3.5318875312805176
648,181,3.5318875312805176
436,21,3.5318875312805176
805,216,3.5318875312805176
96,187,3.5318875312805176
865,222,3.5318875312805176
98,88,3.5318875312805176
249,174,3.5318875312805176
815,871,3.5318875312805176
676,288,3.5318875312805176
381,525,3.5318875312805176
921,419,3.5318875312805176
576,471,3.5318875312805176
870,813,3.5318875312805176
799,307,3.5318875312805176
299,175,3.5318875312805176
117,96,3.5318875312805176
322,197,3.5318875312805176
831,749,3.5318875312805176
222,1239,3.5318875312805176
656,312,3.5318875312805176
316,97,3.5318875312805176
894,107,3.5318875312805176
77,246,3.5318875312805176
369,919,3.5318875312805176
828,1462,3.5318875312805176
500,301,3.5318875312805176
806,522,3.5318875312805176
293,195,3.5318875312805176
429,134,3.5318875312805176
653,7,3.5318875312805176
65,178,3.5318875312805176
895,748,3.5318875312805176
207,458,3.5318875312805176
354,733,3.5318875312805176
835,591,3.5318875312805176
907,1157,3.5318875312805176
763,629,3.5318875312805176
56,636,3.5318875312805176
18,60,3.5318875312805176
830,661,3.5318875312805176
690,4,3.5318875312805176
659,448,3.5318875312805176
669,902,3.5318875312805176
370,22,3.5318875312805176
189,405,3.5318875312805176
527,87,3.5318875312805176
314,405,3.5318875312805176
537,770,3.5318875312805176
795,797,3.5318875312805176
327,428,3.5318875312805176
542,15,3.5318875312805176
234,950,3.5318875312805176
110,1250,3.5318875312805176
13,810,3.5318875312805176
234,1400,3.5318875312805176
882,82,3.5318875312805176
551,343,3.5318875312805176
349,847,3.5318875312805176
385,156,3.5318875312805176
354,50,3.5318875312805176
534,240,3.5318875312805176
332,156,3.5318875312805176
942,258,3.5318875312805176
642,364,3.5318875312805176
883,750,3.5318875312805176
336,845,3.5318875312805176
385,4,3.5318875312805176
402,510,3.5318875312805176
322,489,3.5318875312805176
616,316,3.5318875312805176
195,753,3.5318875312805176
265,100,3.5318875312805176
93,15,3.5318875312805176
378,277,3.5318875312805176
360,124,3.5318875312805176
888,137,3.5318875312805176
295,99,3.5318875312805176
711,463,3.5318875312805176
807,496,3.5318875312805176
342,223,3.5318875312805176
621,769,3.5318875312805176
504,122,3.5318875312805176
897,646,3.5318875312805176
768,742,3.5318875312805176
592,854,3.5318875312805176
711,1119,3.5318875312805176
87,1072,3.5318875312805176
222,72,3.5318875312805176
838,235,3.5318875312805176
250,969,3.5318875312805176
625,393,3.5318875312805176
920,328,3.5318875312805176
334,462,3.5318875312805176
450,239,3.5318875312805176
524,895,3.5318875312805176
897,826,3.5318875312805176
452,404,3.5318875312805176
807,239,3.5318875312805176
588,31,3.5318875312805176
6,504,3.5318875312805176
576,100,3.5318875312805176
479,471,3.5318875312805176
788,1518,3.5318875312805176
569,19,3.5318875312805176
890,205,3.5318875312805176
472,682,3.5318875312805176
109,1157,3.5318875312805176
308,367,3.5318875312805176
524,435,3.5318875312805176
435,31,3.5318875312805176
851,544,3.5318875312805176
207,8,3.5318875312805176
346,571,3.5318875312805176
833,346,3.5318875312805176
207,1242,3.5318875312805176
874,357,3.5318875312805176
629,144,3.5318875312805176
90,197,3.5318875312805176
806,419,3.5318875312805176
248,64,3.5318875312805176
458,143,3.5318875312805176
409,289,3.5318875312805176
301,550,3.5318875312805176
778,42,3.5318875312805176
537,676,3.5318875312805176
727,783,3.5318875312805176
82,174,3.5318875312805176
200,660,3.5318875312805176
766,22,3.5318875312805176
141,244,3.5318875312805176
567,847,3.5318875312805176
499,511,3.5318875312805176
854,979,3.5318875312805176
199,117,3.5318875312805176
865,472,3.5318875312805176
271,511,3.5318875312805176
256,117,3.5318875312805176
495,444,3.5318875312805176
447,5,3.5318875312805176
916,118,3.5318875312805176
916,58,3.5318875312805176
398,735,3.5318875312805176
357,118,3.5318875312805176
822,408,3.5318875312805176
249,237,3.5318875312805176
845,286,3.5318875312805176
747,183,3.5318875312805176
896,203,3.5318875312805176
12,28,3.5318875312805176
291,928,3.5318875312805176
380,428,3.5318875312805176
618,651,3.5318875312805176
806,421,3.5318875312805176
843,191,3.5318875312805176
104,181,3.5318875312805176
57,318,3.5318875312805176
409,321,3.5318875312805176
648,2,3.5318875312805176
233,193,3.5318875312805176
223,216,3.5318875312805176
42,781,3.5318875312805176
450,597,3.5318875312805176
497,172,3.5318875312805176
698,25,3.5318875312805176
95,22,3.5318875312805176
544,302,3.5318875312805176
795,226,3.5318875312805176
568,59,3.5318875312805176
220,995,3.5318875312805176
181,874,3.5318875312805176
636,15,3.5318875312805176
868,1031,3.5318875312805176
542,433,3.5318875312805176
162,181,3.5318875312805176
779,71,3.5318875312805176
892,125,3.5318875312805176
453,56,3.5318875312805176
399,426,3.5318875312805176
435,825,3.5318875312805176
244,1017,3.5318875312805176
50,475,3.5318875312805176
124,172,3.5318875312805176
928,878,3.5318875312805176
481,153,3.5318875312805176
342,433,3.5318875312805176
898,242,3.5318875312805176
48,71,3.5318875312805176
497,545,3.5318875312805176
303,801,3.5318875312805176
249,1039,3.5318875312805176
906,740,3.5318875312805176
648,50,3.5318875312805176
569,291,3.5318875312805176
659,496,3.5318875312805176
58,652,3.5318875312805176
307,509,3.5318875312805176
243,713,3.5318875312805176
201,37,3.5318875312805176
1,134,3.5318875312805176
622,542,3.5318875312805176
416,468,3.5318875312805176
117,1095,3.5318875312805176
551,1253,3.5318875312805176
606,209,3.5318875312805176
126,310,3.5318875312805176
499,527,3.5318875312805176
790,83,3.5318875312805176
354,724,3.5318875312805176
562,56,3.5318875312805176
207,18,3.5318875312805176
839,100,3.5318875312805176
911,134,3.5318875312805176
8,510,3.5318875312805176
416,1053,3.5318875312805176
235,69,3.5318875312805176
763,11,3.5318875312805176
184,86,3.5318875312805176
434,147,3.5318875312805176
305,474,3.5318875312805176
92,758,3.5318875312805176
301,693,3.5318875312805176
804,402,3.5318875312805176
395,172,3.5318875312805176
679,100,3.5318875312805176
313,161,3.5318875312805176
802,670,3.5318875312805176
243,813,3.5318875312805176
374,467,3.5318875312805176
85,502,3.5318875312805176
605,357,3.5318875312805176
568,462,3.5318875312805176
702,289,3.5318875312805176
919,937,3.5318875312805176
363,1157,3.5318875312805176
881,420,3.5318875312805176
758,471,3.5318875312805176
737,89,3.5318875312805176
927,738,3.5318875312805176
536,405,3.5318875312805176
617,242,3.5318875312805176
748,528,3.5318875312805176
321,704,3.5318875312805176
195,921,3.5318875312805176
207,367,3.5318875312805176
682,304,3.5318875312805176
524,1204,3.5318875312805176
851,405,3.5318875312805176
488,732,3.5318875312805176
378,703,3.5318875312805176
758,447,3.5318875312805176
868,447,3.5318875312805176
296,61,3.5318875312805176
144,1016,3.5318875312805176
825,685,3.5318875312805176
405,519,3.5318875312805176
384,989,3.5318875312805176
787,300,3.5318875312805176
720,304,3.5318875312805176
232,474,3.5318875312805176
886,96,3.5318875312805176
447,252,3.5318875312805176
56,196,3.5318875312805176
234,193,3.5318875312805176
286,640,3.5318875312805176
128,506,3.5318875312805176
378,1,3.5318875312805176
181,1356,3.5318875312805176
682,423,3.5318875312805176
327,190,3.5318875312805176
24,367,3.5318875312805176
581,1097,3.5318875312805176
818,887,3.5318875312805176
773,780,3.5318875312805176
394,89,3.5318875312805176
320,300,3.5318875312805176
773,258,3.5318875312805176
222,1087,3.5318875312805176
271,241,3.5318875312805176
924,429,3.5318875312805176
258,300,3.5318875312805176
295,210,3.5318875312805176
274,1060,3.5318875312805176
788,748,3.5318875312805176
633,183,3.5318875312805176
660,235,3.5318875312805176
624,302,3.5318875312805176
405,530,3.5318875312805176
275,50,3.5318875312805176
83,254,3.5318875312805176
868,1,3.5318875312805176
625,202,3.5318875312805176
716,468,3.5318875312805176
717,322,3.5318875312805176
459,79,3.5318875312805176
496,1074,3.5318875312805176
207,302,3.5318875312805176
144,20,3.5318875312805176
43,486,3.5318875312805176
241,307,3.5318875312805176
483,318,3.5318875312805176
922,739,3.5318875312805176
599,245,3.5318875312805176
144,823,3.5318875312805176
553,481,3.5318875312805176
551,268,3.5318875312805176
339,218,3.5318875312805176
842,340,3.5318875312805176
95,573,3.5318875312805176
617,136,3.5318875312805176
916,475,3.5318875312805176
788,755,3.5318875312805176
731,494,3.5318875312805176
401,520,3.5318875312805176
177,358,3.5318875312805176
501,1081,3.5318875312805176
83,35,3.5318875312805176
770,288,3.5318875312805176
790,186,3.5318875312805176
181,1165,3.5318875312805176
62,436,3.5318875312805176
757,248,3.5318875312805176
709,860,3.5318875312805176
843,265,3.5318875312805176
438,866,3.5318875312805176
456,179,3.5318875312805176
248,257,3.5318875312805176
429,207,3.5318875312805176
194,227,3.5318875312805176
468,91,3.5318875312805176
843,162,3.5318875312805176
214,195,3.5318875312805176
253,328,3.5318875312805176
851,353,3.5318875312805176
268,546,3.5318875312805176
500,479,3.5318875312805176
373,82,3.5318875312805176
727,184,3.5318875312805176
106,12,3.5318875312805176
484,143,3.5318875312805176
655,607,3.5318875312805176
645,239,3.5318875312805176
524,23,3.5318875312805176
591,202,3.5318875312805176
553,603,3.5318875312805176
303,1286,3.5318875312805176
43,289,3.5318875312805176
1,210,3.5318875312805176
412,208,3.5318875312805176
564,245,3.5318875312805176
881,204,3.5318875312805176
578,325,3.5318875312805176
205,333,3.5318875312805176
205,304,3.5318875312805176
854,1134,3.5318875312805176
133,245,3.5318875312805176
456,710,3.5318875312805176
764,321,3.5318875312805176
817,405,3.5318875312805176
31,498,3.5318875312805176
655,867,3.5318875312805176
130,1039,3.5318875312805176
401,143,3.5318875312805176
314,423,3.5318875312805176
795,402,3.5318875312805176
484,692,3.5318875312805176
130,95,3.5318875312805176
434,1,3.5318875312805176
144,747,3.5318875312805176
259,772,3.5318875312805176
311,781,3.5318875312805176
613,1157,3.5318875312805176
351,678,3.5318875312805176
188,742,3.5318875312805176
408,300,3.5318875312805176
618,1212,3.5318875312805176
602,257,3.5318875312805176
81,282,3.5318875312805176
233,191,3.5318875312805176
211,890,3.5318875312805176
859,1315,3.5318875312805176
385,221,3.5318875312805176
862,416,3.5318875312805176
776,496,3.5318875312805176
90,136,3.5318875312805176
713,347,3.5318875312805176
377,272,3.5318875312805176
615,319,3.5318875312805176
12,174,3.5318875312805176
327,72,3.5318875312805176
942,607,3.5318875312805176
455,504,3.5318875312805176
52,333,3.5318875312805176
447,209,3.5318875312805176
454,651,3.5318875312805176
276,751,3.5318875312805176
777,273,3.5318875312805176
145,219,3.5318875312805176
655,574,3.5318875312805176
805,559,3.5318875312805176
515,344,3.5318875312805176
283,194,3.5318875312805176
236,443,3.5318875312805176
385,58,3.5318875312805176
110,38,3.5318875312805176
766,265,3.5318875312805176
200,43,3.5318875312805176
339,515,3.5318875312805176
557,198,3.5318875312805176
221,32,3.5318875312805176
566,134,3.5318875312805176
234,238,3.5318875312805176
417,708,3.5318875312805176
201,436,3.5318875312805176
383,19,3.5318875312805176
396,117,3.5318875312805176
198,98,3.5318875312805176
10,703,3.5318875312805176
551,720,3.5318875312805176
892,216,3.5318875312805176
795,367,3.5318875312805176
405,1207,3.5318875312805176
487,56,3.5318875312805176
790,449,3.5318875312805176
796,403,3.5318875312805176
503,286,3.5318875312805176
417,78,3.5318875312805176
478,42,3.5318875312805176
386,50,3.5318875312805176
844,1039,3.5318875312805176
157,410,3.5318875312805176
709,540,3.5318875312805176
536,582,3.5318875312805176
327,411,3.5318875312805176
363,652,3.5318875312805176
621,890,3.5318875312805176
294,678,3.5318875312805176
782,1608,3.5318875312805176
124,166,3.5318875312805176
468,662,3.5318875312805176
938,105,3.5318875312805176
267,403,3.5318875312805176
495,674,3.5318875312805176
334,183,3.5318875312805176
852,930,3.5318875312805176
916,523,3.5318875312805176
840,1018,3.5318875312805176
226,25,3.5318875312805176
883,1404,3.5318875312805176
154,475,3.5318875312805176
417,461,3.5318875312805176
151,318,3.5318875312805176
284,332,3.5318875312805176
219,4,3.5318875312805176
595,109,3.5318875312805176
932,230,3.5318875312805176
934,1065,3.5318875312805176
151,663,3.5318875312805176
38,95,3.5318875312805176
319,259,3.5318875312805176
568,638,3.5318875312805176
262,736,3.5318875312805176
299,433,3.5318875312805176
916,234,3.5318875312805176
805,346,3.5318875312805176
506,715,3.5318875312805176
301,772,3.5318875312805176
503,205,3.5318875312805176
308,109,3.5318875312805176
771,173,3.5318875312805176
210,692,3.5318875312805176
896,274,3.5318875312805176
907,813,3.5318875312805176
921,422,3.5318875312805176
486,332,3.5318875312805176
853,877,3.5318875312805176
646,682,3.5318875312805176
458,330,3.5318875312805176
487,419,3.5318875312805176
385,794,3.5318875312805176
474,259,3.5318875312805176
373,132,3.5318875312805176
5,369,3.5318875312805176
283,95,3.5318875312805176
907,277,3.5318875312805176
567,1012,3.5318875312805176
406,393,3.5318875312805176
668,355,3.5318875312805176
837,284,3.5318875312805176
457,931,3.5318875312805176
551,144,3.5318875312805176
526,750,3.5318875312805176
181,334,3.5318875312805176
449,212,3.5318875312805176
186,303,3.5318875312805176
87,323,3.5318875312805176
164,472,3.5318875312805176
268,233,3.5318875312805176
601,154,3.5318875312805176
60,842,3.5318875312805176
738,470,3.5318875312805176
352,96,3.5318875312805176
148,8,3.5318875312805176
273,304,3.5318875312805176
18,64,3.5318875312805176
879,304,3.5318875312805176
468,89,3.5318875312805176
22,546,3.5318875312805176
276,108,3.5318875312805176
401,97,3.5318875312805176
378,1063,3.5318875312805176
117,307,3.5318875312805176
110,326,3.5318875312805176
297,301,3.5318875312805176
234,176,3.5318875312805176
650,630,3.5318875312805176
227,137,3.5318875312805176
763,464,3.5318875312805176
214,482,3.5318875312805176
552,284,3.5318875312805176
293,135,3.5318875312805176
808,300,3.5318875312805176
294,405,3.5318875312805176
504,678,3.5318875312805176
201,685,3.5318875312805176
83,118,3.5318875312805176
655,1082,3.5318875312805176
125,914,3.5318875312805176
262,955,3.5318875312805176
653,187,3.5318875312805176
870,641,3.5318875312805176
833,443,3.5318875312805176
308,665,3.5318875312805176
276,159,3.5318875312805176
864,531,3.5318875312805176
603,748,3.5318875312805176
756,230,3.5318875312805176
7,677,3.5318875312805176
292,659,3.5318875312805176
906,276,3.5318875312805176
13,448,3.5318875312805176
230,951,3.5318875312805176
747,94,3.5318875312805176
363,100,3.5318875312805176
311,79,3.5318875312805176
690,218,3.5318875312805176
621,1228,3.5318875312805176
288,900,3.5318875312805176
747,508,3.5318875312805176
429,63,3.5318875312805176
241,887,3.5318875312805176
410,316,3.5318875312805176
159,72,3.5318875312805176
332,472,3.5318875312805176
761,245,3.5318875312805176
458,527,3.5318875312805176
841,322,3.5318875312805176
892,1454,3.5318875312805176
405,1570,3.5318875312805176
262,755,3.5318875312805176
653,967,3.5318875312805176
575,181,3.5318875312805176
380,750,3.5318875312805176
101,756,3.5318875312805176
465,286,3.5318875312805176
603,747,3.5318875312805176
840,216,3.5318875312805176
160,32,3.5318875312805176
301,514,3.5318875312805176
551,780,3.5318875312805176
847,98,3.5318875312805176
870,949,3.5318875312805176
294,334,3.5318875312805176
805,476,3.5318875312805176
655,210,3.5318875312805176
551,226,3.5318875312805176
466,27,3.5318875312805176
130,125,3.5318875312805176
738,603,3.5318875312805176
752,332,3.5318875312805176
60,82,3.5318875312805176
336,367,3.5318875312805176
735,813,3.5318875312805176
280,975,3.5318875312805176
738,230,3.5318875312805176
85,250,3.5318875312805176
337,471,3.5318875312805176
555,762,3.5318875312805176
570,327,3.5318875312805176
685,269,3.5318875312805176
447,290,3.5318875312805176
23,219,3.5318875312805176
334,93,3.5318875312805176
155,331,3.5318875312805176
493,357,3.5318875312805176
820,315,3.5318875312805176
698,478,3.5318875312805176
618,507,3.5318875312805176
435,185,3.5318875312805176
821,435,3.5318875312805176
634,933,3.5318875312805176
49,657,3.5318875312805176
476,173,3.5318875312805176
86,328,3.5318875312805176
429,587,3.5318875312805176
452,153,3.5318875312805176
712,501,3.5318875312805176
290,323,3.5318875312805176
378,1181,3.5318875312805176
693,176,3.5318875312805176
17,151,3.5318875312805176
354,953,3.5318875312805176
10,340,3.5318875312805176
181,13,3.5318875312805176
177,7,3.5318875312805176
293,11,3.5318875312805176
5,385,3.5318875312805176
712,1040,3.5318875312805176
326,554,3.5318875312805176
474,1063,3.5318875312805176
14,302,3.5318875312805176
198,200,3.5318875312805176
787,906,3.5318875312805176
49,625,3.5318875312805176
766,209,3.5318875312805176
642,622,3.5318875312805176
152,354,3.5318875312805176
880,70,3.5318875312805176
487,689,3.5318875312805176
787,258,3.5318875312805176
144,58,3.5318875312805176
530,319,3.5318875312805176
696,285,3.5318875312805176
523,533,3.5318875312805176
301,203,3.5318875312805176
890,167,3.5318875312805176
808,262,3.5318875312805176
943,226,3.5318875312805176
44,274,3.5318875312805176
193,690,3.5318875312805176
516,474,3.5318875312805176
332,928,3.5318875312805176
286,747,3.5318875312805176
249,69,3.5318875312805176
13,430,3.5318875312805176
654,3,3.5318875312805176
293,65,3.5318875312805176
892,88,3.5318875312805176
486,280,3.5318875312805176
890,496,3.5318875312805176
109,322,3.5318875312805176
780,705,3.5318875312805176
846,768,3.5318875312805176
145,894,3.5318875312805176
437,393,3.5318875312805176
267,550,3.5318875312805176
880,310,3.5318875312805176
405,1487,3.5318875312805176
280,409,3.5318875312805176
641,528,3.5318875312805176
281,288,3.5318875312805176
207,38,3.5318875312805176
899,69,3.5318875312805176
123,480,3.5318875312805176
208,88,3.5318875312805176
650,230,3.5318875312805176
910,50,3.5318875312805176
162,174,3.5318875312805176
323,886,3.5318875312805176
298,474,3.5318875312805176
882,79,3.5318875312805176
128,54,3.5318875312805176
1,264,3.5318875312805176
840,707,3.5318875312805176
566,202,3.5318875312805176
500,210,3.5318875312805176
125,163,3.5318875312805176
653,719,3.5318875312805176
141,591,3.5318875312805176
406,39,3.5318875312805176
862,484,3.5318875312805176
96,173,3.5318875312805176
361,435,3.5318875312805176
330,121,3.5318875312805176
303,318,3.5318875312805176
8,336,3.5318875312805176
334,130,3.5318875312805176
627,576,3.5318875312805176
24,69,3.5318875312805176
120,9,3.5318875312805176
887,932,3.5318875312805176
334,38,3.5318875312805176
908,631,3.5318875312805176
846,202,3.5318875312805176
501,922,3.5318875312805176
115,922,3.5318875312805176
94,51,3.5318875312805176
7,607,3.5318875312805176
548,275,3.5318875312805176
429,651,3.5318875312805176
303,53,3.5318875312805176
746,168,3.5318875312805176
62,1134,3.5318875312805176
26,864,3.5318875312805176
498,657,3.5318875312805176
83,932,3.5318875312805176
255,665,3.5318875312805176
864,665,3.5318875312805176
87,519,3.5318875312805176
249,302,3.5318875312805176
486,255,3.5318875312805176
586,735,3.5318875312805176
922,69,3.5318875312805176
478,604,3.5318875312805176
216,368,3.5318875312805176
288,211,3.5318875312805176
782,1615,3.5318875312805176
329,258,3.5318875312805176
94,381,3.5318875312805176
627,176,3.5318875312805176
535,1039,3.5318875312805176
342,26,3.5318875312805176
91,735,3.5318875312805176
727,358,3.5318875312805176
316,1039,3.5318875312805176
862,173,3.5318875312805176
445,504,3.5318875312805176
277,24,3.5318875312805176
197,288,3.5318875312805176
757,323,3.5318875312805176
450,488,3.5318875312805176
796,357,3.5318875312805176
303,746,3.5318875312805176
450,35,3.5318875312805176
436,435,3.5318875312805176
727,109,3.5318875312805176
332,257,3.5318875312805176
551,470,3.5318875312805176
200,1073,3.5318875312805176
97,526,3.5318875312805176
231,252,3.5318875312805176
479,629,3.5318875312805176
205,875,3.5318875312805176
405,579,3.5318875312805176
788,284,3.5318875312805176
245,717,3.5318875312805176
85,222,3.5318875312805176
609,294,3.5318875312805176
694,188,3.5318875312805176
1,227,3.5318875312805176
144,105,3.5318875312805176
144,32,3.5318875312805176
901,1047,3.5318875312805176
13,514,3.5318875312805176
883,30,3.5318875312805176
847,66,3.5318875312805176
613,303,3.5318875312805176
271,471,3.5318875312805176
543,936,3.5318875312805176
938,225,3.5318875312805176
394,77,3.5318875312805176
823,164,3.5318875312805176
671,250,3.5318875312805176
757,751,3.5318875312805176
426,504,3.5318875312805176
210,134,3.5318875312805176
700,48,3.5318875312805176
472,313,3.5318875312805176
758,887,3.5318875312805176
716,418,3.5318875312805176
64,568,3.5318875312805176
919,253,3.5318875312805176
327,250,3.5318875312805176
201,61,3.5318875312805176
861,301,3.5318875312805176
922,250,3.5318875312805176
286,792,3.5318875312805176
574,333,3.5318875312805176
18,59,3.5318875312805176
682,201,3.5318875312805176
668,311,3.5318875312805176
630,409,3.5318875312805176
374,1277,3.5318875312805176
932,527,3.5318875312805176
588,638,3.5318875312805176
766,577,3.5318875312805176
805,322,3.5318875312805176
798,196,3.5318875312805176
121,631,3.5318875312805176
130,949,3.5318875312805176
177,260,3.5318875312805176
130,1013,3.5318875312805176
541,1315,3.5318875312805176
145,123,3.5318875312805176
420,14,3.5318875312805176
624,298,3.5318875312805176
798,734,3.5318875312805176
640,12,3.5318875312805176
95,186,3.5318875312805176
750,881,3.5318875312805176
532,506,3.5318875312805176
214,509,3.5318875312805176
727,235,3.5318875312805176
184,582,3.5318875312805176
417,260,3.5318875312805176
308,402,3.5318875312805176
545,1228,3.5318875312805176
193,1406,3.5318875312805176
749,434,3.5318875312805176
630,295,3.5318875312805176
676,845,3.5318875312805176
474,650,3.5318875312805176
552,258,3.5318875312805176
453,476,3.5318875312805176
897,609,3.5318875312805176
226,182,3.5318875312805176
18,402,3.5318875312805176
306,1251,3.5318875312805176
499,525,3.5318875312805176
272,474,3.5318875312805176
555,118,3.5318875312805176
750,323,3.5318875312805176
145,343,3.5318875312805176
360,170,3.5318875312805176
528,505,3.5318875312805176
580,123,3.5318875312805176
334,47,3.5318875312805176
348,1028,3.5318875312805176
896,258,3.5318875312805176
200,172,3.5318875312805176
151,660,3.5318875312805176
246,721,3.5318875312805176
582,181,3.5318875312805176
279,167,3.5318875312805176
421,89,3.5318875312805176
815,99,3.5318875312805176
582,50,3.5318875312805176
551,415,3.5318875312805176
231,15,3.5318875312805176
345,285,3.5318875312805176
867,180,3.5318875312805176
677,742,3.5318875312805176
94,176,3.5318875312805176
879,117,3.5318875312805176
62,83,3.5318875312805176
218,164,3.5318875312805176
95,15,3.5318875312805176
896,658,3.5318875312805176
429,729,3.5318875312805176
174,98,3.5318875312805176
294,257,3.5318875312805176
61,304,3.5318875312805176
264,202,3.5318875312805176
119,995,3.5318875312805176
538,210,3.5318875312805176
11,58,3.5318875312805176
234,433,3.5318875312805176
332,31,3.5318875312805176
109,223,3.5318875312805176
338,462,3.5318875312805176
489,359,3.5318875312805176
399,769,3.5318875312805176
426,661,3.5318875312805176
16,100,3.5318875312805176
406,22,3.5318875312805176
305,792,3.5318875312805176
752,751,3.5318875312805176
425,398,3.5318875312805176
505,172,3.5318875312805176
85,596,3.5318875312805176
815,176,3.5318875312805176
933,157,3.5318875312805176
393,1215,3.5318875312805176
568,423,3.5318875312805176
102,288,3.5318875312805176
854,235,3.5318875312805176
934,961,3.5318875312805176
216,1101,3.5318875312805176
7,609,3.5318875312805176
775,333,3.5318875312805176
542,401,3.5318875312805176
493,191,3.5318875312805176
546,569,3.5318875312805176
920,333,3.5318875312805176
344,97,3.5318875312805176
222,28,3.5318875312805176
766,193,3.5318875312805176
406,32,3.5318875312805176
16,479,3.5318875312805176
177,223,3.5318875312805176
118,132,3.5318875312805176
537,1070,3.5318875312805176
406,240,3.5318875312805176
629,15,3.5318875312805176
262,185,3.5318875312805176
262,762,3.5318875312805176
327,180,3.5318875312805176
798,1544,3.5318875312805176
542,87,3.5318875312805176
7,600,3.5318875312805176
798,29,3.5318875312805176
323,289,3.5318875312805176
283,70,3.5318875312805176
110,63,3.5318875312805176
930,8,3.5318875312805176
246,919,3.5318875312805176
938,1016,3.5318875312805176
472,831,3.5318875312805176
517,748,3.5318875312805176
127,450,3.5318875312805176
160,969,3.5318875312805176
343,1211,3.5318875312805176
757,69,3.5318875312805176
328,31,3.5318875312805176
326,226,3.5318875312805176
527,86,3.5318875312805176
427,938,3.5318875312805176
208,435,3.5318875312805176
727,159,3.5318875312805176
916,708,3.5318875312805176
60,50,3.5318875312805176
694,197,3.5318875312805176
382,546,3.5318875312805176
600,566,3.5318875312805176
83,38,3.5318875312805176
639,285,3.5318875312805176
897,478,3.5318875312805176
773,386,3.5318875312805176
296,521,3.5318875312805176
503,237,3.5318875312805176
170,294,3.5318875312805176
181,288,3.5318875312805176
454,81,3.5318875312805176
545,550,3.5318875312805176
535,156,3.5318875312805176
13,485,3.5318875312805176
654,282,3.5318875312805176
29,326,3.5318875312805176
579,748,3.5318875312805176
405,401,3.5318875312805176
184,250,3.5318875312805176
223,225,3.5318875312805176
26,456,3.5318875312805176
523,163,3.5318875312805176
267,545,3.5318875312805176
682,24,3.5318875312805176
811,258,3.5318875312805176
524,117,3.5318875312805176
454,199,3.5318875312805176
727,71,3.5318875312805176
62,118,3.5318875312805176
699,225,3.5318875312805176
59,199,3.5318875312805176
117,288,3.5318875312805176
417,156,3.5318875312805176
846,134,3.5318875312805176
385,340,3.5318875312805176
144,815,3.5318875312805176
313,683,3.5318875312805176
342,95,3.5318875312805176
405,435,3.5318875312805176
291,756,3.5318875312805176
637,833,3.5318875312805176
484,597,3.5318875312805176
63,328,3.5318875312805176
254,176,3.5318875312805176
840,50,3.5318875312805176
389,501,3.5318875312805176
661,204,3.5318875312805176
504,5,3.5318875312805176
363,429,3.5318875312805176
85,71,3.5318875312805176
338,792,3.5318875312805176
628,984,3.5318875312805176
774,68,3.5318875312805176
699,308,3.5318875312805176
246,1222,3.5318875312805176
276,1031,3.5318875312805176
116,603,3.5318875312805176
401,519,3.5318875312805176
715,179,3.5318875312805176
676,546,3.5318875312805176
424,989,3.5318875312805176
276,854,3.5318875312805176
637,257,3.5318875312805176
59,727,3.5318875312805176
279,1498,3.5318875312805176
435,424,3.5318875312805176
492,153,3.5318875312805176
280,750,3.5318875312805176
254,50,3.5318875312805176
847,645,3.5318875312805176
222,56,3.5318875312805176
493,317,3.5318875312805176
690,284,3.5318875312805176
885,588,3.5318875312805176
189,268,3.5318875312805176
23,479,3.5318875312805176
67,472,3.5318875312805176
22,878,3.5318875312805176
484,150,3.5318875312805176
334,58,3.5318875312805176
918,1195,3.5318875312805176
145,635,3.5318875312805176
215,380,3.5318875312805176
570,358,3.5318875312805176
56,1057,3.5318875312805176
933,25,3.5318875312805176
272,514,3.5318875312805176
606,151,3.5318875312805176
276,1044,3.5318875312805176
566,64,3.5318875312805176
501,741,3.5318875312805176
453,385,3.5318875312805176
830,925,3.5318875312805176
217,27,3.5318875312805176
299,144,3.5318875312805176
308,1286,3.5318875312805176
448,338,3.5318875312805176
541,596,3.5318875312805176
192,515,3.5318875312805176
583,519,3.5318875312805176
290,139,3.5318875312805176
256,778,3.5318875312805176
178,124,3.5318875312805176
316,22,3.5318875312805176
833,428,3.5318875312805176
660,159,3.5318875312805176
938,328,3.5318875312805176
919,332,3.5318875312805176
682,710,3.5318875312805176
670,945,3.5318875312805176
335,323,3.5318875312805176
94,738,3.5318875312805176
211,205,3.5318875312805176
186,177,3.5318875312805176
206,1394,3.5318875312805176
193,276,3.5318875312805176
805,742,3.5318875312805176
96,445,3.5318875312805176
158,583,3.5318875312805176
863,350,3.5318875312805176
524,107,3.5318875312805176
741,1090,3.5318875312805176
425,562,3.5318875312805176
354,480,3.5318875312805176
389,77,3.5318875312805176
314,743,3.5318875312805176
280,286,3.5318875312805176
770,50,3.5318875312805176
379,522,3.5318875312805176
858,754,3.5318875312805176
799,1545,3.5318875312805176
378,69,3.5318875312805176
932,447,3.5318875312805176
128,387,3.5318875312805176
450,1091,3.5318875312805176
505,77,3.5318875312805176
727,465,3.5318875312805176
83,828,3.5318875312805176
922,1035,3.5318875312805176
301,756,3.5318875312805176
293,433,3.5318875312805176
59,764,3.5318875312805176
360,933,3.5318875312805176
358,114,3.5318875312805176
125,926,3.5318875312805176
45,21,3.5318875312805176
276,248,3.5318875312805176
880,732,3.5318875312805176
181,285,3.5318875312805176
744,603,3.5318875312805176
695,682,3.5318875312805176
286,14,3.5318875312805176
815,1299,3.5318875312805176
863,319,3.5318875312805176
901,174,3.5318875312805176
779,447,3.5318875312805176
267,1035,3.5318875312805176
49,299,3.5318875312805176
889,540,3.5318875312805176
564,313,3.5318875312805176
204,304,3.5318875312805176
682,85,3.5318875312805176
927,568,3.5318875312805176
621,222,3.5318875312805176
295,158,3.5318875312805176
322,513,3.5318875312805176
312,659,3.5318875312805176
85,357,3.5318875312805176
126,678,3.5318875312805176
856,678,3.5318875312805176
934,432,3.5318875312805176
521,290,3.5318875312805176
163,56,3.5318875312805176
92,737,3.5318875312805176
303,845,3.5318875312805176
804,328,3.5318875312805176
130,158,3.5318875312805176
77,121,3.5318875312805176
338,490,3.5318875312805176
669,114,3.5318875312805176
234,404,3.5318875312805176
880,546,3.5318875312805176
642,53,3.5318875312805176
805,433,3.5318875312805176
578,300,3.5318875312805176
130,183,3.5318875312805176
521,967,3.5318875312805176
186,754,3.5318875312805176
38,423,3.5318875312805176
788,289,3.5318875312805176
251,144,3.5318875312805176
18,775,3.5318875312805176
308,486,3.5318875312805176
751,734,3.5318875312805176
402,124,3.5318875312805176
179,750,3.5318875312805176
492,242,3.5318875312805176
397,56,3.5318875312805176
807,358,3.5318875312805176
551,471,3.5318875312805176
322,194,3.5318875312805176
425,12,3.5318875312805176
250,475,3.5318875312805176
271,134,3.5318875312805176
58,69,3.5318875312805176
156,11,3.5318875312805176
268,82,3.5318875312805176
3,320,3.5318875312805176
405,1591,3.5318875312805176
95,450,3.5318875312805176
872,332,3.5318875312805176
561,772,3.5318875312805176
151,322,3.5318875312805176
137,243,3.5318875312805176
184,262,3.5318875312805176
497,225,3.5318875312805176
121,298,3.5318875312805176
7,52,3.5318875312805176
472,117,3.5318875312805176
229,328,3.5318875312805176
791,300,3.5318875312805176
932,198,3.5318875312805176
65,365,3.5318875312805176
864,951,3.5318875312805176
877,59,3.5318875312805176
374,229,3.5318875312805176
299,785,3.5318875312805176
931,100,3.5318875312805176
655,205,3.5318875312805176
416,218,3.5318875312805176
325,114,3.5318875312805176
495,441,3.5318875312805176
327,10,3.5318875312805176
268,50,3.5318875312805176
235,647,3.5318875312805176
416,765,3.5318875312805176
642,441,3.5318875312805176
169,331,3.5318875312805176
795,1555,3.5318875312805176
805,420,3.5318875312805176
758,536,3.5318875312805176
256,203,3.5318875312805176
248,210,3.5318875312805176
330,102,3.5318875312805176
625,546,3.5318875312805176
536,427,3.5318875312805176
735,275,3.5318875312805176
43,501,3.5318875312805176
665,194,3.5318875312805176
738,210,3.5318875312805176
894,137,3.5318875312805176
601,91,3.5318875312805176
181,302,3.5318875312805176
453,356,3.5318875312805176
250,64,3.5318875312805176
588,159,3.5318875312805176
65,1142,3.5318875312805176
413,628,3.5318875312805176
633,1132,3.5318875312805176
640,14,3.5318875312805176
62,1074,3.5318875312805176
405,175,3.5318875312805176
880,230,3.5318875312805176
404,1238,3.5318875312805176
718,756,3.5318875312805176
796,685,3.5318875312805176
293,230,3.5318875312805176
488,9,3.5318875312805176
70,181,3.5318875312805176
234,558,3.5318875312805176
829,198,3.5318875312805176
765,151,3.5318875312805176
514,172,3.5318875312805176
343,324,3.5318875312805176
733,13,3.5318875312805176
352,228,3.5318875312805176
60,616,3.5318875312805176
621,301,3.5318875312805176
839,742,3.5318875312805176
21,320,3.5318875312805176
344,45,3.5318875312805176
588,313,3.5318875312805176
766,434,3.5318875312805176
481,210,3.5318875312805176
537,83,3.5318875312805176
715,24,3.5318875312805176
435,45,3.5318875312805176
922,80,3.5318875312805176
734,162,3.5318875312805176
81,1,3.5318875312805176
7,151,3.5318875312805176
499,588,3.5318875312805176
634,276,3.5318875312805176
733,1085,3.5318875312805176
33,288,3.5318875312805176
148,228,3.5318875312805176
271,12,3.5318875312805176
214,960,3.5318875312805176
800,257,3.5318875312805176
858,292,3.5318875312805176
456,479,3.5318875312805176
416,1014,3.5318875312805176
588,71,3.5318875312805176
347,1059,3.5318875312805176
246,158,3.5318875312805176
693,1248,3.5318875312805176
655,273,3.5318875312805176
881,112,3.5318875312805176
222,1439,3.5318875312805176
592,132,3.5318875312805176
798,720,3.5318875312805176
290,162,3.5318875312805176
588,660,3.5318875312805176
406,612,3.5318875312805176
153,322,3.5318875312805176
456,91,3.5318875312805176
379,56,3.5318875312805176
798,584,3.5318875312805176
124,157,3.5318875312805176
189,639,3.5318875312805176
850,969,3.5318875312805176
94,273,3.5318875312805176
635,1025,3.5318875312805176
521,117,3.5318875312805176
613,1,3.5318875312805176
130,993,3.5318875312805176
551,315,3.5318875312805176
710,504,3.5318875312805176
727,17,3.5318875312805176
474,136,3.5318875312805176
479,604,3.5318875312805176
711,476,3.5318875312805176
870,469,3.5318875312805176
707,770,3.5318875312805176
331,269,3.5318875312805176
498,109,3.5318875312805176
254,504,3.5318875312805176
122,660,3.5318875312805176
279,1017,3.5318875312805176
354,186,3.5318875312805176
381,1018,3.5318875312805176
209,269,3.5318875312805176
518,934,3.5318875312805176
832,328,3.5318875312805176
711,958,3.5318875312805176
393,922,3.5318875312805176
804,655,3.5318875312805176
606,202,3.5318875312805176
377,288,3.5318875312805176
896,1622,3.5318875312805176
644,597,3.5318875312805176
773,14,3.5318875312805176
109,178,3.5318875312805176
181,109,3.5318875312805176
406,942,3.5318875312805176
504,127,3.5318875312805176
299,742,3.5318875312805176
522,128,3.5318875312805176
234,20,3.5318875312805176
256,657,3.5318875312805176
405,449,3.5318875312805176
781,327,3.5318875312805176
269,639,3.5318875312805176
393,725,3.5318875312805176
308,705,3.5318875312805176
385,37,3.5318875312805176
378,276,3.5318875312805176
10,245,3.5318875312805176
787,938,3.5318875312805176
128,715,3.5318875312805176
903,120,3.5318875312805176
537,528,3.5318875312805176
870,1210,3.5318875312805176
109,762,3.5318875312805176
367,876,3.5318875312805176
222,849,3.5318875312805176
60,138,3.5318875312805176
280,1063,3.5318875312805176
62,204,3.5318875312805176
394,416,3.5318875312805176
454,527,3.5318875312805176
177,87,3.5318875312805176
151,478,3.5318875312805176
510,259,3.5318875312805176
159,456,3.5318875312805176
313,485,3.5318875312805176
318,210,3.5318875312805176
659,610,3.5318875312805176
843,432,3.5318875312805176
913,419,3.5318875312805176
286,83,3.5318875312805176
934,190,3.5318875312805176
16,237,3.5318875312805176
452,211,3.5318875312805176
239,171,3.5318875312805176
492,83,3.5318875312805176
815,435,3.5318875312805176
940,285,3.5318875312805176
627,660,3.5318875312805176
254,679,3.5318875312805176
437,566,3.5318875312805176
478,143,3.5318875312805176
225,245,3.5318875312805176
727,121,3.5318875312805176
532,834,3.5318875312805176
299,100,3.5318875312805176
886,512,3.5318875312805176
384,328,3.5318875312805176
286,20,3.5318875312805176
246,201,3.5318875312805176
712,1037,3.5318875312805176
23,90,3.5318875312805176
313,142,3.5318875312805176
505,66,3.5318875312805176
792,840,3.5318875312805176
923,257,3.5318875312805176
691,304,3.5318875312805176
416,281,3.5318875312805176
253,510,3.5318875312805176
682,719,3.5318875312805176
70,538,3.5318875312805176
712,177,3.5318875312805176
347,203,3.5318875312805176
489,325,3.5318875312805176
558,269,3.5318875312805176
74,237,3.5318875312805176
509,260,3.5318875312805176
817,147,3.5318875312805176
15,476,3.5318875312805176
843,210,3.5318875312805176
248,806,3.5318875312805176
846,490,3.5318875312805176
502,333,3.5318875312805176
586,273,3.5318875312805176
888,535,3.5318875312805176
758,746,3.5318875312805176
114,210,3.5318875312805176
201,774,3.5318875312805176
244,738,3.5318875312805176
677,243,3.5318875312805176
500,402,3.5318875312805176
347,806,3.5318875312805176
749,472,3.5318875312805176
932,1121,3.5318875312805176
174,721,3.5318875312805176
659,345,3.5318875312805176
889,1073,3.5318875312805176
18,195,3.5318875312805176
587,902,3.5318875312805176
648,200,3.5318875312805176
301,265,3.5318875312805176
338,212,3.5318875312805176
654,114,3.5318875312805176
174,155,3.5318875312805176
606,38,3.5318875312805176
454,451,3.5318875312805176
561,163,3.5318875312805176
402,151,3.5318875312805176
311,22,3.5318875312805176
650,1135,3.5318875312805176
875,514,3.5318875312805176
1,202,3.5318875312805176
823,89,3.5318875312805176
13,797,3.5318875312805176
805,678,3.5318875312805176
246,652,3.5318875312805176
466,385,3.5318875312805176
283,845,3.5318875312805176
823,96,3.5318875312805176
151,522,3.5318875312805176
184,368,3.5318875312805176
326,174,3.5318875312805176
83,468,3.5318875312805176
854,156,3.5318875312805176
545,648,3.5318875312805176
545,234,3.5318875312805176
671,810,3.5318875312805176
757,328,3.5318875312805176
209,351,3.5318875312805176
815,154,3.5318875312805176
368,50,3.5318875312805176
417,163,3.5318875312805176
716,614,3.5318875312805176
188,554,3.5318875312805176
1,59,3.5318875312805176
73,28,3.5318875312805176
283,294,3.5318875312805176
643,200,3.5318875312805176
92,421,3.5318875312805176
666,195,3.5318875312805176
301,7,3.5318875312805176
195,99,3.5318875312805176
339,737,3.5318875312805176
923,181,3.5318875312805176
305,289,3.5318875312805176
62,365,3.5318875312805176
655,698,3.5318875312805176
355,306,3.5318875312805176
496,825,3.5318875312805176
280,364,3.5318875312805176
1,17,3.5318875312805176
561,515,3.5318875312805176
249,195,3.5318875312805176
64,436,3.5318875312805176
314,628,3.5318875312805176
543,576,3.5318875312805176
498,558,3.5318875312805176
349,288,3.5318875312805176
339,182,3.5318875312805176
102,405,3.5318875312805176
267,393,3.5318875312805176
325,105,3.5318875312805176
943,569,3.5318875312805176
222,58,3.5318875312805176
773,23,3.5318875312805176
880,976,3.5318875312805176
763,819,3.5318875312805176
274,815,3.5318875312805176
707,297,3.5318875312805176
753,653,3.5318875312805176
128,190,3.5318875312805176
848,485,3.5318875312805176
840,257,3.5318875312805176
632,227,3.5318875312805176
200,89,3.5318875312805176
432,546,3.5318875312805176
416,652,3.5318875312805176
184,1148,3.5318875312805176
35,876,3.5318875312805176
702,895,3.5318875312805176
334,675,3.5318875312805176
85,221,3.5318875312805176
92,82,3.5318875312805176
699,475,3.5318875312805176
254,94,3.5318875312805176
894,847,3.5318875312805176
301,132,3.5318875312805176
731,140,3.5318875312805176
450,336,3.5318875312805176
245,597,3.5318875312805176
698,481,3.5318875312805176
58,475,3.5318875312805176
87,1182,3.5318875312805176
308,1028,3.5318875312805176
402,529,3.5318875312805176
308,856,3.5318875312805176
216,1218,3.5318875312805176
721,8,3.5318875312805176
605,1,3.5318875312805176
427,292,3.5318875312805176
372,448,3.5318875312805176
72,792,3.5318875312805176
620,699,3.5318875312805176
875,654,3.5318875312805176
846,484,3.5318875312805176
357,820,3.5318875312805176
847,200,3.5318875312805176
150,151,3.5318875312805176
246,410,3.5318875312805176
295,216,3.5318875312805176
201,268,3.5318875312805176
727,206,3.5318875312805176
892,56,3.5318875312805176
393,815,3.5318875312805176
308,135,3.5318875312805176
500,1012,3.5318875312805176
683,607,3.5318875312805176
864,96,3.5318875312805176
864,642,3.5318875312805176
908,127,3.5318875312805176
428,268,3.5318875312805176
878,462,3.5318875312805176
389,629,3.5318875312805176
877,371,3.5318875312805176
833,58,3.5318875312805176
717,290,3.5318875312805176
506,449,3.5318875312805176
832,326,3.5318875312805176
916,12,3.5318875312805176
383,657,3.5318875312805176
70,96,3.5318875312805176
314,283,3.5318875312805176
189,132,3.5318875312805176
846,849,3.5318875312805176
782,1226,3.5318875312805176
621,107,3.5318875312805176
454,742,3.5318875312805176
838,275,3.5318875312805176
323,172,3.5318875312805176
533,371,3.5318875312805176
407,123,3.5318875312805176
373,286,3.5318875312805176
715,231,3.5318875312805176
303,1090,3.5318875312805176
316,286,3.5318875312805176
933,265,3.5318875312805176
69,151,3.5318875312805176
432,222,3.5318875312805176
160,302,3.5318875312805176
416,662,3.5318875312805176
279,1007,3.5318875312805176
590,1017,3.5318875312805176
459,866,3.5318875312805176
697,595,3.5318875312805176
640,56,3.5318875312805176
650,191,3.5318875312805176
653,4,3.5318875312805176
829,151,3.5318875312805176
780,186,3.5318875312805176
312,481,3.5318875312805176
354,216,3.5318875312805176
498,176,3.5318875312805176
695,903,3.5318875312805176
934,419,3.5318875312805176
286,315,3.5318875312805176
48,654,3.5318875312805176
71,135,3.5318875312805176
277,258,3.5318875312805176
355,271,3.5318875312805176
402,235,3.5318875312805176
7,562,3.5318875312805176
177,197,3.5318875312805176
880,928,3.5318875312805176
933,433,3.5318875312805176
805,1008,3.5318875312805176
308,671,3.5318875312805176
116,303,3.5318875312805176
10,488,3.5318875312805176
882,227,3.5318875312805176
499,357,3.5318875312805176
59,418,3.5318875312805176
828,246,3.5318875312805176
456,210,3.5318875312805176
311,754,3.5318875312805176
747,23,3.5318875312805176
94,390,3.5318875312805176
357,932,3.5318875312805176
11,549,3.5318875312805176
474,479,3.5318875312805176
655,371,3.5318875312805176
216,184,3.5318875312805176
452,88,3.5318875312805176
498,1426,3.5318875312805176
843,91,3.5318875312805176
790,665,3.5318875312805176
727,367,3.5318875312805176
292,28,3.5318875312805176
457,175,3.5318875312805176
481,4,3.5318875312805176
62,4,3.5318875312805176
747,279,3.5318875312805176
284,345,3.5318875312805176
697,975,3.5318875312805176
144,880,3.5318875312805176
796,488,3.5318875312805176
449,1367,3.5318875312805176
183,144,3.5318875312805176
621,876,3.5318875312805176
16,531,3.5318875312805176
390,742,3.5318875312805176
214,327,3.5318875312805176
197,518,3.5318875312805176
38,70,3.5318875312805176
894,534,3.5318875312805176
72,100,3.5318875312805176
548,255,3.5318875312805176
293,605,3.5318875312805176
407,565,3.5318875312805176
197,550,3.5318875312805176
198,824,3.5318875312805176
392,650,3.5318875312805176
741,215,3.5318875312805176
59,127,3.5318875312805176
398,732,3.5318875312805176
417,419,3.5318875312805176
643,1149,3.5318875312805176
429,96,3.5318875312805176
102,597,3.5318875312805176
118,551,3.5318875312805176
334,905,3.5318875312805176
6,259,3.5318875312805176
456,772,3.5318875312805176
741,118,3.5318875312805176
829,129,3.5318875312805176
339,45,3.5318875312805176
864,628,3.5318875312805176
292,125,3.5318875312805176
424,15,3.5318875312805176
521,659,3.5318875312805176
504,94,3.5318875312805176
49,813,3.5318875312805176
537,265,3.5318875312805176
458,654,3.5318875312805176
397,172,3.5318875312805176
69,50,3.5318875312805176
524,461,3.5318875312805176
87,1187,3.5318875312805176
492,64,3.5318875312805176
120,546,3.5318875312805176
165,174,3.5318875312805176
784,678,3.5318875312805176
497,1615,3.5318875312805176
642,231,3.5318875312805176
291,760,3.5318875312805176
886,164,3.5318875312805176
380,614,3.5318875312805176
450,936,3.5318875312805176
943,122,3.5318875312805176
676,117,3.5318875312805176
115,181,3.5318875312805176
405,141,3.5318875312805176
405,580,3.5318875312805176
895,275,3.5318875312805176
436,159,3.5318875312805176
246,809,3.5318875312805176
633,28,3.5318875312805176
568,604,3.5318875312805176
561,99,3.5318875312805176
128,568,3.5318875312805176
776,483,3.5318875312805176
806,483,3.5318875312805176
150,246,3.5318875312805176
479,324,3.5318875312805176
437,1262,3.5318875312805176
310,116,3.5318875312805176
210,99,3.5318875312805176
880,188,3.5318875312805176
398,174,3.5318875312805176
940,508,3.5318875312805176
734,662,3.5318875312805176
677,101,3.5318875312805176
2,280,3.5318875312805176
658,235,3.5318875312805176
846,376,3.5318875312805176
886,1435,3.5318875312805176
312,480,3.5318875312805176
68,245,3.5318875312805176
935,546,3.5318875312805176
862,429,3.5318875312805176
653,70,3.5318875312805176
224,326,3.5318875312805176
795,62,3.5318875312805176
765,222,3.5318875312805176
574,344,3.5318875312805176
565,52,3.5318875312805176
660,167,3.5318875312805176
880,405,3.5318875312805176
429,662,3.5318875312805176
406,1194,3.5318875312805176
115,284,3.5318875312805176
693,488,3.5318875312805176
405,425,3.5318875312805176
436,423,3.5318875312805176
574,1022,3.5318875312805176
435,54,3.5318875312805176
905,137,3.5318875312805176
416,980,3.5318875312805176
766,380,3.5318875312805176
405,639,3.5318875312805176
100,990,3.5318875312805176
862,64,3.5318875312805176
727,147,3.5318875312805176
445,1011,3.5318875312805176
870,238,3.5318875312805176
672,874,3.5318875312805176
621,180,3.5318875312805176
852,926,3.5318875312805176
326,521,3.5318875312805176
494,50,3.5318875312805176
328,232,3.5318875312805176
85,180,3.5318875312805176
622,161,3.5318875312805176
671,66,3.5318875312805176
374,12,3.5318875312805176
655,462,3.5318875312805176
416,742,3.5318875312805176
786,174,3.5318875312805176
642,90,3.5318875312805176
264,602,3.5318875312805176
43,49,3.5318875312805176
368,201,3.5318875312805176
198,480,3.5318875312805176
561,474,3.5318875312805176
22,791,3.5318875312805176
44,245,3.5318875312805176
387,324,3.5318875312805176
805,357,3.5318875312805176
295,151,3.5318875312805176
524,484,3.5318875312805176
365,137,3.5318875312805176
825,740,3.5318875312805176
345,303,3.5318875312805176
158,502,3.5318875312805176
868,739,3.5318875312805176
187,710,3.5318875312805176
393,71,3.5318875312805176
736,515,3.5318875312805176
428,269,3.5318875312805176
102,239,3.5318875312805176
444,906,3.5318875312805176
796,1032,3.5318875312805176
23,73,3.5318875312805176
432,411,3.5318875312805176
654,367,3.5318875312805176
766,443,3.5318875312805176
757,405,3.5318875312805176
436,174,3.5318875312805176
6,165,3.5318875312805176
521,755,3.5318875312805176
243,708,3.5318875312805176
71,100,3.5318875312805176
95,506,3.5318875312805176
428,879,3.5318875312805176
181,1394,3.5318875312805176
561,4,3.5318875312805176
634,237,3.5318875312805176
5,395,3.5318875312805176
525,255,3.5318875312805176
387,564,3.5318875312805176
606,477,3.5318875312805176
639,483,3.5318875312805176
496,150,3.5318875312805176
454,736,3.5318875312805176
223,259,3.5318875312805176
933,840,3.5318875312805176
880,678,3.5318875312805176
799,50,3.5318875312805176
38,127,3.5318875312805176
179,914,3.5318875312805176
191,345,3.5318875312805176
509,754,3.5318875312805176
58,1102,3.5318875312805176
653,1087,3.5318875312805176
184,65,3.5318875312805176
244,946,3.5318875312805176
413,100,3.5318875312805176
16,467,3.5318875312805176
749,431,3.5318875312805176
453,214,3.5318875312805176
750,286,3.5318875312805176
13,720,3.5318875312805176
748,181,3.5318875312805176
334,190,3.5318875312805176
401,527,3.5318875312805176
399,710,3.5318875312805176
59,519,3.5318875312805176
345,315,3.5318875312805176
682,756,3.5318875312805176
394,577,3.5318875312805176
342,1012,3.5318875312805176
696,310,3.5318875312805176
221,824,3.5318875312805176
256,1,3.5318875312805176
296,923,3.5318875312805176
659,559,3.5318875312805176
5,144,3.5318875312805176
286,746,3.5318875312805176
1,203,3.5318875312805176
668,286,3.5318875312805176
632,609,3.5318875312805176
584,227,3.5318875312805176
256,473,3.5318875312805176
275,69,3.5318875312805176
796,869,3.5318875312805176
83,685,3.5318875312805176
894,595,3.5318875312805176
445,208,3.5318875312805176
257,14,3.5318875312805176
437,412,3.5318875312805176
826,511,3.5318875312805176
290,174,3.5318875312805176
548,305,3.5318875312805176
676,539,3.5318875312805176
332,159,3.5318875312805176
654,275,3.5318875312805176
870,96,3.5318875312805176
403,1047,3.5318875312805176
197,226,3.5318875312805176
450,495,3.5318875312805176
405,669,3.5318875312805176
486,713,3.5318875312805176
122,582,3.5318875312805176
286,298,3.5318875312805176
650,1050,3.5318875312805176
239,836,3.5318875312805176
566,575,3.5318875312805176
200,570,3.5318875312805176
313,845,3.5318875312805176
522,135,3.5318875312805176
732,304,3.5318875312805176
435,1044,3.5318875312805176
916,7,3.5318875312805176
693,378,3.5318875312805176
64,173,3.5318875312805176
543,161,3.5318875312805176
168,744,3.5318875312805176
194,526,3.5318875312805176
363,1014,3.5318875312805176
863,321,3.5318875312805176
286,280,3.5318875312805176
148,521,3.5318875312805176
505,526,3.5318875312805176
31,32,3.5318875312805176
914,313,3.5318875312805176
379,63,3.5318875312805176
312,521,3.5318875312805176
184,836,3.5318875312805176
721,22,3.5318875312805176
514,380,3.5318875312805176
919,301,3.5318875312805176
845,272,3.5318875312805176
75,294,3.5318875312805176
474,174,3.5318875312805176
642,1054,3.5318875312805176
234,492,3.5318875312805176
110,790,3.5318875312805176
896,1303,3.5318875312805176
644,546,3.5318875312805176
160,209,3.5318875312805176
415,258,3.5318875312805176
608,506,3.5318875312805176
457,699,3.5318875312805176
883,312,3.5318875312805176
107,286,3.5318875312805176
875,603,3.5318875312805176
627,693,3.5318875312805176
1,9,3.5318875312805176
361,203,3.5318875312805176
79,313,3.5318875312805176
709,29,3.5318875312805176
932,675,3.5318875312805176
201,1010,3.5318875312805176
125,1204,3.5318875312805176
524,277,3.5318875312805176
378,780,3.5318875312805176
130,385,3.5318875312805176
659,96,3.5318875312805176
845,690,3.5318875312805176
890,480,3.5318875312805176
144,319,3.5318875312805176
848,23,3.5318875312805176
909,289,3.5318875312805176
65,25,3.5318875312805176
62,402,3.5318875312805176
693,117,3.5318875312805176
660,485,3.5318875312805176
374,1513,3.5318875312805176
749,823,3.5318875312805176
13,917,3.5318875312805176
814,413,3.5318875312805176
206,1429,3.5318875312805176
852,7,3.5318875312805176
334,510,3.5318875312805176
276,340,3.5318875312805176
271,300,3.5318875312805176
391,59,3.5318875312805176
346,77,3.5318875312805176
271,97,3.5318875312805176
479,54,3.5318875312805176
648,227,3.5318875312805176
884,921,3.5318875312805176
533,15,3.5318875312805176
851,159,3.5318875312805176
718,982,3.5318875312805176
22,121,3.5318875312805176
222,723,3.5318875312805176
661,615,3.5318875312805176
660,315,3.5318875312805176
474,182,3.5318875312805176
675,1007,3.5318875312805176
696,347,3.5318875312805176
758,550,3.5318875312805176
3,325,3.5318875312805176
95,182,3.5318875312805176
450,427,3.5318875312805176
919,236,3.5318875312805176
608,70,3.5318875312805176
621,1029,3.5318875312805176
268,52,3.5318875312805176
13,565,3.5318875312805176
339,235,3.5318875312805176
314,934,3.5318875312805176
314,785,3.5318875312805176
432,7,3.5318875312805176
69,1016,3.5318875312805176
649,147,3.5318875312805176
234,1458,3.5318875312805176
249,628,3.5318875312805176
293,264,3.5318875312805176
244,451,3.5318875312805176
5,90,3.5318875312805176
367,53,3.5318875312805176
815,131,3.5318875312805176
58,1106,3.5318875312805176
726,845,3.5318875312805176
178,204,3.5318875312805176
201,597,3.5318875312805176
473,319,3.5318875312805176
864,70,3.5318875312805176
452,1089,3.5318875312805176
69,628,3.5318875312805176
606,98,3.5318875312805176
374,1215,3.5318875312805176
189,990,3.5318875312805176
303,785,3.5318875312805176
429,768,3.5318875312805176
178,846,3.5318875312805176
907,1,3.5318875312805176
781,483,3.5318875312805176
729,690,3.5318875312805176
320,42,3.5318875312805176
634,9,3.5318875312805176
666,206,3.5318875312805176
479,148,3.5318875312805176
463,20,3.5318875312805176
320,79,3.5318875312805176
709,28,3.5318875312805176
571,174,3.5318875312805176
930,64,3.5318875312805176
7,496,3.5318875312805176
145,1087,3.5318875312805176
869,287,3.5318875312805176
344,431,3.5318875312805176
712,568,3.5318875312805176
899,710,3.5318875312805176
41,195,3.5318875312805176
891,934,3.5318875312805176
793,685,3.5318875312805176
298,127,3.5318875312805176
214,20,3.5318875312805176
424,243,3.5318875312805176
768,9,3.5318875312805176
527,93,3.5318875312805176
892,233,3.5318875312805176
313,182,3.5318875312805176
929,31,3.5318875312805176
26,313,3.5318875312805176
642,1473,3.5318875312805176
804,55,3.5318875312805176
655,1378,3.5318875312805176
484,550,3.5318875312805176
823,144,3.5318875312805176
517,405,3.5318875312805176
498,136,3.5318875312805176
378,254,3.5318875312805176
223,1088,3.5318875312805176
943,184,3.5318875312805176
870,763,3.5318875312805176
123,64,3.5318875312805176
507,328,3.5318875312805176
99,4,3.5318875312805176
72,582,3.5318875312805176
468,55,3.5318875312805176
13,137,3.5318875312805176
935,471,3.5318875312805176
250,629,3.5318875312805176
394,31,3.5318875312805176
645,175,3.5318875312805176
13,558,3.5318875312805176
399,320,3.5318875312805176
82,826,3.5318875312805176
883,277,3.5318875312805176
710,483,3.5318875312805176
417,428,3.5318875312805176
145,983,3.5318875312805176
311,12,3.5318875312805176
207,53,3.5318875312805176
429,1224,3.5318875312805176
297,1073,3.5318875312805176
435,219,3.5318875312805176
758,230,3.5318875312805176
262,235,3.5318875312805176
28,323,3.5318875312805176
264,558,3.5318875312805176
457,831,3.5318875312805176
561,109,3.5318875312805176
672,515,3.5318875312805176
102,792,3.5318875312805176
280,155,3.5318875312805176
215,8,3.5318875312805176
256,761,3.5318875312805176
536,50,3.5318875312805176
77,215,3.5318875312805176
354,494,3.5318875312805176
474,244,3.5318875312805176
72,70,3.5318875312805176
533,1086,3.5318875312805176
290,121,3.5318875312805176
62,357,3.5318875312805176
504,1415,3.5318875312805176
539,306,3.5318875312805176
535,1098,3.5318875312805176
325,616,3.5318875312805176
710,127,3.5318875312805176
508,234,3.5318875312805176
506,482,3.5318875312805176
640,210,3.5318875312805176
933,471,3.5318875312805176
551,127,3.5318875312805176
83,1060,3.5318875312805176
5,405,3.5318875312805176
291,423,3.5318875312805176
674,323,3.5318875312805176
268,7,3.5318875312805176
121,137,3.5318875312805176
716,238,3.5318875312805176
308,1046,3.5318875312805176
49,238,3.5318875312805176
499,173,3.5318875312805176
178,763,3.5318875312805176
890,1,3.5318875312805176
787,294,3.5318875312805176
878,275,3.5318875312805176
379,1,3.5318875312805176
933,732,3.5318875312805176
49,13,3.5318875312805176
18,972,3.5318875312805176
675,874,3.5318875312805176
196,286,3.5318875312805176
251,866,3.5318875312805176
679,168,3.5318875312805176
877,531,3.5318875312805176
178,183,3.5318875312805176
130,1019,3.5318875312805176
661,480,3.5318875312805176
916,196,3.5318875312805176
937,294,3.5318875312805176
715,117,3.5318875312805176
60,194,3.5318875312805176
91,193,3.5318875312805176
251,151,3.5318875312805176
453,456,3.5318875312805176
683,269,3.5318875312805176
519,339,3.5318875312805176
283,435,3.5318875312805176
682,299,3.5318875312805176
936,927,3.5318875312805176
727,366,3.5318875312805176
639,604,3.5318875312805176
425,5,3.5318875312805176
450,1297,3.5318875312805176
445,840,3.5318875312805176
638,210,3.5318875312805176
886,655,3.5318875312805176
537,405,3.5318875312805176
429,464,3.5318875312805176
867,172,3.5318875312805176
293,497,3.5318875312805176
128,371,3.5318875312805176
94,89,3.5318875312805176
381,403,3.5318875312805176
416,472,3.5318875312805176
846,90,3.5318875312805176
393,80,3.5318875312805176
13,442,3.5318875312805176
382,59,3.5318875312805176
500,70,3.5318875312805176
429,217,3.5318875312805176
878,70,3.5318875312805176
391,322,3.5318875312805176
833,675,3.5318875312805176
300,1012,3.5318875312805176
457,44,3.5318875312805176
660,483,3.5318875312805176
807,231,3.5318875312805176
457,403,3.5318875312805176
43,235,3.5318875312805176
13,559,3.5318875312805176
620,758,3.5318875312805176
658,772,3.5318875312805176
399,66,3.5318875312805176
181,256,3.5318875312805176
445,644,3.5318875312805176
601,131,3.5318875312805176
622,88,3.5318875312805176
334,449,3.5318875312805176
653,214,3.5318875312805176
551,331,3.5318875312805176
324,250,3.5318875312805176
66,597,3.5318875312805176
927,404,3.5318875312805176
615,187,3.5318875312805176
10,144,3.5318875312805176
686,527,3.5318875312805176
919,787,3.5318875312805176
141,410,3.5318875312805176
625,255,3.5318875312805176
837,596,3.5318875312805176
465,408,3.5318875312805176
797,327,3.5318875312805176
790,364,3.5318875312805176
404,288,3.5318875312805176
45,108,3.5318875312805176
840,1639,3.5318875312805176
865,455,3.5318875312805176
159,127,3.5318875312805176
13,400,3.5318875312805176
716,142,3.5318875312805176
231,181,3.5318875312805176
804,576,3.5318875312805176
537,385,3.5318875312805176
335,307,3.5318875312805176
363,239,3.5318875312805176
417,1095,3.5318875312805176
338,1,3.5318875312805176
463,121,3.5318875312805176
500,77,3.5318875312805176
886,117,3.5318875312805176
370,433,3.5318875312805176
60,131,3.5318875312805176
712,174,3.5318875312805176
493,925,3.5318875312805176
368,100,3.5318875312805176
363,449,3.5318875312805176
301,685,3.5318875312805176
761,402,3.5318875312805176
407,844,3.5318875312805176
655,1062,3.5318875312805176
378,148,3.5318875312805176
319,346,3.5318875312805176
194,228,3.5318875312805176
293,765,3.5318875312805176
83,121,3.5318875312805176
800,292,3.5318875312805176
815,423,3.5318875312805176
79,262,3.5318875312805176
279,869,3.5318875312805176
606,204,3.5318875312805176
560,222,3.5318875312805176
343,715,3.5318875312805176
327,215,3.5318875312805176
878,116,3.5318875312805176
500,836,3.5318875312805176
4,357,3.5318875312805176
675,318,3.5318875312805176
527,64,3.5318875312805176
290,125,3.5318875312805176
605,133,3.5318875312805176
622,1419,3.5318875312805176
439,273,3.5318875312805176
535,238,3.5318875312805176
399,203,3.5318875312805176
663,652,3.5318875312805176
535,639,3.5318875312805176
297,211,3.5318875312805176
541,419,3.5318875312805176
758,23,3.5318875312805176
354,610,3.5318875312805176
181,1336,3.5318875312805176
251,111,3.5318875312805176
761,9,3.5318875312805176
749,98,3.5318875312805176
7,530,3.5318875312805176
69,742,3.5318875312805176
890,194,3.5318875312805176
368,53,3.5318875312805176
892,648,3.5318875312805176
457,623,3.5318875312805176
25,258,3.5318875312805176
524,318,3.5318875312805176
455,57,3.5318875312805176
18,968,3.5318875312805176
840,732,3.5318875312805176
823,90,3.5318875312805176
514,183,3.5318875312805176
437,244,3.5318875312805176
699,1284,3.5318875312805176
875,42,3.5318875312805176
935,125,3.5318875312805176
910,1,3.5318875312805176
566,98,3.5318875312805176
392,538,3.5318875312805176
749,389,3.5318875312805176
837,274,3.5318875312805176
497,432,3.5318875312805176
327,550,3.5318875312805176
160,1223,3.5318875312805176
500,1014,3.5318875312805176
534,756,3.5318875312805176
815,1157,3.5318875312805176
498,656,3.5318875312805176
588,713,3.5318875312805176
664,192,3.5318875312805176
69,1142,3.5318875312805176
489,333,3.5318875312805176
632,7,3.5318875312805176
271,847,3.5318875312805176
230,588,3.5318875312805176
60,494,3.5318875312805176
828,902,3.5318875312805176
151,114,3.5318875312805176
645,963,3.5318875312805176
577,407,3.5318875312805176
95,443,3.5318875312805176
484,468,3.5318875312805176
790,781,3.5318875312805176
359,455,3.5318875312805176
786,281,3.5318875312805176
925,788,3.5318875312805176
894,323,3.5318875312805176
11,239,3.5318875312805176
916,121,3.5318875312805176
628,288,3.5318875312805176
345,1221,3.5318875312805176
94,99,3.5318875312805176
91,333,3.5318875312805176
809,313,3.5318875312805176
585,212,3.5318875312805176
836,216,3.5318875312805176
405,623,3.5318875312805176
401,121,3.5318875312805176
303,1007,3.5318875312805176
548,659,3.5318875312805176
87,709,3.5318875312805176
854,111,3.5318875312805176
277,284,3.5318875312805176
215,215,3.5318875312805176
65,88,3.5318875312805176
862,143,3.5318875312805176
151,1047,3.5318875312805176
819,302,3.5318875312805176
372,100,3.5318875312805176
223,619,3.5318875312805176
85,782,3.5318875312805176
910,748,3.5318875312805176
681,259,3.5318875312805176
334,306,3.5318875312805176
747,423,3.5318875312805176
7,269,3.5318875312805176
551,1376,3.5318875312805176
782,1589,3.5318875312805176
493,134,3.5318875312805176
145,237,3.5318875312805176
457,239,3.5318875312805176
932,144,3.5318875312805176
85,521,3.5318875312805176
930,24,3.5318875312805176
629,632,3.5318875312805176
884,1073,3.5318875312805176
499,497,3.5318875312805176
622,4,3.5318875312805176
254,575,3.5318875312805176
335,333,3.5318875312805176
45,282,3.5318875312805176
426,143,3.5318875312805176
635,323,3.5318875312805176
297,114,3.5318875312805176
478,403,3.5318875312805176
223,369,3.5318875312805176
694,52,3.5318875312805176
442,834,3.5318875312805176
617,563,3.5318875312805176
821,106,3.5318875312805176
405,774,3.5318875312805176
429,425,3.5318875312805176
234,48,3.5318875312805176
754,282,3.5318875312805176
303,815,3.5318875312805176
606,175,3.5318875312805176
833,449,3.5318875312805176
497,257,3.5318875312805176
321,515,3.5318875312805176
456,57,3.5318875312805176
716,622,3.5318875312805176
296,256,3.5318875312805176
156,157,3.5318875312805176
825,325,3.5318875312805176
16,448,3.5318875312805176
389,182,3.5318875312805176
548,218,3.5318875312805176
825,1051,3.5318875312805176
330,100,3.5318875312805176
58,1101,3.5318875312805176
117,195,3.5318875312805176
400,332,3.5318875312805176
77,134,3.5318875312805176
239,671,3.5318875312805176
269,514,3.5318875312805176
459,1016,3.5318875312805176
297,1007,3.5318875312805176
130,289,3.5318875312805176
519,340,3.5318875312805176
942,662,3.5318875312805176
503,509,3.5318875312805176
629,81,3.5318875312805176
724,678,3.5318875312805176
135,234,3.5318875312805176
13,144,3.5318875312805176
7,658,3.5318875312805176
747,69,3.5318875312805176
277,15,3.5318875312805176
6,197,3.5318875312805176
665,301,3.5318875312805176
751,274,3.5318875312805176
12,159,3.5318875312805176
262,628,3.5318875312805176
802,443,3.5318875312805176
49,473,3.5318875312805176
293,521,3.5318875312805176
426,492,3.5318875312805176
883,49,3.5318875312805176
181,879,3.5318875312805176
435,1047,3.5318875312805176
892,837,3.5318875312805176
290,429,3.5318875312805176
159,546,3.5318875312805176
216,143,3.5318875312805176
435,1240,3.5318875312805176
328,294,3.5318875312805176
95,843,3.5318875312805176
664,427,3.5318875312805176
442,810,3.5318875312805176
934,663,3.5318875312805176
592,1079,3.5318875312805176
436,226,3.5318875312805176
406,509,3.5318875312805176
13,273,3.5318875312805176
118,324,3.5318875312805176
748,96,3.5318875312805176
303,842,3.5318875312805176
790,792,3.5318875312805176
224,162,3.5318875312805176
44,228,3.5318875312805176
551,774,3.5318875312805176
312,614,3.5318875312805176
815,159,3.5318875312805176
203,181,3.5318875312805176
551,72,3.5318875312805176
50,124,3.5318875312805176
608,695,3.5318875312805176
796,1511,3.5318875312805176
397,221,3.5318875312805176
524,204,3.5318875312805176
684,94,3.5318875312805176
485,302,3.5318875312805176
851,681,3.5318875312805176
394,158,3.5318875312805176
620,15,3.5318875312805176
691,1172,3.5318875312805176
110,586,3.5318875312805176
626,324,3.5318875312805176
387,549,3.5318875312805176
334,82,3.5318875312805176
399,452,3.5318875312805176
13,205,3.5318875312805176
943,274,3.5318875312805176
308,481,3.5318875312805176
617,569,3.5318875312805176
551,393,3.5318875312805176
824,319,3.5318875312805176
870,496,3.5318875312805176
213,24,3.5318875312805176
213,515,3.5318875312805176
617,313,3.5318875312805176
930,405,3.5318875312805176
303,1209,3.5318875312805176
107,323,3.5318875312805176
648,566,3.5318875312805176
59,1047,3.5318875312805176
13,58,3.5318875312805176
313,423,3.5318875312805176
450,196,3.5318875312805176
854,195,3.5318875312805176
388,680,3.5318875312805176
326,657,3.5318875312805176
679,318,3.5318875312805176
618,966,3.5318875312805176
429,462,3.5318875312805176
300,100,3.5318875312805176
72,241,3.5318875312805176
186,117,3.5318875312805176
175,136,3.5318875312805176
363,128,3.5318875312805176
772,326,3.5318875312805176
900,294,3.5318875312805176
181,1348,3.5318875312805176
553,524,3.5318875312805176
327,508,3.5318875312805176
14,430,3.5318875312805176
517,1,3.5318875312805176
339,204,3.5318875312805176
642,1413,3.5318875312805176
315,461,3.5318875312805176
460,146,3.5318875312805176
405,1548,3.5318875312805176
723,433,3.5318875312805176
232,919,3.5318875312805176
11,504,3.5318875312805176
648,410,3.5318875312805176
881,229,3.5318875312805176
397,338,3.5318875312805176
899,250,3.5318875312805176
112,891,3.5318875312805176
167,675,3.5318875312805176
789,100,3.5318875312805176
748,328,3.5318875312805176
49,1021,3.5318875312805176
399,172,3.5318875312805176
6,135,3.5318875312805176
334,125,3.5318875312805176
621,25,3.5318875312805176
601,257,3.5318875312805176
373,401,3.5318875312805176
244,118,3.5318875312805176
892,27,3.5318875312805176
38,405,3.5318875312805176
527,492,3.5318875312805176
854,3,3.5318875312805176
128,684,3.5318875312805176
718,820,3.5318875312805176
75,240,3.5318875312805176
805,148,3.5318875312805176
81,169,3.5318875312805176
511,333,3.5318875312805176
655,25,3.5318875312805176
561,319,3.5318875312805176
7,238,3.5318875312805176
655,451,3.5318875312805176
334,98,3.5318875312805176
665,483,3.5318875312805176
109,566,3.5318875312805176
867,31,3.5318875312805176
373,1079,3.5318875312805176
299,24,3.5318875312805176
316,58,3.5318875312805176
601,455,3.5318875312805176
86,872,3.5318875312805176
608,218,3.5318875312805176
368,234,3.5318875312805176
727,1165,3.5318875312805176
535,168,3.5318875312805176
109,69,3.5318875312805176
301,42,3.5318875312805176
881,103,3.5318875312805176
422,295,3.5318875312805176
474,423,3.5318875312805176
507,313,3.5318875312805176
22,430,3.5318875312805176
291,7,3.5318875312805176
804,1488,3.5318875312805176
82,411,3.5318875312805176
7,47,3.5318875312805176
87,384,3.5318875312805176
23,56,3.5318875312805176
472,370,3.5318875312805176
185,15,3.5318875312805176
757,685,3.5318875312805176
527,190,3.5318875312805176
457,368,3.5318875312805176
38,445,3.5318875312805176
124,144,3.5318875312805176
332,120,3.5318875312805176
327,811,3.5318875312805176
312,143,3.5318875312805176
132,154,3.5318875312805176
279,502,3.5318875312805176
62,117,3.5318875312805176
26,7,3.5318875312805176
474,607,3.5318875312805176
82,237,3.5318875312805176
189,83,3.5318875312805176
527,193,3.5318875312805176
459,323,3.5318875312805176
2,291,3.5318875312805176
684,781,3.5318875312805176
758,597,3.5318875312805176
684,692,3.5318875312805176
385,160,3.5318875312805176
807,151,3.5318875312805176
931,304,3.5318875312805176
345,568,3.5318875312805176
201,51,3.5318875312805176
421,156,3.5318875312805176
53,15,3.5318875312805176
414,748,3.5318875312805176
144,293,3.5318875312805176
343,234,3.5318875312805176
44,678,3.5318875312805176
174,160,3.5318875312805176
429,88,3.5318875312805176
159,1190,3.5318875312805176
566,23,3.5318875312805176
494,86,3.5318875312805176
495,154,3.5318875312805176
303,386,3.5318875312805176
874,276,3.5318875312805176
901,78,3.5318875312805176
506,1244,3.5318875312805176
937,126,3.5318875312805176
634,597,3.5318875312805176
45,472,3.5318875312805176
450,568,3.5318875312805176
224,962,3.5318875312805176
600,96,3.5318875312805176
125,50,3.5318875312805176
456,208,3.5318875312805176
541,756,3.5318875312805176
741,367,3.5318875312805176
833,205,3.5318875312805176
606,825,3.5318875312805176
886,188,3.5318875312805176
608,287,3.5318875312805176
387,414,3.5318875312805176
471,596,3.5318875312805176
794,238,3.5318875312805176
417,202,3.5318875312805176
269,482,3.5318875312805176
743,294,3.5318875312805176
151,154,3.5318875312805176
327,249,3.5318875312805176
543,134,3.5318875312805176
608,265,3.5318875312805176
650,1060,3.5318875312805176
144,15,3.5318875312805176
722,25,3.5318875312805176
474,530,3.5318875312805176
128,73,3.5318875312805176
863,294,3.5318875312805176
399,96,3.5318875312805176
615,678,3.5318875312805176
828,512,3.5318875312805176
650,658,3.5318875312805176
874,302,3.5318875312805176
289,363,3.5318875312805176
280,100,3.5318875312805176
622,665,3.5318875312805176
406,638,3.5318875312805176
451,887,3.5318875312805176
312,587,3.5318875312805176
129,268,3.5318875312805176
648,930,3.5318875312805176
230,742,3.5318875312805176
387,496,3.5318875312805176
195,265,3.5318875312805176
456,1267,3.5318875312805176
551,508,3.5318875312805176
524,1126,3.5318875312805176
497,77,3.5318875312805176
487,226,3.5318875312805176
766,238,3.5318875312805176
257,237,3.5318875312805176
655,855,3.5318875312805176
313,82,3.5318875312805176
851,264,3.5318875312805176
790,10,3.5318875312805176
845,306,3.5318875312805176
70,15,3.5318875312805176
653,367,3.5318875312805176
875,171,3.5318875312805176
90,178,3.5318875312805176
398,283,3.5318875312805176
807,1016,3.5318875312805176
561,578,3.5318875312805176
715,250,3.5318875312805176
361,707,3.5318875312805176
311,433,3.5318875312805176
860,312,3.5318875312805176
656,327,3.5318875312805176
736,50,3.5318875312805176
659,173,3.5318875312805176
886,196,3.5318875312805176
81,79,3.5318875312805176
49,581,3.5318875312805176
308,181,3.5318875312805176
727,234,3.5318875312805176
525,332,3.5318875312805176
64,420,3.5318875312805176
727,808,3.5318875312805176
303,150,3.5318875312805176
559,521,3.5318875312805176
308,151,3.5318875312805176
896,379,3.5318875312805176
770,295,3.5318875312805176
230,7,3.5318875312805176
622,144,3.5318875312805176
344,290,3.5318875312805176
244,468,3.5318875312805176
498,554,3.5318875312805176
642,141,3.5318875312805176
255,452,3.5318875312805176
339,213,3.5318875312805176
307,746,3.5318875312805176
727,55,3.5318875312805176
483,380,3.5318875312805176
13,235,3.5318875312805176
328,1217,3.5318875312805176
276,168,3.5318875312805176
468,144,3.5318875312805176
588,51,3.5318875312805176
276,840,3.5318875312805176
447,133,3.5318875312805176
391,1101,3.5318875312805176
293,426,3.5318875312805176
927,780,3.5318875312805176
833,647,3.5318875312805176
14,922,3.5318875312805176
859,762,3.5318875312805176
495,578,3.5318875312805176
223,409,3.5318875312805176
267,195,3.5318875312805176
264,4,3.5318875312805176
758,61,3.5318875312805176
302,680,3.5318875312805176
627,39,3.5318875312805176
390,275,3.5318875312805176
184,70,3.5318875312805176
144,591,3.5318875312805176
293,162,3.5318875312805176
7,681,3.5318875312805176
429,124,3.5318875312805176
59,193,3.5318875312805176
202,516,3.5318875312805176
106,699,3.5318875312805176
683,895,3.5318875312805176
653,1035,3.5318875312805176
52,427,3.5318875312805176
643,49,3.5318875312805176
347,280,3.5318875312805176
68,111,3.5318875312805176
378,568,3.5318875312805176
332,470,3.5318875312805176
420,275,3.5318875312805176
38,590,3.5318875312805176
224,149,3.5318875312805176
618,790,3.5318875312805176
554,11,3.5318875312805176
303,90,3.5318875312805176
846,498,3.5318875312805176
474,411,3.5318875312805176
864,216,3.5318875312805176
249,24,3.5318875312805176
605,949,3.5318875312805176
214,257,3.5318875312805176
540,9,3.5318875312805176
758,657,3.5318875312805176
192,252,3.5318875312805176
801,681,3.5318875312805176
542,732,3.5318875312805176
889,737,3.5318875312805176
664,845,3.5318875312805176
870,475,3.5318875312805176
490,293,3.5318875312805176
201,216,3.5318875312805176
85,310,3.5318875312805176
90,900,3.5318875312805176
453,204,3.5318875312805176
547,319,3.5318875312805176
7,556,3.5318875312805176
114,640,3.5318875312805176
406,1147,3.5318875312805176
776,661,3.5318875312805176
887,168,3.5318875312805176
328,561,3.5318875312805176
433,435,3.5318875312805176
804,160,3.5318875312805176
457,226,3.5318875312805176
22,403,3.5318875312805176
268,735,3.5318875312805176
885,50,3.5318875312805176
250,480,3.5318875312805176
349,596,3.5318875312805176
230,91,3.5318875312805176
168,181,3.5318875312805176
840,82,3.5318875312805176
382,98,3.5318875312805176
290,550,3.5318875312805176
592,79,3.5318875312805176
901,405,3.5318875312805176
198,184,3.5318875312805176
660,1178,3.5318875312805176
11,110,3.5318875312805176
474,514,3.5318875312805176
858,293,3.5318875312805176
326,237,3.5318875312805176
848,432,3.5318875312805176
833,378,3.5318875312805176
406,20,3.5318875312805176
619,1231,3.5318875312805176
261,875,3.5318875312805176
846,650,3.5318875312805176
670,515,3.5318875312805176
345,620,3.5318875312805176
671,204,3.5318875312805176
97,482,3.5318875312805176
823,100,3.5318875312805176
870,202,3.5318875312805176
339,240,3.5318875312805176
907,326,3.5318875312805176
636,258,3.5318875312805176
401,528,3.5318875312805176
178,405,3.5318875312805176
863,326,3.5318875312805176
489,539,3.5318875312805176
869,50,3.5318875312805176
387,984,3.5318875312805176
84,276,3.5318875312805176
409,199,3.5318875312805176
864,161,3.5318875312805176
271,479,3.5318875312805176
457,769,3.5318875312805176
387,22,3.5318875312805176
472,101,3.5318875312805176
21,53,3.5318875312805176
243,26,3.5318875312805176
897,120,3.5318875312805176
42,143,3.5318875312805176
395,300,3.5318875312805176
870,945,3.5318875312805176
940,173,3.5318875312805176
886,202,3.5318875312805176
768,332,3.5318875312805176
256,387,3.5318875312805176
87,49,3.5318875312805176
405,77,3.5318875312805176
500,161,3.5318875312805176
807,135,3.5318875312805176
701,275,3.5318875312805176
894,125,3.5318875312805176
405,231,3.5318875312805176
293,233,3.5318875312805176
597,111,3.5318875312805176
588,286,3.5318875312805176
798,28,3.5318875312805176
537,53,3.5318875312805176
423,333,3.5318875312805176
491,19,3.5318875312805176
654,172,3.5318875312805176
698,513,3.5318875312805176
130,343,3.5318875312805176
385,523,3.5318875312805176
648,143,3.5318875312805176
591,66,3.5318875312805176
311,134,3.5318875312805176
279,364,3.5318875312805176
493,173,3.5318875312805176
322,192,3.5318875312805176
99,369,3.5318875312805176
405,182,3.5318875312805176
190,898,3.5318875312805176
659,720,3.5318875312805176
369,114,3.5318875312805176
122,427,3.5318875312805176
197,323,3.5318875312805176
403,476,3.5318875312805176
368,670,3.5318875312805176
269,13,3.5318875312805176
497,725,3.5318875312805176
167,1305,3.5318875312805176
639,323,3.5318875312805176
58,773,3.5318875312805176
627,191,3.5318875312805176
181,266,3.5318875312805176
303,251,3.5318875312805176
835,200,3.5318875312805176
804,624,3.5318875312805176
560,249,3.5318875312805176
279,1488,3.5318875312805176
642,58,3.5318875312805176
727,249,3.5318875312805176
297,596,3.5318875312805176
921,274,3.5318875312805176
97,603,3.5318875312805176
566,327,3.5318875312805176
313,624,3.5318875312805176
897,201,3.5318875312805176
682,77,3.5318875312805176
114,191,3.5318875312805176
919,755,3.5318875312805176
521,96,3.5318875312805176
317,683,3.5318875312805176
201,211,3.5318875312805176
764,50,3.5318875312805176
49,129,3.5318875312805176
742,546,3.5318875312805176
311,966,3.5318875312805176
311,921,3.5318875312805176
334,569,3.5318875312805176
756,404,3.5318875312805176
130,1028,3.5318875312805176
863,910,3.5318875312805176
833,233,3.5318875312805176
928,48,3.5318875312805176
545,194,3.5318875312805176
897,40,3.5318875312805176
95,195,3.5318875312805176
332,22,3.5318875312805176
367,670,3.5318875312805176
262,929,3.5318875312805176
721,292,3.5318875312805176
630,280,3.5318875312805176
311,1232,3.5318875312805176
768,535,3.5318875312805176
707,517,3.5318875312805176
650,62,3.5318875312805176
268,1231,3.5318875312805176
263,98,3.5318875312805176
621,233,3.5318875312805176
655,1108,3.5318875312805176
455,234,3.5318875312805176
82,596,3.5318875312805176
488,258,3.5318875312805176
53,156,3.5318875312805176
275,62,3.5318875312805176
1,39,3.5318875312805176
524,289,3.5318875312805176
269,778,3.5318875312805176
913,227,3.5318875312805176
691,98,3.5318875312805176
930,137,3.5318875312805176
712,699,3.5318875312805176
23,211,3.5318875312805176
222,193,3.5318875312805176
215,451,3.5318875312805176
553,199,3.5318875312805176
303,872,3.5318875312805176
363,322,3.5318875312805176
579,69,3.5318875312805176
408,302,3.5318875312805176
251,249,3.5318875312805176
766,72,3.5318875312805176
882,143,3.5318875312805176
618,197,3.5318875312805176
363,431,3.5318875312805176
189,618,3.5318875312805176
308,566,3.5318875312805176
416,934,3.5318875312805176
394,979,3.5318875312805176
457,54,3.5318875312805176
460,847,3.5318875312805176
815,484,3.5318875312805176
385,705,3.5318875312805176
899,147,3.5318875312805176
344,1165,3.5318875312805176
704,492,3.5318875312805176
882,378,3.5318875312805176
798,785,3.5318875312805176
756,225,3.5318875312805176
32,249,3.5318875312805176
919,328,3.5318875312805176
774,44,3.5318875312805176
915,302,3.5318875312805176
184,382,3.5318875312805176
650,195,3.5318875312805176
102,226,3.5318875312805176
381,501,3.5318875312805176
880,1225,3.5318875312805176
606,187,3.5318875312805176
489,299,3.5318875312805176
572,9,3.5318875312805176
777,212,3.5318875312805176
416,203,3.5318875312805176
158,226,3.5318875312805176
290,1028,3.5318875312805176
567,1204,3.5318875312805176
479,82,3.5318875312805176
222,1336,3.5318875312805176
786,237,3.5318875312805176
883,559,3.5318875312805176
587,330,3.5318875312805176
279,227,3.5318875312805176
405,1471,3.5318875312805176
56,410,3.5318875312805176
712,97,3.5318875312805176
763,144,3.5318875312805176
299,152,3.5318875312805176
305,921,3.5318875312805176
844,549,3.5318875312805176
837,19,3.5318875312805176
312,414,3.5318875312805176
768,173,3.5318875312805176
561,24,3.5318875312805176
693,1522,3.5318875312805176
294,743,3.5318875312805176
592,55,3.5318875312805176
363,505,3.5318875312805176
486,1137,3.5318875312805176
449,971,3.5318875312805176
144,126,3.5318875312805176
748,174,3.5318875312805176
427,322,3.5318875312805176
417,101,3.5318875312805176
342,165,3.5318875312805176
624,127,3.5318875312805176
402,475,3.5318875312805176
128,660,3.5318875312805176
653,96,3.5318875312805176
7,443,3.5318875312805176
542,273,3.5318875312805176
450,123,3.5318875312805176
846,495,3.5318875312805176
378,319,3.5318875312805176
321,499,3.5318875312805176
790,41,3.5318875312805176
615,528,3.5318875312805176
222,972,3.5318875312805176
370,494,3.5318875312805176
144,847,3.5318875312805176
470,19,3.5318875312805176
223,111,3.5318875312805176
126,302,3.5318875312805176
210,657,3.5318875312805176
416,815,3.5318875312805176
521,191,3.5318875312805176
299,115,3.5318875312805176
826,1,3.5318875312805176
312,14,3.5318875312805176
417,1209,3.5318875312805176
912,517,3.5318875312805176
807,28,3.5318875312805176
455,191,3.5318875312805176
655,959,3.5318875312805176
405,101,3.5318875312805176
498,1495,3.5318875312805176
850,71,3.5318875312805176
532,419,3.5318875312805176
822,189,3.5318875312805176
334,684,3.5318875312805176
14,792,3.5318875312805176
930,143,3.5318875312805176
835,176,3.5318875312805176
789,50,3.5318875312805176
221,29,3.5318875312805176
864,128,3.5318875312805176
919,1137,3.5318875312805176
267,239,3.5318875312805176
303,176,3.5318875312805176
345,879,3.5318875312805176
405,397,3.5318875312805176
749,181,3.5318875312805176
270,237,3.5318875312805176
882,284,3.5318875312805176
422,250,3.5318875312805176
761,924,3.5318875312805176
145,1292,3.5318875312805176
21,987,3.5318875312805176
43,482,3.5318875312805176
876,48,3.5318875312805176
466,518,3.5318875312805176
479,356,3.5318875312805176
267,56,3.5318875312805176
130,411,3.5318875312805176
308,172,3.5318875312805176
58,98,3.5318875312805176
682,94,3.5318875312805176
31,1019,3.5318875312805176
870,433,3.5318875312805176
478,237,3.5318875312805176
762,256,3.5318875312805176
878,136,3.5318875312805176
495,217,3.5318875312805176
393,4,3.5318875312805176
21,674,3.5318875312805176
194,98,3.5318875312805176
716,185,3.5318875312805176
630,282,3.5318875312805176
711,286,3.5318875312805176
747,509,3.5318875312805176
551,1118,3.5318875312805176
495,208,3.5318875312805176
216,129,3.5318875312805176
297,508,3.5318875312805176
748,180,3.5318875312805176
681,294,3.5318875312805176
629,331,3.5318875312805176
753,195,3.5318875312805176
516,523,3.5318875312805176
352,194,3.5318875312805176
87,802,3.5318875312805176
827,331,3.5318875312805176
343,235,3.5318875312805176
387,113,3.5318875312805176
880,411,3.5318875312805176
5,234,3.5318875312805176
543,22,3.5318875312805176
125,202,3.5318875312805176
894,750,3.5318875312805176
764,118,3.5318875312805176
83,79,3.5318875312805176
257,269,3.5318875312805176
802,333,3.5318875312805176
13,239,3.5318875312805176
830,98,3.5318875312805176
195,242,3.5318875312805176
246,196,3.5318875312805176
795,108,3.5318875312805176
244,673,3.5318875312805176
234,82,3.5318875312805176
234,531,3.5318875312805176
145,273,3.5318875312805176
184,15,3.5318875312805176
487,1220,3.5318875312805176
424,690,3.5318875312805176
354,42,3.5318875312805176
450,170,3.5318875312805176
297,50,3.5318875312805176
7,433,3.5318875312805176
870,504,3.5318875312805176
313,428,3.5318875312805176
504,409,3.5318875312805176
59,1113,3.5318875312805176
843,569,3.5318875312805176
532,452,3.5318875312805176
500,255,3.5318875312805176
833,182,3.5318875312805176
297,485,3.5318875312805176
796,1228,3.5318875312805176
854,11,3.5318875312805176
455,22,3.5318875312805176
308,526,3.5318875312805176
743,308,3.5318875312805176
934,1425,3.5318875312805176
622,86,3.5318875312805176
478,81,3.5318875312805176
486,236,3.5318875312805176
923,174,3.5318875312805176
910,24,3.5318875312805176
805,25,3.5318875312805176
514,268,3.5318875312805176
618,95,3.5318875312805176
570,321,3.5318875312805176
276,710,3.5318875312805176
236,483,3.5318875312805176
833,79,3.5318875312805176
907,697,3.5318875312805176
679,721,3.5318875312805176
601,508,3.5318875312805176
848,462,3.5318875312805176
918,289,3.5318875312805176
406,601,3.5318875312805176
854,528,3.5318875312805176
553,434,3.5318875312805176
611,311,3.5318875312805176
363,550,3.5318875312805176
264,746,3.5318875312805176
462,237,3.5318875312805176
79,900,3.5318875312805176
204,170,3.5318875312805176
921,1279,3.5318875312805176
215,77,3.5318875312805176
43,82,3.5318875312805176
405,666,3.5318875312805176
416,144,3.5318875312805176
60,515,3.5318875312805176
85,508,3.5318875312805176
471,768,3.5318875312805176
942,31,3.5318875312805176
551,9,3.5318875312805176
323,121,3.5318875312805176
655,650,3.5318875312805176
864,209,3.5318875312805176
750,325,3.5318875312805176
854,619,3.5318875312805176
256,120,3.5318875312805176
515,342,3.5318875312805176
76,1154,3.5318875312805176
833,649,3.5318875312805176
269,531,3.5318875312805176
495,229,3.5318875312805176
320,974,3.5318875312805176
524,515,3.5318875312805176
489,681,3.5318875312805176
881,678,3.5318875312805176
92,707,3.5318875312805176
80,423,3.5318875312805176
292,100,3.5318875312805176
377,100,3.5318875312805176
303,576,3.5318875312805176
916,106,3.5318875312805176
445,895,3.5318875312805176
333,435,3.5318875312805176
746,181,3.5318875312805176
886,919,3.5318875312805176
234,221,3.5318875312805176
566,273,3.5318875312805176
751,849,3.5318875312805176
73,272,3.5318875312805176
864,629,3.5318875312805176
91,423,3.5318875312805176
374,23,3.5318875312805176
721,748,3.5318875312805176
181,934,3.5318875312805176
646,1237,3.5318875312805176
385,435,3.5318875312805176
500,196,3.5318875312805176
342,475,3.5318875312805176
782,1598,3.5318875312805176
121,100,3.5318875312805176
666,300,3.5318875312805176
821,118,3.5318875312805176
537,382,3.5318875312805176
303,80,3.5318875312805176
835,127,3.5318875312805176
690,276,3.5318875312805176
276,147,3.5318875312805176
577,866,3.5318875312805176
450,191,3.5318875312805176
450,657,3.5318875312805176
57,117,3.5318875312805176
648,47,3.5318875312805176
798,173,3.5318875312805176
311,97,3.5318875312805176
323,332,3.5318875312805176
354,900,3.5318875312805176
422,267,3.5318875312805176
804,528,3.5318875312805176
818,328,3.5318875312805176
881,1411,3.5318875312805176
753,673,3.5318875312805176
206,889,3.5318875312805176
248,282,3.5318875312805176
684,121,3.5318875312805176
864,972,3.5318875312805176
836,89,3.5318875312805176
389,497,3.5318875312805176
388,294,3.5318875312805176
405,1297,3.5318875312805176
758,1142,3.5318875312805176
749,448,3.5318875312805176
707,603,3.5318875312805176
16,655,3.5318875312805176
805,71,3.5318875312805176
735,9,3.5318875312805176
455,275,3.5318875312805176
456,550,3.5318875312805176
880,147,3.5318875312805176
214,705,3.5318875312805176
539,340,3.5318875312805176
894,905,3.5318875312805176
653,746,3.5318875312805176
661,117,3.5318875312805176
234,647,3.5318875312805176
617,452,3.5318875312805176
26,15,3.5318875312805176
569,7,3.5318875312805176
881,176,3.5318875312805176
487,88,3.5318875312805176
83,568,3.5318875312805176
276,915,3.5318875312805176
601,591,3.5318875312805176
694,183,3.5318875312805176
184,604,3.5318875312805176
758,291,3.5318875312805176
437,436,3.5318875312805176
234,511,3.5318875312805176
791,322,3.5318875312805176
59,273,3.5318875312805176
825,456,3.5318875312805176
796,215,3.5318875312805176
201,421,3.5318875312805176
168,930,3.5318875312805176
823,56,3.5318875312805176
899,172,3.5318875312805176
98,194,3.5318875312805176
916,91,3.5318875312805176
635,328,3.5318875312805176
313,837,3.5318875312805176
202,173,3.5318875312805176
11,659,3.5318875312805176
601,921,3.5318875312805176
543,207,3.5318875312805176
851,680,3.5318875312805176
345,98,3.5318875312805176
520,311,3.5318875312805176
512,527,3.5318875312805176
54,685,3.5318875312805176
147,339,3.5318875312805176
125,585,3.5318875312805176
840,499,3.5318875312805176
559,398,3.5318875312805176
466,92,3.5318875312805176
401,588,3.5318875312805176
291,90,3.5318875312805176
881,217,3.5318875312805176
514,511,3.5318875312805176
271,77,3.5318875312805176
387,91,3.5318875312805176
250,89,3.5318875312805176
270,226,3.5318875312805176
567,273,3.5318875312805176
643,820,3.5318875312805176
542,150,3.5318875312805176
679,531,3.5318875312805176
292,748,3.5318875312805176
708,271,3.5318875312805176
782,1383,3.5318875312805176
293,300,3.5318875312805176
798,281,3.5318875312805176
6,302,3.5318875312805176
887,284,3.5318875312805176
648,79,3.5318875312805176
913,19,3.5318875312805176
13,492,3.5318875312805176
59,321,3.5318875312805176
557,150,3.5318875312805176
145,412,3.5318875312805176
301,193,3.5318875312805176
661,603,3.5318875312805176
393,982,3.5318875312805176
303,1016,3.5318875312805176
868,145,3.5318875312805176
704,214,3.5318875312805176
561,79,3.5318875312805176
474,131,3.5318875312805176
87,575,3.5318875312805176
342,581,3.5318875312805176
397,475,3.5318875312805176
505,705,3.5318875312805176
667,461,3.5318875312805176
128,151,3.5318875312805176
773,172,3.5318875312805176
894,16,3.5318875312805176
267,147,3.5318875312805176
262,735,3.5318875312805176
932,30,3.5318875312805176
892,180,3.5318875312805176
321,432,3.5318875312805176
52,237,3.5318875312805176
290,181,3.5318875312805176
476,33,3.5318875312805176
588,720,3.5318875312805176
345,234,3.5318875312805176
790,572,3.5318875312805176
194,175,3.5318875312805176
796,636,3.5318875312805176
621,588,3.5318875312805176
758,790,3.5318875312805176
479,172,3.5318875312805176
894,237,3.5318875312805176
524,1152,3.5318875312805176
751,347,3.5318875312805176
326,523,3.5318875312805176
109,826,3.5318875312805176
821,357,3.5318875312805176
254,62,3.5318875312805176
595,1142,3.5318875312805176
279,1025,3.5318875312805176
393,332,3.5318875312805176
305,246,3.5318875312805176
405,1177,3.5318875312805176
222,26,3.5318875312805176
598,260,3.5318875312805176
939,424,3.5318875312805176
59,142,3.5318875312805176
269,739,3.5318875312805176
846,558,3.5318875312805176
655,417,3.5318875312805176
301,182,3.5318875312805176
236,69,3.5318875312805176
198,131,3.5318875312805176
416,235,3.5318875312805176
642,1136,3.5318875312805176
476,738,3.5318875312805176
194,519,3.5318875312805176
347,177,3.5318875312805176
318,157,3.5318875312805176
712,790,3.5318875312805176
175,96,3.5318875312805176
927,91,3.5318875312805176
435,752,3.5318875312805176
854,135,3.5318875312805176
854,484,3.5318875312805176
922,219,3.5318875312805176
592,181,3.5318875312805176
916,206,3.5318875312805176
293,186,3.5318875312805176
793,250,3.5318875312805176
819,1537,3.5318875312805176
318,517,3.5318875312805176
30,780,3.5318875312805176
509,301,3.5318875312805176
940,610,3.5318875312805176
715,405,3.5318875312805176
795,186,3.5318875312805176
930,300,3.5318875312805176
764,275,3.5318875312805176
395,98,3.5318875312805176
301,127,3.5318875312805176
140,302,3.5318875312805176
92,712,3.5318875312805176
660,191,3.5318875312805176
109,1013,3.5318875312805176
425,178,3.5318875312805176
542,508,3.5318875312805176
788,183,3.5318875312805176
271,338,3.5318875312805176
145,731,3.5318875312805176
610,11,3.5318875312805176
758,301,3.5318875312805176
881,430,3.5318875312805176
758,213,3.5318875312805176
535,71,3.5318875312805176
788,665,3.5318875312805176
25,520,3.5318875312805176
577,133,3.5318875312805176
190,302,3.5318875312805176
201,188,3.5318875312805176
912,611,3.5318875312805176
796,283,3.5318875312805176
312,484,3.5318875312805176
363,699,3.5318875312805176
59,756,3.5318875312805176
296,89,3.5318875312805176
784,315,3.5318875312805176
484,578,3.5318875312805176
527,23,3.5318875312805176
145,393,3.5318875312805176
627,947,3.5318875312805176
299,950,3.5318875312805176
656,270,3.5318875312805176
195,276,3.5318875312805176
505,7,3.5318875312805176
726,833,3.5318875312805176
753,199,3.5318875312805176
479,566,3.5318875312805176
435,895,3.5318875312805176
42,866,3.5318875312805176
507,294,3.5318875312805176
408,242,3.5318875312805176
840,357,3.5318875312805176
200,118,3.5318875312805176
399,386,3.5318875312805176
417,475,3.5318875312805176
394,405,3.5318875312805176
268,63,3.5318875312805176
405,47,3.5318875312805176
114,204,3.5318875312805176
269,198,3.5318875312805176
210,654,3.5318875312805176
794,100,3.5318875312805176
13,157,3.5318875312805176
380,170,3.5318875312805176
457,841,3.5318875312805176
293,7,3.5318875312805176
862,496,3.5318875312805176
243,111,3.5318875312805176
482,289,3.5318875312805176
6,513,3.5318875312805176
344,14,3.5318875312805176
428,343,3.5318875312805176
145,51,3.5318875312805176
751,494,3.5318875312805176
279,68,3.5318875312805176
15,322,3.5318875312805176
13,334,3.5318875312805176
561,186,3.5318875312805176
628,1025,3.5318875312805176
630,687,3.5318875312805176
324,288,3.5318875312805176
230,95,3.5318875312805176
897,864,3.5318875312805176
785,69,3.5318875312805176
130,888,3.5318875312805176
279,1072,3.5318875312805176
275,230,3.5318875312805176
647,136,3.5318875312805176
778,11,3.5318875312805176
707,507,3.5318875312805176
437,156,3.5318875312805176
442,231,3.5318875312805176
896,768,3.5318875312805176
393,893,3.5318875312805176
500,768,3.5318875312805176
399,506,3.5318875312805176
497,240,3.5318875312805176
296,194,3.5318875312805176
291,356,3.5318875312805176
533,1173,3.5318875312805176
770,282,3.5318875312805176
387,102,3.5318875312805176
528,258,3.5318875312805176
936,405,3.5318875312805176
453,164,3.5318875312805176
627,568,3.5318875312805176
68,596,3.5318875312805176
307,197,3.5318875312805176
292,250,3.5318875312805176
639,528,3.5318875312805176
753,50,3.5318875312805176
218,12,3.5318875312805176
445,1081,3.5318875312805176
99,107,3.5318875312805176
300,456,3.5318875312805176
504,419,3.5318875312805176
863,302,3.5318875312805176
413,258,3.5318875312805176
189,855,3.5318875312805176
474,663,3.5318875312805176
747,70,3.5318875312805176
213,164,3.5318875312805176
5,105,3.5318875312805176
778,82,3.5318875312805176
878,168,3.5318875312805176
226,191,3.5318875312805176
389,25,3.5318875312805176
846,388,3.5318875312805176
200,54,3.5318875312805176
833,100,3.5318875312805176
773,792,3.5318875312805176
251,172,3.5318875312805176
392,463,3.5318875312805176
359,748,3.5318875312805176
600,79,3.5318875312805176
291,551,3.5318875312805176
506,731,3.5318875312805176
642,65,3.5318875312805176
224,300,3.5318875312805176
465,357,3.5318875312805176
293,69,3.5318875312805176
609,319,3.5318875312805176
161,56,3.5318875312805176
846,204,3.5318875312805176
451,681,3.5318875312805176
504,402,3.5318875312805176
13,566,3.5318875312805176
504,1030,3.5318875312805176
280,200,3.5318875312805176
807,133,3.5318875312805176
794,751,3.5318875312805176
784,333,3.5318875312805176
868,385,3.5318875312805176
63,286,3.5318875312805176
450,44,3.5318875312805176
181,1081,3.5318875312805176
399,84,3.5318875312805176
25,969,3.5318875312805176
314,1178,3.5318875312805176
916,9,3.5318875312805176
655,942,3.5318875312805176
256,265,3.5318875312805176
537,150,3.5318875312805176
892,100,3.5318875312805176
373,497,3.5318875312805176
782,326,3.5318875312805176
627,729,3.5318875312805176
298,511,3.5318875312805176
932,855,3.5318875312805176
417,1023,3.5318875312805176
864,151,3.5318875312805176
429,71,3.5318875312805176
659,467,3.5318875312805176
328,344,3.5318875312805176
648,83,3.5318875312805176
345,1117,3.5318875312805176
32,628,3.5318875312805176
197,127,3.5318875312805176
419,191,3.5318875312805176
840,473,3.5318875312805176
13,150,3.5318875312805176
804,841,3.5318875312805176
877,14,3.5318875312805176
236,174,3.5318875312805176
49,151,3.5318875312805176
347,172,3.5318875312805176
622,109,3.5318875312805176
756,622,3.5318875312805176
335,748,3.5318875312805176
600,182,3.5318875312805176
271,707,3.5318875312805176
503,732,3.5318875312805176
445,12,3.5318875312805176
883,50,3.5318875312805176
387,99,3.5318875312805176
342,58,3.5318875312805176
595,1047,3.5318875312805176
712,399,3.5318875312805176
708,274,3.5318875312805176
62,451,3.5318875312805176
268,1118,3.5318875312805176
373,214,3.5318875312805176
712,234,3.5318875312805176
390,302,3.5318875312805176
98,321,3.5318875312805176
431,332,3.5318875312805176
727,100,3.5318875312805176
433,246,3.5318875312805176
158,174,3.5318875312805176
526,333,3.5318875312805176
622,178,3.5318875312805176
512,286,3.5318875312805176
483,68,3.5318875312805176
684,38,3.5318875312805176
896,235,3.5318875312805176
71,177,3.5318875312805176
244,215,3.5318875312805176
344,1142,3.5318875312805176
128,393,3.5318875312805176
430,168,3.5318875312805176
405,356,3.5318875312805176
323,467,3.5318875312805176
394,773,3.5318875312805176
835,526,3.5318875312805176
91,357,3.5318875312805176
261,687,3.5318875312805176
343,606,3.5318875312805176
637,685,3.5318875312805176
181,873,3.5318875312805176
221,218,3.5318875312805176
321,607,3.5318875312805176
362,689,3.5318875312805176
883,531,3.5318875312805176
911,478,3.5318875312805176
535,727,3.5318875312805176
851,174,3.5318875312805176
458,56,3.5318875312805176
622,404,3.5318875312805176
110,67,3.5318875312805176
766,483,3.5318875312805176
345,1247,3.5318875312805176
197,340,3.5318875312805176
393,5,3.5318875312805176
533,988,3.5318875312805176
533,289,3.5318875312805176
788,380,3.5318875312805176
252,276,3.5318875312805176
825,258,3.5318875312805176
562,727,3.5318875312805176
883,89,3.5318875312805176
862,657,3.5318875312805176
707,64,3.5318875312805176
846,1066,3.5318875312805176
189,157,3.5318875312805176
97,133,3.5318875312805176
87,570,3.5318875312805176
901,929,3.5318875312805176
800,864,3.5318875312805176
288,132,3.5318875312805176
234,464,3.5318875312805176
391,15,3.5318875312805176
605,176,3.5318875312805176
30,231,3.5318875312805176
870,477,3.5318875312805176
764,323,3.5318875312805176
630,153,3.5318875312805176
751,302,3.5318875312805176
806,1012,3.5318875312805176
851,818,3.5318875312805176
454,56,3.5318875312805176
579,173,3.5318875312805176
383,137,3.5318875312805176
847,153,3.5318875312805176
311,651,3.5318875312805176
532,242,3.5318875312805176
249,708,3.5318875312805176
85,192,3.5318875312805176
58,311,3.5318875312805176
891,742,3.5318875312805176
384,258,3.5318875312805176
299,55,3.5318875312805176
293,510,3.5318875312805176
427,331,3.5318875312805176
903,324,3.5318875312805176
178,619,3.5318875312805176
118,180,3.5318875312805176
73,135,3.5318875312805176
427,319,3.5318875312805176
262,252,3.5318875312805176
56,993,3.5318875312805176
207,11,3.5318875312805176
758,386,3.5318875312805176
804,72,3.5318875312805176
339,160,3.5318875312805176
712,776,3.5318875312805176
501,544,3.5318875312805176
249,741,3.5318875312805176
271,414,3.5318875312805176
298,205,3.5318875312805176
773,568,3.5318875312805176
342,98,3.5318875312805176
941,300,3.5318875312805176
868,164,3.5318875312805176
433,919,3.5318875312805176
847,507,3.5318875312805176
786,187,3.5318875312805176
648,82,3.5318875312805176
897,523,3.5318875312805176
24,655,3.5318875312805176
721,325,3.5318875312805176
314,1221,3.5318875312805176
334,290,3.5318875312805176
500,204,3.5318875312805176
493,435,3.5318875312805176
13,292,3.5318875312805176
826,241,3.5318875312805176
645,203,3.5318875312805176
378,436,3.5318875312805176
465,114,3.5318875312805176
557,50,3.5318875312805176
642,801,3.5318875312805176
49,231,3.5318875312805176
1,55,3.5318875312805176
346,616,3.5318875312805176
311,495,3.5318875312805176
640,926,3.5318875312805176
48,650,3.5318875312805176
817,289,3.5318875312805176
115,642,3.5318875312805176
595,1094,3.5318875312805176
647,588,3.5318875312805176
852,274,3.5318875312805176
114,505,3.5318875312805176
158,50,3.5318875312805176
169,443,3.5318875312805176
664,663,3.5318875312805176
135,802,3.5318875312805176
201,62,3.5318875312805176
592,1070,3.5318875312805176
416,67,3.5318875312805176
757,203,3.5318875312805176
516,181,3.5318875312805176
825,323,3.5318875312805176
645,709,3.5318875312805176
128,118,3.5318875312805176
889,657,3.5318875312805176
347,1047,3.5318875312805176
201,448,3.5318875312805176
661,178,3.5318875312805176
49,406,3.5318875312805176
497,71,3.5318875312805176
437,381,3.5318875312805176
408,358,3.5318875312805176
264,645,3.5318875312805176
740,242,3.5318875312805176
833,288,3.5318875312805176
907,79,3.5318875312805176
254,231,3.5318875312805176
561,480,3.5318875312805176
748,135,3.5318875312805176
439,475,3.5318875312805176
780,294,3.5318875312805176
679,56,3.5318875312805176
660,748,3.5318875312805176
882,122,3.5318875312805176
232,215,3.5318875312805176
666,616,3.5318875312805176
445,748,3.5318875312805176
848,481,3.5318875312805176
830,193,3.5318875312805176
588,370,3.5318875312805176
291,232,3.5318875312805176
328,4,3.5318875312805176
305,582,3.5318875312805176
85,610,3.5318875312805176
423,258,3.5318875312805176
63,480,3.5318875312805176
394,568,3.5318875312805176
318,143,3.5318875312805176
81,318,3.5318875312805176
374,5,3.5318875312805176
297,209,3.5318875312805176
753,134,3.5318875312805176
915,286,3.5318875312805176
480,527,3.5318875312805176
393,8,3.5318875312805176
305,45,3.5318875312805176
916,597,3.5318875312805176
233,588,3.5318875312805176
194,628,3.5318875312805176
804,1028,3.5318875312805176
426,1064,3.5318875312805176
392,260,3.5318875312805176
178,196,3.5318875312805176
5,226,3.5318875312805176
181,1390,3.5318875312805176
271,317,3.5318875312805176
763,59,3.5318875312805176
893,771,3.5318875312805176
582,124,3.5318875312805176
161,100,3.5318875312805176
308,637,3.5318875312805176
490,292,3.5318875312805176
497,151,3.5318875312805176
878,707,3.5318875312805176
255,564,3.5318875312805176
655,1636,3.5318875312805176
222,1,3.5318875312805176
769,1322,3.5318875312805176
135,642,3.5318875312805176
674,866,3.5318875312805176
870,255,3.5318875312805176
619,245,3.5318875312805176
542,235,3.5318875312805176
850,228,3.5318875312805176
825,930,3.5318875312805176
887,756,3.5318875312805176
387,25,3.5318875312805176
116,145,3.5318875312805176
843,214,3.5318875312805176
497,194,3.5318875312805176
938,595,3.5318875312805176
556,513,3.5318875312805176
145,763,3.5318875312805176
249,298,3.5318875312805176
201,751,3.5318875312805176
504,1444,3.5318875312805176
851,95,3.5318875312805176
318,326,3.5318875312805176
653,202,3.5318875312805176
633,498,3.5318875312805176
59,583,3.5318875312805176
387,1187,3.5318875312805176
653,708,3.5318875312805176
64,70,3.5318875312805176
318,501,3.5318875312805176
834,294,3.5318875312805176
633,148,3.5318875312805176
322,272,3.5318875312805176
763,111,3.5318875312805176
393,223,3.5318875312805176
301,1,3.5318875312805176
2,316,3.5318875312805176
405,854,3.5318875312805176
453,826,3.5318875312805176
381,682,3.5318875312805176
592,1264,3.5318875312805176
398,56,3.5318875312805176
268,16,3.5318875312805176
297,300,3.5318875312805176
198,31,3.5318875312805176
892,542,3.5318875312805176
151,51,3.5318875312805176
374,829,3.5318875312805176
552,7,3.5318875312805176
642,118,3.5318875312805176
320,368,3.5318875312805176
234,959,3.5318875312805176
676,168,3.5318875312805176
878,921,3.5318875312805176
295,232,3.5318875312805176
314,73,3.5318875312805176
355,288,3.5318875312805176
929,515,3.5318875312805176
453,22,3.5318875312805176
213,475,3.5318875312805176
659,712,3.5318875312805176
184,208,3.5318875312805176
682,1135,3.5318875312805176
922,227,3.5318875312805176
346,365,3.5318875312805176
731,215,3.5318875312805176
429,1028,3.5318875312805176
748,227,3.5318875312805176
886,132,3.5318875312805176
551,62,3.5318875312805176
623,275,3.5318875312805176
303,501,3.5318875312805176
648,17,3.5318875312805176
677,845,3.5318875312805176
897,660,3.5318875312805176
144,286,3.5318875312805176
543,748,3.5318875312805176
435,69,3.5318875312805176
870,503,3.5318875312805176
693,99,3.5318875312805176
188,443,3.5318875312805176
339,1135,3.5318875312805176
682,431,3.5318875312805176
363,169,3.5318875312805176
406,180,3.5318875312805176
215,180,3.5318875312805176
804,32,3.5318875312805176
883,886,3.5318875312805176
506,489,3.5318875312805176
643,127,3.5318875312805176
279,184,3.5318875312805176
308,198,3.5318875312805176
846,86,3.5318875312805176
590,1014,3.5318875312805176
397,65,3.5318875312805176
399,455,3.5318875312805176
416,269,3.5318875312805176
301,496,3.5318875312805176
405,1338,3.5318875312805176
487,586,3.5318875312805176
614,9,3.5318875312805176
541,993,3.5318875312805176
816,258,3.5318875312805176
269,246,3.5318875312805176
514,430,3.5318875312805176
326,176,3.5318875312805176
267,22,3.5318875312805176
339,134,3.5318875312805176
110,22,3.5318875312805176
464,328,3.5318875312805176
365,271,3.5318875312805176
293,679,3.5318875312805176
881,98,3.5318875312805176
346,29,3.5318875312805176
553,132,3.5318875312805176
383,193,3.5318875312805176
634,272,3.5318875312805176
215,98,3.5318875312805176
773,531,3.5318875312805176
335,313,3.5318875312805176
560,11,3.5318875312805176
428,877,3.5318875312805176
400,304,3.5318875312805176
698,22,3.5318875312805176
276,1090,3.5318875312805176
764,100,3.5318875312805176
642,462,3.5318875312805176
540,741,3.5318875312805176
255,443,3.5318875312805176
551,217,3.5318875312805176
871,752,3.5318875312805176
385,215,3.5318875312805176
907,202,3.5318875312805176
245,21,3.5318875312805176
907,869,3.5318875312805176
94,127,3.5318875312805176
316,521,3.5318875312805176
551,340,3.5318875312805176
51,184,3.5318875312805176
26,476,3.5318875312805176
138,662,3.5318875312805176
23,432,3.5318875312805176
846,505,3.5318875312805176
505,71,3.5318875312805176
313,778,3.5318875312805176
24,582,3.5318875312805176
851,1676,3.5318875312805176
659,97,3.5318875312805176
152,204,3.5318875312805176
793,1,3.5318875312805176
943,808,3.5318875312805176
151,686,3.5318875312805176
1,251,3.5318875312805176
148,418,3.5318875312805176
292,343,3.5318875312805176
246,409,3.5318875312805176
314,983,3.5318875312805176
470,295,3.5318875312805176
504,504,3.5318875312805176
123,132,3.5318875312805176
815,88,3.5318875312805176
308,396,3.5318875312805176
777,521,3.5318875312805176
381,742,3.5318875312805176
918,170,3.5318875312805176
456,414,3.5318875312805176
896,23,3.5318875312805176
790,1074,3.5318875312805176
389,612,3.5318875312805176
312,515,3.5318875312805176
110,2,3.5318875312805176
331,268,3.5318875312805176
518,222,3.5318875312805176
466,55,3.5318875312805176
320,27,3.5318875312805176
299,480,3.5318875312805176
119,222,3.5318875312805176
110,333,3.5318875312805176
123,482,3.5318875312805176
12,157,3.5318875312805176
100,691,3.5318875312805176
592,1226,3.5318875312805176
320,685,3.5318875312805176
863,895,3.5318875312805176
880,603,3.5318875312805176
405,1579,3.5318875312805176
537,639,3.5318875312805176
670,245,3.5318875312805176
487,746,3.5318875312805176
556,321,3.5318875312805176
184,285,3.5318875312805176
2,282,3.5318875312805176
514,189,3.5318875312805176
280,678,3.5318875312805176
476,999,3.5318875312805176
907,815,3.5318875312805176
5,227,3.5318875312805176
620,91,3.5318875312805176
382,334,3.5318875312805176
343,199,3.5318875312805176
43,291,3.5318875312805176
280,7,3.5318875312805176
738,91,3.5318875312805176
889,1134,3.5318875312805176
455,241,3.5318875312805176
90,156,3.5318875312805176
176,258,3.5318875312805176
871,511,3.5318875312805176
107,268,3.5318875312805176
270,581,3.5318875312805176
321,7,3.5318875312805176
298,294,3.5318875312805176
298,178,3.5318875312805176
774,550,3.5318875312805176
112,689,3.5318875312805176
703,127,3.5318875312805176
897,69,3.5318875312805176
340,186,3.5318875312805176
899,89,3.5318875312805176
668,347,3.5318875312805176
429,496,3.5318875312805176
13,475,3.5318875312805176
293,89,3.5318875312805176
221,475,3.5318875312805176
474,208,3.5318875312805176
311,233,3.5318875312805176
738,209,3.5318875312805176
883,251,3.5318875312805176
500,170,3.5318875312805176
846,1267,3.5318875312805176
891,459,3.5318875312805176
890,214,3.5318875312805176
429,546,3.5318875312805176
128,237,3.5318875312805176
524,607,3.5318875312805176
848,164,3.5318875312805176
409,153,3.5318875312805176
541,418,3.5318875312805176
363,1,3.5318875312805176
435,818,3.5318875312805176
318,40,3.5318875312805176
346,842,3.5318875312805176
288,435,3.5318875312805176
249,124,3.5318875312805176
392,321,3.5318875312805176
405,1035,3.5318875312805176
109,234,3.5318875312805176
58,137,3.5318875312805176
782,1534,3.5318875312805176
883,867,3.5318875312805176
429,89,3.5318875312805176
291,456,3.5318875312805176
234,557,3.5318875312805176
269,122,3.5318875312805176
43,127,3.5318875312805176
795,234,3.5318875312805176
267,230,3.5318875312805176
291,404,3.5318875312805176
884,529,3.5318875312805176
457,934,3.5318875312805176
619,295,3.5318875312805176
554,735,3.5318875312805176
896,651,3.5318875312805176
612,926,3.5318875312805176
269,148,3.5318875312805176
178,180,3.5318875312805176
705,546,3.5318875312805176
472,609,3.5318875312805176
648,177,3.5318875312805176
389,559,3.5318875312805176
342,654,3.5318875312805176
655,514,3.5318875312805176
274,211,3.5318875312805176
158,550,3.5318875312805176
886,1,3.5318875312805176
435,1225,3.5318875312805176
405,241,3.5318875312805176
94,334,3.5318875312805176
532,879,3.5318875312805176
67,871,3.5318875312805176
464,482,3.5318875312805176
151,89,3.5318875312805176
315,271,3.5318875312805176
661,144,3.5318875312805176
796,234,3.5318875312805176
645,185,3.5318875312805176
216,466,3.5318875312805176
198,369,3.5318875312805176
774,293,3.5318875312805176
875,921,3.5318875312805176
222,729,3.5318875312805176
532,345,3.5318875312805176
793,117,3.5318875312805176
50,327,3.5318875312805176
886,288,3.5318875312805176
276,458,3.5318875312805176
379,194,3.5318875312805176
174,763,3.5318875312805176
308,219,3.5318875312805176
178,125,3.5318875312805176
894,558,3.5318875312805176
73,197,3.5318875312805176
854,358,3.5318875312805176
236,135,3.5318875312805176
16,178,3.5318875312805176
481,163,3.5318875312805176
49,148,3.5318875312805176
568,301,3.5318875312805176
561,1039,3.5318875312805176
198,249,3.5318875312805176
192,258,3.5318875312805176
274,274,3.5318875312805176
337,1016,3.5318875312805176
270,145,3.5318875312805176
757,969,3.5318875312805176
916,77,3.5318875312805176
715,155,3.5318875312805176
744,657,3.5318875312805176
753,316,3.5318875312805176
554,1284,3.5318875312805176
643,482,3.5318875312805176
84,98,3.5318875312805176
255,976,3.5318875312805176
109,425,3.5318875312805176
405,214,3.5318875312805176
13,161,3.5318875312805176
545,174,3.5318875312805176
306,287,3.5318875312805176
711,313,3.5318875312805176
249,188,3.5318875312805176
416,86,3.5318875312805176
114,171,3.5318875312805176
907,144,3.5318875312805176
936,221,3.5318875312805176
429,97,3.5318875312805176
259,200,3.5318875312805176
452,684,3.5318875312805176
940,521,3.5318875312805176
919,310,3.5318875312805176
551,49,3.5318875312805176
25,208,3.5318875312805176
425,831,3.5318875312805176
781,172,3.5318875312805176
559,566,3.5318875312805176
591,70,3.5318875312805176
176,250,3.5318875312805176
381,259,3.5318875312805176
450,467,3.5318875312805176
407,712,3.5318875312805176
492,187,3.5318875312805176
320,238,3.5318875312805176
327,651,3.5318875312805176
878,497,3.5318875312805176
279,751,3.5318875312805176
487,385,3.5318875312805176
618,588,3.5318875312805176
796,134,3.5318875312805176
217,566,3.5318875312805176
42,64,3.5318875312805176
216,655,3.5318875312805176
854,756,3.5318875312805176
780,498,3.5318875312805176
670,949,3.5318875312805176
44,553,3.5318875312805176
479,62,3.5318875312805176
280,3,3.5318875312805176
650,780,3.5318875312805176
70,542,3.5318875312805176
642,409,3.5318875312805176
354,483,3.5318875312805176
416,311,3.5318875312805176
499,153,3.5318875312805176
398,485,3.5318875312805176
924,50,3.5318875312805176
410,689,3.5318875312805176
313,175,3.5318875312805176
455,39,3.5318875312805176
120,127,3.5318875312805176
393,1092,3.5318875312805176
659,423,3.5318875312805176
691,603,3.5318875312805176
450,179,3.5318875312805176
90,647,3.5318875312805176
119,382,3.5318875312805176
479,283,3.5318875312805176
643,68,3.5318875312805176
308,4,3.5318875312805176
711,317,3.5318875312805176
466,7,3.5318875312805176
85,658,3.5318875312805176
721,243,3.5318875312805176
846,205,3.5318875312805176
299,93,3.5318875312805176
161,22,3.5318875312805176
478,11,3.5318875312805176
618,633,3.5318875312805176
406,466,3.5318875312805176
342,288,3.5318875312805176
846,98,3.5318875312805176
934,502,3.5318875312805176
116,346,3.5318875312805176
608,487,3.5318875312805176
317,260,3.5318875312805176
921,1,3.5318875312805176
13,706,3.5318875312805176
324,268,3.5318875312805176
5,364,3.5318875312805176
399,722,3.5318875312805176
880,570,3.5318875312805176
425,338,3.5318875312805176
719,50,3.5318875312805176
363,222,3.5318875312805176
442,22,3.5318875312805176
370,50,3.5318875312805176
329,286,3.5318875312805176
846,289,3.5318875312805176
530,181,3.5318875312805176
292,7,3.5318875312805176
849,121,3.5318875312805176
432,845,3.5318875312805176
790,17,3.5318875312805176
722,291,3.5318875312805176
717,260,3.5318875312805176
575,98,3.5318875312805176
286,1504,3.5318875312805176
932,436,3.5318875312805176
796,1415,3.5318875312805176
115,1073,3.5318875312805176
409,318,3.5318875312805176
251,742,3.5318875312805176
622,101,3.5318875312805176
682,1079,3.5318875312805176
42,591,3.5318875312805176
868,843,3.5318875312805176
826,226,3.5318875312805176
217,1034,3.5318875312805176
648,118,3.5318875312805176
475,306,3.5318875312805176
222,173,3.5318875312805176
693,504,3.5318875312805176
280,1297,3.5318875312805176
652,538,3.5318875312805176
316,276,3.5318875312805176
715,145,3.5318875312805176
576,237,3.5318875312805176
314,1063,3.5318875312805176
807,743,3.5318875312805176
451,749,3.5318875312805176
324,292,3.5318875312805176
435,834,3.5318875312805176
567,1,3.5318875312805176
757,22,3.5318875312805176
786,692,3.5318875312805176
95,465,3.5318875312805176
193,476,3.5318875312805176
128,265,3.5318875312805176
591,921,3.5318875312805176
13,351,3.5318875312805176
415,641,3.5318875312805176
377,164,3.5318875312805176
417,1135,3.5318875312805176
655,382,3.5318875312805176
452,945,3.5318875312805176
885,65,3.5318875312805176
472,196,3.5318875312805176
345,148,3.5318875312805176
76,56,3.5318875312805176
305,655,3.5318875312805176
450,1135,3.5318875312805176
659,636,3.5318875312805176
437,168,3.5318875312805176
618,23,3.5318875312805176
925,245,3.5318875312805176
5,176,3.5318875312805176
398,94,3.5318875312805176
416,240,3.5318875312805176
398,133,3.5318875312805176
569,111,3.5318875312805176
452,924,3.5318875312805176
930,1315,3.5318875312805176
617,413,3.5318875312805176
271,582,3.5318875312805176
82,194,3.5318875312805176
863,691,3.5318875312805176
293,658,3.5318875312805176
252,7,3.5318875312805176
497,550,3.5318875312805176
750,294,3.5318875312805176
445,762,3.5318875312805176
708,926,3.5318875312805176
401,322,3.5318875312805176
280,496,3.5318875312805176
291,376,3.5318875312805176
174,143,3.5318875312805176
746,423,3.5318875312805176
416,125,3.5318875312805176
215,227,3.5318875312805176
678,14,3.5318875312805176
936,476,3.5318875312805176
763,730,3.5318875312805176
913,318,3.5318875312805176
199,221,3.5318875312805176
678,50,3.5318875312805176
663,129,3.5318875312805176
346,578,3.5318875312805176
477,66,3.5318875312805176
481,198,3.5318875312805176
603,62,3.5318875312805176
807,374,3.5318875312805176
7,213,3.5318875312805176
486,248,3.5318875312805176
43,385,3.5318875312805176
299,118,3.5318875312805176
527,134,3.5318875312805176
269,1103,3.5318875312805176
536,561,3.5318875312805176
711,269,3.5318875312805176
804,566,3.5318875312805176
184,1398,3.5318875312805176
456,23,3.5318875312805176
600,1004,3.5318875312805176
308,213,3.5318875312805176
405,1027,3.5318875312805176
694,385,3.5318875312805176
111,304,3.5318875312805176
364,262,3.5318875312805176
435,763,3.5318875312805176
690,1210,3.5318875312805176
883,386,3.5318875312805176
788,554,3.5318875312805176
305,793,3.5318875312805176
603,227,3.5318875312805176
616,299,3.5318875312805176
49,1071,3.5318875312805176
660,63,3.5318875312805176
313,218,3.5318875312805176
334,275,3.5318875312805176
592,56,3.5318875312805176
290,527,3.5318875312805176
445,458,3.5318875312805176
886,101,3.5318875312805176
476,80,3.5318875312805176
292,320,3.5318875312805176
393,380,3.5318875312805176
7,99,3.5318875312805176
405,996,3.5318875312805176
494,507,3.5318875312805176
614,476,3.5318875312805176
409,343,3.5318875312805176
463,149,3.5318875312805176
169,174,3.5318875312805176
181,1382,3.5318875312805176
654,66,3.5318875312805176
887,559,3.5318875312805176
693,180,3.5318875312805176
236,200,3.5318875312805176
374,1001,3.5318875312805176
831,877,3.5318875312805176
710,64,3.5318875312805176
460,258,3.5318875312805176
514,582,3.5318875312805176
303,366,3.5318875312805176
577,1531,3.5318875312805176
184,218,3.5318875312805176
366,448,3.5318875312805176
551,68,3.5318875312805176
235,269,3.5318875312805176
503,430,3.5318875312805176
374,289,3.5318875312805176
268,114,3.5318875312805176
648,527,3.5318875312805176
7,418,3.5318875312805176
707,694,3.5318875312805176
486,25,3.5318875312805176
345,202,3.5318875312805176
650,550,3.5318875312805176
648,121,3.5318875312805176
241,302,3.5318875312805176
815,526,3.5318875312805176
292,174,3.5318875312805176
343,747,3.5318875312805176
6,477,3.5318875312805176
707,1174,3.5318875312805176
886,709,3.5318875312805176
841,333,3.5318875312805176
882,205,3.5318875312805176
364,1048,3.5318875312805176
496,204,3.5318875312805176
430,152,3.5318875312805176
450,492,3.5318875312805176
679,95,3.5318875312805176
1,213,3.5318875312805176
835,354,3.5318875312805176
715,237,3.5318875312805176
314,1139,3.5318875312805176
727,802,3.5318875312805176
7,637,3.5318875312805176
416,41,3.5318875312805176
731,1269,3.5318875312805176
383,513,3.5318875312805176
782,1096,3.5318875312805176
321,736,3.5318875312805176
899,385,3.5318875312805176
654,153,3.5318875312805176
678,1129,3.5318875312805176
92,665,3.5318875312805176
830,88,3.5318875312805176
160,328,3.5318875312805176
286,993,3.5318875312805176
620,393,3.5318875312805176
409,608,3.5318875312805176
305,326,3.5318875312805176
587,259,3.5318875312805176
269,179,3.5318875312805176
534,288,3.5318875312805176
690,546,3.5318875312805176
201,157,3.5318875312805176
897,127,3.5318875312805176
922,380,3.5318875312805176
59,1118,3.5318875312805176
244,707,3.5318875312805176
267,364,3.5318875312805176
932,274,3.5318875312805176
655,1214,3.5318875312805176
504,399,3.5318875312805176
405,372,3.5318875312805176
354,1017,3.5318875312805176
162,147,3.5318875312805176
222,167,3.5318875312805176
85,270,3.5318875312805176
491,408,3.5318875312805176
25,143,3.5318875312805176
887,393,3.5318875312805176
174,88,3.5318875312805176
454,660,3.5318875312805176
280,50,3.5318875312805176
655,215,3.5318875312805176
887,13,3.5318875312805176
538,238,3.5318875312805176
554,405,3.5318875312805176
659,1044,3.5318875312805176
836,163,3.5318875312805176
404,300,3.5318875312805176
643,70,3.5318875312805176
514,109,3.5318875312805176
482,288,3.5318875312805176
343,89,3.5318875312805176
478,300,3.5318875312805176
457,959,3.5318875312805176
454,317,3.5318875312805176
183,202,3.5318875312805176
160,137,3.5318875312805176
567,299,3.5318875312805176
802,565,3.5318875312805176
889,210,3.5318875312805176
479,295,3.5318875312805176
271,487,3.5318875312805176
650,602,3.5318875312805176
59,147,3.5318875312805176
446,879,3.5318875312805176
605,521,3.5318875312805176
659,505,3.5318875312805176
7,578,3.5318875312805176
345,278,3.5318875312805176
767,222,3.5318875312805176
523,1041,3.5318875312805176
292,248,3.5318875312805176
654,926,3.5318875312805176
904,778,3.5318875312805176
877,949,3.5318875312805176
643,959,3.5318875312805176
407,177,3.5318875312805176
478,79,3.5318875312805176
60,496,3.5318875312805176
474,357,3.5318875312805176
10,175,3.5318875312805176
425,576,3.5318875312805176
215,692,3.5318875312805176
880,394,3.5318875312805176
419,100,3.5318875312805176
194,25,3.5318875312805176
554,179,3.5318875312805176
484,71,3.5318875312805176
843,71,3.5318875312805176
189,121,3.5318875312805176
622,125,3.5318875312805176
642,393,3.5318875312805176
664,12,3.5318875312805176
749,11,3.5318875312805176
669,508,3.5318875312805176
474,79,3.5318875312805176
378,1220,3.5318875312805176
537,972,3.5318875312805176
330,570,3.5318875312805176
552,249,3.5318875312805176
313,482,3.5318875312805176
82,304,3.5318875312805176
382,474,3.5318875312805176
351,748,3.5318875312805176
648,172,3.5318875312805176
839,813,3.5318875312805176
923,148,3.5318875312805176
932,498,3.5318875312805176
184,708,3.5318875312805176
303,160,3.5318875312805176
694,300,3.5318875312805176
489,351,3.5318875312805176
343,116,3.5318875312805176
23,116,3.5318875312805176
385,486,3.5318875312805176
523,186,3.5318875312805176
210,176,3.5318875312805176
172,430,3.5318875312805176
464,984,3.5318875312805176
654,591,3.5318875312805176
297,47,3.5318875312805176
536,49,3.5318875312805176
487,229,3.5318875312805176
267,198,3.5318875312805176
463,224,3.5318875312805176
591,357,3.5318875312805176
488,429,3.5318875312805176
95,274,3.5318875312805176
207,15,3.5318875312805176
496,727,3.5318875312805176
886,4,3.5318875312805176
189,134,3.5318875312805176
458,86,3.5318875312805176
911,99,3.5318875312805176
711,316,3.5318875312805176
204,269,3.5318875312805176
429,293,3.5318875312805176
682,570,3.5318875312805176
373,211,3.5318875312805176
269,120,3.5318875312805176
899,660,3.5318875312805176
825,742,3.5318875312805176
716,651,3.5318875312805176
798,105,3.5318875312805176
675,305,3.5318875312805176
608,1101,3.5318875312805176
154,286,3.5318875312805176
669,79,3.5318875312805176
184,451,3.5318875312805176
379,175,3.5318875312805176
617,174,3.5318875312805176
796,546,3.5318875312805176
60,237,3.5318875312805176
207,192,3.5318875312805176
400,313,3.5318875312805176
856,316,3.5318875312805176
879,121,3.5318875312805176
671,255,3.5318875312805176
933,96,3.5318875312805176
401,144,3.5318875312805176
429,176,3.5318875312805176
429,1217,3.5318875312805176
291,735,3.5318875312805176
416,29,3.5318875312805176
773,462,3.5318875312805176
567,79,3.5318875312805176
805,716,3.5318875312805176
619,566,3.5318875312805176
378,106,3.5318875312805176
181,277,3.5318875312805176
566,157,3.5318875312805176
312,69,3.5318875312805176
286,629,3.5318875312805176
522,521,3.5318875312805176
828,900,3.5318875312805176
449,274,3.5318875312805176
313,186,3.5318875312805176
918,656,3.5318875312805176
488,292,3.5318875312805176
805,1232,3.5318875312805176
702,313,3.5318875312805176
331,160,3.5318875312805176
109,597,3.5318875312805176
497,260,3.5318875312805176
417,1057,3.5318875312805176
694,132,3.5318875312805176
502,751,3.5318875312805176
660,1133,3.5318875312805176
894,61,3.5318875312805176
294,249,3.5318875312805176
537,694,3.5318875312805176
417,444,3.5318875312805176
606,91,3.5318875312805176
821,125,3.5318875312805176
216,651,3.5318875312805176
314,8,3.5318875312805176
363,218,3.5318875312805176
815,433,3.5318875312805176
629,876,3.5318875312805176
275,186,3.5318875312805176
291,1505,3.5318875312805176
495,421,3.5318875312805176
721,319,3.5318875312805176
911,174,3.5318875312805176
407,859,3.5318875312805176
321,863,3.5318875312805176
748,237,3.5318875312805176
456,588,3.5318875312805176
292,111,3.5318875312805176
605,523,3.5318875312805176
2,13,3.5318875312805176
561,117,3.5318875312805176
420,116,3.5318875312805176
131,302,3.5318875312805176
90,659,3.5318875312805176
846,674,3.5318875312805176
299,88,3.5318875312805176
932,524,3.5318875312805176
375,773,3.5318875312805176
380,81,3.5318875312805176
239,509,3.5318875312805176
325,554,3.5318875312805176
833,47,3.5318875312805176
924,701,3.5318875312805176
106,495,3.5318875312805176
127,300,3.5318875312805176
645,483,3.5318875312805176
343,631,3.5318875312805176
568,213,3.5318875312805176
116,323,3.5318875312805176
567,12,3.5318875312805176
735,300,3.5318875312805176
82,357,3.5318875312805176
478,282,3.5318875312805176
422,436,3.5318875312805176
623,504,3.5318875312805176
913,92,3.5318875312805176
13,329,3.5318875312805176
361,705,3.5318875312805176
14,507,3.5318875312805176
1,27,3.5318875312805176
7,638,3.5318875312805176
585,1021,3.5318875312805176
279,1113,3.5318875312805176
498,464,3.5318875312805176
287,252,3.5318875312805176
318,193,3.5318875312805176
90,212,3.5318875312805176
458,423,3.5318875312805176
88,898,3.5318875312805176
735,50,3.5318875312805176
620,465,3.5318875312805176
251,418,3.5318875312805176
862,1050,3.5318875312805176
191,86,3.5318875312805176
402,257,3.5318875312805176
516,199,3.5318875312805176
90,367,3.5318875312805176
831,690,3.5318875312805176
693,449,3.5318875312805176
303,734,3.5318875312805176
331,198,3.5318875312805176
933,95,3.5318875312805176
671,55,3.5318875312805176
874,116,3.5318875312805176
374,566,3.5318875312805176
123,13,3.5318875312805176
880,150,3.5318875312805176
444,286,3.5318875312805176
880,176,3.5318875312805176
379,636,3.5318875312805176
422,15,3.5318875312805176
676,50,3.5318875312805176
409,497,3.5318875312805176
123,288,3.5318875312805176
262,217,3.5318875312805176
802,194,3.5318875312805176
174,458,3.5318875312805176
756,566,3.5318875312805176
87,64,3.5318875312805176
13,281,3.5318875312805176
466,273,3.5318875312805176
42,222,3.5318875312805176
630,123,3.5318875312805176
693,181,3.5318875312805176
190,310,3.5318875312805176
574,750,3.5318875312805176
301,515,3.5318875312805176
1,137,3.5318875312805176
327,156,3.5318875312805176
26,50,3.5318875312805176
896,201,3.5318875312805176
534,1059,3.5318875312805176
87,318,3.5318875312805176
654,963,3.5318875312805176
788,144,3.5318875312805176
919,11,3.5318875312805176
537,236,3.5318875312805176
6,133,3.5318875312805176
160,488,3.5318875312805176
377,682,3.5318875312805176
804,282,3.5318875312805176
398,49,3.5318875312805176
82,87,3.5318875312805176
625,200,3.5318875312805176
749,498,3.5318875312805176
862,432,3.5318875312805176
92,631,3.5318875312805176
721,995,3.5318875312805176
551,89,3.5318875312805176
870,313,3.5318875312805176
498,1404,3.5318875312805176
125,996,3.5318875312805176
846,1107,3.5318875312805176
287,111,3.5318875312805176
437,588,3.5318875312805176
291,418,3.5318875312805176
640,761,3.5318875312805176
72,161,3.5318875312805176
291,293,3.5318875312805176
932,530,3.5318875312805176
10,692,3.5318875312805176
372,595,3.5318875312805176
503,134,3.5318875312805176
681,894,3.5318875312805176
163,318,3.5318875312805176
683,311,3.5318875312805176
276,154,3.5318875312805176
593,660,3.5318875312805176
299,318,3.5318875312805176
288,173,3.5318875312805176
468,1016,3.5318875312805176
41,28,3.5318875312805176
923,405,3.5318875312805176
363,588,3.5318875312805176
198,188,3.5318875312805176
729,333,3.5318875312805176
370,603,3.5318875312805176
758,253,3.5318875312805176
126,258,3.5318875312805176
892,1285,3.5318875312805176
303,289,3.5318875312805176
618,50,3.5318875312805176
428,303,3.5318875312805176
798,432,3.5318875312805176
125,175,3.5318875312805176
343,333,3.5318875312805176
471,8,3.5318875312805176
430,748,3.5318875312805176
191,751,3.5318875312805176
14,813,3.5318875312805176
938,929,3.5318875312805176
381,887,3.5318875312805176
296,7,3.5318875312805176
363,1101,3.5318875312805176
19,288,3.5318875312805176
932,1449,3.5318875312805176
450,1197,3.5318875312805176
931,258,3.5318875312805176
109,409,3.5318875312805176
405,1224,3.5318875312805176
537,664,3.5318875312805176
588,154,3.5318875312805176
168,866,3.5318875312805176
342,143,3.5318875312805176
796,486,3.5318875312805176
338,215,3.5318875312805176
660,182,3.5318875312805176
533,66,3.5318875312805176
493,1088,3.5318875312805176
612,15,3.5318875312805176
933,585,3.5318875312805176
75,476,3.5318875312805176
887,105,3.5318875312805176
24,402,3.5318875312805176
435,121,3.5318875312805176
841,270,3.5318875312805176
593,196,3.5318875312805176
843,616,3.5318875312805176
25,633,3.5318875312805176
130,392,3.5318875312805176
848,172,3.5318875312805176
389,510,3.5318875312805176
98,116,3.5318875312805176
749,393,3.5318875312805176
251,1,3.5318875312805176
648,288,3.5318875312805176
347,742,3.5318875312805176
643,186,3.5318875312805176
242,361,3.5318875312805176
398,519,3.5318875312805176
796,248,3.5318875312805176
195,258,3.5318875312805176
610,79,3.5318875312805176
716,497,3.5318875312805176
655,410,3.5318875312805176
524,94,3.5318875312805176
880,24,3.5318875312805176
647,174,3.5318875312805176
210,127,3.5318875312805176
343,11,3.5318875312805176
374,526,3.5318875312805176
445,291,3.5318875312805176
670,659,3.5318875312805176
18,729,3.5318875312805176
276,728,3.5318875312805176
479,121,3.5318875312805176
416,347,3.5318875312805176
592,338,3.5318875312805176
466,4,3.5318875312805176
293,248,3.5318875312805176
272,1101,3.5318875312805176
236,194,3.5318875312805176
657,628,3.5318875312805176
43,95,3.5318875312805176
308,121,3.5318875312805176
500,569,3.5318875312805176
605,70,3.5318875312805176
450,704,3.5318875312805176
279,109,3.5318875312805176
940,628,3.5318875312805176
506,425,3.5318875312805176
864,356,3.5318875312805176
942,969,3.5318875312805176
700,169,3.5318875312805176
249,467,3.5318875312805176
352,385,3.5318875312805176
860,294,3.5318875312805176
846,751,3.5318875312805176
269,665,3.5318875312805176
654,210,3.5318875312805176
523,202,3.5318875312805176
43,705,3.5318875312805176
721,145,3.5318875312805176
18,1,3.5318875312805176
880,412,3.5318875312805176
360,45,3.5318875312805176
457,179,3.5318875312805176
286,476,3.5318875312805176
186,470,3.5318875312805176
262,191,3.5318875312805176
219,132,3.5318875312805176
724,683,3.5318875312805176
279,284,3.5318875312805176
378,47,3.5318875312805176
577,226,3.5318875312805176
276,1240,3.5318875312805176
916,203,3.5318875312805176
743,301,3.5318875312805176
486,1609,3.5318875312805176
911,530,3.5318875312805176
863,750,3.5318875312805176
60,430,3.5318875312805176
798,378,3.5318875312805176
334,313,3.5318875312805176
308,143,3.5318875312805176
204,748,3.5318875312805176
632,134,3.5318875312805176
664,215,3.5318875312805176
416,127,3.5318875312805176
429,42,3.5318875312805176
823,53,3.5318875312805176
488,70,3.5318875312805176
393,546,3.5318875312805176
795,25,3.5318875312805176
28,380,3.5318875312805176
22,209,3.5318875312805176
313,127,3.5318875312805176
341,358,3.5318875312805176
641,511,3.5318875312805176
551,587,3.5318875312805176
896,1437,3.5318875312805176
883,270,3.5318875312805176
385,208,3.5318875312805176
834,292,3.5318875312805176
18,204,3.5318875312805176
412,276,3.5318875312805176
645,319,3.5318875312805176
543,97,3.5318875312805176
852,827,3.5318875312805176
181,116,3.5318875312805176
385,46,3.5318875312805176
447,17,3.5318875312805176
218,47,3.5318875312805176
472,216,3.5318875312805176
776,135,3.5318875312805176
298,276,3.5318875312805176
372,1212,3.5318875312805176
327,338,3.5318875312805176
409,1558,3.5318875312805176
900,129,3.5318875312805176
903,56,3.5318875312805176
222,97,3.5318875312805176
22,29,3.5318875312805176
13,116,3.5318875312805176
132,806,3.5318875312805176
437,95,3.5318875312805176
606,483,3.5318875312805176
934,529,3.5318875312805176
624,1017,3.5318875312805176
278,603,3.5318875312805176
201,1421,3.5318875312805176
537,1010,3.5318875312805176
524,7,3.5318875312805176
412,508,3.5318875312805176
201,25,3.5318875312805176
706,24,3.5318875312805176
620,294,3.5318875312805176
342,293,3.5318875312805176
128,603,3.5318875312805176
380,582,3.5318875312805176
585,190,3.5318875312805176
654,1048,3.5318875312805176
368,17,3.5318875312805176
835,458,3.5318875312805176
928,749,3.5318875312805176
64,174,3.5318875312805176
486,882,3.5318875312805176
116,349,3.5318875312805176
236,614,3.5318875312805176
839,244,3.5318875312805176
339,461,3.5318875312805176
11,332,3.5318875312805176
843,385,3.5318875312805176
796,873,3.5318875312805176
642,422,3.5318875312805176
116,730,3.5318875312805176
126,346,3.5318875312805176
233,462,3.5318875312805176
5,432,3.5318875312805176
450,78,3.5318875312805176
716,609,3.5318875312805176
181,7,3.5318875312805176
372,148,3.5318875312805176
66,7,3.5318875312805176
882,969,3.5318875312805176
354,83,3.5318875312805176
24,127,3.5318875312805176
189,179,3.5318875312805176
228,427,3.5318875312805176
223,866,3.5318875312805176
279,1133,3.5318875312805176
291,573,3.5318875312805176
62,273,3.5318875312805176
198,156,3.5318875312805176
561,346,3.5318875312805176
303,800,3.5318875312805176
210,44,3.5318875312805176
119,182,3.5318875312805176
697,235,3.5318875312805176
254,678,3.5318875312805176
346,216,3.5318875312805176
291,1078,3.5318875312805176
301,702,3.5318875312805176
907,271,3.5318875312805176
344,213,3.5318875312805176
614,458,3.5318875312805176
64,160,3.5318875312805176
352,234,3.5318875312805176
886,380,3.5318875312805176
454,323,3.5318875312805176
943,182,3.5318875312805176
490,137,3.5318875312805176
280,180,3.5318875312805176
701,289,3.5318875312805176
154,414,3.5318875312805176
497,739,3.5318875312805176
761,458,3.5318875312805176
308,506,3.5318875312805176
347,173,3.5318875312805176
194,435,3.5318875312805176
181,1392,3.5318875312805176
646,683,3.5318875312805176
236,294,3.5318875312805176
354,847,3.5318875312805176
161,1266,3.5318875312805176
405,770,3.5318875312805176
178,64,3.5318875312805176
425,232,3.5318875312805176
378,636,3.5318875312805176
450,794,3.5318875312805176
910,307,3.5318875312805176
919,5,3.5318875312805176
347,385,3.5318875312805176
385,896,3.5318875312805176
29,245,3.5318875312805176
6,216,3.5318875312805176
145,66,3.5318875312805176
933,144,3.5318875312805176
177,302,3.5318875312805176
474,28,3.5318875312805176
234,418,3.5318875312805176
453,763,3.5318875312805176
459,111,3.5318875312805176
871,127,3.5318875312805176
659,670,3.5318875312805176
804,139,3.5318875312805176
419,275,3.5318875312805176
942,313,3.5318875312805176
722,845,3.5318875312805176
710,23,3.5318875312805176
727,827,3.5318875312805176
224,751,3.5318875312805176
713,302,3.5318875312805176
488,707,3.5318875312805176
854,273,3.5318875312805176
444,1483,3.5318875312805176
886,715,3.5318875312805176
883,387,3.5318875312805176
848,419,3.5318875312805176
447,260,3.5318875312805176
271,493,3.5318875312805176
135,324,3.5318875312805176
774,468,3.5318875312805176
710,300,3.5318875312805176
498,538,3.5318875312805176
294,472,3.5318875312805176
196,153,3.5318875312805176
393,689,3.5318875312805176
601,82,3.5318875312805176
909,1121,3.5318875312805176
862,568,3.5318875312805176
425,1,3.5318875312805176
868,426,3.5318875312805176
387,558,3.5318875312805176
541,254,3.5318875312805176
230,174,3.5318875312805176
883,20,3.5318875312805176
142,333,3.5318875312805176
147,937,3.5318875312805176
749,501,3.5318875312805176
256,831,3.5318875312805176
498,156,3.5318875312805176
378,179,3.5318875312805176
489,270,3.5318875312805176
925,567,3.5318875312805176
237,423,3.5318875312805176
262,546,3.5318875312805176
715,157,3.5318875312805176
896,429,3.5318875312805176
654,54,3.5318875312805176
558,283,3.5318875312805176
83,768,3.5318875312805176
751,100,3.5318875312805176
267,1185,3.5318875312805176
405,1231,3.5318875312805176
773,181,3.5318875312805176
757,229,3.5318875312805176
416,274,3.5318875312805176
227,823,3.5318875312805176
385,1097,3.5318875312805176
533,148,3.5318875312805176
458,302,3.5318875312805176
324,410,3.5318875312805176
22,510,3.5318875312805176
95,787,3.5318875312805176
606,93,3.5318875312805176
621,722,3.5318875312805176
151,971,3.5318875312805176
900,237,3.5318875312805176
495,655,3.5318875312805176
321,513,3.5318875312805176
250,44,3.5318875312805176
532,277,3.5318875312805176
354,423,3.5318875312805176
642,998,3.5318875312805176
238,252,3.5318875312805176
56,568,3.5318875312805176
921,284,3.5318875312805176
459,1013,3.5318875312805176
511,880,3.5318875312805176
527,543,3.5318875312805176
765,242,3.5318875312805176
295,7,3.5318875312805176
90,923,3.5318875312805176
371,55,3.5318875312805176
271,476,3.5318875312805176
682,942,3.5318875312805176
868,133,3.5318875312805176
848,151,3.5318875312805176
311,484,3.5318875312805176
727,154,3.5318875312805176
42,50,3.5318875312805176
937,874,3.5318875312805176
331,514,3.5318875312805176
442,1218,3.5318875312805176
54,313,3.5318875312805176
487,841,3.5318875312805176
761,263,3.5318875312805176
805,735,3.5318875312805176
472,172,3.5318875312805176
545,80,3.5318875312805176
788,174,3.5318875312805176
591,47,3.5318875312805176
391,47,3.5318875312805176
896,489,3.5318875312805176
878,50,3.5318875312805176
498,185,3.5318875312805176
144,300,3.5318875312805176
683,22,3.5318875312805176
450,717,3.5318875312805176
495,413,3.5318875312805176
561,426,3.5318875312805176
65,514,3.5318875312805176
776,174,3.5318875312805176
125,475,3.5318875312805176
918,196,3.5318875312805176
700,423,3.5318875312805176
542,321,3.5318875312805176
554,67,3.5318875312805176
144,89,3.5318875312805176
279,411,3.5318875312805176
415,1524,3.5318875312805176
450,1282,3.5318875312805176
250,98,3.5318875312805176
782,339,3.5318875312805176
392,1007,3.5318875312805176
608,735,3.5318875312805176
543,64,3.5318875312805176
381,313,3.5318875312805176
286,689,3.5318875312805176
721,288,3.5318875312805176
747,174,3.5318875312805176
406,23,3.5318875312805176
319,261,3.5318875312805176
109,294,3.5318875312805176
829,255,3.5318875312805176
456,1019,3.5318875312805176
42,953,3.5318875312805176
128,487,3.5318875312805176
786,504,3.5318875312805176
121,192,3.5318875312805176
158,250,3.5318875312805176
294,100,3.5318875312805176
604,185,3.5318875312805176
843,77,3.5318875312805176
805,455,3.5318875312805176
788,553,3.5318875312805176
435,169,3.5318875312805176
346,879,3.5318875312805176
670,195,3.5318875312805176
313,163,3.5318875312805176
390,989,3.5318875312805176
880,248,3.5318875312805176
5,135,3.5318875312805176
552,127,3.5318875312805176
696,178,3.5318875312805176
665,748,3.5318875312805176
622,62,3.5318875312805176
786,211,3.5318875312805176
119,349,3.5318875312805176
554,284,3.5318875312805176
522,530,3.5318875312805176
318,182,3.5318875312805176
588,204,3.5318875312805176
438,269,3.5318875312805176
512,186,3.5318875312805176
745,96,3.5318875312805176
59,654,3.5318875312805176
178,62,3.5318875312805176
385,526,3.5318875312805176
357,407,3.5318875312805176
412,172,3.5318875312805176
344,319,3.5318875312805176
393,40,3.5318875312805176
457,755,3.5318875312805176
523,1472,3.5318875312805176
394,97,3.5318875312805176
305,50,3.5318875312805176
738,183,3.5318875312805176
890,163,3.5318875312805176
210,419,3.5318875312805176
694,665,3.5318875312805176
535,381,3.5318875312805176
138,222,3.5318875312805176
385,175,3.5318875312805176
623,692,3.5318875312805176
574,347,3.5318875312805176
314,869,3.5318875312805176
632,215,3.5318875312805176
379,47,3.5318875312805176
111,272,3.5318875312805176
514,729,3.5318875312805176
450,776,3.5318875312805176
533,111,3.5318875312805176
11,740,3.5318875312805176
5,216,3.5318875312805176
230,504,3.5318875312805176
62,132,3.5318875312805176
506,554,3.5318875312805176
788,429,3.5318875312805176
654,147,3.5318875312805176
833,645,3.5318875312805176
537,230,3.5318875312805176
555,274,3.5318875312805176
42,603,3.5318875312805176
703,300,3.5318875312805176
467,93,3.5318875312805176
79,19,3.5318875312805176
844,258,3.5318875312805176
85,1065,3.5318875312805176
298,503,3.5318875312805176
50,324,3.5318875312805176
933,578,3.5318875312805176
404,689,3.5318875312805176
293,571,3.5318875312805176
11,660,3.5318875312805176
455,258,3.5318875312805176
94,686,3.5318875312805176
458,317,3.5318875312805176
880,948,3.5318875312805176
354,638,3.5318875312805176
630,12,3.5318875312805176
250,195,3.5318875312805176
524,898,3.5318875312805176
90,1204,3.5318875312805176
314,28,3.5318875312805176
416,865,3.5318875312805176
311,39,3.5318875312805176
106,313,3.5318875312805176
561,733,3.5318875312805176
450,318,3.5318875312805176
398,276,3.5318875312805176
712,1503,3.5318875312805176
864,382,3.5318875312805176
708,1061,3.5318875312805176
655,59,3.5318875312805176
913,235,3.5318875312805176
268,768,3.5318875312805176
365,1017,3.5318875312805176
417,792,3.5318875312805176
8,518,3.5318875312805176
846,435,3.5318875312805176
916,190,3.5318875312805176
630,465,3.5318875312805176
379,577,3.5318875312805176
286,1047,3.5318875312805176
940,751,3.5318875312805176
85,8,3.5318875312805176
538,276,3.5318875312805176
85,298,3.5318875312805176
686,23,3.5318875312805176
505,271,3.5318875312805176
334,1048,3.5318875312805176
298,485,3.5318875312805176
269,393,3.5318875312805176
197,328,3.5318875312805176
474,610,3.5318875312805176
807,428,3.5318875312805176
833,289,3.5318875312805176
1,180,3.5318875312805176
785,195,3.5318875312805176
837,225,3.5318875312805176
506,135,3.5318875312805176
43,202,3.5318875312805176
181,1,3.5318875312805176
495,185,3.5318875312805176
777,42,3.5318875312805176
910,300,3.5318875312805176
388,895,3.5318875312805176
774,238,3.5318875312805176
303,24,3.5318875312805176
123,289,3.5318875312805176
417,552,3.5318875312805176
6,473,3.5318875312805176
897,95,3.5318875312805176
642,153,3.5318875312805176
285,300,3.5318875312805176
639,204,3.5318875312805176
398,73,3.5318875312805176
592,685,3.5318875312805176
207,290,3.5318875312805176
223,329,3.5318875312805176
13,612,3.5318875312805176
743,302,3.5318875312805176
905,879,3.5318875312805176
144,96,3.5318875312805176
267,715,3.5318875312805176
763,173,3.5318875312805176
562,318,3.5318875312805176
669,514,3.5318875312805176
387,1078,3.5318875312805176
7,680,3.5318875312805176
350,1039,3.5318875312805176
232,191,3.5318875312805176
151,133,3.5318875312805176
878,274,3.5318875312805176
463,741,3.5318875312805176
686,172,3.5318875312805176
920,299,3.5318875312805176
365,275,3.5318875312805176
864,8,3.5318875312805176
654,265,3.5318875312805176
721,172,3.5318875312805176
495,168,3.5318875312805176
474,14,3.5318875312805176
457,134,3.5318875312805176
456,125,3.5318875312805176
901,451,3.5318875312805176
514,42,3.5318875312805176
407,313,3.5318875312805176
269,346,3.5318875312805176
484,222,3.5318875312805176
79,1,3.5318875312805176
916,727,3.5318875312805176
454,649,3.5318875312805176
44,90,3.5318875312805176
629,880,3.5318875312805176
825,137,3.5318875312805176
591,923,3.5318875312805176
523,634,3.5318875312805176
684,371,3.5318875312805176
587,539,3.5318875312805176
196,70,3.5318875312805176
804,152,3.5318875312805176
347,117,3.5318875312805176
881,143,3.5318875312805176
805,552,3.5318875312805176
397,334,3.5318875312805176
349,20,3.5318875312805176
144,302,3.5318875312805176
339,23,3.5318875312805176
92,725,3.5318875312805176
867,216,3.5318875312805176
749,56,3.5318875312805176
276,426,3.5318875312805176
527,508,3.5318875312805176
336,1051,3.5318875312805176
859,293,3.5318875312805176
405,1200,3.5318875312805176
634,50,3.5318875312805176
6,238,3.5318875312805176
797,328,3.5318875312805176
795,154,3.5318875312805176
661,172,3.5318875312805176
550,258,3.5318875312805176
363,283,3.5318875312805176
343,69,3.5318875312805176
411,449,3.5318875312805176
881,1215,3.5318875312805176
465,56,3.5318875312805176
788,151,3.5318875312805176
640,170,3.5318875312805176
343,86,3.5318875312805176
332,271,3.5318875312805176
244,716,3.5318875312805176
823,77,3.5318875312805176
727,53,3.5318875312805176
770,302,3.5318875312805176
497,405,3.5318875312805176
919,419,3.5318875312805176
935,846,3.5318875312805176
445,246,3.5318875312805176
339,250,3.5318875312805176
181,1284,3.5318875312805176
387,294,3.5318875312805176
5,424,3.5318875312805176
608,1204,3.5318875312805176
126,905,3.5318875312805176
772,259,3.5318875312805176
162,208,3.5318875312805176
658,276,3.5318875312805176
328,627,3.5318875312805176
62,225,3.5318875312805176
655,276,3.5318875312805176
49,324,3.5318875312805176
793,928,3.5318875312805176
379,514,3.5318875312805176
368,98,3.5318875312805176
69,289,3.5318875312805176
623,50,3.5318875312805176
332,367,3.5318875312805176
808,312,3.5318875312805176
292,118,3.5318875312805176
85,923,3.5318875312805176
387,447,3.5318875312805176
495,582,3.5318875312805176
551,692,3.5318875312805176
49,325,3.5318875312805176
642,234,3.5318875312805176
283,209,3.5318875312805176
796,178,3.5318875312805176
328,1021,3.5318875312805176
446,888,3.5318875312805176
881,528,3.5318875312805176
474,221,3.5318875312805176
264,1118,3.5318875312805176
354,1007,3.5318875312805176
622,679,3.5318875312805176
637,286,3.5318875312805176
143,331,3.5318875312805176
1,207,3.5318875312805176
624,121,3.5318875312805176
457,193,3.5318875312805176
201,789,3.5318875312805176
835,196,3.5318875312805176
527,283,3.5318875312805176
936,1315,3.5318875312805176
370,153,3.5318875312805176
865,99,3.5318875312805176
62,238,3.5318875312805176
793,237,3.5318875312805176
606,662,3.5318875312805176
622,364,3.5318875312805176
338,79,3.5318875312805176
870,527,3.5318875312805176
527,962,3.5318875312805176
635,246,3.5318875312805176
177,508,3.5318875312805176
908,694,3.5318875312805176
712,1220,3.5318875312805176
217,96,3.5318875312805176
497,655,3.5318875312805176
308,490,3.5318875312805176
732,937,3.5318875312805176
378,728,3.5318875312805176
173,292,3.5318875312805176
655,153,3.5318875312805176
458,98,3.5318875312805176
405,1544,3.5318875312805176
527,191,3.5318875312805176
919,111,3.5318875312805176
171,269,3.5318875312805176
660,122,3.5318875312805176
751,28,3.5318875312805176
425,455,3.5318875312805176
339,447,3.5318875312805176
297,419,3.5318875312805176
721,358,3.5318875312805176
22,377,3.5318875312805176
28,89,3.5318875312805176
119,28,3.5318875312805176
597,151,3.5318875312805176
655,271,3.5318875312805176
178,83,3.5318875312805176
873,294,3.5318875312805176
10,116,3.5318875312805176
325,305,3.5318875312805176
243,196,3.5318875312805176
450,1402,3.5318875312805176
378,709,3.5318875312805176
92,148,3.5318875312805176
334,475,3.5318875312805176
450,821,3.5318875312805176
181,477,3.5318875312805176
815,239,3.5318875312805176
665,631,3.5318875312805176
194,7,3.5318875312805176
901,66,3.5318875312805176
458,484,3.5318875312805176
932,497,3.5318875312805176
246,231,3.5318875312805176
63,283,3.5318875312805176
201,325,3.5318875312805176
919,322,3.5318875312805176
280,204,3.5318875312805176
586,780,3.5318875312805176
872,284,3.5318875312805176
185,286,3.5318875312805176
437,433,3.5318875312805176
747,461,3.5318875312805176
401,13,3.5318875312805176
267,480,3.5318875312805176
269,1133,3.5318875312805176
85,325,3.5318875312805176
429,843,3.5318875312805176
314,1297,3.5318875312805176
593,164,3.5318875312805176
198,501,3.5318875312805176
846,99,3.5318875312805176
463,892,3.5318875312805176
145,628,3.5318875312805176
768,255,3.5318875312805176
145,44,3.5318875312805176
380,182,3.5318875312805176
449,118,3.5318875312805176
102,443,3.5318875312805176
38,1031,3.5318875312805176
844,144,3.5318875312805176
804,747,3.5318875312805176
160,628,3.5318875312805176
638,144,3.5318875312805176
548,282,3.5318875312805176
207,23,3.5318875312805176
449,60,3.5318875312805176
916,642,3.5318875312805176
359,295,3.5318875312805176
450,430,3.5318875312805176
788,135,3.5318875312805176
393,147,3.5318875312805176
369,752,3.5318875312805176
194,199,3.5318875312805176
303,1023,3.5318875312805176
682,568,3.5318875312805176
330,67,3.5318875312805176
814,288,3.5318875312805176
101,979,3.5318875312805176
3,303,3.5318875312805176
320,340,3.5318875312805176
303,452,3.5318875312805176
360,303,3.5318875312805176
303,172,3.5318875312805176
280,660,3.5318875312805176
385,483,3.5318875312805176
707,367,3.5318875312805176
95,1188,3.5318875312805176
409,303,3.5318875312805176
32,118,3.5318875312805176
942,272,3.5318875312805176
875,258,3.5318875312805176
870,127,3.5318875312805176
870,513,3.5318875312805176
655,292,3.5318875312805176
901,391,3.5318875312805176
486,813,3.5318875312805176
124,11,3.5318875312805176
324,846,3.5318875312805176
809,678,3.5318875312805176
326,550,3.5318875312805176
224,287,3.5318875312805176
130,554,3.5318875312805176
919,70,3.5318875312805176
385,425,3.5318875312805176
932,77,3.5318875312805176
768,845,3.5318875312805176
398,393,3.5318875312805176
640,126,3.5318875312805176
601,276,3.5318875312805176
75,273,3.5318875312805176
301,50,3.5318875312805176
894,676,3.5318875312805176
328,258,3.5318875312805176
502,682,3.5318875312805176
92,4,3.5318875312805176
363,979,3.5318875312805176
380,177,3.5318875312805176
198,411,3.5318875312805176
5,168,3.5318875312805176
83,240,3.5318875312805176
90,639,3.5318875312805176
559,73,3.5318875312805176
327,396,3.5318875312805176
470,50,3.5318875312805176
175,98,3.5318875312805176
851,690,3.5318875312805176
665,117,3.5318875312805176
94,62,3.5318875312805176
178,333,3.5318875312805176
640,55,3.5318875312805176
349,118,3.5318875312805176
527,203,3.5318875312805176
407,134,3.5318875312805176
153,50,3.5318875312805176
865,501,3.5318875312805176
276,123,3.5318875312805176
346,168,3.5318875312805176
356,288,3.5318875312805176
577,200,3.5318875312805176
133,304,3.5318875312805176
535,686,3.5318875312805176
402,13,3.5318875312805176
184,143,3.5318875312805176
398,502,3.5318875312805176
62,582,3.5318875312805176
222,364,3.5318875312805176
486,460,3.5318875312805176
28,174,3.5318875312805176
411,603,3.5318875312805176
316,988,3.5318875312805176
160,604,3.5318875312805176
522,168,3.5318875312805176
73,152,3.5318875312805176
808,346,3.5318875312805176
650,174,3.5318875312805176
109,531,3.5318875312805176
14,181,3.5318875312805176
254,286,3.5318875312805176
455,463,3.5318875312805176
300,288,3.5318875312805176
64,238,3.5318875312805176
661,168,3.5318875312805176
323,15,3.5318875312805176
839,713,3.5318875312805176
705,22,3.5318875312805176
721,984,3.5318875312805176
745,230,3.5318875312805176
2,14,3.5318875312805176
504,69,3.5318875312805176
244,214,3.5318875312805176
277,111,3.5318875312805176
18,529,3.5318875312805176
314,288,3.5318875312805176
409,631,3.5318875312805176
533,292,3.5318875312805176
643,82,3.5318875312805176
715,4,3.5318875312805176
327,1017,3.5318875312805176
773,840,3.5318875312805176
871,1197,3.5318875312805176
354,507,3.5318875312805176
3,264,3.5318875312805176
299,209,3.5318875312805176
556,64,3.5318875312805176
514,153,3.5318875312805176
279,41,3.5318875312805176
548,991,3.5318875312805176
541,405,3.5318875312805176
622,685,3.5318875312805176
518,288,3.5318875312805176
150,123,3.5318875312805176
437,94,3.5318875312805176
432,257,3.5318875312805176
533,25,3.5318875312805176
880,1052,3.5318875312805176
352,92,3.5318875312805176
772,327,3.5318875312805176
719,468,3.5318875312805176
125,283,3.5318875312805176
848,973,3.5318875312805176
782,293,3.5318875312805176
722,294,3.5318875312805176
721,582,3.5318875312805176
201,98,3.5318875312805176
773,286,3.5318875312805176
694,172,3.5318875312805176
620,98,3.5318875312805176
883,151,3.5318875312805176
639,648,3.5318875312805176
748,58,3.5318875312805176
160,273,3.5318875312805176
854,1,3.5318875312805176
293,182,3.5318875312805176
495,790,3.5318875312805176
521,732,3.5318875312805176
334,52,3.5318875312805176
89,86,3.5318875312805176
224,243,3.5318875312805176
160,202,3.5318875312805176
498,673,3.5318875312805176
151,488,3.5318875312805176
894,1658,3.5318875312805176
811,286,3.5318875312805176
894,1080,3.5318875312805176
612,259,3.5318875312805176
387,431,3.5318875312805176
144,316,3.5318875312805176
630,717,3.5318875312805176
796,172,3.5318875312805176
255,748,3.5318875312805176
85,1169,3.5318875312805176
539,242,3.5318875312805176
621,71,3.5318875312805176
650,199,3.5318875312805176
154,479,3.5318875312805176
109,245,3.5318875312805176
844,403,3.5318875312805176
791,269,3.5318875312805176
846,1118,3.5318875312805176
225,482,3.5318875312805176
883,694,3.5318875312805176
342,378,3.5318875312805176
627,273,3.5318875312805176
486,235,3.5318875312805176
268,298,3.5318875312805176
840,664,3.5318875312805176
181,307,3.5318875312805176
294,1254,3.5318875312805176
498,607,3.5318875312805176
252,1,3.5318875312805176
298,502,3.5318875312805176
583,276,3.5318875312805176
804,378,3.5318875312805176
397,243,3.5318875312805176
7,614,3.5318875312805176
123,483,3.5318875312805176
808,327,3.5318875312805176
303,252,3.5318875312805176
271,199,3.5318875312805176
363,582,3.5318875312805176
354,136,3.5318875312805176
120,744,3.5318875312805176
806,96,3.5318875312805176
268,433,3.5318875312805176
193,286,3.5318875312805176
283,216,3.5318875312805176
215,202,3.5318875312805176
290,205,3.5318875312805176
280,715,3.5318875312805176
896,426,3.5318875312805176
378,317,3.5318875312805176
379,161,3.5318875312805176
253,689,3.5318875312805176
49,403,3.5318875312805176
39,313,3.5318875312805176
172,514,3.5318875312805176
586,257,3.5318875312805176
299,182,3.5318875312805176
207,70,3.5318875312805176
863,902,3.5318875312805176
607,100,3.5318875312805176
328,271,3.5318875312805176
269,1438,3.5318875312805176
102,840,3.5318875312805176
91,322,3.5318875312805176
330,66,3.5318875312805176
801,302,3.5318875312805176
499,202,3.5318875312805176
286,703,3.5318875312805176
648,90,3.5318875312805176
845,900,3.5318875312805176
383,166,3.5318875312805176
95,542,3.5318875312805176
456,214,3.5318875312805176
899,96,3.5318875312805176
804,588,3.5318875312805176
919,333,3.5318875312805176
276,627,3.5318875312805176
407,569,3.5318875312805176
94,448,3.5318875312805176
833,526,3.5318875312805176
194,580,3.5318875312805176
407,4,3.5318875312805176
409,58,3.5318875312805176
650,290,3.5318875312805176
119,1101,3.5318875312805176
85,483,3.5318875312805176
506,608,3.5318875312805176
212,197,3.5318875312805176
629,292,3.5318875312805176
247,251,3.5318875312805176
650,50,3.5318875312805176
417,1183,3.5318875312805176
524,482,3.5318875312805176
327,475,3.5318875312805176
125,692,3.5318875312805176
94,302,3.5318875312805176
308,615,3.5318875312805176
512,1459,3.5318875312805176
500,289,3.5318875312805176
880,627,3.5318875312805176
724,538,3.5318875312805176
606,96,3.5318875312805176
614,1142,3.5318875312805176
758,425,3.5318875312805176
642,148,3.5318875312805176
295,143,3.5318875312805176
277,628,3.5318875312805176
311,231,3.5318875312805176
399,155,3.5318875312805176
246,145,3.5318875312805176
457,47,3.5318875312805176
425,912,3.5318875312805176
63,1028,3.5318875312805176
921,173,3.5318875312805176
121,479,3.5318875312805176
450,490,3.5318875312805176
592,255,3.5318875312805176
233,64,3.5318875312805176
916,578,3.5318875312805176
287,117,3.5318875312805176
897,77,3.5318875312805176
727,585,3.5318875312805176
323,327,3.5318875312805176
798,172,3.5318875312805176
930,176,3.5318875312805176
833,262,3.5318875312805176
268,116,3.5318875312805176
130,363,3.5318875312805176
186,243,3.5318875312805176
119,813,3.5318875312805176
54,258,3.5318875312805176
374,122,3.5318875312805176
313,531,3.5318875312805176
537,284,3.5318875312805176
665,196,3.5318875312805176
930,14,3.5318875312805176
707,81,3.5318875312805176
200,720,3.5318875312805176
189,1099,3.5318875312805176
708,864,3.5318875312805176
186,31,3.5318875312805176
262,40,3.5318875312805176
927,217,3.5318875312805176
169,480,3.5318875312805176
21,443,3.5318875312805176
155,990,3.5318875312805176
116,322,3.5318875312805176
592,686,3.5318875312805176
407,189,3.5318875312805176
230,99,3.5318875312805176
374,106,3.5318875312805176
500,370,3.5318875312805176
234,209,3.5318875312805176
795,152,3.5318875312805176
863,270,3.5318875312805176
188,76,3.5318875312805176
500,393,3.5318875312805176
429,44,3.5318875312805176
542,73,3.5318875312805176
293,572,3.5318875312805176
118,17,3.5318875312805176
100,347,3.5318875312805176
597,118,3.5318875312805176
457,31,3.5318875312805176
683,328,3.5318875312805176
721,228,3.5318875312805176
435,709,3.5318875312805176
5,419,3.5318875312805176
18,778,3.5318875312805176
165,304,3.5318875312805176
393,790,3.5318875312805176
10,686,3.5318875312805176
389,674,3.5318875312805176
78,880,3.5318875312805176
494,322,3.5318875312805176
174,1139,3.5318875312805176
380,570,3.5318875312805176
405,1069,3.5318875312805176
308,537,3.5318875312805176
403,1199,3.5318875312805176
177,527,3.5318875312805176
489,1612,3.5318875312805176
223,476,3.5318875312805176
605,318,3.5318875312805176
5,208,3.5318875312805176
722,333,3.5318875312805176
234,782,3.5318875312805176
92,732,3.5318875312805176
130,284,3.5318875312805176
429,654,3.5318875312805176
856,749,3.5318875312805176
226,98,3.5318875312805176
940,657,3.5318875312805176
339,428,3.5318875312805176
44,507,3.5318875312805176
497,433,3.5318875312805176
788,11,3.5318875312805176
59,664,3.5318875312805176
417,404,3.5318875312805176
311,203,3.5318875312805176
254,548,3.5318875312805176
851,833,3.5318875312805176
315,98,3.5318875312805176
7,667,3.5318875312805176
255,234,3.5318875312805176
568,661,3.5318875312805176
673,311,3.5318875312805176
360,181,3.5318875312805176
881,294,3.5318875312805176
614,405,3.5318875312805176
60,799,3.5318875312805176
450,211,3.5318875312805176
8,82,3.5318875312805176
378,732,3.5318875312805176
224,736,3.5318875312805176
690,722,3.5318875312805176
385,23,3.5318875312805176
407,657,3.5318875312805176
642,398,3.5318875312805176
863,268,3.5318875312805176
109,508,3.5318875312805176
666,210,3.5318875312805176
660,1139,3.5318875312805176
749,1188,3.5318875312805176
174,70,3.5318875312805176
883,64,3.5318875312805176
153,174,3.5318875312805176
313,162,3.5318875312805176
541,941,3.5318875312805176
178,508,3.5318875312805176
795,70,3.5318875312805176
658,100,3.5318875312805176
561,1074,3.5318875312805176
406,624,3.5318875312805176
94,72,3.5318875312805176
64,98,3.5318875312805176
330,237,3.5318875312805176
92,577,3.5318875312805176
704,461,3.5318875312805176
305,249,3.5318875312805176
13,362,3.5318875312805176
7,197,3.5318875312805176
234,183,3.5318875312805176
417,238,3.5318875312805176
506,182,3.5318875312805176
655,939,3.5318875312805176
497,951,3.5318875312805176
649,815,3.5318875312805176
21,321,3.5318875312805176
627,541,3.5318875312805176
94,464,3.5318875312805176
249,203,3.5318875312805176
653,575,3.5318875312805176
286,537,3.5318875312805176
747,608,3.5318875312805176
492,523,3.5318875312805176
117,121,3.5318875312805176
82,582,3.5318875312805176
472,403,3.5318875312805176
528,526,3.5318875312805176
883,727,3.5318875312805176
734,15,3.5318875312805176
504,742,3.5318875312805176
617,670,3.5318875312805176
294,299,3.5318875312805176
57,323,3.5318875312805176
653,38,3.5318875312805176
416,1516,3.5318875312805176
532,660,3.5318875312805176
653,161,3.5318875312805176
269,255,3.5318875312805176
665,369,3.5318875312805176
885,274,3.5318875312805176
716,673,3.5318875312805176
579,268,3.5318875312805176
514,175,3.5318875312805176
467,117,3.5318875312805176
125,269,3.5318875312805176
561,483,3.5318875312805176
444,258,3.5318875312805176
95,207,3.5318875312805176
735,327,3.5318875312805176
276,254,3.5318875312805176
329,282,3.5318875312805176
320,771,3.5318875312805176
647,748,3.5318875312805176
298,196,3.5318875312805176
291,49,3.5318875312805176
889,31,3.5318875312805176
903,30,3.5318875312805176
721,299,3.5318875312805176
329,81,3.5318875312805176
11,603,3.5318875312805176
271,605,3.5318875312805176
659,185,3.5318875312805176
932,429,3.5318875312805176
234,501,3.5318875312805176
128,378,3.5318875312805176
325,32,3.5318875312805176
221,1073,3.5318875312805176
106,161,3.5318875312805176
798,1035,3.5318875312805176
256,210,3.5318875312805176
1,196,3.5318875312805176
326,491,3.5318875312805176
551,505,3.5318875312805176
110,385,3.5318875312805176
922,258,3.5318875312805176
396,25,3.5318875312805176
497,743,3.5318875312805176
43,140,3.5318875312805176
711,1053,3.5318875312805176
360,748,3.5318875312805176
92,367,3.5318875312805176
663,978,3.5318875312805176
308,558,3.5318875312805176
901,402,3.5318875312805176
781,324,3.5318875312805176
210,49,3.5318875312805176
474,70,3.5318875312805176
217,797,3.5318875312805176
7,68,3.5318875312805176
524,530,3.5318875312805176
327,66,3.5318875312805176
533,23,3.5318875312805176
803,321,3.5318875312805176
115,847,3.5318875312805176
380,498,3.5318875312805176
896,11,3.5318875312805176
393,28,3.5318875312805176
90,97,3.5318875312805176
921,215,3.5318875312805176
795,1101,3.5318875312805176
752,678,3.5318875312805176
180,785,3.5318875312805176
389,482,3.5318875312805176
862,1117,3.5318875312805176
336,407,3.5318875312805176
256,742,3.5318875312805176
524,95,3.5318875312805176
863,303,3.5318875312805176
543,403,3.5318875312805176
833,28,3.5318875312805176
648,103,3.5318875312805176
379,143,3.5318875312805176
727,588,3.5318875312805176
120,121,3.5318875312805176
56,295,3.5318875312805176
378,304,3.5318875312805176
777,509,3.5318875312805176
602,508,3.5318875312805176
877,553,3.5318875312805176
472,720,3.5318875312805176
339,67,3.5318875312805176
312,489,3.5318875312805176
514,732,3.5318875312805176
331,1141,3.5318875312805176
630,477,3.5318875312805176
94,674,3.5318875312805176
13,685,3.5318875312805176
330,1028,3.5318875312805176
450,705,3.5318875312805176
929,100,3.5318875312805176
655,1070,3.5318875312805176
563,237,3.5318875312805176
115,96,3.5318875312805176
823,631,3.5318875312805176
747,393,3.5318875312805176
804,22,3.5318875312805176
318,629,3.5318875312805176
772,264,3.5318875312805176
603,271,3.5318875312805176
207,293,3.5318875312805176
666,513,3.5318875312805176
374,322,3.5318875312805176
562,118,3.5318875312805176
615,509,3.5318875312805176
6,529,3.5318875312805176
896,760,3.5318875312805176
416,106,3.5318875312805176
5,228,3.5318875312805176
213,778,3.5318875312805176
697,815,3.5318875312805176
703,410,3.5318875312805176
897,193,3.5318875312805176
826,678,3.5318875312805176
453,421,3.5318875312805176
499,307,3.5318875312805176
476,579,3.5318875312805176
615,211,3.5318875312805176
46,294,3.5318875312805176
279,625,3.5318875312805176
276,58,3.5318875312805176
270,672,3.5318875312805176
630,1023,3.5318875312805176
199,269,3.5318875312805176
200,378,3.5318875312805176
299,185,3.5318875312805176
230,963,3.5318875312805176
786,451,3.5318875312805176
92,71,3.5318875312805176
899,238,3.5318875312805176
650,644,3.5318875312805176
276,420,3.5318875312805176
436,187,3.5318875312805176
543,111,3.5318875312805176
851,160,3.5318875312805176
682,143,3.5318875312805176
201,582,3.5318875312805176
262,727,3.5318875312805176
854,512,3.5318875312805176
848,165,3.5318875312805176
128,702,3.5318875312805176
54,597,3.5318875312805176
327,962,3.5318875312805176
551,1518,3.5318875312805176
693,471,3.5318875312805176
315,180,3.5318875312805176
770,275,3.5318875312805176
59,550,3.5318875312805176
427,341,3.5318875312805176
877,203,3.5318875312805176
60,211,3.5318875312805176
194,735,3.5318875312805176
907,125,3.5318875312805176
568,30,3.5318875312805176
222,816,3.5318875312805176
328,82,3.5318875312805176
104,405,3.5318875312805176
830,226,3.5318875312805176
529,875,3.5318875312805176
262,1147,3.5318875312805176
270,200,3.5318875312805176
326,565,3.5318875312805176
184,231,3.5318875312805176
749,1228,3.5318875312805176
246,1044,3.5318875312805176
783,880,3.5318875312805176
689,121,3.5318875312805176
880,879,3.5318875312805176
515,292,3.5318875312805176
545,524,3.5318875312805176
780,467,3.5318875312805176
391,180,3.5318875312805176
318,1063,3.5318875312805176
655,694,3.5318875312805176
376,197,3.5318875312805176
679,322,3.5318875312805176
445,831,3.5318875312805176
773,895,3.5318875312805176
450,274,3.5318875312805176
405,1580,3.5318875312805176
405,643,3.5318875312805176
889,433,3.5318875312805176
271,461,3.5318875312805176
483,101,3.5318875312805176
396,106,3.5318875312805176
199,322,3.5318875312805176
145,331,3.5318875312805176
768,682,3.5318875312805176
82,414,3.5318875312805176
83,717,3.5318875312805176
297,17,3.5318875312805176
327,1100,3.5318875312805176
299,503,3.5318875312805176
299,1068,3.5318875312805176
405,806,3.5318875312805176
927,204,3.5318875312805176
927,38,3.5318875312805176
287,346,3.5318875312805176
94,684,3.5318875312805176
156,48,3.5318875312805176
916,561,3.5318875312805176
483,1,3.5318875312805176
727,63,3.5318875312805176
137,748,3.5318875312805176
883,347,3.5318875312805176
878,515,3.5318875312805176
671,864,3.5318875312805176
474,736,3.5318875312805176
272,98,3.5318875312805176
892,845,3.5318875312805176
450,388,3.5318875312805176
713,272,3.5318875312805176
531,751,3.5318875312805176
254,238,3.5318875312805176
57,194,3.5318875312805176
314,1291,3.5318875312805176
533,328,3.5318875312805176
698,435,3.5318875312805176
639,660,3.5318875312805176
305,527,3.5318875312805176
379,186,3.5318875312805176
487,978,3.5318875312805176
373,651,3.5318875312805176
334,483,3.5318875312805176
42,28,3.5318875312805176
393,930,3.5318875312805176
13,226,3.5318875312805176
566,1437,3.5318875312805176
524,443,3.5318875312805176
64,77,3.5318875312805176
177,156,3.5318875312805176
567,640,3.5318875312805176
254,622,3.5318875312805176
908,322,3.5318875312805176
165,260,3.5318875312805176
7,9,3.5318875312805176
389,475,3.5318875312805176
269,940,3.5318875312805176
877,748,3.5318875312805176
553,134,3.5318875312805176
382,276,3.5318875312805176
279,71,3.5318875312805176
284,315,3.5318875312805176
839,825,3.5318875312805176
110,68,3.5318875312805176
94,41,3.5318875312805176
320,3,3.5318875312805176
75,408,3.5318875312805176
232,98,3.5318875312805176
863,344,3.5318875312805176
145,69,3.5318875312805176
401,275,3.5318875312805176
15,931,3.5318875312805176
371,237,3.5318875312805176
862,174,3.5318875312805176
198,203,3.5318875312805176
72,233,3.5318875312805176
734,483,3.5318875312805176
864,231,3.5318875312805176
925,185,3.5318875312805176
101,840,3.5318875312805176
537,4,3.5318875312805176
697,682,3.5318875312805176
30,678,3.5318875312805176
866,889,3.5318875312805176
529,288,3.5318875312805176
346,358,3.5318875312805176
162,403,3.5318875312805176
776,5,3.5318875312805176
416,418,3.5318875312805176
653,210,3.5318875312805176
393,9,3.5318875312805176
200,188,3.5318875312805176
314,12,3.5318875312805176
726,535,3.5318875312805176
158,659,3.5318875312805176
748,183,3.5318875312805176
497,29,3.5318875312805176
437,812,3.5318875312805176
234,1020,3.5318875312805176
214,462,3.5318875312805176
938,275,3.5318875312805176
300,948,3.5318875312805176
104,313,3.5318875312805176
782,349,3.5318875312805176
593,211,3.5318875312805176
766,179,3.5318875312805176
308,679,3.5318875312805176
561,428,3.5318875312805176
56,386,3.5318875312805176
239,923,3.5318875312805176
93,125,3.5318875312805176
707,1381,3.5318875312805176
703,323,3.5318875312805176
59,232,3.5318875312805176
409,339,3.5318875312805176
567,513,3.5318875312805176
346,134,3.5318875312805176
405,1408,3.5318875312805176
489,245,3.5318875312805176
637,690,3.5318875312805176
641,209,3.5318875312805176
344,530,3.5318875312805176
194,22,3.5318875312805176
438,118,3.5318875312805176
234,2,3.5318875312805176
184,496,3.5318875312805176
429,679,3.5318875312805176
914,692,3.5318875312805176
16,197,3.5318875312805176
94,216,3.5318875312805176
709,219,3.5318875312805176
841,331,3.5318875312805176
506,194,3.5318875312805176
256,728,3.5318875312805176
243,69,3.5318875312805176
234,515,3.5318875312805176
708,319,3.5318875312805176
758,236,3.5318875312805176
590,864,3.5318875312805176
253,806,3.5318875312805176
217,405,3.5318875312805176
774,233,3.5318875312805176
158,514,3.5318875312805176
299,965,3.5318875312805176
618,531,3.5318875312805176
2,307,3.5318875312805176
336,1249,3.5318875312805176
517,1047,3.5318875312805176
48,690,3.5318875312805176
694,15,3.5318875312805176
92,28,3.5318875312805176
777,202,3.5318875312805176
361,53,3.5318875312805176
694,448,3.5318875312805176
50,823,3.5318875312805176
250,196,3.5318875312805176
798,1337,3.5318875312805176
497,603,3.5318875312805176
746,720,3.5318875312805176
60,1060,3.5318875312805176
682,175,3.5318875312805176
457,232,3.5318875312805176
365,124,3.5318875312805176
1,101,3.5318875312805176
496,147,3.5318875312805176
567,199,3.5318875312805176
409,708,3.5318875312805176
500,43,3.5318875312805176
666,566,3.5318875312805176
59,926,3.5318875312805176
56,7,3.5318875312805176
181,476,3.5318875312805176
834,316,3.5318875312805176
1,28,3.5318875312805176
308,17,3.5318875312805176
870,395,3.5318875312805176
436,1119,3.5318875312805176
323,873,3.5318875312805176
312,513,3.5318875312805176
253,132,3.5318875312805176
939,890,3.5318875312805176
504,476,3.5318875312805176
315,164,3.5318875312805176
767,141,3.5318875312805176
101,1,3.5318875312805176
782,298,3.5318875312805176
244,66,3.5318875312805176
190,696,3.5318875312805176
207,79,3.5318875312805176
91,64,3.5318875312805176
427,263,3.5318875312805176
101,846,3.5318875312805176
655,895,3.5318875312805176
234,874,3.5318875312805176
889,177,3.5318875312805176
551,17,3.5318875312805176
409,171,3.5318875312805176
334,268,3.5318875312805176
932,7,3.5318875312805176
90,705,3.5318875312805176
405,708,3.5318875312805176
150,13,3.5318875312805176
406,663,3.5318875312805176
916,211,3.5318875312805176
213,181,3.5318875312805176
30,181,3.5318875312805176
533,322,3.5318875312805176
739,359,3.5318875312805176
456,582,3.5318875312805176
761,243,3.5318875312805176
178,96,3.5318875312805176
27,123,3.5318875312805176
254,313,3.5318875312805176
659,492,3.5318875312805176
295,559,3.5318875312805176
210,121,3.5318875312805176
450,96,3.5318875312805176
378,620,3.5318875312805176
429,222,3.5318875312805176
136,257,3.5318875312805176
389,72,3.5318875312805176
457,169,3.5318875312805176
280,845,3.5318875312805176
345,1096,3.5318875312805176
653,294,3.5318875312805176
665,96,3.5318875312805176
851,338,3.5318875312805176
49,70,3.5318875312805176
807,140,3.5318875312805176
871,237,3.5318875312805176
653,1139,3.5318875312805176
498,985,3.5318875312805176
563,70,3.5318875312805176
84,4,3.5318875312805176
59,710,3.5318875312805176
385,606,3.5318875312805176
131,100,3.5318875312805176
278,315,3.5318875312805176
158,1098,3.5318875312805176
846,570,3.5318875312805176
886,475,3.5318875312805176
648,122,3.5318875312805176
392,180,3.5318875312805176
56,38,3.5318875312805176
457,559,3.5318875312805176
558,286,3.5318875312805176
92,1207,3.5318875312805176
525,762,3.5318875312805176
405,1210,3.5318875312805176
653,1023,3.5318875312805176
684,181,3.5318875312805176
680,9,3.5318875312805176
59,241,3.5318875312805176
336,276,3.5318875312805176
206,362,3.5318875312805176
164,748,3.5318875312805176
499,98,3.5318875312805176
215,238,3.5318875312805176
1,123,3.5318875312805176
3,343,3.5318875312805176
716,470,3.5318875312805176
119,9,3.5318875312805176
831,245,3.5318875312805176
295,951,3.5318875312805176
920,301,3.5318875312805176
97,357,3.5318875312805176
313,588,3.5318875312805176
82,275,3.5318875312805176
504,384,3.5318875312805176
181,763,3.5318875312805176
28,12,3.5318875312805176
635,300,3.5318875312805176
416,433,3.5318875312805176
488,69,3.5318875312805176
92,402,3.5318875312805176
225,64,3.5318875312805176
230,420,3.5318875312805176
829,408,3.5318875312805176
862,205,3.5318875312805176
346,132,3.5318875312805176
35,258,3.5318875312805176
11,383,3.5318875312805176
216,210,3.5318875312805176
6,257,3.5318875312805176
298,208,3.5318875312805176
116,324,3.5318875312805176
332,245,3.5318875312805176
896,1217,3.5318875312805176
497,195,3.5318875312805176
18,88,3.5318875312805176
95,385,3.5318875312805176
745,203,3.5318875312805176
878,15,3.5318875312805176
843,228,3.5318875312805176
299,692,3.5318875312805176
192,1061,3.5318875312805176
178,458,3.5318875312805176
49,346,3.5318875312805176
475,313,3.5318875312805176
91,172,3.5318875312805176
315,504,3.5318875312805176
714,410,3.5318875312805176
619,188,3.5318875312805176
125,999,3.5318875312805176
112,331,3.5318875312805176
453,427,3.5318875312805176
539,275,3.5318875312805176
554,717,3.5318875312805176
518,829,3.5318875312805176
817,597,3.5318875312805176
299,1050,3.5318875312805176
627,175,3.5318875312805176
405,719,3.5318875312805176
592,305,3.5318875312805176
232,170,3.5318875312805176
413,284,3.5318875312805176
307,1,3.5318875312805176
650,443,3.5318875312805176
75,742,3.5318875312805176
234,588,3.5318875312805176
318,64,3.5318875312805176
484,161,3.5318875312805176
234,428,3.5318875312805176
617,582,3.5318875312805176
32,271,3.5318875312805176
546,7,3.5318875312805176
268,721,3.5318875312805176
214,302,3.5318875312805176
161,181,3.5318875312805176
745,531,3.5318875312805176
151,657,3.5318875312805176
167,1308,3.5318875312805176
400,690,3.5318875312805176
425,294,3.5318875312805176
815,179,3.5318875312805176
705,797,3.5318875312805176
157,289,3.5318875312805176
95,62,3.5318875312805176
787,748,3.5318875312805176
577,996,3.5318875312805176
49,1075,3.5318875312805176
452,164,3.5318875312805176
592,178,3.5318875312805176
642,378,3.5318875312805176
587,289,3.5318875312805176
178,984,3.5318875312805176
437,496,3.5318875312805176
831,237,3.5318875312805176
334,86,3.5318875312805176
293,272,3.5318875312805176
586,295,3.5318875312805176
280,5,3.5318875312805176
428,751,3.5318875312805176
218,209,3.5318875312805176
397,1001,3.5318875312805176
495,403,3.5318875312805176
707,1281,3.5318875312805176
16,11,3.5318875312805176
840,134,3.5318875312805176
752,750,3.5318875312805176
567,127,3.5318875312805176
189,197,3.5318875312805176
395,240,3.5318875312805176
322,64,3.5318875312805176
135,653,3.5318875312805176
559,191,3.5318875312805176
445,272,3.5318875312805176
913,222,3.5318875312805176
15,754,3.5318875312805176
495,577,3.5318875312805176
293,425,3.5318875312805176
452,172,3.5318875312805176
445,121,3.5318875312805176
401,511,3.5318875312805176
234,516,3.5318875312805176
434,237,3.5318875312805176
201,1423,3.5318875312805176
846,195,3.5318875312805176
85,589,3.5318875312805176
244,1132,3.5318875312805176
137,1028,3.5318875312805176
60,229,3.5318875312805176
475,302,3.5318875312805176
331,486,3.5318875312805176
666,23,3.5318875312805176
548,291,3.5318875312805176
436,132,3.5318875312805176
591,523,3.5318875312805176
790,72,3.5318875312805176
804,128,3.5318875312805176
566,133,3.5318875312805176
472,419,3.5318875312805176
87,153,3.5318875312805176
308,100,3.5318875312805176
386,982,3.5318875312805176
463,1067,3.5318875312805176
126,323,3.5318875312805176
327,1141,3.5318875312805176
91,183,3.5318875312805176
332,64,3.5318875312805176
416,157,3.5318875312805176
303,3,3.5318875312805176
516,212,3.5318875312805176
916,558,3.5318875312805176
566,755,3.5318875312805176
798,996,3.5318875312805176
815,217,3.5318875312805176
389,283,3.5318875312805176
276,210,3.5318875312805176
188,159,3.5318875312805176
849,133,3.5318875312805176
627,597,3.5318875312805176
276,1109,3.5318875312805176
484,172,3.5318875312805176
913,164,3.5318875312805176
587,271,3.5318875312805176
889,493,3.5318875312805176
698,132,3.5318875312805176
150,325,3.5318875312805176
921,760,3.5318875312805176
537,226,3.5318875312805176
450,727,3.5318875312805176
218,654,3.5318875312805176
398,284,3.5318875312805176
293,474,3.5318875312805176
260,270,3.5318875312805176
940,1167,3.5318875312805176
805,135,3.5318875312805176
728,1355,3.5318875312805176
95,1227,3.5318875312805176
708,742,3.5318875312805176
577,71,3.5318875312805176
109,550,3.5318875312805176
151,66,3.5318875312805176
537,192,3.5318875312805176
62,483,3.5318875312805176
276,76,3.5318875312805176
49,1069,3.5318875312805176
280,172,3.5318875312805176
561,1267,3.5318875312805176
20,423,3.5318875312805176
378,222,3.5318875312805176
12,195,3.5318875312805176
157,405,3.5318875312805176
632,131,3.5318875312805176
894,1592,3.5318875312805176
892,265,3.5318875312805176
717,748,3.5318875312805176
768,597,3.5318875312805176
642,155,3.5318875312805176
346,210,3.5318875312805176
592,121,3.5318875312805176
581,844,3.5318875312805176
94,1012,3.5318875312805176
7,583,3.5318875312805176
488,510,3.5318875312805176
4,362,3.5318875312805176
421,197,3.5318875312805176
222,409,3.5318875312805176
18,191,3.5318875312805176
437,710,3.5318875312805176
456,403,3.5318875312805176
592,1039,3.5318875312805176
936,312,3.5318875312805176
269,22,3.5318875312805176
276,276,3.5318875312805176
927,82,3.5318875312805176
506,66,3.5318875312805176
79,311,3.5318875312805176
781,286,3.5318875312805176
690,186,3.5318875312805176
776,192,3.5318875312805176
112,289,3.5318875312805176
87,121,3.5318875312805176
425,293,3.5318875312805176
499,430,3.5318875312805176
274,234,3.5318875312805176
350,1,3.5318875312805176
806,254,3.5318875312805176
782,1511,3.5318875312805176
933,1028,3.5318875312805176
181,871,3.5318875312805176
713,344,3.5318875312805176
193,294,3.5318875312805176
290,216,3.5318875312805176
805,94,3.5318875312805176
429,473,3.5318875312805176
298,98,3.5318875312805176
853,748,3.5318875312805176
221,407,3.5318875312805176
7,23,3.5318875312805176
1,13,3.5318875312805176
892,739,3.5318875312805176
410,690,3.5318875312805176
442,569,3.5318875312805176
682,395,3.5318875312805176
835,257,3.5318875312805176
664,318,3.5318875312805176
268,679,3.5318875312805176
630,568,3.5318875312805176
798,748,3.5318875312805176
265,237,3.5318875312805176
624,15,3.5318875312805176
650,162,3.5318875312805176
426,435,3.5318875312805176
25,527,3.5318875312805176
200,99,3.5318875312805176
125,734,3.5318875312805176
64,476,3.5318875312805176
328,56,3.5318875312805176
399,432,3.5318875312805176
828,328,3.5318875312805176
648,70,3.5318875312805176
867,186,3.5318875312805176
391,480,3.5318875312805176
417,725,3.5318875312805176
58,514,3.5318875312805176
210,173,3.5318875312805176
787,347,3.5318875312805176
70,1035,3.5318875312805176
880,1041,3.5318875312805176
174,126,3.5318875312805176
216,221,3.5318875312805176
85,588,3.5318875312805176
567,9,3.5318875312805176
286,329,3.5318875312805176
394,795,3.5318875312805176
486,1047,3.5318875312805176
690,208,3.5318875312805176
916,69,3.5318875312805176
436,1489,3.5318875312805176
189,498,3.5318875312805176
378,722,3.5318875312805176
499,191,3.5318875312805176
790,977,3.5318875312805176
80,64,3.5318875312805176
389,181,3.5318875312805176
195,386,3.5318875312805176
64,333,3.5318875312805176
264,656,3.5318875312805176
200,373,3.5318875312805176
262,1048,3.5318875312805176
650,823,3.5318875312805176
726,274,3.5318875312805176
199,285,3.5318875312805176
780,97,3.5318875312805176
154,137,3.5318875312805176
361,26,3.5318875312805176
131,1281,3.5318875312805176
152,451,3.5318875312805176
85,79,3.5318875312805176
330,117,3.5318875312805176
92,558,3.5318875312805176
899,291,3.5318875312805176
918,487,3.5318875312805176
292,173,3.5318875312805176
472,581,3.5318875312805176
624,690,3.5318875312805176
119,407,3.5318875312805176
548,762,3.5318875312805176
437,82,3.5318875312805176
613,64,3.5318875312805176
280,673,3.5318875312805176
374,117,3.5318875312805176
823,770,3.5318875312805176
210,864,3.5318875312805176
496,532,3.5318875312805176
311,177,3.5318875312805176
506,274,3.5318875312805176
378,496,3.5318875312805176
760,185,3.5318875312805176
661,174,3.5318875312805176
109,88,3.5318875312805176
279,172,3.5318875312805176
343,744,3.5318875312805176
92,196,3.5318875312805176
94,50,3.5318875312805176
591,72,3.5318875312805176
450,51,3.5318875312805176
226,480,3.5318875312805176
268,455,3.5318875312805176
864,230,3.5318875312805176
804,1411,3.5318875312805176
806,923,3.5318875312805176
336,1011,3.5318875312805176
13,90,3.5318875312805176
216,97,3.5318875312805176
650,357,3.5318875312805176
312,713,3.5318875312805176
263,1020,3.5318875312805176
130,721,3.5318875312805176
43,215,3.5318875312805176
268,188,3.5318875312805176
13,860,3.5318875312805176
882,147,3.5318875312805176
769,473,3.5318875312805176
343,260,3.5318875312805176
92,53,3.5318875312805176
201,919,3.5318875312805176
553,485,3.5318875312805176
889,160,3.5318875312805176
853,333,3.5318875312805176
718,405,3.5318875312805176
605,269,3.5318875312805176
303,255,3.5318875312805176
416,401,3.5318875312805176
715,233,3.5318875312805176
42,63,3.5318875312805176
727,1437,3.5318875312805176
44,175,3.5318875312805176
621,383,3.5318875312805176
586,186,3.5318875312805176
181,413,3.5318875312805176
896,86,3.5318875312805176
402,19,3.5318875312805176
59,489,3.5318875312805176
796,447,3.5318875312805176
519,874,3.5318875312805176
883,724,3.5318875312805176
807,172,3.5318875312805176
727,90,3.5318875312805176
682,772,3.5318875312805176
645,195,3.5318875312805176
336,202,3.5318875312805176
492,69,3.5318875312805176
311,83,3.5318875312805176
875,176,3.5318875312805176
279,44,3.5318875312805176
72,972,3.5318875312805176
504,72,3.5318875312805176
468,248,3.5318875312805176
932,611,3.5318875312805176
802,444,3.5318875312805176
59,428,3.5318875312805176
495,1079,3.5318875312805176
716,484,3.5318875312805176
404,307,3.5318875312805176
342,179,3.5318875312805176
442,144,3.5318875312805176
251,535,3.5318875312805176
63,277,3.5318875312805176
255,324,3.5318875312805176
263,294,3.5318875312805176
48,209,3.5318875312805176
796,326,3.5318875312805176
655,1022,3.5318875312805176
466,117,3.5318875312805176
416,591,3.5318875312805176
693,196,3.5318875312805176
104,271,3.5318875312805176
189,15,3.5318875312805176
201,855,3.5318875312805176
255,872,3.5318875312805176
690,1,3.5318875312805176
660,328,3.5318875312805176
177,210,3.5318875312805176
221,568,3.5318875312805176
472,29,3.5318875312805176
354,694,3.5318875312805176
501,181,3.5318875312805176
109,742,3.5318875312805176
339,81,3.5318875312805176
308,480,3.5318875312805176
655,129,3.5318875312805176
318,121,3.5318875312805176
923,1028,3.5318875312805176
379,52,3.5318875312805176
721,327,3.5318875312805176
833,379,3.5318875312805176
363,940,3.5318875312805176
637,1060,3.5318875312805176
851,455,3.5318875312805176
903,994,3.5318875312805176
5,214,3.5318875312805176
406,216,3.5318875312805176
453,158,3.5318875312805176
416,1011,3.5318875312805176
130,174,3.5318875312805176
487,720,3.5318875312805176
223,185,3.5318875312805176
638,554,3.5318875312805176
815,1133,3.5318875312805176
84,546,3.5318875312805176
747,672,3.5318875312805176
758,298,3.5318875312805176
339,241,3.5318875312805176
412,70,3.5318875312805176
802,197,3.5318875312805176
896,343,3.5318875312805176
456,485,3.5318875312805176
262,22,3.5318875312805176
200,229,3.5318875312805176
694,237,3.5318875312805176
704,193,3.5318875312805176
416,202,3.5318875312805176
773,72,3.5318875312805176
92,66,3.5318875312805176
892,367,3.5318875312805176
345,200,3.5318875312805176
215,179,3.5318875312805176
648,498,3.5318875312805176
1,268,3.5318875312805176
698,588,3.5318875312805176
181,1376,3.5318875312805176
145,1102,3.5318875312805176
875,131,3.5318875312805176
934,462,3.5318875312805176
933,70,3.5318875312805176
575,357,3.5318875312805176
311,211,3.5318875312805176
524,66,3.5318875312805176
127,227,3.5318875312805176
243,86,3.5318875312805176
652,288,3.5318875312805176
653,1444,3.5318875312805176
339,80,3.5318875312805176
18,142,3.5318875312805176
88,886,3.5318875312805176
551,827,3.5318875312805176
595,289,3.5318875312805176
339,121,3.5318875312805176
358,1529,3.5318875312805176
97,429,3.5318875312805176
262,195,3.5318875312805176
22,648,3.5318875312805176
671,779,3.5318875312805176
821,281,3.5318875312805176
630,732,3.5318875312805176
85,42,3.5318875312805176
537,654,3.5318875312805176
593,234,3.5318875312805176
405,1575,3.5318875312805176
620,678,3.5318875312805176
333,748,3.5318875312805176
833,657,3.5318875312805176
145,592,3.5318875312805176
495,843,3.5318875312805176
468,39,3.5318875312805176
342,1008,3.5318875312805176
778,168,3.5318875312805176
747,519,3.5318875312805176
902,181,3.5318875312805176
169,683,3.5318875312805176
764,22,3.5318875312805176
416,339,3.5318875312805176
373,166,3.5318875312805176
246,226,3.5318875312805176
913,180,3.5318875312805176
796,553,3.5318875312805176
936,14,3.5318875312805176
605,132,3.5318875312805176
550,50,3.5318875312805176
454,603,3.5318875312805176
1,106,3.5318875312805176
548,9,3.5318875312805176
601,71,3.5318875312805176
92,452,3.5318875312805176
710,318,3.5318875312805176
373,843,3.5318875312805176
936,281,3.5318875312805176
27,925,3.5318875312805176
476,715,3.5318875312805176
280,499,3.5318875312805176
760,71,3.5318875312805176
828,547,3.5318875312805176
109,940,3.5318875312805176
452,186,3.5318875312805176
59,959,3.5318875312805176
56,73,3.5318875312805176
331,277,3.5318875312805176
534,151,3.5318875312805176
691,50,3.5318875312805176
880,845,3.5318875312805176
873,342,3.5318875312805176
239,187,3.5318875312805176
126,266,3.5318875312805176
321,275,3.5318875312805176
391,491,3.5318875312805176
194,792,3.5318875312805176
289,742,3.5318875312805176
525,248,3.5318875312805176
767,242,3.5318875312805176
592,173,3.5318875312805176
496,483,3.5318875312805176
361,129,3.5318875312805176
442,31,3.5318875312805176
814,565,3.5318875312805176
733,1023,3.5318875312805176
938,476,3.5318875312805176
128,955,3.5318875312805176
829,222,3.5318875312805176
121,282,3.5318875312805176
536,699,3.5318875312805176
805,121,3.5318875312805176
61,333,3.5318875312805176
206,690,3.5318875312805176
532,982,3.5318875312805176
401,173,3.5318875312805176
363,1010,3.5318875312805176
92,116,3.5318875312805176
363,227,3.5318875312805176
784,328,3.5318875312805176
119,154,3.5318875312805176
141,245,3.5318875312805176
176,508,3.5318875312805176
682,581,3.5318875312805176
179,271,3.5318875312805176
193,182,3.5318875312805176
932,64,3.5318875312805176
332,370,3.5318875312805176
395,750,3.5318875312805176
303,427,3.5318875312805176
889,294,3.5318875312805176
435,265,3.5318875312805176
446,326,3.5318875312805176
48,680,3.5318875312805176
524,199,3.5318875312805176
843,183,3.5318875312805176
871,1024,3.5318875312805176
557,271,3.5318875312805176
43,931,3.5318875312805176
627,518,3.5318875312805176
186,226,3.5318875312805176
416,737,3.5318875312805176
188,1263,3.5318875312805176
514,49,3.5318875312805176
848,209,3.5318875312805176
829,70,3.5318875312805176
17,1,3.5318875312805176
836,56,3.5318875312805176
604,200,3.5318875312805176
760,98,3.5318875312805176
887,100,3.5318875312805176
561,204,3.5318875312805176
151,28,3.5318875312805176
851,302,3.5318875312805176
72,2,3.5318875312805176
198,187,3.5318875312805176
808,872,3.5318875312805176
181,989,3.5318875312805176
219,303,3.5318875312805176
51,173,3.5318875312805176
534,282,3.5318875312805176
316,463,3.5318875312805176
405,1567,3.5318875312805176
269,154,3.5318875312805176
233,495,3.5318875312805176
413,275,3.5318875312805176
647,147,3.5318875312805176
923,1001,3.5318875312805176
487,566,3.5318875312805176
484,226,3.5318875312805176
7,367,3.5318875312805176
294,751,3.5318875312805176
577,5,3.5318875312805176
280,90,3.5318875312805176
621,94,3.5318875312805176
406,715,3.5318875312805176
778,738,3.5318875312805176
305,70,3.5318875312805176
449,273,3.5318875312805176
790,144,3.5318875312805176
130,477,3.5318875312805176
358,558,3.5318875312805176
450,277,3.5318875312805176
363,444,3.5318875312805176
250,151,3.5318875312805176
139,460,3.5318875312805176
194,165,3.5318875312805176
524,466,3.5318875312805176
372,218,3.5318875312805176
271,507,3.5318875312805176
279,922,3.5318875312805176
551,825,3.5318875312805176
311,56,3.5318875312805176
771,542,3.5318875312805176
328,23,3.5318875312805176
727,191,3.5318875312805176
711,496,3.5318875312805176
666,181,3.5318875312805176
871,313,3.5318875312805176
561,559,3.5318875312805176
321,61,3.5318875312805176
823,1,3.5318875312805176
328,685,3.5318875312805176
397,345,3.5318875312805176
488,28,3.5318875312805176
234,125,3.5318875312805176
709,172,3.5318875312805176
95,190,3.5318875312805176
655,125,3.5318875312805176
276,215,3.5318875312805176
933,172,3.5318875312805176
263,879,3.5318875312805176
116,888,3.5318875312805176
629,416,3.5318875312805176
896,237,3.5318875312805176
825,406,3.5318875312805176
872,323,3.5318875312805176
286,402,3.5318875312805176
251,281,3.5318875312805176
94,1065,3.5318875312805176
463,1383,3.5318875312805176
103,487,3.5318875312805176
592,24,3.5318875312805176
378,59,3.5318875312805176
864,404,3.5318875312805176
29,182,3.5318875312805176
254,386,3.5318875312805176
12,4,3.5318875312805176
336,410,3.5318875312805176
145,22,3.5318875312805176
357,291,3.5318875312805176
919,272,3.5318875312805176
130,58,3.5318875312805176
330,549,3.5318875312805176
711,941,3.5318875312805176
308,186,3.5318875312805176
682,125,3.5318875312805176
440,512,3.5318875312805176
246,559,3.5318875312805176
374,483,3.5318875312805176
76,769,3.5318875312805176
437,213,3.5318875312805176
823,210,3.5318875312805176
332,38,3.5318875312805176
707,499,3.5318875312805176
749,167,3.5318875312805176
157,515,3.5318875312805176
487,181,3.5318875312805176
744,28,3.5318875312805176
740,294,3.5318875312805176
110,578,3.5318875312805176
129,300,3.5318875312805176
409,429,3.5318875312805176
476,66,3.5318875312805176
799,292,3.5318875312805176
222,1042,3.5318875312805176
338,488,3.5318875312805176
198,101,3.5318875312805176
676,688,3.5318875312805176
294,1245,3.5318875312805176
506,684,3.5318875312805176
620,416,3.5318875312805176
234,686,3.5318875312805176
57,1071,3.5318875312805176
508,1135,3.5318875312805176
44,194,3.5318875312805176
361,659,3.5318875312805176
7,662,3.5318875312805176
405,463,3.5318875312805176
181,460,3.5318875312805176
922,391,3.5318875312805176
90,644,3.5318875312805176
892,118,3.5318875312805176
178,194,3.5318875312805176
223,977,3.5318875312805176
292,197,3.5318875312805176
881,94,3.5318875312805176
554,9,3.5318875312805176
606,201,3.5318875312805176
151,195,3.5318875312805176
642,1023,3.5318875312805176
426,430,3.5318875312805176
919,297,3.5318875312805176
693,423,3.5318875312805176
230,511,3.5318875312805176
655,192,3.5318875312805176
95,28,3.5318875312805176
702,683,3.5318875312805176
146,347,3.5318875312805176
56,280,3.5318875312805176
405,510,3.5318875312805176
206,260,3.5318875312805176
158,210,3.5318875312805176
21,567,3.5318875312805176
79,740,3.5318875312805176
177,135,3.5318875312805176
189,9,3.5318875312805176
892,82,3.5318875312805176
405,80,3.5318875312805176
378,1037,3.5318875312805176
526,181,3.5318875312805176
308,448,3.5318875312805176
637,475,3.5318875312805176
193,301,3.5318875312805176
886,783,3.5318875312805176
405,1072,3.5318875312805176
880,144,3.5318875312805176
710,192,3.5318875312805176
671,4,3.5318875312805176
533,676,3.5318875312805176
870,13,3.5318875312805176
795,3,3.5318875312805176
416,451,3.5318875312805176
262,660,3.5318875312805176
405,673,3.5318875312805176
709,92,3.5318875312805176
664,22,3.5318875312805176
391,69,3.5318875312805176
170,687,3.5318875312805176
286,3,3.5318875312805176
746,8,3.5318875312805176
230,447,3.5318875312805176
532,692,3.5318875312805176
526,475,3.5318875312805176
618,150,3.5318875312805176
717,291,3.5318875312805176
268,288,3.5318875312805176
174,902,3.5318875312805176
458,509,3.5318875312805176
871,515,3.5318875312805176
215,28,3.5318875312805176
655,512,3.5318875312805176
37,7,3.5318875312805176
934,483,3.5318875312805176
262,15,3.5318875312805176
848,476,3.5318875312805176
751,1,3.5318875312805176
271,218,3.5318875312805176
280,86,3.5318875312805176
715,158,3.5318875312805176
203,477,3.5318875312805176
809,331,3.5318875312805176
893,1245,3.5318875312805176
43,123,3.5318875312805176
82,475,3.5318875312805176
632,508,3.5318875312805176
63,106,3.5318875312805176
308,254,3.5318875312805176
369,346,3.5318875312805176
318,12,3.5318875312805176
745,169,3.5318875312805176
456,69,3.5318875312805176
472,51,3.5318875312805176
82,919,3.5318875312805176
862,196,3.5318875312805176
929,188,3.5318875312805176
890,186,3.5318875312805176
491,493,3.5318875312805176
886,64,3.5318875312805176
790,283,3.5318875312805176
653,973,3.5318875312805176
494,143,3.5318875312805176
141,323,3.5318875312805176
864,755,3.5318875312805176
13,799,3.5318875312805176
751,90,3.5318875312805176
880,467,3.5318875312805176
553,1,3.5318875312805176
635,688,3.5318875312805176
299,289,3.5318875312805176
889,513,3.5318875312805176
303,93,3.5318875312805176
881,97,3.5318875312805176
85,157,3.5318875312805176
297,984,3.5318875312805176
121,736,3.5318875312805176
256,829,3.5318875312805176
661,665,3.5318875312805176
608,126,3.5318875312805176
519,1280,3.5318875312805176
879,292,3.5318875312805176
496,554,3.5318875312805176
81,756,3.5318875312805176
308,591,3.5318875312805176
236,117,3.5318875312805176
393,15,3.5318875312805176
308,802,3.5318875312805176
59,56,3.5318875312805176
606,729,3.5318875312805176
836,1065,3.5318875312805176
246,173,3.5318875312805176
48,433,3.5318875312805176
407,153,3.5318875312805176
13,82,3.5318875312805176
634,1011,3.5318875312805176
361,216,3.5318875312805176
101,820,3.5318875312805176
112,346,3.5318875312805176
705,526,3.5318875312805176
535,632,3.5318875312805176
189,99,3.5318875312805176
394,383,3.5318875312805176
201,31,3.5318875312805176
373,423,3.5318875312805176
337,228,3.5318875312805176
918,499,3.5318875312805176
164,678,3.5318875312805176
763,28,3.5318875312805176
666,1474,3.5318875312805176
763,418,3.5318875312805176
59,616,3.5318875312805176
94,81,3.5318875312805176
727,199,3.5318875312805176
109,250,3.5318875312805176
500,281,3.5318875312805176
450,878,3.5318875312805176
504,181,3.5318875312805176
868,233,3.5318875312805176
188,678,3.5318875312805176
660,97,3.5318875312805176
871,937,3.5318875312805176
361,655,3.5318875312805176
733,14,3.5318875312805176
488,478,3.5318875312805176
266,874,3.5318875312805176
815,228,3.5318875312805176
13,194,3.5318875312805176
323,772,3.5318875312805176
78,411,3.5318875312805176
440,751,3.5318875312805176
200,195,3.5318875312805176
29,678,3.5318875312805176
201,651,3.5318875312805176
429,23,3.5318875312805176
932,863,3.5318875312805176
301,269,3.5318875312805176
815,135,3.5318875312805176
234,604,3.5318875312805176
159,881,3.5318875312805176
896,685,3.5318875312805176
185,514,3.5318875312805176
506,494,3.5318875312805176
601,204,3.5318875312805176
921,728,3.5318875312805176
3,300,3.5318875312805176
864,226,3.5318875312805176
326,170,3.5318875312805176
322,656,3.5318875312805176
32,245,3.5318875312805176
378,96,3.5318875312805176
630,323,3.5318875312805176
907,1051,3.5318875312805176
405,480,3.5318875312805176
90,31,3.5318875312805176
43,751,3.5318875312805176
671,159,3.5318875312805176
533,651,3.5318875312805176
569,321,3.5318875312805176
27,515,3.5318875312805176
110,550,3.5318875312805176
830,241,3.5318875312805176
578,346,3.5318875312805176
504,1084,3.5318875312805176
456,608,3.5318875312805176
7,619,3.5318875312805176
405,439,3.5318875312805176
151,10,3.5318875312805176
223,423,3.5318875312805176
889,81,3.5318875312805176
727,405,3.5318875312805176
711,168,3.5318875312805176
223,295,3.5318875312805176
594,515,3.5318875312805176
807,298,3.5318875312805176
689,300,3.5318875312805176
21,103,3.5318875312805176
543,660,3.5318875312805176
790,1132,3.5318875312805176
294,286,3.5318875312805176
503,321,3.5318875312805176
215,300,3.5318875312805176
407,405,3.5318875312805176
399,175,3.5318875312805176
551,79,3.5318875312805176
881,1046,3.5318875312805176
531,908,3.5318875312805176
802,183,3.5318875312805176
560,235,3.5318875312805176
693,298,3.5318875312805176
275,627,3.5318875312805176
790,771,3.5318875312805176
669,172,3.5318875312805176
929,318,3.5318875312805176
870,272,3.5318875312805176
201,402,3.5318875312805176
391,134,3.5318875312805176
478,182,3.5318875312805176
650,432,3.5318875312805176
54,240,3.5318875312805176
221,566,3.5318875312805176
900,618,3.5318875312805176
887,1079,3.5318875312805176
86,327,3.5318875312805176
49,347,3.5318875312805176
378,213,3.5318875312805176
629,732,3.5318875312805176
886,128,3.5318875312805176
561,239,3.5318875312805176
335,355,3.5318875312805176
660,347,3.5318875312805176
446,880,3.5318875312805176
840,1451,3.5318875312805176
867,68,3.5318875312805176
83,56,3.5318875312805176
575,322,3.5318875312805176
270,93,3.5318875312805176
328,117,3.5318875312805176
113,424,3.5318875312805176
675,750,3.5318875312805176
283,56,3.5318875312805176
790,451,3.5318875312805176
749,50,3.5318875312805176
158,221,3.5318875312805176
141,597,3.5318875312805176
221,150,3.5318875312805176
151,83,3.5318875312805176
665,125,3.5318875312805176
74,285,3.5318875312805176
619,403,3.5318875312805176
95,89,3.5318875312805176
356,258,3.5318875312805176
392,316,3.5318875312805176
850,705,3.5318875312805176
660,89,3.5318875312805176
934,414,3.5318875312805176
864,186,3.5318875312805176
320,82,3.5318875312805176
5,435,3.5318875312805176
303,97,3.5318875312805176
308,216,3.5318875312805176
188,151,3.5318875312805176
94,824,3.5318875312805176
435,200,3.5318875312805176
796,559,3.5318875312805176
383,14,3.5318875312805176
527,513,3.5318875312805176
847,173,3.5318875312805176
621,746,3.5318875312805176
758,968,3.5318875312805176
286,1118,3.5318875312805176
13,857,3.5318875312805176
781,1500,3.5318875312805176
780,497,3.5318875312805176
435,572,3.5318875312805176
83,739,3.5318875312805176
926,321,3.5318875312805176
579,676,3.5318875312805176
694,133,3.5318875312805176
642,1146,3.5318875312805176
478,866,3.5318875312805176
296,187,3.5318875312805176
933,234,3.5318875312805176
715,81,3.5318875312805176
922,181,3.5318875312805176
658,518,3.5318875312805176
504,973,3.5318875312805176
90,1206,3.5318875312805176
181,147,3.5318875312805176
98,435,3.5318875312805176
755,269,3.5318875312805176
751,50,3.5318875312805176
842,344,3.5318875312805176
608,4,3.5318875312805176
436,95,3.5318875312805176
495,186,3.5318875312805176
716,507,3.5318875312805176
864,693,3.5318875312805176
264,345,3.5318875312805176
188,300,3.5318875312805176
660,474,3.5318875312805176
276,794,3.5318875312805176
207,423,3.5318875312805176
648,216,3.5318875312805176
158,79,3.5318875312805176
85,520,3.5318875312805176
145,316,3.5318875312805176
654,117,3.5318875312805176
854,100,3.5318875312805176
2,304,3.5318875312805176
466,510,3.5318875312805176
770,255,3.5318875312805176
291,85,3.5318875312805176
525,123,3.5318875312805176
669,187,3.5318875312805176
470,919,3.5318875312805176
151,516,3.5318875312805176
234,316,3.5318875312805176
399,735,3.5318875312805176
286,655,3.5318875312805176
590,298,3.5318875312805176
537,185,3.5318875312805176
889,24,3.5318875312805176
186,770,3.5318875312805176
773,769,3.5318875312805176
868,232,3.5318875312805176
343,118,3.5318875312805176
373,506,3.5318875312805176
810,294,3.5318875312805176
932,180,3.5318875312805176
698,482,3.5318875312805176
891,409,3.5318875312805176
334,425,3.5318875312805176
263,210,3.5318875312805176
646,310,3.5318875312805176
770,258,3.5318875312805176
85,161,3.5318875312805176
684,553,3.5318875312805176
622,434,3.5318875312805176
320,97,3.5318875312805176
493,171,3.5318875312805176
200,1060,3.5318875312805176
246,235,3.5318875312805176
772,302,3.5318875312805176
564,289,3.5318875312805176
189,517,3.5318875312805176
332,409,3.5318875312805176
551,527,3.5318875312805176
552,280,3.5318875312805176
626,272,3.5318875312805176
497,42,3.5318875312805176
897,484,3.5318875312805176
786,195,3.5318875312805176
610,699,3.5318875312805176
450,837,3.5318875312805176
44,174,3.5318875312805176
627,732,3.5318875312805176
501,696,3.5318875312805176
552,117,3.5318875312805176
498,83,3.5318875312805176
862,151,3.5318875312805176
575,50,3.5318875312805176
757,11,3.5318875312805176
184,57,3.5318875312805176
817,24,3.5318875312805176
298,546,3.5318875312805176
661,280,3.5318875312805176
244,458,3.5318875312805176
506,215,3.5318875312805176
64,419,3.5318875312805176
868,209,3.5318875312805176
276,1407,3.5318875312805176
711,283,3.5318875312805176
750,688,3.5318875312805176
606,176,3.5318875312805176
627,423,3.5318875312805176
292,124,3.5318875312805176
95,728,3.5318875312805176
394,222,3.5318875312805176
232,64,3.5318875312805176
922,222,3.5318875312805176
814,559,3.5318875312805176
244,744,3.5318875312805176
301,229,3.5318875312805176
222,9,3.5318875312805176
318,167,3.5318875312805176
868,506,3.5318875312805176
734,282,3.5318875312805176
157,258,3.5318875312805176
119,562,3.5318875312805176
335,260,3.5318875312805176
167,1126,3.5318875312805176
98,629,3.5318875312805176
815,9,3.5318875312805176
509,258,3.5318875312805176
221,53,3.5318875312805176
321,709,3.5318875312805176
394,780,3.5318875312805176
650,100,3.5318875312805176
497,174,3.5318875312805176
535,9,3.5318875312805176
474,92,3.5318875312805176
293,436,3.5318875312805176
458,126,3.5318875312805176
843,590,3.5318875312805176
230,378,3.5318875312805176
8,385,3.5318875312805176
347,928,3.5318875312805176
429,441,3.5318875312805176
495,631,3.5318875312805176
880,44,3.5318875312805176
399,383,3.5318875312805176
212,179,3.5318875312805176
500,83,3.5318875312805176
311,465,3.5318875312805176
524,649,3.5318875312805176
393,569,3.5318875312805176
222,294,3.5318875312805176
161,315,3.5318875312805176
904,274,3.5318875312805176
269,654,3.5318875312805176
459,275,3.5318875312805176
590,126,3.5318875312805176
213,234,3.5318875312805176
58,222,3.5318875312805176
417,121,3.5318875312805176
655,367,3.5318875312805176
548,316,3.5318875312805176
325,137,3.5318875312805176
405,1359,3.5318875312805176
22,118,3.5318875312805176
254,768,3.5318875312805176
650,809,3.5318875312805176
716,740,3.5318875312805176
238,181,3.5318875312805176
894,300,3.5318875312805176
672,15,3.5318875312805176
301,1012,3.5318875312805176
478,64,3.5318875312805176
56,523,3.5318875312805176
665,238,3.5318875312805176
693,192,3.5318875312805176
429,183,3.5318875312805176
500,1385,3.5318875312805176
417,674,3.5318875312805176
943,139,3.5318875312805176
339,183,3.5318875312805176
526,270,3.5318875312805176
610,751,3.5318875312805176
454,1190,3.5318875312805176
137,250,3.5318875312805176
145,636,3.5318875312805176
334,300,3.5318875312805176
271,504,3.5318875312805176
10,357,3.5318875312805176
2,313,3.5318875312805176
416,727,3.5318875312805176
697,118,3.5318875312805176
216,790,3.5318875312805176
250,676,3.5318875312805176
535,953,3.5318875312805176
776,675,3.5318875312805176
862,238,3.5318875312805176
803,339,3.5318875312805176
90,185,3.5318875312805176
782,344,3.5318875312805176
754,293,3.5318875312805176
682,1303,3.5318875312805176
407,186,3.5318875312805176
567,223,3.5318875312805176
795,4,3.5318875312805176
401,663,3.5318875312805176
870,569,3.5318875312805176
868,427,3.5318875312805176
118,421,3.5318875312805176
189,137,3.5318875312805176
639,662,3.5318875312805176
844,97,3.5318875312805176
232,270,3.5318875312805176
51,479,3.5318875312805176
342,289,3.5318875312805176
643,423,3.5318875312805176
299,1258,3.5318875312805176
655,24,3.5318875312805176
655,19,3.5318875312805176
886,467,3.5318875312805176
227,127,3.5318875312805176
541,142,3.5318875312805176
42,468,3.5318875312805176
661,215,3.5318875312805176
22,89,3.5318875312805176
391,300,3.5318875312805176
410,538,3.5318875312805176
350,127,3.5318875312805176
559,238,3.5318875312805176
279,147,3.5318875312805176
788,712,3.5318875312805176
94,288,3.5318875312805176
920,307,3.5318875312805176
562,435,3.5318875312805176
615,523,3.5318875312805176
326,48,3.5318875312805176
44,183,3.5318875312805176
416,66,3.5318875312805176
122,70,3.5318875312805176
707,449,3.5318875312805176
717,111,3.5318875312805176
523,72,3.5318875312805176
548,283,3.5318875312805176
216,1161,3.5318875312805176
11,745,3.5318875312805176
897,161,3.5318875312805176
846,215,3.5318875312805176
454,55,3.5318875312805176
249,68,3.5318875312805176
436,715,3.5318875312805176
909,326,3.5318875312805176
456,42,3.5318875312805176
425,529,3.5318875312805176
363,435,3.5318875312805176
508,82,3.5318875312805176
764,696,3.5318875312805176
567,83,3.5318875312805176
279,105,3.5318875312805176
182,111,3.5318875312805176
311,523,3.5318875312805176
128,380,3.5318875312805176
643,794,3.5318875312805176
645,258,3.5318875312805176
503,582,3.5318875312805176
307,215,3.5318875312805176
506,218,3.5318875312805176
768,151,3.5318875312805176
12,684,3.5318875312805176
864,800,3.5318875312805176
621,1016,3.5318875312805176
838,50,3.5318875312805176
796,274,3.5318875312805176
329,198,3.5318875312805176
343,528,3.5318875312805176
279,1266,3.5318875312805176
741,131,3.5318875312805176
280,40,3.5318875312805176
757,97,3.5318875312805176
848,153,3.5318875312805176
373,510,3.5318875312805176
704,180,3.5318875312805176
664,96,3.5318875312805176
243,137,3.5318875312805176
60,606,3.5318875312805176
528,210,3.5318875312805176
840,172,3.5318875312805176
666,98,3.5318875312805176
38,161,3.5318875312805176
94,125,3.5318875312805176
639,673,3.5318875312805176
825,1087,3.5318875312805176
828,322,3.5318875312805176
885,756,3.5318875312805176
653,732,3.5318875312805176
437,287,3.5318875312805176
295,98,3.5318875312805176
474,528,3.5318875312805176
211,526,3.5318875312805176
717,866,3.5318875312805176
940,153,3.5318875312805176
568,631,3.5318875312805176
507,298,3.5318875312805176
34,310,3.5318875312805176
334,69,3.5318875312805176
707,582,3.5318875312805176
463,985,3.5318875312805176
59,699,3.5318875312805176
752,690,3.5318875312805176
902,300,3.5318875312805176
694,138,3.5318875312805176
552,628,3.5318875312805176
92,134,3.5318875312805176
406,665,3.5318875312805176
676,315,3.5318875312805176
195,384,3.5318875312805176
736,533,3.5318875312805176
654,742,3.5318875312805176
551,281,3.5318875312805176
350,340,3.5318875312805176
125,513,3.5318875312805176
930,1010,3.5318875312805176
387,268,3.5318875312805176
244,676,3.5318875312805176
610,7,3.5318875312805176
503,121,3.5318875312805176
458,514,3.5318875312805176
7,626,3.5318875312805176
943,234,3.5318875312805176
18,189,3.5318875312805176
164,281,3.5318875312805176
269,167,3.5318875312805176
466,172,3.5318875312805176
716,1020,3.5318875312805176
870,378,3.5318875312805176
805,603,3.5318875312805176
697,50,3.5318875312805176
267,64,3.5318875312805176
422,379,3.5318875312805176
635,307,3.5318875312805176
151,492,3.5318875312805176
674,313,3.5318875312805176
711,425,3.5318875312805176
684,716,3.5318875312805176
268,525,3.5318875312805176
59,181,3.5318875312805176
57,588,3.5318875312805176
264,671,3.5318875312805176
201,26,3.5318875312805176
588,451,3.5318875312805176
863,328,3.5318875312805176
838,318,3.5318875312805176
468,12,3.5318875312805176
831,307,3.5318875312805176
24,100,3.5318875312805176
913,11,3.5318875312805176
586,39,3.5318875312805176
870,333,3.5318875312805176
398,208,3.5318875312805176
207,127,3.5318875312805176
26,831,3.5318875312805176
621,87,3.5318875312805176
770,919,3.5318875312805176
235,96,3.5318875312805176
666,264,3.5318875312805176
924,605,3.5318875312805176
90,505,3.5318875312805176
634,273,3.5318875312805176
561,942,3.5318875312805176
487,231,3.5318875312805176
334,577,3.5318875312805176
624,295,3.5318875312805176
523,306,3.5318875312805176
491,124,3.5318875312805176
493,475,3.5318875312805176
387,446,3.5318875312805176
343,510,3.5318875312805176
650,692,3.5318875312805176
318,722,3.5318875312805176
195,887,3.5318875312805176
327,778,3.5318875312805176
650,480,3.5318875312805176
452,492,3.5318875312805176
870,653,3.5318875312805176
315,732,3.5318875312805176
429,475,3.5318875312805176
668,993,3.5318875312805176
270,283,3.5318875312805176
445,823,3.5318875312805176
87,871,3.5318875312805176
487,300,3.5318875312805176
393,280,3.5318875312805176
535,83,3.5318875312805176
293,257,3.5318875312805176
344,176,3.5318875312805176
234,318,3.5318875312805176
181,975,3.5318875312805176
42,496,3.5318875312805176
553,615,3.5318875312805176
178,294,3.5318875312805176
884,213,3.5318875312805176
938,928,3.5318875312805176
787,352,3.5318875312805176
378,44,3.5318875312805176
481,204,3.5318875312805176
398,197,3.5318875312805176
537,1197,3.5318875312805176
359,546,3.5318875312805176
848,72,3.5318875312805176
913,741,3.5318875312805176
747,653,3.5318875312805176
663,151,3.5318875312805176
798,87,3.5318875312805176
628,938,3.5318875312805176
269,616,3.5318875312805176
936,106,3.5318875312805176
627,144,3.5318875312805176
901,756,3.5318875312805176
295,290,3.5318875312805176
207,845,3.5318875312805176
290,385,3.5318875312805176
436,642,3.5318875312805176
459,181,3.5318875312805176
399,24,3.5318875312805176
645,512,3.5318875312805176
346,273,3.5318875312805176
489,302,3.5318875312805176
194,62,3.5318875312805176
653,125,3.5318875312805176
716,154,3.5318875312805176
499,7,3.5318875312805176
409,115,3.5318875312805176
862,250,3.5318875312805176
181,278,3.5318875312805176
135,183,3.5318875312805176
653,1014,3.5318875312805176
908,318,3.5318875312805176
151,770,3.5318875312805176
74,300,3.5318875312805176
664,160,3.5318875312805176
704,269,3.5318875312805176
497,679,3.5318875312805176
115,172,3.5318875312805176
504,834,3.5318875312805176
15,742,3.5318875312805176
411,73,3.5318875312805176
911,465,3.5318875312805176
268,566,3.5318875312805176
130,433,3.5318875312805176
504,295,3.5318875312805176
868,621,3.5318875312805176
390,740,3.5318875312805176
468,772,3.5318875312805176
296,285,3.5318875312805176
804,651,3.5318875312805176
537,133,3.5318875312805176
774,228,3.5318875312805176
130,419,3.5318875312805176
650,530,3.5318875312805176
238,258,3.5318875312805176
733,245,3.5318875312805176
331,302,3.5318875312805176
639,28,3.5318875312805176
767,648,3.5318875312805176
864,805,3.5318875312805176
141,1013,3.5318875312805176
194,182,3.5318875312805176
393,77,3.5318875312805176
660,17,3.5318875312805176
771,181,3.5318875312805176
311,180,3.5318875312805176
287,815,3.5318875312805176
887,289,3.5318875312805176
303,284,3.5318875312805176
840,607,3.5318875312805176
798,265,3.5318875312805176
8,96,3.5318875312805176
6,301,3.5318875312805176
138,133,3.5318875312805176
875,22,3.5318875312805176
466,882,3.5318875312805176
250,174,3.5318875312805176
72,480,3.5318875312805176
399,475,3.5318875312805176
719,69,3.5318875312805176
59,473,3.5318875312805176
59,647,3.5318875312805176
721,680,3.5318875312805176
763,61,3.5318875312805176
766,1050,3.5318875312805176
85,195,3.5318875312805176
49,147,3.5318875312805176
28,227,3.5318875312805176
336,692,3.5318875312805176
774,186,3.5318875312805176
450,305,3.5318875312805176
844,168,3.5318875312805176
293,168,3.5318875312805176
243,1115,3.5318875312805176
488,176,3.5318875312805176
222,627,3.5318875312805176
174,147,3.5318875312805176
807,399,3.5318875312805176
11,526,3.5318875312805176
943,625,3.5318875312805176
655,1007,3.5318875312805176
159,595,3.5318875312805176
933,710,3.5318875312805176
385,745,3.5318875312805176
453,90,3.5318875312805176
561,284,3.5318875312805176
693,77,3.5318875312805176
605,14,3.5318875312805176
268,450,3.5318875312805176
429,591,3.5318875312805176
593,157,3.5318875312805176
59,705,3.5318875312805176
327,302,3.5318875312805176
932,482,3.5318875312805176
239,114,3.5318875312805176
483,9,3.5318875312805176
497,268,3.5318875312805176
818,751,3.5318875312805176
738,136,3.5318875312805176
66,281,3.5318875312805176
768,257,3.5318875312805176
117,268,3.5318875312805176
290,546,3.5318875312805176
374,24,3.5318875312805176
85,629,3.5318875312805176
804,288,3.5318875312805176
102,202,3.5318875312805176
405,1556,3.5318875312805176
438,284,3.5318875312805176
343,134,3.5318875312805176
416,1428,3.5318875312805176
409,210,3.5318875312805176
450,423,3.5318875312805176
470,319,3.5318875312805176
10,371,3.5318875312805176
604,637,3.5318875312805176
707,478,3.5318875312805176
543,183,3.5318875312805176
280,1048,3.5318875312805176
334,1051,3.5318875312805176
328,570,3.5318875312805176
94,100,3.5318875312805176
200,202,3.5318875312805176
44,1058,3.5318875312805176
119,492,3.5318875312805176
271,13,3.5318875312805176
452,234,3.5318875312805176
869,412,3.5318875312805176
318,610,3.5318875312805176
109,159,3.5318875312805176
34,299,3.5318875312805176
473,9,3.5318875312805176
711,58,3.5318875312805176
747,625,3.5318875312805176
721,755,3.5318875312805176
790,91,3.5318875312805176
393,802,3.5318875312805176
304,879,3.5318875312805176
393,356,3.5318875312805176
805,588,3.5318875312805176
392,1226,3.5318875312805176
655,293,3.5318875312805176
852,100,3.5318875312805176
184,399,3.5318875312805176
184,182,3.5318875312805176
935,118,3.5318875312805176
637,744,3.5318875312805176
586,756,3.5318875312805176
896,511,3.5318875312805176
885,949,3.5318875312805176
275,419,3.5318875312805176
650,969,3.5318875312805176
154,496,3.5318875312805176
69,235,3.5318875312805176
1,112,3.5318875312805176
194,762,3.5318875312805176
789,1007,3.5318875312805176
635,358,3.5318875312805176
884,285,3.5318875312805176
774,54,3.5318875312805176
177,322,3.5318875312805176
469,641,3.5318875312805176
474,173,3.5318875312805176
10,712,3.5318875312805176
276,388,3.5318875312805176
757,260,3.5318875312805176
48,202,3.5318875312805176
587,304,3.5318875312805176
630,243,3.5318875312805176
831,56,3.5318875312805176
507,250,3.5318875312805176
479,325,3.5318875312805176
459,220,3.5318875312805176
886,144,3.5318875312805176
216,56,3.5318875312805176
451,1280,3.5318875312805176
472,400,3.5318875312805176
561,48,3.5318875312805176
604,567,3.5318875312805176
479,500,3.5318875312805176
745,79,3.5318875312805176
847,164,3.5318875312805176
361,1074,3.5318875312805176
299,347,3.5318875312805176
347,282,3.5318875312805176
14,276,3.5318875312805176
648,178,3.5318875312805176
122,469,3.5318875312805176
422,200,3.5318875312805176
371,186,3.5318875312805176
167,726,3.5318875312805176
97,100,3.5318875312805176
288,237,3.5318875312805176
121,118,3.5318875312805176
221,24,3.5318875312805176
608,56,3.5318875312805176
627,183,3.5318875312805176
542,70,3.5318875312805176
14,81,3.5318875312805176
313,121,3.5318875312805176
77,518,3.5318875312805176
373,238,3.5318875312805176
268,83,3.5318875312805176
334,50,3.5318875312805176
56,233,3.5318875312805176
416,42,3.5318875312805176
167,831,3.5318875312805176
504,257,3.5318875312805176
249,125,3.5318875312805176
207,185,3.5318875312805176
933,392,3.5318875312805176
417,684,3.5318875312805176
441,25,3.5318875312805176
645,208,3.5318875312805176
65,237,3.5318875312805176
806,133,3.5318875312805176
790,131,3.5318875312805176
286,107,3.5318875312805176
805,212,3.5318875312805176
416,278,3.5318875312805176
640,1073,3.5318875312805176
591,367,3.5318875312805176
591,238,3.5318875312805176
73,1073,3.5318875312805176
579,1047,3.5318875312805176
265,294,3.5318875312805176
842,313,3.5318875312805176
448,750,3.5318875312805176
308,98,3.5318875312805176
56,447,3.5318875312805176
712,228,3.5318875312805176
18,223,3.5318875312805176
2,315,3.5318875312805176
495,1135,3.5318875312805176
434,15,3.5318875312805176
563,692,3.5318875312805176
258,315,3.5318875312805176
116,191,3.5318875312805176
655,127,3.5318875312805176
537,515,3.5318875312805176
248,405,3.5318875312805176
13,234,3.5318875312805176
253,175,3.5318875312805176
853,334,3.5318875312805176
13,202,3.5318875312805176
152,313,3.5318875312805176
320,147,3.5318875312805176
817,124,3.5318875312805176
892,1444,3.5318875312805176
429,820,3.5318875312805176
330,91,3.5318875312805176
653,429,3.5318875312805176
58,240,3.5318875312805176
21,406,3.5318875312805176
882,33,3.5318875312805176
909,286,3.5318875312805176
496,22,3.5318875312805176
201,1229,3.5318875312805176
59,367,3.5318875312805176
214,151,3.5318875312805176
269,3,3.5318875312805176
342,135,3.5318875312805176
13,662,3.5318875312805176
234,724,3.5318875312805176
474,509,3.5318875312805176
577,684,3.5318875312805176
618,485,3.5318875312805176
80,58,3.5318875312805176
42,729,3.5318875312805176
889,193,3.5318875312805176
167,364,3.5318875312805176
178,222,3.5318875312805176
261,117,3.5318875312805176
477,36,3.5318875312805176
379,398,3.5318875312805176
796,623,3.5318875312805176
318,132,3.5318875312805176
467,1017,3.5318875312805176
21,447,3.5318875312805176
279,1288,3.5318875312805176
650,449,3.5318875312805176
840,179,3.5318875312805176
315,185,3.5318875312805176
506,749,3.5318875312805176
671,1597,3.5318875312805176
244,220,3.5318875312805176
249,161,3.5318875312805176
308,649,3.5318875312805176
831,742,3.5318875312805176
870,1073,3.5318875312805176
176,475,3.5318875312805176
313,417,3.5318875312805176
417,1047,3.5318875312805176
397,171,3.5318875312805176
536,275,3.5318875312805176
303,230,3.5318875312805176
587,264,3.5318875312805176
622,1039,3.5318875312805176
293,429,3.5318875312805176
343,1067,3.5318875312805176
671,226,3.5318875312805176
828,753,3.5318875312805176
350,50,3.5318875312805176
393,826,3.5318875312805176
805,338,3.5318875312805176
151,176,3.5318875312805176
303,778,3.5318875312805176
407,525,3.5318875312805176
846,401,3.5318875312805176
423,329,3.5318875312805176
56,237,3.5318875312805176
128,131,3.5318875312805176
190,333,3.5318875312805176
398,134,3.5318875312805176
929,284,3.5318875312805176
373,181,3.5318875312805176
487,559,3.5318875312805176
807,597,3.5318875312805176
823,418,3.5318875312805176
90,69,3.5318875312805176
286,781,3.5318875312805176
346,302,3.5318875312805176
307,431,3.5318875312805176
345,1281,3.5318875312805176
248,475,3.5318875312805176
503,303,3.5318875312805176
933,210,3.5318875312805176
883,8,3.5318875312805176
94,673,3.5318875312805176
883,770,3.5318875312805176
380,956,3.5318875312805176
798,1446,3.5318875312805176
110,791,3.5318875312805176
833,234,3.5318875312805176
934,313,3.5318875312805176
1,222,3.5318875312805176
99,300,3.5318875312805176
331,221,3.5318875312805176
57,1093,3.5318875312805176
287,39,3.5318875312805176
896,719,3.5318875312805176
378,674,3.5318875312805176
763,845,3.5318875312805176
201,212,3.5318875312805176
393,272,3.5318875312805176
886,234,3.5318875312805176
899,111,3.5318875312805176
352,653,3.5318875312805176
790,585,3.5318875312805176
515,347,3.5318875312805176
480,319,3.5318875312805176
532,226,3.5318875312805176
299,487,3.5318875312805176
121,742,3.5318875312805176
504,755,3.5318875312805176
374,466,3.5318875312805176
314,819,3.5318875312805176
855,171,3.5318875312805176
379,9,3.5318875312805176
291,655,3.5318875312805176
847,11,3.5318875312805176
201,636,3.5318875312805176
224,54,3.5318875312805176
749,944,3.5318875312805176
363,29,3.5318875312805176
816,259,3.5318875312805176
747,14,3.5318875312805176
119,194,3.5318875312805176
234,662,3.5318875312805176
694,131,3.5318875312805176
699,929,3.5318875312805176
16,227,3.5318875312805176
551,70,3.5318875312805176
624,411,3.5318875312805176
63,596,3.5318875312805176
403,477,3.5318875312805176
531,688,3.5318875312805176
390,475,3.5318875312805176
538,215,3.5318875312805176
324,282,3.5318875312805176
256,552,3.5318875312805176
919,748,3.5318875312805176
52,498,3.5318875312805176
198,180,3.5318875312805176
655,31,3.5318875312805176
305,482,3.5318875312805176
123,185,3.5318875312805176
297,100,3.5318875312805176
87,111,3.5318875312805176
471,627,3.5318875312805176
903,410,3.5318875312805176
79,370,3.5318875312805176
345,387,3.5318875312805176
796,728,3.5318875312805176
429,732,3.5318875312805176
805,89,3.5318875312805176
826,771,3.5318875312805176
764,595,3.5318875312805176
934,174,3.5318875312805176
716,499,3.5318875312805176
264,240,3.5318875312805176
132,50,3.5318875312805176
851,831,3.5318875312805176
883,96,3.5318875312805176
880,554,3.5318875312805176
846,212,3.5318875312805176
189,105,3.5318875312805176
534,687,3.5318875312805176
835,654,3.5318875312805176
188,470,3.5318875312805176
502,258,3.5318875312805176
417,157,3.5318875312805176
721,197,3.5318875312805176
90,258,3.5318875312805176
125,198,3.5318875312805176
840,495,3.5318875312805176
428,332,3.5318875312805176
488,56,3.5318875312805176
200,652,3.5318875312805176
401,117,3.5318875312805176
304,322,3.5318875312805176
269,504,3.5318875312805176
919,1173,3.5318875312805176
406,664,3.5318875312805176
919,21,3.5318875312805176
896,121,3.5318875312805176
145,394,3.5318875312805176
308,663,3.5318875312805176
394,156,3.5318875312805176
178,295,3.5318875312805176
382,756,3.5318875312805176
805,569,3.5318875312805176
640,315,3.5318875312805176
693,79,3.5318875312805176
405,1470,3.5318875312805176
220,300,3.5318875312805176
554,202,3.5318875312805176
683,271,3.5318875312805176
684,386,3.5318875312805176
435,90,3.5318875312805176
481,88,3.5318875312805176
23,224,3.5318875312805176
159,1013,3.5318875312805176
503,166,3.5318875312805176
112,327,3.5318875312805176
862,70,3.5318875312805176
13,233,3.5318875312805176
882,243,3.5318875312805176
308,203,3.5318875312805176
70,431,3.5318875312805176
804,447,3.5318875312805176
760,202,3.5318875312805176
230,10,3.5318875312805176
411,566,3.5318875312805176
486,1405,3.5318875312805176
839,458,3.5318875312805176
587,268,3.5318875312805176
838,283,3.5318875312805176
758,705,3.5318875312805176
829,1120,3.5318875312805176
217,176,3.5318875312805176
716,102,3.5318875312805176
868,327,3.5318875312805176
264,23,3.5318875312805176
417,727,3.5318875312805176
618,1,3.5318875312805176
497,722,3.5318875312805176
193,259,3.5318875312805176
184,742,3.5318875312805176
56,597,3.5318875312805176
655,66,3.5318875312805176
868,189,3.5318875312805176
130,82,3.5318875312805176
429,431,3.5318875312805176
345,235,3.5318875312805176
561,72,3.5318875312805176
280,225,3.5318875312805176
1,93,3.5318875312805176
69,321,3.5318875312805176
49,433,3.5318875312805176
740,340,3.5318875312805176
450,417,3.5318875312805176
193,195,3.5318875312805176
397,322,3.5318875312805176
699,870,3.5318875312805176
757,195,3.5318875312805176
246,672,3.5318875312805176
230,568,3.5318875312805176
883,168,3.5318875312805176
616,349,3.5318875312805176
85,433,3.5318875312805176
634,819,3.5318875312805176
738,403,3.5318875312805176
676,144,3.5318875312805176
893,258,3.5318875312805176
212,631,3.5318875312805176
308,265,3.5318875312805176
922,596,3.5318875312805176
56,451,3.5318875312805176
447,474,3.5318875312805176
429,167,3.5318875312805176
686,26,3.5318875312805176
435,53,3.5318875312805176
747,580,3.5318875312805176
222,51,3.5318875312805176
44,946,3.5318875312805176
794,150,3.5318875312805176
405,860,3.5318875312805176
881,432,3.5318875312805176
753,272,3.5318875312805176
20,931,3.5318875312805176
880,295,3.5318875312805176
932,529,3.5318875312805176
164,237,3.5318875312805176
58,483,3.5318875312805176
377,154,3.5318875312805176
29,270,3.5318875312805176
643,451,3.5318875312805176
389,722,3.5318875312805176
321,205,3.5318875312805176
286,168,3.5318875312805176
63,475,3.5318875312805176
263,323,3.5318875312805176
394,96,3.5318875312805176
268,823,3.5318875312805176
234,646,3.5318875312805176
614,25,3.5318875312805176
83,1035,3.5318875312805176
388,266,3.5318875312805176
881,188,3.5318875312805176
804,141,3.5318875312805176
244,856,3.5318875312805176
546,294,3.5318875312805176
622,215,3.5318875312805176
442,943,3.5318875312805176
13,915,3.5318875312805176
531,895,3.5318875312805176
241,288,3.5318875312805176
44,636,3.5318875312805176
16,202,3.5318875312805176
18,56,3.5318875312805176
631,332,3.5318875312805176
776,234,3.5318875312805176
727,5,3.5318875312805176
495,144,3.5318875312805176
94,235,3.5318875312805176
495,452,3.5318875312805176
940,692,3.5318875312805176
360,511,3.5318875312805176
498,186,3.5318875312805176
766,481,3.5318875312805176
610,527,3.5318875312805176
751,479,3.5318875312805176
775,315,3.5318875312805176
835,310,3.5318875312805176
708,538,3.5318875312805176
640,732,3.5318875312805176
332,696,3.5318875312805176
334,537,3.5318875312805176
823,79,3.5318875312805176
219,13,3.5318875312805176
405,1509,3.5318875312805176
674,827,3.5318875312805176
800,25,3.5318875312805176
328,614,3.5318875312805176
839,117,3.5318875312805176
18,963,3.5318875312805176
907,172,3.5318875312805176
714,15,3.5318875312805176
495,357,3.5318875312805176
452,102,3.5318875312805176
641,484,3.5318875312805176
43,315,3.5318875312805176
561,52,3.5318875312805176
37,79,3.5318875312805176
669,190,3.5318875312805176
891,978,3.5318875312805176
421,516,3.5318875312805176
393,751,3.5318875312805176
738,164,3.5318875312805176
933,866,3.5318875312805176
268,70,3.5318875312805176
92,88,3.5318875312805176
433,303,3.5318875312805176
908,133,3.5318875312805176
407,182,3.5318875312805176
128,276,3.5318875312805176
854,1013,3.5318875312805176
414,272,3.5318875312805176
303,300,3.5318875312805176
883,83,3.5318875312805176
424,427,3.5318875312805176
618,497,3.5318875312805176
344,12,3.5318875312805176
527,275,3.5318875312805176
155,988,3.5318875312805176
115,357,3.5318875312805176
848,195,3.5318875312805176
66,471,3.5318875312805176
870,1014,3.5318875312805176
379,64,3.5318875312805176
805,1,3.5318875312805176
488,245,3.5318875312805176
94,581,3.5318875312805176
283,588,3.5318875312805176
38,1033,3.5318875312805176
406,154,3.5318875312805176
665,147,3.5318875312805176
849,588,3.5318875312805176
21,741,3.5318875312805176
883,98,3.5318875312805176
214,154,3.5318875312805176
405,842,3.5318875312805176
246,735,3.5318875312805176
661,255,3.5318875312805176
68,275,3.5318875312805176
1,126,3.5318875312805176
393,56,3.5318875312805176
230,419,3.5318875312805176
379,701,3.5318875312805176
556,302,3.5318875312805176
730,258,3.5318875312805176
655,1194,3.5318875312805176
235,701,3.5318875312805176
130,930,3.5318875312805176
429,233,3.5318875312805176
280,58,3.5318875312805176
327,298,3.5318875312805176
851,261,3.5318875312805176
10,168,3.5318875312805176
12,97,3.5318875312805176
828,961,3.5318875312805176
786,28,3.5318875312805176
722,458,3.5318875312805176
534,1047,3.5318875312805176
13,589,3.5318875312805176
343,64,3.5318875312805176
916,164,3.5318875312805176
406,661,3.5318875312805176
484,554,3.5318875312805176
276,354,3.5318875312805176
435,39,3.5318875312805176
3,271,3.5318875312805176
126,340,3.5318875312805176
916,566,3.5318875312805176
406,528,3.5318875312805176
82,474,3.5318875312805176
788,684,3.5318875312805176
561,660,3.5318875312805176
823,172,3.5318875312805176
432,249,3.5318875312805176
769,222,3.5318875312805176
524,168,3.5318875312805176
780,385,3.5318875312805176
554,22,3.5318875312805176
630,871,3.5318875312805176
888,237,3.5318875312805176
20,22,3.5318875312805176
870,7,3.5318875312805176
788,73,3.5318875312805176
299,297,3.5318875312805176
593,210,3.5318875312805176
455,455,3.5318875312805176
239,482,3.5318875312805176
703,508,3.5318875312805176
693,216,3.5318875312805176
49,90,3.5318875312805176
932,489,3.5318875312805176
532,1221,3.5318875312805176
10,420,3.5318875312805176
299,1056,3.5318875312805176
774,250,3.5318875312805176
699,886,3.5318875312805176
216,181,3.5318875312805176
537,216,3.5318875312805176
460,458,3.5318875312805176
297,4,3.5318875312805176
485,319,3.5318875312805176
42,121,3.5318875312805176
887,993,3.5318875312805176
708,845,3.5318875312805176
271,276,3.5318875312805176
802,264,3.5318875312805176
588,133,3.5318875312805176
96,183,3.5318875312805176
445,276,3.5318875312805176
473,285,3.5318875312805176
676,286,3.5318875312805176
299,14,3.5318875312805176
916,1109,3.5318875312805176
238,458,3.5318875312805176
279,191,3.5318875312805176
896,1423,3.5318875312805176
357,826,3.5318875312805176
890,215,3.5318875312805176
92,931,3.5318875312805176
83,748,3.5318875312805176
450,1192,3.5318875312805176
494,194,3.5318875312805176
890,501,3.5318875312805176
416,678,3.5318875312805176
798,941,3.5318875312805176
119,174,3.5318875312805176
561,243,3.5318875312805176
221,763,3.5318875312805176
417,508,3.5318875312805176
823,762,3.5318875312805176
919,112,3.5318875312805176
387,208,3.5318875312805176
305,471,3.5318875312805176
294,347,3.5318875312805176
379,447,3.5318875312805176
389,955,3.5318875312805176
524,215,3.5318875312805176
210,763,3.5318875312805176
310,257,3.5318875312805176
629,265,3.5318875312805176
94,1188,3.5318875312805176
181,1242,3.5318875312805176
650,479,3.5318875312805176
639,962,3.5318875312805176
921,1028,3.5318875312805176
806,188,3.5318875312805176
894,83,3.5318875312805176
276,797,3.5318875312805176
868,480,3.5318875312805176
682,274,3.5318875312805176
682,697,3.5318875312805176
115,117,3.5318875312805176
409,514,3.5318875312805176
882,290,3.5318875312805176
721,329,3.5318875312805176
752,286,3.5318875312805176
222,391,3.5318875312805176
747,8,3.5318875312805176
387,678,3.5318875312805176
348,628,3.5318875312805176
528,193,3.5318875312805176
42,66,3.5318875312805176
23,694,3.5318875312805176
748,222,3.5318875312805176
833,1149,3.5318875312805176
296,10,3.5318875312805176
806,518,3.5318875312805176
331,190,3.5318875312805176
339,32,3.5318875312805176
406,206,3.5318875312805176
363,561,3.5318875312805176
201,1169,3.5318875312805176
409,504,3.5318875312805176
821,1,3.5318875312805176
13,906,3.5318875312805176
176,257,3.5318875312805176
181,1379,3.5318875312805176
406,173,3.5318875312805176
276,268,3.5318875312805176
407,135,3.5318875312805176
892,90,3.5318875312805176
429,1285,3.5318875312805176
44,24,3.5318875312805176
151,191,3.5318875312805176
405,775,3.5318875312805176
16,22,3.5318875312805176
588,144,3.5318875312805176
495,448,3.5318875312805176
416,187,3.5318875312805176
256,1228,3.5318875312805176
455,286,3.5318875312805176
77,250,3.5318875312805176
696,1062,3.5318875312805176
439,240,3.5318875312805176
630,191,3.5318875312805176
87,396,3.5318875312805176
268,381,3.5318875312805176
907,317,3.5318875312805176
42,742,3.5318875312805176
756,66,3.5318875312805176
155,286,3.5318875312805176
464,127,3.5318875312805176
934,705,3.5318875312805176
432,298,3.5318875312805176
735,1,3.5318875312805176
535,192,3.5318875312805176
802,323,3.5318875312805176
460,13,3.5318875312805176
480,96,3.5318875312805176
294,235,3.5318875312805176
372,581,3.5318875312805176
145,544,3.5318875312805176
903,1073,3.5318875312805176
139,458,3.5318875312805176
210,15,3.5318875312805176
541,1442,3.5318875312805176
49,320,3.5318875312805176
268,1046,3.5318875312805176
500,421,3.5318875312805176
279,671,3.5318875312805176
238,220,3.5318875312805176
331,238,3.5318875312805176
504,386,3.5318875312805176
42,111,3.5318875312805176
21,774,3.5318875312805176
342,866,3.5318875312805176
276,732,3.5318875312805176
537,307,3.5318875312805176
437,86,3.5318875312805176
360,194,3.5318875312805176
60,507,3.5318875312805176
721,318,3.5318875312805176
299,259,3.5318875312805176
312,505,3.5318875312805176
931,121,3.5318875312805176
900,288,3.5318875312805176
551,721,3.5318875312805176
392,324,3.5318875312805176
327,178,3.5318875312805176
297,69,3.5318875312805176
913,789,3.5318875312805176
18,6,3.5318875312805176
666,162,3.5318875312805176
481,238,3.5318875312805176
99,111,3.5318875312805176
474,478,3.5318875312805176
733,546,3.5318875312805176
308,42,3.5318875312805176
364,875,3.5318875312805176
512,258,3.5318875312805176
519,259,3.5318875312805176
286,250,3.5318875312805176
776,95,3.5318875312805176
95,1219,3.5318875312805176
13,844,3.5318875312805176
537,19,3.5318875312805176
405,422,3.5318875312805176
627,174,3.5318875312805176
480,863,3.5318875312805176
672,225,3.5318875312805176
600,89,3.5318875312805176
486,15,3.5318875312805176
10,707,3.5318875312805176
881,542,3.5318875312805176
215,523,3.5318875312805176
198,215,3.5318875312805176
222,40,3.5318875312805176
912,523,3.5318875312805176
215,432,3.5318875312805176
751,117,3.5318875312805176
823,708,3.5318875312805176
389,154,3.5318875312805176
469,511,3.5318875312805176
334,208,3.5318875312805176
197,1228,3.5318875312805176
588,1180,3.5318875312805176
796,284,3.5318875312805176
366,201,3.5318875312805176
897,117,3.5318875312805176
498,10,3.5318875312805176
796,1057,3.5318875312805176
49,300,3.5318875312805176
551,159,3.5318875312805176
622,204,3.5318875312805176
585,1475,3.5318875312805176
104,412,3.5318875312805176
313,176,3.5318875312805176
288,289,3.5318875312805176
445,64,3.5318875312805176
57,682,3.5318875312805176
223,819,3.5318875312805176
883,1592,3.5318875312805176
758,151,3.5318875312805176
31,328,3.5318875312805176
421,238,3.5318875312805176
224,328,3.5318875312805176
224,28,3.5318875312805176
774,1118,3.5318875312805176
634,294,3.5318875312805176
837,181,3.5318875312805176
201,282,3.5318875312805176
56,426,3.5318875312805176
815,216,3.5318875312805176
343,196,3.5318875312805176
271,187,3.5318875312805176
87,451,3.5318875312805176
832,323,3.5318875312805176
345,742,3.5318875312805176
472,168,3.5318875312805176
205,984,3.5318875312805176
181,925,3.5318875312805176
305,512,3.5318875312805176
358,639,3.5318875312805176
936,358,3.5318875312805176
854,919,3.5318875312805176
633,654,3.5318875312805176
262,1095,3.5318875312805176
181,948,3.5318875312805176
562,174,3.5318875312805176
479,190,3.5318875312805176
546,413,3.5318875312805176
623,659,3.5318875312805176
847,301,3.5318875312805176
901,322,3.5318875312805176
420,288,3.5318875312805176
200,892,3.5318875312805176
295,739,3.5318875312805176
749,402,3.5318875312805176
56,230,3.5318875312805176
766,747,3.5318875312805176
648,4,3.5318875312805176
92,521,3.5318875312805176
401,404,3.5318875312805176
312,498,3.5318875312805176
44,449,3.5318875312805176
405,1139,3.5318875312805176
435,462,3.5318875312805176
173,258,3.5318875312805176
254,164,3.5318875312805176
541,403,3.5318875312805176
642,88,3.5318875312805176
397,8,3.5318875312805176
421,194,3.5318875312805176
536,489,3.5318875312805176
320,77,3.5318875312805176
334,154,3.5318875312805176
682,68,3.5318875312805176
389,1451,3.5318875312805176
345,226,3.5318875312805176
363,7,3.5318875312805176
343,153,3.5318875312805176
429,195,3.5318875312805176
537,117,3.5318875312805176
804,135,3.5318875312805176
409,664,3.5318875312805176
375,761,3.5318875312805176
798,465,3.5318875312805176
650,163,3.5318875312805176
795,1095,3.5318875312805176
328,696,3.5318875312805176
296,1160,3.5318875312805176
130,739,3.5318875312805176
916,593,3.5318875312805176
877,727,3.5318875312805176
345,1315,3.5318875312805176
450,609,3.5318875312805176
167,232,3.5318875312805176
882,177,3.5318875312805176
279,233,3.5318875312805176
185,703,3.5318875312805176
13,312,3.5318875312805176
261,288,3.5318875312805176
544,292,3.5318875312805176
655,793,3.5318875312805176
778,117,3.5318875312805176
201,544,3.5318875312805176
586,229,3.5318875312805176
786,708,3.5318875312805176
56,68,3.5318875312805176
575,96,3.5318875312805176
87,208,3.5318875312805176
291,455,3.5318875312805176
291,31,3.5318875312805176
504,364,3.5318875312805176
13,822,3.5318875312805176
709,127,3.5318875312805176
697,1012,3.5318875312805176
686,64,3.5318875312805176
363,549,3.5318875312805176
92,168,3.5318875312805176
393,85,3.5318875312805176
157,120,3.5318875312805176
382,258,3.5318875312805176
409,530,3.5318875312805176
299,83,3.5318875312805176
782,295,3.5318875312805176
246,475,3.5318875312805176
660,164,3.5318875312805176
328,159,3.5318875312805176
854,492,3.5318875312805176
943,284,3.5318875312805176
896,85,3.5318875312805176
267,1401,3.5318875312805176
378,230,3.5318875312805176
847,121,3.5318875312805176
371,431,3.5318875312805176
788,498,3.5318875312805176
27,1017,3.5318875312805176
886,81,3.5318875312805176
280,127,3.5318875312805176
453,496,3.5318875312805176
336,105,3.5318875312805176
787,1671,3.5318875312805176
489,340,3.5318875312805176
559,519,3.5318875312805176
60,835,3.5318875312805176
836,654,3.5318875312805176
345,508,3.5318875312805176
506,418,3.5318875312805176
637,149,3.5318875312805176
833,1017,3.5318875312805176
554,204,3.5318875312805176
655,60,3.5318875312805176
198,230,3.5318875312805176
532,143,3.5318875312805176
345,655,3.5318875312805176
293,554,3.5318875312805176
221,737,3.5318875312805176
790,1040,3.5318875312805176
123,606,3.5318875312805176
861,52,3.5318875312805176
741,5,3.5318875312805176
456,447,3.5318875312805176
477,731,3.5318875312805176
787,324,3.5318875312805176
592,169,3.5318875312805176
880,365,3.5318875312805176
225,603,3.5318875312805176
254,1060,3.5318875312805176
880,71,3.5318875312805176
846,474,3.5318875312805176
295,72,3.5318875312805176
12,172,3.5318875312805176
417,222,3.5318875312805176
167,392,3.5318875312805176
601,365,3.5318875312805176
500,122,3.5318875312805176
11,227,3.5318875312805176
535,268,3.5318875312805176
222,386,3.5318875312805176
229,316,3.5318875312805176
83,751,3.5318875312805176
429,81,3.5318875312805176
588,578,3.5318875312805176
447,7,3.5318875312805176
486,408,3.5318875312805176
770,303,3.5318875312805176
286,790,3.5318875312805176
338,663,3.5318875312805176
659,143,3.5318875312805176
577,82,3.5318875312805176
385,48,3.5318875312805176
527,174,3.5318875312805176
814,53,3.5318875312805176
610,477,3.5318875312805176
306,242,3.5318875312805176
406,845,3.5318875312805176
870,447,3.5318875312805176
398,2,3.5318875312805176
872,820,3.5318875312805176
238,286,3.5318875312805176
884,736,3.5318875312805176
92,433,3.5318875312805176
663,265,3.5318875312805176
181,718,3.5318875312805176
62,86,3.5318875312805176
82,111,3.5318875312805176
95,226,3.5318875312805176
361,70,3.5318875312805176
6,211,3.5318875312805176
472,233,3.5318875312805176
27,118,3.5318875312805176
200,495,3.5318875312805176
393,833,3.5318875312805176
798,568,3.5318875312805176
18,971,3.5318875312805176
90,489,3.5318875312805176
7,430,3.5318875312805176
308,208,3.5318875312805176
197,302,3.5318875312805176
499,251,3.5318875312805176
253,679,3.5318875312805176
44,427,3.5318875312805176
343,124,3.5318875312805176
156,58,3.5318875312805176
487,732,3.5318875312805176
210,238,3.5318875312805176
28,448,3.5318875312805176
236,56,3.5318875312805176
201,326,3.5318875312805176
495,226,3.5318875312805176
648,429,3.5318875312805176
826,228,3.5318875312805176
10,657,3.5318875312805176
10,192,3.5318875312805176
166,258,3.5318875312805176
398,993,3.5318875312805176
653,239,3.5318875312805176
582,508,3.5318875312805176
214,461,3.5318875312805176
268,399,3.5318875312805176
620,795,3.5318875312805176
363,180,3.5318875312805176
870,180,3.5318875312805176
21,564,3.5318875312805176
330,95,3.5318875312805176
807,1078,3.5318875312805176
833,826,3.5318875312805176
94,76,3.5318875312805176
332,44,3.5318875312805176
162,254,3.5318875312805176
398,969,3.5318875312805176
736,1089,3.5318875312805176
721,294,3.5318875312805176
705,196,3.5318875312805176
59,528,3.5318875312805176
168,284,3.5318875312805176
930,107,3.5318875312805176
892,760,3.5318875312805176
486,270,3.5318875312805176
7,499,3.5318875312805176
567,185,3.5318875312805176
524,403,3.5318875312805176
621,546,3.5318875312805176
502,264,3.5318875312805176
60,514,3.5318875312805176
388,9,3.5318875312805176
24,249,3.5318875312805176
184,476,3.5318875312805176
496,53,3.5318875312805176
119,109,3.5318875312805176
707,168,3.5318875312805176
840,419,3.5318875312805176
363,200,3.5318875312805176
497,185,3.5318875312805176
276,523,3.5318875312805176
630,1040,3.5318875312805176
254,843,3.5318875312805176
271,196,3.5318875312805176
658,195,3.5318875312805176
417,625,3.5318875312805176
121,744,3.5318875312805176
823,747,3.5318875312805176
588,597,3.5318875312805176
391,1163,3.5318875312805176
930,117,3.5318875312805176
42,2,3.5318875312805176
605,275,3.5318875312805176
568,134,3.5318875312805176
622,166,3.5318875312805176
601,153,3.5318875312805176
479,213,3.5318875312805176
711,197,3.5318875312805176
758,239,3.5318875312805176
650,519,3.5318875312805176
6,530,3.5318875312805176
508,175,3.5318875312805176
922,202,3.5318875312805176
25,141,3.5318875312805176
687,988,3.5318875312805176
626,302,3.5318875312805176
293,202,3.5318875312805176
805,83,3.5318875312805176
389,489,3.5318875312805176
95,110,3.5318875312805176
164,411,3.5318875312805176
666,32,3.5318875312805176
389,155,3.5318875312805176
54,252,3.5318875312805176
109,97,3.5318875312805176
429,499,3.5318875312805176
765,237,3.5318875312805176
145,450,3.5318875312805176
193,237,3.5318875312805176
477,90,3.5318875312805176
548,156,3.5318875312805176
879,763,3.5318875312805176
642,1509,3.5318875312805176
585,224,3.5318875312805176
253,100,3.5318875312805176
256,684,3.5318875312805176
541,655,3.5318875312805176
94,443,3.5318875312805176
641,1194,3.5318875312805176
496,652,3.5318875312805176
385,273,3.5318875312805176
518,121,3.5318875312805176
163,433,3.5318875312805176
13,518,3.5318875312805176
303,475,3.5318875312805176
538,181,3.5318875312805176
280,690,3.5318875312805176
62,1135,3.5318875312805176
894,885,3.5318875312805176
151,81,3.5318875312805176
537,518,3.5318875312805176
27,978,3.5318875312805176
619,405,3.5318875312805176
454,87,3.5318875312805176
693,514,3.5318875312805176
239,419,3.5318875312805176
751,704,3.5318875312805176
258,313,3.5318875312805176
927,623,3.5318875312805176
709,363,3.5318875312805176
57,475,3.5318875312805176
682,801,3.5318875312805176
248,156,3.5318875312805176
276,928,3.5318875312805176
786,709,3.5318875312805176
514,405,3.5318875312805176
301,582,3.5318875312805176
716,568,3.5318875312805176
330,151,3.5318875312805176
878,179,3.5318875312805176
326,1,3.5318875312805176
23,227,3.5318875312805176
320,760,3.5318875312805176
260,272,3.5318875312805176
630,1047,3.5318875312805176
1,246,3.5318875312805176
18,28,3.5318875312805176
38,383,3.5318875312805176
840,493,3.5318875312805176
804,127,3.5318875312805176
790,159,3.5318875312805176
82,121,3.5318875312805176
90,9,3.5318875312805176
274,742,3.5318875312805176
815,614,3.5318875312805176
58,491,3.5318875312805176
918,529,3.5318875312805176
762,875,3.5318875312805176
886,631,3.5318875312805176
263,484,3.5318875312805176
217,679,3.5318875312805176
717,302,3.5318875312805176
2,251,3.5318875312805176
865,117,3.5318875312805176
785,886,3.5318875312805176
417,384,3.5318875312805176
391,131,3.5318875312805176
270,242,3.5318875312805176
515,294,3.5318875312805176
396,840,3.5318875312805176
401,638,3.5318875312805176
505,496,3.5318875312805176
721,1026,3.5318875312805176
887,1116,3.5318875312805176
796,739,3.5318875312805176
537,203,3.5318875312805176
878,781,3.5318875312805176
110,338,3.5318875312805176
465,32,3.5318875312805176
536,510,3.5318875312805176
870,570,3.5318875312805176
462,100,3.5318875312805176
793,106,3.5318875312805176
919,276,3.5318875312805176
790,358,3.5318875312805176
393,21,3.5318875312805176
13,333,3.5318875312805176
44,99,3.5318875312805176
102,204,3.5318875312805176
919,282,3.5318875312805176
110,230,3.5318875312805176
733,515,3.5318875312805176
397,192,3.5318875312805176
863,288,3.5318875312805176
771,283,3.5318875312805176
942,1028,3.5318875312805176
487,546,3.5318875312805176
618,427,3.5318875312805176
738,211,3.5318875312805176
514,328,3.5318875312805176
751,178,3.5318875312805176
782,532,3.5318875312805176
41,181,3.5318875312805176
870,382,3.5318875312805176
125,722,3.5318875312805176
315,17,3.5318875312805176
92,132,3.5318875312805176
450,685,3.5318875312805176
448,303,3.5318875312805176
648,5,3.5318875312805176
338,650,3.5318875312805176
22,241,3.5318875312805176
394,84,3.5318875312805176
256,82,3.5318875312805176
870,203,3.5318875312805176
278,752,3.5318875312805176
753,64,3.5318875312805176
262,145,3.5318875312805176
744,237,3.5318875312805176
371,175,3.5318875312805176
92,591,3.5318875312805176
708,147,3.5318875312805176
194,582,3.5318875312805176
654,143,3.5318875312805176
709,217,3.5318875312805176
442,367,3.5318875312805176
178,866,3.5318875312805176
13,819,3.5318875312805176
798,400,3.5318875312805176
896,824,3.5318875312805176
396,300,3.5318875312805176
643,665,3.5318875312805176
236,237,3.5318875312805176
228,651,3.5318875312805176
894,887,3.5318875312805176
234,192,3.5318875312805176
197,68,3.5318875312805176
912,97,3.5318875312805176
592,223,3.5318875312805176
566,97,3.5318875312805176
926,288,3.5318875312805176
353,326,3.5318875312805176
200,11,3.5318875312805176
535,971,3.5318875312805176
493,274,3.5318875312805176
130,672,3.5318875312805176
201,923,3.5318875312805176
417,180,3.5318875312805176
416,696,3.5318875312805176
112,888,3.5318875312805176
13,511,3.5318875312805176
426,510,3.5318875312805176
94,392,3.5318875312805176
293,251,3.5318875312805176
758,752,3.5318875312805176
804,988,3.5318875312805176
686,806,3.5318875312805176
256,288,3.5318875312805176
218,695,3.5318875312805176
267,227,3.5318875312805176
846,184,3.5318875312805176
398,69,3.5318875312805176
387,195,3.5318875312805176
616,343,3.5318875312805176
13,229,3.5318875312805176
666,604,3.5318875312805176
551,468,3.5318875312805176
846,1069,3.5318875312805176
88,881,3.5318875312805176
6,81,3.5318875312805176
860,302,3.5318875312805176
682,385,3.5318875312805176
263,199,3.5318875312805176
41,100,3.5318875312805176
699,991,3.5318875312805176
374,173,3.5318875312805176
724,259,3.5318875312805176
398,1119,3.5318875312805176
601,195,3.5318875312805176
182,69,3.5318875312805176
33,895,3.5318875312805176
907,647,3.5318875312805176
20,678,3.5318875312805176
495,91,3.5318875312805176
458,321,3.5318875312805176
256,864,3.5318875312805176
125,63,3.5318875312805176
507,334,3.5318875312805176
921,71,3.5318875312805176
21,558,3.5318875312805176
653,471,3.5318875312805176
276,916,3.5318875312805176
385,218,3.5318875312805176
518,370,3.5318875312805176
406,211,3.5318875312805176
56,473,3.5318875312805176
405,943,3.5318875312805176
199,539,3.5318875312805176
222,196,3.5318875312805176
813,259,3.5318875312805176
450,288,3.5318875312805176
407,201,3.5318875312805176
503,234,3.5318875312805176
868,825,3.5318875312805176
130,168,3.5318875312805176
90,26,3.5318875312805176
254,234,3.5318875312805176
279,741,3.5318875312805176
394,218,3.5318875312805176
405,734,3.5318875312805176
110,69,3.5318875312805176
276,655,3.5318875312805176
64,190,3.5318875312805176
406,410,3.5318875312805176
291,71,3.5318875312805176
735,285,3.5318875312805176
70,230,3.5318875312805176
312,633,3.5318875312805176
289,109,3.5318875312805176
184,79,3.5318875312805176
301,196,3.5318875312805176
479,380,3.5318875312805176
236,185,3.5318875312805176
489,313,3.5318875312805176
393,303,3.5318875312805176
62,421,3.5318875312805176
551,410,3.5318875312805176
887,225,3.5318875312805176
524,831,3.5318875312805176
903,61,3.5318875312805176
439,405,3.5318875312805176
111,344,3.5318875312805176
405,923,3.5318875312805176
796,934,3.5318875312805176
561,925,3.5318875312805176
222,90,3.5318875312805176
405,58,3.5318875312805176
293,208,3.5318875312805176
532,338,3.5318875312805176
253,496,3.5318875312805176
497,153,3.5318875312805176
834,276,3.5318875312805176
688,338,3.5318875312805176
846,42,3.5318875312805176
840,855,3.5318875312805176
203,475,3.5318875312805176
537,472,3.5318875312805176
939,15,3.5318875312805176
349,25,3.5318875312805176
23,131,3.5318875312805176
5,368,3.5318875312805176
92,528,3.5318875312805176
76,182,3.5318875312805176
724,989,3.5318875312805176
642,1091,3.5318875312805176
200,679,3.5318875312805176
591,13,3.5318875312805176
549,282,3.5318875312805176
543,199,3.5318875312805176
35,243,3.5318875312805176
337,135,3.5318875312805176
712,996,3.5318875312805176
195,451,3.5318875312805176
655,186,3.5318875312805176
896,139,3.5318875312805176
862,92,3.5318875312805176
263,521,3.5318875312805176
522,179,3.5318875312805176
514,118,3.5318875312805176
13,323,3.5318875312805176
933,151,3.5318875312805176
682,1016,3.5318875312805176
796,409,3.5318875312805176
142,463,3.5318875312805176
551,28,3.5318875312805176
458,435,3.5318875312805176
495,417,3.5318875312805176
653,213,3.5318875312805176
450,312,3.5318875312805176
655,1634,3.5318875312805176
294,872,3.5318875312805176
833,1335,3.5318875312805176
727,196,3.5318875312805176
308,616,3.5318875312805176
680,117,3.5318875312805176
450,1208,3.5318875312805176
321,153,3.5318875312805176
226,527,3.5318875312805176
253,192,3.5318875312805176
144,190,3.5318875312805176
458,301,3.5318875312805176
269,793,3.5318875312805176
934,661,3.5318875312805176
435,271,3.5318875312805176
752,301,3.5318875312805176
625,183,3.5318875312805176
882,98,3.5318875312805176
592,320,3.5318875312805176
56,728,3.5318875312805176
342,212,3.5318875312805176
506,10,3.5318875312805176
327,90,3.5318875312805176
229,875,3.5318875312805176
882,208,3.5318875312805176
342,287,3.5318875312805176
761,237,3.5318875312805176
301,288,3.5318875312805176
383,134,3.5318875312805176
114,183,3.5318875312805176
12,471,3.5318875312805176
646,895,3.5318875312805176
222,571,3.5318875312805176
223,535,3.5318875312805176
655,236,3.5318875312805176
135,5,3.5318875312805176
821,742,3.5318875312805176
837,286,3.5318875312805176
334,204,3.5318875312805176
307,401,3.5318875312805176
151,491,3.5318875312805176
728,286,3.5318875312805176
291,546,3.5318875312805176
58,56,3.5318875312805176
504,462,3.5318875312805176
843,132,3.5318875312805176
429,7,3.5318875312805176
613,603,3.5318875312805176
901,498,3.5318875312805176
13,520,3.5318875312805176
620,118,3.5318875312805176
311,553,3.5318875312805176
758,269,3.5318875312805176
923,338,3.5318875312805176
236,686,3.5318875312805176
353,333,3.5318875312805176
532,352,3.5318875312805176
222,575,3.5318875312805176
406,485,3.5318875312805176
393,243,3.5318875312805176
2,283,3.5318875312805176
505,56,3.5318875312805176
354,603,3.5318875312805176
52,277,3.5318875312805176
276,591,3.5318875312805176
7,11,3.5318875312805176
249,405,3.5318875312805176
328,448,3.5318875312805176
532,292,3.5318875312805176
795,181,3.5318875312805176
230,607,3.5318875312805176
385,128,3.5318875312805176
756,527,3.5318875312805176
481,484,3.5318875312805176
668,403,3.5318875312805176
880,383,3.5318875312805176
472,660,3.5318875312805176
354,896,3.5318875312805176
457,125,3.5318875312805176
223,1009,3.5318875312805176
21,977,3.5318875312805176
466,210,3.5318875312805176
104,301,3.5318875312805176
864,780,3.5318875312805176
184,127,3.5318875312805176
707,1018,3.5318875312805176
457,48,3.5318875312805176
551,385,3.5318875312805176
405,52,3.5318875312805176
234,496,3.5318875312805176
416,307,3.5318875312805176
374,77,3.5318875312805176
938,273,3.5318875312805176
528,751,3.5318875312805176
452,207,3.5318875312805176
877,549,3.5318875312805176
64,435,3.5318875312805176
740,326,3.5318875312805176
927,395,3.5318875312805176
626,268,3.5318875312805176
711,180,3.5318875312805176
632,91,3.5318875312805176
825,322,3.5318875312805176
876,527,3.5318875312805176
588,40,3.5318875312805176
870,134,3.5318875312805176
733,1,3.5318875312805176
387,7,3.5318875312805176
758,290,3.5318875312805176
102,67,3.5318875312805176
270,218,3.5318875312805176
624,1089,3.5318875312805176
388,672,3.5318875312805176
407,127,3.5318875312805176
230,385,3.5318875312805176
909,165,3.5318875312805176
130,330,3.5318875312805176
235,705,3.5318875312805176
821,15,3.5318875312805176
276,603,3.5318875312805176
312,214,3.5318875312805176
790,417,3.5318875312805176
291,670,3.5318875312805176
761,1272,3.5318875312805176
654,1009,3.5318875312805176
862,120,3.5318875312805176
130,743,3.5318875312805176
379,197,3.5318875312805176
18,367,3.5318875312805176
273,345,3.5318875312805176
327,132,3.5318875312805176
293,155,3.5318875312805176
38,780,3.5318875312805176
298,183,3.5318875312805176
742,7,3.5318875312805176
573,22,3.5318875312805176
812,333,3.5318875312805176
114,180,3.5318875312805176
42,1040,3.5318875312805176
167,949,3.5318875312805176
116,596,3.5318875312805176
198,631,3.5318875312805176
731,136,3.5318875312805176
486,127,3.5318875312805176
455,402,3.5318875312805176
473,508,3.5318875312805176
94,12,3.5318875312805176
527,429,3.5318875312805176
10,711,3.5318875312805176
297,699,3.5318875312805176
824,321,3.5318875312805176
151,781,3.5318875312805176
465,845,3.5318875312805176
399,742,3.5318875312805176
707,311,3.5318875312805176
94,436,3.5318875312805176
864,275,3.5318875312805176
130,237,3.5318875312805176
709,665,3.5318875312805176
775,690,3.5318875312805176
829,639,3.5318875312805176
429,193,3.5318875312805176
782,1296,3.5318875312805176
293,73,3.5318875312805176
682,658,3.5318875312805176
299,820,3.5318875312805176
405,1119,3.5318875312805176
658,9,3.5318875312805176
264,320,3.5318875312805176
550,877,3.5318875312805176
308,792,3.5318875312805176
268,479,3.5318875312805176
861,381,3.5318875312805176
326,96,3.5318875312805176
846,555,3.5318875312805176
914,732,3.5318875312805176
814,145,3.5318875312805176
405,1435,3.5318875312805176
293,651,3.5318875312805176
498,381,3.5318875312805176
593,106,3.5318875312805176
251,405,3.5318875312805176
353,340,3.5318875312805176
92,271,3.5318875312805176
24,275,3.5318875312805176
716,257,3.5318875312805176
392,191,3.5318875312805176
854,1086,3.5318875312805176
406,170,3.5318875312805176
495,55,3.5318875312805176
262,609,3.5318875312805176
314,71,3.5318875312805176
653,55,3.5318875312805176
221,161,3.5318875312805176
463,150,3.5318875312805176
910,9,3.5318875312805176
197,176,3.5318875312805176
312,169,3.5318875312805176
411,209,3.5318875312805176
429,498,3.5318875312805176
92,106,3.5318875312805176
661,48,3.5318875312805176
896,1240,3.5318875312805176
479,173,3.5318875312805176
645,191,3.5318875312805176
305,269,3.5318875312805176
521,829,3.5318875312805176
869,1132,3.5318875312805176
109,72,3.5318875312805176
100,1236,3.5318875312805176
514,890,3.5318875312805176
385,185,3.5318875312805176
200,1028,3.5318875312805176
659,606,3.5318875312805176
357,1047,3.5318875312805176
222,77,3.5318875312805176
110,794,3.5318875312805176
123,134,3.5318875312805176
753,211,3.5318875312805176
782,1014,3.5318875312805176
156,180,3.5318875312805176
533,692,3.5318875312805176
531,259,3.5318875312805176
852,264,3.5318875312805176
496,433,3.5318875312805176
18,221,3.5318875312805176
518,919,3.5318875312805176
401,655,3.5318875312805176
181,221,3.5318875312805176
311,519,3.5318875312805176
181,680,3.5318875312805176
567,271,3.5318875312805176
302,258,3.5318875312805176
808,875,3.5318875312805176
872,272,3.5318875312805176
1,257,3.5318875312805176
848,197,3.5318875312805176
223,1150,3.5318875312805176
406,825,3.5318875312805176
194,135,3.5318875312805176
193,96,3.5318875312805176
193,94,3.5318875312805176
573,144,3.5318875312805176
795,407,3.5318875312805176
15,244,3.5318875312805176
911,205,3.5318875312805176
452,265,3.5318875312805176
759,257,3.5318875312805176
211,257,3.5318875312805176
518,289,3.5318875312805176
666,410,3.5318875312805176
796,871,3.5318875312805176
207,471,3.5318875312805176
457,792,3.5318875312805176
450,223,3.5318875312805176
194,405,3.5318875312805176
741,67,3.5318875312805176
493,284,3.5318875312805176
865,928,3.5318875312805176
399,431,3.5318875312805176
194,9,3.5318875312805176
387,731,3.5318875312805176
210,502,3.5318875312805176
627,399,3.5318875312805176
622,229,3.5318875312805176
650,662,3.5318875312805176
620,627,3.5318875312805176
7,659,3.5318875312805176
566,20,3.5318875312805176
542,97,3.5318875312805176
334,508,3.5318875312805176
780,79,3.5318875312805176
181,121,3.5318875312805176
330,651,3.5318875312805176
91,131,3.5318875312805176
893,759,3.5318875312805176
603,176,3.5318875312805176
886,940,3.5318875312805176
737,357,3.5318875312805176
291,619,3.5318875312805176
435,729,3.5318875312805176
279,151,3.5318875312805176
204,301,3.5318875312805176
667,962,3.5318875312805176
59,288,3.5318875312805176
201,375,3.5318875312805176
921,194,3.5318875312805176
340,172,3.5318875312805176
843,204,3.5318875312805176
515,538,3.5318875312805176
844,117,3.5318875312805176
499,258,3.5318875312805176
83,732,3.5318875312805176
401,157,3.5318875312805176
452,86,3.5318875312805176
144,961,3.5318875312805176
403,925,3.5318875312805176
222,12,3.5318875312805176
782,1292,3.5318875312805176
716,83,3.5318875312805176
903,179,3.5318875312805176
569,748,3.5318875312805176
932,177,3.5318875312805176
844,2,3.5318875312805176
840,644,3.5318875312805176
363,187,3.5318875312805176
887,206,3.5318875312805176
486,1014,3.5318875312805176
635,268,3.5318875312805176
59,200,3.5318875312805176
889,509,3.5318875312805176
776,50,3.5318875312805176
629,22,3.5318875312805176
130,321,3.5318875312805176
472,66,3.5318875312805176
437,276,3.5318875312805176
314,150,3.5318875312805176
682,895,3.5318875312805176
406,7,3.5318875312805176
830,487,3.5318875312805176
880,783,3.5318875312805176
676,271,3.5318875312805176
315,301,3.5318875312805176
214,522,3.5318875312805176
284,340,3.5318875312805176
319,880,3.5318875312805176
234,1447,3.5318875312805176
846,836,3.5318875312805176
197,258,3.5318875312805176
419,617,3.5318875312805176
521,90,3.5318875312805176
487,85,3.5318875312805176
194,549,3.5318875312805176
144,303,3.5318875312805176
85,372,3.5318875312805176
11,731,3.5318875312805176
7,485,3.5318875312805176
534,748,3.5318875312805176
18,427,3.5318875312805176
47,683,3.5318875312805176
13,340,3.5318875312805176
198,871,3.5318875312805176
655,1370,3.5318875312805176
383,357,3.5318875312805176
731,611,3.5318875312805176
698,202,3.5318875312805176
697,1059,3.5318875312805176
396,717,3.5318875312805176
63,121,3.5318875312805176
573,286,3.5318875312805176
864,722,3.5318875312805176
758,288,3.5318875312805176
648,500,3.5318875312805176
500,294,3.5318875312805176
200,465,3.5318875312805176
237,174,3.5318875312805176
506,465,3.5318875312805176
452,318,3.5318875312805176
141,100,3.5318875312805176
311,499,3.5318875312805176
474,435,3.5318875312805176
94,385,3.5318875312805176
190,100,3.5318875312805176
437,249,3.5318875312805176
897,925,3.5318875312805176
235,1134,3.5318875312805176
303,474,3.5318875312805176
484,153,3.5318875312805176
286,372,3.5318875312805176
525,118,3.5318875312805176
83,728,3.5318875312805176
860,894,3.5318875312805176
315,46,3.5318875312805176
800,223,3.5318875312805176
296,79,3.5318875312805176
59,53,3.5318875312805176
262,845,3.5318875312805176
916,132,3.5318875312805176
436,856,3.5318875312805176
548,293,3.5318875312805176
825,100,3.5318875312805176
889,386,3.5318875312805176
178,276,3.5318875312805176
253,4,3.5318875312805176
922,1,3.5318875312805176
545,810,3.5318875312805176
608,661,3.5318875312805176
26,109,3.5318875312805176
805,99,3.5318875312805176
810,338,3.5318875312805176
563,118,3.5318875312805176
676,748,3.5318875312805176
488,1025,3.5318875312805176
116,532,3.5318875312805176
697,326,3.5318875312805176
400,689,3.5318875312805176
440,300,3.5318875312805176
531,311,3.5318875312805176
49,547,3.5318875312805176
254,435,3.5318875312805176
919,1134,3.5318875312805176
631,334,3.5318875312805176
932,470,3.5318875312805176
90,906,3.5318875312805176
490,919,3.5318875312805176
164,823,3.5318875312805176
756,176,3.5318875312805176
188,100,3.5318875312805176
314,932,3.5318875312805176
878,796,3.5318875312805176
405,442,3.5318875312805176
756,419,3.5318875312805176
158,430,3.5318875312805176
925,327,3.5318875312805176
85,152,3.5318875312805176
394,62,3.5318875312805176
325,58,3.5318875312805176
320,195,3.5318875312805176
497,1077,3.5318875312805176
374,975,3.5318875312805176
350,183,3.5318875312805176
433,95,3.5318875312805176
299,20,3.5318875312805176
854,122,3.5318875312805176
184,210,3.5318875312805176
625,476,3.5318875312805176
445,100,3.5318875312805176
847,735,3.5318875312805176
215,22,3.5318875312805176
928,877,3.5318875312805176
643,5,3.5318875312805176
877,83,3.5318875312805176
804,1,3.5318875312805176
158,163,3.5318875312805176
109,796,3.5318875312805176
542,282,3.5318875312805176
551,735,3.5318875312805176
870,208,3.5318875312805176
406,591,3.5318875312805176
653,180,3.5318875312805176
942,315,3.5318875312805176
695,286,3.5318875312805176
311,70,3.5318875312805176
741,70,3.5318875312805176
650,1474,3.5318875312805176
145,1245,3.5318875312805176
766,131,3.5318875312805176
62,697,3.5318875312805176
222,154,3.5318875312805176
325,133,3.5318875312805176
291,84,3.5318875312805176
413,690,3.5318875312805176
604,183,3.5318875312805176
615,286,3.5318875312805176
13,287,3.5318875312805176
738,152,3.5318875312805176
31,611,3.5318875312805176
643,671,3.5318875312805176
552,815,3.5318875312805176
301,235,3.5318875312805176
892,671,3.5318875312805176
85,95,3.5318875312805176
255,827,3.5318875312805176
181,18,3.5318875312805176
600,435,3.5318875312805176
554,411,3.5318875312805176
31,303,3.5318875312805176
40,316,3.5318875312805176
714,7,3.5318875312805176
796,1042,3.5318875312805176
659,153,3.5318875312805176
816,326,3.5318875312805176
301,184,3.5318875312805176
703,1012,3.5318875312805176
290,596,3.5318875312805176
500,396,3.5318875312805176
914,371,3.5318875312805176
374,1197,3.5318875312805176
393,423,3.5318875312805176
267,3,3.5318875312805176
234,519,3.5318875312805176
303,81,3.5318875312805176
44,91,3.5318875312805176
892,151,3.5318875312805176
145,109,3.5318875312805176
416,990,3.5318875312805176
240,751,3.5318875312805176
710,234,3.5318875312805176
456,268,3.5318875312805176
73,64,3.5318875312805176
138,117,3.5318875312805176
5,412,3.5318875312805176
292,511,3.5318875312805176
373,946,3.5318875312805176
405,33,3.5318875312805176
23,174,3.5318875312805176
450,842,3.5318875312805176
158,283,3.5318875312805176
455,237,3.5318875312805176
416,1495,3.5318875312805176
795,97,3.5318875312805176
529,310,3.5318875312805176
185,515,3.5318875312805176
277,405,3.5318875312805176
43,301,3.5318875312805176
727,176,3.5318875312805176
290,210,3.5318875312805176
223,1197,3.5318875312805176
882,407,3.5318875312805176
211,199,3.5318875312805176
624,689,3.5318875312805176
363,216,3.5318875312805176
193,210,3.5318875312805176
397,325,3.5318875312805176
276,240,3.5318875312805176
645,430,3.5318875312805176
310,251,3.5318875312805176
104,1017,3.5318875312805176
178,280,3.5318875312805176
339,469,3.5318875312805176
833,328,3.5318875312805176
450,630,3.5318875312805176
537,86,3.5318875312805176
263,678,3.5318875312805176
916,48,3.5318875312805176
719,410,3.5318875312805176
417,685,3.5318875312805176
351,289,3.5318875312805176
798,486,3.5318875312805176
896,135,3.5318875312805176
256,370,3.5318875312805176
326,479,3.5318875312805176
144,514,3.5318875312805176
64,11,3.5318875312805176
471,477,3.5318875312805176
336,294,3.5318875312805176
178,118,3.5318875312805176
12,402,3.5318875312805176
908,12,3.5318875312805176
279,101,3.5318875312805176
60,660,3.5318875312805176
244,155,3.5318875312805176
11,196,3.5318875312805176
757,161,3.5318875312805176
749,172,3.5318875312805176
690,514,3.5318875312805176
60,513,3.5318875312805176
543,44,3.5318875312805176
466,226,3.5318875312805176
503,213,3.5318875312805176
653,151,3.5318875312805176
645,243,3.5318875312805176
194,661,3.5318875312805176
92,273,3.5318875312805176
727,2,3.5318875312805176
478,150,3.5318875312805176
155,288,3.5318875312805176
719,66,3.5318875312805176
524,823,3.5318875312805176
863,329,3.5318875312805176
685,302,3.5318875312805176
942,216,3.5318875312805176
321,1028,3.5318875312805176
916,101,3.5318875312805176
216,408,3.5318875312805176
660,470,3.5318875312805176
710,22,3.5318875312805176
500,175,3.5318875312805176
406,9,3.5318875312805176
44,147,3.5318875312805176
659,178,3.5318875312805176
867,690,3.5318875312805176
393,66,3.5318875312805176
435,821,3.5318875312805176
201,215,3.5318875312805176
561,228,3.5318875312805176
423,879,3.5318875312805176
770,294,3.5318875312805176
804,737,3.5318875312805176
435,715,3.5318875312805176
450,491,3.5318875312805176
405,436,3.5318875312805176
747,480,3.5318875312805176
363,121,3.5318875312805176
95,32,3.5318875312805176
650,510,3.5318875312805176
394,67,3.5318875312805176
354,650,3.5318875312805176
226,270,3.5318875312805176
321,212,3.5318875312805176
207,265,3.5318875312805176
290,818,3.5318875312805176
269,411,3.5318875312805176
405,540,3.5318875312805176
906,284,3.5318875312805176
487,540,3.5318875312805176
193,100,3.5318875312805176
648,565,3.5318875312805176
393,99,3.5318875312805176
503,416,3.5318875312805176
450,604,3.5318875312805176
568,1050,3.5318875312805176
181,411,3.5318875312805176
527,183,3.5318875312805176
500,554,3.5318875312805176
303,1335,3.5318875312805176
18,488,3.5318875312805176
792,546,3.5318875312805176
257,59,3.5318875312805176
169,243,3.5318875312805176
229,286,3.5318875312805176
757,693,3.5318875312805176
181,682,3.5318875312805176
435,384,3.5318875312805176
932,1456,3.5318875312805176
44,480,3.5318875312805176
856,322,3.5318875312805176
279,517,3.5318875312805176
790,235,3.5318875312805176
309,1393,3.5318875312805176
858,334,3.5318875312805176
405,2,3.5318875312805176
130,731,3.5318875312805176
919,892,3.5318875312805176
655,133,3.5318875312805176
373,748,3.5318875312805176
350,589,3.5318875312805176
378,566,3.5318875312805176
413,236,3.5318875312805176
655,761,3.5318875312805176
505,151,3.5318875312805176
232,133,3.5318875312805176
416,331,3.5318875312805176
661,173,3.5318875312805176
425,259,3.5318875312805176
864,511,3.5318875312805176
472,21,3.5318875312805176
909,86,3.5318875312805176
698,1149,3.5318875312805176
162,237,3.5318875312805176
406,382,3.5318875312805176
445,174,3.5318875312805176
113,100,3.5318875312805176
271,518,3.5318875312805176
189,588,3.5318875312805176
747,651,3.5318875312805176
936,321,3.5318875312805176
551,578,3.5318875312805176
378,631,3.5318875312805176
334,310,3.5318875312805176
574,312,3.5318875312805176
240,898,3.5318875312805176
43,479,3.5318875312805176
11,435,3.5318875312805176
836,611,3.5318875312805176
57,111,3.5318875312805176
802,681,3.5318875312805176
880,287,3.5318875312805176
161,135,3.5318875312805176
181,1384,3.5318875312805176
679,222,3.5318875312805176
261,892,3.5318875312805176
269,1040,3.5318875312805176
918,83,3.5318875312805176
311,43,3.5318875312805176
70,820,3.5318875312805176
901,82,3.5318875312805176
459,108,3.5318875312805176
305,511,3.5318875312805176
271,169,3.5318875312805176
391,427,3.5318875312805176
346,182,3.5318875312805176
33,313,3.5318875312805176
84,203,3.5318875312805176
456,143,3.5318875312805176
896,198,3.5318875312805176
234,607,3.5318875312805176
807,610,3.5318875312805176
311,468,3.5318875312805176
619,144,3.5318875312805176
7,561,3.5318875312805176
455,144,3.5318875312805176
313,151,3.5318875312805176
865,240,3.5318875312805176
476,70,3.5318875312805176
1,98,3.5318875312805176
146,294,3.5318875312805176
698,86,3.5318875312805176
854,1077,3.5318875312805176
222,377,3.5318875312805176
148,432,3.5318875312805176
506,67,3.5318875312805176
693,1145,3.5318875312805176
206,903,3.5318875312805176
291,1273,3.5318875312805176
540,455,3.5318875312805176
709,427,3.5318875312805176
391,58,3.5318875312805176
296,475,3.5318875312805176
152,412,3.5318875312805176
249,411,3.5318875312805176
385,421,3.5318875312805176
900,318,3.5318875312805176
933,94,3.5318875312805176
565,1396,3.5318875312805176
96,195,3.5318875312805176
537,224,3.5318875312805176
690,402,3.5318875312805176
387,511,3.5318875312805176
456,71,3.5318875312805176
592,251,3.5318875312805176
730,7,3.5318875312805176
676,916,3.5318875312805176
23,385,3.5318875312805176
588,485,3.5318875312805176
716,655,3.5318875312805176
461,305,3.5318875312805176
13,806,3.5318875312805176
867,64,3.5318875312805176
405,1475,3.5318875312805176
822,358,3.5318875312805176
207,68,3.5318875312805176
509,705,3.5318875312805176
798,1076,3.5318875312805176
385,423,3.5318875312805176
330,38,3.5318875312805176
834,258,3.5318875312805176
345,903,3.5318875312805176
548,443,3.5318875312805176
1,34,3.5318875312805176
898,312,3.5318875312805176
634,991,3.5318875312805176
495,139,3.5318875312805176
881,1057,3.5318875312805176
708,866,3.5318875312805176
221,38,3.5318875312805176
788,22,3.5318875312805176
14,242,3.5318875312805176
761,7,3.5318875312805176
430,293,3.5318875312805176
416,164,3.5318875312805176
833,980,3.5318875312805176
643,1065,3.5318875312805176
488,58,3.5318875312805176
710,286,3.5318875312805176
378,88,3.5318875312805176
524,751,3.5318875312805176
181,685,3.5318875312805176
216,82,3.5318875312805176
450,87,3.5318875312805176
486,301,3.5318875312805176
535,792,3.5318875312805176
458,410,3.5318875312805176
59,15,3.5318875312805176
297,298,3.5318875312805176
854,87,3.5318875312805176
323,764,3.5318875312805176
727,195,3.5318875312805176
777,692,3.5318875312805176
486,299,3.5318875312805176
10,521,3.5318875312805176
178,597,3.5318875312805176
782,1315,3.5318875312805176
622,176,3.5318875312805176
525,405,3.5318875312805176
178,588,3.5318875312805176
405,389,3.5318875312805176
208,186,3.5318875312805176
727,135,3.5318875312805176
22,62,3.5318875312805176
529,321,3.5318875312805176
576,7,3.5318875312805176
863,879,3.5318875312805176
271,1133,3.5318875312805176
128,742,3.5318875312805176
622,845,3.5318875312805176
692,211,3.5318875312805176
417,153,3.5318875312805176
392,173,3.5318875312805176
399,110,3.5318875312805176
92,230,3.5318875312805176
894,257,3.5318875312805176
766,228,3.5318875312805176
102,328,3.5318875312805176
901,768,3.5318875312805176
535,207,3.5318875312805176
532,1496,3.5318875312805176
802,358,3.5318875312805176
468,135,3.5318875312805176
532,248,3.5318875312805176
715,234,3.5318875312805176
406,727,3.5318875312805176
500,709,3.5318875312805176
595,336,3.5318875312805176
446,690,3.5318875312805176
313,505,3.5318875312805176
442,56,3.5318875312805176
507,302,3.5318875312805176
291,204,3.5318875312805176
601,1615,3.5318875312805176
889,700,3.5318875312805176
783,258,3.5318875312805176
790,1063,3.5318875312805176
826,501,3.5318875312805176
664,227,3.5318875312805176
748,483,3.5318875312805176
758,312,3.5318875312805176
5,233,3.5318875312805176
364,302,3.5318875312805176
326,1231,3.5318875312805176
301,866,3.5318875312805176
709,295,3.5318875312805176
621,82,3.5318875312805176
890,229,3.5318875312805176
717,1282,3.5318875312805176
806,1074,3.5318875312805176
763,382,3.5318875312805176
850,318,3.5318875312805176
891,116,3.5318875312805176
806,222,3.5318875312805176
600,391,3.5318875312805176
592,514,3.5318875312805176
851,352,3.5318875312805176
177,433,3.5318875312805176
640,550,3.5318875312805176
586,195,3.5318875312805176
94,201,3.5318875312805176
790,176,3.5318875312805176
531,302,3.5318875312805176
54,595,3.5318875312805176
66,257,3.5318875312805176
330,161,3.5318875312805176
188,176,3.5318875312805176
500,16,3.5318875312805176
293,724,3.5318875312805176
347,239,3.5318875312805176
429,495,3.5318875312805176
91,657,3.5318875312805176
269,276,3.5318875312805176
474,8,3.5318875312805176
412,193,3.5318875312805176
164,282,3.5318875312805176
269,432,3.5318875312805176
243,215,3.5318875312805176
320,292,3.5318875312805176
901,275,3.5318875312805176
327,195,3.5318875312805176
537,196,3.5318875312805176
262,432,3.5318875312805176
707,165,3.5318875312805176
82,1101,3.5318875312805176
796,12,3.5318875312805176
620,8,3.5318875312805176
1,130,3.5318875312805176
643,176,3.5318875312805176
892,186,3.5318875312805176
290,474,3.5318875312805176
846,463,3.5318875312805176
416,241,3.5318875312805176
889,655,3.5318875312805176
3,341,3.5318875312805176
48,302,3.5318875312805176
527,192,3.5318875312805176
749,24,3.5318875312805176
1,218,3.5318875312805176
95,24,3.5318875312805176
533,525,3.5318875312805176
744,963,3.5318875312805176
886,772,3.5318875312805176
727,542,3.5318875312805176
249,318,3.5318875312805176
804,238,3.5318875312805176
882,988,3.5318875312805176
330,11,3.5318875312805176
603,326,3.5318875312805176
911,98,3.5318875312805176
144,632,3.5318875312805176
618,969,3.5318875312805176
860,516,3.5318875312805176
932,222,3.5318875312805176
280,118,3.5318875312805176
25,25,3.5318875312805176
405,1553,3.5318875312805176
217,7,3.5318875312805176
823,709,3.5318875312805176
250,328,3.5318875312805176
510,288,3.5318875312805176
435,1069,3.5318875312805176
846,102,3.5318875312805176
664,664,3.5318875312805176
877,475,3.5318875312805176
432,121,3.5318875312805176
195,877,3.5318875312805176
456,1324,3.5318875312805176
293,638,3.5318875312805176
711,216,3.5318875312805176
727,413,3.5318875312805176
313,843,3.5318875312805176
457,871,3.5318875312805176
459,216,3.5318875312805176
929,431,3.5318875312805176
181,1163,3.5318875312805176
313,132,3.5318875312805176
325,197,3.5318875312805176
107,902,3.5318875312805176
360,520,3.5318875312805176
875,195,3.5318875312805176
7,564,3.5318875312805176
173,995,3.5318875312805176
633,128,3.5318875312805176
222,227,3.5318875312805176
514,176,3.5318875312805176
416,1300,3.5318875312805176
826,29,3.5318875312805176
327,152,3.5318875312805176
267,77,3.5318875312805176
796,393,3.5318875312805176
416,24,3.5318875312805176
6,484,3.5318875312805176
796,1197,3.5318875312805176
810,878,3.5318875312805176
405,960,3.5318875312805176
815,196,3.5318875312805176
346,172,3.5318875312805176
596,678,3.5318875312805176
914,736,3.5318875312805176
880,407,3.5318875312805176
387,258,3.5318875312805176
7,481,3.5318875312805176
391,132,3.5318875312805176
287,222,3.5318875312805176
60,735,3.5318875312805176
276,1413,3.5318875312805176
711,88,3.5318875312805176
339,411,3.5318875312805176
532,914,3.5318875312805176
727,117,3.5318875312805176
878,588,3.5318875312805176
889,627,3.5318875312805176
417,242,3.5318875312805176
805,154,3.5318875312805176
130,1267,3.5318875312805176
314,246,3.5318875312805176
7,577,3.5318875312805176
195,1415,3.5318875312805176
393,1182,3.5318875312805176
870,655,3.5318875312805176
316,64,3.5318875312805176
429,481,3.5318875312805176
275,300,3.5318875312805176
747,1,3.5318875312805176
91,1126,3.5318875312805176
871,955,3.5318875312805176
615,303,3.5318875312805176
23,162,3.5318875312805176
416,417,3.5318875312805176
54,50,3.5318875312805176
885,71,3.5318875312805176
374,1,3.5318875312805176
332,53,3.5318875312805176
308,589,3.5318875312805176
497,80,3.5318875312805176
881,795,3.5318875312805176
314,412,3.5318875312805176
7,550,3.5318875312805176
361,451,3.5318875312805176
286,1265,3.5318875312805176
58,123,3.5318875312805176
452,515,3.5318875312805176
378,275,3.5318875312805176
82,671,3.5318875312805176
846,176,3.5318875312805176
622,1552,3.5318875312805176
426,200,3.5318875312805176
514,647,3.5318875312805176
363,79,3.5318875312805176
813,270,3.5318875312805176
758,489,3.5318875312805176
695,323,3.5318875312805176
486,887,3.5318875312805176
615,428,3.5318875312805176
877,463,3.5318875312805176
887,140,3.5318875312805176
472,411,3.5318875312805176
85,630,3.5318875312805176
785,423,3.5318875312805176
872,685,3.5318875312805176
622,769,3.5318875312805176
276,195,3.5318875312805176
280,38,3.5318875312805176
424,333,3.5318875312805176
868,136,3.5318875312805176
526,272,3.5318875312805176
76,1157,3.5318875312805176
524,192,3.5318875312805176
742,294,3.5318875312805176
774,72,3.5318875312805176
654,288,3.5318875312805176
474,283,3.5318875312805176
683,626,3.5318875312805176
532,840,3.5318875312805176
488,71,3.5318875312805176
878,317,3.5318875312805176
222,1178,3.5318875312805176
881,214,3.5318875312805176
184,92,3.5318875312805176
71,151,3.5318875312805176
568,319,3.5318875312805176
66,50,3.5318875312805176
661,135,3.5318875312805176
49,594,3.5318875312805176
498,258,3.5318875312805176
190,273,3.5318875312805176
804,87,3.5318875312805176
110,195,3.5318875312805176
542,451,3.5318875312805176
429,178,3.5318875312805176
499,328,3.5318875312805176
200,509,3.5318875312805176
871,909,3.5318875312805176
453,402,3.5318875312805176
141,333,3.5318875312805176
227,293,3.5318875312805176
838,124,3.5318875312805176
830,651,3.5318875312805176
516,660,3.5318875312805176
343,403,3.5318875312805176
561,709,3.5318875312805176
896,482,3.5318875312805176
125,1037,3.5318875312805176
11,365,3.5318875312805176
82,514,3.5318875312805176
95,552,3.5318875312805176
174,715,3.5318875312805176
41,357,3.5318875312805176
104,307,3.5318875312805176
49,287,3.5318875312805176
416,258,3.5318875312805176
60,490,3.5318875312805176
694,484,3.5318875312805176
84,294,3.5318875312805176
145,470,3.5318875312805176
268,1208,3.5318875312805176
152,410,3.5318875312805176
917,9,3.5318875312805176
905,508,3.5318875312805176
536,480,3.5318875312805176
106,956,3.5318875312805176
642,928,3.5318875312805176
497,274,3.5318875312805176
450,1263,3.5318875312805176
304,298,3.5318875312805176
766,318,3.5318875312805176
22,173,3.5318875312805176
840,632,3.5318875312805176
43,58,3.5318875312805176
6,134,3.5318875312805176
758,176,3.5318875312805176
505,176,3.5318875312805176
10,604,3.5318875312805176
355,682,3.5318875312805176
301,117,3.5318875312805176
301,180,3.5318875312805176
694,205,3.5318875312805176
297,282,3.5318875312805176
336,1183,3.5318875312805176
907,185,3.5318875312805176
285,194,3.5318875312805176
110,905,3.5318875312805176
779,15,3.5318875312805176
236,1013,3.5318875312805176
884,275,3.5318875312805176
14,25,3.5318875312805176
387,202,3.5318875312805176
122,1044,3.5318875312805176
805,772,3.5318875312805176
311,942,3.5318875312805176
864,43,3.5318875312805176
68,742,3.5318875312805176
450,91,3.5318875312805176
113,116,3.5318875312805176
562,393,3.5318875312805176
450,194,3.5318875312805176
279,1497,3.5318875312805176
291,369,3.5318875312805176
537,1011,3.5318875312805176
268,860,3.5318875312805176
215,181,3.5318875312805176
705,720,3.5318875312805176
567,357,3.5318875312805176
1,188,3.5318875312805176
676,300,3.5318875312805176
784,327,3.5318875312805176
167,465,3.5318875312805176
747,591,3.5318875312805176
343,708,3.5318875312805176
59,770,3.5318875312805176
269,441,3.5318875312805176
840,654,3.5318875312805176
405,675,3.5318875312805176
194,204,3.5318875312805176
189,129,3.5318875312805176
270,509,3.5318875312805176
313,629,3.5318875312805176
75,25,3.5318875312805176
362,323,3.5318875312805176
756,245,3.5318875312805176
62,511,3.5318875312805176
269,186,3.5318875312805176
243,223,3.5318875312805176
318,191,3.5318875312805176
911,479,3.5318875312805176
354,497,3.5318875312805176
804,154,3.5318875312805176
471,465,3.5318875312805176
497,721,3.5318875312805176
561,1,3.5318875312805176
417,825,3.5318875312805176
1,242,3.5318875312805176
773,367,3.5318875312805176
922,451,3.5318875312805176
543,318,3.5318875312805176
143,322,3.5318875312805176
848,845,3.5318875312805176
852,407,3.5318875312805176
669,649,3.5318875312805176
152,871,3.5318875312805176
5,373,3.5318875312805176
11,258,3.5318875312805176
600,578,3.5318875312805176
128,181,3.5318875312805176
648,23,3.5318875312805176
351,750,3.5318875312805176
535,196,3.5318875312805176
59,529,3.5318875312805176
648,523,3.5318875312805176
254,415,3.5318875312805176
7,489,3.5318875312805176
756,435,3.5318875312805176
692,66,3.5318875312805176
397,1018,3.5318875312805176
711,955,3.5318875312805176
210,568,3.5318875312805176
868,567,3.5318875312805176
627,288,3.5318875312805176
936,253,3.5318875312805176
615,1021,3.5318875312805176
845,1434,3.5318875312805176
639,423,3.5318875312805176
239,208,3.5318875312805176
11,24,3.5318875312805176
679,327,3.5318875312805176
943,1047,3.5318875312805176
385,945,3.5318875312805176
543,1555,3.5318875312805176
299,89,3.5318875312805176
144,197,3.5318875312805176
584,450,3.5318875312805176
711,393,3.5318875312805176
213,985,3.5318875312805176
73,748,3.5318875312805176
749,661,3.5318875312805176
889,265,3.5318875312805176
457,122,3.5318875312805176
588,316,3.5318875312805176
106,463,3.5318875312805176
295,794,3.5318875312805176
807,8,3.5318875312805176
178,823,3.5318875312805176
193,541,3.5318875312805176
368,567,3.5318875312805176
757,183,3.5318875312805176
764,633,3.5318875312805176
177,168,3.5318875312805176
815,229,3.5318875312805176
395,1028,3.5318875312805176
97,89,3.5318875312805176
727,815,3.5318875312805176
11,728,3.5318875312805176
130,1231,3.5318875312805176
391,507,3.5318875312805176
332,226,3.5318875312805176
828,1062,3.5318875312805176
221,298,3.5318875312805176
327,1,3.5318875312805176
864,423,3.5318875312805176
447,13,3.5318875312805176
188,484,3.5318875312805176
864,625,3.5318875312805176
206,1022,3.5318875312805176
21,242,3.5318875312805176
14,23,3.5318875312805176
72,48,3.5318875312805176
463,103,3.5318875312805176
272,79,3.5318875312805176
833,1628,3.5318875312805176
487,313,3.5318875312805176
349,1128,3.5318875312805176
308,293,3.5318875312805176
279,70,3.5318875312805176
445,9,3.5318875312805176
207,204,3.5318875312805176
457,956,3.5318875312805176
495,629,3.5318875312805176
648,637,3.5318875312805176
660,41,3.5318875312805176
373,380,3.5318875312805176
62,159,3.5318875312805176
919,300,3.5318875312805176
663,243,3.5318875312805176
214,166,3.5318875312805176
622,22,3.5318875312805176
339,383,3.5318875312805176
553,589,3.5318875312805176
146,302,3.5318875312805176
514,294,3.5318875312805176
487,652,3.5318875312805176
679,215,3.5318875312805176
450,1054,3.5318875312805176
343,147,3.5318875312805176
454,1,3.5318875312805176
371,97,3.5318875312805176
167,222,3.5318875312805176
347,24,3.5318875312805176
385,671,3.5318875312805176
450,1119,3.5318875312805176
797,243,3.5318875312805176
328,798,3.5318875312805176
1,270,3.5318875312805176
200,841,3.5318875312805176
151,507,3.5318875312805176
655,628,3.5318875312805176
95,523,3.5318875312805176
606,827,3.5318875312805176
444,307,3.5318875312805176
94,68,3.5318875312805176
393,1210,3.5318875312805176
642,1011,3.5318875312805176
180,191,3.5318875312805176
378,234,3.5318875312805176
524,175,3.5318875312805176
380,496,3.5318875312805176
707,869,3.5318875312805176
122,1168,3.5318875312805176
465,191,3.5318875312805176
444,275,3.5318875312805176
578,324,3.5318875312805176
530,607,3.5318875312805176
757,1210,3.5318875312805176
671,195,3.5318875312805176
426,617,3.5318875312805176
94,228,3.5318875312805176
828,340,3.5318875312805176
660,1035,3.5318875312805176
544,270,3.5318875312805176
784,323,3.5318875312805176
244,685,3.5318875312805176
315,137,3.5318875312805176
622,742,3.5318875312805176
927,237,3.5318875312805176
102,82,3.5318875312805176
470,285,3.5318875312805176
551,1067,3.5318875312805176
506,183,3.5318875312805176
932,480,3.5318875312805176
1,170,3.5318875312805176
554,692,3.5318875312805176
450,59,3.5318875312805176
611,301,3.5318875312805176
697,301,3.5318875312805176
215,23,3.5318875312805176
890,403,3.5318875312805176
277,121,3.5318875312805176
85,238,3.5318875312805176
859,25,3.5318875312805176
301,109,3.5318875312805176
883,589,3.5318875312805176
601,419,3.5318875312805176
416,475,3.5318875312805176
815,418,3.5318875312805176
347,70,3.5318875312805176
363,181,3.5318875312805176
390,286,3.5318875312805176
648,38,3.5318875312805176
648,399,3.5318875312805176
666,510,3.5318875312805176
193,56,3.5318875312805176
758,922,3.5318875312805176
274,845,3.5318875312805176
264,42,3.5318875312805176
344,476,3.5318875312805176
314,1074,3.5318875312805176
135,321,3.5318875312805176
340,418,3.5318875312805176
293,70,3.5318875312805176
727,62,3.5318875312805176
892,1,3.5318875312805176
92,183,3.5318875312805176
833,761,3.5318875312805176
7,133,3.5318875312805176
922,810,3.5318875312805176
130,269,3.5318875312805176
657,873,3.5318875312805176
474,529,3.5318875312805176
693,272,3.5318875312805176
917,473,3.5318875312805176
269,51,3.5318875312805176
524,708,3.5318875312805176
786,285,3.5318875312805176
311,648,3.5318875312805176
747,169,3.5318875312805176
450,790,3.5318875312805176
23,217,3.5318875312805176
394,90,3.5318875312805176
711,1221,3.5318875312805176
270,53,3.5318875312805176
934,498,3.5318875312805176
296,209,3.5318875312805176
181,1371,3.5318875312805176
326,419,3.5318875312805176
458,427,3.5318875312805176
116,325,3.5318875312805176
346,96,3.5318875312805176
276,232,3.5318875312805176
66,405,3.5318875312805176
868,132,3.5318875312805176
634,150,3.5318875312805176
101,826,3.5318875312805176
796,660,3.5318875312805176
271,514,3.5318875312805176
650,452,3.5318875312805176
280,554,3.5318875312805176
650,928,3.5318875312805176
615,988,3.5318875312805176
268,627,3.5318875312805176
416,333,3.5318875312805176
344,272,3.5318875312805176
474,1421,3.5318875312805176
488,22,3.5318875312805176
496,561,3.5318875312805176
910,684,3.5318875312805176
796,258,3.5318875312805176
169,301,3.5318875312805176
311,118,3.5318875312805176
890,136,3.5318875312805176
390,1296,3.5318875312805176
269,205,3.5318875312805176
299,482,3.5318875312805176
92,515,3.5318875312805176
747,603,3.5318875312805176
149,346,3.5318875312805176
751,209,3.5318875312805176
15,748,3.5318875312805176
94,993,3.5318875312805176
13,173,3.5318875312805176
92,949,3.5318875312805176
470,9,3.5318875312805176
655,518,3.5318875312805176
59,503,3.5318875312805176
104,25,3.5318875312805176
556,327,3.5318875312805176
321,283,3.5318875312805176
75,597,3.5318875312805176
416,526,3.5318875312805176
450,136,3.5318875312805176
13,128,3.5318875312805176
416,689,3.5318875312805176
588,393,3.5318875312805176
727,755,3.5318875312805176
290,252,3.5318875312805176
224,1053,3.5318875312805176
6,274,3.5318875312805176
276,322,3.5318875312805176
942,265,3.5318875312805176
217,550,3.5318875312805176
932,414,3.5318875312805176
290,699,3.5318875312805176
736,1388,3.5318875312805176
683,133,3.5318875312805176
627,47,3.5318875312805176
387,286,3.5318875312805176
892,155,3.5318875312805176
606,197,3.5318875312805176
897,238,3.5318875312805176
881,177,3.5318875312805176
524,235,3.5318875312805176
504,234,3.5318875312805176
937,268,3.5318875312805176
181,1361,3.5318875312805176
747,488,3.5318875312805176
624,300,3.5318875312805176
227,150,3.5318875312805176
894,305,3.5318875312805176
110,1090,3.5318875312805176
653,472,3.5318875312805176
206,310,3.5318875312805176
276,383,3.5318875312805176
416,388,3.5318875312805176
938,288,3.5318875312805176
200,578,3.5318875312805176
21,873,3.5318875312805176
7,386,3.5318875312805176
347,163,3.5318875312805176
650,211,3.5318875312805176
450,601,3.5318875312805176
374,692,3.5318875312805176
303,260,3.5318875312805176
652,259,3.5318875312805176
500,285,3.5318875312805176
213,144,3.5318875312805176
435,159,3.5318875312805176
393,949,3.5318875312805176
595,820,3.5318875312805176
748,154,3.5318875312805176
639,519,3.5318875312805176
374,193,3.5318875312805176
301,802,3.5318875312805176
454,228,3.5318875312805176
705,578,3.5318875312805176
936,410,3.5318875312805176
181,1339,3.5318875312805176
486,328,3.5318875312805176
660,1181,3.5318875312805176
627,1478,3.5318875312805176
533,659,3.5318875312805176
168,931,3.5318875312805176
279,64,3.5318875312805176
541,393,3.5318875312805176
194,168,3.5318875312805176
166,894,3.5318875312805176
518,147,3.5318875312805176
264,606,3.5318875312805176
661,97,3.5318875312805176
710,181,3.5318875312805176
931,900,3.5318875312805176
195,227,3.5318875312805176
694,1455,3.5318875312805176
648,484,3.5318875312805176
188,468,3.5318875312805176
618,4,3.5318875312805176
484,141,3.5318875312805176
715,941,3.5318875312805176
83,301,3.5318875312805176
771,114,3.5318875312805176
710,204,3.5318875312805176
17,7,3.5318875312805176
299,508,3.5318875312805176
117,597,3.5318875312805176
428,690,3.5318875312805176
171,326,3.5318875312805176
881,1078,3.5318875312805176
7,603,3.5318875312805176
838,257,3.5318875312805176
830,568,3.5318875312805176
893,117,3.5318875312805176
766,520,3.5318875312805176
921,1016,3.5318875312805176
848,451,3.5318875312805176
399,763,3.5318875312805176
59,23,3.5318875312805176
10,157,3.5318875312805176
456,60,3.5318875312805176
49,1009,3.5318875312805176
58,191,3.5318875312805176
523,412,3.5318875312805176
642,368,3.5318875312805176
194,518,3.5318875312805176
782,258,3.5318875312805176
435,585,3.5318875312805176
332,323,3.5318875312805176
521,239,3.5318875312805176
893,410,3.5318875312805176
366,288,3.5318875312805176
230,96,3.5318875312805176
523,382,3.5318875312805176
537,460,3.5318875312805176
796,485,3.5318875312805176
145,682,3.5318875312805176
243,7,3.5318875312805176
730,1012,3.5318875312805176
455,288,3.5318875312805176
25,134,3.5318875312805176
158,1011,3.5318875312805176
10,176,3.5318875312805176
637,591,3.5318875312805176
33,751,3.5318875312805176
802,484,3.5318875312805176
707,1628,3.5318875312805176
537,188,3.5318875312805176
387,435,3.5318875312805176
758,831,3.5318875312805176
435,172,3.5318875312805176
416,833,3.5318875312805176
276,31,3.5318875312805176
76,7,3.5318875312805176
276,1478,3.5318875312805176
268,67,3.5318875312805176
393,825,3.5318875312805176
556,340,3.5318875312805176
344,122,3.5318875312805176
748,194,3.5318875312805176
203,7,3.5318875312805176
567,257,3.5318875312805176
450,923,3.5318875312805176
258,311,3.5318875312805176
897,451,3.5318875312805176
457,144,3.5318875312805176
770,328,3.5318875312805176
358,221,3.5318875312805176
399,420,3.5318875312805176
301,431,3.5318875312805176
524,77,3.5318875312805176
359,472,3.5318875312805176
583,286,3.5318875312805176
665,1315,3.5318875312805176
94,34,3.5318875312805176
570,301,3.5318875312805176
182,423,3.5318875312805176
736,748,3.5318875312805176
339,317,3.5318875312805176
815,616,3.5318875312805176
707,1397,3.5318875312805176
500,82,3.5318875312805176
14,100,3.5318875312805176
85,751,3.5318875312805176
653,431,3.5318875312805176
688,288,3.5318875312805176
454,162,3.5318875312805176
467,181,3.5318875312805176
561,549,3.5318875312805176
339,655,3.5318875312805176
189,253,3.5318875312805176
409,527,3.5318875312805176
234,162,3.5318875312805176
393,265,3.5318875312805176
102,79,3.5318875312805176
620,173,3.5318875312805176
249,129,3.5318875312805176
883,265,3.5318875312805176
389,1286,3.5318875312805176
590,15,3.5318875312805176
915,346,3.5318875312805176
773,109,3.5318875312805176
314,147,3.5318875312805176
451,984,3.5318875312805176
94,750,3.5318875312805176
551,917,3.5318875312805176
345,40,3.5318875312805176
210,172,3.5318875312805176
73,285,3.5318875312805176
244,1012,3.5318875312805176
119,459,3.5318875312805176
409,206,3.5318875312805176
213,678,3.5318875312805176
269,252,3.5318875312805176
222,448,3.5318875312805176
58,174,3.5318875312805176
150,147,3.5318875312805176
279,203,3.5318875312805176
312,132,3.5318875312805176
108,125,3.5318875312805176
361,194,3.5318875312805176
747,596,3.5318875312805176
470,93,3.5318875312805176
474,469,3.5318875312805176
788,828,3.5318875312805176
328,318,3.5318875312805176
89,880,3.5318875312805176
75,1151,3.5318875312805176
748,326,3.5318875312805176
612,477,3.5318875312805176
943,391,3.5318875312805176
655,1466,3.5318875312805176
486,1302,3.5318875312805176
340,50,3.5318875312805176
886,1231,3.5318875312805176
332,291,3.5318875312805176
642,357,3.5318875312805176
328,523,3.5318875312805176
432,405,3.5318875312805176
342,1016,3.5318875312805176
561,952,3.5318875312805176
387,856,3.5318875312805176
846,1133,3.5318875312805176
69,427,3.5318875312805176
561,679,3.5318875312805176
533,44,3.5318875312805176
374,427,3.5318875312805176
584,108,3.5318875312805176
858,181,3.5318875312805176
312,483,3.5318875312805176
181,1346,3.5318875312805176
869,294,3.5318875312805176
766,375,3.5318875312805176
92,672,3.5318875312805176
622,46,3.5318875312805176
463,1284,3.5318875312805176
482,301,3.5318875312805176
45,278,3.5318875312805176
401,88,3.5318875312805176
137,546,3.5318875312805176
38,940,3.5318875312805176
899,597,3.5318875312805176
69,288,3.5318875312805176
523,155,3.5318875312805176
574,900,3.5318875312805176
153,64,3.5318875312805176
327,129,3.5318875312805176
393,323,3.5318875312805176
342,488,3.5318875312805176
610,378,3.5318875312805176
291,95,3.5318875312805176
943,685,3.5318875312805176
878,517,3.5318875312805176
515,243,3.5318875312805176
406,431,3.5318875312805176
246,369,3.5318875312805176
147,292,3.5318875312805176
21,15,3.5318875312805176
846,76,3.5318875312805176
908,434,3.5318875312805176
87,2,3.5318875312805176
126,990,3.5318875312805176
521,147,3.5318875312805176
477,739,3.5318875312805176
593,815,3.5318875312805176
747,82,3.5318875312805176
465,428,3.5318875312805176
56,265,3.5318875312805176
437,186,3.5318875312805176
627,79,3.5318875312805176
807,118,3.5318875312805176
303,120,3.5318875312805176
305,15,3.5318875312805176
305,382,3.5318875312805176
5,80,3.5318875312805176
405,446,3.5318875312805176
634,137,3.5318875312805176
425,96,3.5318875312805176
293,1286,3.5318875312805176
151,692,3.5318875312805176
934,514,3.5318875312805176
471,422,3.5318875312805176
313,655,3.5318875312805176
407,68,3.5318875312805176
847,602,3.5318875312805176
662,319,3.5318875312805176
173,984,3.5318875312805176
269,448,3.5318875312805176
416,111,3.5318875312805176
218,789,3.5318875312805176
264,1069,3.5318875312805176
268,790,3.5318875312805176
303,423,3.5318875312805176
529,301,3.5318875312805176
373,559,3.5318875312805176
311,520,3.5318875312805176
393,196,3.5318875312805176
387,972,3.5318875312805176
633,226,3.5318875312805176
447,866,3.5318875312805176
506,271,3.5318875312805176
485,301,3.5318875312805176
782,270,3.5318875312805176
322,196,3.5318875312805176
145,823,3.5318875312805176
846,967,3.5318875312805176
881,511,3.5318875312805176
146,311,3.5318875312805176
869,310,3.5318875312805176
244,193,3.5318875312805176
315,230,3.5318875312805176
749,233,3.5318875312805176
788,679,3.5318875312805176
758,676,3.5318875312805176
527,129,3.5318875312805176
619,226,3.5318875312805176
932,211,3.5318875312805176
534,595,3.5318875312805176
293,367,3.5318875312805176
539,357,3.5318875312805176
279,22,3.5318875312805176
256,233,3.5318875312805176
625,705,3.5318875312805176
371,746,3.5318875312805176
222,441,3.5318875312805176
852,289,3.5318875312805176
301,81,3.5318875312805176
63,748,3.5318875312805176
354,321,3.5318875312805176
343,303,3.5318875312805176
580,1014,3.5318875312805176
694,203,3.5318875312805176
361,430,3.5318875312805176
297,690,3.5318875312805176
328,744,3.5318875312805176
896,836,3.5318875312805176
805,470,3.5318875312805176
807,398,3.5318875312805176
274,924,3.5318875312805176
854,249,3.5318875312805176
256,100,3.5318875312805176
500,1048,3.5318875312805176
16,125,3.5318875312805176
850,50,3.5318875312805176
214,179,3.5318875312805176
151,1041,3.5318875312805176
267,127,3.5318875312805176
72,770,3.5318875312805176
107,258,3.5318875312805176
297,153,3.5318875312805176
624,1289,3.5318875312805176
333,513,3.5318875312805176
686,191,3.5318875312805176
486,544,3.5318875312805176
313,497,3.5318875312805176
561,582,3.5318875312805176
270,98,3.5318875312805176
497,840,3.5318875312805176
825,235,3.5318875312805176
393,1285,3.5318875312805176
378,665,3.5318875312805176
378,949,3.5318875312805176
118,164,3.5318875312805176
387,665,3.5318875312805176
234,45,3.5318875312805176
151,546,3.5318875312805176
874,311,3.5318875312805176
168,151,3.5318875312805176
629,196,3.5318875312805176
85,530,3.5318875312805176
224,748,3.5318875312805176
591,1028,3.5318875312805176
324,331,3.5318875312805176
181,251,3.5318875312805176
913,151,3.5318875312805176
293,1057,3.5318875312805176
416,1037,3.5318875312805176
327,517,3.5318875312805176
407,729,3.5318875312805176
782,313,3.5318875312805176
785,661,3.5318875312805176
256,550,3.5318875312805176
381,133,3.5318875312805176
826,946,3.5318875312805176
650,520,3.5318875312805176
457,157,3.5318875312805176
399,1179,3.5318875312805176
682,627,3.5318875312805176
406,129,3.5318875312805176
70,82,3.5318875312805176
469,654,3.5318875312805176
254,384,3.5318875312805176
234,97,3.5318875312805176
416,763,3.5318875312805176
851,1245,3.5318875312805176
373,842,3.5318875312805176
839,111,3.5318875312805176
43,323,3.5318875312805176
437,281,3.5318875312805176
378,405,3.5318875312805176
230,739,3.5318875312805176
671,511,3.5318875312805176
648,127,3.5318875312805176
625,4,3.5318875312805176
566,78,3.5318875312805176
389,686,3.5318875312805176
416,452,3.5318875312805176
612,476,3.5318875312805176
911,483,3.5318875312805176
269,133,3.5318875312805176
276,765,3.5318875312805176
273,313,3.5318875312805176
640,302,3.5318875312805176
519,1617,3.5318875312805176
217,1222,3.5318875312805176
403,258,3.5318875312805176
8,341,3.5318875312805176
234,1121,3.5318875312805176
707,747,3.5318875312805176
663,658,3.5318875312805176
712,168,3.5318875312805176
453,797,3.5318875312805176
378,629,3.5318875312805176
712,4,3.5318875312805176
177,98,3.5318875312805176
91,750,3.5318875312805176
763,230,3.5318875312805176
454,140,3.5318875312805176
666,603,3.5318875312805176
346,549,3.5318875312805176
266,325,3.5318875312805176
44,294,3.5318875312805176
345,71,3.5318875312805176
392,249,3.5318875312805176
378,977,3.5318875312805176
622,284,3.5318875312805176
71,89,3.5318875312805176
468,257,3.5318875312805176
660,432,3.5318875312805176
775,329,3.5318875312805176
39,269,3.5318875312805176
889,72,3.5318875312805176
201,288,3.5318875312805176
684,408,3.5318875312805176
824,245,3.5318875312805176
455,269,3.5318875312805176
95,568,3.5318875312805176
901,142,3.5318875312805176
85,495,3.5318875312805176
539,131,3.5318875312805176
379,284,3.5318875312805176
857,348,3.5318875312805176
894,536,3.5318875312805176
330,73,3.5318875312805176
927,928,3.5318875312805176
870,528,3.5318875312805176
230,633,3.5318875312805176
592,815,3.5318875312805176
406,1008,3.5318875312805176
889,427,3.5318875312805176
655,1012,3.5318875312805176
363,555,3.5318875312805176
291,82,3.5318875312805176
864,317,3.5318875312805176
89,197,3.5318875312805176
279,176,3.5318875312805176
201,587,3.5318875312805176
457,744,3.5318875312805176
95,862,3.5318875312805176
42,736,3.5318875312805176
486,766,3.5318875312805176
875,511,3.5318875312805176
701,292,3.5318875312805176
593,1016,3.5318875312805176
1,122,3.5318875312805176
788,12,3.5318875312805176
339,640,3.5318875312805176
883,513,3.5318875312805176
823,419,3.5318875312805176
222,476,3.5318875312805176
653,154,3.5318875312805176
786,528,3.5318875312805176
588,155,3.5318875312805176
13,1,3.5318875312805176
77,1,3.5318875312805176
130,876,3.5318875312805176
279,1244,3.5318875312805176
181,846,3.5318875312805176
320,89,3.5318875312805176
699,211,3.5318875312805176
361,466,3.5318875312805176
229,312,3.5318875312805176
14,474,3.5318875312805176
713,690,3.5318875312805176
292,298,3.5318875312805176
1,120,3.5318875312805176
312,654,3.5318875312805176
484,14,3.5318875312805176
344,716,3.5318875312805176
806,675,3.5318875312805176
625,97,3.5318875312805176
183,331,3.5318875312805176
758,496,3.5318875312805176
299,538,3.5318875312805176
356,347,3.5318875312805176
465,481,3.5318875312805176
163,286,3.5318875312805176
144,318,3.5318875312805176
711,162,3.5318875312805176
42,491,3.5318875312805176
95,405,3.5318875312805176
158,4,3.5318875312805176
381,493,3.5318875312805176
429,216,3.5318875312805176
428,242,3.5318875312805176
144,248,3.5318875312805176
678,111,3.5318875312805176
102,230,3.5318875312805176
436,869,3.5318875312805176
705,597,3.5318875312805176
934,648,3.5318875312805176
458,517,3.5318875312805176
346,226,3.5318875312805176
457,470,3.5318875312805176
830,288,3.5318875312805176
249,56,3.5318875312805176
774,52,3.5318875312805176
655,914,3.5318875312805176
889,182,3.5318875312805176
157,235,3.5318875312805176
293,628,3.5318875312805176
497,395,3.5318875312805176
682,318,3.5318875312805176
870,713,3.5318875312805176
221,1067,3.5318875312805176
15,546,3.5318875312805176
209,16,3.5318875312805176
435,67,3.5318875312805176
772,678,3.5318875312805176
299,25,3.5318875312805176
448,305,3.5318875312805176
643,655,3.5318875312805176
234,765,3.5318875312805176
666,651,3.5318875312805176
276,63,3.5318875312805176
122,553,3.5318875312805176
328,12,3.5318875312805176
1,224,3.5318875312805176
738,177,3.5318875312805176
930,113,3.5318875312805176
875,64,3.5318875312805176
380,518,3.5318875312805176
406,24,3.5318875312805176
81,269,3.5318875312805176
863,1024,3.5318875312805176
115,496,3.5318875312805176
537,661,3.5318875312805176
92,576,3.5318875312805176
642,15,3.5318875312805176
207,1170,3.5318875312805176
868,1509,3.5318875312805176
305,1,3.5318875312805176
577,208,3.5318875312805176
798,394,3.5318875312805176
701,311,3.5318875312805176
537,681,3.5318875312805176
435,1039,3.5318875312805176
669,271,3.5318875312805176
450,234,3.5318875312805176
382,475,3.5318875312805176
749,423,3.5318875312805176
405,877,3.5318875312805176
890,152,3.5318875312805176
305,1485,3.5318875312805176
495,770,3.5318875312805176
87,216,3.5318875312805176
10,708,3.5318875312805176
405,1229,3.5318875312805176
82,1001,3.5318875312805176
457,147,3.5318875312805176
635,13,3.5318875312805176
42,185,3.5318875312805176
727,550,3.5318875312805176
795,173,3.5318875312805176
189,847,3.5318875312805176
301,186,3.5318875312805176
291,249,3.5318875312805176
641,124,3.5318875312805176
878,152,3.5318875312805176
385,378,3.5318875312805176
788,227,3.5318875312805176
913,25,3.5318875312805176
542,959,3.5318875312805176
450,742,3.5318875312805176
930,257,3.5318875312805176
716,143,3.5318875312805176
57,831,3.5318875312805176
829,268,3.5318875312805176
899,474,3.5318875312805176
234,832,3.5318875312805176
679,42,3.5318875312805176
515,690,3.5318875312805176
303,535,3.5318875312805176
796,1037,3.5318875312805176
591,466,3.5318875312805176
870,789,3.5318875312805176
792,405,3.5318875312805176
913,474,3.5318875312805176
437,730,3.5318875312805176
705,588,3.5318875312805176
236,420,3.5318875312805176
290,739,3.5318875312805176
343,931,3.5318875312805176
421,175,3.5318875312805176
170,984,3.5318875312805176
429,73,3.5318875312805176
547,289,3.5318875312805176
682,834,3.5318875312805176
501,591,3.5318875312805176
758,109,3.5318875312805176
892,500,3.5318875312805176
892,121,3.5318875312805176
416,942,3.5318875312805176
246,426,3.5318875312805176
450,79,3.5318875312805176
719,121,3.5318875312805176
405,670,3.5318875312805176
90,52,3.5318875312805176
367,234,3.5318875312805176
270,148,3.5318875312805176
287,591,3.5318875312805176
325,191,3.5318875312805176
405,181,3.5318875312805176
708,763,3.5318875312805176
381,483,3.5318875312805176
922,579,3.5318875312805176
734,191,3.5318875312805176
82,235,3.5318875312805176
330,63,3.5318875312805176
144,655,3.5318875312805176
543,410,3.5318875312805176
230,570,3.5318875312805176
838,300,3.5318875312805176
62,815,3.5318875312805176
798,560,3.5318875312805176
504,503,3.5318875312805176
661,86,3.5318875312805176
416,631,3.5318875312805176
804,1060,3.5318875312805176
26,302,3.5318875312805176
291,1109,3.5318875312805176
458,513,3.5318875312805176
406,747,3.5318875312805176
174,1313,3.5318875312805176
749,273,3.5318875312805176
40,754,3.5318875312805176
421,709,3.5318875312805176
409,937,3.5318875312805176
429,1079,3.5318875312805176
399,400,3.5318875312805176
64,135,3.5318875312805176
788,1183,3.5318875312805176
751,1140,3.5318875312805176
872,1284,3.5318875312805176
417,29,3.5318875312805176
91,612,3.5318875312805176
745,168,3.5318875312805176
831,354,3.5318875312805176
334,286,3.5318875312805176
545,732,3.5318875312805176
940,98,3.5318875312805176
468,1134,3.5318875312805176
588,72,3.5318875312805176
251,978,3.5318875312805176
227,124,3.5318875312805176
751,436,3.5318875312805176
830,732,3.5318875312805176
660,230,3.5318875312805176
144,454,3.5318875312805176
431,327,3.5318875312805176
709,1059,3.5318875312805176
243,28,3.5318875312805176
216,652,3.5318875312805176
655,435,3.5318875312805176
938,106,3.5318875312805176
943,12,3.5318875312805176
18,517,3.5318875312805176
318,307,3.5318875312805176
372,1090,3.5318875312805176
30,2,3.5318875312805176
54,1088,3.5318875312805176
181,273,3.5318875312805176
543,86,3.5318875312805176
195,413,3.5318875312805176
326,153,3.5318875312805176
519,991,3.5318875312805176
858,289,3.5318875312805176
567,23,3.5318875312805176
499,176,3.5318875312805176
234,389,3.5318875312805176
697,833,3.5318875312805176
385,98,3.5318875312805176
263,50,3.5318875312805176
606,79,3.5318875312805176
160,1019,3.5318875312805176
785,496,3.5318875312805176
472,227,3.5318875312805176
72,180,3.5318875312805176
828,510,3.5318875312805176
189,313,3.5318875312805176
447,231,3.5318875312805176
846,601,3.5318875312805176
276,14,3.5318875312805176
234,842,3.5318875312805176
56,588,3.5318875312805176
681,304,3.5318875312805176
276,382,3.5318875312805176
479,238,3.5318875312805176
704,679,3.5318875312805176
500,763,3.5318875312805176
391,604,3.5318875312805176
654,418,3.5318875312805176
199,678,3.5318875312805176
615,519,3.5318875312805176
73,480,3.5318875312805176
543,23,3.5318875312805176
495,1182,3.5318875312805176
649,254,3.5318875312805176
577,655,3.5318875312805176
433,174,3.5318875312805176
710,510,3.5318875312805176
605,325,3.5318875312805176
927,228,3.5318875312805176
686,98,3.5318875312805176
267,169,3.5318875312805176
727,257,3.5318875312805176
630,25,3.5318875312805176
632,475,3.5318875312805176
917,100,3.5318875312805176
573,479,3.5318875312805176
693,222,3.5318875312805176
75,114,3.5318875312805176
73,269,3.5318875312805176
5,380,3.5318875312805176
222,678,3.5318875312805176
635,301,3.5318875312805176
280,324,3.5318875312805176
741,582,3.5318875312805176
303,56,3.5318875312805176
650,98,3.5318875312805176
188,69,3.5318875312805176
816,1025,3.5318875312805176
296,22,3.5318875312805176
518,118,3.5318875312805176
621,40,3.5318875312805176
435,55,3.5318875312805176
160,50,3.5318875312805176
753,427,3.5318875312805176
404,343,3.5318875312805176
560,13,3.5318875312805176
472,250,3.5318875312805176
181,117,3.5318875312805176
592,323,3.5318875312805176
892,649,3.5318875312805176
798,1239,3.5318875312805176
49,418,3.5318875312805176
293,589,3.5318875312805176
833,515,3.5318875312805176
530,98,3.5318875312805176
779,275,3.5318875312805176
881,473,3.5318875312805176
707,1176,3.5318875312805176
95,650,3.5318875312805176
642,186,3.5318875312805176
724,272,3.5318875312805176
303,79,3.5318875312805176
334,23,3.5318875312805176
466,127,3.5318875312805176
478,124,3.5318875312805176
458,58,3.5318875312805176
348,477,3.5318875312805176
825,174,3.5318875312805176
588,268,3.5318875312805176
82,640,3.5318875312805176
148,89,3.5318875312805176
316,283,3.5318875312805176
305,631,3.5318875312805176
18,65,3.5318875312805176
397,210,3.5318875312805176
537,81,3.5318875312805176
348,368,3.5318875312805176
642,1503,3.5318875312805176
503,488,3.5318875312805176
482,249,3.5318875312805176
536,73,3.5318875312805176
4,361,3.5318875312805176
18,317,3.5318875312805176
673,898,3.5318875312805176
402,135,3.5318875312805176
829,213,3.5318875312805176
308,5,3.5318875312805176
628,294,3.5318875312805176
254,1469,3.5318875312805176
526,544,3.5318875312805176
13,843,3.5318875312805176
468,124,3.5318875312805176
70,423,3.5318875312805176
405,1530,3.5318875312805176
267,81,3.5318875312805176
903,100,3.5318875312805176
617,604,3.5318875312805176
451,938,3.5318875312805176
454,15,3.5318875312805176
152,1054,3.5318875312805176
699,298,3.5318875312805176
233,143,3.5318875312805176
380,1116,3.5318875312805176
269,211,3.5318875312805176
92,56,3.5318875312805176
95,420,3.5318875312805176
630,118,3.5318875312805176
899,428,3.5318875312805176
454,385,3.5318875312805176
116,11,3.5318875312805176
406,174,3.5318875312805176
445,628,3.5318875312805176
279,843,3.5318875312805176
313,768,3.5318875312805176
801,313,3.5318875312805176
8,243,3.5318875312805176
405,1522,3.5318875312805176
243,125,3.5318875312805176
910,252,3.5318875312805176
603,229,3.5318875312805176
378,126,3.5318875312805176
130,546,3.5318875312805176
234,286,3.5318875312805176
235,1149,3.5318875312805176
867,657,3.5318875312805176
478,393,3.5318875312805176
280,1313,3.5318875312805176
370,199,3.5318875312805176
70,186,3.5318875312805176
426,199,3.5318875312805176
528,402,3.5318875312805176
932,47,3.5318875312805176
87,491,3.5318875312805176
506,231,3.5318875312805176
201,209,3.5318875312805176
851,31,3.5318875312805176
348,472,3.5318875312805176
211,9,3.5318875312805176
569,756,3.5318875312805176
546,860,3.5318875312805176
256,1042,3.5318875312805176
334,28,3.5318875312805176
663,895,3.5318875312805176
399,180,3.5318875312805176
460,294,3.5318875312805176
896,19,3.5318875312805176
451,286,3.5318875312805176
64,188,3.5318875312805176
299,52,3.5318875312805176
405,423,3.5318875312805176
469,173,3.5318875312805176
655,786,3.5318875312805176
297,218,3.5318875312805176
701,344,3.5318875312805176
724,682,3.5318875312805176
435,578,3.5318875312805176
59,611,3.5318875312805176
198,385,3.5318875312805176
458,288,3.5318875312805176
684,265,3.5318875312805176
867,1159,3.5318875312805176
487,1244,3.5318875312805176
875,334,3.5318875312805176
885,451,3.5318875312805176
450,1521,3.5318875312805176
885,428,3.5318875312805176
618,763,3.5318875312805176
304,742,3.5318875312805176
903,4,3.5318875312805176
709,568,3.5318875312805176
798,1249,3.5318875312805176
747,1456,3.5318875312805176
291,238,3.5318875312805176
671,405,3.5318875312805176
886,265,3.5318875312805176
405,1562,3.5318875312805176
807,422,3.5318875312805176
328,606,3.5318875312805176
790,4,3.5318875312805176
796,880,3.5318875312805176
308,201,3.5318875312805176
291,1067,3.5318875312805176
422,760,3.5318875312805176
776,219,3.5318875312805176
453,693,3.5318875312805176
459,358,3.5318875312805176
59,403,3.5318875312805176
189,28,3.5318875312805176
833,508,3.5318875312805176
479,1244,3.5318875312805176
234,746,3.5318875312805176
308,241,3.5318875312805176
62,24,3.5318875312805176
92,368,3.5318875312805176
563,301,3.5318875312805176
638,472,3.5318875312805176
916,212,3.5318875312805176
396,471,3.5318875312805176
193,693,3.5318875312805176
76,24,3.5318875312805176
865,676,3.5318875312805176
352,431,3.5318875312805176
887,65,3.5318875312805176
293,588,3.5318875312805176
337,121,3.5318875312805176
805,708,3.5318875312805176
618,1048,3.5318875312805176
60,97,3.5318875312805176
346,241,3.5318875312805176
659,675,3.5318875312805176
846,780,3.5318875312805176
753,504,3.5318875312805176
1,72,3.5318875312805176
392,286,3.5318875312805176
148,189,3.5318875312805176
166,315,3.5318875312805176
814,17,3.5318875312805176
801,890,3.5318875312805176
807,186,3.5318875312805176
689,358,3.5318875312805176
787,307,3.5318875312805176
295,105,3.5318875312805176
193,127,3.5318875312805176
163,97,3.5318875312805176
916,559,3.5318875312805176
10,484,3.5318875312805176
610,70,3.5318875312805176
222,216,3.5318875312805176
633,322,3.5318875312805176
872,273,3.5318875312805176
524,216,3.5318875312805176
539,481,3.5318875312805176
288,190,3.5318875312805176
532,135,3.5318875312805176
145,591,3.5318875312805176
921,1287,3.5318875312805176
161,1117,3.5318875312805176
758,616,3.5318875312805176
389,518,3.5318875312805176
85,203,3.5318875312805176
321,507,3.5318875312805176
181,1252,3.5318875312805176
49,557,3.5318875312805176
763,47,3.5318875312805176
380,483,3.5318875312805176
514,228,3.5318875312805176
556,988,3.5318875312805176
665,105,3.5318875312805176
847,174,3.5318875312805176
487,462,3.5318875312805176
291,581,3.5318875312805176
620,755,3.5318875312805176
674,304,3.5318875312805176
754,359,3.5318875312805176
194,50,3.5318875312805176
381,526,3.5318875312805176
347,356,3.5318875312805176
454,879,3.5318875312805176
825,984,3.5318875312805176
223,309,3.5318875312805176
450,381,3.5318875312805176
535,300,3.5318875312805176
782,1379,3.5318875312805176
711,248,3.5318875312805176
165,202,3.5318875312805176
293,1421,3.5318875312805176
532,815,3.5318875312805176
299,378,3.5318875312805176
682,742,3.5318875312805176
83,993,3.5318875312805176
681,898,3.5318875312805176
592,15,3.5318875312805176
535,121,3.5318875312805176
204,1,3.5318875312805176
381,724,3.5318875312805176
618,135,3.5318875312805176
643,845,3.5318875312805176
488,678,3.5318875312805176
452,52,3.5318875312805176
240,349,3.5318875312805176
732,286,3.5318875312805176
468,955,3.5318875312805176
656,316,3.5318875312805176
313,98,3.5318875312805176
262,44,3.5318875312805176
216,405,3.5318875312805176
305,1286,3.5318875312805176
901,259,3.5318875312805176
6,459,3.5318875312805176
259,117,3.5318875312805176
92,674,3.5318875312805176
271,705,3.5318875312805176
442,239,3.5318875312805176
223,477,3.5318875312805176
6,405,3.5318875312805176
922,77,3.5318875312805176
269,64,3.5318875312805176
347,392,3.5318875312805176
882,180,3.5318875312805176
450,92,3.5318875312805176
659,186,3.5318875312805176
629,504,3.5318875312805176
519,908,3.5318875312805176
308,419,3.5318875312805176
409,170,3.5318875312805176
356,315,3.5318875312805176
239,195,3.5318875312805176
919,270,3.5318875312805176
293,732,3.5318875312805176
343,83,3.5318875312805176
648,168,3.5318875312805176
450,608,3.5318875312805176
847,756,3.5318875312805176
21,291,3.5318875312805176
880,12,3.5318875312805176
234,136,3.5318875312805176
405,168,3.5318875312805176
402,471,3.5318875312805176
500,10,3.5318875312805176
694,632,3.5318875312805176
202,179,3.5318875312805176
405,171,3.5318875312805176
735,100,3.5318875312805176
595,273,3.5318875312805176
660,281,3.5318875312805176
933,219,3.5318875312805176
422,181,3.5318875312805176
829,124,3.5318875312805176
862,515,3.5318875312805176
59,1050,3.5318875312805176
889,223,3.5318875312805176
7,357,3.5318875312805176
1,183,3.5318875312805176
716,197,3.5318875312805176
150,288,3.5318875312805176
551,230,3.5318875312805176
60,8,3.5318875312805176
382,717,3.5318875312805176
594,15,3.5318875312805176
279,96,3.5318875312805176
184,478,3.5318875312805176
554,238,3.5318875312805176
523,210,3.5318875312805176
234,285,3.5318875312805176
592,70,3.5318875312805176
815,655,3.5318875312805176
567,194,3.5318875312805176
393,363,3.5318875312805176
705,1544,3.5318875312805176
790,213,3.5318875312805176
276,325,3.5318875312805176
117,588,3.5318875312805176
375,233,3.5318875312805176
43,336,3.5318875312805176
153,22,3.5318875312805176
869,126,3.5318875312805176
401,477,3.5318875312805176
266,289,3.5318875312805176
235,135,3.5318875312805176
585,1347,3.5318875312805176
724,327,3.5318875312805176
287,168,3.5318875312805176
366,436,3.5318875312805176
70,398,3.5318875312805176
231,151,3.5318875312805176
293,303,3.5318875312805176
756,919,3.5318875312805176
271,44,3.5318875312805176
711,380,3.5318875312805176
75,427,3.5318875312805176
793,458,3.5318875312805176
595,676,3.5318875312805176
747,1067,3.5318875312805176
587,353,3.5318875312805176
766,194,3.5318875312805176
746,566,3.5318875312805176
373,210,3.5318875312805176
435,1028,3.5318875312805176
682,87,3.5318875312805176
181,264,3.5318875312805176
682,1225,3.5318875312805176
87,21,3.5318875312805176
354,387,3.5318875312805176
12,318,3.5318875312805176
308,428,3.5318875312805176
885,213,3.5318875312805176
201,150,3.5318875312805176
354,25,3.5318875312805176
389,208,3.5318875312805176
751,419,3.5318875312805176
751,739,3.5318875312805176
927,1415,3.5318875312805176
765,15,3.5318875312805176
83,71,3.5318875312805176
193,82,3.5318875312805176
619,181,3.5318875312805176
332,1315,3.5318875312805176
307,483,3.5318875312805176
663,588,3.5318875312805176
339,9,3.5318875312805176
184,568,3.5318875312805176
483,257,3.5318875312805176
254,418,3.5318875312805176
142,362,3.5318875312805176
839,7,3.5318875312805176
537,705,3.5318875312805176
293,22,3.5318875312805176
584,423,3.5318875312805176
393,477,3.5318875312805176
488,493,3.5318875312805176
406,652,3.5318875312805176
95,742,3.5318875312805176
773,29,3.5318875312805176
435,4,3.5318875312805176
397,95,3.5318875312805176
892,480,3.5318875312805176
804,39,3.5318875312805176
661,427,3.5318875312805176
385,961,3.5318875312805176
588,73,3.5318875312805176
145,1215,3.5318875312805176
933,193,3.5318875312805176
40,333,3.5318875312805176
125,153,3.5318875312805176
704,289,3.5318875312805176
334,500,3.5318875312805176
10,505,3.5318875312805176
450,619,3.5318875312805176
285,198,3.5318875312805176
661,209,3.5318875312805176
440,57,3.5318875312805176
380,480,3.5318875312805176
661,170,3.5318875312805176
774,554,3.5318875312805176
870,802,3.5318875312805176
697,129,3.5318875312805176
13,413,3.5318875312805176
618,151,3.5318875312805176
864,794,3.5318875312805176
4,288,3.5318875312805176
757,399,3.5318875312805176
109,122,3.5318875312805176
312,97,3.5318875312805176
921,932,3.5318875312805176
532,125,3.5318875312805176
239,96,3.5318875312805176
795,72,3.5318875312805176
94,1032,3.5318875312805176
431,286,3.5318875312805176
59,111,3.5318875312805176
344,235,3.5318875312805176
499,295,3.5318875312805176
416,972,3.5318875312805176
222,198,3.5318875312805176
423,898,3.5318875312805176
152,25,3.5318875312805176
59,429,3.5318875312805176
405,525,3.5318875312805176
387,222,3.5318875312805176
286,85,3.5318875312805176
642,133,3.5318875312805176
910,125,3.5318875312805176
807,748,3.5318875312805176
293,222,3.5318875312805176
445,1378,3.5318875312805176
334,527,3.5318875312805176
276,1081,3.5318875312805176
296,652,3.5318875312805176
795,771,3.5318875312805176
661,756,3.5318875312805176
632,100,3.5318875312805176
682,1220,3.5318875312805176
152,284,3.5318875312805176
736,254,3.5318875312805176
484,315,3.5318875312805176
73,59,3.5318875312805176
393,684,3.5318875312805176
397,498,3.5318875312805176
601,21,3.5318875312805176
887,279,3.5318875312805176
195,651,3.5318875312805176
250,340,3.5318875312805176
835,237,3.5318875312805176
340,15,3.5318875312805176
530,357,3.5318875312805176
707,221,3.5318875312805176
918,133,3.5318875312805176
85,194,3.5318875312805176
503,97,3.5318875312805176
848,739,3.5318875312805176
847,109,3.5318875312805176
286,237,3.5318875312805176
244,815,3.5318875312805176
325,176,3.5318875312805176
180,235,3.5318875312805176
848,755,3.5318875312805176
889,575,3.5318875312805176
416,1262,3.5318875312805176
301,227,3.5318875312805176
648,208,3.5318875312805176
843,298,3.5318875312805176
58,1069,3.5318875312805176
758,1019,3.5318875312805176
644,328,3.5318875312805176
650,494,3.5318875312805176
26,100,3.5318875312805176
610,195,3.5318875312805176
60,502,3.5318875312805176
316,100,3.5318875312805176
299,235,3.5318875312805176
59,588,3.5318875312805176
409,680,3.5318875312805176
255,879,3.5318875312805176
293,29,3.5318875312805176
551,979,3.5318875312805176
500,729,3.5318875312805176
756,421,3.5318875312805176
660,95,3.5318875312805176
151,482,3.5318875312805176
757,658,3.5318875312805176
204,242,3.5318875312805176
868,89,3.5318875312805176
233,47,3.5318875312805176
253,79,3.5318875312805176
49,313,3.5318875312805176
672,1023,3.5318875312805176
566,386,3.5318875312805176
26,405,3.5318875312805176
125,258,3.5318875312805176
151,238,3.5318875312805176
425,670,3.5318875312805176
327,288,3.5318875312805176
894,275,3.5318875312805176
698,427,3.5318875312805176
60,661,3.5318875312805176
786,179,3.5318875312805176
12,300,3.5318875312805176
775,286,3.5318875312805176
293,51,3.5318875312805176
429,162,3.5318875312805176
437,218,3.5318875312805176
398,603,3.5318875312805176
742,284,3.5318875312805176
503,174,3.5318875312805176
181,275,3.5318875312805176
479,472,3.5318875312805176
89,26,3.5318875312805176
870,100,3.5318875312805176
864,12,3.5318875312805176
821,707,3.5318875312805176
407,147,3.5318875312805176
298,153,3.5318875312805176
221,1210,3.5318875312805176
506,380,3.5318875312805176
593,40,3.5318875312805176
243,13,3.5318875312805176
104,124,3.5318875312805176
188,164,3.5318875312805176
755,301,3.5318875312805176
561,651,3.5318875312805176
752,302,3.5318875312805176
92,831,3.5318875312805176
882,25,3.5318875312805176
65,294,3.5318875312805176
5,94,3.5318875312805176
70,128,3.5318875312805176
403,472,3.5318875312805176
844,241,3.5318875312805176
128,280,3.5318875312805176
92,363,3.5318875312805176
45,473,3.5318875312805176
1,190,3.5318875312805176
660,392,3.5318875312805176
939,409,3.5318875312805176
411,1475,3.5318875312805176
757,64,3.5318875312805176
537,208,3.5318875312805176
13,838,3.5318875312805176
268,840,3.5318875312805176
608,478,3.5318875312805176
523,874,3.5318875312805176
411,79,3.5318875312805176
804,322,3.5318875312805176
47,874,3.5318875312805176
758,506,3.5318875312805176
658,182,3.5318875312805176
911,584,3.5318875312805176
899,663,3.5318875312805176
704,661,3.5318875312805176
727,596,3.5318875312805176
624,1028,3.5318875312805176
699,98,3.5318875312805176
30,531,3.5318875312805176
686,542,3.5318875312805176
839,532,3.5318875312805176
639,750,3.5318875312805176
592,619,3.5318875312805176
614,1,3.5318875312805176
831,28,3.5318875312805176
570,268,3.5318875312805176
435,386,3.5318875312805176
595,508,3.5318875312805176
387,641,3.5318875312805176
476,1118,3.5318875312805176
472,796,3.5318875312805176
584,161,3.5318875312805176
548,50,3.5318875312805176
181,1340,3.5318875312805176
663,1067,3.5318875312805176
344,124,3.5318875312805176
393,123,3.5318875312805176
716,620,3.5318875312805176
195,67,3.5318875312805176
94,380,3.5318875312805176
130,24,3.5318875312805176
654,431,3.5318875312805176
727,840,3.5318875312805176
328,646,3.5318875312805176
739,498,3.5318875312805176
606,228,3.5318875312805176
491,654,3.5318875312805176
527,507,3.5318875312805176
467,7,3.5318875312805176
903,187,3.5318875312805176
859,288,3.5318875312805176
429,66,3.5318875312805176
592,408,3.5318875312805176
224,949,3.5318875312805176
781,302,3.5318875312805176
466,550,3.5318875312805176
684,50,3.5318875312805176
402,25,3.5318875312805176
580,271,3.5318875312805176
708,222,3.5318875312805176
59,258,3.5318875312805176
10,663,3.5318875312805176
381,228,3.5318875312805176
391,705,3.5318875312805176
749,571,3.5318875312805176
378,173,3.5318875312805176
406,238,3.5318875312805176
102,5,3.5318875312805176
659,762,3.5318875312805176
707,962,3.5318875312805176
370,523,3.5318875312805176
921,132,3.5318875312805176
537,732,3.5318875312805176
853,264,3.5318875312805176
234,87,3.5318875312805176
303,100,3.5318875312805176
672,1061,3.5318875312805176
934,254,3.5318875312805176
275,96,3.5318875312805176
776,187,3.5318875312805176
628,326,3.5318875312805176
62,742,3.5318875312805176
397,183,3.5318875312805176
420,251,3.5318875312805176
217,403,3.5318875312805176
305,7,3.5318875312805176
911,191,3.5318875312805176
846,185,3.5318875312805176
152,845,3.5318875312805176
588,227,3.5318875312805176
311,941,3.5318875312805176
230,240,3.5318875312805176
53,845,3.5318875312805176
913,613,3.5318875312805176
551,658,3.5318875312805176
506,514,3.5318875312805176
339,939,3.5318875312805176
59,216,3.5318875312805176
747,40,3.5318875312805176
54,7,3.5318875312805176
286,425,3.5318875312805176
900,696,3.5318875312805176
498,933,3.5318875312805176
399,450,3.5318875312805176
796,86,3.5318875312805176
843,82,3.5318875312805176
545,161,3.5318875312805176
721,942,3.5318875312805176
144,66,3.5318875312805176
509,326,3.5318875312805176
293,235,3.5318875312805176
85,416,3.5318875312805176
38,406,3.5318875312805176
717,995,3.5318875312805176
561,505,3.5318875312805176
786,7,3.5318875312805176
894,886,3.5318875312805176
587,350,3.5318875312805176
13,21,3.5318875312805176
828,313,3.5318875312805176
291,202,3.5318875312805176
804,10,3.5318875312805176
110,366,3.5318875312805176
125,482,3.5318875312805176
128,451,3.5318875312805176
840,202,3.5318875312805176
202,423,3.5318875312805176
807,520,3.5318875312805176
445,994,3.5318875312805176
416,176,3.5318875312805176
406,492,3.5318875312805176
236,523,3.5318875312805176
843,135,3.5318875312805176
535,1045,3.5318875312805176
276,184,3.5318875312805176
11,180,3.5318875312805176
682,991,3.5318875312805176
535,521,3.5318875312805176
682,722,3.5318875312805176
758,200,3.5318875312805176
272,11,3.5318875312805176
6,192,3.5318875312805176
881,215,3.5318875312805176
536,117,3.5318875312805176
500,1166,3.5318875312805176
122,1268,3.5318875312805176
567,1019,3.5318875312805176
144,410,3.5318875312805176
119,257,3.5318875312805176
181,369,3.5318875312805176
262,358,3.5318875312805176
916,806,3.5318875312805176
942,435,3.5318875312805176
561,735,3.5318875312805176
200,1139,3.5318875312805176
308,567,3.5318875312805176
267,67,3.5318875312805176
275,625,3.5318875312805176
763,22,3.5318875312805176
868,498,3.5318875312805176
222,94,3.5318875312805176
831,64,3.5318875312805176
551,96,3.5318875312805176
658,86,3.5318875312805176
689,258,3.5318875312805176
110,651,3.5318875312805176
234,14,3.5318875312805176
823,69,3.5318875312805176
181,237,3.5318875312805176
198,684,3.5318875312805176
102,447,3.5318875312805176
660,7,3.5318875312805176
921,411,3.5318875312805176
445,829,3.5318875312805176
498,1103,3.5318875312805176
790,570,3.5318875312805176
250,993,3.5318875312805176
186,322,3.5318875312805176
344,647,3.5318875312805176
144,760,3.5318875312805176
346,245,3.5318875312805176
94,586,3.5318875312805176
336,238,3.5318875312805176
18,863,3.5318875312805176
655,98,3.5318875312805176
934,614,3.5318875312805176
373,1066,3.5318875312805176
302,301,3.5318875312805176
541,234,3.5318875312805176
862,478,3.5318875312805176
320,554,3.5318875312805176
90,83,3.5318875312805176
94,1217,3.5318875312805176
407,250,3.5318875312805176
151,559,3.5318875312805176
118,816,3.5318875312805176
552,252,3.5318875312805176
715,22,3.5318875312805176
16,642,3.5318875312805176
629,566,3.5318875312805176
332,95,3.5318875312805176
184,9,3.5318875312805176
387,156,3.5318875312805176
727,552,3.5318875312805176
716,81,3.5318875312805176
474,448,3.5318875312805176
698,498,3.5318875312805176
699,596,3.5318875312805176
399,62,3.5318875312805176
303,77,3.5318875312805176
832,260,3.5318875312805176
425,841,3.5318875312805176
417,465,3.5318875312805176
661,219,3.5318875312805176
497,169,3.5318875312805176
293,239,3.5318875312805176
883,59,3.5318875312805176
537,151,3.5318875312805176
711,70,3.5318875312805176
642,165,3.5318875312805176
527,91,3.5318875312805176
840,657,3.5318875312805176
217,258,3.5318875312805176
758,96,3.5318875312805176
718,841,3.5318875312805176
867,197,3.5318875312805176
846,506,3.5318875312805176
308,521,3.5318875312805176
843,582,3.5318875312805176
924,1,3.5318875312805176
417,588,3.5318875312805176
111,269,3.5318875312805176
459,301,3.5318875312805176
661,357,3.5318875312805176
358,65,3.5318875312805176
420,127,3.5318875312805176
687,749,3.5318875312805176
767,1068,3.5318875312805176
917,328,3.5318875312805176
568,56,3.5318875312805176
435,781,3.5318875312805176
921,280,3.5318875312805176
798,1183,3.5318875312805176
880,1000,3.5318875312805176
786,200,3.5318875312805176
699,111,3.5318875312805176
64,1139,3.5318875312805176
435,541,3.5318875312805176
442,89,3.5318875312805176
583,12,3.5318875312805176
405,1111,3.5318875312805176
886,228,3.5318875312805176
749,158,3.5318875312805176
181,884,3.5318875312805176
293,213,3.5318875312805176
784,299,3.5318875312805176
885,169,3.5318875312805176
320,4,3.5318875312805176
682,808,3.5318875312805176
233,117,3.5318875312805176
343,471,3.5318875312805176
360,83,3.5318875312805176
894,1403,3.5318875312805176
346,31,3.5318875312805176
256,597,3.5318875312805176
472,392,3.5318875312805176
807,101,3.5318875312805176
561,156,3.5318875312805176
59,48,3.5318875312805176
126,350,3.5318875312805176
484,393,3.5318875312805176
207,9,3.5318875312805176
629,50,3.5318875312805176
498,1083,3.5318875312805176
654,81,3.5318875312805176
758,168,3.5318875312805176
592,988,3.5318875312805176
408,1296,3.5318875312805176
294,120,3.5318875312805176
498,262,3.5318875312805176
911,87,3.5318875312805176
509,266,3.5318875312805176
627,684,3.5318875312805176
682,192,3.5318875312805176
345,1,3.5318875312805176
10,418,3.5318875312805176
251,300,3.5318875312805176
762,955,3.5318875312805176
62,715,3.5318875312805176
722,118,3.5318875312805176
561,544,3.5318875312805176
249,58,3.5318875312805176
91,651,3.5318875312805176
222,735,3.5318875312805176
158,798,3.5318875312805176
868,64,3.5318875312805176
417,42,3.5318875312805176
592,1012,3.5318875312805176
577,62,3.5318875312805176
219,568,3.5318875312805176
82,79,3.5318875312805176
486,696,3.5318875312805176
385,2,3.5318875312805176
804,1285,3.5318875312805176
184,528,3.5318875312805176
144,33,3.5318875312805176
57,248,3.5318875312805176
172,612,3.5318875312805176
263,177,3.5318875312805176
900,471,3.5318875312805176
437,204,3.5318875312805176
89,277,3.5318875312805176
452,504,3.5318875312805176
92,155,3.5318875312805176
106,692,3.5318875312805176
503,293,3.5318875312805176
126,262,3.5318875312805176
890,423,3.5318875312805176
222,385,3.5318875312805176
374,818,3.5318875312805176
650,502,3.5318875312805176
210,969,3.5318875312805176
392,297,3.5318875312805176
699,9,3.5318875312805176
846,65,3.5318875312805176
378,220,3.5318875312805176
368,396,3.5318875312805176
387,385,3.5318875312805176
417,386,3.5318875312805176
576,137,3.5318875312805176
455,14,3.5318875312805176
442,168,3.5318875312805176
907,284,3.5318875312805176
729,683,3.5318875312805176
64,153,3.5318875312805176
154,480,3.5318875312805176
450,481,3.5318875312805176
851,252,3.5318875312805176
222,7,3.5318875312805176
632,739,3.5318875312805176
788,739,3.5318875312805176
710,874,3.5318875312805176
705,566,3.5318875312805176
860,381,3.5318875312805176
643,172,3.5318875312805176
601,191,3.5318875312805176
409,283,3.5318875312805176
850,88,3.5318875312805176
703,50,3.5318875312805176
436,172,3.5318875312805176
63,302,3.5318875312805176
488,89,3.5318875312805176
104,246,3.5318875312805176
194,466,3.5318875312805176
367,774,3.5318875312805176
592,109,3.5318875312805176
543,443,3.5318875312805176
250,204,3.5318875312805176
826,426,3.5318875312805176
496,38,3.5318875312805176
697,886,3.5318875312805176
749,136,3.5318875312805176
773,185,3.5318875312805176
565,212,3.5318875312805176
379,131,3.5318875312805176
749,72,3.5318875312805176
100,313,3.5318875312805176
686,182,3.5318875312805176
487,431,3.5318875312805176
345,473,3.5318875312805176
648,596,3.5318875312805176
271,477,3.5318875312805176
613,50,3.5318875312805176
894,293,3.5318875312805176
385,511,3.5318875312805176
13,145,3.5318875312805176
738,919,3.5318875312805176
222,1267,3.5318875312805176
495,498,3.5318875312805176
186,356,3.5318875312805176
150,278,3.5318875312805176
676,258,3.5318875312805176
149,302,3.5318875312805176
918,520,3.5318875312805176
450,366,3.5318875312805176
894,198,3.5318875312805176
823,181,3.5318875312805176
540,591,3.5318875312805176
911,143,3.5318875312805176
196,762,3.5318875312805176
910,205,3.5318875312805176
79,303,3.5318875312805176
382,127,3.5318875312805176
711,95,3.5318875312805176
280,8,3.5318875312805176
620,595,3.5318875312805176
405,447,3.5318875312805176
577,1046,3.5318875312805176
94,66,3.5318875312805176
56,22,3.5318875312805176
654,1115,3.5318875312805176
234,463,3.5318875312805176
897,550,3.5318875312805176
537,1050,3.5318875312805176
244,381,3.5318875312805176
932,632,3.5318875312805176
219,546,3.5318875312805176
468,372,3.5318875312805176
710,886,3.5318875312805176
282,305,3.5318875312805176
145,282,3.5318875312805176
545,227,3.5318875312805176
12,133,3.5318875312805176
867,855,3.5318875312805176
450,1041,3.5318875312805176
474,205,3.5318875312805176
72,509,3.5318875312805176
346,392,3.5318875312805176
281,258,3.5318875312805176
435,434,3.5318875312805176
334,387,3.5318875312805176
291,140,3.5318875312805176
830,480,3.5318875312805176
293,708,3.5318875312805176
497,25,3.5318875312805176
181,1327,3.5318875312805176
807,498,3.5318875312805176
95,97,3.5318875312805176
655,1395,3.5318875312805176
130,215,3.5318875312805176
712,400,3.5318875312805176
213,597,3.5318875312805176
537,276,3.5318875312805176
561,86,3.5318875312805176
595,948,3.5318875312805176
186,385,3.5318875312805176
89,381,3.5318875312805176
13,771,3.5318875312805176
58,283,3.5318875312805176
655,281,3.5318875312805176
720,286,3.5318875312805176
470,742,3.5318875312805176
92,500,3.5318875312805176
92,508,3.5318875312805176
451,687,3.5318875312805176
556,604,3.5318875312805176
599,1048,3.5318875312805176
654,24,3.5318875312805176
141,50,3.5318875312805176
303,99,3.5318875312805176
256,771,3.5318875312805176
417,212,3.5318875312805176
201,146,3.5318875312805176
187,300,3.5318875312805176
291,588,3.5318875312805176
70,751,3.5318875312805176
543,96,3.5318875312805176
934,435,3.5318875312805176
561,794,3.5318875312805176
900,186,3.5318875312805176
659,214,3.5318875312805176
243,1148,3.5318875312805176
10,200,3.5318875312805176
655,1106,3.5318875312805176
629,58,3.5318875312805176
13,911,3.5318875312805176
774,1228,3.5318875312805176
472,485,3.5318875312805176
389,568,3.5318875312805176
313,684,3.5318875312805176
310,748,3.5318875312805176
271,28,3.5318875312805176
562,4,3.5318875312805176
707,782,3.5318875312805176
379,100,3.5318875312805176
532,818,3.5318875312805176
766,90,3.5318875312805176
655,1140,3.5318875312805176
757,173,3.5318875312805176
551,67,3.5318875312805176
259,269,3.5318875312805176
279,826,3.5318875312805176
18,515,3.5318875312805176
504,1421,3.5318875312805176
496,443,3.5318875312805176
747,467,3.5318875312805176
343,583,3.5318875312805176
337,449,3.5318875312805176
528,168,3.5318875312805176
417,732,3.5318875312805176
425,53,3.5318875312805176
314,1165,3.5318875312805176
435,1215,3.5318875312805176
745,177,3.5318875312805176
442,159,3.5318875312805176
539,56,3.5318875312805176
296,221,3.5318875312805176
378,768,3.5318875312805176
326,436,3.5318875312805176
157,50,3.5318875312805176
889,169,3.5318875312805176
254,71,3.5318875312805176
347,930,3.5318875312805176
207,154,3.5318875312805176
346,4,3.5318875312805176
447,484,3.5318875312805176
393,11,3.5318875312805176
77,474,3.5318875312805176
321,647,3.5318875312805176
426,211,3.5318875312805176
606,185,3.5318875312805176
664,58,3.5318875312805176
244,1107,3.5318875312805176
328,347,3.5318875312805176
113,262,3.5318875312805176
144,280,3.5318875312805176
798,161,3.5318875312805176
126,344,3.5318875312805176
84,237,3.5318875312805176
905,333,3.5318875312805176
555,111,3.5318875312805176
405,524,3.5318875312805176
361,513,3.5318875312805176
433,276,3.5318875312805176
542,179,3.5318875312805176
163,98,3.5318875312805176
349,276,3.5318875312805176
379,286,3.5318875312805176
393,50,3.5318875312805176
682,673,3.5318875312805176
617,448,3.5318875312805176
328,601,3.5318875312805176
748,408,3.5318875312805176
828,57,3.5318875312805176
740,302,3.5318875312805176
907,924,3.5318875312805176
64,718,3.5318875312805176
171,344,3.5318875312805176
201,232,3.5318875312805176
297,284,3.5318875312805176
650,88,3.5318875312805176
887,633,3.5318875312805176
881,443,3.5318875312805176
303,1118,3.5318875312805176
835,234,3.5318875312805176
234,21,3.5318875312805176
13,668,3.5318875312805176
893,471,3.5318875312805176
577,1054,3.5318875312805176
602,148,3.5318875312805176
833,943,3.5318875312805176
806,484,3.5318875312805176
387,434,3.5318875312805176
694,229,3.5318875312805176
373,12,3.5318875312805176
722,124,3.5318875312805176
347,827,3.5318875312805176
460,286,3.5318875312805176
449,640,3.5318875312805176
276,81,3.5318875312805176
763,702,3.5318875312805176
870,42,3.5318875312805176
932,169,3.5318875312805176
99,273,3.5318875312805176
85,1121,3.5318875312805176
276,386,3.5318875312805176
23,642,3.5318875312805176
655,1388,3.5318875312805176
172,606,3.5318875312805176
795,1030,3.5318875312805176
347,227,3.5318875312805176
32,250,3.5318875312805176
796,145,3.5318875312805176
268,717,3.5318875312805176
806,271,3.5318875312805176
483,195,3.5318875312805176
405,588,3.5318875312805176
865,625,3.5318875312805176
896,662,3.5318875312805176
435,28,3.5318875312805176
385,922,3.5318875312805176
256,741,3.5318875312805176
109,55,3.5318875312805176
103,255,3.5318875312805176
184,517,3.5318875312805176
346,92,3.5318875312805176
474,505,3.5318875312805176
1,146,3.5318875312805176
104,269,3.5318875312805176
308,1147,3.5318875312805176
532,946,3.5318875312805176
805,396,3.5318875312805176
501,928,3.5318875312805176
525,269,3.5318875312805176
422,326,3.5318875312805176
322,89,3.5318875312805176
314,959,3.5318875312805176
442,96,3.5318875312805176
303,88,3.5318875312805176
354,511,3.5318875312805176
707,170,3.5318875312805176
318,211,3.5318875312805176
1,167,3.5318875312805176
20,98,3.5318875312805176
239,172,3.5318875312805176
60,47,3.5318875312805176
880,628,3.5318875312805176
181,222,3.5318875312805176
87,1047,3.5318875312805176
892,133,3.5318875312805176
145,1023,3.5318875312805176
506,432,3.5318875312805176
18,973,3.5318875312805176
268,558,3.5318875312805176
121,126,3.5318875312805176
936,276,3.5318875312805176
560,260,3.5318875312805176
26,840,3.5318875312805176
58,195,3.5318875312805176
870,186,3.5318875312805176
317,323,3.5318875312805176
595,1067,3.5318875312805176
213,273,3.5318875312805176
403,147,3.5318875312805176
330,255,3.5318875312805176
727,451,3.5318875312805176
500,129,3.5318875312805176
681,682,3.5318875312805176
203,282,3.5318875312805176
829,259,3.5318875312805176
254,64,3.5318875312805176
642,412,3.5318875312805176
650,137,3.5318875312805176
99,288,3.5318875312805176
178,628,3.5318875312805176
92,1213,3.5318875312805176
174,332,3.5318875312805176
141,330,3.5318875312805176
277,591,3.5318875312805176
201,693,3.5318875312805176
192,276,3.5318875312805176
621,172,3.5318875312805176
80,514,3.5318875312805176
878,531,3.5318875312805176
142,243,3.5318875312805176
622,391,3.5318875312805176
250,294,3.5318875312805176
532,100,3.5318875312805176
64,69,3.5318875312805176
328,540,3.5318875312805176
336,158,3.5318875312805176
170,348,3.5318875312805176
94,528,3.5318875312805176
29,539,3.5318875312805176
561,240,3.5318875312805176
394,132,3.5318875312805176
269,902,3.5318875312805176
889,488,3.5318875312805176
817,273,3.5318875312805176
234,280,3.5318875312805176
758,25,3.5318875312805176
311,176,3.5318875312805176
919,832,3.5318875312805176
811,690,3.5318875312805176
174,221,3.5318875312805176
560,546,3.5318875312805176
709,182,3.5318875312805176
436,11,3.5318875312805176
181,259,3.5318875312805176
486,7,3.5318875312805176
256,1119,3.5318875312805176
534,919,3.5318875312805176
159,988,3.5318875312805176
397,134,3.5318875312805176
504,1110,3.5318875312805176
181,324,3.5318875312805176
719,254,3.5318875312805176
255,185,3.5318875312805176
399,71,3.5318875312805176
786,216,3.5318875312805176
887,164,3.5318875312805176
496,420,3.5318875312805176
524,514,3.5318875312805176
425,244,3.5318875312805176
474,124,3.5318875312805176
214,608,3.5318875312805176
619,258,3.5318875312805176
679,184,3.5318875312805176
144,235,3.5318875312805176
710,282,3.5318875312805176
354,958,3.5318875312805176
303,106,3.5318875312805176
334,792,3.5318875312805176
551,97,3.5318875312805176
391,659,3.5318875312805176
117,763,3.5318875312805176
825,628,3.5318875312805176
495,101,3.5318875312805176
141,826,3.5318875312805176
556,325,3.5318875312805176
144,100,3.5318875312805176
229,260,3.5318875312805176
479,144,3.5318875312805176
311,671,3.5318875312805176
854,709,3.5318875312805176
682,237,3.5318875312805176
735,325,3.5318875312805176
246,161,3.5318875312805176
26,116,3.5318875312805176
279,940,3.5318875312805176
169,258,3.5318875312805176
230,418,3.5318875312805176
817,363,3.5318875312805176
880,396,3.5318875312805176
500,250,3.5318875312805176
393,1337,3.5318875312805176
703,276,3.5318875312805176
823,1217,3.5318875312805176
169,603,3.5318875312805176
881,477,3.5318875312805176
525,829,3.5318875312805176
846,622,3.5318875312805176
634,300,3.5318875312805176
145,751,3.5318875312805176
344,511,3.5318875312805176
903,50,3.5318875312805176
378,123,3.5318875312805176
221,469,3.5318875312805176
387,232,3.5318875312805176
251,50,3.5318875312805176
846,131,3.5318875312805176
303,1270,3.5318875312805176
551,235,3.5318875312805176
101,123,3.5318875312805176
409,1020,3.5318875312805176
815,444,3.5318875312805176
437,288,3.5318875312805176
7,341,3.5318875312805176
92,620,3.5318875312805176
415,531,3.5318875312805176
660,636,3.5318875312805176
378,591,3.5318875312805176
603,230,3.5318875312805176
87,801,3.5318875312805176
899,685,3.5318875312805176
933,597,3.5318875312805176
739,98,3.5318875312805176
608,283,3.5318875312805176
123,531,3.5318875312805176
886,237,3.5318875312805176
665,418,3.5318875312805176
727,392,3.5318875312805176
145,879,3.5318875312805176
553,181,3.5318875312805176
1,214,3.5318875312805176
265,742,3.5318875312805176
409,603,3.5318875312805176
479,248,3.5318875312805176
213,200,3.5318875312805176
805,755,3.5318875312805176
99,118,3.5318875312805176
422,271,3.5318875312805176
504,579,3.5318875312805176
378,419,3.5318875312805176
821,148,3.5318875312805176
276,183,3.5318875312805176
392,847,3.5318875312805176
151,659,3.5318875312805176
803,688,3.5318875312805176
198,763,3.5318875312805176
234,609,3.5318875312805176
250,184,3.5318875312805176
401,70,3.5318875312805176
619,568,3.5318875312805176
896,127,3.5318875312805176
13,760,3.5318875312805176
853,259,3.5318875312805176
536,584,3.5318875312805176
321,479,3.5318875312805176
383,654,3.5318875312805176
318,134,3.5318875312805176
409,1328,3.5318875312805176
463,116,3.5318875312805176
449,244,3.5318875312805176
130,622,3.5318875312805176
537,753,3.5318875312805176
903,192,3.5318875312805176
13,478,3.5318875312805176
788,228,3.5318875312805176
354,59,3.5318875312805176
13,590,3.5318875312805176
712,796,3.5318875312805176
892,70,3.5318875312805176
18,492,3.5318875312805176
135,98,3.5318875312805176
744,1,3.5318875312805176
387,321,3.5318875312805176
63,322,3.5318875312805176
178,469,3.5318875312805176
734,111,3.5318875312805176
337,1133,3.5318875312805176
320,174,3.5318875312805176
92,1157,3.5318875312805176
299,194,3.5318875312805176
823,640,3.5318875312805176
545,233,3.5318875312805176
59,427,3.5318875312805176
62,121,3.5318875312805176
194,517,3.5318875312805176
343,198,3.5318875312805176
442,433,3.5318875312805176
109,809,3.5318875312805176
234,229,3.5318875312805176
560,127,3.5318875312805176
96,190,3.5318875312805176
406,187,3.5318875312805176
3,333,3.5318875312805176
779,294,3.5318875312805176
521,56,3.5318875312805176
373,99,3.5318875312805176
390,277,3.5318875312805176
649,323,3.5318875312805176
468,318,3.5318875312805176
59,140,3.5318875312805176
94,248,3.5318875312805176
457,176,3.5318875312805176
619,546,3.5318875312805176
73,255,3.5318875312805176
82,274,3.5318875312805176
595,546,3.5318875312805176
416,4,3.5318875312805176
405,747,3.5318875312805176
286,1051,3.5318875312805176
618,506,3.5318875312805176
99,762,3.5318875312805176
938,126,3.5318875312805176
453,237,3.5318875312805176
417,767,3.5318875312805176
126,315,3.5318875312805176
756,755,3.5318875312805176
320,129,3.5318875312805176
489,331,3.5318875312805176
729,879,3.5318875312805176
244,433,3.5318875312805176
176,319,3.5318875312805176
623,815,3.5318875312805176
344,628,3.5318875312805176
456,357,3.5318875312805176
539,661,3.5318875312805176
647,1263,3.5318875312805176
643,204,3.5318875312805176
762,421,3.5318875312805176
682,380,3.5318875312805176
478,15,3.5318875312805176
682,95,3.5318875312805176
426,133,3.5318875312805176
151,1044,3.5318875312805176
15,932,3.5318875312805176
648,713,3.5318875312805176
669,313,3.5318875312805176
308,47,3.5318875312805176
573,174,3.5318875312805176
588,362,3.5318875312805176
393,385,3.5318875312805176
627,300,3.5318875312805176
682,243,3.5318875312805176
399,407,3.5318875312805176
373,83,3.5318875312805176
301,228,3.5318875312805176
661,566,3.5318875312805176
852,473,3.5318875312805176
545,743,3.5318875312805176
223,975,3.5318875312805176
767,172,3.5318875312805176
503,633,3.5318875312805176
831,331,3.5318875312805176
773,588,3.5318875312805176
181,125,3.5318875312805176
543,466,3.5318875312805176
535,269,3.5318875312805176
659,58,3.5318875312805176
90,1200,3.5318875312805176
599,846,3.5318875312805176
102,217,3.5318875312805176
299,1506,3.5318875312805176
398,655,3.5318875312805176
545,680,3.5318875312805176
702,294,3.5318875312805176
385,484,3.5318875312805176
537,675,3.5318875312805176
592,180,3.5318875312805176
588,384,3.5318875312805176
663,210,3.5318875312805176
389,301,3.5318875312805176
650,484,3.5318875312805176
64,679,3.5318875312805176
318,481,3.5318875312805176
665,833,3.5318875312805176
580,619,3.5318875312805176
919,315,3.5318875312805176
305,97,3.5318875312805176
157,118,3.5318875312805176
200,552,3.5318875312805176
451,307,3.5318875312805176
158,516,3.5318875312805176
18,168,3.5318875312805176
151,661,3.5318875312805176
655,503,3.5318875312805176
387,769,3.5318875312805176
901,38,3.5318875312805176
184,591,3.5318875312805176
39,258,3.5318875312805176
790,67,3.5318875312805176
201,191,3.5318875312805176
591,856,3.5318875312805176
379,527,3.5318875312805176
537,730,3.5318875312805176
890,172,3.5318875312805176
762,515,3.5318875312805176
56,56,3.5318875312805176
660,216,3.5318875312805176
347,328,3.5318875312805176
167,237,3.5318875312805176
846,28,3.5318875312805176
622,190,3.5318875312805176
417,1036,3.5318875312805176
758,181,3.5318875312805176
727,1215,3.5318875312805176
869,1163,3.5318875312805176
532,348,3.5318875312805176
370,56,3.5318875312805176
533,193,3.5318875312805176
864,245,3.5318875312805176
483,473,3.5318875312805176
665,183,3.5318875312805176
361,443,3.5318875312805176
268,95,3.5318875312805176
746,186,3.5318875312805176
279,153,3.5318875312805176
553,275,3.5318875312805176
426,601,3.5318875312805176
543,56,3.5318875312805176
919,147,3.5318875312805176
650,1110,3.5318875312805176
266,25,3.5318875312805176
92,660,3.5318875312805176
921,1034,3.5318875312805176
405,173,3.5318875312805176
328,270,3.5318875312805176
495,176,3.5318875312805176
798,2,3.5318875312805176
561,197,3.5318875312805176
405,1043,3.5318875312805176
43,731,3.5318875312805176
398,588,3.5318875312805176
436,1178,3.5318875312805176
431,323,3.5318875312805176
441,300,3.5318875312805176
936,815,3.5318875312805176
457,77,3.5318875312805176
43,371,3.5318875312805176
145,278,3.5318875312805176
478,1221,3.5318875312805176
407,216,3.5318875312805176
795,39,3.5318875312805176
291,829,3.5318875312805176
1,121,3.5318875312805176
210,4,3.5318875312805176
538,496,3.5318875312805176
181,744,3.5318875312805176
629,300,3.5318875312805176
683,56,3.5318875312805176
221,33,3.5318875312805176
400,307,3.5318875312805176
94,90,3.5318875312805176
55,7,3.5318875312805176
222,82,3.5318875312805176
46,93,3.5318875312805176
222,772,3.5318875312805176
540,742,3.5318875312805176
540,515,3.5318875312805176
548,603,3.5318875312805176
125,451,3.5318875312805176
195,325,3.5318875312805176
457,160,3.5318875312805176
425,1597,3.5318875312805176
385,152,3.5318875312805176
331,69,3.5318875312805176
59,131,3.5318875312805176
435,609,3.5318875312805176
501,13,3.5318875312805176
224,676,3.5318875312805176
121,514,3.5318875312805176
188,692,3.5318875312805176
523,430,3.5318875312805176
48,289,3.5318875312805176
343,214,3.5318875312805176
253,1025,3.5318875312805176
851,332,3.5318875312805176
405,858,3.5318875312805176
454,746,3.5318875312805176
655,468,3.5318875312805176
927,1,3.5318875312805176
528,250,3.5318875312805176
214,45,3.5318875312805176
426,132,3.5318875312805176
159,1095,3.5318875312805176
625,283,3.5318875312805176
190,300,3.5318875312805176
847,482,3.5318875312805176
454,1126,3.5318875312805176
650,121,3.5318875312805176
537,646,3.5318875312805176
383,479,3.5318875312805176
854,93,3.5318875312805176
380,97,3.5318875312805176
5,397,3.5318875312805176
472,38,3.5318875312805176
450,1479,3.5318875312805176
370,135,3.5318875312805176
747,476,3.5318875312805176
749,433,3.5318875312805176
894,316,3.5318875312805176
542,734,3.5318875312805176
361,283,3.5318875312805176
577,29,3.5318875312805176
574,315,3.5318875312805176
97,195,3.5318875312805176
178,326,3.5318875312805176
686,480,3.5318875312805176
346,685,3.5318875312805176
686,197,3.5318875312805176
416,717,3.5318875312805176
495,550,3.5318875312805176
863,898,3.5318875312805176
378,86,3.5318875312805176
398,95,3.5318875312805176
690,739,3.5318875312805176
533,31,3.5318875312805176
474,971,3.5318875312805176
34,1024,3.5318875312805176
82,484,3.5318875312805176
325,865,3.5318875312805176
26,871,3.5318875312805176
201,423,3.5318875312805176
666,357,3.5318875312805176
748,48,3.5318875312805176
416,898,3.5318875312805176
470,1134,3.5318875312805176
399,153,3.5318875312805176
479,177,3.5318875312805176
271,40,3.5318875312805176
635,873,3.5318875312805176
484,228,3.5318875312805176
892,150,3.5318875312805176
721,682,3.5318875312805176
537,741,3.5318875312805176
365,326,3.5318875312805176
790,401,3.5318875312805176
407,288,3.5318875312805176
378,479,3.5318875312805176
354,451,3.5318875312805176
41,430,3.5318875312805176
698,525,3.5318875312805176
393,1270,3.5318875312805176
904,1152,3.5318875312805176
323,322,3.5318875312805176
104,328,3.5318875312805176
907,98,3.5318875312805176
152,483,3.5318875312805176
553,525,3.5318875312805176
399,977,3.5318875312805176
783,876,3.5318875312805176
764,143,3.5318875312805176
385,1428,3.5318875312805176
329,194,3.5318875312805176
796,307,3.5318875312805176
782,358,3.5318875312805176
927,328,3.5318875312805176
379,402,3.5318875312805176
270,17,3.5318875312805176
916,678,3.5318875312805176
499,692,3.5318875312805176
704,304,3.5318875312805176
296,294,3.5318875312805176
347,56,3.5318875312805176
342,1073,3.5318875312805176
454,22,3.5318875312805176
900,200,3.5318875312805176
757,226,3.5318875312805176
449,1318,3.5318875312805176
405,782,3.5318875312805176
43,250,3.5318875312805176
186,288,3.5318875312805176
288,230,3.5318875312805176
285,183,3.5318875312805176
484,399,3.5318875312805176
402,1060,3.5318875312805176
745,9,3.5318875312805176
173,302,3.5318875312805176
21,670,3.5318875312805176
159,591,3.5318875312805176
545,73,3.5318875312805176
887,1136,3.5318875312805176
277,221,3.5318875312805176
727,511,3.5318875312805176
279,202,3.5318875312805176
902,8,3.5318875312805176
724,877,3.5318875312805176
751,70,3.5318875312805176
875,481,3.5318875312805176
280,471,3.5318875312805176
635,302,3.5318875312805176
526,742,3.5318875312805176
174,369,3.5318875312805176
314,393,3.5318875312805176
921,395,3.5318875312805176
747,1134,3.5318875312805176
521,227,3.5318875312805176
798,168,3.5318875312805176
299,483,3.5318875312805176
693,178,3.5318875312805176
763,238,3.5318875312805176
379,94,3.5318875312805176
846,1035,3.5318875312805176
682,948,3.5318875312805176
506,239,3.5318875312805176
92,304,3.5318875312805176
128,458,3.5318875312805176
304,278,3.5318875312805176
793,181,3.5318875312805176
378,806,3.5318875312805176
267,88,3.5318875312805176
921,69,3.5318875312805176
699,880,3.5318875312805176
940,651,3.5318875312805176
912,1041,3.5318875312805176
771,137,3.5318875312805176
329,297,3.5318875312805176
70,298,3.5318875312805176
846,31,3.5318875312805176
217,825,3.5318875312805176
328,237,3.5318875312805176
224,729,3.5318875312805176
437,583,3.5318875312805176
620,930,3.5318875312805176
6,318,3.5318875312805176
130,538,3.5318875312805176
638,183,3.5318875312805176
592,188,3.5318875312805176
601,1039,3.5318875312805176
459,117,3.5318875312805176
554,582,3.5318875312805176
532,38,3.5318875312805176
796,849,3.5318875312805176
387,95,3.5318875312805176
345,367,3.5318875312805176
378,418,3.5318875312805176
115,269,3.5318875312805176
286,738,3.5318875312805176
686,430,3.5318875312805176
234,12,3.5318875312805176
271,729,3.5318875312805176
151,755,3.5318875312805176
629,881,3.5318875312805176
746,523,3.5318875312805176
340,969,3.5318875312805176
6,59,3.5318875312805176
527,279,3.5318875312805176
345,312,3.5318875312805176
158,238,3.5318875312805176
455,1086,3.5318875312805176
608,42,3.5318875312805176
373,142,3.5318875312805176
655,906,3.5318875312805176
782,690,3.5318875312805176
303,236,3.5318875312805176
94,188,3.5318875312805176
339,479,3.5318875312805176
99,332,3.5318875312805176
454,748,3.5318875312805176
108,405,3.5318875312805176
327,919,3.5318875312805176
843,28,3.5318875312805176
878,59,3.5318875312805176
92,77,3.5318875312805176
450,378,3.5318875312805176
361,639,3.5318875312805176
894,479,3.5318875312805176
181,990,3.5318875312805176
328,135,3.5318875312805176
510,300,3.5318875312805176
455,44,3.5318875312805176
838,584,3.5318875312805176
708,471,3.5318875312805176
869,288,3.5318875312805176
883,241,3.5318875312805176
720,269,3.5318875312805176
92,11,3.5318875312805176
237,176,3.5318875312805176
244,739,3.5318875312805176
44,155,3.5318875312805176
720,310,3.5318875312805176
417,1040,3.5318875312805176
870,248,3.5318875312805176
399,928,3.5318875312805176
774,423,3.5318875312805176
359,117,3.5318875312805176
178,358,3.5318875312805176
727,849,3.5318875312805176
406,629,3.5318875312805176
374,182,3.5318875312805176
452,607,3.5318875312805176
542,420,3.5318875312805176
798,825,3.5318875312805176
883,137,3.5318875312805176
316,162,3.5318875312805176
130,240,3.5318875312805176
305,749,3.5318875312805176
176,328,3.5318875312805176
183,485,3.5318875312805176
308,91,3.5318875312805176
364,687,3.5318875312805176
116,260,3.5318875312805176
509,345,3.5318875312805176
365,473,3.5318875312805176
318,1030,3.5318875312805176
71,357,3.5318875312805176
764,4,3.5318875312805176
378,476,3.5318875312805176
313,1050,3.5318875312805176
931,546,3.5318875312805176
543,521,3.5318875312805176
756,122,3.5318875312805176
437,654,3.5318875312805176
489,324,3.5318875312805176
89,736,3.5318875312805176
873,348,3.5318875312805176
840,187,3.5318875312805176
517,873,3.5318875312805176
889,732,3.5318875312805176
582,748,3.5318875312805176
90,486,3.5318875312805176
389,29,3.5318875312805176
846,177,3.5318875312805176
92,628,3.5318875312805176
623,127,3.5318875312805176
486,276,3.5318875312805176
452,199,3.5318875312805176
299,396,3.5318875312805176
577,294,3.5318875312805176
268,33,3.5318875312805176
201,186,3.5318875312805176
552,829,3.5318875312805176
674,292,3.5318875312805176
44,193,3.5318875312805176
833,302,3.5318875312805176
791,259,3.5318875312805176
353,346,3.5318875312805176
102,73,3.5318875312805176
615,699,3.5318875312805176
363,679,3.5318875312805176
321,52,3.5318875312805176
303,541,3.5318875312805176
501,25,3.5318875312805176
669,133,3.5318875312805176
693,96,3.5318875312805176
293,161,3.5318875312805176
751,428,3.5318875312805176
886,483,3.5318875312805176
634,147,3.5318875312805176
592,1377,3.5318875312805176
497,67,3.5318875312805176
318,396,3.5318875312805176
621,135,3.5318875312805176
624,358,3.5318875312805176
303,715,3.5318875312805176
161,197,3.5318875312805176
435,584,3.5318875312805176
457,28,3.5318875312805176
655,1135,3.5318875312805176
165,1119,3.5318875312805176
587,303,3.5318875312805176
774,229,3.5318875312805176
648,1626,3.5318875312805176
900,1298,3.5318875312805176
475,539,3.5318875312805176
411,38,3.5318875312805176
435,1419,3.5318875312805176
692,300,3.5318875312805176
279,375,3.5318875312805176
916,111,3.5318875312805176
708,269,3.5318875312805176
18,131,3.5318875312805176
634,100,3.5318875312805176
417,411,3.5318875312805176
18,79,3.5318875312805176
535,319,3.5318875312805176
308,161,3.5318875312805176
178,790,3.5318875312805176
223,248,3.5318875312805176
622,98,3.5318875312805176
916,144,3.5318875312805176
584,449,3.5318875312805176
210,179,3.5318875312805176
916,748,3.5318875312805176
244,100,3.5318875312805176
504,517,3.5318875312805176
129,990,3.5318875312805176
178,578,3.5318875312805176
470,283,3.5318875312805176
417,946,3.5318875312805176
916,204,3.5318875312805176
1,2,3.5318875312805176
526,323,3.5318875312805176
643,100,3.5318875312805176
342,1048,3.5318875312805176
868,202,3.5318875312805176
7,649,3.5318875312805176
342,7,3.5318875312805176
398,50,3.5318875312805176
345,974,3.5318875312805176
634,293,3.5318875312805176
437,770,3.5318875312805176
796,147,3.5318875312805176
560,257,3.5318875312805176
506,187,3.5318875312805176
313,44,3.5318875312805176
312,506,3.5318875312805176
343,569,3.5318875312805176
533,150,3.5318875312805176
333,269,3.5318875312805176
374,174,3.5318875312805176
429,380,3.5318875312805176
637,717,3.5318875312805176
31,299,3.5318875312805176
217,1303,3.5318875312805176
392,197,3.5318875312805176
532,926,3.5318875312805176
892,763,3.5318875312805176
291,577,3.5318875312805176
417,668,3.5318875312805176
833,1012,3.5318875312805176
514,191,3.5318875312805176
36,288,3.5318875312805176
251,472,3.5318875312805176
443,313,3.5318875312805176
159,880,3.5318875312805176
468,137,3.5318875312805176
418,328,3.5318875312805176
328,651,3.5318875312805176
245,1033,3.5318875312805176
225,478,3.5318875312805176
872,350,3.5318875312805176
682,124,3.5318875312805176
14,603,3.5318875312805176
487,735,3.5318875312805176
22,110,3.5318875312805176
339,238,3.5318875312805176
943,121,3.5318875312805176
276,825,3.5318875312805176
460,676,3.5318875312805176
23,511,3.5318875312805176
277,257,3.5318875312805176
334,150,3.5318875312805176
332,237,3.5318875312805176
916,92,3.5318875312805176
35,937,3.5318875312805176
256,576,3.5318875312805176
804,380,3.5318875312805176
293,742,3.5318875312805176
826,99,3.5318875312805176
64,82,3.5318875312805176
528,541,3.5318875312805176
943,423,3.5318875312805176
168,458,3.5318875312805176
890,632,3.5318875312805176
393,1178,3.5318875312805176
641,258,3.5318875312805176
941,919,3.5318875312805176
21,325,3.5318875312805176
595,979,3.5318875312805176
308,56,3.5318875312805176
534,290,3.5318875312805176
470,305,3.5318875312805176
188,98,3.5318875312805176
524,479,3.5318875312805176
757,82,3.5318875312805176
201,23,3.5318875312805176
711,404,3.5318875312805176
934,170,3.5318875312805176
303,693,3.5318875312805176
22,186,3.5318875312805176
341,288,3.5318875312805176
330,28,3.5318875312805176
846,1041,3.5318875312805176
939,121,3.5318875312805176
600,1407,3.5318875312805176
896,222,3.5318875312805176
42,405,3.5318875312805176
774,518,3.5318875312805176
937,9,3.5318875312805176
533,218,3.5318875312805176
64,227,3.5318875312805176
217,222,3.5318875312805176
758,603,3.5318875312805176
796,578,3.5318875312805176
303,382,3.5318875312805176
274,629,3.5318875312805176
894,512,3.5318875312805176
447,79,3.5318875312805176
374,628,3.5318875312805176
317,350,3.5318875312805176
269,499,3.5318875312805176
789,508,3.5318875312805176
42,283,3.5318875312805176
89,707,3.5318875312805176
7,656,3.5318875312805176
848,610,3.5318875312805176
551,3,3.5318875312805176
883,952,3.5318875312805176
577,217,3.5318875312805176
848,496,3.5318875312805176
926,262,3.5318875312805176
479,117,3.5318875312805176
305,285,3.5318875312805176
535,11,3.5318875312805176
125,376,3.5318875312805176
399,72,3.5318875312805176
891,756,3.5318875312805176
883,745,3.5318875312805176
775,327,3.5318875312805176
417,642,3.5318875312805176
298,194,3.5318875312805176
864,9,3.5318875312805176
8,684,3.5318875312805176
545,176,3.5318875312805176
690,77,3.5318875312805176
13,402,3.5318875312805176
737,428,3.5318875312805176
416,97,3.5318875312805176
18,285,3.5318875312805176
250,678,3.5318875312805176
130,1034,3.5318875312805176
326,452,3.5318875312805176
13,2,3.5318875312805176
534,685,3.5318875312805176
268,728,3.5318875312805176
297,736,3.5318875312805176
923,763,3.5318875312805176
536,387,3.5318875312805176
90,875,3.5318875312805176
653,164,3.5318875312805176
378,284,3.5318875312805176
645,96,3.5318875312805176
345,282,3.5318875312805176
933,63,3.5318875312805176
57,410,3.5318875312805176
286,191,3.5318875312805176
74,245,3.5318875312805176
382,1229,3.5318875312805176
176,268,3.5318875312805176
799,127,3.5318875312805176
437,286,3.5318875312805176
354,1466,3.5318875312805176
59,177,3.5318875312805176
592,184,3.5318875312805176
498,210,3.5318875312805176
130,692,3.5318875312805176
447,1028,3.5318875312805176
896,789,3.5318875312805176
301,216,3.5318875312805176
102,211,3.5318875312805176
271,89,3.5318875312805176
854,461,3.5318875312805176
870,64,3.5318875312805176
72,234,3.5318875312805176
605,754,3.5318875312805176
851,1105,3.5318875312805176
487,188,3.5318875312805176
181,872,3.5318875312805176
823,128,3.5318875312805176
795,17,3.5318875312805176
328,427,3.5318875312805176
234,629,3.5318875312805176
840,516,3.5318875312805176
437,50,3.5318875312805176
522,79,3.5318875312805176
820,751,3.5318875312805176
911,482,3.5318875312805176
171,292,3.5318875312805176
214,246,3.5318875312805176
407,204,3.5318875312805176
246,164,3.5318875312805176
751,751,3.5318875312805176
514,429,3.5318875312805176
210,25,3.5318875312805176
846,1220,3.5318875312805176
26,1010,3.5318875312805176
293,366,3.5318875312805176
878,60,3.5318875312805176
133,316,3.5318875312805176
830,385,3.5318875312805176
151,741,3.5318875312805176
567,190,3.5318875312805176
927,274,3.5318875312805176
894,883,3.5318875312805176
932,174,3.5318875312805176
405,469,3.5318875312805176
805,58,3.5318875312805176
65,191,3.5318875312805176
587,342,3.5318875312805176
749,186,3.5318875312805176
720,316,3.5318875312805176
566,156,3.5318875312805176
886,558,3.5318875312805176
876,435,3.5318875312805176
174,278,3.5318875312805176
665,508,3.5318875312805176
774,294,3.5318875312805176
290,227,3.5318875312805176
848,185,3.5318875312805176
791,304,3.5318875312805176
54,272,3.5318875312805176
203,151,3.5318875312805176
655,8,3.5318875312805176
592,23,3.5318875312805176
891,126,3.5318875312805176
405,543,3.5318875312805176
242,268,3.5318875312805176
795,710,3.5318875312805176
671,578,3.5318875312805176
606,473,3.5318875312805176
671,22,3.5318875312805176
823,17,3.5318875312805176
938,245,3.5318875312805176
554,21,3.5318875312805176
374,642,3.5318875312805176
197,1419,3.5318875312805176
393,168,3.5318875312805176
836,288,3.5318875312805176
330,729,3.5318875312805176
491,340,3.5318875312805176
870,111,3.5318875312805176
42,735,3.5318875312805176
854,125,3.5318875312805176
144,181,3.5318875312805176
645,98,3.5318875312805176
85,481,3.5318875312805176
101,257,3.5318875312805176
452,641,3.5318875312805176
448,900,3.5318875312805176
293,4,3.5318875312805176
880,468,3.5318875312805176
680,845,3.5318875312805176
643,1028,3.5318875312805176
577,44,3.5318875312805176
399,628,3.5318875312805176
373,494,3.5318875312805176
522,96,3.5318875312805176
160,123,3.5318875312805176
519,1293,3.5318875312805176
554,95,3.5318875312805176
450,225,3.5318875312805176
500,739,3.5318875312805176
903,1381,3.5318875312805176
746,82,3.5318875312805176
187,735,3.5318875312805176
499,87,3.5318875312805176
16,234,3.5318875312805176
95,70,3.5318875312805176
795,135,3.5318875312805176
566,2,3.5318875312805176
130,772,3.5318875312805176
846,441,3.5318875312805176
529,1038,3.5318875312805176
545,993,3.5318875312805176
224,333,3.5318875312805176
735,319,3.5318875312805176
694,22,3.5318875312805176
885,278,3.5318875312805176
313,117,3.5318875312805176
682,576,3.5318875312805176
764,89,3.5318875312805176
184,956,3.5318875312805176
178,792,3.5318875312805176
327,588,3.5318875312805176
543,24,3.5318875312805176
197,227,3.5318875312805176
232,651,3.5318875312805176
869,1382,3.5318875312805176
527,511,3.5318875312805176
121,458,3.5318875312805176
307,1411,3.5318875312805176
444,251,3.5318875312805176
87,367,3.5318875312805176
393,378,3.5318875312805176
926,315,3.5318875312805176
200,419,3.5318875312805176
897,1033,3.5318875312805176
833,1070,3.5318875312805176
102,550,3.5318875312805176
236,265,3.5318875312805176
500,522,3.5318875312805176
66,9,3.5318875312805176
721,161,3.5318875312805176
476,67,3.5318875312805176
437,423,3.5318875312805176
64,969,3.5318875312805176
213,511,3.5318875312805176
774,385,3.5318875312805176
71,302,3.5318875312805176
28,79,3.5318875312805176
311,132,3.5318875312805176
629,245,3.5318875312805176
859,1048,3.5318875312805176
344,284,3.5318875312805176
279,666,3.5318875312805176
663,299,3.5318875312805176
402,222,3.5318875312805176
624,269,3.5318875312805176
52,1011,3.5318875312805176
749,99,3.5318875312805176
860,204,3.5318875312805176
90,306,3.5318875312805176
63,678,3.5318875312805176
833,1154,3.5318875312805176
721,229,3.5318875312805176
504,75,3.5318875312805176
387,217,3.5318875312805176
878,659,3.5318875312805176
374,124,3.5318875312805176
382,150,3.5318875312805176
200,227,3.5318875312805176
31,490,3.5318875312805176
222,465,3.5318875312805176
677,687,3.5318875312805176
488,299,3.5318875312805176
79,906,3.5318875312805176
822,169,3.5318875312805176
49,334,3.5318875312805176
659,648,3.5318875312805176
393,623,3.5318875312805176
682,229,3.5318875312805176
559,55,3.5318875312805176
708,25,3.5318875312805176
253,1016,3.5318875312805176
318,127,3.5318875312805176
864,422,3.5318875312805176
890,101,3.5318875312805176
454,611,3.5318875312805176
336,368,3.5318875312805176
13,439,3.5318875312805176
257,676,3.5318875312805176
676,272,3.5318875312805176
667,137,3.5318875312805176
16,158,3.5318875312805176
606,1151,3.5318875312805176
842,749,3.5318875312805176
76,293,3.5318875312805176
663,924,3.5318875312805176
293,160,3.5318875312805176
152,220,3.5318875312805176
749,1337,3.5318875312805176
666,163,3.5318875312805176
807,505,3.5318875312805176
457,370,3.5318875312805176
932,154,3.5318875312805176
385,558,3.5318875312805176
561,141,3.5318875312805176
650,180,3.5318875312805176
869,249,3.5318875312805176
879,276,3.5318875312805176
688,307,3.5318875312805176
525,595,3.5318875312805176
256,471,3.5318875312805176
99,25,3.5318875312805176
639,202,3.5318875312805176
714,111,3.5318875312805176
504,65,3.5318875312805176
871,197,3.5318875312805176
503,20,3.5318875312805176
553,238,3.5318875312805176
276,151,3.5318875312805176
608,44,3.5318875312805176
890,530,3.5318875312805176
474,116,3.5318875312805176
251,845,3.5318875312805176
256,283,3.5318875312805176
148,69,3.5318875312805176
92,42,3.5318875312805176
339,530,3.5318875312805176
862,230,3.5318875312805176
854,514,3.5318875312805176
187,65,3.5318875312805176
437,684,3.5318875312805176
296,523,3.5318875312805176
655,860,3.5318875312805176
929,195,3.5318875312805176
279,1361,3.5318875312805176
325,1118,3.5318875312805176
757,1090,3.5318875312805176
159,25,3.5318875312805176
97,435,3.5318875312805176
883,19,3.5318875312805176
694,660,3.5318875312805176
158,182,3.5318875312805176
460,293,3.5318875312805176
624,123,3.5318875312805176
521,1240,3.5318875312805176
401,707,3.5318875312805176
207,568,3.5318875312805176
316,531,3.5318875312805176
639,311,3.5318875312805176
281,338,3.5318875312805176
378,1061,3.5318875312805176
565,83,3.5318875312805176
747,1028,3.5318875312805176
454,483,3.5318875312805176
151,196,3.5318875312805176
566,856,3.5318875312805176
903,129,3.5318875312805176
592,1048,3.5318875312805176
653,573,3.5318875312805176
312,211,3.5318875312805176
867,603,3.5318875312805176
854,173,3.5318875312805176
620,138,3.5318875312805176
55,678,3.5318875312805176
329,186,3.5318875312805176
429,387,3.5318875312805176
323,7,3.5318875312805176
325,650,3.5318875312805176
56,483,3.5318875312805176
521,203,3.5318875312805176
450,252,3.5318875312805176
332,815,3.5318875312805176
399,288,3.5318875312805176
456,50,3.5318875312805176
551,155,3.5318875312805176
890,286,3.5318875312805176
67,546,3.5318875312805176
268,1188,3.5318875312805176
164,117,3.5318875312805176
595,845,3.5318875312805176
160,412,3.5318875312805176
145,3,3.5318875312805176
81,410,3.5318875312805176
193,1132,3.5318875312805176
546,286,3.5318875312805176
760,1037,3.5318875312805176
406,480,3.5318875312805176
699,221,3.5318875312805176
220,294,3.5318875312805176
588,168,3.5318875312805176
201,567,3.5318875312805176
474,193,3.5318875312805176
378,727,3.5318875312805176
483,91,3.5318875312805176
916,1011,3.5318875312805176
534,294,3.5318875312805176
82,197,3.5318875312805176
125,210,3.5318875312805176
746,161,3.5318875312805176
160,3,3.5318875312805176
224,70,3.5318875312805176
775,750,3.5318875312805176
638,82,3.5318875312805176
497,96,3.5318875312805176
454,82,3.5318875312805176
274,118,3.5318875312805176
488,178,3.5318875312805176
450,421,3.5318875312805176
924,526,3.5318875312805176
648,629,3.5318875312805176
854,945,3.5318875312805176
314,591,3.5318875312805176
940,382,3.5318875312805176
235,7,3.5318875312805176
104,751,3.5318875312805176
279,94,3.5318875312805176
301,161,3.5318875312805176
694,196,3.5318875312805176
581,137,3.5318875312805176
268,72,3.5318875312805176
508,568,3.5318875312805176
894,698,3.5318875312805176
510,294,3.5318875312805176
86,889,3.5318875312805176
898,302,3.5318875312805176
786,70,3.5318875312805176
298,275,3.5318875312805176
497,230,3.5318875312805176
104,1115,3.5318875312805176
753,304,3.5318875312805176
883,338,3.5318875312805176
870,959,3.5318875312805176
347,403,3.5318875312805176
458,209,3.5318875312805176
288,520,3.5318875312805176
489,289,3.5318875312805176
82,241,3.5318875312805176
648,21,3.5318875312805176
363,290,3.5318875312805176
56,692,3.5318875312805176
898,286,3.5318875312805176
63,259,3.5318875312805176
794,14,3.5318875312805176
714,477,3.5318875312805176
217,576,3.5318875312805176
383,484,3.5318875312805176
294,1047,3.5318875312805176
435,549,3.5318875312805176
180,1131,3.5318875312805176
603,250,3.5318875312805176
101,1051,3.5318875312805176
246,746,3.5318875312805176
409,83,3.5318875312805176
210,274,3.5318875312805176
703,9,3.5318875312805176
28,568,3.5318875312805176
13,736,3.5318875312805176
521,496,3.5318875312805176
263,222,3.5318875312805176
297,535,3.5318875312805176
928,358,3.5318875312805176
716,842,3.5318875312805176
130,1248,3.5318875312805176
655,1268,3.5318875312805176
18,198,3.5318875312805176
246,97,3.5318875312805176
141,880,3.5318875312805176
716,122,3.5318875312805176
314,1014,3.5318875312805176
455,1136,3.5318875312805176
828,270,3.5318875312805176
890,174,3.5318875312805176
694,127,3.5318875312805176
553,178,3.5318875312805176
344,473,3.5318875312805176
694,483,3.5318875312805176
336,275,3.5318875312805176
933,39,3.5318875312805176
464,12,3.5318875312805176
392,493,3.5318875312805176
707,163,3.5318875312805176
365,948,3.5318875312805176
932,890,3.5318875312805176
252,290,3.5318875312805176
394,184,3.5318875312805176
450,750,3.5318875312805176
58,645,3.5318875312805176
214,652,3.5318875312805176
793,1365,3.5318875312805176
1,5,3.5318875312805176
417,783,3.5318875312805176
7,606,3.5318875312805176
295,144,3.5318875312805176
721,406,3.5318875312805176
398,403,3.5318875312805176
399,164,3.5318875312805176
844,216,3.5318875312805176
250,235,3.5318875312805176
450,167,3.5318875312805176
37,55,3.5318875312805176
624,319,3.5318875312805176
798,671,3.5318875312805176
381,283,3.5318875312805176
671,82,3.5318875312805176
773,639,3.5318875312805176
445,293,3.5318875312805176
766,518,3.5318875312805176
632,55,3.5318875312805176
838,153,3.5318875312805176
872,363,3.5318875312805176
417,769,3.5318875312805176
141,825,3.5318875312805176
689,717,3.5318875312805176
711,729,3.5318875312805176
537,484,3.5318875312805176
434,833,3.5318875312805176
292,79,3.5318875312805176
73,657,3.5318875312805176
374,717,3.5318875312805176
139,475,3.5318875312805176
207,121,3.5318875312805176
92,191,3.5318875312805176
889,195,3.5318875312805176
864,73,3.5318875312805176
28,529,3.5318875312805176
585,1485,3.5318875312805176
109,154,3.5318875312805176
326,399,3.5318875312805176
608,187,3.5318875312805176
537,848,3.5318875312805176
918,174,3.5318875312805176
297,22,3.5318875312805176
327,559,3.5318875312805176
660,259,3.5318875312805176
804,510,3.5318875312805176
298,530,3.5318875312805176
442,42,3.5318875312805176
846,11,3.5318875312805176
643,177,3.5318875312805176
553,56,3.5318875312805176
504,371,3.5318875312805176
583,175,3.5318875312805176
90,482,3.5318875312805176
222,396,3.5318875312805176
691,227,3.5318875312805176
279,932,3.5318875312805176
541,924,3.5318875312805176
133,294,3.5318875312805176
615,937,3.5318875312805176
930,244,3.5318875312805176
192,235,3.5318875312805176
469,610,3.5318875312805176
92,260,3.5318875312805176
312,611,3.5318875312805176
583,483,3.5318875312805176
345,747,3.5318875312805176
160,150,3.5318875312805176
881,54,3.5318875312805176
222,358,3.5318875312805176
538,692,3.5318875312805176
3,350,3.5318875312805176
16,172,3.5318875312805176
708,1280,3.5318875312805176
286,405,3.5318875312805176
154,191,3.5318875312805176
498,191,3.5318875312805176
507,338,3.5318875312805176
457,66,3.5318875312805176
749,292,3.5318875312805176
151,419,3.5318875312805176
577,829,3.5318875312805176
278,286,3.5318875312805176
43,280,3.5318875312805176
422,276,3.5318875312805176
751,193,3.5318875312805176
524,239,3.5318875312805176
298,423,3.5318875312805176
437,721,3.5318875312805176
695,268,3.5318875312805176
59,1074,3.5318875312805176
766,229,3.5318875312805176
606,284,3.5318875312805176
253,243,3.5318875312805176
92,934,3.5318875312805176
189,1065,3.5318875312805176
788,984,3.5318875312805176
486,995,3.5318875312805176
524,480,3.5318875312805176
393,724,3.5318875312805176
318,892,3.5318875312805176
825,926,3.5318875312805176
629,317,3.5318875312805176
194,241,3.5318875312805176
901,28,3.5318875312805176
566,763,3.5318875312805176
130,329,3.5318875312805176
659,134,3.5318875312805176
815,402,3.5318875312805176
423,326,3.5318875312805176
450,479,3.5318875312805176
331,306,3.5318875312805176
59,650,3.5318875312805176
504,204,3.5318875312805176
601,183,3.5318875312805176
54,302,3.5318875312805176
483,99,3.5318875312805176
655,734,3.5318875312805176
608,318,3.5318875312805176
868,81,3.5318875312805176
130,121,3.5318875312805176
548,924,3.5318875312805176
711,181,3.5318875312805176
851,410,3.5318875312805176
870,65,3.5318875312805176
246,98,3.5318875312805176
416,937,3.5318875312805176
109,924,3.5318875312805176
830,399,3.5318875312805176
472,94,3.5318875312805176
1,182,3.5318875312805176
581,50,3.5318875312805176
655,483,3.5318875312805176
321,654,3.5318875312805176
527,324,3.5318875312805176
354,660,3.5318875312805176
222,375,3.5318875312805176
151,1006,3.5318875312805176
883,208,3.5318875312805176
503,246,3.5318875312805176
295,812,3.5318875312805176
94,234,3.5318875312805176
235,1464,3.5318875312805176
294,363,3.5318875312805176
693,428,3.5318875312805176
343,228,3.5318875312805176
216,673,3.5318875312805176
648,164,3.5318875312805176
858,678,3.5318875312805176
592,50,3.5318875312805176
392,179,3.5318875312805176
387,475,3.5318875312805176
1,43,3.5318875312805176
653,258,3.5318875312805176
548,185,3.5318875312805176
90,317,3.5318875312805176
648,722,3.5318875312805176
451,876,3.5318875312805176
590,100,3.5318875312805176
397,358,3.5318875312805176
788,7,3.5318875312805176
49,172,3.5318875312805176
727,24,3.5318875312805176
823,26,3.5318875312805176
201,631,3.5318875312805176
269,476,3.5318875312805176
276,800,3.5318875312805176
7,463,3.5318875312805176
774,673,3.5318875312805176
452,481,3.5318875312805176
882,11,3.5318875312805176
18,510,3.5318875312805176
704,1299,3.5318875312805176
796,591,3.5318875312805176
354,272,3.5318875312805176
80,45,3.5318875312805176
406,414,3.5318875312805176
570,258,3.5318875312805176
505,204,3.5318875312805176
32,100,3.5318875312805176
883,306,3.5318875312805176
606,100,3.5318875312805176
506,261,3.5318875312805176
447,508,3.5318875312805176
106,211,3.5318875312805176
151,462,3.5318875312805176
774,218,3.5318875312805176
215,157,3.5318875312805176
882,369,3.5318875312805176
888,153,3.5318875312805176
608,157,3.5318875312805176
578,258,3.5318875312805176
893,50,3.5318875312805176
543,770,3.5318875312805176
417,1539,3.5318875312805176
521,246,3.5318875312805176
861,45,3.5318875312805176
25,7,3.5318875312805176
595,14,3.5318875312805176
356,892,3.5318875312805176
85,516,3.5318875312805176
248,114,3.5318875312805176
384,316,3.5318875312805176
720,345,3.5318875312805176
634,1009,3.5318875312805176
619,809,3.5318875312805176
216,172,3.5318875312805176
676,250,3.5318875312805176
339,488,3.5318875312805176
91,474,3.5318875312805176
823,83,3.5318875312805176
648,384,3.5318875312805176
341,1527,3.5318875312805176
655,578,3.5318875312805176
234,430,3.5318875312805176
144,73,3.5318875312805176
538,127,3.5318875312805176
588,125,3.5318875312805176
122,519,3.5318875312805176
846,510,3.5318875312805176
182,123,3.5318875312805176
85,135,3.5318875312805176
871,359,3.5318875312805176
184,22,3.5318875312805176
943,443,3.5318875312805176
286,763,3.5318875312805176
628,330,3.5318875312805176
499,463,3.5318875312805176
250,159,3.5318875312805176
769,111,3.5318875312805176
870,603,3.5318875312805176
632,763,3.5318875312805176
23,70,3.5318875312805176
655,144,3.5318875312805176
840,432,3.5318875312805176
938,240,3.5318875312805176
530,88,3.5318875312805176
293,39,3.5318875312805176
327,196,3.5318875312805176
399,697,3.5318875312805176
213,628,3.5318875312805176
586,22,3.5318875312805176
128,508,3.5318875312805176
807,393,3.5318875312805176
665,298,3.5318875312805176
24,763,3.5318875312805176
284,301,3.5318875312805176
683,332,3.5318875312805176
806,200,3.5318875312805176
486,879,3.5318875312805176
264,93,3.5318875312805176
474,518,3.5318875312805176
95,144,3.5318875312805176
213,151,3.5318875312805176
457,222,3.5318875312805176
722,117,3.5318875312805176
209,127,3.5318875312805176
56,720,3.5318875312805176
477,275,3.5318875312805176
373,414,3.5318875312805176
796,48,3.5318875312805176
739,751,3.5318875312805176
608,268,3.5318875312805176
561,154,3.5318875312805176
308,1126,3.5318875312805176
65,476,3.5318875312805176
189,283,3.5318875312805176
299,778,3.5318875312805176
43,729,3.5318875312805176
624,235,3.5318875312805176
899,483,3.5318875312805176
115,20,3.5318875312805176
116,288,3.5318875312805176
827,329,3.5318875312805176
207,282,3.5318875312805176
452,455,3.5318875312805176
425,271,3.5318875312805176
147,904,3.5318875312805176
303,1411,3.5318875312805176
717,268,3.5318875312805176
848,490,3.5318875312805176
503,318,3.5318875312805176
98,502,3.5318875312805176
281,308,3.5318875312805176
290,450,3.5318875312805176
417,208,3.5318875312805176
429,535,3.5318875312805176
886,76,3.5318875312805176
533,1291,3.5318875312805176
314,72,3.5318875312805176
15,303,3.5318875312805176
616,292,3.5318875312805176
312,644,3.5318875312805176
106,584,3.5318875312805176
592,92,3.5318875312805176
293,258,3.5318875312805176
630,975,3.5318875312805176
373,186,3.5318875312805176
533,147,3.5318875312805176
7,431,3.5318875312805176
221,386,3.5318875312805176
903,87,3.5318875312805176
880,254,3.5318875312805176
887,127,3.5318875312805176
697,689,3.5318875312805176
553,23,3.5318875312805176
776,442,3.5318875312805176
907,934,3.5318875312805176
711,447,3.5318875312805176
326,563,3.5318875312805176
330,252,3.5318875312805176
394,228,3.5318875312805176
751,434,3.5318875312805176
5,371,3.5318875312805176
886,168,3.5318875312805176
429,250,3.5318875312805176
398,497,3.5318875312805176
655,944,3.5318875312805176
524,24,3.5318875312805176
64,1141,3.5318875312805176
802,56,3.5318875312805176
446,340,3.5318875312805176
924,258,3.5318875312805176
650,546,3.5318875312805176
181,292,3.5318875312805176
11,11,3.5318875312805176
291,168,3.5318875312805176
410,328,3.5318875312805176
790,959,3.5318875312805176
728,287,3.5318875312805176
506,699,3.5318875312805176
825,595,3.5318875312805176
13,651,3.5318875312805176
514,713,3.5318875312805176
734,607,3.5318875312805176
287,347,3.5318875312805176
934,168,3.5318875312805176
592,295,3.5318875312805176
452,805,3.5318875312805176
650,197,3.5318875312805176
339,186,3.5318875312805176
573,127,3.5318875312805176
293,67,3.5318875312805176
429,652,3.5318875312805176
38,678,3.5318875312805176
749,1274,3.5318875312805176
813,243,3.5318875312805176
318,968,3.5318875312805176
74,331,3.5318875312805176
507,288,3.5318875312805176
151,423,3.5318875312805176
387,772,3.5318875312805176
244,9,3.5318875312805176
130,627,3.5318875312805176
801,895,3.5318875312805176
59,59,3.5318875312805176
11,718,3.5318875312805176
206,300,3.5318875312805176
817,7,3.5318875312805176
115,92,3.5318875312805176
213,405,3.5318875312805176
594,286,3.5318875312805176
535,506,3.5318875312805176
600,449,3.5318875312805176
600,176,3.5318875312805176
691,182,3.5318875312805176
800,121,3.5318875312805176
586,581,3.5318875312805176
244,40,3.5318875312805176
741,95,3.5318875312805176
270,869,3.5318875312805176
534,1028,3.5318875312805176
21,979,3.5318875312805176
142,28,3.5318875312805176
792,831,3.5318875312805176
664,302,3.5318875312805176
254,230,3.5318875312805176
663,121,3.5318875312805176
525,1011,3.5318875312805176
21,696,3.5318875312805176
835,210,3.5318875312805176
943,229,3.5318875312805176
10,495,3.5318875312805176
658,69,3.5318875312805176
747,202,3.5318875312805176
458,333,3.5318875312805176
654,1035,3.5318875312805176
347,268,3.5318875312805176
436,761,3.5318875312805176
711,763,3.5318875312805176
206,314,3.5318875312805176
203,258,3.5318875312805176
178,783,3.5318875312805176
234,1064,3.5318875312805176
559,508,3.5318875312805176
678,287,3.5318875312805176
275,173,3.5318875312805176
314,7,3.5318875312805176
148,501,3.5318875312805176
158,228,3.5318875312805176
738,651,3.5318875312805176
378,1232,3.5318875312805176
835,1673,3.5318875312805176
807,168,3.5318875312805176
243,191,3.5318875312805176
110,28,3.5318875312805176
773,809,3.5318875312805176
417,420,3.5318875312805176
719,87,3.5318875312805176
479,304,3.5318875312805176
655,712,3.5318875312805176
764,216,3.5318875312805176
648,62,3.5318875312805176
26,298,3.5318875312805176
889,664,3.5318875312805176
749,240,3.5318875312805176
339,99,3.5318875312805176
603,380,3.5318875312805176
291,800,3.5318875312805176
488,418,3.5318875312805176
833,226,3.5318875312805176
308,24,3.5318875312805176
497,175,3.5318875312805176
303,997,3.5318875312805176
890,89,3.5318875312805176
727,977,3.5318875312805176
385,631,3.5318875312805176
596,682,3.5318875312805176
798,602,3.5318875312805176
846,562,3.5318875312805176
478,780,3.5318875312805176
259,288,3.5318875312805176
903,89,3.5318875312805176
766,202,3.5318875312805176
605,210,3.5318875312805176
588,24,3.5318875312805176
487,378,3.5318875312805176
268,574,3.5318875312805176
396,260,3.5318875312805176
546,590,3.5318875312805176
435,64,3.5318875312805176
489,303,3.5318875312805176
455,279,3.5318875312805176
154,945,3.5318875312805176
276,595,3.5318875312805176
207,88,3.5318875312805176
510,1025,3.5318875312805176
59,134,3.5318875312805176
416,588,3.5318875312805176
530,64,3.5318875312805176
281,310,3.5318875312805176
533,88,3.5318875312805176
196,116,3.5318875312805176
114,186,3.5318875312805176
894,289,3.5318875312805176
539,258,3.5318875312805176
900,480,3.5318875312805176
904,603,3.5318875312805176
159,364,3.5318875312805176
504,756,3.5318875312805176
533,245,3.5318875312805176
846,1055,3.5318875312805176
38,465,3.5318875312805176
296,248,3.5318875312805176
798,38,3.5318875312805176
837,535,3.5318875312805176
293,196,3.5318875312805176
407,316,3.5318875312805176
234,482,3.5318875312805176
11,107,3.5318875312805176
638,515,3.5318875312805176
185,740,3.5318875312805176
862,100,3.5318875312805176
162,1011,3.5318875312805176
487,289,3.5318875312805176
771,243,3.5318875312805176
269,488,3.5318875312805176
639,60,3.5318875312805176
407,218,3.5318875312805176
735,690,3.5318875312805176
469,490,3.5318875312805176
92,955,3.5318875312805176
393,153,3.5318875312805176
488,742,3.5318875312805176
181,1277,3.5318875312805176
58,955,3.5318875312805176
13,154,3.5318875312805176
211,228,3.5318875312805176
109,147,3.5318875312805176
117,895,3.5318875312805176
566,705,3.5318875312805176
525,475,3.5318875312805176
361,226,3.5318875312805176
290,515,3.5318875312805176
664,678,3.5318875312805176
706,325,3.5318875312805176
474,737,3.5318875312805176
566,378,3.5318875312805176
804,468,3.5318875312805176
524,504,3.5318875312805176
235,474,3.5318875312805176
428,347,3.5318875312805176
425,976,3.5318875312805176
190,294,3.5318875312805176
45,476,3.5318875312805176
304,682,3.5318875312805176
888,762,3.5318875312805176
249,1069,3.5318875312805176
846,232,3.5318875312805176
416,1400,3.5318875312805176
72,471,3.5318875312805176
389,100,3.5318875312805176
13,629,3.5318875312805176
533,1033,3.5318875312805176
638,204,3.5318875312805176
615,300,3.5318875312805176
843,25,3.5318875312805176
363,234,3.5318875312805176
304,893,3.5318875312805176
200,380,3.5318875312805176
13,750,3.5318875312805176
416,185,3.5318875312805176
380,315,3.5318875312805176
684,742,3.5318875312805176
299,607,3.5318875312805176
268,223,3.5318875312805176
135,39,3.5318875312805176
342,1315,3.5318875312805176
184,117,3.5318875312805176
757,1016,3.5318875312805176
327,23,3.5318875312805176
308,127,3.5318875312805176
619,252,3.5318875312805176
249,476,3.5318875312805176
880,1423,3.5318875312805176
151,628,3.5318875312805176
659,517,3.5318875312805176
682,419,3.5318875312805176
766,136,3.5318875312805176
145,410,3.5318875312805176
766,499,3.5318875312805176
72,195,3.5318875312805176
476,239,3.5318875312805176
437,1206,3.5318875312805176
875,582,3.5318875312805176
796,449,3.5318875312805176
606,11,3.5318875312805176
632,237,3.5318875312805176
660,210,3.5318875312805176
62,91,3.5318875312805176
918,381,3.5318875312805176
666,70,3.5318875312805176
132,124,3.5318875312805176
412,4,3.5318875312805176
670,175,3.5318875312805176
216,81,3.5318875312805176
324,873,3.5318875312805176
279,919,3.5318875312805176
665,931,3.5318875312805176
781,318,3.5318875312805176
244,550,3.5318875312805176
748,474,3.5318875312805176
239,701,3.5318875312805176
83,756,3.5318875312805176
347,182,3.5318875312805176
476,451,3.5318875312805176
899,51,3.5318875312805176
623,15,3.5318875312805176
462,288,3.5318875312805176
398,654,3.5318875312805176
219,269,3.5318875312805176
328,754,3.5318875312805176
882,1412,3.5318875312805176
401,204,3.5318875312805176
725,15,3.5318875312805176
459,596,3.5318875312805176
219,936,3.5318875312805176
766,217,3.5318875312805176
697,7,3.5318875312805176
787,305,3.5318875312805176
417,325,3.5318875312805176
450,728,3.5318875312805176
186,298,3.5318875312805176
665,234,3.5318875312805176
545,549,3.5318875312805176
435,211,3.5318875312805176
805,223,3.5318875312805176
321,730,3.5318875312805176
763,462,3.5318875312805176
291,571,3.5318875312805176
263,378,3.5318875312805176
572,300,3.5318875312805176
831,328,3.5318875312805176
639,197,3.5318875312805176
815,127,3.5318875312805176
711,365,3.5318875312805176
59,609,3.5318875312805176
222,418,3.5318875312805176
387,1198,3.5318875312805176
5,110,3.5318875312805176
293,1147,3.5318875312805176
283,168,3.5318875312805176
535,64,3.5318875312805176
9,487,3.5318875312805176
913,202,3.5318875312805176
848,393,3.5318875312805176
739,216,3.5318875312805176
354,10,3.5318875312805176
897,405,3.5318875312805176
4,328,3.5318875312805176
542,1,3.5318875312805176
763,198,3.5318875312805176
880,328,3.5318875312805176
748,86,3.5318875312805176
201,1128,3.5318875312805176
830,56,3.5318875312805176
38,211,3.5318875312805176
189,276,3.5318875312805176
334,403,3.5318875312805176
224,329,3.5318875312805176
256,724,3.5318875312805176
292,199,3.5318875312805176
11,291,3.5318875312805176
498,50,3.5318875312805176
841,307,3.5318875312805176
396,977,3.5318875312805176
378,1478,3.5318875312805176
416,284,3.5318875312805176
697,881,3.5318875312805176
655,900,3.5318875312805176
693,258,3.5318875312805176
637,13,3.5318875312805176
60,180,3.5318875312805176
354,135,3.5318875312805176
618,148,3.5318875312805176
36,875,3.5318875312805176
807,477,3.5318875312805176
810,326,3.5318875312805176
625,528,3.5318875312805176
653,546,3.5318875312805176
320,470,3.5318875312805176
6,521,3.5318875312805176
7,259,3.5318875312805176
222,636,3.5318875312805176
254,1444,3.5318875312805176
23,275,3.5318875312805176
374,233,3.5318875312805176
295,389,3.5318875312805176
846,95,3.5318875312805176
825,106,3.5318875312805176
483,405,3.5318875312805176
843,145,3.5318875312805176
504,162,3.5318875312805176
330,204,3.5318875312805176
897,498,3.5318875312805176
276,463,3.5318875312805176
524,416,3.5318875312805176
465,603,3.5318875312805176
279,685,3.5318875312805176
883,55,3.5318875312805176
269,747,3.5318875312805176
787,350,3.5318875312805176
429,510,3.5318875312805176
181,1373,3.5318875312805176
682,943,3.5318875312805176
618,655,3.5318875312805176
301,790,3.5318875312805176
254,103,3.5318875312805176
200,523,3.5318875312805176
535,197,3.5318875312805176
435,358,3.5318875312805176
655,1011,3.5318875312805176
450,549,3.5318875312805176
318,94,3.5318875312805176
828,557,3.5318875312805176
44,172,3.5318875312805176
749,984,3.5318875312805176
269,1154,3.5318875312805176
758,231,3.5318875312805176
279,1162,3.5318875312805176
94,472,3.5318875312805176
485,321,3.5318875312805176
299,602,3.5318875312805176
151,88,3.5318875312805176
271,220,3.5318875312805176
45,15,3.5318875312805176
921,778,3.5318875312805176
655,803,3.5318875312805176
864,734,3.5318875312805176
48,524,3.5318875312805176
416,213,3.5318875312805176
593,4,3.5318875312805176
514,682,3.5318875312805176
378,295,3.5318875312805176
160,56,3.5318875312805176
234,808,3.5318875312805176
429,385,3.5318875312805176
843,379,3.5318875312805176
610,172,3.5318875312805176
244,197,3.5318875312805176
627,177,3.5318875312805176
655,475,3.5318875312805176
655,1213,3.5318875312805176
841,751,3.5318875312805176
882,471,3.5318875312805176
577,1271,3.5318875312805176
203,257,3.5318875312805176
248,928,3.5318875312805176
288,286,3.5318875312805176
299,733,3.5318875312805176
653,765,3.5318875312805176
880,375,3.5318875312805176
328,1109,3.5318875312805176
58,9,3.5318875312805176
521,240,3.5318875312805176
332,934,3.5318875312805176
845,1234,3.5318875312805176
62,21,3.5318875312805176
698,516,3.5318875312805176
215,288,3.5318875312805176
548,370,3.5318875312805176
339,156,3.5318875312805176
159,117,3.5318875312805176
194,640,3.5318875312805176
194,417,3.5318875312805176
699,828,3.5318875312805176
244,95,3.5318875312805176
145,486,3.5318875312805176
267,685,3.5318875312805176
437,42,3.5318875312805176
880,85,3.5318875312805176
267,474,3.5318875312805176
682,187,3.5318875312805176
661,70,3.5318875312805176
653,286,3.5318875312805176
318,282,3.5318875312805176
690,70,3.5318875312805176
21,980,3.5318875312805176
297,588,3.5318875312805176
897,179,3.5318875312805176
523,662,3.5318875312805176
663,260,3.5318875312805176
435,157,3.5318875312805176
59,47,3.5318875312805176
13,852,3.5318875312805176
296,276,3.5318875312805176
654,121,3.5318875312805176
195,678,3.5318875312805176
3,344,3.5318875312805176
748,173,3.5318875312805176
817,876,3.5318875312805176
308,73,3.5318875312805176
774,234,3.5318875312805176
414,313,3.5318875312805176
18,242,3.5318875312805176
407,202,3.5318875312805176
936,118,3.5318875312805176
774,178,3.5318875312805176
743,276,3.5318875312805176
354,47,3.5318875312805176
566,49,3.5318875312805176
221,358,3.5318875312805176
268,949,3.5318875312805176
102,501,3.5318875312805176
782,1378,3.5318875312805176
795,588,3.5318875312805176
1,175,3.5318875312805176
185,196,3.5318875312805176
145,411,3.5318875312805176
287,218,3.5318875312805176
488,514,3.5318875312805176
750,269,3.5318875312805176
336,619,3.5318875312805176
6,490,3.5318875312805176
394,797,3.5318875312805176
197,306,3.5318875312805176
435,155,3.5318875312805176
43,531,3.5318875312805176
201,222,3.5318875312805176
532,22,3.5318875312805176
664,513,3.5318875312805176
356,331,3.5318875312805176
524,474,3.5318875312805176
663,685,3.5318875312805176
622,162,3.5318875312805176
44,196,3.5318875312805176
457,318,3.5318875312805176
655,1018,3.5318875312805176
271,216,3.5318875312805176
13,821,3.5318875312805176
286,642,3.5318875312805176
130,413,3.5318875312805176
145,100,3.5318875312805176
342,792,3.5318875312805176
299,173,3.5318875312805176
655,619,3.5318875312805176
788,231,3.5318875312805176
417,743,3.5318875312805176
401,724,3.5318875312805176
268,232,3.5318875312805176
72,679,3.5318875312805176
921,924,3.5318875312805176
181,3,3.5318875312805176
779,117,3.5318875312805176
774,1091,3.5318875312805176
397,343,3.5318875312805176
843,227,3.5318875312805176
823,450,3.5318875312805176
113,292,3.5318875312805176
233,215,3.5318875312805176
314,468,3.5318875312805176
454,185,3.5318875312805176
51,485,3.5318875312805176
682,281,3.5318875312805176
257,531,3.5318875312805176
592,702,3.5318875312805176
328,528,3.5318875312805176
13,327,3.5318875312805176
213,97,3.5318875312805176
176,151,3.5318875312805176
347,1,3.5318875312805176
794,109,3.5318875312805176
838,121,3.5318875312805176
540,281,3.5318875312805176
903,59,3.5318875312805176
312,968,3.5318875312805176
271,642,3.5318875312805176
279,663,3.5318875312805176
533,591,3.5318875312805176
52,471,3.5318875312805176
184,93,3.5318875312805176
195,135,3.5318875312805176
828,316,3.5318875312805176
796,322,3.5318875312805176
378,744,3.5318875312805176
378,546,3.5318875312805176
57,249,3.5318875312805176
189,199,3.5318875312805176
667,23,3.5318875312805176
301,3,3.5318875312805176
297,751,3.5318875312805176
515,258,3.5318875312805176
796,282,3.5318875312805176
380,28,3.5318875312805176
339,484,3.5318875312805176
368,288,3.5318875312805176
72,45,3.5318875312805176
618,181,3.5318875312805176
687,323,3.5318875312805176
397,332,3.5318875312805176
344,246,3.5318875312805176
303,233,3.5318875312805176
488,612,3.5318875312805176
305,190,3.5318875312805176
85,301,3.5318875312805176
9,50,3.5318875312805176
125,238,3.5318875312805176
201,56,3.5318875312805176
934,771,3.5318875312805176
884,515,3.5318875312805176
472,323,3.5318875312805176
75,118,3.5318875312805176
524,501,3.5318875312805176
151,301,3.5318875312805176
197,177,3.5318875312805176
437,56,3.5318875312805176
346,127,3.5318875312805176
547,315,3.5318875312805176
757,1240,3.5318875312805176
846,241,3.5318875312805176
682,623,3.5318875312805176
639,61,3.5318875312805176
761,261,3.5318875312805176
76,1153,3.5318875312805176
904,815,3.5318875312805176
892,274,3.5318875312805176
62,22,3.5318875312805176
398,692,3.5318875312805176
192,284,3.5318875312805176
7,449,3.5318875312805176
241,880,3.5318875312805176
741,239,3.5318875312805176
543,651,3.5318875312805176
328,284,3.5318875312805176
48,243,3.5318875312805176
627,2,3.5318875312805176
934,660,3.5318875312805176
542,523,3.5318875312805176
786,429,3.5318875312805176
707,9,3.5318875312805176
609,287,3.5318875312805176
286,1060,3.5318875312805176
542,23,3.5318875312805176
37,403,3.5318875312805176
692,287,3.5318875312805176
303,763,3.5318875312805176
294,406,3.5318875312805176
387,203,3.5318875312805176
787,269,3.5318875312805176
495,969,3.5318875312805176
610,331,3.5318875312805176
160,763,3.5318875312805176
249,89,3.5318875312805176
918,213,3.5318875312805176
459,678,3.5318875312805176
625,172,3.5318875312805176
566,33,3.5318875312805176
855,462,3.5318875312805176
648,225,3.5318875312805176
663,544,3.5318875312805176
301,429,3.5318875312805176
230,211,3.5318875312805176
346,1090,3.5318875312805176
229,358,3.5318875312805176
532,545,3.5318875312805176
747,649,3.5318875312805176
918,747,3.5318875312805176
279,659,3.5318875312805176
900,1028,3.5318875312805176
457,53,3.5318875312805176
291,413,3.5318875312805176
164,121,3.5318875312805176
650,849,3.5318875312805176
541,1036,3.5318875312805176
269,111,3.5318875312805176
503,640,3.5318875312805176
545,578,3.5318875312805176
130,393,3.5318875312805176
716,1050,3.5318875312805176
102,436,3.5318875312805176
101,928,3.5318875312805176
380,1444,3.5318875312805176
919,1315,3.5318875312805176
460,289,3.5318875312805176
396,329,3.5318875312805176
739,79,3.5318875312805176
185,480,3.5318875312805176
385,367,3.5318875312805176
334,549,3.5318875312805176
843,288,3.5318875312805176
236,195,3.5318875312805176
405,521,3.5318875312805176
178,654,3.5318875312805176
718,111,3.5318875312805176
254,82,3.5318875312805176
180,462,3.5318875312805176
94,1224,3.5318875312805176
94,63,3.5318875312805176
785,288,3.5318875312805176
342,762,3.5318875312805176
207,841,3.5318875312805176
625,945,3.5318875312805176
537,91,3.5318875312805176
897,73,3.5318875312805176
79,813,3.5318875312805176
393,316,3.5318875312805176
577,79,3.5318875312805176
295,722,3.5318875312805176
118,919,3.5318875312805176
881,222,3.5318875312805176
343,25,3.5318875312805176
442,710,3.5318875312805176
846,132,3.5318875312805176
286,73,3.5318875312805176
429,1011,3.5318875312805176
435,333,3.5318875312805176
711,277,3.5318875312805176
287,50,3.5318875312805176
851,693,3.5318875312805176
804,2,3.5318875312805176
616,313,3.5318875312805176
454,238,3.5318875312805176
224,157,3.5318875312805176
648,810,3.5318875312805176
629,301,3.5318875312805176
650,97,3.5318875312805176
320,148,3.5318875312805176
625,433,3.5318875312805176
402,476,3.5318875312805176
416,684,3.5318875312805176
921,328,3.5318875312805176
409,178,3.5318875312805176
551,25,3.5318875312805176
715,276,3.5318875312805176
374,15,3.5318875312805176
306,1028,3.5318875312805176
344,1014,3.5318875312805176
121,717,3.5318875312805176
347,273,3.5318875312805176
262,71,3.5318875312805176
453,68,3.5318875312805176
508,181,3.5318875312805176
472,229,3.5318875312805176
883,61,3.5318875312805176
149,258,3.5318875312805176
706,245,3.5318875312805176
102,746,3.5318875312805176
315,276,3.5318875312805176
582,597,3.5318875312805176
453,33,3.5318875312805176
222,223,3.5318875312805176
378,559,3.5318875312805176
343,163,3.5318875312805176
225,172,3.5318875312805176
796,1076,3.5318875312805176
95,505,3.5318875312805176
423,690,3.5318875312805176
602,871,3.5318875312805176
129,288,3.5318875312805176
774,449,3.5318875312805176
230,371,3.5318875312805176
495,181,3.5318875312805176
621,559,3.5318875312805176
679,8,3.5318875312805176
202,286,3.5318875312805176
943,471,3.5318875312805176
22,386,3.5318875312805176
181,118,3.5318875312805176
374,88,3.5318875312805176
435,52,3.5318875312805176
437,417,3.5318875312805176
664,276,3.5318875312805176
403,405,3.5318875312805176
269,237,3.5318875312805176
38,69,3.5318875312805176
376,707,3.5318875312805176
268,780,3.5318875312805176
497,187,3.5318875312805176
896,358,3.5318875312805176
828,86,3.5318875312805176
593,79,3.5318875312805176
432,315,3.5318875312805176
504,693,3.5318875312805176
919,690,3.5318875312805176
299,435,3.5318875312805176
880,28,3.5318875312805176
405,57,3.5318875312805176
687,340,3.5318875312805176
360,523,3.5318875312805176
374,619,3.5318875312805176
361,514,3.5318875312805176
87,73,3.5318875312805176
833,127,3.5318875312805176
499,193,3.5318875312805176
456,101,3.5318875312805176
125,1036,3.5318875312805176
699,764,3.5318875312805176
778,712,3.5318875312805176
249,182,3.5318875312805176
299,381,3.5318875312805176
621,241,3.5318875312805176
92,101,3.5318875312805176
727,22,3.5318875312805176
889,60,3.5318875312805176
643,12,3.5318875312805176
169,495,3.5318875312805176
437,781,3.5318875312805176
877,226,3.5318875312805176
606,15,3.5318875312805176
10,698,3.5318875312805176
592,985,3.5318875312805176
399,1219,3.5318875312805176
938,1152,3.5318875312805176
66,1,3.5318875312805176
585,166,3.5318875312805176
269,417,3.5318875312805176
682,17,3.5318875312805176
880,636,3.5318875312805176
650,579,3.5318875312805176
354,515,3.5318875312805176
528,178,3.5318875312805176
5,421,3.5318875312805176
534,455,3.5318875312805176
60,173,3.5318875312805176
452,509,3.5318875312805176
536,416,3.5318875312805176
789,591,3.5318875312805176
224,686,3.5318875312805176
805,162,3.5318875312805176
399,232,3.5318875312805176
486,1322,3.5318875312805176
548,12,3.5318875312805176
279,977,3.5318875312805176
21,853,3.5318875312805176
249,175,3.5318875312805176
151,485,3.5318875312805176
301,758,3.5318875312805176
683,132,3.5318875312805176
659,241,3.5318875312805176
802,219,3.5318875312805176
488,480,3.5318875312805176
712,812,3.5318875312805176
881,202,3.5318875312805176
68,1028,3.5318875312805176
880,109,3.5318875312805176
660,219,3.5318875312805176
548,504,3.5318875312805176
457,436,3.5318875312805176
38,218,3.5318875312805176
891,476,3.5318875312805176
181,262,3.5318875312805176
391,12,3.5318875312805176
315,178,3.5318875312805176
472,100,3.5318875312805176
896,1220,3.5318875312805176
207,107,3.5318875312805176
303,550,3.5318875312805176
458,499,3.5318875312805176
453,423,3.5318875312805176
114,522,3.5318875312805176
13,363,3.5318875312805176
561,566,3.5318875312805176
612,100,3.5318875312805176
833,64,3.5318875312805176
194,117,3.5318875312805176
184,275,3.5318875312805176
201,358,3.5318875312805176
522,23,3.5318875312805176
506,28,3.5318875312805176
870,1134,3.5318875312805176
305,89,3.5318875312805176
91,527,3.5318875312805176
682,720,3.5318875312805176
566,88,3.5318875312805176
880,195,3.5318875312805176
179,362,3.5318875312805176
383,504,3.5318875312805176
79,10,3.5318875312805176
567,109,3.5318875312805176
177,689,3.5318875312805176
938,748,3.5318875312805176
376,328,3.5318875312805176
394,402,3.5318875312805176
504,418,3.5318875312805176
21,50,3.5318875312805176
262,931,3.5318875312805176
658,515,3.5318875312805176
144,478,3.5318875312805176
189,474,3.5318875312805176
364,325,3.5318875312805176
328,748,3.5318875312805176
711,959,3.5318875312805176
201,286,3.5318875312805176
851,147,3.5318875312805176
297,53,3.5318875312805176
499,539,3.5318875312805176
58,462,3.5318875312805176
846,216,3.5318875312805176
416,469,3.5318875312805176
218,762,3.5318875312805176
592,512,3.5318875312805176
758,1025,3.5318875312805176
37,546,3.5318875312805176
445,1014,3.5318875312805176
705,655,3.5318875312805176
554,79,3.5318875312805176
201,559,3.5318875312805176
932,67,3.5318875312805176
860,508,3.5318875312805176
686,170,3.5318875312805176
269,602,3.5318875312805176
13,109,3.5318875312805176
642,443,3.5318875312805176
284,751,3.5318875312805176
712,143,3.5318875312805176
852,121,3.5318875312805176
782,323,3.5318875312805176
336,186,3.5318875312805176
291,379,3.5318875312805176
52,250,3.5318875312805176
303,739,3.5318875312805176
457,240,3.5318875312805176
262,443,3.5318875312805176
882,568,3.5318875312805176
405,1266,3.5318875312805176
253,203,3.5318875312805176
169,211,3.5318875312805176
758,716,3.5318875312805176
712,173,3.5318875312805176
569,124,3.5318875312805176
514,778,3.5318875312805176
172,178,3.5318875312805176
514,98,3.5318875312805176
157,100,3.5318875312805176
650,151,3.5318875312805176
908,603,3.5318875312805176
496,921,3.5318875312805176
838,254,3.5318875312805176
637,127,3.5318875312805176
92,109,3.5318875312805176
320,68,3.5318875312805176
393,270,3.5318875312805176
429,357,3.5318875312805176
378,401,3.5318875312805176
865,547,3.5318875312805176
903,582,3.5318875312805176
919,327,3.5318875312805176
634,1008,3.5318875312805176
342,833,3.5318875312805176
536,167,3.5318875312805176
782,1142,3.5318875312805176
13,908,3.5318875312805176
910,597,3.5318875312805176
3,329,3.5318875312805176
167,1310,3.5318875312805176
890,489,3.5318875312805176
788,983,3.5318875312805176
450,142,3.5318875312805176
716,387,3.5318875312805176
815,471,3.5318875312805176
907,1220,3.5318875312805176
823,52,3.5318875312805176
653,204,3.5318875312805176
598,259,3.5318875312805176
115,177,3.5318875312805176
152,740,3.5318875312805176
794,242,3.5318875312805176
269,783,3.5318875312805176
315,654,3.5318875312805176
349,9,3.5318875312805176
151,231,3.5318875312805176
655,280,3.5318875312805176
795,265,3.5318875312805176
310,274,3.5318875312805176
6,22,3.5318875312805176
426,646,3.5318875312805176
618,168,3.5318875312805176
355,689,3.5318875312805176
276,182,3.5318875312805176
679,172,3.5318875312805176
393,195,3.5318875312805176
98,168,3.5318875312805176
197,684,3.5318875312805176
585,740,3.5318875312805176
823,209,3.5318875312805176
846,239,3.5318875312805176
479,205,3.5318875312805176
328,582,3.5318875312805176
558,19,3.5318875312805176
705,1043,3.5318875312805176
897,670,3.5318875312805176
207,319,3.5318875312805176
841,286,3.5318875312805176
694,1126,3.5318875312805176
722,597,3.5318875312805176
640,1054,3.5318875312805176
669,614,3.5318875312805176
524,584,3.5318875312805176
440,329,3.5318875312805176
16,69,3.5318875312805176
425,540,3.5318875312805176
804,257,3.5318875312805176
897,28,3.5318875312805176
684,66,3.5318875312805176
85,1074,3.5318875312805176
566,69,3.5318875312805176
128,258,3.5318875312805176
886,29,3.5318875312805176
885,237,3.5318875312805176
32,298,3.5318875312805176
422,126,3.5318875312805176
373,420,3.5318875312805176
210,181,3.5318875312805176
250,123,3.5318875312805176
269,886,3.5318875312805176
186,406,3.5318875312805176
496,417,3.5318875312805176
66,286,3.5318875312805176
401,154,3.5318875312805176
38,616,3.5318875312805176
257,50,3.5318875312805176
201,59,3.5318875312805176
239,175,3.5318875312805176
880,881,3.5318875312805176
11,121,3.5318875312805176
913,269,3.5318875312805176
306,289,3.5318875312805176
21,324,3.5318875312805176
258,286,3.5318875312805176
311,204,3.5318875312805176
344,106,3.5318875312805176
247,300,3.5318875312805176
851,1051,3.5318875312805176
428,896,3.5318875312805176
22,216,3.5318875312805176
790,393,3.5318875312805176
892,417,3.5318875312805176
436,925,3.5318875312805176
343,252,3.5318875312805176
524,647,3.5318875312805176
919,98,3.5318875312805176
210,152,3.5318875312805176
299,114,3.5318875312805176
833,249,3.5318875312805176
795,121,3.5318875312805176
312,526,3.5318875312805176
854,302,3.5318875312805176
190,7,3.5318875312805176
537,327,3.5318875312805176
627,553,3.5318875312805176
788,125,3.5318875312805176
666,647,3.5318875312805176
467,269,3.5318875312805176
715,98,3.5318875312805176
158,285,3.5318875312805176
536,474,3.5318875312805176
211,300,3.5318875312805176
407,163,3.5318875312805176
622,79,3.5318875312805176
716,604,3.5318875312805176
864,1217,3.5318875312805176
42,194,3.5318875312805176
480,169,3.5318875312805176
345,220,3.5318875312805176
514,81,3.5318875312805176
385,650,3.5318875312805176
804,33,3.5318875312805176
577,97,3.5318875312805176
495,234,3.5318875312805176
173,269,3.5318875312805176
416,619,3.5318875312805176
116,539,3.5318875312805176
623,227,3.5318875312805176
936,127,3.5318875312805176
897,849,3.5318875312805176
96,435,3.5318875312805176
761,840,3.5318875312805176
551,91,3.5318875312805176
380,923,3.5318875312805176
790,1044,3.5318875312805176
869,298,3.5318875312805176
836,900,3.5318875312805176
894,979,3.5318875312805176
399,545,3.5318875312805176
257,151,3.5318875312805176
796,22,3.5318875312805176
188,769,3.5318875312805176
588,98,3.5318875312805176
838,83,3.5318875312805176
378,550,3.5318875312805176
4,301,3.5318875312805176
294,544,3.5318875312805176
164,331,3.5318875312805176
487,202,3.5318875312805176
326,515,3.5318875312805176
537,50,3.5318875312805176
455,629,3.5318875312805176
342,764,3.5318875312805176
174,780,3.5318875312805176
719,890,3.5318875312805176
276,959,3.5318875312805176
764,70,3.5318875312805176
398,495,3.5318875312805176
113,242,3.5318875312805176
642,969,3.5318875312805176
201,144,3.5318875312805176
231,1,3.5318875312805176
330,22,3.5318875312805176
60,511,3.5318875312805176
5,445,3.5318875312805176
666,127,3.5318875312805176
506,538,3.5318875312805176
347,686,3.5318875312805176
189,486,3.5318875312805176
308,432,3.5318875312805176
553,646,3.5318875312805176
585,463,3.5318875312805176
504,143,3.5318875312805176
868,432,3.5318875312805176
393,51,3.5318875312805176
107,321,3.5318875312805176
299,462,3.5318875312805176
13,862,3.5318875312805176
593,966,3.5318875312805176
820,343,3.5318875312805176
392,250,3.5318875312805176
301,79,3.5318875312805176
492,1121,3.5318875312805176
328,568,3.5318875312805176
151,420,3.5318875312805176
253,96,3.5318875312805176
7,546,3.5318875312805176
251,147,3.5318875312805176
721,681,3.5318875312805176
244,1188,3.5318875312805176
508,219,3.5318875312805176
900,31,3.5318875312805176
95,95,3.5318875312805176
225,22,3.5318875312805176
694,520,3.5318875312805176
393,125,3.5318875312805176
521,17,3.5318875312805176
276,67,3.5318875312805176
930,151,3.5318875312805176
592,521,3.5318875312805176
894,1009,3.5318875312805176
639,356,3.5318875312805176
280,11,3.5318875312805176
606,530,3.5318875312805176
935,15,3.5318875312805176
551,66,3.5318875312805176
659,172,3.5318875312805176
92,202,3.5318875312805176
556,496,3.5318875312805176
381,49,3.5318875312805176
55,144,3.5318875312805176
389,486,3.5318875312805176
438,148,3.5318875312805176
223,322,3.5318875312805176
151,1,3.5318875312805176
267,554,3.5318875312805176
169,181,3.5318875312805176
268,238,3.5318875312805176
267,216,3.5318875312805176
658,511,3.5318875312805176
458,582,3.5318875312805176
334,209,3.5318875312805176
349,100,3.5318875312805176
916,1268,3.5318875312805176
649,257,3.5318875312805176
932,606,3.5318875312805176
388,300,3.5318875312805176
427,1296,3.5318875312805176
669,12,3.5318875312805176
224,258,3.5318875312805176
776,182,3.5318875312805176
907,25,3.5318875312805176
100,328,3.5318875312805176
327,204,3.5318875312805176
864,194,3.5318875312805176
695,343,3.5318875312805176
653,197,3.5318875312805176
655,233,3.5318875312805176
308,634,3.5318875312805176
381,120,3.5318875312805176
286,411,3.5318875312805176
647,134,3.5318875312805176
731,127,3.5318875312805176
230,234,3.5318875312805176
715,95,3.5318875312805176
535,44,3.5318875312805176
151,210,3.5318875312805176
198,820,3.5318875312805176
201,134,3.5318875312805176
532,147,3.5318875312805176
267,214,3.5318875312805176
566,8,3.5318875312805176
49,423,3.5318875312805176
201,505,3.5318875312805176
1,252,3.5318875312805176
151,168,3.5318875312805176
146,307,3.5318875312805176
216,298,3.5318875312805176
360,69,3.5318875312805176
42,467,3.5318875312805176
416,761,3.5318875312805176
588,934,3.5318875312805176
147,269,3.5318875312805176
537,990,3.5318875312805176
531,892,3.5318875312805176
806,14,3.5318875312805176
508,209,3.5318875312805176
293,582,3.5318875312805176
429,161,3.5318875312805176
312,121,3.5318875312805176
712,172,3.5318875312805176
399,550,3.5318875312805176
296,659,3.5318875312805176
892,288,3.5318875312805176
716,160,3.5318875312805176
342,975,3.5318875312805176
334,405,3.5318875312805176
593,366,3.5318875312805176
862,472,3.5318875312805176
56,423,3.5318875312805176
457,588,3.5318875312805176
367,333,3.5318875312805176
887,318,3.5318875312805176
262,1054,3.5318875312805176
117,151,3.5318875312805176
198,655,3.5318875312805176
7,483,3.5318875312805176
207,129,3.5318875312805176
844,24,3.5318875312805176
341,881,3.5318875312805176
933,160,3.5318875312805176
298,311,3.5318875312805176
551,218,3.5318875312805176
844,7,3.5318875312805176
305,203,3.5318875312805176
13,230,3.5318875312805176
821,597,3.5318875312805176
568,475,3.5318875312805176
387,109,3.5318875312805176
643,715,3.5318875312805176
154,302,3.5318875312805176
638,636,3.5318875312805176
747,17,3.5318875312805176
201,123,3.5318875312805176
500,50,3.5318875312805176
782,894,3.5318875312805176
682,924,3.5318875312805176
488,205,3.5318875312805176
203,100,3.5318875312805176
279,16,3.5318875312805176
533,580,3.5318875312805176
152,1053,3.5318875312805176
715,367,3.5318875312805176
890,1065,3.5318875312805176
323,294,3.5318875312805176
843,563,3.5318875312805176
559,265,3.5318875312805176
450,1020,3.5318875312805176
57,1095,3.5318875312805176
468,237,3.5318875312805176
192,125,3.5318875312805176
909,300,3.5318875312805176
804,24,3.5318875312805176
880,298,3.5318875312805176
457,1012,3.5318875312805176
424,681,3.5318875312805176
44,151,3.5318875312805176
234,173,3.5318875312805176
625,181,3.5318875312805176
201,1425,3.5318875312805176
334,902,3.5318875312805176
326,519,3.5318875312805176
311,654,3.5318875312805176
896,470,3.5318875312805176
270,727,3.5318875312805176
880,187,3.5318875312805176
571,69,3.5318875312805176
17,628,3.5318875312805176
255,672,3.5318875312805176
145,869,3.5318875312805176
337,392,3.5318875312805176
608,100,3.5318875312805176
881,1089,3.5318875312805176
827,272,3.5318875312805176
631,346,3.5318875312805176
537,47,3.5318875312805176
618,729,3.5318875312805176
634,125,3.5318875312805176
632,720,3.5318875312805176
758,211,3.5318875312805176
804,68,3.5318875312805176
768,100,3.5318875312805176
698,1,3.5318875312805176
523,289,3.5318875312805176
25,419,3.5318875312805176
318,63,3.5318875312805176
878,699,3.5318875312805176
606,1149,3.5318875312805176
297,574,3.5318875312805176
919,319,3.5318875312805176
345,708,3.5318875312805176
307,230,3.5318875312805176
92,307,3.5318875312805176
20,1,3.5318875312805176
655,1167,3.5318875312805176
749,969,3.5318875312805176
7,423,3.5318875312805176
798,231,3.5318875312805176
935,284,3.5318875312805176
104,333,3.5318875312805176
207,826,3.5318875312805176
263,1,3.5318875312805176
378,280,3.5318875312805176
254,699,3.5318875312805176
870,505,3.5318875312805176
435,154,3.5318875312805176
10,133,3.5318875312805176
437,191,3.5318875312805176
472,577,3.5318875312805176
718,273,3.5318875312805176
455,204,3.5318875312805176
184,1121,3.5318875312805176
585,30,3.5318875312805176
943,230,3.5318875312805176
96,153,3.5318875312805176
660,1074,3.5318875312805176
293,17,3.5318875312805176
500,735,3.5318875312805176
40,259,3.5318875312805176
280,232,3.5318875312805176
560,50,3.5318875312805176
610,484,3.5318875312805176
804,153,3.5318875312805176
867,258,3.5318875312805176
698,153,3.5318875312805176
152,117,3.5318875312805176
486,304,3.5318875312805176
567,487,3.5318875312805176
121,25,3.5318875312805176
621,55,3.5318875312805176
226,258,3.5318875312805176
416,420,3.5318875312805176
524,402,3.5318875312805176
154,515,3.5318875312805176
271,81,3.5318875312805176
198,690,3.5318875312805176
782,301,3.5318875312805176
752,589,3.5318875312805176
15,405,3.5318875312805176
763,1180,3.5318875312805176
196,306,3.5318875312805176
765,283,3.5318875312805176
882,841,3.5318875312805176
234,625,3.5318875312805176
504,403,3.5318875312805176
276,919,3.5318875312805176
363,1007,3.5318875312805176
228,56,3.5318875312805176
731,15,3.5318875312805176
378,792,3.5318875312805176
313,203,3.5318875312805176
617,1021,3.5318875312805176
533,177,3.5318875312805176
631,873,3.5318875312805176
716,56,3.5318875312805176
642,407,3.5318875312805176
330,31,3.5318875312805176
805,729,3.5318875312805176
597,250,3.5318875312805176
288,205,3.5318875312805176
487,288,3.5318875312805176
41,170,3.5318875312805176
103,1089,3.5318875312805176
690,663,3.5318875312805176
442,436,3.5318875312805176
303,518,3.5318875312805176
85,53,3.5318875312805176
537,399,3.5318875312805176
246,402,3.5318875312805176
796,810,3.5318875312805176
378,739,3.5318875312805176
411,655,3.5318875312805176
221,346,3.5318875312805176
807,403,3.5318875312805176
96,484,3.5318875312805176
669,517,3.5318875312805176
150,100,3.5318875312805176
561,1010,3.5318875312805176
541,627,3.5318875312805176
44,123,3.5318875312805176
524,516,3.5318875312805176
280,203,3.5318875312805176
666,613,3.5318875312805176
445,1008,3.5318875312805176
13,747,3.5318875312805176
138,111,3.5318875312805176
276,9,3.5318875312805176
897,294,3.5318875312805176
623,216,3.5318875312805176
293,64,3.5318875312805176
892,67,3.5318875312805176
43,321,3.5318875312805176
897,436,3.5318875312805176
533,215,3.5318875312805176
91,498,3.5318875312805176
450,65,3.5318875312805176
698,526,3.5318875312805176
709,56,3.5318875312805176
10,479,3.5318875312805176
7,623,3.5318875312805176
933,184,3.5318875312805176
614,546,3.5318875312805176
499,100,3.5318875312805176
172,1134,3.5318875312805176
339,566,3.5318875312805176
347,1291,3.5318875312805176
805,419,3.5318875312805176
64,194,3.5318875312805176
500,831,3.5318875312805176
649,471,3.5318875312805176
619,96,3.5318875312805176
514,301,3.5318875312805176
1,184,3.5318875312805176
653,157,3.5318875312805176
665,181,3.5318875312805176
757,270,3.5318875312805176
693,88,3.5318875312805176
704,611,3.5318875312805176
380,631,3.5318875312805176
606,472,3.5318875312805176
271,148,3.5318875312805176
896,25,3.5318875312805176
768,237,3.5318875312805176
128,729,3.5318875312805176
532,1407,3.5318875312805176
128,505,3.5318875312805176
505,435,3.5318875312805176
457,631,3.5318875312805176
850,742,3.5318875312805176
450,174,3.5318875312805176
406,163,3.5318875312805176
655,134,3.5318875312805176
665,98,3.5318875312805176
290,243,3.5318875312805176
201,99,3.5318875312805176
892,436,3.5318875312805176
586,1218,3.5318875312805176
933,183,3.5318875312805176
329,11,3.5318875312805176
221,1407,3.5318875312805176
903,317,3.5318875312805176
79,7,3.5318875312805176
429,48,3.5318875312805176
774,448,3.5318875312805176
624,294,3.5318875312805176
795,1199,3.5318875312805176
378,70,3.5318875312805176
653,771,3.5318875312805176
246,133,3.5318875312805176
758,441,3.5318875312805176
312,188,3.5318875312805176
361,156,3.5318875312805176
618,939,3.5318875312805176
102,210,3.5318875312805176
795,473,3.5318875312805176
479,22,3.5318875312805176
95,649,3.5318875312805176
454,504,3.5318875312805176
790,1183,3.5318875312805176
530,220,3.5318875312805176
144,172,3.5318875312805176
921,720,3.5318875312805176
833,186,3.5318875312805176
601,259,3.5318875312805176
576,475,3.5318875312805176
102,70,3.5318875312805176
847,234,3.5318875312805176
637,301,3.5318875312805176
170,304,3.5318875312805176
416,220,3.5318875312805176
473,242,3.5318875312805176
409,1093,3.5318875312805176
632,318,3.5318875312805176
325,319,3.5318875312805176
795,546,3.5318875312805176
216,231,3.5318875312805176
343,276,3.5318875312805176
437,475,3.5318875312805176
284,322,3.5318875312805176
222,200,3.5318875312805176
